Birds,chick,dove,duck,flamingo,hummingbird,ostrich,owl,parrot,peacock,pelican,penguin,pigeons,rooster,seagull,swan,turkey,vulture,woodpecker
0.0100082,-0.01934575,-0.0021426184,-0.033401374,0.021415716,-0.020328749,0.02762904,-0.005332868,-0.004939402,-0.0071984828,-0.028372908,-0.018570816,0.0024244168,-0.02141261,-0.02818476,0.04274727,-0.063992426,0.06520227,0.028284732
0.027208699,0.020439418,-0.0040796753,0.035845164,0.034144223,0.008423481,-0.032911062,0.016857171,-0.0031450125,-0.0048215375,0.057809882,-0.0107477335,0.050243016,-0.022054505,0.044326317,0.0029341504,-0.00739016,0.0110902535,0.06357498
0.069295906,0.03553804,-0.043116275,0.010901416,0.02170195,0.060604654,0.023399405,0.042038906,0.010754705,0.076896146,0.0663273,-0.0029146853,0.060784973,0.05665344,0.07385281,0.06687467,0.06313302,0.05900926,0.040726606
0.012780524,0.032646727,-0.038983736,0.049987677,-0.03107336,-0.02236961,0.05370566,0.0023344937,-0.009371147,0.0044208923,0.0034186544,0.0052456674,0.010304686,0.04737019,-0.032985687,0.019674594,-0.023993539,-0.021570953,-0.01533177
0.0021582702,-0.012282783,0.06874575,0.0584853,-0.013509764,0.04607212,0.037241526,0.061556175,0.04934232,0.07486757,0.048036497,-0.041292906,0.0631015,0.044372503,0.068434216,0.06614493,-0.039358635,0.07306106,-0.017302101
0.0153195765,0.043873046,-0.071225196,0.056902636,0.024159128,0.04154782,0.023087963,-0.06163361,0.062458176,0.074377,-0.0313159,0.01278096,-0.06891618,-0.02179872,0.020895105,-0.017606126,0.06540565,-0.053115662,0.07284405
-0.0077484893,0.06109655,-0.021846654,0.04945659,0.063460246,-0.0018859917,0.027020387,-0.004718259,-0.04300118,0.032383144,0.071253195,-0.004448642,0.059010204,-0.041009005,0.053092327,0.05533548,0.07154152,0.010760306,-0.030426655
-0.0484459,-0.018604387,-0.022946076,-0.019517386,-0.019049324,0.019090172,-0.031463042,-0.005304091,-0.022355814,-0.010757712,0.029079342,0.00081885216,-0.04557507,-0.011262454,0.015205073,-0.019885594,-0.01380233,0.0046598115,0.07470314
-0.07760635,0.012027188,0.044600327,0.025827236,-0.004614483,-0.006675561,-0.0024308409,-0.02897213,0.06534994,0.03630479,-0.05216041,0.00043131132,-0.07338002,0.01886093,0.016359666,0.023140911,-0.022165095,-0.010163937,-0.0288433
0.071118645,0.016186979,0.06067149,0.05504522,0.031349912,0.060853016,0.0651748,0.040798575,0.06105213,-0.0071590776,-0.055860814,0.03877311,0.060582984,0.017938107,-0.01946416,0.021374715,-0.01553719,0.0003933173,0.07136902
0.07957972,0.021806728,0.035788015,0.06380645,0.069595315,0.068548925,0.074173026,0.07333642,0.07737644,0.0715565,0.05241268,0.06864774,0.07412497,0.07077298,0.028628789,0.07805442,-0.03666958,0.08271175,0.0794463
0.018892847,0.015278358,-0.049641307,0.008484932,0.013873425,0.035351522,0.06798965,0.04451718,0.050402287,0.0772109,-0.011365046,-0.04411432,0.023923606,-0.010167387,-0.028524164,-0.028796725,0.005278578,0.06319677,-0.034748144
-0.030918287,-0.009583398,0.02270519,0.038293656,0.0010609997,0.04834843,0.01118783,0.029785994,-0.040809046,0.035548113,-0.009636918,-0.012194903,-0.004983929,-0.027171189,-0.018783366,0.02194323,0.0145445345,-0.044600997,-0.035041396
-0.034258448,-0.051808577,0.040378325,-0.06505733,-0.021695195,-0.032950167,0.02415759,-0.0404623,0.03557334,0.020072317,-0.042952538,-0.014808716,-0.044340968,0.048897266,-0.012723597,0.0016084253,-0.055169888,-0.016443959,0.020007677
-0.047670614,-0.07708279,-0.0456192,-0.062673315,0.008491479,-0.060004156,-0.0062257866,-0.07324752,-0.038164392,0.05993164,-0.030828059,-0.01763636,-0.036946863,0.010163141,-0.008848383,-0.039001863,-0.07418622,0.012606614,0.016013889
-0.039943147,-0.06314954,0.04877912,-0.026276544,0.016067252,0.009185975,-0.059529874,0.0096864775,-0.018823197,-0.005439591,0.005242337,-0.044171613,-0.016351836,-0.005986838,-0.026064545,-0.012785446,-0.035556078,-0.009586074,-0.031429645
0.046244357,0.048062645,-0.022659356,0.0621276,0.030195583,0.029268641,0.045661714,0.063142516,0.059067223,0.08213573,0.03746534,0.039891884,0.026760133,0.007058521,0.07333799,0.059464365,0.025188206,0.05061176,0.020898286
-0.023315191,0.013542536,0.015476253,0.067818224,0.01225949,0.0018119797,0.034542426,0.022296043,-0.025367405,0.010476873,0.038676623,0.008949847,0.03614841,0.044662066,-0.017707676,0.008826769,0.05593721,-0.031425036,0.022415828
-0.022399584,-0.031782713,0.012452406,0.058439292,-0.024797017,-0.050264657,-0.0017360586,0.026218968,0.04073011,-0.003948158,-0.0636066,0.033311903,-0.06663466,0.049069285,0.017377485,0.0494113,-0.03938093,-0.013817154,-0.010234298
-0.06500479,-0.07256923,-0.034037612,-0.06574346,-0.0016889033,-0.025273561,-0.042145707,-0.063655406,-0.033549517,0.0039496357,-0.03144399,-0.050649643,-0.036782254,0.021046715,-0.054406703,-0.06896051,-0.019740067,0.020943074,-0.019486802
0.061546013,0.033914156,0.04542542,0.027878411,-0.026191823,0.00057926157,-0.008307931,0.014355917,-0.009614696,0.013657555,0.04183025,0.054345623,0.042969156,-0.023855343,0.04001861,0.047135662,0.052988034,0.0034146763,-0.028937617
0.026552225,-0.0063897236,-0.037371125,0.0675735,-0.048514545,0.008891445,0.041675527,0.06297728,0.046724215,-0.032004565,0.066188574,0.035467077,0.03678544,0.047231,0.038556572,0.037412792,0.065891884,-0.039772246,0.06813236
0.009446093,-0.051185925,0.057436176,-0.03762986,-0.008604749,0.053114094,0.02075016,-0.002058099,-0.024486499,-0.016744584,-0.0067344382,-0.031208357,-0.0018728275,-0.017934185,-0.02254729,0.017435217,0.022108788,0.02019946,0.04128762
0.0034660401,-0.05672309,-0.06374031,-0.038979974,0.067633726,0.040400706,0.0006442015,-0.005498381,0.028375292,-0.04202554,0.0024074828,0.04013788,-0.011833186,-0.074178256,0.00945463,-0.006552525,-0.018354481,-0.04603489,-0.044308055
-0.06673581,-0.039077055,-0.05665008,-0.028938074,0.039834976,-0.072566,-0.03219191,-0.06487295,-0.07289348,-0.035911478,-0.04503859,0.030179951,-0.050810996,-0.017641084,-0.04973857,-0.03761262,-0.035243876,0.017516527,-0.07549789
-0.009555757,-0.021666478,0.022673037,-0.07528844,0.06392727,-0.019819776,-0.005332261,0.0065888367,0.022281906,0.051052526,-0.028023375,-0.045896087,0.07175087,0.06724628,0.06784361,0.064595364,-0.068600334,-0.012720323,0.006237608
-0.0607475,-0.07167292,0.002447529,0.048167955,-0.027994586,-0.06848738,-0.07882831,-0.06578074,0.006725804,-0.06628327,0.006457863,-0.05176902,0.017165389,-0.080026716,-0.06369967,-0.05746889,-0.057309132,-0.060838137,0.030997982
-0.058875892,-0.04251745,-0.017396076,-0.012635183,-0.0060094935,-0.040264945,-0.026742851,-0.023543883,-0.036196973,-0.06554332,-0.02519689,0.017434819,-0.061757695,0.021763394,-0.016587937,-0.029355574,-0.020916712,-0.0077274116,-0.052731454
0.028974112,-0.019895129,-0.00010965484,-0.027344987,0.007970687,0.0045535467,-0.053415187,-0.047305174,0.06586267,0.024606831,-0.03380628,0.03905897,-0.023416251,0.049924307,-0.05019798,0.0408935,0.051026344,-0.006231161,0.019252464
0.046555538,0.025778791,0.034741625,0.0052180933,0.038445707,0.02766405,-0.04798856,0.0074437116,0.013939774,0.05543056,0.022772333,-0.014351284,0.058779515,0.022929918,0.002969267,0.04166008,0.027910495,0.07467332,-0.030615088
0.012061633,-0.016752206,-0.050258562,0.06663007,0.050380673,-0.0031636239,0.052848276,0.06197338,0.051451843,0.07574442,-0.051142864,0.06567635,0.05814664,0.007955196,-0.00839206,0.0013639996,-0.062694676,-0.04755267,-0.020997725
-0.054872207,-0.023122225,-0.021907594,0.027635096,0.00845729,-0.032439027,-0.023672363,-0.04380379,0.04499199,-0.018464737,-0.030651832,-0.0157685,-0.052692838,0.06880385,-0.066061914,0.018910438,0.013310093,-0.020235524,-0.00840856
-0.06888559,0.016001657,-0.004652107,-0.0032604502,0.043418415,-0.0722952,-0.014507591,-0.03716233,-0.037638355,-0.03485442,-0.054400098,-0.004119131,-0.059260674,-0.059733633,0.023161585,-0.046499934,-0.005615035,-0.03043994,-0.069846004
0.08380949,0.07656528,0.0700736,0.06564878,0.069341,0.08354439,0.07916856,0.07806399,0.08039068,0.05324819,0.07486349,0.08108697,0.07463303,0.06818639,0.0742059,0.058259644,0.07225731,0.07284631,0.08073319
0.05428052,0.072418585,-0.04644182,0.058299717,-0.04378887,-0.0176955,0.023457767,-0.038294915,-0.048419476,-0.0043937033,-0.022470804,-0.019298425,0.019044233,0.026707552,-0.008440281,-0.027950123,0.062127277,0.04059531,-0.039096605
0.03659374,0.036595933,0.0664337,-0.052043013,-0.0140985055,0.041077327,-0.061379403,-0.021607973,0.058107834,-0.06170824,-0.056333106,-0.05920451,0.05856368,0.046962075,0.06672476,-0.067047484,0.012823332,0.007002891,0.025463117
0.022286039,0.015281541,0.013338142,-0.01815056,-0.032985754,-0.007973598,-0.061771978,-0.0004936702,0.045924515,-0.029902393,0.011107349,0.015171289,0.021526204,0.061764345,0.022828622,-0.0070908903,-0.015201767,0.010103818,-0.023102801
0.015562627,0.014450526,0.04530282,-0.0122519955,0.016459843,0.03794015,0.07011909,0.046159394,-0.032831807,0.006232683,0.07610342,0.045352932,0.031142505,0.021675546,0.06684183,0.042451013,0.063661754,0.0741762,0.061970215
-0.0066618943,-0.019739475,-0.051537402,0.06069328,0.047208697,0.0010975077,0.012320723,0.06471196,-0.052632254,-0.033147726,-0.034989357,-0.06589694,-0.007734409,0.035820164,0.038170256,-0.050076716,-0.033364758,-0.04812965,0.009748848
0.042686757,0.05855988,0.05071966,-0.03232809,0.034317326,0.06903614,0.03677511,-0.0051396126,-0.025892192,0.02206104,0.07524504,-0.02500447,0.067439444,0.06714604,0.06416,-0.0038723848,-0.03906874,0.0159354,0.042675022
-0.005081189,-0.011801972,-0.05684988,0.009249935,0.037797816,0.0019217646,0.04680516,-0.013343231,-0.024039999,0.06501413,0.041160706,-0.001521976,-0.031675804,0.029984968,-0.06107008,-0.038958613,-0.05655247,0.03873459,-0.039779987
0.029763486,-0.004221745,0.01941629,-0.013276423,-0.052020058,0.04021285,-0.045086153,0.06409376,-0.041146357,-0.009860637,0.04033699,-0.009000934,-0.020773642,-0.020022074,-0.024057133,-0.013861495,-0.0069547556,0.041073207,0.023312608
-0.029952489,0.0068460833,-0.072654024,-0.004867929,-0.005944661,-0.06876159,0.030113589,0.035002936,0.0025869345,0.028272234,-0.056701705,0.010548347,0.0060251006,0.06258546,0.029075969,-0.012533128,0.030130401,-0.001159938,0.026903888
-0.035625625,-0.0602432,0.0073777935,-0.064228505,-0.04137497,-0.05607956,0.0059422026,-0.040755272,-0.040454976,-0.04692048,-0.046687588,-0.019744346,-0.055211093,-0.05820543,-0.0686754,-0.020698685,0.011395179,-0.032912284,-0.070457235
-0.0841125,-0.07182394,-0.02430594,-0.08064307,-0.08543578,-0.08368617,-0.08129609,-0.07814116,-0.080382645,-0.08538657,-0.08130655,-0.08220304,-0.07693652,-0.08125278,-0.07844838,-0.08300275,-0.057974536,-0.083807126,-0.08839598
-0.07910351,0.04472007,-0.07096963,-0.070589855,0.0141795445,-0.015188101,-0.0050808913,-0.022917174,-0.00026627863,-0.07156351,-0.047693986,-0.071818404,-0.05883632,-0.039852105,-0.023363544,-0.07434254,0.03373029,-0.059712388,-0.06446548
-0.022392092,-0.0016157465,-0.07201722,-0.04299253,-0.03840747,-0.033123516,-0.047309123,-0.03596665,-0.011741973,-0.033029597,-0.056481402,0.0024387222,-0.061368387,-0.023633434,-0.033256806,-0.027108712,-0.012640358,-0.05917911,-0.048894957
0.014386687,0.008342522,0.07185488,0.034645453,0.06297483,0.0350218,-0.01821521,0.018319024,-0.03473904,0.041452456,0.024093866,-0.03265921,0.040175617,0.05952699,0.059186168,0.063115574,0.04309851,-0.02704756,-0.015827153
0.0026780197,-0.010802573,0.04257025,0.0067524347,0.08331978,0.053821437,-0.056473754,0.0074050007,0.042681977,0.04126131,-0.01168562,-0.013784253,0.070115805,-0.0459615,0.043051813,-0.04125624,-0.04109847,0.050500773,0.014094501
0.029229214,0.017468527,0.04704637,0.069646135,0.054446094,0.06896828,0.065134384,0.020136354,0.020894226,0.06375973,0.078538164,0.04590048,0.033601716,0.03238785,0.045889784,0.054379888,-0.0055699893,0.08298667,0.055452388
0.083735295,0.063128114,0.06977485,0.07558791,0.08559087,0.08308515,0.08050645,0.078127325,0.07971279,0.08492742,0.077174686,0.08183027,0.07606779,0.07860063,0.076955296,0.084840104,0.014090475,0.082502864,0.08586784
-0.035834577,0.02525278,0.003997257,-0.042015195,-0.06261698,-0.054634266,-0.04259943,-0.043368846,-0.04228734,-0.017386705,-0.04804156,-0.025153521,-0.019237729,-0.021932976,-0.0021740687,-0.038013995,-0.04022315,-0.04952308,-0.0031937922
0.06975922,0.07867575,0.05772151,0.07585851,0.056938205,0.042853147,0.073398866,0.074595466,0.062202815,0.07339839,0.04116643,0.081196934,0.06896698,0.073988326,0.0650717,0.07132171,0.072391614,0.040820878,0.07588247
0.0022194225,0.050577916,0.006487176,0.05809664,0.05808166,0.0617488,0.07628561,0.061059654,0.056158584,0.0449153,-0.019170819,0.057009112,0.025365705,0.057463657,0.018395336,-0.03197926,0.07431862,-0.0026094601,0.029724466
-0.00051559875,0.0116671,0.048661057,0.0027593973,-0.06427068,-0.050325222,-0.02340703,-0.037879705,0.025519064,-0.050884873,-0.06528949,-0.06127379,-0.07143278,-0.0013798492,-0.06647245,0.014924759,-0.037582282,-0.062496718,0.05149472
-0.061032757,-0.056903176,-0.0737448,-0.05398908,-0.059224583,-0.07941923,0.0210311,-0.071714446,-0.06552463,-0.018447844,-0.023283044,-0.017605593,-0.068706185,0.016804235,-0.074909575,-0.07948929,0.079626404,-0.019263256,-0.037144847
-0.063457064,-0.040366117,0.058782924,0.013335297,0.054983925,0.034794968,0.03872655,0.010920411,0.04943079,0.0032327138,0.0106363725,0.04900503,-0.007906096,-0.0060081715,0.008556999,0.021231042,0.009089804,0.04167236,0.023908615
-0.08227798,-0.031702004,-0.009338355,-0.074576624,-0.07914151,-0.05837993,-0.05827636,-0.027026126,-0.07566818,-0.07486877,-0.02261916,-0.02041262,-0.07311962,-0.049873423,-0.04408925,-0.08337821,0.05933229,-0.05657903,-0.083679974
0.042541675,0.06176089,0.045142964,-0.005072849,0.0716968,0.05109204,0.027238652,0.07034095,0.06065286,0.05122718,0.07615756,0.03453766,0.048126798,0.06854708,0.06924632,0.030962989,0.050473485,0.05449546,0.05127673
-0.083460346,-0.00832032,-0.04527834,-0.04158264,-0.07794766,-0.07701479,-0.0802176,-0.07862859,-0.07737171,-0.08375086,-0.07751719,-0.06809993,-0.0751827,-0.07881314,-0.07545167,-0.079852805,-0.0150139,-0.08110302,-0.06358659
0.008809824,-0.087120086,-0.027080437,0.04208896,-0.030177033,-0.048452556,-0.016727362,0.06252327,0.04098717,0.0008934301,0.044855323,0.031223457,-0.046088766,0.030255545,0.048421156,-0.06595431,-0.024895698,0.010466143,0.033196233
-0.02852165,0.05289506,-0.024475576,0.039590042,-0.012495746,-0.04785703,-0.038841646,-0.06762862,0.022866368,-0.020605862,0.010463835,-0.07171727,0.06415663,0.053319946,0.061693493,0.028245788,0.070138134,0.058407936,-0.049773756
-0.053455476,-0.082297586,0.001001828,-0.061890695,0.0048758117,-0.03552707,-0.048345644,-0.07157554,-0.0793348,-0.0077867564,-0.008570237,-0.027187483,-0.023554329,-0.045604933,-0.06856582,-0.043752268,0.07123463,-0.06271713,-0.03736619
0.045838922,0.06908685,0.047378223,0.048801344,0.04901415,0.028963625,-0.016587216,0.04154588,0.06474506,0.047060102,0.0601684,0.029483598,0.058180943,0.064833134,0.016755713,0.022664042,0.046781614,-0.0012246206,0.035233784
0.05098241,-0.0049000112,0.058367047,0.053756863,0.041142486,-0.035771407,-0.06517204,0.03663662,0.042933084,0.01699048,0.03941225,0.061670057,0.06449454,0.030783962,-0.034724075,-0.0031237048,0.074154936,-0.008017038,-0.023462653
0.0620796,0.034263585,0.040641557,0.048236385,0.044876996,0.02748368,0.05070273,0.013647693,0.05105469,0.030994324,0.052323494,0.06289511,0.040501267,0.011587169,-0.0028050567,-0.012945537,0.053953227,0.010006052,0.043085914
-0.047739506,-0.041235723,-0.02180356,0.030912647,0.00995964,0.013789052,-0.0110226665,-0.04551641,-0.006366509,-0.014959459,-0.06526393,-0.051818024,0.002421404,-0.039621897,-0.008832491,-0.028644918,-0.040261574,-0.058328707,-0.020444157
-0.03126025,-0.043133657,0.007184381,-0.004748016,-0.025666995,0.063074075,-0.047942415,0.030072547,-0.019802263,0.008893313,0.030993234,0.044794105,0.021728445,-0.07805539,0.048312657,-0.0042767804,-0.052247785,-0.03133889,0.0032010647
0.06693928,0.04576491,0.048543744,-0.039006364,0.017068496,0.012245404,0.0024158277,0.056799624,-0.043677505,0.030330943,0.03419657,-0.01646955,0.030563174,0.064053364,0.023306131,0.034596507,0.06284778,-0.03145249,-0.0109103685
0.008333518,0.011169972,0.058824457,0.0025323997,0.06514971,0.034686748,-0.0020378428,0.049258027,-0.024415214,0.050640926,0.019998293,0.022911899,0.021186065,-0.046883825,0.034781355,0.05101205,-0.011676223,0.06921838,0.0101885535
-0.07992031,-0.049135596,-0.07627272,-0.05381595,-0.05752954,-0.06754067,-0.06361937,-0.07746089,-0.029289287,-0.06124447,-0.07016537,-0.060785234,-0.07600007,-0.004318602,-0.0775093,-0.047957093,-0.040153105,-0.061805725,-0.07569793
-0.009475326,-0.012959533,-0.017165612,0.064507484,-0.018638955,-0.0413429,0.016529316,0.004460552,0.010019095,0.009512186,0.047340233,0.012368889,-0.006916667,-0.047280263,-0.020236049,0.017993115,0.0049188146,-0.031101545,-0.0012392857
-0.06268202,-0.040770486,-0.07708722,0.059317436,0.08189149,-0.0055209724,-0.050500765,-0.07177425,-0.051804814,0.026613913,0.05497402,-0.022928257,-0.020538619,0.036672443,-0.019834043,0.006368316,-0.04078332,0.035742395,-0.004265329
-0.0324696,-0.03117826,-0.0146748815,-0.024252199,-0.042517655,-0.047590844,-0.04887045,-0.012026424,0.017391548,-0.019169822,-0.050614864,-0.044077467,-0.035217494,-0.029289156,-0.03292462,0.038654525,-0.026110563,-0.03642355,0.0015040452
0.065863684,0.0029002896,0.03485308,0.04689583,-0.06903212,0.018353011,0.00574717,0.05410572,-0.016813768,0.029410377,0.0078012566,-0.057892606,0.06564188,0.056062218,0.059022788,0.04803322,0.044983193,0.036661617,0.051544167
0.006598178,-0.022736555,-0.0043810206,-0.013374662,-0.005503011,-0.054431256,0.025687346,-0.059834395,0.027407665,0.026730187,-0.03263671,0.005010659,-0.012571725,-0.047241893,0.005247586,0.057211585,0.04934392,0.008504106,0.0362924
-0.060658824,-0.060033794,-0.07546274,-0.00019000028,-0.027009543,-0.0799464,-0.06549724,-0.07609958,-0.074976645,-0.047586415,-0.032357857,-0.038135864,-0.07510993,-0.00940475,-0.024112767,-0.0290141,0.016815493,-0.07192965,-0.03872451
0.020564392,0.05108894,0.028579108,-0.014483472,0.023225335,0.006145182,0.05638624,-0.023636462,0.050441664,0.015537642,-0.051024035,-0.0040036747,-0.0063624377,0.058757257,0.020370822,-0.046944596,0.030594472,0.030080682,0.022604464
-0.040894743,-0.023103347,-0.056996543,0.0021991562,-0.041449435,-0.024085348,0.050284244,0.06078557,-0.04869512,-0.03089979,-0.056839675,-0.022990774,-0.029946577,-0.039252702,-0.06508397,0.01977494,0.024913792,-0.066316605,-0.0091505265
0.028314669,-0.0023441487,0.043394778,0.005100307,0.029969826,0.01849046,0.01122438,-0.025972934,0.026635284,-0.0039634705,0.03982752,0.021826852,0.0042505786,-0.016726352,-0.038933717,-0.0150326155,0.03249154,-0.032600857,-0.048588045
0.022548223,-0.042606726,0.028143037,-0.036519792,-0.060670074,0.043807853,-0.046192493,-0.049326863,-0.029560043,-0.062172942,-0.05088671,0.01452698,-0.059430882,-0.029071609,-0.03195725,-0.062860906,0.009458052,-0.07356461,0.027765488
0.016904242,0.0922523,0.07195723,0.019220266,0.024125095,0.017486745,0.0721867,0.022693481,0.03687973,0.07954941,0.04783473,0.06855723,0.055864185,0.079546735,0.074699335,0.060614605,-0.0053670746,0.027368268,0.04139323
-0.06564597,-0.059420247,-0.025205052,-0.0661886,-0.05087633,-0.03448666,-0.055617277,-0.06335,-0.06328705,-0.061068114,-0.059734505,-0.0643241,-0.06618041,-0.05822725,-0.070556484,-0.06822346,-0.075117856,-0.04043455,-0.060384635
-0.06924163,-0.0700136,-0.01449994,-0.07453076,-0.033121623,0.012736802,-0.066269755,0.016198095,-0.057310198,-0.002046344,0.025583856,-0.055048138,-0.053579956,0.058484916,-0.06966156,-0.009411364,-0.07094116,0.013377254,-0.07469719
-0.046206735,-0.041000195,0.068585545,-0.050104115,0.0121318,0.033430044,-0.01864387,-0.026215658,0.019670488,0.007188371,0.016110387,-0.037538722,-0.068584904,-0.05193236,-0.027042415,0.047546767,0.022703962,0.01173668,-0.0059973057
-0.035121087,0.034906466,0.04783873,0.0003736861,-2.8235292e-05,0.043361686,0.020971682,0.032723878,0.040419202,0.030117238,-0.0044929846,0.037177898,-0.011961359,0.041915555,0.01939568,0.044905987,-0.024260929,-0.028180284,0.015718902
0.009789672,-0.049924903,-0.03878901,-0.042068325,0.010043977,-0.022371085,-0.06251197,-0.06914646,-0.021034215,-0.064175375,-0.0057083764,-0.042600386,-0.009868223,-0.06261975,-0.060942262,-0.032171395,-0.056255236,0.0023781431,-0.046850085
-0.004042631,-0.018066363,-0.047754418,0.014958434,-0.050689183,-0.05582924,0.023462912,-0.04995838,-0.01670665,-0.0029359048,-0.055394746,0.057467084,0.05812271,0.014730678,0.049873482,0.055423673,0.03178098,-0.022486756,0.0019913933
0.038289066,0.007573457,-0.06564255,0.004521556,-0.023605585,-0.05346164,-0.049000993,0.01193516,0.059101164,0.005349041,-0.003034659,-0.053934872,-0.021704333,0.0014905194,0.029025864,-0.006503472,0.03158642,-0.032964762,0.0023404106
-0.013609969,0.030366309,-0.05575658,0.064575665,0.03150773,0.026461583,0.024484087,0.031341452,-0.014758876,0.04669717,0.025181191,-0.06957812,-0.055245727,-0.0350767,-0.02305858,-0.060659774,0.070362635,0.018953457,0.05101799
-0.058072757,-0.018466577,0.047919624,-0.062971726,-0.06464235,-0.02489197,-0.04683004,0.0470015,-0.063807815,0.0021622973,-0.014520128,-0.07191042,-0.05676278,-0.05972857,-0.03994943,0.051169522,-0.06858026,-0.044812623,0.019956812
-0.027634991,0.022981472,-0.069068655,0.009187095,0.028704211,0.06881731,0.05706466,0.028331619,0.027156292,-0.02094392,0.035646975,0.06590073,-0.05894359,-0.037540507,0.042996813,0.004152183,0.012729744,0.049625687,0.0009235807
0.024958832,0.0019506653,0.003973709,0.042342946,0.04209407,0.043632906,0.019475399,0.043659754,0.05530253,0.046789933,0.04309594,-0.001613891,0.022959262,0.04528286,0.042319696,0.0348329,-0.0031593645,0.06250897,0.043805607
0.040622607,0.058338277,0.023132455,-0.044130955,0.010280841,0.06059618,-0.016450878,0.038432147,0.0674014,0.07613097,0.07111003,0.00058247667,0.027506946,0.055976845,-0.01036137,0.021013867,0.036217485,0.07954785,0.052064195
-0.018124811,-0.034097314,-0.012028554,-0.013366844,0.041576684,-0.020073984,0.04825833,-0.007408333,-0.061358392,-0.013964464,-0.053828917,0.026909424,0.0119400555,-0.0016178635,0.0053984644,0.055562314,-0.02964339,0.054953653,0.030141056
0.04015254,0.046904374,0.008066829,-0.06434285,-0.07030483,0.0074617844,0.030860372,0.0728595,0.008722565,-0.02863201,0.05047339,0.043963663,-0.009976903,-0.020371184,0.010025122,0.0439091,-0.045619585,0.03952438,0.033851724
0.030967094,-0.06865486,-0.05020283,-0.05639611,0.010377399,-0.03632012,-0.0019128965,-0.055676978,0.0038023763,-0.011479845,-0.06690689,-0.017784858,-0.005350422,-0.041078467,-0.02246181,-0.04965883,0.058543216,-0.034591354,-0.031810574
-0.078105785,-0.074370004,0.00378496,-0.05186797,-0.052567072,-0.040465415,-0.022874638,-0.028043278,-0.016237976,-0.036538374,-0.05787881,-0.033988807,-0.060085326,-0.05468498,-0.033338636,-0.019020982,-0.04374127,-0.024176288,-0.03633438
0.060791485,-0.04267434,0.042944945,-0.015631028,0.029543042,0.0641217,0.0769623,0.038359545,0.004997569,0.06669842,0.014186444,0.05430607,0.0681926,0.022033634,-5.1112107e-05,0.037678856,-0.025584972,0.056147512,0.06891432
0.029225528,0.009702929,0.009039503,0.016738785,0.023740841,-0.0028117034,0.060383823,0.030546028,0.009959112,0.018510781,0.021167433,-0.004319478,0.023146152,-0.025965722,0.05251946,0.054836057,0.019881096,0.06741017,0.023027461
0.052135926,-0.017018361,0.040934134,-0.038097374,0.058921058,0.024123203,-0.026812017,0.06972407,0.07255825,0.027214626,-0.0012303913,0.06346244,-0.027422644,-0.038636856,-0.0016283481,-0.011588404,-0.019217515,0.06499362,0.036604796
-0.058584906,-0.07872761,-0.05451501,-0.038707003,-0.03693406,-0.04689151,-0.029280912,-0.06133713,-0.065917395,-0.040948078,-0.039134387,-0.0333639,-0.059304174,-0.044497203,-0.060296167,-0.06340338,-0.009328859,-0.043622382,-0.054605767
0.006474601,-0.0218309,0.00046313927,0.049802892,-0.021309735,-0.05171239,-0.055540126,-0.03023343,-0.06599205,-0.04327023,-0.042510606,-0.029453972,-0.025337221,-0.022041824,-0.0374875,-0.013893966,-0.0021745681,-0.04194586,-0.07059105
0.047261126,-0.026728349,-0.012103972,0.02065179,-0.021618597,0.05947625,0.054832168,0.0061542583,0.06002762,0.07398891,0.080190815,-0.0059908987,0.02402496,0.054955482,0.030281266,0.0037401037,-0.05198015,0.015723836,-0.03842077
-0.04644456,0.008236644,-0.05657734,0.07782788,0.057279162,0.021787154,-0.062833406,-0.05694151,-0.06991077,-0.049647007,-0.017157706,-0.049671263,0.0028607587,0.03406957,-0.038277153,0.05604294,-0.043248277,-0.042298652,0.023166731
0.0074672597,-0.0019394094,-0.0020317533,0.055471256,-0.048183937,0.0015974174,0.022884404,0.066025555,0.004983204,0.024711598,0.044044465,-0.060100142,0.03752021,0.046332862,0.06681139,0.042591196,0.07317659,0.042027712,0.057449766
0.0709612,0.06775148,0.020705579,0.02173974,0.047734313,0.073085606,0.045546405,0.05439435,0.0709624,0.031073352,0.053685438,0.058573686,0.067125045,0.05076029,0.06656537,0.031732243,0.05558083,-0.04842336,0.03265578
-0.03625244,0.016229028,0.02574364,0.041394904,0.004673254,-0.03662609,-0.06616437,0.013112984,0.008416394,0.03622108,0.002443463,-0.0060000843,0.02498938,0.0044609993,0.056837123,-0.0017030741,-0.03059707,0.0241831,0.0015037563
-0.043220825,0.011494266,-0.054329973,0.077924,-0.014344079,-0.024088213,-0.03129094,0.063075475,-0.04571404,-0.016026767,-0.0686688,-0.033701546,-0.02195216,0.034543216,0.012648142,0.04743286,-0.0039006206,-0.031552073,-0.03444652
0.058941152,0.004513582,-0.0032151265,0.045871038,-0.014044163,0.009423227,0.04708314,0.03319226,0.003534525,0.04409227,0.046658464,-0.039389454,0.035775486,0.05192515,-0.032736097,0.05214136,0.03199497,0.058781188,0.024506833
0.039634436,0.028401434,-0.059840053,0.014391617,0.037578337,-0.0018331265,0.014214759,-0.007533282,-0.013884041,0.06265409,-0.020433385,-0.007905673,-0.03359953,-0.010778412,0.011897686,-0.041244656,-0.04029422,-0.043436002,-0.017306557
0.056532525,0.04853919,-0.019860284,-0.013598368,-0.0017723945,0.044841357,-0.030863559,0.046015058,0.024316909,-0.0052707186,-0.027773378,0.061999798,0.044961978,0.034777243,0.004792601,-0.023821179,0.038902793,-0.050306164,-0.026561277
0.032231085,-0.046053264,-0.06577735,-0.04207928,-0.034516476,-0.04031308,-0.03640211,0.003425696,-0.00105382,-0.048880607,-0.05223323,-0.059825093,-0.011409847,0.018225519,-0.057840016,-0.05778121,-0.016080968,0.015283197,-0.048121568
0.07082043,0.038902186,-0.007801915,-0.046042927,0.053870067,0.011848278,0.048612516,-0.047173083,-0.002577015,0.06567775,0.017970918,-0.015406828,-0.05712298,0.044446297,-0.0061550634,-0.02781761,0.06779274,0.008987538,-0.044876236
-0.005985108,-0.09290531,-0.057031203,-0.028174914,-0.0013251711,-0.0626673,-0.057251688,0.01900667,0.038041506,-0.05943348,-0.051300097,0.071649276,-0.019604338,-0.004888404,-0.018782446,-0.046876363,-0.05606044,-0.073380746,-0.06232941
0.030375356,0.014586405,0.02166299,0.074851006,-0.018347308,-0.0033101742,-0.025373578,-0.01871678,-0.018416664,-0.034397084,0.021707723,-0.0029559853,0.03142982,-0.040563647,-0.010361734,0.01921793,-0.026969407,-0.029808465,-0.010920848
-0.068590924,-0.04041349,-0.01994351,-0.061308995,-0.0758119,-0.06356509,-0.07232822,-0.074254364,-0.07557802,-0.0689963,-0.079300724,-0.03541662,-0.0644703,-0.04672013,0.023870261,-0.04511134,-0.07608162,-0.079540536,-0.07711486
0.018143391,-0.024373278,0.022389995,-0.03479138,0.029369626,-0.062262606,-0.030446209,0.06168574,-0.025989758,-0.055822376,-0.06983026,-0.04488478,0.0014419417,0.058516223,-0.06818184,-0.012134006,0.06687717,-0.018024627,-0.014850195
0.022139978,0.019616364,-0.057298426,0.0048314407,0.013925228,0.030335104,0.029160367,0.07788277,-0.035036117,0.014210028,0.027198758,0.056698322,-0.052202035,0.06767095,-0.004350425,0.02292237,-0.07137651,-0.045389082,0.06415326
0.06869228,0.069780074,0.047836304,0.009870119,-0.01719072,0.056551434,0.033439454,0.07038198,0.017555237,-0.0107615385,0.070777304,-0.033824064,0.01409706,0.008947607,0.07204459,-0.031112792,-0.048522253,0.038827468,0.028657584
-0.05096688,-0.06618317,0.061813302,0.07301333,0.010710329,0.025963549,-0.058040794,-0.06967093,0.008007489,0.030266605,0.059986982,0.03702435,-0.057131324,-0.06694895,0.07435103,0.06659021,-0.0643246,-0.0735203,-0.021730369
-0.01155007,-0.026615405,0.046332702,-0.023362013,-0.08351575,-0.052666944,0.007987305,0.00041765068,0.018454736,0.008024267,-0.055599872,-0.046463452,-0.0332329,-0.03500132,0.019916933,-0.010119698,0.06379913,-0.023011293,0.07306263
-0.043074325,0.027008215,0.020182684,0.03986853,-0.05327905,-0.07590362,-0.0006752153,-0.03315912,-0.013559607,-0.038215727,-0.0433279,-0.0001568197,-0.02822176,0.006854018,-0.0029032924,-0.006696853,0.031100586,0.029475547,0.046066284
-0.014325688,-0.00085625425,-0.04317074,-0.032942366,-0.04117922,-0.04428851,-0.031709693,-0.042407777,-0.05745198,-0.07622388,-0.028066438,0.016559755,-0.0699344,-0.018215425,-0.067609355,-0.05131366,-0.011533021,-0.029356163,-0.05253339
-0.03337746,0.021647101,-0.020384267,0.04484075,0.030606495,-0.01308101,0.005593058,-0.044978153,-0.007114503,-0.022373943,-0.021540504,0.024998553,-0.022034062,0.030354057,-0.032514215,-0.021720039,-0.018129444,-1.5345524e-05,-0.030209437
0.07157485,0.06472889,0.056848127,0.024636647,0.06840659,0.07297936,0.021453135,0.067767836,0.07374299,0.040893123,0.06945382,0.046221808,0.04822999,0.06854355,0.051243313,-0.0006709793,0.03642641,0.07096558,0.05223039
-0.024629768,-0.02175958,0.05234461,-0.007741514,-0.045735374,-0.0076030684,0.039912123,-0.05711719,0.04597762,-0.011106985,-0.050327532,0.010553191,-0.019282592,0.008752073,0.01484118,-0.06850296,0.077298574,-0.045068946,-0.054674853
0.032210536,0.00039067137,0.030058725,0.037952524,0.03814327,0.04868843,0.019226298,-0.01969859,0.0056001404,0.045868244,0.050777107,0.044570815,0.039036933,0.036391385,0.0070151147,0.016400907,0.05540736,0.03375228,0.0292039
-0.07486588,-0.0064463965,0.035126463,-0.05368145,0.013386889,0.0016403606,-0.038645957,-0.006961067,-0.00033800627,-0.023675662,-0.051249128,-0.013128838,-0.0336242,-0.053638015,-0.01876955,-0.01264948,-0.018454405,0.020910049,-0.00561915
-0.030716244,-0.056304008,0.041209877,0.013755375,-0.049541127,-0.029504629,-0.06759854,-0.04011266,0.0020799092,-0.027666016,-0.0300155,-0.06626144,-0.039046597,0.015714789,0.031902235,0.08069967,-0.008999516,0.01986168,-0.03597117
-0.0003962558,-0.04345552,-0.03171793,0.004557733,-0.035352945,-0.06194043,-0.012292342,-0.06565651,-0.043561917,-0.0055420552,0.0029120708,0.00983884,0.019934623,-0.022951934,-0.06748916,-0.013397536,-0.062418547,-0.051620822,-0.04906256
0.06432338,-0.004436864,0.07865314,0.06553975,0.06446092,0.080472335,0.07707822,0.052580975,0.06342707,0.019483438,0.05631126,0.016048074,0.06379696,0.0254153,0.016773298,0.04353987,0.028897952,-0.00955867,0.039043285
0.06735379,0.08161701,0.07601334,0.07487528,0.07210942,0.070614666,0.07733655,0.07033422,0.060436584,0.07932892,0.07855758,0.07846732,0.06308452,0.07233598,0.06357054,0.07875607,0.06403143,0.07087389,0.0742617
0.041821096,0.07491353,-0.00048701648,0.05184236,0.06538466,-0.00011582337,0.05776946,0.031930514,0.05838264,0.064880885,0.026627209,0.07656911,0.009315671,0.052418448,-0.014487824,0.06101083,0.040282417,0.008161717,0.020526318
-0.03466033,0.014670701,0.013975655,-0.04135691,0.0100636985,-0.0027792072,-0.016251687,0.02172298,0.033082813,-0.047076676,0.043032534,0.04126417,0.025598107,-0.0037933385,0.02276541,-0.003027334,0.0010692511,-0.0009582449,-0.013284535
-0.00013795123,0.07692891,0.06330584,0.044553027,0.050143287,0.025047624,0.05295998,0.058869105,0.036365062,0.011632446,0.059742138,0.026335409,0.02585711,0.018085152,0.035281483,0.041998792,0.060884345,0.06249541,0.031740304
0.06450925,0.06420995,0.062627114,0.041844465,0.036198996,0.051740482,0.07510604,0.05486654,0.044037588,0.073089585,0.07177431,0.061113507,0.041597627,0.046568066,0.042126846,0.05740478,0.07430469,0.023637034,0.048761606
0.07476206,0.06267291,0.017597593,-0.01639892,0.05033516,0.053085275,0.07521369,0.013426796,0.008184361,0.03397935,0.063198075,0.018424317,0.06335147,0.060170524,0.07681579,-0.059180345,-0.028199458,0.073284745,0.054320328
0.037063356,-0.037052434,-0.019318527,-0.003073357,0.060176533,0.0073877005,0.02041028,0.03712164,0.037621398,0.0032984857,0.050057188,-0.023302736,0.043340843,-0.030027557,0.017518377,0.030718634,-0.008786575,0.020643465,-0.029822392
0.03137665,0.04245075,0.05281426,-0.023642564,0.036061082,-0.0009923888,-0.0032101583,-0.004492611,-0.00033338676,0.06470297,0.048863035,-0.005059951,-0.046571534,0.059267465,-0.029065132,0.02125507,0.040904585,-0.03611932,0.025042107
0.0034003805,-0.05792237,-0.010978463,0.057740163,-0.0077600926,-0.012170428,0.0016862615,-0.018084401,-0.008115889,0.047031056,0.03224877,-0.05620753,0.011821001,-0.0029728906,-0.022167468,0.043617975,0.008969762,-0.014790129,0.04299931
-0.03392818,-0.051878307,-0.056365628,-0.06060459,-0.007988161,-0.05369996,-0.056841142,-0.01613993,-0.048195437,-0.044742055,-0.020363761,-0.048114862,-0.034712605,-0.02467676,-0.03355107,-0.046683975,-0.04578928,-0.014983222,-0.07777388
0.00939227,0.07665917,0.05470784,0.02835088,0.041115217,0.036567673,0.052018054,0.046883114,0.050454184,0.028758617,0.008629057,0.06766972,0.03688024,0.011978985,0.047580417,0.028065987,0.051024348,0.062601045,0.0012476873
-0.04635806,-0.037608575,0.027418306,0.017421769,-0.033078756,-0.016138313,-0.04549759,-0.040783115,-0.06268574,-0.019723333,-0.0018794034,-0.011313326,-0.010288848,-0.042030044,-0.021446558,-0.02344345,0.0053064395,-0.009788408,0.0018333468
-0.017075125,-0.041331053,-0.049697347,0.056517463,-0.009122398,-0.061141092,0.027407961,0.009018891,-0.076173455,0.034760755,-0.05476535,0.07020032,-0.0022939444,0.008911291,-0.060636967,-0.012850755,-0.027688479,-0.06535422,-0.040406827
-0.0023375885,0.037547816,-0.006684141,0.01480029,-0.032049727,-0.04012678,-0.005488957,0.023053607,-0.02476182,0.038687725,-0.03764137,-0.014367928,-0.029622288,0.026379295,-0.075101875,5.1400137e-05,0.006395588,-0.06800649,0.0068402416
-0.058473673,-0.07236192,-0.020410733,-0.06897008,-0.061984334,-0.05982569,-0.039631445,0.023248687,-0.04066496,-0.07380719,-0.057036478,-0.053233154,-0.01950371,-0.07958344,-0.06497009,-0.050437935,-0.070713,-0.035940748,-0.005494166
-0.050201766,-0.07917487,0.07209288,0.072018445,-0.02068866,-0.07335712,-0.015282033,0.043285366,0.028100375,-0.023801465,-0.025732841,0.004161612,-0.062680766,-0.050607286,-0.005873488,0.051346455,-0.047243014,-0.03716599,0.029576447
-0.015475105,0.059214465,0.030758345,-0.0574744,-0.043425478,-0.016504448,-0.060124476,-0.0014234409,0.012877069,-0.01890829,0.04136893,0.035254233,-0.042764064,0.018352406,0.017855912,-0.031588253,-0.008502411,-0.024987428,-0.011768617
0.03898666,-0.043096226,0.009350577,0.061799195,-0.032913778,-0.068563975,-0.049989123,-0.05051169,-0.0666506,-0.026467707,0.07546846,0.013360135,-0.040996864,0.02618041,0.06577493,-0.021072196,0.07737533,0.04203033,0.05070672
0.025064081,0.04166452,0.03732197,0.039436087,-0.02001958,0.019493736,0.008853266,0.05608616,-0.04205101,0.041912496,-0.01692549,0.06878034,0.062701896,0.038365133,-0.01912827,-0.0004284254,-0.012435373,0.04404746,0.031809922
-0.002064601,0.019539183,0.02631654,0.017056106,-0.019755179,0.009227159,0.05499751,0.04720193,0.04273047,0.03230774,-0.04083764,-0.0012594447,-0.007511302,0.044721495,0.03897915,0.06211359,0.05360662,-0.012512546,0.019975401
-0.040905792,-0.05146084,-0.0696084,-0.03108495,-0.0514843,-0.046042517,-0.043275736,-0.02332122,-0.035522453,-0.04326256,-0.02346606,-0.03850251,-0.03342072,-0.044649664,-0.054717705,-0.058343757,-0.057193924,-0.044298217,-0.006134004
-0.0045793448,-0.03244438,0.057051342,-0.03383763,0.054489017,-0.052835077,-0.005129712,0.0366342,0.060968228,0.037594404,-0.0367814,-0.02359233,0.018784389,-0.064327605,-0.068430714,0.039546117,-0.030722763,-0.024842672,0.016313998
-0.019062428,-0.058452625,-0.026099283,-0.05812342,-0.047733843,-0.04069113,0.019280978,-0.020560041,0.04594907,-0.03144138,0.04262978,-0.052063733,-0.06555829,-0.06121833,-0.060295984,-0.08115141,-0.04445909,0.029544957,-0.05173534
-0.03225258,-0.024772014,-0.05785307,-0.00429657,-0.035704702,-0.058434047,-0.020176323,-0.06907256,-0.06338424,0.0186,-0.05451054,-0.04414842,-0.052917577,-0.048603967,-0.054988775,-0.029682934,-0.06341912,-0.06354523,-0.049575076
0.013093602,0.04170291,0.0512796,0.036893878,-0.04994232,-0.06587671,-0.07477612,-0.078632236,-0.060902316,-0.007182307,-0.07010519,-0.045295674,0.06205588,0.06363509,0.0074462947,-0.053530388,-0.07892913,-0.002970803,0.0071466938
-0.03799362,-0.089094296,-0.06992517,-0.07105582,-0.074549034,-0.06330222,-0.060873345,-0.071114734,-0.070874505,-0.053398997,-0.05883906,-0.06304832,-0.047656976,-0.06807455,-0.039137434,-0.035604317,-0.072979905,-0.03907746,-0.07757598
0.05414825,0.012953511,-0.030873647,-0.020989863,-0.01545237,-0.012366606,-0.026236469,-0.06965916,0.012621427,0.044009764,0.019312896,0.00141057,-0.028703893,0.017165558,-0.019777413,0.018908914,-0.009344836,0.03172914,-0.0356544
-0.058100205,-0.041315738,0.028053842,-0.022844598,-0.08426031,-0.063902795,-0.054050326,-0.065796725,-0.05374874,-0.041275658,-0.0029267508,0.03432232,-0.024342095,0.019444093,-0.07353453,-0.06057688,0.04612391,0.023015583,-0.029787421
-0.017714426,0.01464903,-0.047698844,-0.054581515,0.021694032,0.039127342,0.06968038,0.042298693,0.03386286,0.056729753,0.069470055,0.028581208,0.021968411,-0.019719178,0.027165277,-0.053771567,-0.022897175,0.051113773,-0.017669084
-0.03459869,-0.018105423,0.06416356,0.013500398,0.023401352,0.02238412,-0.03271891,-0.056709867,-0.06201935,-0.04922485,-0.04929089,-0.079745725,-0.024168145,-0.041510083,-0.008847314,0.014967464,-0.063062906,-0.036943305,-0.05748944
-0.036588468,-0.052782487,-0.0108781215,-0.0064795804,0.016720757,0.014073443,-0.011409926,0.030062117,0.013014009,-0.0029832337,-0.0110842185,-0.035650406,-0.023791369,-0.04129867,-0.031048862,-0.048924137,-0.047335602,-0.05345435,-0.029129757
0.017701274,0.021814324,0.012336195,-0.021013396,-0.028584264,-0.050718714,-0.027222967,-0.0590513,0.020507507,-0.008755446,0.01231136,-0.04725115,-0.006212762,-0.012123401,0.016286561,-0.021545134,0.0005360911,-0.0014472147,0.029195057
-0.031856216,0.03572091,-0.04284432,0.01612383,-0.035838015,-0.032433216,-0.055312447,-0.024970049,-0.029138857,-0.02596806,-0.0512084,-0.017578086,-0.01691773,-0.05662028,-0.02440395,-0.050305873,0.0072183497,-0.040001545,-0.033028714
-0.015525417,0.007561838,0.03753472,0.06637457,-0.009099782,0.03808914,-0.016112443,0.028582346,0.031766824,0.020963052,0.021860505,0.015047519,-0.030029628,0.07860506,-0.0056569977,0.06667263,-0.0722138,0.001967886,-0.018090574
-0.036547385,-0.046350624,-0.06325888,-0.061655052,-0.009015314,-0.06170638,-0.027980773,-0.061874654,-0.07697437,-0.039809886,-0.0065349643,-0.052637614,-0.02768936,-0.06492534,-0.025670923,-0.079186745,-0.017107716,-0.074633665,-0.060879726
-0.0069422796,-0.026023267,-0.0379711,-0.0058694016,-0.001943302,-0.046404265,-0.046649665,0.046074577,0.044001073,0.049958643,-0.06613218,-0.009829811,0.03588196,-0.017237822,-0.03341787,-0.022129707,-0.06821532,-0.0046471283,-0.050345547
-0.018619234,-0.010821701,-0.073391415,0.0046615023,-0.017488716,-0.04843647,-0.010852358,-0.031820707,-0.030130701,-0.032017995,-0.022850383,0.031016618,-0.043802653,-0.02543776,-0.05895954,0.00600983,0.014100035,-0.058437284,-0.069331326
0.032789495,-0.012048908,-0.032024324,0.0474671,0.012646194,0.06528984,0.011934558,0.07439349,0.0197738,0.049299102,0.022380143,-0.015562839,0.009584012,0.021501828,0.017342974,0.04983453,0.070475556,0.05483394,0.03933286
-0.061008338,-0.05885406,0.019707005,-0.012181865,-0.004259371,-0.030185819,-0.017307518,0.014777782,-0.015926551,-0.039475,0.019591456,0.0047443644,-0.011554328,-0.026659569,-0.008017611,-0.04943076,-0.033003863,0.0051405844,-0.028911447
-0.014853914,0.030661216,0.032665044,-0.047224242,0.013677426,0.017525911,0.017370496,0.02653736,0.036934465,0.046659775,0.02676291,0.035349693,0.02494883,0.034357183,0.022783075,0.033377863,0.0412303,0.019537957,-0.04456357
-0.022176836,-0.008284519,-0.0630254,-0.030632604,-0.004086891,-0.05799148,0.041749407,-0.041175675,-0.060602494,0.014075701,0.008773197,-0.0006989723,-0.035544027,-0.010979288,-0.041174818,-0.014984923,-0.004194557,0.036008846,-0.065250136
0.03569829,0.017329935,-0.025199201,-0.025636714,0.04491308,0.06839928,0.02800323,-0.019779077,-0.0051572984,0.024505226,0.06029122,0.022999974,0.050784014,0.029948484,-0.0692334,0.011459562,0.0012635702,-0.012226845,-0.011172773
0.0014606725,-0.011070741,0.06948249,-0.02080068,-0.043940395,-0.051417068,0.029886564,0.022023914,-0.01307319,-0.023819651,0.008814548,-0.06539889,0.06569581,-0.06074764,0.045036405,-0.01475916,0.00092040637,0.048044596,-0.022628935
0.010962294,0.034331117,0.04797371,0.004749199,0.037221774,0.049740437,-0.018263925,0.06946006,0.01796526,0.07619667,-0.013652756,0.07757976,-0.04219507,0.07549905,0.06693012,0.03700892,-0.012391871,-0.059389375,0.023485906
0.06465995,0.0046326667,0.052793775,0.005420353,0.038192596,0.08037802,0.046713687,0.06772394,0.04572136,-0.0006615401,0.050615955,0.04547011,0.060968317,0.0011700153,0.041146822,0.01692625,0.05024636,0.012424326,0.04613798
-0.07878683,-0.08604439,-0.07787652,0.021785975,-0.060856108,-0.076791346,-0.046435896,-0.033790734,-0.07633451,-0.010574378,-0.059395257,0.05812423,-0.075402945,-0.07581635,-0.07187726,-0.006251824,-0.06402399,-0.08080739,-0.071918316
-0.0027376749,-0.0017997937,0.019861145,-0.015088017,0.050950997,0.040526513,-0.056774255,-0.02136578,0.035364322,-0.003371582,-0.009543004,0.05778679,-0.05642605,0.012591267,0.04691711,0.035217695,-0.075438455,-0.035669457,-0.006286208
-0.043957565,-0.052661244,-0.060887642,-0.07352357,-0.0261621,-0.051378824,-0.018877039,-0.055905614,-0.06783887,-0.02897817,-0.00692375,-0.0514311,-0.033871755,-0.05706052,-0.0009926116,-0.018861309,-0.030827444,-0.03349103,-0.03624889
-0.062009692,-0.0017658554,-0.011693563,-0.07179828,-0.07607178,-0.07319226,-0.050550543,0.053614642,-0.022874566,-0.044865243,-0.07124141,-0.036138225,-0.074522436,-0.0532601,-0.06054853,-0.066393405,-0.0047850977,0.0016917383,-0.057726476
0.054301497,-0.016938271,-0.021843163,-0.01274321,0.0046969694,0.039460137,0.02936924,0.009385099,0.072606504,0.05409532,0.0036290376,0.0174043,0.020772073,-0.018891882,-0.039075818,-0.00468215,0.050480485,-0.06522933,0.022108383
0.032851905,0.022568746,0.035843696,0.020476544,0.02690406,0.04793348,0.053427074,0.07031489,0.05024171,0.026887678,0.006830135,0.011117569,-0.00407629,0.03984991,0.04973749,0.049367797,0.05313527,-0.0024650455,0.06365598
-0.010358322,-0.00095412764,-0.040213853,0.015114461,-0.041538954,-0.040036373,-0.04772706,0.006691353,0.06580751,-0.06293037,-0.0023244089,-0.07688652,0.007497375,-0.061941054,-0.014399368,-0.0026289083,0.035582285,-0.037996978,-0.040102217
0.05325672,0.07239464,-0.049153656,0.056605853,0.03675827,0.016272679,0.046437345,0.0046685007,0.01783842,-0.02962885,-0.014721087,0.056726895,0.022046406,-0.0042958613,0.001925422,-0.01905927,-0.020909294,0.047816113,0.0052661058
-0.06068698,-0.03852364,0.050817475,-0.03294267,-0.01135988,-0.063690655,0.033612173,-0.0485443,-0.06532917,-0.01337076,-0.03782312,-0.050480638,-0.060774475,0.045381512,-0.07336641,-0.06630332,-0.011972586,-0.0012440193,-0.06270845
-0.05065679,-0.06490385,-0.065910086,-0.050498415,-0.0017728481,0.00791371,-0.070643604,-0.011318562,-0.00843531,0.022052422,-0.012021948,-0.031941865,-0.04352509,-0.03941515,-0.05457347,-0.051426854,-0.04976875,-0.06616473,-0.011844088
0.0040323283,0.019335026,0.012227257,-0.03310283,-0.02433853,-0.037218824,0.017045785,-0.04189455,-0.06169812,0.005219113,0.023063978,0.041163288,0.0016660959,-0.01185369,-0.040967286,-0.00073723705,0.016450554,-0.02156485,-0.057567276
0.03880283,0.0622012,0.056055415,-0.00090095995,0.057013836,0.07089978,0.019480415,0.039339703,0.01435985,0.06050424,0.05339694,0.0692637,0.018947497,0.05423221,0.047607988,0.0014696578,0.048558522,0.04122494,0.055969495
0.03190628,-0.0004895467,0.054859113,-0.0026610564,0.07448739,0.0112774875,0.05884573,0.0010919832,0.012137588,0.013704667,0.07374599,0.040732924,0.043164533,-0.02283958,0.00059234275,-0.032390278,0.016900785,0.043370217,-0.021446718
-0.018752448,-0.02712485,-0.0011427655,0.031181151,-0.043090455,-0.074216165,-0.021712564,-0.024476772,0.029233063,-0.040735584,-0.011903599,-0.026776662,0.030864738,-0.00025449955,-0.026140807,-0.009248672,-0.030635102,-0.04663852,-0.026910394
0.014123255,0.0316367,-0.072256245,0.049890894,0.06686006,0.028741997,-0.009727254,0.029985609,-0.033031967,0.048030436,0.028712746,0.06816643,0.056254897,0.04829988,-0.04827972,-0.011620707,-0.00786505,-0.005518376,0.03534508
0.05012782,0.0702057,0.066344135,0.06417404,0.062926866,0.07352349,0.07495668,0.07525771,0.07422277,0.056263287,0.060524676,0.06801109,0.07100624,0.06176914,0.06648332,0.0588898,0.040549148,0.07520451,0.07893214
0.041983638,-0.026911994,-0.04998306,0.013595771,0.0102137895,0.008684421,-0.03330102,-0.009461155,-0.018052021,-0.067415535,-0.022127112,0.0005366495,0.034095977,0.0139049655,-0.0024968649,-0.049108595,-0.03756624,0.011711086,-0.016413597
0.020278202,-0.047429863,0.07666768,-0.04285211,0.010190722,0.051133957,-0.00078103394,0.004773374,0.05482734,0.069519155,0.05331685,0.031804092,0.06666305,-0.028958935,0.074230626,0.04974378,-0.035190452,0.0020503786,0.018994167
-0.067621306,0.02116901,-0.031999473,-0.052508492,-0.016450305,-0.041306492,0.023990834,-0.012247375,-0.05717458,-0.032218326,-0.03710828,-0.0016767371,-0.037585124,-0.007938829,-0.0039632963,-0.03683278,-0.07173462,0.0091664335,-0.010678326
-0.02154312,0.03730297,0.01583991,-0.04505023,0.022586355,0.048571553,0.0036570907,-0.009635024,-0.0008401102,0.069364935,-0.040079124,-0.010368465,0.011293257,0.07049339,0.01015984,0.03822995,0.0038804852,0.040499996,0.0690382
-0.022071442,-0.018548612,-0.05889674,-0.005161072,-0.03715107,-0.024619387,-0.049695145,-0.030287636,-0.061963275,-0.05989687,-0.039303914,-0.018133264,-0.027537389,-0.029669916,-0.059371296,-0.02252383,-0.07381172,-0.041741148,-0.02806141
-0.06799801,0.09593443,0.03763606,0.015267146,0.0079829125,0.0322397,-0.021839485,-0.05067537,-0.02310567,0.012058685,-0.07611392,-0.066428974,-0.029665565,-0.06917514,0.014122578,0.05911222,-0.04407976,-0.049871758,-0.04674003
0.02494821,0.021752873,0.028635936,0.0109718,0.0021654319,-0.031346235,-0.024147622,0.0005334852,0.0042524626,-0.025020767,0.030517392,0.02511748,-0.0007387489,0.02914397,0.0012075142,-0.023236405,-0.058977574,0.06273178,-0.016803855
-0.018371612,0.017306464,-0.065780066,-0.032495383,-0.04069624,-0.03302422,-0.07881932,-0.045046974,-0.066951506,-0.07104718,-0.045245446,-0.042733837,-0.073420286,-0.058466125,-0.07589294,-0.081118934,-0.080488205,-0.034807533,-0.05911572
0.047972053,-0.012633367,-0.062046807,0.056768045,0.02675491,0.04980683,-0.016932186,0.056233317,0.06716461,0.043458212,0.02708745,-0.00043066885,0.018233882,0.0041079004,-0.030377384,-0.038596235,-0.06334758,0.043676957,0.062219374
0.03128721,-0.014179583,-0.06775769,-0.011904175,0.033780474,0.026438206,-0.0149932755,0.036766402,0.03926768,0.04042368,0.02292853,-0.06829174,-0.021754025,-0.052936666,0.066731684,0.054994207,-0.012903249,-0.05333131,-0.024220178
0.0007068135,0.02771586,0.053547125,0.0011987205,0.012716035,0.06064699,0.019613545,0.0105830105,0.0071029235,0.016231092,0.03577666,0.024104577,-0.004733707,-0.0009745851,0.00312013,0.04732528,0.042419106,-0.0020590045,0.050082173
-0.027100759,-0.070456326,-0.01973873,0.006092888,-0.047386438,-0.039957874,0.033791855,-0.013577162,0.017601188,-0.045593776,-0.025119392,-0.059126116,-0.039176133,-0.063008614,-0.0071206265,0.0006143375,-0.0075394143,0.019785935,-0.07081204
0.005427501,0.07615856,-0.0114207,0.013344587,0.03832753,-0.043546226,0.004951741,0.057000887,-0.024785122,-0.043212444,-0.04227105,0.051328346,0.0039564497,0.077879906,-0.04873347,0.050085448,-0.02653482,0.07102471,0.026868777
0.012002593,-0.044488728,-0.02345773,-0.042654425,-0.030214464,-0.036055967,-0.022952836,0.0020287929,-0.057917576,-0.038292367,-0.027115557,-0.053673636,-0.0064132307,-0.039549295,-0.059966553,-0.061149463,-0.050323777,-0.07407105,-0.054805085
0.08411006,0.029621534,0.06044189,0.08027515,0.08703708,0.08353491,0.0809906,0.07931855,0.080512084,0.083680965,0.081356876,0.08322507,0.07685087,0.08024538,0.075408205,0.08047497,0.03011463,0.084307514,0.08520393
0.015402497,-0.013002276,0.022677023,-0.05086079,0.059058484,0.0614792,-0.04212117,-0.0063438816,0.021828223,-0.023650808,0.0729939,-0.021521175,0.013598263,-0.004805152,-0.025662608,-0.0118095195,-0.006781125,-0.005911102,-0.02503848
0.0171609,0.012178657,0.010845362,-0.00066075206,0.030587267,-0.0581251,0.07028803,-0.04816326,0.05279168,0.052654874,-0.05241651,-0.04937572,0.05908466,0.05902005,0.07640522,0.06348185,0.019741483,-0.015639545,0.055997755
-0.0318404,-0.04656133,-0.07002304,-0.033377845,-0.049035326,-0.03568996,-0.042652383,-0.04946723,-0.018305324,-0.042528745,-0.042459268,-0.06778241,-0.04856677,-0.035374697,-0.068990804,-0.027855849,-0.056454256,-0.060490258,-0.035364345
0.08411853,0.069433995,0.07495475,0.0807119,0.08620045,0.08366975,0.08124478,0.07987139,0.08051551,0.08547966,0.082150646,0.0825283,0.07697205,0.08147257,0.07873754,0.084344864,0.044006564,0.084642544,0.08813586
0.03148868,-0.016205328,0.043637462,0.045157112,0.005372292,0.013698261,0.00062814925,0.03653968,0.026548095,-0.013978579,-0.030154224,-0.009411127,0.030223941,0.025804551,-0.02392068,-0.016114185,-0.039039236,0.022163857,0.0071834577
0.019657,-0.032759666,0.0376154,-0.03942481,0.025399847,0.028505981,0.0037400648,0.027191216,0.04208388,-0.00694535,-0.022866681,-0.039182354,-0.0467039,0.005572383,-0.006353822,0.0094219865,-0.026555672,0.057817787,-0.03145055
-0.0008827369,-0.0018407395,0.028857468,0.027824957,-0.036969304,-0.030239332,-0.005165081,-0.027825622,-0.04974769,-0.033524692,-0.048367,-0.054198563,0.005445878,-0.017578935,-0.016854526,-0.03481877,-0.0082938485,-0.038825165,0.047958497
0.008811054,0.05579816,0.008637722,0.0385643,0.03659653,0.026162265,-0.02236404,0.04410622,-0.003525355,-0.0137882065,0.021345098,0.0035772906,0.017135639,-0.018687908,-0.007367464,0.046517868,-0.0054438766,-0.021808494,0.045249864
-0.0060446444,-0.023412129,-0.02303351,-0.037800983,-0.06412142,-0.004947348,0.023541935,0.039679706,-0.06749476,0.013725033,-0.04244535,0.066687316,0.00054751424,-0.06265032,-0.066315375,-0.06290618,-0.07114081,-0.048969105,-0.0142250825
-0.036568925,0.017041916,-0.03679434,-0.022908285,-0.03720101,-0.028094975,0.04560535,-0.0046047764,-0.009320104,-0.01995727,0.0043786536,0.031295445,-0.02136247,-0.027568707,-0.014013416,0.007922954,-0.010865245,-0.02044021,0.00838625
-0.033532318,-0.04362693,-0.04670665,-0.014687237,-0.028954847,0.038307335,-0.025886493,-0.07746552,-0.037583075,0.03399572,0.0025502772,-0.07917972,0.034479667,0.020419743,0.063730255,-0.01549932,-0.06920383,-0.051151183,-0.03505917
0.015127402,-0.026189229,0.040909328,0.035713427,-0.004567367,0.053908907,0.055813152,0.05333023,0.03817886,-0.011819977,0.069301344,0.04181081,0.04586548,0.047786295,0.0735885,0.075162955,0.059361763,0.014989612,0.06064341
-0.0187567,0.019179776,0.005413615,-0.03574207,-0.04511459,0.058812644,0.033414494,0.006056069,0.004231961,0.024939775,-0.04967665,-0.04861598,-0.04247237,0.06657455,-0.033944853,-0.048576035,-0.06716458,-0.010779047,0.00726434
0.029150555,0.0014165534,-0.019704213,-0.046122648,0.065221295,0.029483043,0.04559973,0.002882561,-0.03878132,-0.03941786,-0.007195286,-0.017454863,0.026054772,0.005433521,0.037729457,0.031195758,0.037613884,0.031801797,0.01906171
0.05054684,0.012361968,-0.05400525,0.01184285,-0.050933186,0.0462138,0.061085545,0.052465353,-0.009248738,-0.036372438,0.057571568,0.0025938647,0.027149078,0.0029585822,-0.040406078,-0.037295047,0.021936724,-0.052043777,0.016419778
0.07920051,0.0745027,0.06063867,0.072110616,0.041580617,0.079212636,0.071573116,0.07091966,0.078915365,0.0642901,-0.014870069,-0.004387331,0.07479602,0.0800616,0.071528,0.03680722,-0.008303675,0.08208057,0.01698901
0.015996799,-0.009219733,-0.061050933,-0.0518058,-0.034785967,-0.010327201,-0.017395165,-0.0060743536,-0.026642485,-0.045188352,0.028843954,-0.014807415,0.02074019,0.03519617,-0.019025935,-0.026827537,-0.022510618,-0.0130488565,-0.022047041
0.026622677,-0.03861692,0.008426197,0.05130073,-0.065911695,-0.055472262,-0.056518573,-0.01461444,-0.064426295,0.0014109713,-0.04185507,-0.050728697,0.0009194696,-0.05917908,-0.045157325,-0.025186269,-0.041558836,-0.055970594,-0.06761256
-0.06265747,0.04514235,-0.00974442,0.026217854,0.008541577,-0.001744392,0.021425216,-0.013158488,-0.026424523,-0.013947735,-0.017990492,0.013695862,-0.013775212,-0.009720894,-0.017053854,0.0072354437,-0.038174752,0.0076867566,0.00045052805
0.01868961,0.03486659,0.04859022,0.010310627,-0.022364909,-0.04688416,-0.027482355,-0.020982925,-0.055359885,-0.032738883,-0.020502103,0.003332777,0.016917093,0.019881258,-0.013368475,0.03195439,0.018465176,0.0024100088,-0.00811798
-0.03529537,0.05705375,0.025008155,0.062105887,0.010719378,-0.014762754,0.053855937,0.058144227,0.013494807,0.0013183007,0.02478585,0.024708336,0.0067721144,0.04941665,0.0014188205,-0.046213616,0.05784152,-0.044071533,0.03193436
0.073619746,0.063856706,-0.0716211,0.049259532,0.08532444,0.073604755,0.06145781,0.06612735,0.019250195,0.06660751,0.031328756,0.036796592,0.0659254,0.069843836,0.07314539,0.07055927,0.025556287,0.06856027,0.055603307
0.00073291565,0.006412909,0.057154823,0.033240896,0.059720214,0.060804766,-0.06823616,0.035776768,-0.053714387,-0.004658519,0.017928308,-0.050939173,0.038073972,-0.017953416,0.06275689,-0.025035614,-0.077960506,0.051405434,0.048359178
-0.04337009,-0.015181824,-0.02317868,-0.044634573,-0.021352895,-0.013827583,-0.054784227,-0.039979037,-0.007822153,-0.032882135,0.021767765,-0.028617347,-0.030962886,-0.017261807,0.020678567,-0.0001203222,-0.047656044,0.02907128,-0.050416116
-0.050092164,-0.013213197,-0.02518555,0.06667425,0.0210266,-0.031838305,0.03427561,0.03763838,-0.06457458,0.056269627,-0.05008774,-0.04785201,0.017568974,-0.009436029,0.03295633,0.029989026,-0.060251467,-0.027170451,-0.006304062
0.0840427,0.09649361,0.07758044,0.08124314,0.08650162,0.08253598,0.08130306,0.07976388,0.08002523,0.08492685,0.08142638,0.08341814,0.07684384,0.081235,0.077958785,0.085719414,0.08017119,0.084681995,0.08771069
0.015150311,0.0071545066,-0.0022437936,-0.00012697143,0.011396677,0.012169112,0.059962273,0.035596907,-0.056432035,0.039081335,0.058645993,0.02661938,0.060828324,-0.0301039,0.06049733,0.06578788,0.062045284,0.06572287,-0.040220004
0.0037751617,0.037045132,-0.04177486,0.0046697618,0.053235512,0.05920367,-0.008507391,-0.020786244,0.026593806,-0.05470894,0.037022743,0.034664124,-0.046387948,-0.06918976,-0.025914213,-0.06896627,-0.07224838,-0.009642098,0.015125876
0.0639512,0.055359263,0.018781424,-0.0056325207,0.03358817,0.017080192,-0.013628161,0.05831842,0.029590065,-0.0073252325,0.014885929,0.026377058,0.0361153,0.027951341,0.029915808,-0.01864669,0.05157085,-0.027219567,0.036777277
0.034840085,0.002110566,0.03241375,0.054444578,-0.021875773,0.033801984,-0.06192825,0.022274194,-0.07427616,0.03664898,0.05317747,0.06416815,0.04633599,-0.049864065,-0.039729968,0.05598977,-0.054490093,-0.015828317,0.027083779
-0.07493785,-0.049785838,-0.039686974,-0.052021943,0.0059202206,-0.0048260046,0.002404635,-0.036893573,-0.02577017,-0.01248968,-0.03662499,-0.059900887,-0.06830954,-0.048590194,-0.022177681,-0.073431656,-0.04665006,-0.042458646,-0.047517482
-0.05527461,0.016358405,-0.04456132,-0.022262577,-0.042611126,-0.035794742,0.002276194,-0.0008989482,-0.020569716,-0.04221329,-0.029939353,-0.036786195,-0.024964308,-0.009830802,-0.028139368,-0.035741918,-0.0019312139,-0.03428215,-0.028651055
0.019189352,-0.012900454,0.0072538257,0.002202739,0.01611231,0.044725228,0.06981393,0.0060462984,0.01917595,0.0390922,0.026870437,0.052956667,0.0030777827,0.024394434,0.035453983,0.024706384,0.037103925,-0.0056907665,0.030426217
0.02260264,-0.037189297,0.075598106,-0.049167518,0.057437025,0.043930586,-0.05315867,0.041450497,-0.046438552,0.0031789553,0.007675735,-0.044843584,0.069212094,-0.01175295,0.06688552,0.061178554,-0.034058686,-0.0006517317,-0.017370747
0.044062503,0.017539123,-0.056400888,-0.05936163,0.0096147945,0.03516304,0.044617712,0.060261335,0.0064143906,-0.0011775742,0.033904772,0.04600833,0.04192346,-0.046689395,0.036464773,-0.012072924,0.030460782,0.015026489,0.050798416
-0.055370707,0.08255252,-0.026501957,-0.03361835,0.0127842305,-0.039613377,-0.06091913,-0.044059798,-0.047013182,0.026229147,-0.07092846,0.014874198,-0.048382662,0.07362741,-0.07422243,-0.024678143,-0.037087955,-0.060497366,0.041356295
-0.038231112,-0.0126514295,0.0117201675,0.053236526,-0.048737388,-0.053829487,0.021517767,-0.057358913,0.048473384,0.034141798,-0.022827238,-0.070621714,-0.025509264,-0.0046308395,0.014536436,0.05916213,0.075477555,0.05210588,-0.016540458
-0.070617564,-0.03096925,-0.05907112,-0.007678312,-0.0043584337,0.019043801,-0.054861158,-0.0051166704,0.0074167033,-0.028812665,-0.070523374,-0.048361022,0.008004317,-0.04455573,-0.02329216,-0.05004828,-0.0393094,-0.02719561,0.026332598
0.0036576593,0.068184,0.023173954,0.04385604,-0.01840836,-0.06433833,0.077493005,0.06548125,-0.004932621,0.015471602,-0.0051103244,0.025116054,0.03993436,0.038241517,0.061511897,0.041454397,0.04869552,0.050778735,0.013992639
-0.00657661,-0.037524965,-0.05534547,-0.0456978,-0.041717455,-0.038840175,-0.071906775,-0.013463837,0.0508473,-0.060558576,-0.06383362,-0.018454995,-0.0673357,-0.035520624,-0.07185765,-0.03179562,-0.07120495,-0.056651093,-0.017155157
-0.0319674,0.013649342,-0.03536791,-0.052800983,-0.03754953,0.03292633,-0.014520116,-0.0052939323,0.020528637,0.01655885,-0.062663995,0.0062312298,-0.031121992,-0.00011195837,0.01861771,0.0033135493,-0.0084718065,0.03321179,0.031556636
-0.04111135,-0.072731055,-0.07836903,0.015602035,-0.061123352,-0.0060952976,-0.05137205,-0.032922495,-0.04688599,-0.04124423,0.039453518,-0.016199019,-0.014287814,-0.024131756,-0.0006346844,-0.015600429,-0.030024255,-0.018207116,-0.017641276
0.061368126,0.04045006,0.07694494,0.06578036,0.0653932,0.028218705,0.06585691,-0.0029151067,0.048625883,0.078743115,0.044757415,0.014732715,0.05240536,0.02836708,-0.014438564,0.06233114,0.07693603,-0.048393965,0.04613994
0.018665066,0.031710677,0.006964973,0.009965789,0.049883157,0.020668129,0.016252924,0.05704578,-0.02948329,0.0063873013,0.03205413,0.02086789,0.008119802,0.005586408,0.057313494,-0.033943985,0.044486906,0.009788256,-0.016007157
-0.06821983,-0.056741256,-0.040447906,-0.047129255,-0.0626481,-0.07156801,0.019101065,-0.062138047,-0.047257908,-0.035750814,0.032598708,-0.039124247,-0.037313383,0.013950365,-0.006403573,-0.040424045,-0.062065016,0.044106822,-0.06399135
0.07249736,-0.012053797,0.053670596,-0.036167808,-0.022969672,0.024478225,-0.023408866,0.033781882,0.06366957,-0.037944376,-0.02627342,-0.00050589326,0.06473481,0.060545623,0.020121831,-0.043581404,0.028211508,0.034538865,-0.047603883
-0.0034089033,-0.0012133586,-0.028329452,-0.016264878,-0.044134777,-0.017497446,-0.025277404,-0.043366443,0.005365319,-0.030493895,-0.04555473,-0.014713881,-0.0249534,0.0052191583,-0.035830803,-0.04164258,-0.004962066,-0.0009734278,-0.0334989
0.012841833,-0.0077600256,-0.030346021,-0.019834775,-0.0123760775,-0.022600656,0.044314455,0.01845947,-0.010622835,-0.006873889,0.0035845428,0.0044157156,0.019722927,-0.059606813,0.0030281849,-0.013704216,-0.0023631055,0.034008987,0.013200729
0.06760748,0.03431959,0.026089909,-0.04703438,0.0010997918,-0.0042689787,0.076584496,0.07449373,0.04705604,0.004194481,0.01543787,0.015821362,0.00046582034,0.051872354,0.06891398,0.07068704,0.061066277,0.064072594,0.056593943
0.0059327534,0.039238576,0.003990076,0.051236738,-0.036686577,-0.008581015,-0.011439519,-0.011209704,-0.017969053,-0.005685056,0.058452245,-0.008249162,-0.010535124,0.014600058,-0.010586712,0.028590709,0.032829307,-0.0001907143,0.009858123
0.015765093,-0.010884862,0.004219279,0.00033776835,-0.013876559,-0.027017416,0.05646474,-0.069230996,0.004218423,-0.021475267,-0.05621588,-0.010890501,0.021784578,-0.03310548,-0.07475994,-0.033361986,-0.031687282,0.016866991,0.013202828
-0.04405902,0.011378745,-0.011868848,-0.06072258,-0.01711841,-0.013254229,-0.06598159,-0.045489665,0.040352684,-0.06259056,-0.002856823,-0.07174175,-0.06580824,-0.06374665,-0.009047315,-0.05513553,-0.0011123064,-0.0029408417,0.0116654765
-0.03864305,-0.045658756,0.023085143,-0.025319729,0.011097292,0.044349257,0.04482218,-0.013951675,-0.054607596,-0.06405645,0.0120046055,-0.042782642,-0.039533816,-0.03624363,-0.041840326,-0.053448897,-0.048572496,-0.04536761,0.027032733
-0.028294872,0.0013538045,-0.030211186,0.03078102,-0.046156403,-0.015563199,-0.018091476,-0.030879065,0.04702578,0.0022724657,0.008981422,-0.015827525,-0.03362695,-0.004343308,-3.2427557e-05,0.030577358,0.010919565,0.027879521,-0.010849449
0.06544853,0.076654434,-0.015366862,0.054735325,-0.024654254,0.0015528807,0.010070026,-0.0003563801,0.03501834,-0.02039117,0.02098071,0.038453158,0.030271685,0.026098527,0.035394244,0.038441654,0.042972762,0.014502214,0.02317284
-0.007904699,0.022054123,0.036243074,0.0012211854,-0.016002612,-0.008417224,0.049561154,-0.027336003,0.05704773,0.018607324,0.0066701993,0.00330072,0.055519193,-0.029485842,0.042843822,0.031048,0.006265123,-0.014502611,0.042343892
0.065948255,0.08637611,0.07342676,0.030017896,0.04476826,0.06680705,0.053968627,0.055001713,0.05224475,0.075883284,0.06607712,0.05929664,0.07607576,0.073420495,0.064267784,0.071528405,0.024570854,0.04899967,0.07830359
-0.061035104,0.05541885,0.019040927,0.020794427,0.07296632,0.06796098,0.05743064,0.031814575,0.071772486,0.08115029,0.06733323,0.07636981,-0.026492896,0.07248529,-0.003352546,0.070241034,-0.008473565,0.07566616,0.029796446
0.053331167,0.026405687,0.013886837,0.04641653,0.039094657,-0.014704332,0.056267172,0.05234949,-0.02122802,0.06660442,0.0487356,0.06396858,0.043355156,0.045100894,0.048838384,0.06679617,0.07465424,0.05395946,0.023872044
0.06731807,0.062251262,0.046972353,0.056368973,-0.008211449,0.039623223,0.050404992,0.017834738,0.040430386,0.014541408,0.04373353,0.002325887,0.032150954,0.025678875,0.04030759,-0.027056986,0.049963422,0.04798569,0.044641178
0.022507954,0.02430005,-0.057718392,0.003101026,0.08316125,0.009149697,0.011690893,-0.03062746,0.048880514,0.012132672,0.052846137,0.07624521,0.004395423,0.031335056,0.0058793044,-0.021452036,-0.04539706,0.062042728,0.009155492
0.07142782,0.022803158,0.071855895,0.07489955,0.07311685,0.079503335,0.06896749,0.0767364,0.026178125,-0.013073617,0.025012003,0.049131665,0.06253797,0.026023237,0.0010684304,0.03580137,0.018661799,0.0698335,0.08111633
0.007533021,0.08296044,-0.04970284,0.037610997,-0.0002382389,0.018607687,-0.02079275,0.038943928,0.043981563,-0.025784027,-0.008114016,0.011384214,0.01781593,0.043700177,0.045404777,-0.024586549,-0.011676095,0.0022111477,0.03819542
-0.051696748,0.044729885,-0.039050613,-0.018529804,0.037463333,0.024361229,-0.02160851,0.018671941,0.034612354,-0.013989831,0.0132956365,0.038358122,-0.02291634,0.008651436,0.038669996,0.025669683,0.025515206,-0.02882619,0.057460554
0.01777101,0.008661768,-0.061596528,0.060884196,-0.053242598,-0.014048215,-0.059336264,-0.026289199,0.026708096,-0.04348083,-0.0060267877,-0.033304144,0.06532253,-0.070896044,0.021956088,-0.033297863,-0.056537796,0.040891305,-0.065455854
0.05173465,-0.053907905,-0.07091756,-0.047125686,0.0012067595,-0.041446466,0.0116163725,0.012544771,-0.032269448,-0.052172758,-0.028202584,-0.037014544,-0.0504988,-0.04729932,0.03206423,0.008240659,-0.025780289,0.06227808,-0.037536364
-0.03558629,0.08314861,-0.016020346,-7.63651e-05,0.042387195,0.032522608,0.051108822,-0.059950434,-0.04928069,-0.059579954,0.03132273,0.08188007,-0.03935491,-0.043706067,-0.012065564,-0.04645864,0.039775785,-0.0065514753,-0.069968805
-0.009665596,-0.037193794,-0.06734522,-0.037273336,-0.06690253,0.04424933,-0.032894008,-0.075336345,-0.050892796,-0.07281225,0.040926997,-0.063581645,-0.022308372,-0.047963053,-0.012725931,-0.07984567,-0.060941722,0.057439838,-0.06812945
-0.037070617,-0.018810038,0.07026155,-0.044048127,-0.019934548,0.023065949,-0.053397413,-0.030361073,0.015366898,-0.073187955,0.008430231,-0.029998258,-0.053194672,-0.04589094,-0.055709206,-0.01934957,-0.004266609,-0.030752601,-0.05715808
0.071267314,0.016839111,0.02698557,-0.07748685,-0.009732695,0.03592481,-0.021493852,-0.030476913,0.069361396,-0.076386385,0.005793449,0.023608558,0.04902588,0.035924386,0.040859222,0.006533773,0.05812967,0.005154616,-0.056417827
0.066618755,0.0789524,0.07355647,0.07029362,0.07294353,0.07476869,0.07350778,0.061988916,0.07114352,0.067470476,0.071231104,0.06424554,0.063781835,0.06727468,0.07144476,0.05283388,0.060099076,0.056022055,0.07691883
0.05756628,0.042242866,0.05726697,0.06014124,0.0529673,0.03200679,0.010004647,-0.026111674,0.035240866,0.0396267,0.033674993,0.054561332,0.060786817,-0.0007204953,0.045880847,0.0636225,0.034942906,0.035916984,0.0663996
0.013677613,0.04922243,-0.0017431342,-0.024129888,-0.015703801,0.022249375,-0.029020352,-0.057297878,0.054522287,0.022608528,0.0070653223,-0.0069297594,0.009939184,0.026089698,0.022753524,0.0645411,0.008048667,0.023943326,-0.03047604
-0.030934073,-0.035896078,-0.021188572,0.030092092,-0.05745913,-0.05558685,-0.040118586,0.005049708,-0.040993433,-0.04379019,-0.01133008,0.012955324,-0.042350672,0.036375478,-0.031503785,0.012058356,0.020716952,0.021332648,-0.0133015895
-0.033317756,0.027461292,-0.013439047,-0.004365592,0.06664132,0.024483135,-0.031550527,-0.03525413,-0.06840192,-0.04252471,-0.009504304,-0.025140814,-0.021801228,-0.05560837,-0.011897792,-0.03343711,0.025685372,0.027801177,0.018276917
0.018007832,-0.0013286691,0.060712952,-0.04495673,-0.02692894,0.03685074,-0.021749655,-0.030428909,-0.038720164,0.019224217,-0.010332135,0.029770853,-0.04262068,0.050823625,0.019543882,0.009946622,-0.010400542,-0.019693116,0.0498756
0.016167127,0.0066221026,-0.042994693,-0.037470117,0.03544698,0.007582784,0.046237085,0.07148404,-0.0019418809,0.005326125,0.048800796,-0.036670543,0.0599849,0.07090318,0.053149767,-0.06522618,0.04639119,0.07522311,0.03496299
0.047320656,0.030992052,0.007263721,0.04160884,0.006707275,-0.0034080222,0.020751366,-0.0051020607,0.03735255,0.040668424,-0.05108626,0.027764972,0.02361665,-0.015415064,-0.006851065,-0.04226284,-0.008311235,-0.045099564,-0.004695721
0.009337711,0.033131287,0.06205913,0.07939826,0.05782855,0.009553388,0.07066156,0.06658733,0.058767628,0.082564384,0.030546367,0.069809325,0.04152145,0.027321529,0.050829764,0.07387271,0.0397252,0.004450607,0.0737007
0.07882708,0.06573265,0.068999134,0.07782469,0.08516453,0.067940794,0.07767514,0.031679403,0.068583444,0.080870956,0.07079045,0.0746501,0.06759124,0.067192495,0.042050958,0.075298764,-0.01640472,0.080693774,0.07670664
-0.061535187,-0.07575737,0.02267983,-0.079171546,-0.080205955,-0.08075549,-0.07967577,0.032589972,-0.033931866,-0.009599249,-0.049457796,-0.051211614,0.02877643,-0.069488026,-0.059327967,0.029368224,-0.07993166,-0.07225557,-0.06882924
0.008922872,-0.026590765,0.052292984,0.051011067,-0.011192217,0.06102185,-0.0035676968,0.025431043,0.017828558,-0.004563022,0.01788899,0.013973358,-0.002490426,0.03145227,0.051165517,0.048125647,-0.03968715,0.03648964,-0.010116185
0.0052382485,0.0016538288,0.001784869,0.021846619,-0.07937992,-0.07737692,-0.07292015,-0.034186147,-0.07338799,0.04093373,-0.0692632,-0.08306439,0.06219736,0.028645238,0.0019055486,0.059010714,-0.0041551297,0.0026630482,0.007031531
-0.0517519,-0.07088155,0.029814309,-0.023169518,0.008653094,-0.009030284,-0.047032703,-0.03421641,-0.015646387,-0.009013221,-0.009660871,-0.060661145,-0.0399097,-0.060732856,-0.021477649,-0.037029456,-0.052889135,-3.746053e-05,0.008715787
0.08364529,0.025223427,0.07458478,0.07236468,0.08655332,0.08272015,0.08108909,0.075008646,0.07923715,0.083249055,0.08097014,0.08249171,0.07688233,0.07579784,0.07847144,0.078223996,0.07512881,0.07782551,0.08263837
-0.06772171,0.04522008,0.052129228,-0.05562167,-0.0072634085,-0.07136824,0.033203054,-0.051488254,-0.061430026,-0.022027532,-0.05913196,-0.0043340325,-0.071710154,0.06780595,-0.04562639,-0.08093076,-0.04375541,-0.037695438,-0.04566993
-0.032602653,0.02152699,0.007465169,0.070019975,-0.0056719747,-0.006676357,-0.024265448,0.0045004967,-0.023658048,-0.0004812257,-0.0058422056,0.015179573,0.004463917,0.0045827343,-0.029921599,0.0058644004,0.021597935,-0.0500817,-0.005797356
0.042220242,0.040184464,0.009929319,0.030608345,-0.025065351,0.016646748,-0.054847706,0.02742715,0.04658841,-0.046932757,-0.036649078,0.00647837,0.016992006,0.01707525,0.0016817247,-0.03559836,0.017550549,-0.013975124,0.040581927
-0.0023963,0.025762836,0.06793449,0.0628607,0.07026398,0.038014412,0.037355166,0.06280871,-0.036217026,0.03176916,0.03727748,0.029175969,0.042371605,-0.012043515,-0.053419303,0.061668217,0.059884395,0.049437184,0.0043533663
0.05784618,0.03806271,-0.055666696,-0.023959443,-0.029077828,-0.05964546,0.07703505,-0.0019958229,0.052906744,0.009842096,0.02122223,0.07476573,0.045827955,0.07377587,0.037023783,0.050578393,0.057717007,0.057735056,0.01530978
-0.08400377,-0.044314392,-0.062218532,-0.075629435,-0.08613628,-0.08220214,-0.08127329,-0.072861716,-0.08040349,-0.08480447,-0.080345556,-0.07998926,-0.07598471,-0.07353146,-0.066873625,-0.0727103,-0.07563854,-0.083700374,-0.08652081
0.045594294,0.026624523,-0.03981534,-0.031170897,0.053966396,0.05107448,0.0031061557,0.048489228,0.055896405,0.041680355,0.014769447,0.050758854,0.04299863,-0.0058047073,-0.032358035,0.024905294,0.044024486,0.037320103,0.040815596
-0.016273629,-0.058892634,0.044527147,-0.050802242,0.029784888,-0.027624086,-0.03711482,-0.029133404,-0.0588015,0.022162236,0.067219384,-0.025502494,0.06454228,0.039010063,0.066127755,0.028820014,0.0242208,0.02857548,-0.052946236
-0.08255252,-0.08326605,-0.042929552,-0.06018913,0.0631181,-0.045217708,-0.06230516,-0.06096757,-0.06375376,-0.07171877,-0.040858574,-0.052963037,-0.054945264,-0.07333935,-0.06254224,-0.060956806,-0.0598217,0.008785997,-0.080534965
-0.006574792,-0.023946924,-0.014853082,-0.042273328,-0.040685296,-0.017352076,-0.05373262,-0.018106453,0.01583091,-0.036057785,-0.0065662293,0.00051996234,-0.004365163,-0.037286215,0.021109063,-0.012550673,-0.027265979,0.010494251,-0.039464995
-0.043144353,0.007687026,0.0134944655,-0.007014077,0.01927557,-0.061108448,-0.04401791,-0.05074238,-0.021300606,0.007788843,0.015091323,0.039691072,-0.050961334,0.019383464,-0.048723496,0.035656754,0.009498157,-0.03675524,-0.062334504
0.052091125,0.059984304,-0.0056478246,0.009287218,-0.0063183755,0.057933465,-0.03235243,0.055584088,-0.010014945,-0.031252187,0.0068790717,0.016097898,0.07086252,-0.04443461,0.048080288,0.012549688,-0.006232554,-0.04139295,0.026919305
0.067341655,0.0018112728,0.029747484,0.06856968,0.045891643,0.021358743,0.03969752,-0.02940836,0.06809567,-0.056112427,0.024751754,0.06463873,0.05746172,0.072006874,0.051647846,0.04880708,0.044299796,-0.06148496,-0.0385385
0.006678717,0.04915531,0.03233226,0.057181906,0.023271995,0.048132513,0.076170295,0.06824126,-0.015118518,-0.020174393,0.006933777,0.05778975,0.028118186,0.050200354,0.012979909,-0.01601405,0.062166024,-0.0121064745,0.04205136
0.047963075,0.03600315,-0.047504343,0.032735385,0.03530861,-0.034622353,0.038758993,0.028779434,0.033827815,0.067659564,-0.028346583,-0.0009876676,-0.047247384,0.06266263,0.007116767,0.014340661,0.02098573,-0.0010286057,-0.042686395
0.027542168,-0.05389026,-0.00074284326,0.044927597,-0.024577906,-0.0013003844,-0.017474143,-0.035713814,0.014849975,-0.00040922206,-0.054752827,-0.039626528,0.037920125,0.015405786,-0.059005614,0.035612192,-0.014224675,-0.045436397,-0.023350805
0.014029575,0.049922127,-0.0009768519,-0.025249992,0.01687617,0.01050901,-0.051811907,-0.030100938,0.036731806,0.008989632,0.014706535,-0.07893497,0.06135748,-0.00613021,-0.0623958,-0.044056658,-0.04005096,-0.023839762,0.049186844
0.03280603,-0.032244537,0.06898028,0.069973305,-0.052164678,0.020139115,-0.012671451,-0.038176816,0.0637609,-0.02665093,0.033994775,0.029032396,0.0427199,0.022641003,0.060490616,0.063232824,0.05933537,0.059294716,0.0540939
-0.05018992,-0.0040152534,-0.040607076,0.028746102,0.023030078,0.012723981,-0.022438042,-0.023754153,-0.045270566,-0.017341752,0.0171378,-0.043848865,-0.030611174,-0.02993118,0.027265988,0.025738966,-0.017409068,0.01796126,0.05529201
0.029559506,0.04202204,0.015270993,0.052942637,0.066488065,-0.04244134,-0.0017934858,-0.04895351,0.05018906,0.001025096,0.04233262,0.06424169,-0.052395876,0.043190435,0.026749391,0.015447248,0.011873498,0.044234525,0.0006462963
0.037740864,-0.0050481674,0.016313754,-0.048430394,0.043957397,0.044844944,0.05218936,0.016374273,-0.007924034,0.008852897,-0.007929413,0.026160615,-0.034517404,-0.04759072,0.07609925,-0.0743771,0.039891172,0.04060432,-0.020182226
0.03522482,-0.055761594,0.044491176,-0.04445959,-0.05707879,-0.068244815,-0.07804334,0.028058399,-0.03532968,-0.06993611,-0.07839493,-0.040077828,0.003201327,-0.038566258,-0.038202994,-0.06350912,-0.032939542,-0.04927801,-0.054998823
0.019125089,0.03659857,-0.06686905,0.038653743,0.05995019,0.0036135893,-0.04997082,-0.06779147,0.057328705,0.061484043,-0.039048065,0.030727603,0.00080730295,0.05018693,-0.064164534,0.0763334,0.07752242,-0.03268843,-0.08348234
0.01994855,-0.024703309,-0.042416397,-0.015131299,-0.026564214,-0.017294591,0.01713349,-0.035458196,-0.034781765,-0.044139195,-0.0032681257,0.0339667,-0.06352946,-0.06881168,-0.029539224,-0.062398385,0.053925723,-0.06580164,-0.017205741
-0.028238015,0.016858805,0.0274251,0.04549649,0.04222825,-0.010546703,0.03970449,0.032733966,0.05613099,0.065140344,0.030327143,0.018860988,0.028217189,0.04607311,0.059553914,0.073026255,0.042231217,0.0621782,0.064355925
0.077811755,-0.045062616,-0.010464989,-0.056407634,-0.0021388587,-0.043382015,-0.05496407,-0.027703246,-0.04800059,-0.06643957,-0.036869213,-0.03359546,0.061363433,-0.025646323,-0.03200861,-0.061323598,-0.010978677,-0.021873428,-0.057921086
-0.018526165,0.015254782,-0.032563906,-0.031651754,0.04211286,-0.026712153,-0.037578646,0.003904531,0.04739977,-0.029291758,0.044837765,0.05787852,0.062336173,0.008605923,0.029665107,-0.04889222,-0.070454836,0.047947593,0.047844607
-0.062887184,-0.036194354,-0.05219225,-0.060538873,-0.06308166,-0.01491355,-0.0035767094,-0.009836739,-0.060450453,-0.07885044,0.022746969,-0.03150835,-0.050128862,-0.06428904,-0.073448405,-0.058624133,-0.012318046,-0.010846139,0.0010218546
-0.0544952,-0.026991982,-0.042925373,0.005867726,-0.010771009,-0.01990176,0.031951085,-0.070361674,-0.009728715,-0.036880985,-0.050270077,-0.061262086,-0.031232534,-0.052700587,-0.01463683,0.010128285,-0.05046083,-0.060422707,-0.05522213
0.023631858,0.056867313,0.060189556,0.06618664,0.074977726,0.02847739,0.019303456,0.0063803736,0.04774464,0.058273852,0.02669606,-0.0067598443,0.03214867,0.06573153,0.060805216,0.06859065,0.043274753,0.027581776,0.04942582
-0.027059307,0.009822582,0.0717373,0.020496026,0.035591666,0.04752149,-0.028823664,0.03281229,0.011767774,0.0049991454,-0.042954873,0.011728079,0.007927196,-0.026465993,0.037949488,-0.016554924,0.020579964,-0.06500232,-0.049441304
0.0041644713,-0.060893938,-0.0041425982,0.03891212,0.022757668,0.0017200462,-0.013380947,-0.0072359643,0.034521878,-0.0056414274,0.02307098,0.03459908,-0.006831367,0.026120309,-0.0028097825,0.013622026,0.042642966,-0.0022075372,0.022828229
-0.014101342,-0.0037028822,0.056736887,-0.008501195,-0.05693381,-0.07276293,-0.063606255,0.015457778,-0.0008549235,-0.0797667,-0.064762175,-0.020417983,0.0043168,-0.054740846,-0.04011458,-0.038399413,0.010806897,-0.061298646,-0.003887218
-0.013195525,-0.028765662,-0.073107325,0.04750961,-0.05683464,-0.057450056,-0.015272055,-0.018223187,-0.0551801,0.012388704,-0.05992376,-0.06151796,-0.05526197,-0.04801583,-0.027749922,-0.050967116,-0.0206677,0.04695306,0.031883113
0.044401135,-0.020278374,-0.012205828,0.02851033,-0.029037222,-0.03742729,-0.03510778,-0.01910914,-0.05129807,-0.0043636025,0.013557603,0.009031025,0.03430358,-0.04681353,-0.03812426,-0.0013873957,0.028278682,-0.05710136,-0.029881524
0.015750904,0.022000834,-0.038221423,-0.01634518,0.018047323,-0.05994809,-0.022048082,-0.04975238,0.011380694,0.019072141,0.048439868,0.03387392,-0.043021128,-0.024809131,-0.016601095,0.013275251,0.041541412,0.02624885,-0.055192806
0.010472689,-0.080601275,-0.03572888,0.030660732,-0.04314601,-0.015372166,0.00066495646,0.059314582,0.0576987,-0.030263992,-0.03341779,0.011362633,-0.03801245,-0.03662655,0.055782773,-0.07876486,-0.013094388,0.014381834,-0.022089235
-0.069101736,-0.009808681,0.07300056,0.01566822,-0.056933027,0.033363234,-0.06615917,-0.04215896,-0.028456356,0.0040734783,0.0057799784,-0.0551755,0.029252924,-0.01637918,-0.03731662,0.062315185,-0.028147215,-0.045288123,-0.067429535
0.010922028,0.024191812,0.031944256,-0.061636698,0.036957808,0.06603865,0.046008997,0.073662914,0.069319755,0.00061653834,0.019059727,-0.02433506,-0.05947484,0.004710309,0.026792755,-0.029698245,-0.00026156413,0.01670418,-0.014825003
0.03986433,-0.07774802,0.068907216,0.07463412,0.07117688,0.06870288,0.059904806,-0.06315515,0.04133012,0.077807926,0.06885117,0.04457951,0.010902817,-0.0629882,0.0057498,-0.042677686,0.0034058322,0.05859862,0.0043030283
-0.022086203,-0.028024461,0.06054238,0.033775162,0.064335674,0.01976163,0.03755643,0.03468165,0.024044625,0.035125133,0.0524391,0.016528675,-0.018340025,0.037775643,0.053624183,0.011225233,-0.0077886567,0.0663345,0.03470275
-0.049320687,-0.06181889,0.018048977,-0.07127502,-0.062192388,-0.057914283,-0.0037554614,-0.013800676,-0.005463597,-0.016240112,-0.044834893,-0.07499538,-0.042681757,-0.07367081,0.023876239,-0.06254829,-0.030305818,-0.049990088,-0.08315866
-0.075519614,-0.059747763,-0.026820403,-0.044023752,0.014151346,-0.031581167,-0.026601966,0.01991947,-0.044919163,0.030283919,0.02890253,0.03575318,-0.05518502,-0.0025476674,-0.06771381,0.039188895,-0.042501282,-0.047949754,-0.0090549765
0.049920473,0.014482896,0.02702266,0.052609693,0.042852107,-0.038963225,-0.03746865,0.061616827,-0.008033415,-0.010561396,0.062024366,0.025752032,-0.013525003,0.031056968,0.040221494,0.08236944,0.05956344,-0.040614,0.07492067
0.083830476,0.012882166,0.07995325,0.046190932,0.028237527,0.078092285,0.057555255,0.078689106,0.07754073,0.0642024,0.07367934,0.083386384,0.07686336,0.07068321,0.07616428,0.040623005,0.05985802,0.080495045,0.084123015
-0.031806976,-0.012780403,-0.046660464,-0.0032515128,0.020859253,-0.015720487,0.013462796,0.03432748,0.0508387,-0.014343748,0.02088966,0.05172099,-0.061706938,0.02381924,0.000929274,-0.05822925,-0.021310939,0.024053134,0.031380985
-0.017624022,-0.025731275,0.07222106,-0.06298656,-0.01937789,0.06076658,-0.022171386,0.013831122,0.024564309,0.058996614,0.014657786,0.07083745,0.035223845,-0.038155895,-0.008070476,-0.05521176,-0.059984576,0.037390668,-0.048226815
-0.04764798,-0.048539095,-0.0071851243,0.0021853847,-0.05710637,-0.03611054,-0.04440714,-0.007164575,-0.059025038,-0.003042922,-0.050355196,-0.07186654,-0.0017277143,-0.03404457,-0.027801776,0.009736743,-0.05969616,0.0427216,-0.033406354
-0.041039873,-0.059882388,0.027789792,-0.037363663,-0.047093794,-0.06143176,0.03135768,0.037782926,0.036557507,0.031482372,0.06567254,0.0038082981,0.051095486,-0.030339204,-0.018693658,0.025690224,0.07227115,0.027639434,0.039052743
0.04568367,0.058579147,-0.06580964,0.026983015,0.02341374,0.0072032716,0.069203325,-0.030049726,0.077869624,0.07246763,0.050593678,-0.032905977,0.05481843,0.047834896,0.05854679,0.03330278,0.08049111,0.00235266,0.038267806
-0.0066826926,-0.014825819,0.025126485,0.04935835,0.022379316,0.055726264,0.008246145,0.054115277,-0.05025029,-0.0012408165,0.019100375,-0.009766079,-0.033857394,-0.0189874,-0.04028833,0.0065885554,-0.06525583,-0.017427418,0.029256843
-0.006180549,0.056009203,0.048879392,0.016375422,0.03687981,-0.0038583416,-0.024634797,-0.045701906,0.009345924,0.008061318,0.0034205208,0.015419931,-0.03128641,0.04218634,0.023247061,0.03964785,-0.0015239783,-0.022862894,0.005158253
0.03178736,-0.049174022,-0.07827739,-0.0005292001,-0.023887103,-0.047381163,-0.02750268,0.057040602,-0.007866544,0.01417846,-0.042848125,-0.03195501,-0.006876135,-0.049416218,-0.029059304,-0.0018291449,-0.062947966,0.04752588,0.066770256
-0.029486619,0.061427098,0.02113448,0.00811292,-0.026725046,-0.011623983,0.039943766,-0.024955615,-0.004422553,0.021950705,-0.01625434,0.0013248136,0.029082138,0.010703237,-0.0068262415,0.008495063,-0.038966265,-0.049880166,0.013040592
-0.028339917,-0.027634166,0.06628525,-0.049529772,0.06961819,0.027323198,0.0035683983,-0.008871309,0.015792921,0.021644123,0.026391935,-0.0035963333,-0.029694019,-0.05791029,0.017989226,0.061478436,-0.014582088,-0.044371895,0.05818895
-0.06703859,0.05275536,-0.006643215,-0.00053533545,-0.040158197,-0.0557321,-0.005883193,0.048858877,-0.044673197,-0.039686944,-0.052794557,0.042300537,-0.03425381,0.051285252,-0.017850189,0.03636079,-0.052914657,-0.07534404,0.038816568
0.032026473,-0.0428378,0.032276265,0.019225914,-0.061743747,-0.023422522,-0.043353856,-0.066081725,-0.03846467,-0.056233592,0.045843277,-0.051836524,0.01962709,-0.0029790364,0.043285787,-0.0069639757,-0.03616937,0.022885688,0.044405296
0.036281534,0.007473956,0.02734377,0.0653313,-0.030188432,0.052830935,-0.049302712,0.0141767785,0.0008931154,-0.059742864,-0.023272874,0.008071639,-0.048200604,-0.020387603,0.029252307,0.063775696,0.066731624,-0.006614266,0.048957285
-0.02603349,-0.058912992,-0.06510303,-0.06543815,0.006617713,-0.044508472,0.020071475,-0.007502657,0.05719574,-0.025517086,-0.0731133,-0.033426754,-0.022789601,0.0025927038,-0.07294994,-0.022495659,-0.07492451,0.02675044,0.016816119
0.0374414,0.04942768,-0.056772575,0.01788017,0.034320313,0.027145337,0.04559381,0.047611274,0.0056867357,-0.03363614,-0.021218253,0.07070401,-0.055869125,-0.03919748,-0.05006826,-0.03603343,0.036269065,-0.06212849,0.03661424
0.017418016,0.06646607,0.066318475,0.055856396,0.041268025,0.059287105,0.0734769,-0.02482259,0.010020057,0.079627454,0.05709098,0.035835434,0.0682969,0.06956574,-0.018004188,0.082306445,0.061182197,0.061892405,0.05616871
0.045344274,-0.026453845,0.00792213,0.021655697,-0.006748892,0.005386469,0.010673983,-0.010326678,-0.06335569,-0.03660378,0.014825222,0.026244283,-0.008937726,0.0018958814,-0.022350255,-0.045364544,0.054880332,-0.05436043,0.026809638
0.039347168,-0.004237005,0.014783602,0.03273631,0.033219885,0.035038356,0.007217253,-0.037683647,0.033537034,0.058771472,-0.027157443,0.022114323,0.060187317,0.018685991,-0.032346442,0.059593555,0.029683042,0.07062488,0.047551993
-0.07912561,-0.09022594,-0.076190025,-0.07567654,-0.07920662,-0.076289654,-0.07848014,-0.07682011,-0.0771132,-0.071687356,-0.07806763,-0.08016513,-0.0708149,-0.07512954,-0.0746147,-0.07996406,-0.076918386,-0.07737852,-0.0796792
0.082791135,0.04219407,0.057781056,-0.038774565,0.07813001,0.06937757,0.07409439,0.041909974,0.076291956,0.06871041,0.07459491,0.054032423,0.07471665,-0.04421787,0.048187315,0.029576804,0.04459467,0.08162777,0.07673382
0.023632426,-0.03980398,-0.012763291,-0.070505545,0.08256979,0.05626099,0.010617331,-0.040407665,0.011026769,0.051486105,-0.012242918,0.03401047,-0.035316877,-0.027508952,0.0011697034,-0.03515551,0.008488025,-0.026612345,-0.03298457
-0.036162443,-0.04288455,-0.013908309,0.03735764,-0.03328597,-0.019217784,0.024312615,0.02352013,-0.04850358,0.043667834,-0.011121982,-0.029589305,-0.040512156,-0.036300547,-0.01990639,0.015052419,0.023577394,0.0048853224,0.047328107
-0.03672791,0.009707619,-0.009038048,0.059741892,-0.012756551,-0.015994675,-0.014719301,-0.030187078,-0.001028046,0.024805063,-0.04826519,-0.016054232,-0.023687726,0.00086248404,-0.027204925,0.012505787,0.056334026,-0.012868832,-0.058850367
-0.030176105,-0.039629668,-0.043309424,-0.029899098,0.06671104,0.0619536,-0.039333273,0.025804933,-0.017282156,0.07271074,-0.01720697,-0.041868612,-0.068198845,-0.047824837,0.022678746,0.022215022,0.0631811,-0.02569589,0.0040435633
0.07065636,0.09283755,0.04418571,0.079355456,0.07518496,0.050692208,0.066836774,0.073593915,0.07601453,0.043879535,0.069855444,0.07870459,0.069934085,0.074726455,0.06467314,0.06421911,0.07893756,0.062069952,0.07104935
0.051912457,0.03533669,0.017199945,0.044004653,-0.036387075,-0.037477933,0.0057156696,0.015911255,-0.021126859,-0.00087550003,0.029057797,-0.007931512,0.06271606,-0.016929192,-0.00038177794,-0.027111335,0.020021955,-0.004243782,0.0050549074
-0.008730497,0.034053918,-0.036312558,-0.0335544,0.031508483,0.007912433,-0.008740505,-0.05546619,-0.0026793908,-0.034457587,-0.034074135,-0.04426466,0.021119468,-0.0075934576,-0.01849214,0.048988912,-0.044588547,0.01242054,0.007838442
-0.0021030605,0.013305233,-0.03376752,-0.0592669,-0.0314106,-0.011192668,-0.076017365,0.03315197,-0.030873055,-0.060443163,-0.03338261,0.05430686,-0.011090289,0.0025944775,-0.06419196,-0.012478602,-0.06352346,-0.04656173,-0.015678514
0.07738193,0.043359097,0.07603118,0.027483253,0.07229278,0.06836416,0.07546902,0.072399475,0.072038926,0.07203134,0.07099042,0.07702351,0.045167394,0.05319302,0.061721828,0.05961537,0.067521445,0.06250137,0.0746127
-0.022265673,0.009892149,0.04036448,0.06494854,-0.032848403,-0.0087967655,0.050956212,0.043843795,0.020301633,0.06585184,-0.04112803,-0.055146728,0.00032357257,0.06916752,0.014456833,0.04313181,0.012285583,-0.011358003,0.05093758
0.058827493,0.021966752,0.04500535,0.042848166,0.009837031,0.045978114,0.017176138,0.05403088,0.007105342,0.06269707,0.008563747,0.05776306,0.05983889,0.061703604,0.011425331,0.019567382,-0.0039842357,-0.03755453,0.075977124
0.024154784,0.040632688,-0.00077134906,0.07751255,0.0131005645,0.049337253,0.04873464,0.018434612,0.07640804,0.05657195,-0.069208436,0.04153991,-0.037454315,0.063592575,-0.07338827,0.0027033985,0.07854924,-0.011247398,0.02223712
-0.016831527,0.02827365,0.051910706,-0.013840978,0.0043737055,-0.012129552,0.0065991967,-0.060113832,-0.03249145,0.063043095,-0.01571397,-0.016128862,0.015063801,-0.009049518,-0.07096307,-0.059570048,0.06476906,0.022798195,-0.05289789
-0.054978803,0.009941539,0.037007652,-0.015236048,-0.064088635,-0.0014795911,-0.05300633,-0.064995006,-0.015135873,-0.071854204,0.058879256,0.02182726,-0.069445856,-0.06991743,-0.06197268,-0.081174746,-0.032994848,-0.06449779,0.018834636
-0.046866767,-0.04118706,0.011094945,-0.05341107,-0.06209499,-0.02807773,-0.050548557,-0.033541054,-0.057475656,0.008188163,-0.079734966,-0.0426864,-0.06641832,0.050048638,-0.0746364,-0.03134436,-0.06376776,-0.044282123,-0.07877702
-0.023884788,0.017062958,-0.017589903,0.014864028,0.052652,-0.05973148,0.014196292,0.015497584,0.034709014,0.055033553,0.02196714,0.034199648,0.010870452,0.021103455,0.019409219,-0.0016866215,0.016737456,-0.039018393,-0.044276632
-0.05792831,-0.065730214,-0.05591076,-0.069971316,0.054065574,0.016807584,0.023877384,0.011667679,-0.010079461,-0.037745353,-0.052403934,0.0022259285,-0.019412445,-0.027367996,-0.04879381,-0.037984952,-0.0698102,-0.07341982,-0.06095948
-0.010208289,-0.032979473,-0.006900839,0.02010689,-0.054261573,-0.053478204,-0.02084391,-0.0456075,-0.037139177,-0.057881735,-0.019080153,-0.064345345,-0.023787087,-0.011055451,-0.031953756,-0.029207392,-0.03750891,-0.05381523,-0.04912846
0.03840637,-0.028849205,-0.029688077,0.027803337,-0.028255092,-0.016668184,0.0031936986,0.062406708,0.040204253,0.035629515,0.04455538,0.006515828,-0.015348361,0.012306015,0.02411987,0.01253796,0.069919534,0.0032169477,0.021390047
0.031255543,0.016817588,0.003140384,-0.025366886,0.008666176,-0.049802125,-0.05690649,-0.04039324,-0.02958853,-0.043731652,-0.022180447,0.0337199,-0.043967247,-0.029797832,0.009801636,0.0409715,-0.042690806,-0.011140163,-0.03973678
0.049955394,-0.022270044,-0.0059333667,0.0010527126,-0.058101937,-0.0075887726,-0.05639692,0.04354898,-0.059082594,-0.0081905285,-0.04546748,-0.01242785,-0.020076178,-0.025117276,0.016449714,0.0058441814,0.033528052,-0.0538937,0.0034460814
-0.053211126,-0.078378685,-0.00051309355,-0.063383274,-0.028818177,-0.01804476,-0.015510781,-0.054263677,-0.029633688,-0.010526541,-0.009460699,-0.05884343,-0.06876404,-0.020689199,-0.013501089,-0.049192756,0.02045138,-0.02913015,-0.051838476
0.07946258,-0.024884034,0.04174523,0.07131187,0.06865626,0.07703484,0.08013443,0.010541739,0.07084954,0.021039575,0.046963077,0.07433212,0.063503094,0.06440866,0.07626194,0.07381294,-0.025877012,0.040066224,0.07421253
-0.018202597,0.019354923,-0.038762476,0.049544886,0.022225795,-0.007077648,-0.029716851,-0.03568774,-0.053608567,-0.07484134,-0.01815038,-0.037166394,0.02092857,-0.030187806,-0.060008947,0.0019841774,0.0011437399,0.0032634542,0.050162356
0.018324919,-0.027614368,-0.010811203,-0.0011917421,0.007329176,0.014784232,0.025667408,0.050817523,-0.039332595,0.025075713,0.046630654,-0.007850323,0.016100995,0.027051242,0.0038585851,0.014987242,-0.051284533,0.030728279,0.07381837
0.047167417,0.001665218,-0.0030909884,0.008096455,0.023615584,0.04829736,-0.019121582,0.02833162,0.040947475,-0.020314213,-0.0025672247,0.0127530955,0.012741213,9.699676e-06,0.046628144,0.039986573,0.01864281,0.04944155,0.017266873
-0.045748968,-0.012532642,0.00717444,0.034959644,0.02827223,0.051616274,-0.0045855613,-0.06922727,-0.061253276,-0.012714491,0.05243955,-0.045359567,-0.038372308,-0.057011086,0.012586072,-0.023498466,-0.04660782,0.05159335,-0.013429329
0.009137004,-0.0711095,-0.042813815,-0.013012151,0.029478967,0.0042972104,-0.048461407,-0.026467852,-0.05124246,-0.03647871,0.0009736312,-0.028992068,-0.023382047,-0.0026202784,-0.042597935,0.012917134,-0.008360312,-0.023408066,-0.021633146
-0.042867202,-0.035385042,0.052209225,-0.07612607,-0.025338879,0.012106659,-0.05137542,-0.02700737,-0.058638606,-0.02656534,0.0012031841,-0.043614205,-0.06863677,-0.05496454,-0.025404423,-0.05579624,0.007364667,0.034334395,-0.011470554
0.02185822,-0.012671913,-0.053189784,0.08055205,-0.03852536,0.061476737,0.05951109,0.053453956,0.022048939,0.06546037,-0.01618364,0.013197588,0.018194752,-0.030041242,0.06188963,0.079016484,0.06944621,0.048076045,0.012405231
0.00046893043,0.03942894,-0.0059378543,0.031679485,0.042925265,0.050273918,0.04069929,-0.017236846,0.053134404,-0.008316317,0.022326369,-0.006245861,0.02245717,0.0099216355,-0.061691362,0.009246369,0.052924223,0.06030026,0.022705834
0.05746363,0.023176974,0.06282991,0.023683282,0.03235759,0.06834893,-0.025662871,-0.06249471,0.0766322,0.046082597,0.07775042,0.055870682,-0.023572871,-0.017831914,0.07808978,0.079048805,0.027314857,0.062206633,0.029134506
-0.021500556,0.0003738674,0.074817255,-0.023274835,0.0037751116,0.009784485,0.008353026,-0.012917265,-0.00044048144,-0.0018860918,0.022834644,-0.05507932,-0.043020707,-0.033462163,-0.0145646,0.004273008,-0.033613276,0.009195004,-0.03889485
-0.08034943,-0.08366259,-0.029909825,-0.0799391,-0.070233665,-0.073563665,-0.076180525,-0.013987887,-0.043109003,-0.058496367,-0.054247696,0.019546404,-0.07518154,-0.07915987,-0.06703451,-0.073694155,-0.00071508304,-0.061923783,-0.07395309
0.03068614,0.05678551,0.04037571,0.03964228,0.04108512,-0.00089318154,0.030907216,-0.025376782,-0.0068902266,0.055194322,0.06862889,0.058604848,-0.005247215,-0.0027993524,-0.026156936,0.058390945,0.07346069,0.034417313,-0.032222085
0.04165327,-0.057351414,0.03729396,-0.026386248,-0.023518292,0.026813706,0.01978794,0.008530325,-0.019532556,-0.033510372,0.01827525,-0.02871336,0.03806116,-0.02568627,-0.010832871,-0.035528228,0.018946482,0.025555527,0.036495693
0.025584541,-0.031006321,-0.052171577,-0.02647418,0.03345335,-0.028561149,-0.024732629,-0.061355423,0.019435124,-0.058947917,-0.021761961,-0.009623878,0.05998864,-0.07264226,-0.010059574,-0.070155576,0.011472728,-0.03181966,0.049396314
0.059707016,0.09438617,0.055805046,-0.019824939,0.0041568344,0.022287155,0.03882711,-0.011703486,0.037134327,0.031613056,-0.0041338583,0.063026465,0.064864345,0.02915868,0.0070120604,-0.00812271,0.03152135,0.041317567,0.058356106
-0.061711077,0.09601786,0.0077997004,-0.059169408,-0.052618846,-0.03960578,-0.06168509,-0.06899884,-0.07279495,-0.049644824,-0.07966195,-0.07380481,-0.05121591,-0.059143428,-0.049476642,0.019673653,-0.0424574,-0.08001578,-0.07670756
0.06434775,0.04591588,-0.07161812,-0.0037493752,-0.01437397,0.030764371,0.0074319146,0.06227151,0.06217813,-0.016175909,0.0152198095,0.07166471,0.022921586,0.06062697,-0.0055363947,0.011327136,-0.03221116,0.03884525,0.05016842
-0.02040095,-0.0765819,-0.053137027,-0.041025028,-0.019782286,0.031410675,0.008293542,-0.02979503,-0.037196707,0.013834832,-0.015814856,-0.031627957,-0.027332483,-0.022188585,-0.06480149,-0.018560102,0.05957113,-0.02893979,0.013161861
0.06683445,0.006402195,-0.048431475,0.02184607,0.04239106,0.034283582,-0.01646145,0.029924048,0.036390174,-0.01043523,0.011584096,0.02861206,0.04908838,-0.031814463,-0.004434423,-0.02158519,0.0172795,0.05226503,0.02240601
-0.019821998,-0.03973218,-0.017658029,0.0060949065,-0.003977038,-0.026102955,-0.045730922,0.011012347,0.03367081,-0.026979264,-0.042513654,0.016122816,0.023577182,-0.03915865,0.014965119,0.0010852776,0.007801067,-0.028982451,-0.04085646
0.03825227,-0.03224298,0.0431951,-0.041992184,-0.05494606,0.029789632,-0.06363041,0.04087391,0.033328604,-0.078291185,0.05172727,-0.0063117095,0.042183477,0.012688092,-0.046024706,-0.07020237,0.060578573,0.0007739496,-0.0014266147
-0.0182848,0.04194934,0.038932912,-0.058090013,0.027326912,0.024933744,0.012315168,-0.078552864,0.008996448,0.056914758,-0.048736695,0.054458674,-0.070805095,-0.009321843,-0.03469999,0.03134248,0.0616981,-0.06870449,-0.06993128
-0.00027884002,-0.01955573,0.043592434,0.040280655,-0.057135895,-0.06279519,-0.056690585,-0.036626,0.02996115,-0.008497446,0.025040403,-0.010008792,-0.007379497,-0.01589108,0.063049816,0.018525366,-0.020999625,-0.030620147,-0.03843625
0.02507477,0.015074677,-0.00069652917,0.012405376,0.0052854307,0.033365354,-0.01577507,-0.003135489,-0.027349977,0.0029885196,-0.011659879,-0.051220108,-0.030555286,-0.033913493,-0.009851037,-0.0071924077,0.025365036,0.002174366,0.039830863
0.07562438,-0.018517194,0.004503974,-0.056124814,0.07731617,0.049757786,0.07906977,0.053617198,0.07031897,0.07050091,0.058326278,0.05951587,0.07574464,-0.020862477,0.07325264,0.06143327,0.07954249,0.079347305,0.05807386
-0.06533496,0.03265263,-0.051118687,-0.057290446,0.0074192975,-0.053203944,-0.06449193,0.020185886,-0.057543326,-0.03260306,0.041981936,-0.01573309,-0.06182288,-0.0033405228,-0.024152618,0.061656006,-0.0468444,-0.009455654,-0.022330454
0.042823017,0.00017044964,0.03483924,0.056262232,-0.044580583,-0.044423457,-0.010941387,0.037129063,-0.012106676,-0.034977164,-0.04737773,-0.049700994,-0.014658904,-0.030226234,0.0073794257,-0.069870465,0.077631816,-0.008622583,-0.029243743
0.01400921,0.0001857455,0.0025154767,-0.022155572,-0.0384773,0.015068341,0.015791688,0.0024139814,-0.045043744,-0.023787925,0.01015592,0.0059162676,0.0036827673,-0.010911001,-0.03582028,0.0047380296,0.02454251,-0.0011837716,0.027914304
-0.014322815,-0.061332315,-0.048180595,0.008342349,-0.06687283,-0.055771843,0.013820638,-0.06093812,-0.029595073,-0.03723217,-0.055931866,-0.015044813,-0.044237807,0.0035640576,-0.059199277,-0.0494313,0.01732546,-0.055571422,0.027388193
-0.030026915,-0.0454221,-0.013610368,-0.054403313,-0.05058351,-0.029775685,-0.038078353,-0.033875745,-0.028712263,-0.03374802,-0.050376266,-0.023002462,-0.059356786,-0.01877743,-0.035099298,-0.036042802,-0.03880885,0.015467309,-0.05380536
-0.02291072,-0.037281018,-0.009541283,0.06797327,0.02540386,0.027589196,0.05538174,0.027420396,0.027724326,-0.039559886,-0.022150865,0.021988751,-0.03194901,-0.045237653,0.008012325,0.030218737,0.041840628,0.04216426,0.015222845
-0.008054678,-0.008763873,-0.005465476,-0.028221203,0.05412503,0.03035249,0.049043197,0.025798261,0.074487895,0.05202512,0.035178505,0.03294022,0.019934904,0.055186097,0.06836688,0.036042217,0.044401467,-0.0414956,0.06273134
0.02968978,0.0074911397,0.013167541,0.06890504,0.007302567,0.035558153,0.015707986,0.07355386,0.069337375,0.023054529,-0.009022119,0.035198648,0.04940047,0.06710397,0.038832285,0.028894791,-0.028979702,-0.03412196,0.037538398
-0.053953357,-0.027783185,-0.06346651,-0.023766993,0.045633066,-0.030657774,-0.06760808,0.040000863,-0.03334128,-0.057507806,0.06567768,0.02129189,-0.0741621,-0.07806001,-0.07763144,-0.016132087,-0.050472774,0.047422,-0.048513383
-0.023314327,0.025368515,-0.06883348,0.020630388,-0.060747776,-0.03507657,0.0011118961,-0.028520232,-0.04659323,-0.059776712,0.020753788,0.022473134,-0.011724699,-0.04660651,-0.07449837,-0.049853683,-0.056768324,-0.039138358,0.06038149
-0.04236453,0.029348029,-0.06474784,-0.010551882,-0.030177847,-0.021854002,0.030283548,-0.05485314,-0.012382396,0.06175048,-0.012837215,-0.05335167,-0.04440543,0.034281097,0.03487006,0.025045067,0.063128926,0.03695789,-0.047879644
0.03781234,0.02278106,0.0126126055,0.006687367,0.02079618,0.0034178537,-0.05086275,0.036928475,-0.02232398,0.031181928,-0.023934815,0.0030984206,0.05872736,-0.012494039,0.018984837,0.023707552,0.04236488,-0.049849108,-0.031218546
-0.028145978,-0.082969345,-0.076812655,-0.06726019,-0.076160066,-0.052589938,0.014774224,0.0021745446,-0.064944394,0.038370516,-0.01754071,-0.05988889,-0.02167281,-0.022038857,-0.015548384,-0.03719146,0.009435307,0.059580527,-0.00820624
0.02816308,-0.026295474,0.008785324,-0.069388844,0.0048662582,0.0028904278,0.03154066,-0.039628286,0.033941176,-0.048728436,-0.009773812,0.018259559,-0.037677024,-0.049710773,-0.059761506,-0.043547876,0.039104737,0.044571992,-0.0706563
-0.07749788,0.004209074,-0.056271747,-0.07082,-0.060248334,-0.0781759,-0.06495392,-0.060700033,-0.077247754,-0.07849506,-0.055800416,-0.04674546,-0.07060938,0.0056689726,-0.05301078,-0.073516965,-0.010602252,-0.0633164,-0.07726409
0.033486832,0.034538765,-0.0019073815,0.012510048,-0.0040149037,0.0051364875,0.040964477,-0.002718045,-0.011272889,-0.04080346,0.030070875,0.016584545,0.02728572,0.0692658,0.03708395,-0.014539035,-0.02234975,0.026682839,-0.015111019
0.008403291,-0.0071918336,-0.014437374,-0.06258423,0.0677094,0.03492171,0.024469841,0.06916457,-0.047973603,0.052865256,0.048216816,0.05134373,0.0033595904,-0.024066828,0.02386228,0.013908667,-0.009009533,0.0679511,0.01312686
-0.050702114,-0.051633347,-0.039756622,-0.014096948,-0.06516117,-0.055884317,-0.057062343,-0.070957355,0.045583885,-0.015146073,-0.07228213,-0.059527684,-0.062931284,-0.06880347,-0.072616205,0.0131513495,-0.029963713,0.021962771,-0.006294103
0.03773573,0.041452534,0.047772605,0.04725987,0.014039222,0.0103208665,-0.008211435,0.043362826,0.058752656,0.054266885,0.051502135,0.02054014,0.055012967,0.06213125,0.047851063,0.03422946,0.03201029,-0.004075441,0.06732008
-0.03899811,0.038975254,-0.040251993,0.06581142,-0.0024571337,-0.0509291,-0.018169409,-0.023394492,0.0037908414,-0.020786576,-0.034487065,0.062168762,-0.056071904,0.036743734,-0.039162736,-0.024058742,0.050849997,-0.027958008,-0.017473977
-0.044618994,0.01584114,-0.013955814,-0.0072104433,-0.044504944,-0.016918948,-0.00412847,-0.070749864,-0.0206762,0.0076705455,-0.010407146,-0.016134674,-0.029178638,-0.04670013,-0.01147058,0.03686915,0.006147156,-0.024585675,-0.038020324
0.07103162,0.05178514,0.035466347,0.03526403,0.033899996,0.0439191,0.052664295,0.06380838,0.062040184,0.054522105,0.012182662,0.05722615,0.06439801,0.06369529,0.054093182,0.011370074,0.06561574,0.037723284,0.04328121
-0.057695217,-0.045196913,0.01476618,-0.057466824,0.04035861,-0.0031376542,-0.04343653,-0.02955369,-0.023607044,-0.08243592,-0.07840925,-0.05027183,-0.012344314,-0.04675343,-0.052090783,-0.045562275,0.015459082,0.04094222,0.027080676
-0.043965712,-0.0063534756,0.044411376,-0.0015947844,0.008848846,0.026012383,-0.056530673,0.060357705,-0.039402124,-0.037245303,0.03398672,0.042141926,0.06489371,-0.03180889,0.0062908065,0.037000712,-0.006555692,0.042952016,-0.04542887
-0.0045310147,0.063010156,-0.016667044,0.013968771,0.008802665,0.059680786,0.03676596,-0.0195353,0.011532425,-0.024638822,-0.033071958,0.0035741923,-0.044943023,-0.06161636,-0.036733683,0.025284186,-0.06225495,-0.023222636,0.021702321
0.000754817,-0.014061162,-0.03301531,-0.021256518,-0.01776644,0.041031994,0.05000567,0.048489593,0.009905395,0.005342446,-0.040401578,-0.062456645,0.029808993,0.06932433,-0.036994647,-0.016596219,0.032941245,-0.06943946,-0.00080960506
0.023072712,0.040952038,0.056270655,-0.057434328,0.030930743,0.026635678,-0.051927503,-0.025843203,0.03873302,-0.037718154,0.049568627,0.04094159,-0.01854662,-0.04169217,0.03940676,-0.013731976,0.004622144,0.03431291,0.022198414
-0.06054017,-0.004254155,-0.045673378,-0.008230576,-0.013006999,0.021323757,-0.029431403,-0.014071888,-0.038240723,-0.07184536,-0.06801097,-0.011999684,-0.04483217,0.021512737,-0.02547193,-0.06619951,-0.020068103,-0.0074698585,0.004942919
0.07592058,0.042703524,0.056882143,-0.006956077,0.019107942,0.03626535,-0.0029397663,0.020446986,0.025420638,0.034459405,-0.047371168,0.055379614,0.042372696,0.039105028,0.05354426,0.05624808,0.055586416,-0.039669856,0.07236148
-0.062477876,-0.05439229,-0.020316726,-0.016281996,-0.0678042,-0.068160005,0.01112592,-0.032803938,-0.03455327,-0.030463059,-0.053563155,-0.02751874,-0.041810624,-0.036727443,-0.06165759,0.0019076935,0.0023655444,-0.04921932,-0.060484804
-0.031135276,-0.07524918,-0.016778668,-0.050926734,-0.026444748,-0.032554943,-0.043298397,-0.030569836,-0.02924906,-0.026914116,-0.036815125,-0.038133916,0.0074774115,-0.017805927,-0.036539327,-0.024330387,-0.029974759,-0.013035991,-0.054162234
0.023267567,0.005403251,-0.016574048,-0.07063423,-0.0066655963,-0.0515745,-0.0706628,0.054498076,0.0177804,-0.07411379,0.06799993,-0.06182971,0.023304604,-0.024270365,0.036894538,-0.0044289855,0.05385071,-0.07198662,-0.049084723
-0.047775928,-0.06406975,-0.022868775,0.0126464255,-0.070883974,-0.07929175,-0.022498274,-0.05422839,-0.04211332,-0.07769503,-0.069361,-0.03931953,-0.06744934,-0.0714076,-0.072055966,-0.035219714,0.027606538,-0.059152592,-0.08049345
0.07070543,0.083636954,-0.020746283,0.033913933,-0.06839281,-0.038136907,-0.026450487,0.044773992,0.018253814,0.021546992,0.053918097,0.04381091,0.05125507,0.03747665,0.008224952,0.040613078,0.06572934,0.02047319,0.015604584
-0.0035433855,0.0017038536,0.06974893,0.00854268,0.07633339,0.06059294,-0.044283222,0.036696065,0.04859201,0.0020702353,-0.036304858,0.060176637,0.05875668,0.04828596,0.006940041,0.022427713,-0.041416362,0.018216392,0.04630753
0.063053206,-0.04097582,-0.02841212,-0.0572535,-0.039630003,-0.05242467,-0.036479674,-0.029269932,-0.04304496,-0.045967665,-0.02221452,-0.05020039,0.055582125,0.0019409914,-0.045220353,-0.033523515,-0.016740087,-0.032828756,-0.012315916
0.06614794,0.051228017,-0.007798357,0.051808525,0.032313287,0.03951866,-0.033614065,-0.030899942,0.04590416,0.038308784,0.03136109,0.03922647,0.051988892,0.06165637,-0.017752113,-0.039878346,-0.00024029639,0.015935577,0.047726117
0.0025485635,0.028567676,0.044145986,0.06365535,0.03823296,0.06252126,0.04562995,0.044580463,-0.011623169,0.04872524,0.058911018,0.054431695,-0.0034789748,0.031488232,0.031235682,0.065777704,0.03476195,0.026009986,0.05549244
-0.01433303,0.049185086,0.021257171,0.06837489,0.0060136863,0.036423497,-0.037895124,-0.03976674,-0.019486107,0.07506863,-0.054294854,0.05082344,-0.051261798,0.07847211,-0.05225816,0.0079216305,-0.004010148,0.03854612,0.0012156924
0.0046171374,0.026978789,-0.041775946,-0.03608467,-0.012485906,-0.05090764,-0.03937334,-0.017607022,0.008652923,0.024406314,0.014656948,0.05506484,-0.0047013923,0.06459155,-0.023622217,0.004502112,-0.00061199686,0.0036284116,0.016836675
0.030477079,-0.034275644,0.018895226,0.03894934,-0.0018347206,0.009276639,0.033281032,-0.055851806,0.04420225,-0.010464695,0.06554629,-0.03739141,0.051144302,-0.03751741,0.0035987496,0.04761562,0.0069349715,0.0061254827,0.024457669
0.025934227,0.0605797,0.053824425,-0.0073262635,-0.025788752,-0.016514279,0.025511906,0.02448853,0.003594515,7.290799e-05,0.044877432,0.059085466,0.069678895,0.073005944,0.009178011,-0.06685191,0.038369153,-0.04965133,0.008049379
-0.021075029,-0.06620417,0.031366143,-0.05497428,-0.049665608,-0.048392445,-0.044062827,0.02540051,0.007428725,0.06270893,-0.03963412,0.011921309,-0.055292793,0.0472167,0.015639111,0.07871118,0.07570389,0.027483156,0.0472686
-0.078334495,-0.010645925,-0.018824762,-0.025857667,-0.0261752,-0.062143773,0.00021935352,-0.077460065,-0.07629359,-0.016552709,-0.06648755,-0.07796868,-0.059640553,-0.004302477,-0.07830759,-0.073596284,-0.014149317,-0.06388502,-0.06717009
-0.014964307,-0.014629464,-0.046949916,-0.014473111,0.030240962,-0.002430213,0.055002037,-0.07860694,0.025680194,0.013333266,0.031858854,-0.0697896,0.0050975005,-0.0074059423,0.05651491,-0.017659858,-0.055757992,-0.05764445,0.03357315
0.020852061,-0.06543513,-0.003298503,0.0105618825,-0.032943457,-0.021227742,0.042158812,-0.07310312,-0.05414981,-0.0053096157,-0.050783433,-0.045383755,-0.007083638,-0.06778801,-0.064313285,-0.08181046,-0.0003236835,0.036178507,0.003741421
-0.058758337,0.027039979,-0.008611024,-0.036892902,0.018904923,0.020773187,-0.033615924,-0.0074486975,-0.009450693,-0.020720124,-0.043715943,-0.0061377073,0.003316517,0.014161565,0.031944126,0.011981434,0.058111034,-0.034339312,-0.054344468
0.0740174,0.019796718,0.06904455,0.046712168,0.08394399,0.07309812,0.06986182,0.036615636,0.07594172,0.08036472,0.06088688,0.058068052,0.06608454,-0.01594984,0.049739245,0.076317355,-0.017553633,0.05990985,0.067645885
0.03118636,-0.08827164,0.057589825,-0.03645969,0.07810059,0.06849764,0.062446777,0.0355055,0.0614612,0.06933236,0.047300074,0.0656866,-0.024250513,-0.05261022,0.042196725,0.063128114,0.001922841,0.027809726,-0.012951814
0.025487412,0.042800445,-0.0069596535,-0.033423025,-0.01814333,-0.0033715316,-0.0037673786,0.042617988,0.0025459072,0.015340033,0.044798013,0.016866527,-0.022042336,-0.021056514,0.04913629,0.01393254,0.039260708,0.0032464853,-0.010181817
0.002989575,-0.0333204,-0.055591237,0.057921965,-0.079634406,-0.040235214,-0.0024599794,0.03587907,0.062174875,-0.041011725,-0.039584108,-0.0060399803,-0.035823237,-0.013265337,-0.055439472,0.01195621,0.046852864,-0.058786556,0.003723312
-0.07086449,-0.081973925,0.02138997,-0.07120691,0.026716774,0.0007261621,0.02163227,-0.053706292,-0.043837365,-0.013927589,0.00871386,-0.021237839,-0.050776154,-0.065501265,-0.02379874,-0.028417045,-0.06673842,-0.034726802,-0.030862128
-0.039731514,-0.03985986,-0.032384563,-0.021491067,-0.044543553,0.02166263,-0.037433468,0.021500973,0.005635469,-0.03670845,-0.046365384,0.023615165,-0.025888426,-0.033693057,-0.057306904,-0.05299533,0.014238892,-0.05512108,-0.0768359
0.009724229,0.069358364,0.066579655,0.06586091,0.0718199,0.067812756,0.049899887,0.061775614,0.063882396,-0.03449784,0.040625997,0.008056733,-0.026984422,0.058722343,0.056970578,0.058351774,0.06981023,0.07080695,0.07316088
0.037168495,-0.00775495,0.0048488546,-0.021641534,0.0604426,0.06268038,0.048868135,0.02551792,0.013965542,0.078569576,0.07815641,0.058640923,0.0713037,0.041353185,0.07151631,0.036116503,0.056842037,0.07531898,-0.008435206
0.061209768,0.037187096,-0.029653918,0.0087696025,0.034743644,0.008931301,0.03553376,-0.034871493,0.037739985,0.012698146,0.05531668,0.056689613,0.05702476,0.05186787,0.045162845,0.0055970573,0.013201298,0.05126339,0.006012752
0.072886564,0.0359586,-0.040393103,0.017531548,0.040973004,0.07265246,0.052566636,0.06867078,0.057930008,0.052050114,0.06364231,0.06702989,0.066941895,0.07608362,0.0043537677,0.03373414,0.0027647053,0.08196689,0.037510056
0.052009944,-0.0061901174,-0.027445296,0.0071835937,0.0019415824,0.02419739,-0.045037065,0.024832116,0.0076771327,-0.0120027885,0.005682251,0.014587386,0.027713846,0.009993811,0.018449234,-0.016431132,0.04339971,-0.002078201,0.014810187
-0.029644584,0.09620854,0.013154799,0.06266925,0.063059784,-0.03566019,-0.032157153,0.0150755085,-0.01226934,0.069078244,-0.028439483,0.03019516,-0.023532843,0.041243598,-0.06696492,0.059940822,0.025911508,-0.06836495,-0.01603995
-0.023988076,-0.065783195,-0.014856054,-0.0481084,-0.03776861,-0.009662713,0.0041407356,0.021121606,0.01222719,-0.006092545,0.010691982,-0.010123108,0.02032216,-0.046413492,-0.02984343,-0.048985623,-0.038727082,-0.05013271,-0.05429363
-0.06710155,-0.08048316,-0.058317453,0.03411781,-0.022234429,-0.042612746,-0.022542344,-0.040229112,-0.013907297,-0.044410076,-0.04552385,-0.06066056,-0.06993339,0.03245009,-0.00086423405,-0.0050991476,-0.041090515,0.008660231,-0.045341294
0.031135144,-0.035627414,-0.012525684,0.015328413,0.04923877,0.049351227,-0.0005705102,0.017934201,0.0372335,0.051690273,0.062367488,0.032102905,0.05519514,-0.024685837,0.059327025,0.027608277,-0.020648496,-0.03169913,0.03790597
0.069964066,0.05023083,0.07926149,0.07065295,0.056529395,0.040308047,0.059173763,0.05311702,0.03831476,0.04489381,0.021993674,0.065038756,0.020360898,0.05629673,0.07094358,0.06760296,-0.01944296,0.06590094,-0.0031704612
0.0597046,0.06728312,0.06120517,0.02409562,0.05241399,0.06707463,0.063392825,0.04334513,0.074210085,0.052637145,0.06781258,0.075727955,0.026681004,0.05406055,0.028692532,0.028745556,0.059064686,0.055763386,0.08280277
0.0104460195,-0.018565407,-0.03960788,0.011876114,-0.052846793,-0.07443211,0.014641178,0.043810084,-0.0130665125,-0.072150536,-0.07303427,-0.07749919,-0.04742895,-0.003366356,-0.02987932,-0.042372063,0.059939783,0.019306013,0.01703964
0.043403048,-0.0368218,0.0570757,0.049658228,0.046722382,0.026066411,-0.015437121,0.05675634,-0.008162243,0.026021285,0.022093358,-0.0151219005,0.03356216,0.031077435,-0.02011976,0.02485994,0.037118938,0.049823552,-0.0010733185
0.08411169,0.09249383,0.07781913,0.07763947,0.08630113,0.083451115,0.08122879,0.07984624,0.08049542,0.08540493,0.0814657,0.083451524,0.07700889,0.0815348,0.079003535,0.08299714,0.048522417,0.08483726,0.08549785
0.040163163,0.025412042,0.047361445,-0.013483772,0.06548778,0.056703463,0.05724605,-0.016293412,0.01430036,0.015557854,0.032149523,-0.008577638,0.041790057,0.03177893,0.05302053,0.01637257,0.032383572,-0.012359663,0.06639226
-0.02474421,0.039417896,0.018141536,0.052265253,0.012176677,0.011492665,0.067330144,0.043385524,-0.044093054,-0.05027234,-0.020838305,0.013537441,0.040169064,-0.017373923,0.0007186209,0.025905885,-0.015853452,0.040641174,0.0132797435
0.047103778,0.028819893,0.0450656,-0.039257742,-0.07698042,0.017034315,-0.029348897,0.074660614,0.049377188,0.036468945,0.047367815,0.07242602,-0.042734496,0.041314352,-0.032566506,-0.064965405,-0.06256482,0.030234082,0.03142907
-0.050461806,-0.07593708,0.053763863,-0.037970934,-0.0035155362,0.0385876,0.021432457,0.025893763,0.018767254,-0.07161676,-0.043246087,0.04432838,-0.06954364,-0.030920938,-0.06841717,-0.060885962,0.000598792,-0.015218012,0.043015923
0.073609054,-0.013141273,0.06165382,0.060260046,0.07581201,0.07702473,0.065960504,0.07003234,0.07959148,0.055530332,0.07708854,0.05803362,0.075260095,0.02685019,0.0756639,0.07836283,0.06947372,0.072405405,0.077137746
0.03683105,0.07427507,0.002669605,0.052622773,0.01627787,0.06652965,0.07425837,0.060396925,0.050506454,0.06836593,0.074979104,0.06075168,0.048030548,0.018939901,0.056149013,0.03590265,0.046508316,0.049669106,0.06968857
0.032258224,0.051487733,-0.0574889,-0.01662776,-0.010769728,-0.07565795,-0.02178562,-0.012147815,0.057419293,0.0240108,-0.06793694,0.055287827,-0.014640257,0.02971017,-0.037998617,-0.028860107,0.059080653,0.004093105,-0.06693307
0.06548788,0.038316056,-0.0008532475,-0.03798186,0.0664568,-0.037568003,0.06755452,-0.038627014,0.037075378,0.07079058,-0.034443885,-0.01108861,0.0036810134,0.05757512,-0.0025148466,-0.028730614,-0.066933945,-0.022605725,-0.0025407418
-0.080663405,-0.06794982,-0.030008815,-0.048891492,-0.053626355,-0.049638834,0.02411278,-0.055973645,-0.00430518,-0.024689797,-0.023699835,-0.069776416,-0.0698741,-0.020545976,-0.037861966,-0.07709115,-0.06527682,-0.049164917,-0.044911273
-0.0005129889,0.045610428,0.03591521,0.023614727,-0.0063779037,-5.2314117e-05,-0.047627803,0.013136331,0.05127105,0.04587756,0.014756292,-0.01860601,0.047738116,0.00020538882,0.027804108,0.046800137,0.041376118,0.017672973,0.012281949
0.058501665,0.022812102,0.05352349,0.047148082,0.05978856,0.040164005,0.06649625,0.025388503,0.045794126,0.06610541,0.027045226,0.06050599,0.059414066,0.03981929,0.04236886,0.027838582,0.04372006,0.036794282,0.03082302
0.056180183,0.04383484,0.04781567,-0.0015072727,-0.042989995,0.0041744793,0.049489763,0.051377565,0.022176668,0.04208324,0.0046169087,-0.031213716,0.016162716,0.02959254,0.0017507431,-0.06893404,0.036317296,0.05777956,-0.05204351
0.020402318,0.034702066,0.02977597,0.037189882,-0.074657045,0.009770675,0.02487938,0.047557067,0.0340228,-0.068340436,-0.064118676,0.02051396,-0.017305005,0.022454362,-0.04245936,-0.014150016,-0.00783438,-0.056426138,0.01742681
0.000793658,0.04903349,-0.00020807094,0.02534511,0.015980525,-0.018483339,-0.06658375,-0.039406825,-0.033985037,-0.0605699,-0.030787248,-0.05314259,-0.016017295,-0.05075059,-0.061759572,-0.014816948,-0.025688872,-0.06893188,-0.07075226
0.07104546,0.02258137,0.07345961,0.07013933,0.07827128,0.0730625,0.065352686,-0.00062492106,0.07494171,0.03974731,0.07988101,0.06880967,0.04243861,-0.074152865,0.05275898,0.062735416,0.06549349,0.082215846,0.016621975
0.032970697,-0.06394107,0.03778401,-0.07122103,0.07000152,0.032828916,-0.044671096,-0.024545532,0.06185012,0.04381221,0.028283825,0.075419605,-0.026940158,-0.06668193,-0.05621732,-0.0298269,-0.07671938,0.01593347,0.06862589
0.042467203,0.013012657,0.027564712,0.031856414,-0.018083395,-0.029225755,0.009185043,0.03178886,-0.048132528,0.04347018,0.07240121,0.05043623,0.07461181,0.07201175,0.054787863,0.027996104,-0.008263052,-0.00097140396,0.022335332
-0.031585447,-0.05332936,0.0037483072,-0.016483376,-0.0117170345,0.008898778,0.02318439,-0.05718249,-0.027688745,0.009610357,0.006744607,-0.02893235,-0.046861913,-0.06515765,0.0015525873,0.006324599,-0.03526307,-0.037021115,-0.02350037
-0.060219534,-0.07130442,-0.0578498,-0.060201343,-0.071232475,-0.07731695,-0.048060406,-0.025207872,-0.07597108,-0.07286339,-0.06962895,-0.019189192,-0.05634849,-0.041068736,-0.059777696,-0.07509017,-0.04954117,-0.0611803,-0.05764682
-0.008527174,0.0043278807,-0.027972456,-0.025596414,-0.032104358,-0.03472609,-0.060883716,0.06637705,-0.0474278,-0.0034100853,-0.065479115,0.017617172,-0.03510677,-0.013508657,-0.058954496,0.049182788,-0.065367885,-0.07038757,-0.049187925
-0.010803108,-0.01240481,-0.019033272,0.007713635,-0.032383077,-0.014876759,-0.030939527,-0.036087852,-0.0034004918,-0.043556042,-0.04290811,-0.034426417,0.013683727,-0.03662228,-0.043493226,-0.0045966315,0.00085475127,-0.053435415,0.007221858
0.05153943,0.05222406,0.056172658,0.040635727,0.026527042,0.020261837,0.032445278,0.035521336,0.045536958,0.056087986,0.043606777,0.0416098,0.04584275,0.05657677,0.052024625,0.033367664,0.05709578,0.043236025,0.058214694
0.033973128,-0.056393933,-0.0015995688,-0.029473336,-0.0018515384,-0.027570492,-0.020211175,0.041552085,-0.017478336,0.034240074,-0.051807743,0.030406041,-0.026615577,-0.040791668,-0.007443889,-0.052922297,-0.0067995605,0.06783817,-0.026136704
0.039906114,0.06415039,0.043479245,0.012892087,0.04978755,0.011780402,-0.04190419,0.026264394,0.050194025,0.03920768,0.016130837,0.050117586,0.0046461425,0.0567964,0.023585882,0.010869999,0.033953737,0.030191021,0.013455247
-0.05695465,-0.054083288,-0.046074517,-0.027491817,0.013981679,0.0032215216,-0.06741272,0.019550696,-0.066040345,-0.05555032,-0.06510818,-0.046635445,0.009197418,-0.053718112,-0.069105774,-0.012932581,-0.051081717,-0.04406042,-0.03452623
-0.0294014,0.011803674,-0.05830048,0.071778394,-0.044163756,0.0018920657,-0.062402725,-0.017365832,-0.017794069,0.0008846523,-0.054579396,-0.027688729,-0.024522271,0.06196404,-0.031875946,0.03703266,-0.03145863,-0.028608697,0.040402737
-0.04815106,-0.0016244638,-0.027139237,0.0646058,-0.026065674,-0.029230507,-0.07374235,-0.06806214,-0.057473365,-0.0036280483,0.07265826,-0.03912703,-0.06016565,-0.029983457,-0.028669326,0.035866864,-0.023319332,-0.02299927,-0.057069007
0.04595918,0.02308292,0.06900836,0.039121054,0.0641187,-0.02204993,0.0308142,0.057787597,0.061456226,0.052304354,0.01034869,0.07260492,0.013913379,0.063240685,0.076799005,0.043261956,-0.010327419,0.029167263,-0.038840454
-0.0055561378,0.00023107504,0.03979459,-0.042466335,0.07309997,0.029811006,-0.02696277,0.03844423,-0.0520707,0.064566046,0.013590302,-0.0041440027,0.032006573,-0.034119252,-0.019648619,-0.0050607817,-0.017636728,0.011657264,0.0548697
0.03797075,0.0495424,-0.0035492277,0.073251374,-0.009729257,-0.035099808,-0.034943618,-0.019264484,-0.01716005,0.014389873,-0.042501137,0.023865191,0.053613566,0.04148057,-0.0115633,0.02664426,-0.0074264505,0.055606376,0.0012490652
-0.08315789,-0.09602045,-0.07888498,-0.078449234,-0.08555708,-0.08233437,-0.08094616,-0.07828253,-0.078731395,-0.08334104,-0.080625765,-0.08124915,-0.07415719,-0.078772426,-0.07780058,-0.08382662,-0.07618344,-0.08230593,-0.08784447
-0.05998004,0.009588437,0.022934694,-0.03590744,0.058254752,0.013255033,0.040574245,0.05521753,0.026823003,0.040983118,0.03027386,-0.010251266,0.034999598,0.032491405,0.042447858,0.040630102,0.045140557,0.04033795,-0.019876283
0.040763892,0.046998855,0.0008008803,0.061017003,-0.046355404,0.02987085,0.019423235,-0.005357599,-0.028346026,0.03186176,-0.011042841,0.031054066,0.042960178,0.014319776,0.039836485,0.02890287,-0.029818807,-0.0022330477,0.03611971
-0.046704542,-0.039171647,0.057574917,0.02180978,-0.06952261,-0.06553416,0.021043641,-0.0045791757,-0.052186426,-0.03888919,0.053710066,0.07087243,-0.029927319,0.06745162,0.025687259,-0.030258555,-0.004583721,0.054933842,-0.063081786
0.031703606,-0.015722357,0.062444314,-0.053605616,0.0844069,0.053691708,-0.00029619358,-0.0020301973,0.018755235,0.029865855,0.059665795,-0.057867147,0.05355621,-0.0345551,0.05385792,-0.020779992,0.018358652,-0.021164993,0.008123638
-0.029122878,-0.037596744,-0.045549452,-0.050393164,-0.021948246,-0.06109302,0.027970698,-0.026662795,-0.0070598293,-0.03329599,-0.0059895925,-0.050487183,-0.03933675,-0.012031479,-0.005053891,-0.049526244,0.0038585512,-0.02416943,-0.016029185
-0.014725002,-0.06448293,0.07468894,-0.0064102174,-0.01056768,0.021610515,-0.020540116,0.017848482,0.032360446,-0.016846525,-0.014054737,-0.071123905,-0.013200838,-0.019115537,-0.012428653,0.030573823,-0.021437336,-0.021984369,-0.009932878
-0.020531656,-0.00092928193,0.042300235,-0.0038291372,0.029066443,-0.02387452,-0.04322264,-0.025356038,0.018671285,-0.018282931,0.020421956,0.00866805,-0.060938243,-0.003937473,-0.0043694694,0.078116246,-0.055404693,0.060417365,0.024918469
0.03255685,0.022859821,-0.06995644,0.028576136,-0.054390024,-0.06532732,-0.07326099,-0.05426657,-0.033980988,-0.032920424,-0.035322316,-0.063645475,-0.04070357,-0.024935339,-0.044339325,-0.015732044,-0.06863557,0.0036383327,0.019037938
