School & Office Supplies,book,box,calculator,chalk,chalkboard,computer,crayon,envelope,eraser,globe,highlighter,keyboard,locker,lunchbox,marker,microscope,newspaper,notebook,package,paper,paper clip,pen,pencil,printer,rubber bands,ruler,scissors,stamp,staple remover,stapler,staples,typewriter
0.044886198,-0.08205412,-0.07080657,0.0016420224,0.035769578,-0.0026561387,-0.06625912,-0.00020105382,-0.050557997,-0.04672781,-0.06117966,0.007969201,-0.035120007,-0.05596842,-0.014984071,-0.0031267027,-0.002201612,-0.00954376,-0.051016822,-0.07548353,-0.07324568,-0.02569769,-0.016663708,-0.016543554,0.020295458,0.021413013,-0.0027356164,-0.03658423,-0.042023707,0.0013440148,0.02272897,-0.058221042,-0.03324153
0.06260103,-0.030726766,0.0044790516,-0.09002999,0.031986695,0.067338295,-0.013286824,-0.022190254,-0.031911176,-0.010291852,-0.056852728,0.059392598,0.022413922,0.06814068,0.056264557,0.054988027,-0.011300951,0.018764347,0.015778994,-0.035454616,-0.008761239,0.030009605,-0.013649656,-0.047477253,0.0026954291,-0.0142649505,-0.061857585,-0.055427004,-0.0049272617,0.019546298,0.027455036,0.014885489,-0.004062483
0.052145682,0.08260664,-0.013592445,-0.012668614,0.05260817,-0.006436339,-0.009870356,0.080768034,0.0019945055,0.04838154,-0.047320705,0.07693872,0.032490745,-0.03178788,-0.0022550453,0.00316394,0.046192244,-0.027449239,0.016175032,-0.017779764,0.06620427,0.06680775,0.07899336,0.07948833,-0.046238177,0.080081925,0.027005948,0.05864417,-0.013220784,0.058002602,0.049314313,0.08565661,-0.049052525
0.067967944,0.04926013,0.061441768,0.0378638,-0.025463857,-0.012953847,0.043203473,0.036482487,0.055634476,-0.02355137,0.048835725,-0.021615723,0.06446748,0.036218423,0.04363286,-0.02726466,0.054069687,0.013019347,0.03236752,0.062121473,0.03304469,0.038146187,0.03758274,0.048585467,0.04738808,0.027373824,0.032860644,0.06371634,0.014333603,0.053347196,0.055455524,0.04281416,-0.006070199
-0.0067881965,0.0068949847,-0.0527215,-0.022828912,-0.023524469,-0.024348492,-0.05659339,-0.028877323,0.040626653,0.019438973,-0.059387103,-0.03621169,-0.0190061,-0.014581135,-0.043214362,-0.030743904,-0.0041238423,-0.07517748,-0.05941209,-0.028994147,-0.039289378,-0.021299686,0.05314496,0.0600127,-0.042667806,-0.02542873,0.04799693,0.031880304,0.025831532,0.062600784,0.059821922,0.008548676,0.01903631
0.08269399,0.04219547,-0.041047975,-0.07371213,0.052715797,0.060585186,0.049883496,0.05683078,-0.05382494,0.041264646,-0.004234554,-0.035211757,0.057637934,0.07441438,0.07677071,0.012692067,-0.016541343,0.054622043,0.063959226,-0.0021049813,0.0028678875,-0.011133966,0.06525264,0.062193815,-0.0168979,0.02444389,-0.011882402,-0.030017799,0.047314964,-0.029907282,-0.011675189,-0.015860042,0.06104192
0.06895346,0.043214854,-0.020956216,-0.0765401,0.015144794,0.017409407,0.0110372845,0.008973371,0.030071657,0.05002361,-0.024455143,0.00825881,0.021391671,0.06743859,-0.016668232,-0.0051242136,0.057465043,-0.00445112,-0.014565691,-0.0043216203,0.03977587,0.06132225,-0.00046235544,0.040901493,0.026411433,0.049197648,-0.031797096,0.041916966,0.028428508,0.07483453,0.05231115,0.081540175,0.027645938
0.03577119,-0.036398843,0.056048986,0.028646948,-0.020616619,0.04964426,-0.010959726,-0.008979919,0.020351095,-0.023735056,0.01859319,0.021202318,-0.027102256,0.04109479,0.028628863,0.017080396,0.044141434,0.027554596,0.055398196,0.046155248,0.04019959,0.08422991,-0.024865866,0.029066091,-0.025155837,-0.016755518,0.008363545,0.011644504,0.03706308,0.029874083,0.046752308,0.02080527,-0.009005741
-0.0192029,0.050244104,0.0016934007,0.011281906,-0.027039757,0.054111972,0.074150324,-0.00011895433,0.06860349,-0.043390177,-0.04093204,-0.010475075,0.044108514,-0.0043156827,-0.011078799,-0.012213425,-0.007432121,0.044542465,-0.063797235,0.010278076,0.034944184,0.050095025,0.008799783,0.044626553,0.06623224,-0.07567292,0.06613787,-0.023117486,0.036007248,-0.03627907,0.002967201,-0.053229902,0.010921248
-0.074231565,-0.0127135925,-0.05353835,0.064171396,0.06635458,0.06849295,0.027088394,0.076732464,-0.066580236,0.082789324,0.011210285,0.0446092,0.0012023681,-0.01208423,-0.03413809,0.026474103,0.026041988,-0.0039849584,0.0065265726,-0.08010603,-0.011822911,0.020395443,0.05386316,0.06081926,-0.039178718,0.03463261,0.014689706,0.061718535,-0.0370466,0.04445143,-0.025902191,-0.054066993,0.023757901
-0.028221777,0.058110017,-0.008183207,0.021968404,-0.022072809,0.017285956,0.054551773,0.0008255599,-0.059202474,-0.010449341,0.014822943,-0.057605557,-0.013002471,-0.023730904,0.016683374,0.01102809,0.03434505,0.018179305,-0.009101079,-0.039081644,-0.009160086,-0.037039187,0.005250915,0.012500373,0.013471799,0.047524612,0.007916707,0.002560923,-0.015258482,-0.03355019,0.023915173,-0.0032844418,-0.046922322
-0.008570573,-0.013010182,-0.021089777,-0.06661668,-0.024573425,-0.06332671,-0.03956128,-0.050915387,-0.080347404,-0.07191489,-0.04457138,0.0083827395,-0.067055054,-0.07298236,-0.040551018,0.003734355,0.064915136,0.012323603,-0.02840499,-0.09144327,-0.05171365,-0.063004084,-0.041317187,-0.054272357,0.013305461,-0.028843582,0.0039917133,-0.03062855,-0.06254692,-0.007985394,-0.032821063,-0.031645935,-0.0045922785
-0.06785074,-0.061183367,-0.05841831,-0.06699171,-0.014322452,-0.009276404,-0.029876845,0.06739832,0.039875213,0.060884174,-0.012184522,-0.030535335,0.024848578,0.016711256,-0.046984892,-0.0024557572,0.038536932,-0.05831496,-0.0320932,-0.004364521,0.04642449,0.026356004,0.05498538,0.055669863,0.03438067,0.05267674,0.02280948,0.0040343376,0.06905318,-0.01636759,0.052061856,-0.05866338,0.04390262
-0.031222861,-0.0012889307,-0.010391799,-9.043165e-05,-0.050686784,-0.00036530918,-0.0009995901,-0.002930929,0.0541559,0.012250609,0.043123964,-0.0011325378,-0.022782804,0.05233237,-0.051464424,-0.016330523,0.02767034,-0.048706222,0.016890345,0.014159901,-0.035263214,-0.027712824,-0.023357896,0.013589907,-0.016015107,-0.061967038,-0.0104085095,-0.06786225,0.039247613,-0.05557677,-0.032558322,-0.06794305,0.049012233
0.038155057,-0.0831858,-0.020234235,-0.0012937163,-0.006362719,-0.040228147,0.055774253,0.042212553,0.0039859754,-0.02160175,0.053859647,-0.070226975,-0.0052503445,0.04876912,-0.0860949,0.0198834,0.018049745,0.046503097,-0.017043727,-0.05135034,0.06270449,0.076558806,0.044598095,0.06472618,0.0149445655,0.05642507,0.0020599274,0.063220404,0.06529769,0.057471137,0.032577705,0.012735046,0.043481186
-0.07270718,-0.04577786,0.050359204,0.013321129,-0.031646784,0.002579874,0.04429502,-0.04693836,-0.009350797,0.005716046,-0.020029647,0.048269816,0.053806983,0.01967548,-0.060950443,0.04196094,-0.04511801,-0.031609237,-0.0067757973,0.058556493,-0.027181437,0.012197824,-0.010147428,-0.010728152,0.0718846,-0.02373113,-0.017025853,0.007644745,0.020178868,0.049649928,-0.059349805,0.011614074,-0.020825336
-0.038632482,0.015219912,-0.0058384305,0.021878066,0.018030092,-0.04195903,-0.02258308,0.005932937,-0.0102922935,0.034192163,-0.037781127,0.039074812,0.031052575,0.044752304,0.022818606,0.016003154,-0.03564211,0.02107837,0.057125103,0.008205211,0.042107668,0.059873465,0.0676623,0.052467335,0.044432826,0.072870865,0.05626658,-0.015535356,-0.001719274,0.044076506,0.0594895,0.04227676,0.037245963
0.059742555,0.06338559,0.08458406,0.047639634,-0.03896005,-0.02555408,0.034279086,0.046542913,0.07041162,0.07009802,0.031508073,0.04928422,-0.04019711,0.03192146,0.071976215,-0.009746086,0.033422872,0.030330783,0.075461365,0.08056808,0.055971827,0.0669879,0.053813957,0.056496125,0.021242183,0.036684033,0.04913934,0.06884298,0.06396771,0.019659268,0.07407852,0.059122972,0.042943485
-0.05938107,0.0004895693,-0.054198958,0.029515252,-0.04186687,-0.0036722543,0.03151475,0.070876054,-0.059830505,0.02005513,-0.005344643,0.060100216,0.08120558,-0.032170165,-0.03400197,0.0147521645,0.017581409,0.07900818,0.020355612,0.0060674045,0.03778859,0.055720914,0.045967795,0.06803991,0.07317799,-0.044451572,-0.005495683,-0.0011455631,-0.011713962,-0.0232001,-0.021993289,0.00022291204,0.054410536
-0.084544465,-0.023803785,0.058061168,-0.089224346,-0.07647844,-0.087425835,-0.04008774,-0.07708174,-0.0011827046,-0.08310491,0.004790097,-0.07371257,-0.0031865896,-0.07808014,-0.07074201,-0.05261835,-0.065315224,-0.012867817,-0.034946546,0.061147198,-0.054090884,-0.069415495,-0.0493027,-0.069099896,-0.020185651,-0.07316273,-0.04694907,-0.05804062,0.0141148865,-0.029455595,-0.032339316,-0.07593793,-0.023289373
0.033364747,-0.08576427,0.012827911,-0.037551586,0.017281452,-0.03789508,-0.051453333,-0.002150068,-0.04439901,-0.0029182762,-0.03613809,0.020770064,0.045775812,-0.012128419,0.043457936,-0.006103176,-0.037969157,-0.0016179348,0.045745272,-0.013883044,0.026816228,0.013946109,-0.03358133,-0.006639814,0.025435058,0.015506483,-0.0010394836,0.03762568,-0.0140541615,-0.022573771,-0.00040666678,0.033018228,-0.0012959038
0.0048001264,-0.0038068185,0.024115236,0.063749224,0.0001626377,0.07587363,-0.015920838,0.026259314,0.04911098,0.022467429,-0.011365558,0.014614833,0.017578846,0.022820806,0.05052837,0.03970083,0.05160689,0.003147863,-0.032454938,0.059051476,0.040079523,0.008858608,0.05386929,0.012019629,0.00031075056,0.07179443,0.00111961,0.049348813,0.05157924,-0.020166287,-0.03753947,0.054840922,0.06981005
-0.033327356,-0.050045133,0.039172556,0.04189706,-0.056252614,-0.04855805,0.039349593,-0.081324615,0.03373546,-0.06342105,0.023713702,-0.060215827,-0.019792726,-0.066760555,-0.035843085,-0.022625089,-0.033212475,0.003954347,0.03372406,0.048182048,-0.041810833,-0.07385338,-0.07438615,-0.07690439,0.02671096,-0.020763615,0.03332182,-0.037111983,0.03965246,-0.06944278,-0.031891804,-0.04287093,-0.022014584
-0.042171977,0.050064255,0.0029461128,-0.0252492,0.042304687,0.009092167,0.009585257,0.02845443,0.057212856,0.04168834,0.073507294,0.01119824,0.040655438,-0.07200584,0.0360916,0.019757671,0.026110161,-0.027380727,0.017124752,-0.0071402756,0.014807002,-0.004397674,0.020843761,0.048867058,0.032902956,-0.013848277,0.03895082,-0.03171407,0.026941769,-0.0030681172,0.033201054,0.022051683,0.06024941
0.045512557,0.049809508,-0.06831659,0.009725909,0.023593595,-0.04514549,-0.012370219,0.027140178,-0.07749115,0.0034441107,-0.0059206625,-0.027005775,-0.07749139,-0.005078988,-0.06419736,0.04995754,0.024225088,0.06979753,0.06835845,-0.037054494,0.06639891,-0.06963687,0.027691571,0.042219184,0.07162868,-0.07257499,0.034884408,0.037026342,-0.04586924,0.012123935,-0.018024659,0.065768704,-0.034944646
-0.061281078,0.011406824,0.01562875,0.018955084,0.03409808,-0.05899609,0.016302839,0.0076352097,-0.02785109,0.040406607,-0.0494515,0.023867084,-0.015143764,0.0073004896,0.046590593,0.01803538,0.036440797,-0.031654116,-0.0010575162,-0.038613323,0.003865054,8.88571e-05,0.050375253,0.03067273,-0.044906165,0.065306224,-0.018875502,0.057284698,0.018994426,0.014826666,0.03498447,0.022558225,0.065668605
-0.0738615,0.03764135,0.02232119,-0.084132,-0.052735623,0.021861268,-0.029639252,-0.058567457,-0.065984756,-0.045198422,0.057165407,0.00058727944,-0.055039283,0.029786393,-0.0061951177,-0.05252375,-0.05440876,0.008516444,0.039865363,0.08584044,0.0068490896,-0.047512185,0.017512409,-0.054111734,-0.06173082,-0.03123956,-0.05152962,-0.070121706,-0.07511785,-0.08344086,-0.08066067,-0.08481674,-0.022706056
0.002661013,-0.06547085,-0.0050772023,0.0038915975,-0.063791215,-0.07633508,-0.0774677,0.022544157,-0.046312276,-0.06200879,-0.017718358,-0.048101857,-0.06106954,-0.037439466,-0.0517284,-0.019777432,-0.06119636,-0.012567443,-0.0766925,-0.001731808,-0.05338796,-0.042980123,-0.026330432,-0.0329829,-0.039165027,-0.029483924,0.020241633,0.04431083,-0.029694086,0.035800774,-0.042678885,0.052278023,-0.03497061
-0.0012463372,0.03982329,0.030240262,-0.028978592,0.061741464,0.0617462,0.023030387,0.010295668,0.019392654,0.07458703,0.06646422,-0.012228625,0.04499914,0.023749538,0.046818618,0.06044958,0.015552027,0.005181626,-0.022400659,0.05074225,-0.026997287,-0.06549211,0.02417175,0.02632926,0.008483229,-0.06897367,-0.022583477,-0.040196538,0.050218496,0.03937664,0.012788928,-0.02991252,0.0061358255
0.04494527,-0.024538476,-0.023505181,-0.02005467,-0.013287582,0.025101393,-0.0013864951,0.051429875,0.013898258,0.020700311,0.040825635,0.07333188,-0.017663514,0.038629908,0.01858246,0.066523045,-0.03205026,0.023803553,0.0077296505,-0.040973715,-0.008401892,0.034540247,0.04267987,0.059863936,-0.008996673,0.051853854,-0.007142034,0.0026006016,-0.08038252,0.028119128,0.059939153,0.04821066,-0.027384263
0.045984384,-0.028081387,-0.05110186,-0.045375958,-0.05834223,-0.018301941,-0.030636353,0.043934498,0.060080137,0.03369426,0.0171299,0.031448487,-0.025120273,0.046009004,0.034901846,-0.018438825,-0.02388285,0.017278606,0.04145361,0.006637279,0.033711176,0.021971162,0.03894139,-0.038989708,0.00028760816,0.06875245,0.028319338,0.068823755,-0.0022214663,0.06976154,0.054496735,0.039613333,0.02542969
0.072515234,-0.07320919,0.045315545,-0.009509947,0.021512337,-0.064481705,-0.010044522,-0.00025339198,0.002499553,-0.011024639,-0.06567885,0.05880928,-0.043967593,0.026613051,0.07260816,0.004789968,-0.049523875,-0.028136415,-0.041667007,0.045868497,-0.06551029,-0.004628341,-0.027305624,0.027265396,-0.06302068,0.00053486973,-0.026236875,0.040834673,-0.019811554,0.07512226,0.021584002,0.06706931,-0.054361127
0.0581292,-0.047336124,-0.017567158,0.04304004,-0.0721341,0.025695642,-0.036193058,-0.033646114,-0.02104831,-0.055556256,0.05160007,0.011514475,0.08059809,-0.025762165,-0.023985779,0.07463637,0.057993557,0.024977311,-0.044169694,-0.06042405,-0.05281511,-0.028844787,-0.0059689223,-0.05169495,-0.05283303,-0.0332475,0.057080563,0.0025643322,-0.025375862,-0.011941729,0.020161755,0.025655122,0.025720457
-0.07293895,0.010026144,0.09223303,-0.02316001,0.037828203,0.03201519,0.049890712,-0.056965027,0.07139024,-0.0065980083,0.02616879,-0.018341571,-0.06358495,0.034753468,0.007316724,-0.03632705,-0.013965745,-0.019014297,-0.047754034,0.082678266,-0.006698878,-0.012357411,0.028229998,-0.044763155,0.06175563,-0.028721685,0.003826651,-0.017493598,0.07815158,0.033658456,-0.04907782,-0.006659548,-0.077163436
0.056694895,0.033585504,0.05232372,-0.05807172,0.014596472,0.021817552,-0.009331536,-0.007524803,0.05950435,0.029801106,-0.011125651,0.015220515,0.048113424,-0.02771023,0.076536536,-0.009478085,-0.032053538,-0.050486155,-0.037871208,0.05194577,-0.017151427,-0.016007364,0.06039612,-0.04908627,0.024174862,0.052369736,0.021706011,-0.04772807,0.037316486,0.030755302,0.04458284,0.056506854,0.00511487
0.031159803,0.0032542094,0.0025636493,-0.07044529,-0.011400432,-0.02063959,0.010235803,-0.006603876,0.059414282,0.0151487375,0.04401778,0.042574514,-0.08363222,-0.015389018,0.01813709,0.015742538,0.04526802,-0.03908775,-0.05133617,0.060581125,-0.035111085,0.027194325,-0.058635965,-0.051601782,0.03183642,-0.0141589325,0.06856536,0.05505778,0.061480824,0.024583343,0.064931266,0.07261919,-0.07137916
-0.052699238,0.018705418,0.05622331,-0.05786839,0.019873688,0.049584746,0.0015546437,0.024320386,-0.014896913,0.027610354,0.03421738,-0.040183537,0.07185026,0.02365648,0.012789492,0.012391055,-0.033013023,0.06766372,-0.033147253,0.053578682,0.039393812,-0.011654712,0.010902323,0.011355999,0.050474968,0.008666103,0.025999075,0.069894426,0.043616574,0.0051965313,-0.042648774,0.0538164,0.02736331
-0.02941343,0.01548797,0.06741031,-0.03708751,0.063517086,0.06437444,-0.013704445,-0.00029668098,0.07938624,0.030253803,0.07880869,0.0348084,0.010070011,0.057564195,0.021517174,0.06462918,0.063759394,-0.018034725,0.038656548,0.041582726,0.027210642,0.07885006,0.035018705,-0.0036440194,-0.059916336,0.062138345,0.08770478,0.07086898,0.043526985,0.07653996,0.06512132,0.08334515,0.02258023
0.0015493025,0.017785389,-0.020961925,0.044366024,0.02486199,0.013444077,0.03428158,0.06449502,-0.022670444,-0.008283067,-0.04120889,-0.0020038504,0.054205544,-0.028739255,-0.013948964,0.06530773,0.0068645193,-0.016694266,0.073217444,-0.060860988,0.013847241,-0.066657715,0.05226877,0.057186473,3.9278824e-05,0.044447906,0.06350695,0.0034703005,-0.01388777,0.017009623,-0.008118544,0.04418154,0.025532177
-0.036576483,0.049677003,-0.041190475,0.081931755,0.04835369,-0.026965221,0.032518998,-0.051011726,-0.061610844,0.049212396,-0.048177134,0.024690524,0.0085769575,-0.06162951,-0.066031076,0.019329427,-0.0074468646,0.012927647,-0.004719996,-0.03519939,0.077813186,0.06153486,-0.041276664,-0.06553578,0.07892342,0.0350286,-0.05438564,0.06325641,0.05841012,0.07125966,0.040497243,-0.026131365,0.042415664
0.04802742,-0.027903728,0.02850367,0.008653367,-0.0396439,-0.012167466,-0.011586865,0.03706748,0.024628697,0.0041163387,0.007557647,-0.041475825,-0.02376856,-0.04499892,0.048518457,-0.056573745,0.040636294,-0.048586603,-0.06596652,-0.022835985,-0.015923705,0.01700738,0.021802206,0.018473929,-0.062283523,-0.02961377,0.035548683,-0.03333384,-0.067014076,0.02744512,-0.035323743,-0.04655933,-0.0017441518
0.022340378,0.0037669488,0.05004116,-0.05784634,0.071487114,0.04223982,0.027866947,-0.028536614,0.0016879595,-0.07314661,-0.009969901,0.064381376,0.01341963,-0.032989092,-0.029233212,0.03947314,0.0039765555,0.048536588,0.034001403,0.06524967,0.05052071,0.04041778,-0.0385658,-0.040227186,0.03621156,0.064718604,-0.019731972,-0.030770235,0.0030605856,-0.06170974,-0.0005506868,0.03301773,-0.0686939
0.009247369,-0.06647107,-0.07620066,0.039275892,-0.059029453,-0.037344087,-0.07787459,-0.053841103,-0.04739668,-0.035438113,-0.059426054,-0.06767731,-0.068080984,-0.01692554,0.045363966,-0.005538076,-0.060619082,0.023304649,-0.0831761,-0.05902867,-0.065139905,-0.03666655,-0.01517082,-0.05585583,-0.05141626,0.06818281,0.07658404,0.010196635,-0.045403566,0.044679295,-0.035980992,0.044984985,-0.059271432
-0.0416695,-0.0044924268,-0.070917934,-0.030880945,-0.07255636,-0.07698602,-0.034489553,-0.053131428,-0.04510355,-0.050925802,-0.06623418,-0.03607486,-0.06075781,-0.041974183,-0.059805777,-0.054710273,-0.057806283,-0.056912474,-0.04591111,-0.08342699,-0.07130589,-0.07906845,-0.046886858,-0.052621365,-0.03646996,-0.05782996,-0.055292368,-0.046286833,-0.037296616,-0.05502867,-0.058918696,-0.047710042,-0.06287506
0.03433733,-0.018510658,-0.017925646,0.054772314,-0.022997692,-0.058400888,0.093512855,-0.041010026,0.051680375,-0.016501676,-0.011849569,0.055986263,0.072217144,-0.0017459021,-0.04388928,-0.016807191,-0.009729811,-0.04621353,0.03328126,-0.0076963915,-0.030126521,-0.0048092874,-0.01126541,-0.016850635,0.031522356,-0.013220821,0.020644609,-0.048148602,0.00970959,0.0027644988,0.021816721,0.047500473,-0.032577697
-0.004511974,-0.02132892,-0.06746628,0.047280297,0.050264478,-0.0030308259,0.015640091,0.069822244,-0.053222697,0.055117905,0.053785216,0.015358144,0.038595308,-0.061576027,-0.013270574,0.040121514,0.06471151,0.0021877773,0.0471608,-0.0740207,-0.02094398,-0.052479275,0.07484392,0.07765567,0.06029999,-0.043041818,0.084139735,0.0061853207,0.012094192,-0.037169512,0.005842615,0.00011525756,0.06911141
-0.051583227,0.013570926,-0.03153713,-0.0738233,-0.065622725,-0.055511452,-0.037987497,-0.027123772,-0.024600359,-0.057968732,-0.063230865,0.00963202,-0.057003457,-0.047892164,-0.021219686,-0.012283609,-0.060654517,-0.0067095393,0.010969127,-0.060850482,-0.04179833,-0.0067553907,-0.016141983,-0.05298233,-0.028600968,-0.06347317,-0.049906835,-0.049002454,-0.043151848,-0.03488698,-0.04973173,-0.06042444,-0.05081793
0.06817371,0.081616126,0.0060168942,-0.01042153,0.01804972,-0.07093601,-0.031702396,-0.029902568,-0.027907034,-0.017770791,0.062379234,0.038575873,-0.07024015,0.030427907,0.009053085,-0.049950074,0.058016427,0.07020368,0.041321736,-0.048192404,0.053220157,0.05078206,0.032688245,-0.044247717,-0.0026003122,0.0723059,0.04736525,-0.04636057,-0.02251307,-0.04295535,0.0028890746,0.017364852,-0.031818587
0.016192012,0.0048238696,0.038987715,0.009712178,0.049421113,0.024920428,0.025092341,0.080502465,0.035439827,0.022042045,0.027774975,-0.028290166,0.032401018,0.017768368,-0.039913148,-0.005899241,0.0017767856,0.0700777,0.0748765,0.03397052,0.0255062,-0.014640756,0.046932984,0.06594483,0.061749056,0.009345161,0.037651792,-0.024145156,0.013225875,-0.007614312,-0.0056727417,0.0030931272,0.012392123
0.025051849,-0.025795458,-0.03320408,0.06671304,-0.007903191,-0.047193464,0.0012194492,-0.026416136,-0.046784297,0.028690651,0.012340293,-0.01666901,0.007750269,0.073105335,0.05522251,0.07992925,0.06779282,0.01165207,-0.062858745,-0.04059678,-0.047820993,-0.0014548312,-0.057242855,-0.03135209,0.003027244,0.059635673,-0.044628,0.01290219,-0.01626051,0.07208183,0.06111353,0.022907576,-0.014134778
0.013097844,0.061527044,0.07051965,0.01616502,0.022788225,0.020490073,-0.010034516,0.038514446,-0.009877821,0.03965007,0.051590644,0.06549582,0.006250079,0.055369783,0.04836641,0.04871035,0.03200198,-0.0020843933,0.0046504005,0.049385205,0.014903039,0.01606034,0.036871098,0.056188572,-0.011953709,0.0693943,0.08149032,0.049002714,0.04224708,-0.0043646144,-0.041806098,-0.018945113,-0.020035429
0.0735539,0.07570598,0.010902078,0.00055523677,0.023366341,-0.0034236836,0.074469894,0.037606683,0.06592473,0.040421538,0.036045466,0.029682877,0.009785548,0.013922367,-0.03464698,-0.0029830488,-0.03618827,0.012322511,0.05924246,0.06368636,0.046274427,0.023244573,-0.057949513,-0.014451917,0.027765902,0.058148805,-0.013802745,-0.019808572,0.028566215,0.030416192,0.02917128,0.0414563,0.034775726
0.03360138,0.094759315,0.09050377,0.086516306,0.07485779,0.08288798,0.08598988,0.03991295,0.0729205,0.07565658,0.07741964,0.06840698,0.076325655,0.07635125,0.057994846,0.08395776,0.052334715,0.081032895,0.08051745,0.093702585,0.087106794,0.07031577,0.08100387,0.070809506,0.074062444,0.06299441,0.08248136,0.06311585,0.07736333,0.045102295,0.058692995,0.07737665,0.066914655
-0.012876831,0.07512934,0.07846614,0.07342325,-0.026988303,0.02699635,0.083510734,0.0359792,0.04627716,0.028483473,0.08194378,-0.007099951,0.072835274,0.031044861,2.088687e-05,0.08139446,0.05901759,0.06720837,0.06327522,0.049185053,0.086174324,0.06702189,0.08041971,0.068556935,0.06892393,0.06752841,0.09054262,0.0051540863,0.071202785,0.018590821,0.05400657,-0.0021408498,0.07068387
0.00757046,-0.0129826395,0.06012117,-0.034204062,0.06901482,0.080240086,0.015474592,-0.013105544,-0.0410945,0.023911415,0.06298029,-0.040770218,0.042306945,-0.027114954,-0.041268326,-0.05620489,-0.077938385,0.051466215,-0.00016074185,0.0499684,0.03000404,0.044345796,-0.043781113,-0.015569255,0.012466513,0.07776198,0.048980325,0.06950965,-0.027703695,0.037519522,0.060434192,0.017547507,-0.020955784
0.041156285,0.059991635,0.07410471,0.029603943,-0.028263928,-0.013589609,-0.024262054,0.06962126,-0.06327923,0.034774553,-0.00997328,-0.060410883,-0.010561717,-0.04452158,0.07701419,-0.0136503065,-0.0340426,-0.008836395,0.01315639,0.040388517,-0.051563982,0.0060482146,0.08346446,0.07857274,-0.052191712,0.009110028,-0.057512537,-0.025791025,-0.061657883,0.030690415,0.015468215,0.07023953,-0.034712
0.06495703,0.05396809,-0.021902809,0.05112502,-0.024518423,0.03220633,0.014103561,0.028872654,0.023684017,0.050318625,0.050853185,-0.042353056,-0.073009245,0.02120999,-0.048799578,0.01943579,0.016964203,0.046170283,0.048391696,-0.029205373,0.015688123,0.064627565,0.058709707,0.038785066,0.01609626,-0.018778829,-0.014983894,0.029597957,0.061198037,0.030783853,0.04269357,0.0067630853,0.053877644
0.013527647,-0.018109823,0.042516906,-0.008956039,-0.009970961,-0.022255268,0.039534267,0.05589983,0.024537079,0.0536008,0.06203645,0.0722069,0.07955348,0.06305641,-0.00043826358,0.037517216,0.04041218,0.016620101,0.060956568,0.058559474,0.017199265,0.045364592,0.039797835,0.039912697,-0.07735633,0.04956788,0.04690848,0.07012798,-0.06996588,0.059243076,0.002834193,-0.02176793,0.0012439905
0.051986784,0.088781066,0.07359304,0.06314632,0.07122702,0.064302444,0.081531085,0.08073824,0.07679882,0.06727689,0.07562568,0.072738476,0.047635745,0.06985751,0.02395732,0.03681498,0.07215168,0.07253809,0.06847447,0.08116731,0.08315139,0.07848751,0.057705224,0.07632599,0.05819912,0.07097937,0.013263804,0.060910996,0.042771105,0.08298674,0.07450617,0.07942548,0.07149648
-0.07027328,-0.0513588,0.019293075,0.030970857,-0.042608872,-0.067129225,-0.03002729,0.025240514,-0.00680244,-0.043538693,-0.016429372,-0.012924686,0.036339015,-0.0070187193,-0.008543261,-0.06643344,0.042321507,0.01015878,-0.07384842,0.03438626,-0.019138405,0.016845087,-0.0500495,0.0002946442,-0.075914375,-0.03436422,0.037511945,0.051984075,0.0651921,0.022793135,-0.07733608,-0.038007304,-0.069437586
-0.00074957137,-0.017679205,-0.015856806,0.02996878,0.01674321,-0.022708211,0.001652131,-0.056356028,-0.05783324,0.022392398,0.036274076,0.0043210103,-0.04242561,0.0040033692,0.017940005,-0.04477369,0.056033865,-0.03968346,-0.030272989,0.032116845,-0.059290703,-0.047651693,-0.054919627,-0.052846093,-0.055217333,0.027566591,0.040759943,-0.053275116,-0.048592616,-0.010647921,0.031203793,0.026982134,-0.06181492
0.034129612,0.018639058,-0.013059015,-0.05144843,-0.07672891,-0.07034776,0.011411735,-0.021119976,-0.015581184,-0.07193854,-0.06275952,-0.048705943,0.02855938,0.041777644,-0.013018639,0.021534152,-0.064960144,-0.040164236,-0.040542025,-0.04918334,-0.07448381,-0.06548491,0.029789621,0.0040087304,-0.047621198,-0.066806294,-0.007236588,-0.050620865,-0.033911712,-0.05808032,-0.03906875,-0.06271322,0.056670733
-0.011754339,0.009307659,-0.027165709,0.005908697,-0.0441786,0.03729374,0.038130045,0.026504193,-0.012325925,-0.00908992,-0.0062368424,0.041717034,0.029177342,0.0030233792,-0.04763061,-0.0084181605,-0.022196764,-0.010613688,0.0015305441,-0.02952284,0.0137337735,-0.031413727,-0.023794474,0.012372448,0.0059801238,6.0312363e-05,-0.06178144,-0.02759986,0.010875324,-0.046332993,-0.05287294,0.0010808865,-0.012301229
-0.022412036,0.05781755,0.054932088,0.037289727,0.050022893,0.05152562,0.041699853,0.045537844,0.06512586,0.04746484,0.06482146,0.026923023,0.05217185,0.020349884,0.04556436,0.061392825,0.05360626,0.067257404,0.072837874,0.06663643,0.07346149,0.07095503,0.06822757,0.028109387,0.04893165,0.034172796,0.022256905,0.016949994,0.047239404,0.024012087,0.04309848,0.059269533,0.03972451
0.04972951,-0.009503953,0.08236511,-0.030084873,-0.03500376,0.02757523,-0.021349458,-0.03832151,0.045375098,-0.0053762677,-0.064811386,0.05072069,0.036005277,0.072738625,0.031919744,0.018569713,0.0077544954,0.073676206,0.0648026,0.016330926,0.08181949,0.08133047,0.06162892,-0.05362324,-0.030116722,-0.005302947,-0.009695834,-0.013560961,-0.04929259,-0.0304518,0.06561936,0.06469244,0.062403284
0.006705193,0.04467595,0.02022045,0.026947847,0.032070275,0.074224636,0.040627245,0.01361066,-0.050060965,0.014666556,-0.013587016,-0.00952255,0.04062037,0.017835869,0.061620153,0.046467397,0.018108252,0.03141874,0.047246207,0.018747084,0.014351778,-0.0123468945,0.029557634,0.029593507,0.010549346,0.0069561517,0.045223057,0.0009871336,-0.032784104,0.051458664,-0.00089166634,0.0013737999,-0.017378516
-0.069627956,-0.056591615,-0.040503044,-0.07918087,-0.074851476,-0.0584703,-0.0908366,-0.07320216,-0.02369349,-0.05462611,-0.024756292,-0.052754965,-0.06480279,-0.054611456,-0.02272401,-0.078326516,-0.07458009,-0.06250147,-0.06499298,-0.057256803,-0.069129504,-0.03995853,-0.052232277,-0.06835315,-0.054256976,-0.035757396,-0.053932264,-0.028202254,-0.022467304,0.014939896,-0.05226013,-0.05568148,-0.045364942
0.020776166,-0.01934237,-0.075008094,-0.034111355,-0.032697804,-0.00033779626,-0.009069426,0.019315423,-0.04208837,-0.019321486,0.059849523,0.005876205,0.019637091,-0.059694394,-0.063817896,0.025275715,0.014157988,-0.00981671,-0.012041909,-0.08155325,0.009270758,0.047067624,-0.025992954,0.011388339,-0.03516497,0.07827319,-0.020700714,-0.055805605,0.03080507,-0.04439167,0.047907054,-0.008037793,0.028770816
0.026464371,0.007314425,0.08236317,0.049212873,0.07242989,0.03669953,0.06399107,-0.0033651527,0.039101843,0.050155554,0.03709701,0.027746389,0.06501103,0.06861278,0.051667083,0.050887924,0.07171187,0.0061576217,0.040389024,0.079662,0.017269474,-0.014459189,0.005425465,0.030474847,0.05017312,0.020402823,0.08718563,0.039070547,0.053163197,0.0012894903,0.029283714,0.04159522,0.005464175
-0.029231453,0.00912565,0.03143381,0.074248046,0.04676591,0.054096088,0.026202908,0.046695318,0.06020995,0.059053127,-0.034072224,-0.014065242,0.074711666,-0.028694937,-0.04290494,0.07778914,0.044017646,0.0028566064,0.046344224,0.026596649,0.003882308,-0.061461248,0.0422444,0.037121974,0.03623746,-0.0041732695,-0.031941846,0.05442467,0.0010235364,0.05397015,-0.007343914,0.013926138,0.052415743
0.034400284,0.0032018833,0.017960498,-0.056174878,-0.017456274,-0.006847605,0.009922487,0.03942574,0.0065747355,0.045575276,-0.069953494,-0.06636984,-0.03454287,0.010863344,-0.022262502,-0.022082105,-0.030739672,-0.06527766,-0.019903727,-0.00831591,-0.027939724,0.01463012,0.025901359,0.027619163,0.013891557,0.015657486,-0.023074016,-0.036073994,-0.060082898,-0.013287714,0.06011338,-0.01202715,0.030981366
-0.061487537,0.033769853,0.056313984,0.010302022,0.033806346,-0.0036522425,0.022574678,-0.012077191,0.061860897,0.010677811,-0.014308868,0.005985054,-0.020734705,-0.03256131,0.011197625,0.009041087,0.049401842,-0.05226065,-0.014767528,0.0052350503,0.041554615,0.026864175,0.03582678,-0.049796104,0.027393019,-0.015960798,-0.004849447,0.016087782,-0.043976475,0.053238425,-0.007594666,0.022289205,-0.040042456
0.046355568,-0.019978737,0.023709817,0.031034932,-0.06418075,0.02234043,-0.020246832,-0.043336127,-0.011567249,0.016988436,-0.06893121,-0.0042818934,-0.02074719,-0.06382853,0.0737807,0.061744638,0.05007239,-0.0012637653,0.031206513,-0.012951088,-0.07102643,-0.073501006,-0.0032247314,-0.045230057,-0.0017806587,0.014568808,0.04461522,0.023254901,0.01401414,0.0061269477,0.00040288133,-0.050475042,0.023150628
-0.044986714,-0.0023530493,0.009980692,0.083744474,0.021476083,0.0155652,-0.008731884,0.046034608,0.011405771,0.05269885,-0.0559245,0.049190037,-0.00785529,0.045788348,-0.036427382,0.050401326,-0.023786753,-0.024646396,0.007941374,-0.026316801,0.045638107,0.045872938,0.023156993,0.068676166,0.055885594,0.035880905,0.024670735,0.067779794,0.023454733,0.058077373,0.05138155,0.031454057,0.04468817
-0.022547917,-0.023849824,0.02357471,0.002109069,0.07774262,0.059891827,-0.053891793,-0.02302427,0.009296032,-0.0025920286,0.063435614,0.064065725,0.028871588,0.058353387,0.038773045,0.047337983,0.053420965,0.04301784,0.06434113,0.043479554,0.02496944,0.024956582,0.020562273,0.009211124,0.00071289786,0.023197398,0.010643561,-0.058039892,-0.0482333,-0.0039929077,-0.018937044,0.018009976,0.024221005
-0.0074751736,0.06200933,0.016496029,0.07447451,0.05150888,0.06678375,0.06374059,0.011229867,0.021111436,-0.0066963267,0.023074,0.050156385,0.06755084,0.0010115054,-0.0067120194,0.04804937,0.015934626,-0.012249976,0.028728005,0.049698997,-0.013462735,-0.03119296,-0.029858723,-0.03464507,-0.022443986,0.012637459,-0.00437586,0.052346848,0.03311075,-0.017374566,-0.080225386,-0.04949151,-0.053277895
0.009916868,0.021428926,-0.029774208,0.06115632,0.061266206,0.07407924,0.037336003,0.07084508,-0.05907028,0.041308403,0.058241036,0.004936644,0.0049328995,-0.040326837,0.021789776,0.014196906,0.07679477,-0.012506698,0.066400476,-0.050047636,-0.014180006,0.040382568,0.009221707,0.041132115,-0.012872609,0.0162456,-0.033660766,0.04751528,-0.054992992,0.037711825,0.048308447,0.03072211,0.024403052
-0.08280347,0.0262702,-0.004438097,-0.05174911,-0.07076369,-0.051298704,0.07428877,-0.07836725,-0.077465154,-0.05296936,-0.059641328,-0.03384347,-0.063711345,-0.06974145,-0.06691372,-0.06557627,-0.045588844,0.01441681,-0.06479805,-0.036617544,-0.0744418,-0.08193857,-0.08081104,-0.07866312,-0.05929334,-0.08105181,-0.07171481,-0.076476365,-0.07795379,-0.08738298,-0.081496686,-0.07902475,-0.07722015
-0.009187677,-0.014507271,-0.0065708268,0.014669866,-0.03209322,-0.038871016,-0.030559834,-0.019867545,0.02590765,-0.05914517,-0.027580509,-0.013137029,-0.049891315,-0.026647625,-0.040649112,-0.0731047,0.011020515,-0.027693817,0.011528426,-0.017242657,0.02942846,0.05892547,-0.02675805,-0.011396964,-0.0010818279,0.05699576,0.033553448,0.045734376,0.02806286,0.0068344614,0.03922365,0.032595843,0.04917947
0.035790436,-0.0144244265,-0.048543964,-0.06239306,-0.042116612,-0.002108148,0.058695212,-0.00015233508,0.04897268,-0.009677095,-0.020964626,-0.004209289,-0.020067995,0.014228842,-0.03240216,-0.04372333,0.030895542,-0.02797743,0.019507295,0.05000089,0.009718547,-0.01098979,-0.013349225,-0.03307535,0.059212536,-0.04841466,-0.04412383,-0.03984544,-0.03823729,-0.046308707,-0.011427108,0.021446843,0.043909565
-0.080630906,0.022254128,-0.013387998,-0.033171915,0.0043246355,-0.023059394,-0.021075081,0.023331366,0.01742056,-0.024207156,0.0739373,0.02184609,-0.06919594,-0.027110318,-0.033790674,-0.00055761664,-0.07805792,0.00439476,-0.023137927,0.04410529,-0.0065194913,-0.061307352,-0.072650045,-0.0686458,-0.0655127,-0.05424935,-0.071206786,-0.07056983,0.0068168878,-0.07697654,-0.071672544,-0.06938678,-0.07197873
-0.074427634,0.04478627,0.03636157,0.036694165,-0.013584208,-0.041286003,0.004357279,0.005281415,-0.043325607,0.02729573,0.028259534,0.046450946,0.049842674,-0.010885517,0.05121452,-0.038159292,2.1189895e-05,-0.054024797,-0.020145347,0.040822517,-0.06328834,-0.049920004,-0.024367277,0.0023245073,-0.033011824,-0.014821256,0.061157256,0.059667572,-0.019096488,-0.030053224,-0.03143669,-0.03825253,-0.021686345
-0.073567264,-0.052473728,-0.068054385,-0.08280421,-0.06933818,-0.07586721,-0.07281422,-0.07183354,-0.038268864,-0.05080692,-0.07218058,-0.06567637,-0.074631445,-0.068745084,-0.07652944,-0.058494523,-0.067047566,-0.07202274,-0.06998672,-0.038435116,-0.07396199,-0.084501535,-0.070436805,-0.06995288,-0.041592173,-0.07310226,-0.053443402,-0.068000235,-0.06190829,-0.059458893,-0.069771565,-0.07288293,-0.06864922
-0.015061301,0.004199399,-0.019076664,0.038521875,-0.035133213,-0.031764552,-0.047504213,-0.073405646,-0.03794201,-0.03189749,-0.05178999,0.03292445,0.035908174,-0.031030048,-0.048283983,0.0047276085,-0.03399866,0.0050141304,0.023691062,-0.017571585,-0.03119652,-0.052887235,-0.030343343,-0.06744811,0.051432785,-0.060279332,0.024508612,-0.043755468,0.001347226,-0.05764733,-0.026888924,-0.010081333,0.05111313
-0.047091305,-0.021619538,-0.04153889,-0.037135117,0.004113656,-0.036900893,-0.04328136,-0.048698977,-0.030526921,-0.024253273,-0.0011140461,0.015026046,-0.06925781,-0.07315994,-0.033009496,0.048466485,0.012892613,-0.06323668,-0.01738707,0.010176046,-0.060376704,-0.040594783,-0.052255247,-0.022975925,0.01999704,-0.0474376,-0.04613383,-0.04554899,-0.06655362,-0.032792028,-0.059885383,-0.07469806,-0.06317837
0.008817138,0.045985006,-0.022052128,0.015509316,-0.01831678,-0.016823625,0.052425954,-0.004524583,-0.05323782,0.0051899566,0.018724551,-0.016239498,-0.016647313,-0.0040816884,-0.009839973,-0.05042796,0.024716854,-0.0060684183,0.0068245325,0.042920526,-0.00035960396,-0.0009706797,-0.01782153,0.035797987,-0.014717347,-0.027888078,-0.0539319,0.023901908,-0.024797177,0.0040686326,-0.06367722,0.030373389,-0.005575139
-0.024723696,-0.064584784,-0.06527409,-0.058495354,-0.0266685,-0.024124173,-0.06431993,-0.024248878,-0.07597834,-0.03918601,-0.043704204,0.032505542,-0.0766437,-0.0011490382,-0.011883233,-0.04828497,-0.06729148,-0.05154819,-0.04344408,-0.04847466,-0.053667024,-0.049669676,-0.043627407,-0.05570679,-0.06582154,-0.041925933,-0.00864525,-0.036747478,-0.035852395,-0.018778866,-0.058237,-0.0072106156,-0.06861921
0.04161809,0.058150794,0.06311083,-0.003435316,-0.041896317,0.0028575342,0.07026325,-0.03211298,-0.011692124,0.0032366775,0.06300398,-0.072460696,0.07435986,-0.007305194,0.04092683,0.029639095,0.0059918594,0.074221335,0.024086766,0.008454541,0.06495657,0.055824555,0.05313908,0.022686701,0.052935682,-0.018432671,0.052416217,0.016884679,0.0478752,-0.06063687,-0.044128716,-0.0651619,-1.328047e-06
0.0059700254,0.007890339,0.03410802,0.03957087,-0.033589594,0.038128003,0.0944956,-0.06097728,-0.04168338,-0.011238833,0.046511505,0.0200142,0.08537121,-0.015106262,0.01791461,-0.007637541,0.068614244,-0.015673166,0.021064881,0.028531957,0.011034477,0.03638116,-0.0019645179,-0.01868797,0.072876066,0.02792184,0.0529855,0.0027153448,-0.009976772,0.014315039,0.032123957,0.02542654,0.00095064275
-0.074259005,0.01018403,-0.00740432,-0.040292744,0.016040446,-0.035223223,-0.045210082,-0.032893907,0.013588278,-0.062239178,0.038975988,0.07644536,-0.05742978,-0.07540076,-0.077374235,-0.0073815864,0.01839619,-0.013059806,0.0014197493,0.01902049,0.049029917,0.033697482,-0.020223087,-0.063031204,-0.025338437,0.039453708,-0.05152119,-0.012348078,-0.067310356,0.059471607,-0.02631183,-0.025686024,-0.06525459
0.06986678,-0.03230605,-0.047226418,-0.02736002,0.03926994,0.06137164,0.0064544897,-0.011002879,-0.06024715,0.04822764,0.02562213,0.023895603,0.014804086,0.0008798449,0.009491968,0.05423429,-0.017383596,0.0013682805,0.025973942,-0.016849618,0.018746413,0.037404,-0.018044172,0.015092406,0.0015517448,-0.060531914,0.045103483,-0.059474695,0.04430883,-0.052441332,-0.019455738,-0.021748679,0.06887293
0.062407672,-0.022570433,0.020564955,-0.034308933,-0.004617421,-0.0071131377,-0.021752635,0.06742373,0.054550014,0.025250938,-0.02358807,0.0011114111,-0.022641506,-0.041247245,-0.033598695,0.04221189,0.0034950215,0.009696998,-0.005815061,0.02960621,0.027335398,0.04987439,0.051079497,0.05991379,0.030574441,0.004387699,-0.012120965,0.022425001,0.0052280505,-0.0020219665,0.031178188,-0.012804105,-0.043431014
0.030875672,0.0044266973,-0.027139401,0.06799609,0.06500501,0.0588978,-0.026670454,0.05134984,0.035823762,0.05215612,-0.01473453,0.010986277,-0.0046470924,0.044889,0.048775405,0.046506934,0.029460056,0.018426191,0.030968163,0.003058455,0.0015674776,0.026726022,0.0494195,0.024123147,0.056297045,0.040747356,0.042871643,0.0010741478,0.039600547,0.048773635,0.044943266,0.05180448,0.06426965
0.05984399,0.06975622,-0.042849526,0.002433979,0.008396908,0.022350747,-0.0007158464,0.05355322,-0.035416313,-0.011800616,0.058340777,-0.061302308,-0.05545225,0.045644782,0.04011753,0.028904434,0.036483463,0.03197279,0.00847915,0.060537014,0.048124388,0.0400992,0.002284962,0.05056966,0.07114846,0.0055223326,0.07928614,0.014028682,0.060708478,-0.011328333,0.043974537,0.018378168,-0.040380966
-0.03029452,0.05468385,0.014800237,-0.038445354,-0.008665524,-0.04920285,0.016087033,0.079339355,0.077339806,0.051587716,0.042150952,0.06894099,-0.019293848,0.00069198746,0.08346023,0.014347287,0.04865577,0.031362295,0.026407424,0.07757283,0.058466975,0.072613925,-0.017519996,0.0757508,-0.04287342,0.069449775,-0.026530834,0.074866414,0.009829141,0.058079593,0.056354195,0.06808431,-0.05521062
0.08422186,0.099187426,0.0049329256,0.08052532,0.067546494,0.08394984,0.018265475,0.07315565,0.058365967,0.07809505,0.03728443,0.04519658,0.06691124,0.081386924,0.061007928,0.032658834,0.06264638,0.08405015,0.06760033,0.012265572,0.08906164,0.08047743,0.083481826,0.07579711,0.07469371,0.04554059,0.0029092827,0.024655174,0.054868095,0.00082117174,0.05162016,0.07964249,0.07802098
0.016372666,0.023977425,-0.024604933,0.046704434,-0.0536209,-0.06357795,0.020642638,-0.071425155,0.016025193,-0.041046154,0.017623192,-0.020600524,-0.05399435,-0.027257795,-0.07208768,-0.019053617,-0.041243464,-0.023281464,-0.008743046,-0.013774356,-0.032597054,-0.04546895,0.0028621627,0.016919922,0.002373655,-0.07618902,-0.027984193,-0.04669416,-0.012435403,-0.023153497,-0.039787892,-0.02382696,-0.07359778
-0.026590694,-0.03815864,-0.068990156,0.043672796,-0.07546767,-0.056713436,-0.067791596,-0.07546688,-0.07278672,-0.05530932,-0.061519656,-0.066116594,-0.074284606,-0.070568785,-0.06799615,-0.056916118,-0.06863853,-0.07865844,-0.055269018,-0.07682787,-0.07894098,-0.06111719,-0.06778159,-0.066489995,-0.06545187,-0.052900508,-0.01876541,-0.050943237,-0.057539303,-0.01002021,-0.06242401,-0.05639395,-0.06040782
-0.0056218132,0.030901643,0.021515338,-0.013204373,-0.024445057,0.008860425,0.015445518,0.040032238,0.054733053,0.012016525,0.005755141,0.024608381,0.039620206,-0.025781585,-0.038211398,0.018393934,0.06944773,0.017016841,0.05968556,0.0074950475,0.048604514,0.04044137,-0.017188232,0.02420717,0.06211626,0.026705602,0.08004614,0.009260835,0.034476124,-0.008870749,0.05460431,-0.05023941,0.072190635
0.047321796,0.01371591,0.017802984,-0.0818672,-0.036472615,-0.020846646,-0.0028481984,-0.06693317,-0.00873772,-0.03461482,0.0076601338,-0.019262485,-0.04441012,0.019181198,0.0593555,-0.062409572,0.023894599,-0.01586771,0.042134237,0.020199157,-0.051540885,-0.04352161,-0.054038472,-0.058280703,-0.03930233,-0.04933501,-0.04363373,-0.055893272,0.010334057,-0.07485543,-0.029653052,-0.005935837,-0.06940112
0.0437504,0.0015387997,0.032438178,0.07403201,0.07230811,0.086559705,0.062351413,0.0836278,-0.045252766,0.08388391,0.0224054,0.08076389,0.054758992,-0.045459393,-0.040457897,0.01082704,-0.008577243,0.05973624,0.066315204,0.0042510545,0.021834109,0.02197545,0.074287266,0.07893679,0.056701686,0.059207495,-0.04797579,0.0018693532,-0.008327385,-0.039271776,0.0017750704,-0.021270895,0.013661937
0.0026255194,-0.06350621,-0.051943142,-0.055179376,-0.048501104,-0.061427258,-0.03647935,-0.048119683,-0.06709203,-0.0738844,-0.051750507,-0.07329293,-0.058415145,-0.06263765,-0.037926547,-0.077696346,-0.06476795,-0.07047252,-0.073016435,-0.050423305,-0.07440791,-0.067742504,-0.03357475,-0.034726303,0.013987718,-0.054560006,-0.07496851,-0.07385623,-0.049421545,-0.035887267,-0.05702138,-0.045868717,-0.055646937
-0.04545546,-0.020951599,-0.067314,-0.06570845,-0.02994933,-0.04132476,-0.058746707,0.009838434,-0.051884405,-0.006797792,-0.06862949,-0.053388376,-0.07479376,-0.060893808,-0.046334986,-0.06054695,-0.06510104,-0.06290332,-0.049989983,-0.012497027,-0.028442254,-0.07921696,-0.00458218,-0.00017565688,-0.05774628,-0.01186548,-0.06065029,-0.008231053,-0.06465209,-0.0045185303,-0.041436777,-0.010683943,-0.057682876
-0.07734221,-0.086026095,-0.019077435,0.013827695,0.021297654,-0.0787478,-0.06259814,-0.07233535,-0.029359052,-0.060389474,-0.059125338,0.015997626,0.0051415986,-0.0616717,0.009646312,-0.06659791,-0.06337183,-0.06754613,-0.065063074,-0.07116002,-0.04154551,-0.056304175,-0.043729275,-0.04807806,-0.03226719,-0.007581237,-0.06340086,-0.006330654,-0.048936434,-0.0072731646,-0.08002014,-0.06012694,-0.054391727
-0.03432309,0.07203609,0.055401437,0.042616297,0.009493925,0.023346273,0.02506266,0.03236382,0.041442595,-0.04547245,-0.0050989194,0.059256837,0.033644315,0.02950843,-0.030038215,0.0904273,0.03787961,0.008661127,0.06416341,0.056961358,0.04173484,0.011151284,-0.0047923266,0.0025737842,0.05787774,0.04757812,0.008941896,-0.035920866,0.05286349,0.025817819,0.019277563,-0.02717234,0.025897391
-0.020680329,-0.044884287,-0.04913731,-0.006493621,-0.04703221,-0.030620934,-0.07217317,-0.04782428,-0.043361448,-0.014986083,0.053566046,-0.017873093,-0.05799754,-0.010925618,0.056984812,0.077509984,-0.026234271,-0.054776423,-0.026809907,-0.049934182,-0.065468736,-0.060078204,-0.05131009,-0.069353916,-0.071935736,-0.062239792,-0.024866607,-0.029038683,-0.003849948,0.051780254,-0.0027806088,0.0015519431,-0.06994493
-0.0718051,-0.015521173,-0.005490563,-0.011918446,-0.01751027,-0.040794294,-0.037161987,-0.0418461,-0.048872944,-0.0586136,0.035548214,-0.004373801,-0.059873313,0.053220134,0.031490948,-0.026781268,0.04732599,0.030622547,-0.0156943,-0.0292758,-0.019996509,0.0058397143,-0.0024352204,-0.03465001,-0.061187502,-0.0022269217,-0.027714001,-0.015501518,-0.020681316,-0.06057018,-0.074122086,-0.039909333,-0.06526554
-0.028210225,0.024350734,0.018858494,0.043961182,0.018623222,0.047122493,-0.029821059,0.035954576,0.021178417,0.0142734675,0.014680911,-0.047104854,0.02116141,-0.0038947964,-0.042167503,-0.01469948,-0.053164292,0.08009862,0.016321344,-0.06706029,-0.0022610617,-0.05768578,-0.025210897,0.027325885,-0.0036601643,-0.04085045,-0.04740954,-0.042413373,-0.00395939,-0.038239166,-0.005635108,-0.0433829,-0.006006443
-0.015115218,0.0144993765,-0.07124997,-0.008683678,-0.054058198,-0.0855599,-0.060568187,0.071853384,0.04393677,0.07326331,0.014845871,0.04020635,-0.04968814,-0.05837012,0.04381781,-0.004847544,-0.0022523068,-0.022466,0.060894035,-0.016701758,-0.049266785,0.016266482,0.05894587,0.07068006,-0.06555121,0.06819741,-0.047898233,0.019287746,-0.07171554,-0.010086009,0.023831455,-0.04521473,0.052433863
0.021043709,0.05610769,0.015631704,0.018480716,0.041026138,0.021450115,-0.008432801,0.06461658,0.014519567,0.06911218,-0.0400623,0.057360068,-0.034575038,0.04418871,0.012983271,0.065876506,0.053642154,-0.007740948,0.028833538,0.046386823,0.063980006,0.042716783,-0.0054378044,0.04951781,0.050964165,0.022229496,0.07356511,0.0731292,0.041381244,0.06185827,0.033571847,0.012059556,0.012110198
0.038293786,0.039854284,-0.02271169,-0.07451091,0.06592604,0.06352421,0.010583072,-0.0052685826,-0.040407132,-0.029824957,-0.04108595,0.017488362,0.043835767,0.014028314,0.008546726,-0.028028645,0.0036874022,-0.010520526,-0.0073912335,0.05289971,-0.028339203,-0.063166335,-0.002739303,-0.025333853,-0.024230657,-0.01361674,0.018069537,-0.07167158,0.004929192,-0.050825264,-0.027898042,-0.022388753,-0.058758188
0.023490494,0.055834692,0.023082195,0.018880084,-0.031424325,-0.035164077,0.07194456,0.015945965,0.035493765,-0.06461054,0.03696262,-0.0053660334,0.038524836,-0.03628386,0.0490266,-0.050214045,0.019150214,0.010870029,0.06110303,0.043425445,0.055738162,0.02523111,0.05206921,0.034659702,-0.019080067,0.029348731,0.035705652,-0.012147801,-0.0035923296,-0.04830681,-0.022562033,0.03630928,-0.021734012
-0.07027976,0.053936124,-0.037279736,-0.06199796,-0.027539063,-0.057651613,0.027842091,-0.068719074,0.030278342,-0.06340488,0.024439007,0.01708434,0.010991109,-0.056547955,-0.060604908,0.020715326,-0.02514443,0.005247946,-0.022544181,0.019260626,-0.016017856,-0.032159556,-0.049762875,-0.06776507,0.035145115,-0.06347377,0.010307811,-0.02539616,-0.027974667,0.032635916,0.038893037,-0.008543745,-0.061090898
-0.07026081,-0.043189254,0.045777667,-0.03702837,-0.07388386,-0.063457794,-0.02076227,-0.040639713,0.008345298,-0.05366573,0.031271372,-0.0029624505,0.049156502,0.014431618,0.048646178,-0.02539468,0.026854934,-0.038210113,0.054202013,-0.017952144,-0.061314136,-0.047604367,0.006649765,0.004432422,-0.024099456,-0.06652584,-0.002279786,0.011265231,-0.07484245,-0.051069196,0.008319426,-0.044221222,-0.029683776
0.079337694,0.021190597,0.04347525,-0.04125803,-0.025519622,0.06867107,-0.027705409,0.0074384543,0.049147457,0.035100676,0.07826858,-0.044823788,-0.021372614,0.0032354135,0.001949171,0.06806583,-0.0012720342,0.060086858,0.06641394,0.0014989646,0.06297183,0.065971866,-0.00948428,-0.011347754,-0.04150604,0.050928164,-0.036537737,0.05639591,0.014808985,0.021476572,0.07143804,0.06824783,-0.04034554
0.036292635,0.030782456,-0.0038018336,0.001365531,-0.01312896,0.026995415,-0.0034267642,-0.029385261,-0.011852984,0.027879646,-0.020365758,0.026092147,-0.019861532,0.02388995,0.00064306974,-0.014358325,-0.05695812,0.025404572,0.040038478,0.0068931957,0.012625693,-0.027627096,-0.0022719398,-0.034430757,-0.009993911,0.0047590164,-0.043459386,0.022649376,-0.046938926,-0.026495947,-0.018460652,-0.0074254493,0.007534493
-0.07679925,-0.02480491,-0.059745822,0.007998717,0.008282919,-0.04253529,0.026085641,-0.00810942,-0.070040576,0.016950037,-0.044095326,-0.07704915,0.018049996,-0.045106236,-0.04589633,-0.043650966,0.046693917,0.06941337,-0.04219728,-0.05198653,-0.007306308,0.019364817,-0.06312492,-0.0030884617,-0.050164104,-0.047680918,-0.015028974,0.033016328,-0.032269374,-0.083896235,-0.08100871,-0.077211626,-0.04078042
-0.07945345,0.05068213,0.074263416,0.013415703,0.033403236,0.01639864,0.018888408,0.019872224,-0.014860743,0.020773279,-0.020641742,0.0019089486,0.06701542,-0.022346573,-0.0134715885,0.043289464,0.04357408,0.009058343,-0.007875501,-0.014913708,-0.013262966,-0.030307531,0.01893612,0.067564026,-0.054566752,-0.06763527,0.07014895,-0.033316057,-0.018264437,0.006990501,-0.023757085,-0.009479733,0.024901448
-0.06255646,-0.024670726,-0.017629737,-0.0034069438,0.076315,0.040754262,-0.016231334,0.044895183,0.006500009,0.07602614,0.011812357,-0.02967415,0.011227732,-0.07418285,-0.021397797,-0.029329784,-0.0087329,0.06874471,-0.067680866,-0.06921732,0.04984995,0.02828026,0.03990152,0.017830737,-0.0193392,-0.05187327,-0.081322856,0.015466054,1.0118022e-05,0.04788328,-0.007081186,0.026967043,0.072276644
-0.027018104,0.025856135,0.07202448,-0.009886524,0.06316343,0.03691152,0.08131414,0.049079996,0.064185545,-0.019123958,0.040254604,0.04848537,0.071509406,0.074464574,0.012096862,0.014239684,-0.031648178,-0.01744938,0.02272558,-0.0072772,-0.022656206,-0.039648756,-0.010297804,0.0293871,0.02876733,0.028738197,0.013917788,0.034962643,0.066554494,0.012141562,0.009869954,-0.0041358336,0.061037283
-0.031358063,-0.020775056,-0.026113752,0.017093146,0.029308481,0.051193602,-0.09535789,-0.0070761913,-0.020174418,0.023730826,0.0022197359,-0.077448644,0.009560843,-0.014874559,-0.0668215,0.026153393,-0.03740694,-0.04067948,-0.07651461,-0.07846373,-0.03143688,-0.06583224,-0.016414816,-0.0012133174,-0.07141773,-0.02404333,-0.03466961,-0.011700054,0.057561547,-0.047638685,-0.06966689,-0.058899563,-0.057454277
-0.009483579,-0.011070978,-0.014470459,0.019103449,0.063479185,0.039890688,0.027783815,0.053014196,0.013667311,0.030550199,-0.029762315,0.044608403,0.02360912,-0.008590411,-0.05918506,0.020802237,-0.06899501,0.052528445,-0.02559963,-0.006454374,0.059091974,0.0583463,-0.024619302,-0.029370558,0.050253972,0.06806421,-0.06673135,0.0511972,0.045936845,0.07328929,0.029655777,0.056301583,0.057893477
-0.078634344,-0.0002567375,0.056479257,0.013613246,0.0073694265,0.009485763,0.058543827,-0.036831297,-0.034168568,-0.084560335,-0.027755547,0.041236408,-0.010100456,0.016955998,0.073244564,-0.056074247,-0.01675375,0.07212457,-0.016255755,0.0838636,0.07499431,0.05680469,-0.08097521,-0.050002027,0.057775415,-0.05089099,0.030818984,0.0132113015,-0.014570926,0.009576858,-0.018436816,0.012916827,-0.0044879005
0.024711577,-0.023976346,-0.023080714,-0.0031544191,0.015559221,-0.029341334,0.039647207,0.031827256,-0.01670973,0.007976668,-0.0063050482,0.03448323,-0.066831954,0.07515537,0.031677492,-0.055664774,0.0010634376,-0.033765215,0.013663319,0.024912313,-0.007731155,0.045301624,-0.068517484,0.04624625,0.06348856,-0.040454336,-0.024654943,0.03213595,0.004607562,0.015495582,0.023849694,0.047027152,-0.069315724
-0.03333011,-0.027315883,0.040610634,0.0163705,-0.054812293,-0.048271254,-0.007980392,-0.023742827,-0.048369735,0.011142355,-0.06354018,0.015093941,-0.018561656,-0.027383253,0.013774838,0.0094143115,-0.036149435,0.017947748,0.003181441,-0.010912247,-0.02505302,-0.039334305,-0.015292759,-0.02819945,0.03292112,0.02553368,-0.03210917,-0.025412552,-0.04760027,-0.019755082,0.010456971,0.004263699,-0.027000125
-0.023005368,0.07333266,0.038747665,0.04794069,0.055290557,0.011686695,0.04479671,0.044275556,0.05521352,0.068496294,0.0413768,0.071166396,0.053431623,0.06099362,0.05384686,0.06427723,0.06632619,0.07149458,0.030341119,0.02937256,0.045628898,0.05136513,0.06199923,0.05818271,0.03432275,0.017476013,0.013296815,0.07011975,0.07275222,0.066133074,0.048181646,0.062812895,0.049301304
-0.012836461,0.011260125,0.0013116711,-0.018243628,-0.05181099,0.004438037,0.026633311,0.04524063,-0.043518253,0.017913999,0.082106955,-0.04622103,0.06070523,-0.060051918,-0.07495988,-0.03840701,-0.07210927,0.0142281605,-0.046185274,0.032499023,-0.033614613,-0.03783748,0.005241691,0.02490834,-0.00028616464,0.0010906421,0.05479982,-0.015372726,0.059244573,-0.05261483,-0.06450288,-0.048119888,-0.038918365
0.06125967,-0.059067108,-0.0059919492,0.060106643,0.06641544,0.017326854,-0.09386291,0.0016579368,0.058298,0.0060947635,-0.029780744,-0.023708882,-0.08449923,0.026466668,-0.012141304,0.052247785,-0.0524036,0.05756366,-0.08274699,0.049680475,0.061666694,0.037677318,0.065181464,0.044976983,-0.06834451,0.0059886803,0.008980857,0.06610987,0.061380573,0.07666572,0.012565676,0.05532725,-0.025841903
-0.06218967,0.006677993,-0.02728873,-0.06850726,-0.0696091,-0.060375955,-0.036791816,-0.07827439,-0.051521964,-0.009662262,-0.0054092174,-0.026509166,-0.02095759,-0.017750233,-0.044177767,-0.0062385346,-0.03955877,-0.016301375,-0.012111443,-0.032404546,-0.047003444,-0.022828905,-0.052428417,-0.049628686,-0.051924583,-0.041085914,0.010972551,-0.0010658534,-0.01960339,-0.033761904,-0.054401748,-0.04679632,-0.023747262
0.036212485,-0.012570883,0.00875017,0.033723567,0.00924613,-0.04864898,-0.020480203,-0.029842023,0.04859245,-0.052437816,-0.03619496,-0.057944078,-0.07407165,-0.058236334,0.01628318,-0.0025814618,-0.057380352,-0.0831719,0.029802836,0.014058495,-0.026445474,0.008171482,-0.018385323,0.015109273,0.04831158,0.044214632,0.040188458,0.063777186,-0.025107741,0.028098617,0.057721384,0.040435776,-0.018767629
-0.04527358,-0.027442925,0.0031654087,-0.03345477,-0.056961756,-0.04726969,-0.04656668,-0.05268385,0.040016096,-0.060429864,-0.04631274,-0.003404097,-0.07110804,0.030484917,0.038456064,-0.042489864,0.049389523,-0.00082817953,0.021020066,-0.01508637,-0.057691384,-0.07501105,-0.0720254,-0.070669115,0.006955016,-0.017129552,-0.066493854,-0.06990189,-0.057197645,-0.052612837,-0.08208251,0.0075520007,-0.06765484
-0.02318534,-0.015034158,0.06340726,-0.07177301,0.06905289,0.02341524,0.011620304,-0.0027732288,0.01579357,0.07051405,0.063258864,0.083378464,0.03352116,-0.022814905,0.07390581,0.012615654,0.07911586,-0.051862236,-0.020211251,0.071609184,-0.021205908,-0.035058852,0.02602566,0.054901548,-0.022024473,0.066634014,0.06656389,0.06828508,-0.0038917365,0.085532755,0.050031733,0.02257325,-0.0015000991
0.018664738,0.06870368,0.08339268,0.059458498,0.07683859,0.0842847,0.08280893,0.0767588,0.07830304,0.079400636,0.08060603,0.06818236,0.0767168,0.08241465,0.073962875,0.07609862,0.057854656,0.07438849,0.08341904,0.081715375,0.054812454,-0.00966598,0.07796077,0.074749894,0.061879005,0.0012409037,0.08234778,0.048343237,0.06716386,0.049941693,0.077808484,0.071897335,0.05103785
-0.009219699,0.070004776,0.067123465,0.028439019,0.023940975,0.0041262424,0.045455437,0.06062663,0.056807566,0.023076555,0.032797333,0.05137506,0.049537428,0.032556355,0.046199903,0.06547803,0.037397712,0.06135963,0.015001865,0.05374401,0.03264192,-1.3796963e-05,0.0664421,0.036058974,0.061160583,-0.006136953,0.042461213,0.008238773,0.052926797,0.027080573,0.040620938,0.004505913,0.053218693
0.007127676,0.016868649,0.07940759,0.017117307,-0.029645879,0.04448966,0.07985233,0.025922567,0.05843453,0.05681478,0.022201125,0.04267661,0.052385546,0.020785376,0.014516313,0.085569635,0.022804728,0.060451087,0.053718805,0.08257967,0.04822162,0.03030867,0.034596857,0.007688426,0.06887464,-0.01697148,0.03910515,0.0284406,0.04113786,0.04303659,0.04749951,0.0530267,0.061164703
-0.0045031076,-0.011817885,0.06998961,0.054070234,0.063672684,0.0056221583,0.05604641,0.044854805,0.05502284,0.061193023,0.009128757,0.05584572,0.059660535,0.009129806,0.045606803,0.019179292,0.05389767,0.023159979,0.034304336,0.04224161,0.03683081,0.008726992,0.032622863,0.042740703,0.04697101,0.031526305,0.034272626,0.054559823,0.024676267,0.06576002,0.051251683,0.012642255,0.06316979
0.06224575,0.052856546,0.07103645,0.037676577,0.051201206,0.07649668,0.024833987,0.07609137,0.054013677,0.080764435,0.07028171,0.04770312,0.06412464,0.063788705,0.049162406,0.010937363,0.041303586,0.0763344,0.0718159,0.04867806,0.070280015,0.06389582,0.0738648,0.05764018,0.03634956,0.04318664,0.02368394,0.061507203,0.05557078,0.0006863882,0.05973653,0.0701589,0.071100764
-0.0032759148,-0.034256294,-0.032185014,-0.04386153,0.031188158,-0.023806103,-0.024935804,0.040162932,0.0122367,-0.002592823,-0.002201198,0.036952153,-0.06910717,-0.027567593,0.043281883,0.025273293,0.02063244,-0.008332426,-0.072487235,-0.04319695,0.025909513,0.0772977,-0.024840333,-0.030485865,-0.05554819,-0.005171543,-0.03500113,0.063661076,-0.032533582,0.04817558,0.068466775,0.0013752104,-0.0703204
0.05269571,-0.017359633,-0.023022084,0.0047487617,-0.04177612,-0.03487814,-0.045252904,-0.031256147,0.0011626604,0.0010789417,-0.024032822,-0.013006437,0.019872576,0.04503533,0.023075588,0.018297365,0.054569494,-0.008749645,0.006711722,-0.013229347,-0.029434728,-0.021028321,-0.01755372,-0.029909898,-0.0064651617,0.047860526,0.00021602701,-0.0016783181,-0.006189638,0.040350348,-0.0048181536,0.046826627,0.02871019
0.05022249,0.047469452,0.03985743,0.030740412,0.017763296,0.0005477907,0.02387513,-0.017947283,0.021124696,-0.06076653,-0.07554877,-0.0015167111,0.03342227,0.04296624,0.033768475,-0.06004044,-0.048166323,0.039574247,0.0038500938,0.005870151,0.025054213,-0.03160113,0.026858782,-0.0124798585,-0.0309319,-0.058938622,-0.0781025,0.06576577,-0.0015945171,0.052985482,0.05566962,0.03202674,0.07504921
-0.047155835,-0.049917255,0.016405934,0.0040049143,-0.04667005,-0.049575254,-0.04398933,0.03259128,-0.062297463,0.0066960948,-0.051984426,-0.017631236,-0.0014015624,0.0017984974,-0.047485456,-0.032078587,-0.077499,-0.062343664,-0.07497836,-0.016678596,-0.03422727,-0.040523723,0.028507933,0.0022070075,-0.057878908,0.048400816,-0.041260578,0.015104266,-0.030339913,0.036783155,0.001213835,-0.025471905,-0.0779281
-0.030673737,-0.057964757,0.015467766,-0.049718,-0.061611645,-0.034222785,-0.04589077,-0.0058304686,-0.020170238,-0.054368608,-0.062197484,-0.04764178,-0.031243067,-0.017464792,-0.0638261,-0.031934265,-0.056536585,-0.019258108,-0.05104096,-0.03273119,-0.05429629,-0.032139357,-0.042326253,-0.029374558,-0.048125163,-0.064191625,-0.0061835735,0.019646564,-0.023915512,-0.0443684,-0.0025032535,-0.047957007,-0.0139729995
0.075552225,0.06649579,0.07435661,0.043783758,-0.015917368,0.0020489004,0.069156535,0.034375485,0.066540025,0.03883577,0.06588074,0.053066038,0.067628965,0.07879176,0.0008606452,0.08116455,-0.0096579045,0.05533814,0.02496947,0.08098041,0.054049797,0.073172025,0.022900356,0.044861116,0.06674198,0.056439195,0.06660155,0.04456862,0.054751158,0.0818814,0.058528,0.07541123,0.040914085
0.011010749,0.001948162,-0.018654369,-0.04162712,-0.013186763,-0.044580776,-0.009880385,-0.006423601,-0.05320726,-0.013690087,-0.03978016,-0.05526279,-0.070196114,-0.033100884,-0.062643304,-0.062213246,-0.05616518,0.023478905,0.0516431,0.0046752263,0.027232016,-0.021680275,-0.00917857,0.018939462,0.03149653,-0.06894315,-0.07951251,-0.01448486,-0.03404791,0.015877234,-0.031813335,0.008564954,-0.0016459125
0.041716576,0.035854474,-0.018110666,0.029144442,-0.042601723,0.0458869,0.038549714,0.008618974,0.06326844,0.04115116,0.038480315,-0.0044435873,-0.045467995,0.07414179,-0.013720498,0.049490765,0.07335024,0.035394147,0.07375313,0.0030952059,0.069693215,0.06056928,-0.025815805,0.014238539,0.068052545,0.06223728,-0.06535434,0.023938684,0.01746126,0.033645563,0.07560687,0.0510228,0.050738424
-0.020502543,0.06910443,-0.062769435,-0.035512466,0.0043981685,0.017016884,-0.00356629,0.034878433,-0.06509002,-0.005024093,0.0041018305,-0.06594586,0.006462452,-0.03393958,-0.07987131,-0.027515128,-0.0020740833,0.082978345,0.035448473,-0.08216977,0.08087744,0.054082595,0.013814512,0.04081914,0.06975661,-0.04990406,0.03955462,0.0144129265,0.015010489,-0.010489121,-0.02954557,0.05891933,-0.048980877
0.051981118,0.06380493,-0.013800639,0.012530515,0.040188834,0.05918278,-0.002822014,0.028082388,0.028537631,0.055178884,0.023279663,0.04653343,-0.011304685,0.055058707,-0.034149714,-0.023335045,0.03191084,0.029524546,-0.034276575,0.04442895,0.05294023,0.055338845,-0.0073925415,0.045661725,0.03844846,0.0460411,0.007495036,0.054688547,0.06502135,0.059322007,0.05583781,0.027529802,0.034771763
-0.029499311,-0.04117569,0.07252973,0.039328784,0.04251415,0.03886602,-0.027718386,-0.02417135,0.033782173,0.05313402,0.037356555,0.04657797,-0.011106962,0.043884676,0.00072231714,-0.040802944,-0.07302435,-0.024732908,-0.056851804,0.045040578,-0.050764337,-0.07856814,-0.0031586853,-0.050167814,-0.04753993,-0.033619158,-0.052620474,-0.03458994,-0.053907573,-0.019552924,-0.017939446,-0.045305803,-0.009163999
0.044839285,-0.012838961,0.022053227,-0.0016956,-0.07007135,0.0038917726,0.02219384,-0.06757113,-0.07762077,-0.023987893,0.051438984,-0.027892223,0.083003245,-0.021684866,0.03410848,0.03992305,-0.050620984,0.043944415,0.06844219,0.046799686,-0.024459336,-0.04148502,-0.026151301,-0.06159857,-0.0050010397,0.03718748,-0.0038262561,-0.057952773,-0.05944661,-0.07680242,-0.030312456,-0.039968926,0.06331421
0.02289632,-0.034484785,-0.006473605,0.014893585,0.075107634,0.027711716,0.013556196,0.025935972,-0.026129488,0.026919032,0.06048581,0.017667975,-0.0022451465,0.014468666,0.025996223,0.07754678,-0.028276894,0.06707015,0.041606653,0.000978466,0.012064316,0.060150966,0.020734336,0.017552136,-0.020338062,-0.03794552,-0.0007568815,-0.05018663,-0.0039447066,-0.047702044,-0.01844717,0.013996879,-0.038700785
-0.0058120517,0.0032213398,0.038347486,0.043761507,-0.06657393,0.036377028,0.021299249,-0.010317805,0.025974603,0.0010193763,-0.007964562,0.0064308783,0.05227047,-0.0123275155,-0.032225028,0.023206659,0.0021274923,0.07216291,-0.015964359,0.05530633,0.059508245,-0.0001341354,0.025916392,-0.037121825,0.0065096007,-0.07488478,0.042340513,-0.04195813,0.056590058,-0.037631877,-0.045704294,-0.032847486,0.04651428
0.025879875,0.057716735,0.0356272,0.09149219,0.0662208,0.05781105,0.06372391,0.0015568834,0.0544083,0.01811425,0.04040223,-0.018584654,0.030074988,-0.011843589,-0.004497426,0.045003727,0.017463028,0.047075443,-0.034522697,0.028611185,0.06359715,0.013053687,0.052649003,0.058124695,0.067006744,0.055595335,0.084551014,0.014634043,0.060543485,-0.03208751,0.010293553,0.00827874,-0.0016138805
-0.064104,-0.017877173,0.00615677,-0.047627185,-0.0591989,-0.07257688,-0.057132564,-0.03879366,0.01620152,-0.02872852,-0.060777385,-0.07696801,-0.0046199337,0.014241728,-0.03593727,-0.028749011,-0.03357418,-0.03928618,-0.027223807,-0.06204191,-0.054612983,-0.02087911,-0.02194936,-0.069588415,-0.044402808,-0.059687737,-0.029496334,-0.035941,-0.04672483,-0.06336086,0.0046278057,-0.06800782,-0.02617212
0.015570472,-0.0015765968,-0.0064229164,-0.031151857,0.058710188,0.036438115,-0.068340585,-0.06609532,0.027840432,0.03262786,0.020131238,-0.0093823625,0.0016152691,-0.009805633,0.04435976,-0.021669796,-0.0038017817,-0.0009395019,0.025380284,-0.012187279,0.009556116,-0.01997346,-0.05987471,-0.047015063,0.019302918,-0.068530425,0.078374594,-0.06841829,-0.07568369,0.06704232,0.04134408,0.056282584,0.035616443
0.049473073,0.057027876,-0.022971122,-0.036554098,0.032394767,0.06538232,0.035369806,0.019696957,-0.03409722,0.057496905,-0.027246838,0.0003266202,-0.056114387,0.045085907,-0.07458161,0.04155014,0.07339571,0.03857585,0.005066853,-0.011520229,0.043642487,0.06003924,0.017655857,-0.0028279822,0.02728025,0.054054726,-0.0036219836,0.041771498,-0.022499198,0.056840554,0.011965041,0.06904994,-0.06901943
-0.0058072335,-0.006446159,-0.06548316,-0.021394346,-0.03649476,-0.05141544,-0.036355782,-0.047732323,-0.06099853,-0.061843112,-0.05877495,0.007958362,-0.038792443,-0.056604065,-0.009566842,-0.054579575,-0.05014758,-0.07609844,-0.06719442,-0.070944645,-0.07677098,-0.082230516,-0.038074106,-0.048532445,-0.055282418,-0.046920132,-0.043365076,-0.0645476,-0.07814207,-0.036327813,-0.057839453,-0.0721473,-0.056793403
0.045404676,-0.04177263,-0.040273648,0.074565284,0.063848674,0.06227123,0.057779174,0.049274202,0.018344462,0.0089257555,-0.041475784,-0.015682025,0.034801792,-0.05197028,-0.059153784,0.0018413846,-0.0137993265,0.032935515,-0.05542643,0.03420882,-0.014168256,-0.02170714,-4.1078576e-05,0.0532046,0.052301116,-0.06106415,-0.036073394,-0.059062198,0.04011633,0.021166746,-0.031353302,0.016463468,0.068764485
-0.066399515,-0.060449976,-0.017109057,-0.08269249,-0.02297196,-0.033726484,-0.049885426,-0.07906412,0.024855442,-0.05062879,-0.071283914,-0.022521289,-0.05342605,-0.06251761,-0.06591189,-0.0033534572,-0.0510256,-0.029789027,-0.06575726,0.04320304,-0.05639836,-0.07718945,-0.079001546,-0.07837853,-0.03169563,-0.07180446,-0.058344763,-0.07620785,-0.049838737,-0.027505042,-0.03863738,-0.07244319,-0.073441565
0.04860745,-0.032380026,0.03237004,-0.006201486,0.011460129,0.01329982,0.04495971,0.027260948,0.04698491,0.039490506,0.006789408,0.002976279,0.047376253,-0.012227377,0.0011777125,0.030763395,0.025902418,0.040246367,0.050048202,0.04289057,0.04077585,0.046009704,0.011006956,-0.0042329496,0.046200715,0.04035054,0.019130506,0.059297126,0.017785864,0.008838081,0.052549787,0.07803485,-0.011169276
0.05079728,0.06678515,0.051644016,0.050408386,-0.026417144,0.014145793,-0.008697866,-0.03370431,-0.0013407156,0.03592428,-0.018225329,-0.030590072,-0.045376107,0.07347671,0.064399354,0.06767187,-0.024000676,0.060125712,0.03530807,0.00848944,0.06282909,0.034478612,0.049969397,-0.0054137832,0.038423024,0.056661494,0.035420347,0.036632232,0.019740742,-0.022109132,0.04341036,0.052112885,-0.038235914
-0.071393184,-0.03163766,0.03994751,-0.056873243,-0.014369067,-0.06569047,-0.014865763,-0.020916497,0.017542575,-0.0024706852,0.04099883,-0.022964071,-0.02946748,-0.026630092,0.05971052,-0.055477634,0.0717622,0.01542066,-0.061837807,-0.06457649,-0.00019870617,-0.0011193366,0.036091898,-0.02397457,-0.053127453,0.0014750601,0.004054621,-0.058475297,-0.08453513,-0.012744496,-0.042026937,-0.0051388503,-0.05383264
-0.033528578,-0.04477342,-0.009093086,0.008410247,0.007602468,-0.040417265,0.034795225,0.00919179,-0.023086675,-0.048251513,-0.0537504,-0.051536612,-0.028026897,-0.07475943,0.01958564,-0.04008288,-0.030730428,-0.062265888,-0.06792161,-0.053213198,-0.07157957,-0.08096536,-0.021608891,0.009249856,-0.008665441,0.01246675,0.017931549,-0.052890856,-0.03865076,-0.07127447,-0.0599455,-0.081454195,-0.06816438
-0.026471168,-0.051005714,-0.07722043,0.009207046,0.035184547,0.037341285,-0.054546464,0.043971155,-0.07666944,-0.0137536675,-0.043833263,-0.031354398,-0.042288397,-0.066986926,-0.01866905,-0.026506543,-0.003809834,-0.058147673,-0.07460702,-0.072617844,-0.049259827,-0.03620076,-0.024258902,-0.015221736,-0.034797017,0.0014804853,0.016057791,-0.06023747,-0.0491132,-0.0063058888,-0.005666235,-0.04863927,-0.008696888
0.018106481,-0.029234346,0.06311273,0.040998038,0.06166259,0.062738605,-0.013718153,0.044357117,0.042720098,0.004405356,0.03571736,-0.020922564,-0.0045337956,-0.03516086,0.020982957,0.020247621,-0.03671298,0.03228083,0.007231046,0.06599222,0.012221873,0.010910571,-0.0004631168,-0.009142595,-0.0018664197,0.016995344,-0.02460201,-0.048182104,-0.042216368,-0.00208239,0.028038798,0.050362855,-0.053618044
0.009562359,0.05629459,-0.016222889,-0.05002773,-0.05802935,-0.0103544025,-0.030508546,9.33733e-05,-0.06821768,-0.06499153,-0.016485702,-0.04132711,0.008448954,0.011639607,-0.03583906,-0.03644774,-0.0652343,-0.047673054,-0.056099962,-0.032276846,-0.039123967,-0.056464456,-0.010033378,-0.003060848,-0.05998194,-0.06353403,-0.068824105,-0.03482703,-0.05236325,-0.023265474,-0.06404873,-0.02230117,-0.069684006
-0.015747389,0.031451732,-0.048141368,-0.01666416,-0.035725128,-0.047669705,-0.0008850073,-0.028658966,0.014134423,-0.028226653,-0.056658447,0.009807011,0.04968149,-0.06203967,-0.043106522,0.017236186,-0.06870916,0.02388677,-0.02556073,0.030504288,0.032478396,-0.023763053,-0.018860769,-0.0057624574,0.051175535,0.036359504,0.008330019,0.05337122,0.050165556,-0.04005772,-0.038491346,-0.0195382,0.06183652
0.08067982,-0.022000367,0.03843601,-0.073755465,-0.003252681,0.046503305,0.0016931349,-0.05187277,0.039225787,-0.022206996,0.06972273,-0.06309257,-0.03629215,0.034098145,-0.0008582361,-0.0082576815,-0.034165822,0.027279144,-0.050588682,0.016560407,0.0049725664,-0.04414641,-0.04315898,-0.06412673,-0.020265048,-0.065840244,0.0004663382,-0.032828927,-0.019341871,-0.06250828,-0.034546107,0.032605276,0.0013335481
0.036652982,-0.004519232,-0.076558724,0.020622049,-0.0052701086,-0.03137636,0.0048177266,-0.009004874,-0.06484057,-0.04216055,-0.038291954,-0.02964346,-0.05761752,-0.04598036,0.0032844935,-0.004627085,-0.048484135,0.08014483,0.054091215,-0.06820041,0.069321744,0.039430078,-0.053207535,0.019827904,0.045358744,-0.022761656,0.032165997,0.03950801,-0.039590605,0.019791372,0.026333878,0.0384136,-0.049998205
-0.033694837,0.018702338,0.024521666,-0.028658528,-0.057331514,0.004407562,0.031954512,0.019981282,0.0025240066,0.0014390697,-0.03391663,-0.04782683,-0.011237271,-0.007773195,0.010268805,0.017622214,-0.02003965,-0.07716909,0.03809942,0.029816808,-0.0005120098,-0.040559605,0.040751133,0.030362085,0.022361413,-0.021844368,0.05750455,0.037617847,0.00069329963,-0.033487365,-0.0076366006,-0.03983855,0.03308903
-0.06781545,0.027796231,-0.042999137,-0.046260737,0.020388419,-0.0018175404,0.012052631,0.012007385,0.0011882861,-0.00649106,0.0673931,0.009097718,0.015943862,-0.055435024,-0.07421327,-0.03382648,-0.019435387,0.037464894,-0.04126454,0.02065297,0.022336876,-0.0006290228,-0.051990103,0.029654635,0.064077936,0.06487801,0.018872742,0.027875125,0.08388585,-0.041025702,-0.05378822,-0.042047586,-0.011839592
0.06441781,-0.008335635,0.048528843,0.032532264,-0.024642868,0.03537695,0.01582428,-0.008349588,0.054371517,-0.008187556,0.053286664,0.055607792,-0.010283388,0.041869383,0.00246222,0.060561784,0.024189211,0.057778023,0.063230604,0.03974442,0.046672225,0.081135936,0.017629558,-0.021423968,0.037854623,0.053114824,-0.00492678,-0.0038553595,0.010149762,0.08180612,0.07968578,0.07467097,0.019113865
0.035098426,0.046729855,-0.0019223113,-0.0056419265,-0.06681024,-0.046124835,0.008768145,-0.026726807,0.040062215,-0.077728555,0.034729227,0.03754244,0.019620186,0.01591172,0.016070534,-0.026547791,0.05334087,-0.006606641,0.016052984,0.05381971,-0.00022170572,0.0078104883,0.01232432,0.008876195,-0.040328223,-0.043814354,0.05762587,-0.032337107,0.043113407,-0.08274755,-0.05623274,-0.0065792166,-0.0060355384
-0.015004596,-0.038205575,-0.08275154,0.02690269,0.0013701674,-0.015242943,-0.046014283,-0.02625458,-0.05052791,0.012634731,-0.04413785,-0.042584125,-0.014691252,-0.0034899595,-0.062539645,0.014291266,-0.017672222,-0.033961922,-0.06619978,-0.07575295,-0.050941497,-0.0632309,-0.04191403,-0.048736747,-0.02878162,-0.0216249,0.025278166,0.031670533,-0.03433986,0.0608206,-0.000111094414,0.023154877,-0.008441121
-0.01786296,0.046245884,0.0033152667,0.014717105,-0.010281767,-0.070826106,-0.050960228,0.031929325,0.04848179,-0.043374214,-0.060143832,0.061467294,0.013121396,-0.041776307,-0.012829593,0.00024663087,0.034921054,-0.06323212,0.021318309,-0.042343337,-0.02946254,-0.007563235,0.04612949,0.025809316,-0.010760984,-0.014883711,-0.039717708,0.062439673,-0.018642653,-0.041267168,-0.029944861,-0.026746862,0.014825716
-0.060686063,0.018244104,-0.021550823,-0.08572789,-0.026951807,-0.06250145,0.014355014,-0.07833838,0.0685656,-0.086300924,0.019833604,-0.030369489,-0.08708776,-0.07039647,-0.044359766,-0.08719286,-0.050011642,0.028097488,-0.020750951,0.04044189,0.069014676,0.0552168,-0.07839373,-0.08227061,0.035872877,0.0064073526,-0.0808354,-0.018190473,-0.065655395,0.021190917,-0.007108465,0.040804125,-0.060900558
-0.0044084154,0.046442878,0.04369418,0.02748298,-0.0010460643,-0.02229951,-0.013198367,-0.0050593796,0.0076192194,0.06959978,0.04155795,0.03963076,-0.014606676,0.05896556,0.061140995,0.03952114,0.045080833,0.03334263,0.0268947,0.059806857,-0.012253587,-0.011438395,0.035292983,0.004595818,0.044448536,0.033156667,0.074593104,-0.033473376,-0.021306863,0.012132744,0.023324173,0.0638633,-0.039612416
0.031016238,0.07511895,0.034902465,0.023920558,0.03685913,0.028934594,0.01510068,-0.022902437,0.067662336,-0.0024498936,0.07421561,-0.039583266,0.00041256158,-0.042725097,-0.03936421,0.0017626715,0.012455627,0.03621715,0.057503477,0.069607995,0.019295515,0.025718017,0.028199932,-0.007346316,-0.02543125,0.040554903,0.046213865,0.057725888,0.019890876,0.058242902,0.009888891,0.04667992,-0.03642546
0.041969284,0.050086267,-0.089997865,-0.069802605,-0.057352982,-0.00815714,-0.020807978,-0.008532675,-0.031335846,0.060087584,0.073727235,0.019444235,-0.008215767,-0.03512195,-0.080656506,0.057245683,-0.02806714,0.03582226,0.03652452,0.04304001,0.024733683,-0.013630819,-0.007400909,0.019055063,0.011377089,0.07223239,-0.004027094,0.013022255,0.044165883,0.031030456,-0.058192834,0.027373472,-0.048636414
-0.0157967,0.0052325204,-0.024617573,-0.04168984,-0.011268981,0.008375068,-0.022774646,0.024907576,-0.0062387213,0.021719344,-0.0017070236,-0.028457973,-0.035007108,-0.06790649,-0.038727794,-0.047577932,-0.049751043,-0.056414213,0.0030506782,0.0049510426,-0.063471146,-0.06262996,0.0042710626,-0.033830985,-0.06188412,0.007555987,-0.081618756,-0.017133052,-0.07611469,-0.041664746,-0.06440468,-0.05779115,-0.03678142
-0.016102111,-0.029757,-0.018957473,-0.0499716,-0.022828847,-0.060054895,-0.04635812,-0.018688979,-0.03619764,-0.055013876,-0.06721554,0.031385083,-0.04129616,-0.04831802,-0.048113097,-0.025214901,-0.012929174,-0.034745898,-0.022446796,-0.026144093,-0.0032297364,-0.00031668576,-0.06372963,-0.03837499,-0.0120886,-0.057231393,-0.06274919,0.012152092,-0.024791587,-0.045956567,-0.01072803,-0.023250513,-0.030852549
0.04314266,-0.030292695,-0.018710207,-0.03938637,-0.03232022,-0.0047109756,-0.070099175,0.01851743,0.021488512,0.0022090871,-0.016107246,0.021414299,0.015491891,0.0148031935,0.026850495,-0.006484964,-0.025690006,0.034992173,-0.047407463,0.04617362,-0.028400492,-0.02577376,-0.0620462,-0.003715795,-0.048866604,0.05365607,0.023631314,-0.027114943,-0.046480823,0.0008892815,0.026834346,-0.061194506,-0.035608616
-0.016786575,-0.09919106,0.0321817,0.0029009525,0.026870115,0.058298957,0.027055793,-0.024843572,-0.040783,0.038124338,0.06727064,-0.03130501,0.010707621,-0.04147714,0.017748287,-0.05695334,0.042544756,-0.08354285,0.0008949863,0.017448844,-0.07769276,-0.02237071,-0.058135636,-0.03768205,-0.058613822,0.06378427,-0.06636089,0.005562536,-0.044951558,0.05882701,0.063635625,-0.00014003128,-0.073701
0.0052904454,0.05264437,0.028837796,-0.02857787,0.042090513,0.036408313,-0.020847766,0.071641766,0.026883896,0.055521354,-0.048995458,0.026672637,0.01592643,-0.03627311,0.024572575,0.07455733,0.032669947,0.043184888,0.034387294,0.044946667,0.0028611682,0.06257576,0.057181925,0.067388974,-0.009995777,0.014611729,0.08788908,0.040017836,0.061340842,0.0023318932,0.049318936,0.043207865,0.037651066
-0.07476162,-0.037172023,-0.029956898,-0.07249179,-0.0070302454,-0.05327827,4.1170355e-05,-0.03707817,0.037776906,-0.074494116,-0.048274778,-0.016486634,0.015319024,-0.012161177,-0.0547328,-0.068271555,-0.05118228,-0.046420965,0.025500996,0.052588504,-0.05322082,-0.025196126,-0.061084814,-0.014107492,-0.043013796,-0.043662418,-0.086471885,-0.03588014,0.002568207,0.018131321,-0.06658127,-0.02378419,0.0038026853
0.057421587,0.057444107,0.030997952,0.014697391,0.055930894,0.055677388,0.062801756,0.060839705,0.07692365,0.061784573,-0.0520755,0.06658495,0.071177736,0.07609862,0.0784286,0.064349644,0.036210418,0.069633536,0.017614277,0.043815445,0.0577868,0.06422068,0.042077024,0.033629462,0.020454468,0.047607094,-0.077747494,0.007988632,0.04574828,-0.048154403,0.016317422,0.03135808,0.07602505
0.057113867,-0.057341304,0.018865243,0.06823286,0.0153491,-0.04491893,-0.012477301,-0.023474239,0.029777324,0.06588761,0.022619706,-0.039055508,0.037066225,0.022631936,-0.039919086,0.002891611,0.048802115,-0.010761673,-0.034708057,0.0202093,-0.00021004771,-0.021851396,-0.038348753,-0.02371108,0.021425182,0.06744189,0.009993057,0.026146812,0.039049536,0.026587673,0.06804174,-0.00053561677,0.011753887
-0.046706792,0.0056441757,-0.013068528,-0.025995461,-0.049717776,-0.029302634,-0.09760283,-0.047432557,-0.0010813674,-0.016332343,-0.036141388,0.010633862,-0.08271738,-0.02370079,-0.06138533,0.00856515,0.013552317,-0.023766864,-0.0834391,0.022742568,-0.0475789,-0.049028218,-0.04056344,-0.072749995,-0.058377642,0.027889144,-0.005130345,-0.0449492,0.031078821,-0.058632523,-0.055726983,-0.06303839,-0.06495827
0.013901407,-0.03611182,-0.014230838,0.08033895,0.03854316,0.0062934253,-0.05550473,0.05739312,0.02849352,0.007351576,-0.054610934,0.031098453,-0.029610194,-0.052125692,0.0019872186,-0.015760312,-0.007075887,-0.047040477,-0.03456672,-0.027145138,0.007984044,0.063364655,-0.0076640816,0.02551143,-0.05789585,0.051797472,-0.027189221,0.06997181,-0.022095086,0.040901028,0.038996592,0.040471584,0.0039935512
-0.026762782,0.039460268,0.07535831,-0.024955856,0.07444671,0.06966071,0.029478911,0.04628882,0.012358773,0.03545702,0.031609677,0.0077059045,0.03227146,0.05457734,0.06070419,0.015532259,0.0037066895,-0.00876826,0.055212773,0.043600343,-0.0044873226,0.02136905,0.020415656,0.024636913,0.017057111,0.02473402,-0.017091073,-0.045503486,0.030314952,-0.021363571,0.027406218,-0.035859752,0.0032500762
0.03440052,-0.04804816,-0.022002526,-0.053390685,0.038380817,0.05347226,-0.030068142,0.053974755,0.0065756566,0.023289423,0.027995322,-0.020541921,0.02580063,0.054525048,0.045797292,0.04276647,0.012214294,0.048816588,-0.0071957083,-0.060304575,-0.008341198,-0.006294933,-0.011963281,-0.00047707907,-0.03029238,0.016456755,0.0063204905,0.030346459,0.005429847,-0.00345534,0.06515659,0.067025274,-0.00395027
0.07260238,0.04374702,0.019911915,0.0864033,-0.03128819,0.028183263,0.02547293,-0.0141546875,0.050473377,0.07394125,0.04848656,0.05026499,0.009705727,0.039155535,-0.0039830315,0.04447148,0.011669204,0.039506745,0.03012551,0.04162097,0.06456681,0.0052355677,0.060303852,0.020774437,0.04351189,0.03229853,0.025210185,-0.040104043,0.06411268,-0.053284243,0.036835805,0.010498555,0.06811873
-0.049751174,-0.004524332,0.03459871,0.0290115,-0.032587588,-0.0034083764,-0.021539602,0.021239828,0.026145589,0.04072296,-0.012262053,-0.023793014,0.08267597,0.012721477,-0.023073748,0.039581224,0.04198045,0.019967165,-0.006000983,-0.0049116714,-0.0120559,-0.005527036,0.06255057,0.01851857,-0.039612286,0.0061035,0.07219309,0.0131208645,0.046442386,-0.056107417,0.0033378205,-0.057534616,0.07849036
0.064876184,0.055367067,0.083796985,0.005416616,0.0102991,0.06171931,0.06220333,0.06500444,0.05621274,0.058291715,0.078356445,0.06867726,0.071100675,0.052017674,0.06612494,0.06918895,0.060588963,0.026054395,0.04102383,0.091811255,0.03991989,0.042587165,0.04478782,0.074087985,0.056425925,-0.0067855455,0.07472421,0.06817172,0.06292045,0.038851492,0.047957662,0.05833723,0.06290549
0.06867244,0.049130317,0.055090476,0.08784927,-0.0083298255,-0.008400629,0.050039317,-0.006427452,-0.062033705,0.026512275,0.056687325,-0.042173117,-0.009904894,0.03745495,-0.05495095,-0.030667208,0.05881054,0.067179486,0.03521182,0.042678095,0.078057505,0.059432138,0.040559575,0.020842962,0.044463053,0.03158436,0.021828122,0.01991466,0.019419681,0.060921986,-0.016468426,0.07832946,-0.055300534
0.01788293,0.029161632,-0.0069001936,0.022374898,0.015702672,-0.06381214,-0.03596497,-0.026129438,0.007478626,0.0727939,0.012560754,0.018362602,-0.05669983,0.060514417,-0.039226245,0.067220606,0.0062041082,-0.033842172,0.06725548,0.02249283,-0.038304597,-0.03363712,0.044766147,0.008332457,-0.014543982,0.00037476837,-0.048049156,0.024770714,-0.0026860829,-0.03791139,-0.070532165,-0.03621989,-0.07148675
-0.0037171964,-0.06904725,-0.087372474,-0.0027234417,-0.060636748,-0.07083293,-0.06903246,-0.06277995,-0.05986695,-0.06366191,-0.031946216,-0.05133757,-0.05320865,-0.05484916,-0.04187686,-0.038758524,-0.03578078,-0.05332984,-0.06413702,-0.09528268,-0.08401959,-0.05712819,-0.06060132,-0.058387686,-0.06905417,-0.07090903,-0.0531338,-0.06820988,-0.07632989,-0.03419463,-0.0507394,-0.048143674,-0.04059987
0.048733562,0.010952426,-0.06130228,0.012578391,-0.016792612,0.023039207,0.007321278,-0.05641468,-0.057648145,-0.075963706,-0.0354824,0.04006447,-0.02292627,-0.049026053,-0.0011474099,-0.030824652,-0.013510455,-0.0114686955,-0.038974613,0.033373833,-0.075596355,-0.07472978,-0.072549306,-0.028574653,-0.011555866,-0.08172447,0.034604456,-0.07284386,-0.07645096,-0.017139692,-0.06900534,-0.05487107,-0.024078432
-0.010677866,-0.0305014,0.01695907,0.003746041,-0.045724653,-0.027815359,0.08939404,-0.033528097,-0.06567262,-0.016051926,-0.039251395,-0.055530876,-0.018191379,-0.05101642,-0.032431476,-0.050639242,-0.067637585,-0.07712375,-0.025108958,0.045316823,-0.03179789,-0.05850947,-0.041841,-0.040036667,0.019271668,-0.05142048,0.010973855,-0.038106423,-0.05304203,-0.05338718,-0.036806114,-0.041692596,0.0009851382
0.029961089,-0.0059853923,-0.029890126,-0.054081023,-0.042613473,-0.011516737,0.006356422,0.006376628,0.006016008,0.0026365304,-0.017405199,0.04414119,-0.00041064914,-0.040184546,-0.040574044,-0.08287753,-0.06663763,-0.02317386,-0.017424608,-0.0316527,-0.00539425,-0.010287728,-0.011609051,0.0064437096,-0.0616423,-0.032101434,-0.040747795,-0.03419888,0.035484806,-0.020658653,-0.073066175,-0.06778416,0.05521416
-0.007870831,-0.041264813,0.013576016,-0.012138824,-0.010900788,-0.036863264,-0.0012919533,-0.033203006,0.010419827,-0.038329493,0.015244073,0.00415704,0.01097627,0.001352554,-0.0066645406,-0.004569574,-0.005390731,-0.019245174,-0.014419117,-0.015652332,-0.03937261,-0.0058020796,0.045345858,-0.019758971,0.029392213,-0.015199703,0.0002306996,-0.03752352,-0.010104382,-0.024923129,0.005894693,-0.037384424,-0.02507398
0.06017384,-0.04932963,-0.00023609606,-0.006195833,-0.034573164,-0.0026125505,-0.02036352,-0.019018544,-0.032842025,-0.017232161,-0.075341776,-0.056434076,-0.040713824,0.07780579,0.019173328,-0.020934047,-0.05973424,-0.049217097,0.049715456,-0.034276705,-0.04941106,-0.009302998,-0.063875146,-0.021323305,-0.024723683,-0.042084657,-0.07497086,-0.06951956,-0.070154145,-0.021906914,0.01726178,0.033045158,-0.022518236
0.018845703,-0.07828798,0.0013671768,-0.07163893,-0.033104,0.05427494,-0.0045049787,0.056554954,0.063548006,0.05900436,0.03606335,-0.020227315,0.026016183,-0.024199797,-0.061178077,-0.00095050025,0.071284726,-0.03270152,-0.019441405,-0.053324025,0.011402111,0.045404144,0.04722544,0.050364558,0.01696413,0.05057442,-0.01485473,0.0251526,0.061732303,0.057447184,-0.04240193,0.07248722,0.025654033
-0.029259492,0.056697957,0.05138855,0.022380067,0.032555684,0.011472277,0.044795964,0.06699925,0.0629668,-0.0041775214,0.07111472,0.06633417,0.056345325,-0.011232327,0.0077493503,0.032831248,0.07548448,0.032923818,0.024356335,0.075982496,0.06626224,0.027818637,0.040925592,0.070422366,0.067170784,0.055179544,0.025837231,-0.022735119,0.05563755,0.019977791,0.05437208,0.041396778,-0.03914932
0.05103826,-0.0020612087,0.04981596,0.023786088,0.0248461,0.00859965,0.06547464,0.025430596,0.013567479,0.03320116,0.03496725,0.02762817,0.038422666,0.045925304,0.0040032435,0.033186316,0.06294358,-0.011056104,0.049989246,0.07909408,0.03066535,0.019990426,0.002300302,0.040322863,0.038873807,-0.0067125526,0.055003673,-0.013691216,0.0061023454,0.007859552,-0.0032028533,0.017437639,0.034771193
-0.024526035,-0.0592715,-0.08178951,-0.06365272,-0.0629513,-0.06998764,-0.08833009,-0.016948342,-0.065595955,-0.07696944,-0.06692406,-0.04228507,-0.02407631,-0.07632939,-0.047539335,-0.070963524,-0.06433588,-0.07256752,-0.062305015,-0.061961193,-0.08085157,-0.06414157,-0.06018629,-0.06429558,-0.05829799,-0.057091966,-0.019237204,-0.06291325,-0.052979827,-0.0813769,-0.056354098,-0.07065646,-0.043763157
-0.049328025,-0.01518247,0.046080448,-0.07954285,-0.026753593,-0.02518966,0.00708981,0.03345251,0.024685241,-0.056903128,-0.007356077,0.06739367,0.05536691,-0.016551018,-0.033428546,0.035314165,-0.05598524,0.06793822,-0.019964946,0.021404736,0.05213333,0.068580605,0.0349773,0.01497755,-0.0069413953,0.013396458,-0.010227299,0.07658454,0.04944633,0.03492512,0.027622035,0.0061259763,0.07667407
0.025236815,-0.019446636,0.0014492326,0.016682977,-0.02230193,-0.004265944,-0.012859883,0.032723144,0.038658485,-0.05668497,-0.0501918,0.035652675,-0.018644046,-0.022662899,0.007071854,-0.029697005,0.027715595,0.021215582,-0.014710429,0.03754422,0.056157447,0.032057397,-0.017143162,-0.03679278,0.04533042,0.034479644,0.0075519215,-0.0057479166,-0.0104611805,0.043661565,-0.008090116,0.0083186645,0.0046914276
-0.026719382,-0.027428973,0.014458062,-0.010092232,0.023518462,-0.0010605418,-0.042637117,0.06676636,0.040811837,-0.004329104,-0.07366902,-0.035243347,-0.06738144,-0.019578883,0.067363225,-0.019830862,0.025176538,-0.010158315,-0.0426073,0.04836795,-0.012243987,0.008875831,0.014566776,0.01449311,0.04278028,0.07105874,-0.025412552,-0.0037828702,-0.04262519,0.048785813,0.04542316,0.025184538,-0.07208142
0.008666296,-0.036211297,-0.022568977,-0.0143909985,0.036322437,0.03388358,0.056937583,0.005742987,0.023865517,0.04495805,-0.030962411,-0.016472535,0.077114224,-0.022720665,0.02090584,0.0152174635,0.018956639,-0.045143332,0.025750916,-0.06417283,-0.008447668,0.026914354,0.03381268,0.0022009728,0.06845897,-0.012647534,-0.0040479302,0.039281286,0.0057895356,-0.01779895,0.008194984,0.064157546,0.06822114
-0.07325455,-0.027744792,0.023635257,0.025181128,-0.06879471,-0.06264581,-0.0034301472,-0.025022382,-0.013524035,0.009616016,0.006196304,-0.035538744,-0.011661436,0.0670391,0.039426226,-0.044184104,0.028438637,0.0024402416,0.025943873,0.014293291,-0.03599096,0.010259861,-0.017877067,-0.030615095,0.014746664,0.0010474835,-0.023208655,0.016910179,-0.030900478,-0.006820304,-0.05691347,0.025764337,0.009172144
-0.070556566,-0.055006534,-0.06319381,-0.08066806,-0.06962229,-0.07395533,-0.041762613,-0.05909569,-0.07207749,-0.05620304,0.022880077,-0.049234845,-0.045389786,-0.067678906,-0.06047679,-0.08437427,-0.030967372,-0.07263708,-0.070996284,-0.018002957,-0.06746082,-0.07569959,-0.07629194,-0.050081678,-0.0562947,-0.054965496,-0.032067623,-0.07481571,-0.053103745,-0.073246956,-0.058790457,-0.06407983,-0.059829973
-0.06224482,-0.0033590638,0.06725305,0.040115114,-0.0627284,-0.043730464,0.024644803,0.022677697,0.04554955,-0.048316214,-0.0426259,-0.069627404,0.046855945,-0.03402261,-0.031237388,-0.054762494,0.049424924,0.041588467,0.020888932,-0.043362007,0.009731528,0.0041843206,0.011204988,-0.024489235,0.06003324,0.023984395,-0.028762698,-0.044495046,0.038497236,-0.004817128,0.035437997,-0.026361536,0.049063727
-0.0199943,-0.020202989,0.06591474,0.01466477,-0.000698749,0.04588075,-0.011167743,0.016009746,0.0703737,0.03949449,-0.038863715,-0.0012860582,-0.02775311,0.0536522,0.010428779,0.052060924,-0.0028380405,0.018526962,-0.0025030556,0.021207009,0.024582451,0.04823942,0.050924014,0.031824872,0.0288565,0.053754743,0.07310959,0.008624728,0.060521282,0.010939685,0.04991235,-0.036648907,-0.0073036696
-0.015563775,-0.08074246,-0.06022246,0.013590148,0.031544678,-0.0222244,-0.019512491,0.05128722,-0.013925896,0.017716303,-0.051469628,-0.039338034,-0.006051181,-0.0073995013,-0.03280564,0.011049172,0.018889926,-0.010986592,0.035461344,-0.058707315,0.008750211,-0.00070595444,-0.010225588,0.05484871,-0.048247837,0.013012057,0.02137091,0.04670751,-0.014520409,-0.042211186,-0.0017147652,-0.02656556,-0.03212566
-0.05418575,-0.060279455,0.010318035,-0.05864041,-0.0047472287,-0.028440392,-0.06041692,-0.03738872,-0.011788142,-0.041173894,-0.048389755,-0.04489409,0.0276425,0.030678518,0.015030963,-0.001686478,-0.024743685,-0.038934074,-0.07671187,-0.06762696,-0.058618173,-0.021664768,0.014590945,-0.024641167,-0.045664478,-0.06560665,-0.00070134044,-0.06887609,-0.016355397,-0.08280362,-0.069096304,-0.05889397,-0.0014158873
0.063888036,-0.007681024,0.06905686,0.021258125,-0.014134073,0.0071314913,0.04284866,-0.022192694,-0.04329665,-0.019202106,0.029847758,0.011616279,0.02381072,0.04373793,0.050573543,-0.017882712,-0.020325895,0.024978789,0.029936763,0.083425105,0.027756942,0.044361252,-0.012802511,0.02778255,0.044354323,0.058972232,-0.043019194,-0.023352807,0.000112891445,0.026247174,0.044307854,0.016512139,0.0067457827
0.018951062,0.015055192,0.079714954,-0.0653446,0.036749333,0.009430933,0.048037745,-0.034090858,0.061503462,0.0032845063,0.059104692,-0.032150313,-0.049110048,-0.05826208,0.023027394,-0.049563684,0.011139575,0.063785985,-0.03905014,0.01750447,0.076111786,0.017219143,-0.0564149,-0.034333255,0.010692152,-0.03871343,0.053405248,0.04209079,-0.016178349,0.042867023,0.016942408,0.07896609,-0.05959733
-0.0067922897,0.013467982,-0.015137461,0.021038465,-0.008340866,-0.056823134,-0.039193887,-0.015796414,0.003215796,-0.026628828,-0.033399824,0.044291425,0.008486985,-0.01773258,0.021125482,0.06357732,0.05363519,0.005565308,-0.026244132,-0.01772098,-0.01693513,0.006747433,-0.014964929,0.014544577,0.044772528,-0.023742145,0.03622029,-0.021894962,0.023563113,0.020426698,0.035622016,-0.023982268,-0.0024243905
-0.03067444,-0.042766403,0.043742888,0.011257859,0.06631141,-0.018952228,-0.09759392,0.0074249883,-0.01794234,0.061180104,0.036572833,-0.017800437,-0.08797522,-0.0020151003,0.042187136,0.012182658,0.013534344,-0.011268125,-0.080085,0.01918494,0.04019957,0.04459474,-0.025459556,0.039196763,0.014388539,0.07152611,-0.025134442,0.042961866,0.029615046,-0.05633805,0.018908013,-0.049222626,-0.058352593
0.010936927,-0.023182511,0.013735523,0.044963222,0.0525987,0.025847366,0.019799365,0.06987628,0.006823759,0.066356584,0.05759858,0.030425487,0.08598887,0.02985945,0.02560245,0.06666954,0.034684453,-0.032286316,0.039756536,0.00023579887,0.037730064,0.07745106,0.07089498,0.07853659,0.009135228,0.08216974,0.06693625,0.07739594,0.08132971,0.08699689,0.0836075,0.08466665,0.065867044
-0.01742845,-0.046715688,0.009766461,-0.009474257,-0.057709336,-0.034602683,0.05653914,-0.026222399,-0.008709837,0.04077164,-0.045454223,-0.05964497,-0.022149995,-0.014659573,-0.0077754618,-0.029381149,-0.008579494,-0.058560047,0.027330743,0.008016867,-0.075540565,-0.049814336,0.02655721,0.02170085,0.034509588,0.04575246,0.022921389,0.033768743,-0.06544053,0.025670676,0.028274529,-0.03044348,0.052061465
-0.07492246,-0.01686303,-0.0021604341,-0.03795389,-0.005988133,0.014482494,-0.030471273,-0.07410136,0.041706845,-0.069495544,-0.010727861,-0.059531502,0.01020034,-0.071648754,-0.041218974,-0.05428603,0.04727259,-0.008997655,-0.05163275,-0.01860677,-0.055399045,-0.00027432616,-0.05703807,-0.050504014,-0.030744573,-0.030807396,-0.04283311,-0.052660786,-0.009003047,-0.051225014,-0.055726774,-0.08015362,-0.018598199
0.018540008,-0.025806354,0.040800415,-0.06344567,-0.02269761,-0.03579943,-0.0060256436,-0.012111408,-0.06225802,0.033927746,0.04411824,-0.06662902,0.059326693,-0.047770076,0.0035471588,-0.041506432,0.0028808557,-0.037334934,-0.006258518,-0.03327466,-0.042443868,-0.04983684,-0.04920447,-0.028803306,0.018075066,0.04692428,-0.0059809387,-0.069278955,-0.043990333,-0.032043923,-0.018320378,0.031992998,0.025487233
-0.059691235,-0.0024908045,-0.046258092,0.06735052,0.03182114,-0.04383239,0.015957285,0.02216405,0.045756552,0.010161923,0.048826832,-0.018791389,-0.0375315,-0.005392919,-0.069995254,0.047156155,-0.011235745,0.06635757,0.023485458,0.025573896,0.055052716,0.029050993,0.06453226,0.02365871,0.07881769,-0.008861179,0.03689604,0.025500406,0.063883066,0.0090451855,-0.0418738,-0.0205569,-0.018582888
0.03967573,0.023016026,-0.0012039489,0.039558355,-0.013856947,0.009855932,-0.026300678,-0.03140172,-0.02876438,-0.03221934,0.02497436,-0.06489314,0.020923708,-0.0056099608,-0.028238496,-0.026098166,0.028355747,0.025500033,0.027334895,0.049336515,0.042094197,0.052096207,-0.04237931,-0.033171356,0.012289844,0.069388844,0.054262225,0.030020896,-0.012335223,0.05341123,-0.025497107,0.045597102,-0.057007138
0.042424787,0.03260655,-0.01470435,-0.033525225,0.04257248,0.060147434,0.021526117,-0.019847844,0.04294884,0.015798638,-0.07016421,-0.028000688,0.031200608,0.06377239,-0.0279458,-0.030417405,0.030392427,-0.035006884,-0.01043025,-0.01374348,-0.00023882037,-0.05183014,0.03131619,0.007911016,-0.008000065,-0.017148899,0.0037522519,-0.014564323,-0.0526917,0.010994632,-0.008885395,0.020996323,-0.021379424
-0.08211887,-0.05537082,-0.04224576,-0.046028934,-0.05758714,-0.079664595,-0.031225989,0.016216196,-0.064140536,-0.009788068,-0.039492488,-0.06172239,-0.020673167,-0.05083648,0.003161186,-0.042131774,-0.055427898,-0.03412286,-0.062955484,-0.06640297,-0.066560544,-0.048648175,-0.033598613,-0.0369,-0.024317384,-0.029863069,-0.020725919,-0.018046401,-0.026207564,-0.023267621,-0.06237785,-0.052460335,-0.014299112
0.051277798,0.041139822,-0.045436405,-0.005167467,0.03848449,-0.012740804,0.0033375747,0.01984045,-0.0574078,0.020560417,-0.038591065,-0.024039537,0.011107763,0.0009534772,0.02180568,-0.037616637,0.01898399,-0.005328745,0.006750931,0.009887911,-0.04651296,-0.059989914,-0.05458485,-0.008469635,-0.02352672,0.027900482,-0.00423378,-0.004291818,-0.04909424,-0.042803567,-0.05057848,0.027955545,-0.040498488
0.06450222,0.036977503,0.05578359,0.061737034,0.003071076,0.054457948,0.09759832,0.034249477,0.012354078,0.027801467,0.022762831,-0.0214332,0.07367904,0.032829303,0.037886325,0.006298406,-0.044661354,0.053836927,0.0840705,-0.027309421,0.026628379,0.0042680874,0.057160232,0.043381065,0.0261448,0.035351302,-0.035602983,0.054670416,-0.009150455,0.06430529,0.058581877,0.06727448,0.06498597
-0.07348878,-0.052459117,-0.07809487,0.015512334,-0.07205955,-0.07695052,0.00899267,-0.06475516,-0.036634617,-0.08295398,-0.03151523,-0.08139038,0.02166161,-0.055293255,-0.023010831,-0.04095005,0.026224297,-0.05631876,-0.0020381664,-0.07792425,-0.08156151,-0.06646488,-0.03127755,-0.040979452,-0.040945966,-0.067252755,-0.040586974,-0.046073448,-0.06991608,-0.083755195,-0.07127831,-0.061730478,-0.016419737
-0.06980655,-0.0113078635,0.08163569,0.024893671,0.0791536,0.074325815,0.024161747,0.070054606,0.08042665,0.07923305,-0.022402972,0.08182346,0.056936502,0.015713392,-0.021293039,0.059886698,0.072494805,0.04062796,-0.030176153,0.06025686,0.053028647,-0.062655635,-0.03194119,-0.02858511,0.039685573,-0.043245975,-0.056106173,-0.06444337,0.08230166,-0.04971985,-0.070546485,-0.036243383,0.0068373475
-0.0060678488,-0.04209829,-0.07060712,-0.022673992,-0.0596501,-0.051256943,-0.047450606,-0.06439811,-0.062596165,-0.020706423,-0.06340182,0.0023863467,-0.05895118,-0.038396947,0.015840659,-0.035441622,0.0014583356,-0.06934936,0.0039518285,-0.04738514,-0.056708515,0.0058860863,-0.072858274,-0.04723759,-0.070803806,0.033688124,-0.0665604,-0.0119927935,-0.044858877,0.034919564,0.025153652,0.043100987,-0.045952998
0.040581018,-0.015493632,-0.06501477,-0.059140943,-0.0026958752,-0.0011617105,-0.025248224,0.049296886,-0.042323075,0.033681866,0.042546626,0.03870219,-0.057590563,-0.04965253,-0.055436436,0.02612074,-0.023408508,0.030826908,-0.010772148,-0.014351592,0.0051747565,0.01168397,0.016556714,0.028413134,0.04403396,0.05210497,-0.0013839576,0.011916626,-0.024128493,0.045075227,0.05754514,0.03671869,-0.046168365
-0.003318271,0.099022955,0.09585281,0.08838249,0.08207742,0.08980823,0.09731622,0.08323938,0.08462506,0.088512965,0.08394505,0.082864925,0.08816236,0.08562768,0.08664398,0.09594155,0.068936095,0.08706756,0.075741954,0.10011589,0.09061498,0.08263833,0.08702053,0.0820268,0.07802941,0.06353978,0.09705867,0.082305476,0.09009484,0.080201514,0.07567365,0.08642879,0.07695559
0.037724998,-0.048761137,-0.053630836,-0.036117293,-0.00077494665,0.014826436,-0.025933292,-0.01565828,-0.028179718,0.044207856,0.060330335,-0.045931295,0.038684558,-0.00080268213,0.06297871,-0.044196803,0.07378653,0.004169095,-0.025735019,-0.07688874,-0.04641088,-0.005555842,-0.052448038,-0.04670451,-0.06619183,0.07570928,0.028846223,-0.035003196,-0.00857663,-0.0809039,0.03816997,0.049731538,0.06308851
-0.06328991,-0.06482802,-0.012382125,-0.035309386,0.06355807,0.060755942,0.023903716,0.02780796,-0.0014686977,0.022754326,0.021345874,0.0112137925,-0.007883659,-0.053268913,-0.06412162,0.04251138,0.049795266,-0.046310473,-0.07425596,-0.043042667,0.010038529,0.03480852,-0.055153947,-0.033022773,0.068814956,-0.0448417,0.042428374,0.015701858,-0.05571483,-0.0030156889,-0.025697282,0.04479984,-0.056752138
-0.00045943505,0.045466695,0.005958911,0.041708387,0.05593103,0.052625332,0.08585457,0.06371965,0.017108476,0.009224962,0.04430252,0.002511154,0.02630391,-0.0103389295,0.008767794,-0.03360454,0.01937721,0.05842707,0.043013927,0.008747639,0.017263595,-0.020603329,-0.0045912517,0.03430398,0.009299119,0.0016770285,0.0044248723,0.017914623,-0.05209291,-0.05739668,-0.03685565,-0.026394246,-0.043459225
0.07140826,-0.013287516,0.01987338,-0.011409493,0.06603207,0.068667196,-0.06718738,0.00625438,-0.048300456,0.046116117,0.01962162,0.0400956,-0.05335995,0.040686477,0.039731197,-0.050309293,-0.015322015,0.039940327,0.046493493,0.004880598,-0.0032534995,0.017642142,-0.025229491,0.022357833,-0.03765052,0.02550951,0.022556951,-0.06782724,-0.01806322,0.03268305,0.038183868,0.06680078,-0.053752217
-0.04027743,-0.075839356,-0.06998799,-0.06624483,-0.057702206,-0.06396149,-0.058914676,0.00076320075,-0.0066929013,-0.055917557,0.029037738,-0.05581625,-0.048713874,-0.06873838,-0.07465017,-0.061970107,-0.017256029,-0.058999293,0.001812976,-0.05746821,-0.06382748,-0.013606017,-0.07134865,-0.039452963,-0.049525447,-0.04293514,-0.030777428,-0.050997388,-0.017792504,0.04595903,-0.023352932,-0.036155127,-0.03924994
0.075037226,0.034744833,-0.01922126,0.07118419,-0.039801426,-0.018953728,0.052628886,0.011640482,-0.008423002,-0.047401022,-0.012525286,-0.023799295,0.0036603222,-0.049540468,-0.029441696,-0.015265899,0.047619533,0.03657706,-0.00088035635,-0.003318335,-0.0043397616,0.013877931,-0.021037508,-0.011334491,-0.004246723,6.0925613e-05,-0.012405327,0.005725331,-0.022054331,0.003419491,-0.0028716475,-0.027171826,0.040766653
0.056693234,-0.024676383,0.017259242,0.049198337,0.050009646,0.06399612,-0.0100406865,0.044430103,-0.008791341,0.04674683,0.041302066,0.04709572,0.010572189,0.028902594,0.0018621247,-0.036952328,0.011262009,-0.01663391,0.039937817,-0.004140151,-0.0055231466,0.054788154,0.0041333684,0.022020109,0.016717713,0.044728655,0.024643522,0.029127695,-0.0049706674,0.027984686,0.0088920295,0.039300714,0.03510991
-0.04267772,0.014925335,0.0079329815,-0.0031431548,0.04236938,-0.019883415,-0.005991622,0.0021436536,0.061602104,0.06779322,0.067873746,0.07218118,0.021621319,0.043755777,-0.048795573,0.011661239,0.05507882,-0.03306208,0.012160792,0.021240445,0.014599707,0.017654218,0.056581404,0.037907917,-0.055399757,0.07134694,0.053365134,0.036703125,-0.0049236575,-0.050983146,-0.020708753,-0.05861286,-0.040177494
0.06532973,0.004327319,0.024966514,0.055372473,0.054643083,0.06568135,0.027671752,0.046213564,-0.045244027,0.051456742,0.045967255,0.026450306,0.05906094,0.07658687,0.06547929,0.072198436,0.04777469,0.060638186,0.033624902,-0.023595145,0.025901712,0.02879581,-0.01046091,0.00035447086,0.035887647,0.022136174,0.02812912,-0.057103492,0.027317483,0.013972397,-0.0010013211,0.022828937,0.04869347
-0.02157427,0.030834284,0.034209512,0.032109763,-0.044702437,-0.010806975,0.00778803,-0.024252042,0.02707541,-0.0030270643,-0.0210127,0.024427988,0.022534452,0.01704327,-0.06541547,0.019932406,0.05865908,-0.012181256,0.03190549,0.06144511,0.0136890495,-0.0059177824,0.04301783,-0.007429637,-0.03301489,-0.04118221,0.054293107,0.022427492,-0.005391604,-0.029841546,-0.0041172374,-0.04063686,-0.014789912
-0.01866571,-0.0657477,0.04930958,0.011523144,-0.04045338,-3.9649985e-05,-0.021645594,0.003388124,0.04627539,-0.054402605,-0.007182592,0.036183987,-0.034738142,0.013138608,0.030366387,-0.028243199,-0.027606571,-0.0020120866,-0.056708485,0.057595644,-0.025401814,0.022435056,0.009197617,0.028065708,0.05008038,-0.039013725,-0.025547268,0.076330155,0.014995974,0.05202342,0.0470357,0.026897702,0.070199236
0.024741227,0.05812775,-0.0447052,-0.050624445,-0.028770056,-0.012438292,0.015299366,-0.041990448,-0.01759816,-0.021623582,-0.0055764127,0.035126034,-0.0030572712,-0.0050282115,-0.052146558,-0.03098888,0.0049256613,-0.043600883,-0.004699041,0.010605525,-0.057190444,-0.038918015,-0.050859265,-0.027733577,-0.007214215,-0.010736439,-0.03600836,-0.02538241,-0.022584554,0.03949012,-0.041780043,-0.047365557,-0.017144457
0.015725728,-0.024120312,0.016928915,0.035910796,-0.012864528,-0.025753621,-0.05486954,-0.04063881,-0.043129403,-0.051170614,-0.0054470985,0.02707575,-0.030713694,0.022287672,0.086650975,-0.049901053,0.046296258,0.033736072,0.025750931,-0.010708982,0.0029965173,0.030266086,-0.0674486,-0.049309272,0.008875208,-0.013567025,0.01302006,-0.04022696,-0.072252445,0.028610988,0.07841261,-0.0067719594,-0.022436978
0.042826116,-0.04616088,-0.042080704,-0.022818102,-0.058071557,-0.005484677,0.015897872,-0.07213937,-0.054683115,-0.012712331,-0.04679809,-0.04446386,-0.024125762,0.012248305,-0.01855662,-0.0819569,-0.043594208,0.012250786,0.009925723,-0.007237149,-0.029592754,0.019133687,-0.06862847,-0.063894264,0.0046965354,-0.024896642,-0.0011133188,-0.0009354254,-0.052378897,0.0028242639,-0.061925877,-0.036698993,-0.0055278675
0.016573446,-0.033527352,-0.0029119176,0.016493682,-0.022310434,0.010369577,0.015843691,-0.04009546,0.004561254,-0.0010760864,-0.021274995,-0.0004375937,0.048715916,0.011656867,-0.016882703,-0.02785241,0.032034036,0.011494542,0.01659939,-0.033608273,-0.026332684,0.012019945,-0.061164312,0.012357787,0.025767813,0.0074017905,-0.047755912,-0.0060135196,-0.013042187,0.022714159,-0.01105017,0.024080463,0.010583838
0.0013295765,-0.031365275,-0.026090639,0.03931677,-0.028157122,0.054406404,0.077112846,-0.0345947,0.034685563,-0.030326998,0.004063454,-0.07669385,0.039120317,-0.005104471,-0.009404372,-0.008065692,-0.012125985,0.01161333,-0.015838755,0.000441346,-0.0006853554,0.014989897,-0.028429251,-0.020515136,0.058192622,-0.05483637,-0.0050452575,-0.056739867,0.04499197,0.00068920903,0.041890822,0.02808919,0.034970038
0.037704874,0.07415218,0.050844327,-0.06356857,0.069576025,0.040161364,-0.097809285,0.038667753,0.032084193,0.030435825,0.031146944,0.062236585,-0.08475209,0.022707574,0.014654028,0.0086849965,-0.026666421,0.07284347,-0.07814881,0.045995604,0.03394061,-0.0070812963,0.05698971,0.03190472,-0.060703035,0.04077263,0.007560836,0.041626163,0.041029032,0.034342363,0.03094454,-0.022329416,-0.061359964
0.047904696,-0.009684695,-0.002356656,-0.042214714,-0.019196384,-0.014357632,0.0190808,-0.028334333,0.0367216,-0.0060751657,-0.056745127,-0.04294807,0.009102146,-0.033964355,-0.02807,-0.017756095,-0.049011726,-0.010218213,-0.03678815,0.011823934,-0.0067303246,-0.04191934,0.014919426,-0.054417334,-0.05296624,0.010707567,0.007151743,0.030241791,-0.033638448,-0.060564455,-0.042246338,-0.031624384,-0.040241353
-0.05958519,-0.06692556,0.0130186705,-0.07610875,-0.055421274,-0.0680129,-0.044361286,-0.07181919,-0.02344031,-0.07522668,-0.055734735,-0.049435485,-0.052511286,-0.001693509,0.0071297917,-0.059667856,0.04810504,-0.07842226,-0.059044532,0.0077378047,-0.07569992,-0.06678534,-0.060607474,-0.06571434,-0.02097207,-0.048104655,0.03648582,-0.044234313,-0.05073833,-0.049161553,-0.05487287,-0.057801813,-0.016132476
0.03274987,0.025581235,-0.05313891,0.071551464,0.032128952,0.027440906,-0.0024937908,0.020075882,-0.02438185,0.079629496,-0.029401673,-0.0086137755,0.022911021,0.058085892,0.036862563,0.06444394,0.03011041,0.07644561,-0.01641428,0.039410867,-0.0118165575,0.0024287899,0.06027805,0.06647377,-0.00214015,0.05702278,0.025864772,-0.022964086,0.039976463,-0.020814415,0.046184346,0.022124344,0.048457235
-0.060864754,-0.013322648,0.045529123,-0.05849719,-0.05433741,-0.010604179,-0.0067124455,-0.063173026,-0.011406235,-0.042049196,0.06646296,-0.06590023,-0.01816357,-0.05327721,-0.04127848,-0.016528692,-0.06117018,-0.010567868,-0.04700018,0.033551093,0.03853249,-0.036285516,-0.064199924,-0.052672155,0.0036692566,-0.06450831,-0.011388376,-0.04307308,0.0029814995,-0.06938762,-0.043121222,-0.04343955,-0.039688136
0.024802623,-0.037192296,0.021174835,-0.045149274,-0.040518302,-0.061588064,0.0019237741,-0.034793552,-0.071066536,-0.048546713,0.004613853,-0.023150692,-0.015317872,0.014990947,0.036692392,-0.07040151,0.039002307,-0.025446545,-0.03029608,-0.016154667,-0.017908385,0.013745453,-0.04071955,-0.0284744,-0.038114548,0.036607873,-0.0021644505,-0.016737407,-0.07554477,0.013877682,0.0014795358,-0.00680635,-0.06469513
0.026854454,0.015313289,-0.007379685,-4.8809958e-05,0.032634996,0.032435972,0.047963984,0.06530159,-0.018283997,0.018936751,-0.007271992,0.009222948,0.017416622,0.054630984,0.02158006,0.029506085,-0.047630664,-0.023433657,0.034432117,-0.0319936,-0.033691444,-0.019452753,0.009490914,0.058451954,-0.0068131885,-0.054928962,0.053182684,0.07093451,0.023297857,0.04202587,0.037160363,0.06586525,0.053556576
-0.041733548,-0.02015752,0.050422627,-0.053331867,0.034270447,0.011786287,-0.02113751,-0.004674454,-0.016632743,0.0022326743,-0.013672071,-0.013368137,0.0025994028,-0.011050994,0.03565377,0.006788726,-0.050112523,0.023219433,-0.013393462,0.022999248,0.050955493,-0.04448834,0.01770479,-0.0037379917,0.019602738,-0.026346771,0.04167393,-0.0063742744,0.0072438633,-0.01783163,0.03715237,0.02217579,0.0004787649
0.054199524,-0.022736993,0.013194414,-0.06555119,0.023503575,-0.03255992,0.00929028,-2.1783633e-05,-0.05421361,0.00562067,0.020009154,0.022056816,-0.045132834,-0.034444846,-0.0142008,0.012672287,-0.051100414,0.0021241,-0.013772047,0.0004397598,-0.013260883,-0.025807729,-0.013956848,0.01904356,-0.05632228,-0.022685833,0.044618882,0.028019033,0.0047528823,-0.05410297,-0.015332803,-0.036834564,-0.023190252
0.048178297,0.03556776,-0.024611644,-0.021341918,0.043404423,0.07015906,-0.03296917,0.015808765,0.021655599,0.03628018,-0.030379647,-0.041417062,-0.023780186,-0.03949866,-0.024598403,0.0063693384,0.048200052,-0.050079692,0.033532236,-0.056359477,-0.019312862,-0.03460565,0.030686066,-0.035082284,-0.017632969,-0.012750408,-0.004910632,0.0070528365,-0.042881176,-0.049295124,0.07222845,-0.013272597,-0.0045557767
0.054391276,-0.063187815,-0.03617951,-0.06904377,-0.00216055,-0.06588168,-0.03632672,-0.017456781,0.060787015,0.038377628,-0.051604718,0.012728459,-0.026135115,-0.040656574,-0.015036935,-0.015944356,0.058340687,-0.07580763,-0.05908334,-0.022685044,-0.05391287,-0.009033523,-0.010112443,-0.029207593,-0.04131973,-0.0042734076,0.023249177,-0.03312386,-0.043380767,-0.031137362,0.03240718,-0.05434835,0.010665899
0.024566388,-0.021578318,0.024500672,-0.05638671,-0.045866314,0.016112646,-0.01411022,-0.018230703,-0.045848638,-0.05539265,-0.05342515,-0.060066983,0.0068971417,-0.0019400517,-0.0017702602,-0.039702114,-0.04951499,0.026326844,0.0245498,0.03048245,-0.01896642,0.0154782375,-0.0018729314,-0.0241025,-0.027649956,0.0024570816,-0.023058018,-0.043406524,-0.020656265,-0.045602888,0.003638244,0.010775626,-0.007317051
0.07188166,0.09348503,0.05008982,0.017536316,0.06276375,0.034440342,0.067158945,0.025090337,0.06737856,0.010188441,0.06908682,0.07586822,0.0758926,0.041369066,0.04287447,0.07312995,0.059720818,0.07458155,0.04052434,0.05955713,0.05635212,0.053759046,0.032935165,0.055112936,0.064850934,-0.033468734,0.067499146,0.009891617,0.054911777,0.064700775,0.057408832,0.040802434,0.017509507
0.047442865,-0.06802334,-0.019153005,-0.03488141,0.00815734,-0.052651096,-0.049634088,0.0031715839,-0.02361604,-0.022654176,-0.079242185,-0.011349202,-0.06596698,0.016497556,0.038449086,-0.07702333,0.038212094,-0.05368348,-0.06160863,-0.018987596,-0.052917305,-0.010489098,-0.061055608,-0.036357794,-0.01687852,0.051322382,-0.053846657,-0.023763372,-0.074849494,0.021141117,0.00038024352,0.024194391,-0.031572632
0.03659481,-0.015071882,0.023445984,0.07015346,0.05986298,0.03493306,0.07174737,-0.037446212,0.01966009,-0.00886443,0.032279745,0.06878407,0.07021472,0.020343488,0.012837467,-0.008853819,0.06252767,0.015437795,0.070357375,0.057447776,0.009070271,0.019728048,0.03591818,0.024374986,0.052120876,-0.035985548,0.05201436,0.004908308,0.011232043,0.035414863,-0.004970333,0.044023305,0.0693275
-0.049625132,0.08247917,-0.026574107,0.030185074,-0.050728038,-0.028398134,-0.020188442,0.024742926,0.059015706,0.014479117,0.03238292,0.023794834,-0.009390173,0.06756461,0.027254745,0.03742909,0.039887793,0.057264764,-0.07475163,0.000996178,0.013775333,0.04708304,0.052465443,0.047880203,0.038137175,0.012662031,0.05662344,0.058188614,0.051634137,-0.04098365,0.026601084,-0.025575876,0.0125537785
0.060444333,0.022059899,0.045184188,-0.036115076,-0.059950262,-0.029923884,0.024174992,0.065262035,0.06936826,0.012708242,0.08035804,-0.022084279,0.06344565,0.031855647,0.04791661,0.07130261,0.044915248,0.033659782,0.051179923,0.012050327,0.07693866,0.08637731,0.05698427,0.070627496,0.047381192,-0.011893129,0.093261816,0.07998266,0.011399163,0.033879384,0.052031737,0.06297994,0.0062526125
0.07336772,0.02062058,0.034366455,0.011192928,0.068819195,0.014193915,0.034408472,0.07532576,0.052627455,0.055281516,-0.038187385,0.06390953,0.037973043,0.06381215,0.06716632,0.058201317,0.015219873,0.027786348,-0.0016996996,-0.022138331,0.029207265,0.06491028,0.072467476,0.06887561,0.05488382,0.053643636,-0.008979477,0.0317201,0.040017474,0.014389166,0.07284007,0.05530902,0.06358968
-0.0063397177,0.031702552,-0.049731083,0.040666748,-0.02537354,0.016116735,0.043239776,0.06530522,-0.050029416,0.0771401,-0.015019885,-0.020953426,0.0012482802,0.010808497,-0.041172035,0.06416225,0.07289049,0.065246284,0.0056699044,-0.07119767,0.04305141,0.059304923,0.07820258,0.04847574,0.070788175,-0.062453277,-0.06727877,0.07265451,0.052727014,0.056874607,0.0678453,0.030619795,0.07908334
-0.005359527,0.0010578315,-0.043073334,0.035630528,0.042290285,0.0607152,0.05460499,0.05719018,-0.014815801,0.01911327,0.020115318,0.01686404,0.063794956,0.030710638,0.036659043,-0.011020179,0.05614655,0.05591395,0.065426104,-0.021659246,0.012225304,0.03218157,0.06796111,0.06798075,0.049187608,0.06384473,-0.04296427,0.037642416,0.013918595,0.04601511,0.024179993,0.013968308,0.06378701
0.06599238,0.092204906,0.077677555,0.05688296,0.0384929,0.06235195,0.06382436,0.037626363,0.07735491,0.023184247,0.07208345,0.06291905,0.07165238,0.074406706,-0.002498631,0.06902024,0.057359986,0.063744515,0.07882757,0.08103869,0.064078346,0.07622023,0.06130017,0.059152413,0.055369865,0.040119812,0.02174712,0.05530119,0.07667527,0.08481197,0.063582525,0.057468895,0.06546723
-0.056919023,-0.022260904,-0.043597158,-0.056751817,-0.050074477,-0.028591385,-0.051433634,-0.06304653,-0.0776284,-0.053886842,0.03891951,-0.05605081,0.023550527,-0.057691794,0.0020632674,-0.03121172,-0.06117316,-0.06428223,-0.016489305,-0.040043723,-0.033348568,-0.035168994,-0.040435705,-0.046913207,-0.043813273,-0.058974814,-0.05291124,-0.04382545,-0.046782643,-0.06970089,-0.070921205,-0.023599992,-0.055506893
-0.059967563,-0.0013602084,0.0039313785,-0.063519366,-0.0804257,-0.07809009,0.03780841,-0.07655771,-0.03939602,-0.08674092,-0.03943412,-0.080065124,-0.009731418,-0.048440654,0.015762622,-0.06858239,-0.063706785,-0.0674404,0.030781092,0.047704596,-0.054945774,-0.060951233,-0.03280866,-0.065793715,0.002401079,-0.06004988,-0.08407949,-0.068873085,-0.06778214,-0.07730242,-0.07614959,-0.036374945,-0.002839689
-0.006111712,-0.024674654,-0.07786612,-0.0900093,-0.008874936,0.007999852,-0.05976325,-0.07100229,-0.013613912,-0.056818374,-0.06580619,-0.055099327,-0.0546755,-0.06921929,-0.070679836,-0.0663132,0.000111801004,0.029441183,-0.06439,-0.039346773,0.037497338,0.02516661,-0.071041085,-0.07971499,0.032802865,-0.052041266,-0.06422575,-0.047944065,-0.042340796,-0.06801899,0.015119946,-0.04237018,-0.035110746
0.024999222,0.06367655,0.0054008784,0.0055808644,0.02001139,-0.007879383,0.017863119,0.06952187,0.04355136,0.05059149,0.027629256,0.02536355,0.08522755,-0.040850766,-0.06516363,0.069642864,0.027309239,0.07062217,0.083100446,0.011483837,0.08470098,0.07532808,0.084317334,0.071519375,0.071793124,-0.029668521,0.060577653,0.08085233,0.04757711,0.052715674,-0.02984106,0.0689285,0.072351985
0.014981335,0.018197753,-0.07766621,-0.058894765,-0.017603345,-0.042535756,-0.0074993186,0.054821473,-0.03085725,0.01899767,-0.013162495,-0.074685104,0.006023939,-0.033288352,-0.031691775,0.024425624,-0.03606488,0.014885187,0.03169437,-0.0017281917,-0.052752398,-0.039871097,-0.004409556,0.028517582,-0.016762698,0.024907073,-0.05221694,-0.055370823,-0.034047008,-0.045795888,-0.034536954,-0.06361802,0.0012014029
-0.0053802445,-0.04914626,0.047801018,-0.03140888,-0.018185154,-0.07290777,-0.0065322635,-0.025818499,-0.035081796,0.015419136,-0.027742714,-0.063503765,-0.011426006,-0.0021839272,0.06590106,-0.014158365,-0.025927065,-0.035966717,-0.04716754,-0.06349372,-0.024429116,-0.0006073078,-0.014742297,-0.038345765,-0.0753189,0.015178753,0.020746225,0.016138788,-0.033298925,0.01771532,-0.008369056,-0.01950204,0.0001432966
0.056729,0.000106673244,-0.005067188,-0.009705668,-0.003418957,-0.041809745,-0.006354692,-0.070706986,-0.051921424,-0.06429909,-0.055470135,-0.083129786,0.06336781,-0.013507642,0.074001096,-0.08532305,-0.07971054,-0.079624884,-0.024604736,0.055296674,-0.07798112,-0.030738829,0.030020973,-0.049672905,-0.073912665,0.06986669,-0.065061525,0.02857058,-0.07820959,0.031321675,0.053563666,-0.04408082,-0.01002407
0.02252733,0.06271598,0.019633856,0.087044045,0.053300224,0.05753194,0.0850361,0.064898744,0.056069937,0.06675623,0.055624563,0.079054214,0.07710318,0.056580357,0.073800705,0.029785942,0.068860754,0.021659669,0.061665755,0.018826224,0.039613716,0.014507423,0.060343385,0.070916966,0.06872237,0.068137,0.043675125,0.06178401,0.054240346,0.023137476,0.06322043,0.051168427,0.07174353
0.0054148687,0.07233552,0.03392034,0.0025590474,0.06937108,0.061433878,0.03821056,0.058423843,0.010133561,0.08462467,0.08215655,0.022990515,-0.025414502,0.04353104,0.012507003,0.046170343,0.02710946,0.061448187,-0.023116233,0.06829149,0.05434605,0.015181778,0.0012131272,0.05417789,0.06299856,0.008275174,0.026059018,0.048656423,0.0645465,0.06825148,-0.0053912466,0.054172367,0.02269129
-0.00028328077,-0.026851527,-0.06417965,-0.068228886,-0.052999016,-0.06977552,-0.001102879,-0.049272235,-0.06688576,-0.04185858,0.023417,-0.001662534,0.022488736,-0.083692074,0.021042384,-0.051824328,-0.06804566,-0.03275248,-0.053069822,-0.013207953,-0.049213436,-0.047996525,-0.044872124,-0.050650526,0.044856995,0.050733536,-0.050165527,0.070888326,-0.045103695,0.048687655,-0.021635143,0.03532304,0.011734117
-0.03043759,0.089067176,-0.0051835338,0.033684734,0.023009334,0.01564612,0.03373818,-0.021355659,0.018556979,-0.0059806034,0.03338389,0.007391488,0.02548713,0.0053268103,0.036338024,0.071661405,-0.014828915,0.05780164,-0.012637322,0.0039112754,-0.005419883,-0.026293043,-0.0011517195,-0.010477137,0.048127238,-0.017788654,0.04275529,-0.028616555,-0.011640661,-0.013968203,0.028067755,0.05184857,-0.024807116
-0.048363004,0.042088654,0.035109397,-0.018086148,-0.04755742,0.0074136234,0.033507142,-0.037019134,-0.014596118,-0.054874204,-0.0074676475,0.0019035944,-0.005543161,-0.021495234,0.0015935602,0.043105986,-0.031390626,-0.005279124,0.025631413,0.009768911,0.036122188,-0.01057386,-0.034318846,-0.027617669,0.0054487837,-0.043394223,-0.03279061,-0.03288844,0.014502243,-0.06658345,-0.02510201,-0.04374157,-0.03398511
-0.03301596,0.06554598,0.021883642,0.04963576,-0.05250457,0.038934547,-0.009933458,-0.012291619,0.020819271,0.021335745,-0.008949113,-0.019142086,-0.039429937,-0.017554563,-0.016177624,0.02312511,-0.017584022,0.031132063,0.03409754,0.07812572,0.036531225,0.07968177,-0.023912186,-0.058837473,-0.0014893685,0.019180406,0.048331104,0.0595126,0.041583244,0.018179946,-0.025643589,-0.017327445,-0.06557044
0.03909739,-0.046875954,0.064569436,0.016464373,-0.004175683,0.022045748,-0.030771818,-0.014538728,-0.017531455,-0.035197634,-0.025810897,-0.044845488,0.043955486,0.06531566,-0.00715096,0.025949588,-0.031592567,0.05720933,-0.035148147,0.011331304,0.021317037,-0.046541147,-0.018631956,-0.034375563,0.042869054,0.021082593,0.024674188,-0.041820347,0.040272053,-0.023350427,0.037272785,-0.05011073,0.033430774
-0.004843547,-0.09386703,0.008807102,-0.019748995,-0.03438475,0.011149925,0.03518107,-0.012612571,-0.05442214,0.005057376,-0.03445636,-0.054424975,-0.016273312,0.0023733242,0.017166412,-6.5641056e-05,-0.046648696,-0.05176411,-0.06325979,-0.010627377,-0.0041776514,-0.059143428,0.013904671,-0.028361615,0.03236981,-0.06821668,0.010351868,-0.0056090285,-0.013514561,-0.01944685,-0.057328597,-0.024586184,-0.020588925
0.032867007,0.033121627,0.02081403,0.04362521,-0.008409945,0.04578839,0.0032554965,0.05809137,0.038227666,0.022135612,0.052188452,-0.023335924,0.06107259,-0.0198992,-0.020303693,-0.006082356,-0.021965966,-0.004286786,0.028366795,0.0043083057,0.049847435,0.0050585736,-0.0038709396,0.041039385,-0.03466763,0.067963816,0.061753128,-0.0070596156,-0.062378153,-0.02599152,0.028890686,-0.026954113,-0.020233132
0.053880934,0.0152937565,0.008331956,0.061595272,0.029354136,0.044136222,-0.030711774,0.03173767,-0.046730816,0.03430569,-0.04615886,0.0019515775,-0.031892885,0.0075516864,-0.0057350723,-0.019994449,0.06509237,0.06080602,-0.013011188,0.017759103,0.022293966,0.041885596,0.019238777,0.043619674,0.07066031,0.013256411,0.011224613,0.06665558,-0.020781297,-0.012973533,-0.03580042,-0.0017647849,0.0044610817
-0.015273066,-0.0007836627,-0.04665258,-0.027521394,-0.06986135,-0.06424392,-0.008941881,-0.0744244,-0.035254676,-0.052170318,-0.058081705,-0.04849665,-0.06633783,-0.013119367,-0.042306747,-0.05128045,-0.008382652,-0.055100627,-0.0183873,0.027507398,-0.011890589,-0.023693224,0.0009102272,-0.06501144,-0.06859684,-0.031867422,-0.08118266,-0.057143413,-0.08612011,-0.06971328,-0.032117836,-0.0753315,-0.042687356
-0.060725912,0.01038643,0.0158003,0.006344579,0.0017304841,0.035653923,-0.047760457,0.002879394,0.012201996,0.041202553,-0.02195694,-0.005663165,-0.024428317,-0.05310722,-0.05822792,0.040040348,-0.035358246,-0.0137495445,0.062121835,-0.02280929,-0.03821103,-0.046949647,0.00459612,-0.02901162,0.018909099,-0.016350422,-0.06444211,-0.05007163,-0.0044809235,0.046054196,0.048181895,0.04403159,-0.003847785
0.02449982,0.085672535,-0.019520719,0.022932984,0.019963559,0.0013637905,-0.037817873,-0.061906938,-0.0014995123,-0.07168182,-0.052459,0.033950366,-0.06698255,-0.030334596,-0.02535903,-0.051547423,0.049488965,0.056353398,0.03307142,0.017787527,0.024374586,-0.06546172,-0.04787197,0.00022754233,0.07343729,-0.0055730906,-0.0068711955,-0.007912699,0.025152585,-0.033055592,-0.028034985,0.0057918024,0.015081087
-0.007810332,-0.038664088,-0.057077568,-0.066242605,0.020272948,0.015982965,-0.07261392,-0.047517087,-0.072793365,-0.03924078,-0.053110298,-0.024809472,-0.052768525,-0.05445325,-0.041433144,-0.026311848,-0.035341963,-0.056882173,-0.036559135,-0.04717095,-0.073773555,-0.0625461,-0.052951634,-0.035041086,-0.050892882,-0.05787287,-0.029197631,-0.0624919,-0.060316455,0.0072475625,-0.060272027,-0.056879044,-0.057118304
0.047779877,-0.02428734,-0.05444547,0.023867648,0.03339422,0.03843548,0.0800745,0.06363179,0.033529047,0.05817822,0.01064953,0.059333965,0.061524585,0.056245625,0.08105715,0.0062011993,0.07555004,0.00848329,0.051796272,-0.028523827,0.034475543,0.019928422,0.061295122,0.07242818,0.07094075,0.075546846,0.05039318,0.069838665,0.027510032,-0.016245814,0.07707294,0.056002922,0.0713441
-0.037445072,-0.06588712,0.06664417,0.038580783,-0.068237394,-0.018933369,0.00027436335,-0.039984044,-0.014226122,-0.0047936873,-0.014170099,-0.08254601,0.043391824,0.03727376,-0.023516526,-0.044412613,-0.052310064,-0.020364903,0.025232835,-0.07789334,-0.0128828855,-0.030991571,0.0018351135,-0.022595081,-0.07321423,-0.08166647,0.036455143,-0.01138521,-0.019293495,0.021502698,0.02323869,0.022532258,0.041047573
0.008413924,0.090025954,0.038174592,0.08385109,0.040925194,-0.008026017,0.049319386,-0.00011164728,-0.026716217,0.012977462,0.041599277,0.061081417,0.01010901,0.022655172,0.0478305,-0.0054518566,0.046965208,0.056866128,0.040051565,0.051077,0.017249014,-0.016560437,0.025486223,0.04296004,0.031933974,0.06452456,-0.011854273,0.06258138,-0.017870842,0.0881619,0.04734483,0.06685871,-0.043955583
0.0038261295,0.051680464,0.037229344,0.055564504,0.05191695,0.036711358,0.05492454,-0.013976996,-0.04005413,0.041919403,0.05707402,0.004140826,0.010246348,-0.011379758,0.031633098,0.045475386,0.051366225,0.030348623,0.04856273,-0.01848517,-0.02653483,-0.0034803788,0.0019906852,0.036371116,-0.007475456,-0.0033198358,0.02382413,0.035483148,0.060028184,0.008431487,0.025210684,0.030298788,-0.03776174
0.011968109,0.03634149,0.036336165,-0.05255408,-0.009002323,-0.049365792,-0.030573498,0.05206713,-0.004036337,0.035735667,-0.050195545,-0.015188204,0.041139536,0.072594255,0.062155526,0.04311378,-0.071639,0.036478132,0.040261038,0.011012203,0.009465776,-0.058381543,0.041821998,0.0688509,0.053731278,0.008452513,-0.028886208,-0.054703783,0.03200023,0.04077028,0.05519258,0.05366078,0.055194072
-0.027777446,0.04578025,-0.0006797248,-0.036558162,0.056344096,0.028292347,-0.061529156,0.05014692,-0.03348104,0.0170244,0.053593304,-0.051039536,-0.06189077,-0.0155187575,-0.021943437,0.05854328,0.064028375,0.061953485,0.0007054789,0.030532237,0.07181626,0.04556894,0.041682094,0.052352767,0.024477359,-0.07217363,0.070188135,0.047051627,0.057567574,-0.050081767,-0.05737513,-0.013128075,0.03356353
0.017814733,0.05251368,0.014303307,-0.048123516,0.011038728,-0.019250402,-0.08709493,-0.023154933,0.013783943,0.045393318,0.058239248,0.054802097,0.012722983,0.06629277,-0.024261378,0.039306678,-0.036707804,-0.027947677,-0.06440206,-0.00095147436,0.028286938,0.04151633,0.047140732,0.021476125,-0.076232456,0.005808344,-0.009801104,0.0024926793,0.032227345,-0.05243785,0.0075399955,-0.061050516,0.066870265
0.063616715,-0.013476025,-0.07255911,0.023789437,-0.06645667,0.022562146,-0.0056229616,0.033802312,-0.028416576,0.04900158,0.007491359,-0.018260557,0.0067983,-0.069261104,-0.017069153,-0.06601762,-0.0029455237,-0.017129324,0.011104906,-0.03635567,-0.0056131296,0.005847217,0.00724085,0.017361328,0.03452327,-0.00081680063,-0.027090449,0.003562467,-0.041715458,0.065340586,0.020815812,-1.7462025e-05,0.04589951
0.0061101015,-0.044246525,0.0053400984,-0.0018975021,-0.04889843,-0.034718186,-0.08586963,-0.040881176,0.014796346,0.01541743,-0.07442603,0.06373733,0.0123739755,0.06849534,-0.015771205,0.0045528775,0.009475917,-0.0736812,-0.021578677,0.032472674,-0.06963255,-0.08132152,-0.019559503,-0.041426115,-0.022852553,0.00980639,-0.048449796,-0.0069404524,-0.03022721,0.0015108293,-0.051235083,-0.039828114,0.038709972
-0.039993066,0.0018924545,-0.039599065,0.0029351097,0.05489297,-0.036567338,-0.042368148,0.054125156,-0.035871502,0.029685773,-0.046391778,0.01791981,0.012386266,-0.030792277,0.06395753,0.069079705,0.06995294,-0.058173362,0.07008149,-0.015991172,-0.06766119,-0.04181766,-0.022573208,0.053042565,-0.06675144,-0.035005726,0.033141304,0.030479277,-0.08726414,0.07593637,0.0014674364,0.045336384,0.021517541
-0.002491393,-0.027397977,-0.07596517,-0.023901783,0.031112535,0.014854992,-0.0072791306,-0.02485366,-0.041045494,0.017111605,-0.011619621,0.023860618,-0.06414505,-0.06131557,-0.035883322,-0.025651312,0.0012531024,-0.019059481,-0.024116226,-0.04869234,-0.02363697,-0.028281864,-0.045014206,-0.025464032,-0.05816274,-0.029531797,-0.06541973,-0.00080000045,-0.015819479,0.0034559409,-0.03986883,0.0036313813,-0.03381967
-0.023996944,-0.0128046,-0.061507497,-0.04128129,0.022912625,-0.0355636,-0.06318175,-0.0077056303,-0.015437919,-0.050229907,-0.07156538,-0.04095576,-0.035601076,0.01306334,-0.032744642,-0.03755912,-0.023748795,-0.000117862386,-0.02495964,-0.07553556,-0.018875387,-0.022245182,0.042916197,0.0059944605,-0.04472873,-0.016681975,-0.05211114,-0.012079632,-0.029391734,0.0019194061,0.007489279,-0.0688562,-0.023967564
-0.03305767,-0.01598963,0.06374403,-0.043761816,-0.0008050087,0.029557195,-0.09770992,-0.052710414,-0.018172752,0.028368033,0.021578224,-0.029659273,-0.02618086,0.006488908,0.07362741,0.037214674,-0.03602457,0.022294283,-0.083640695,-0.014606549,0.0038567183,-0.020171367,0.023635253,-0.07630088,-0.07726178,0.06866168,0.058249887,-0.07482912,-0.039615247,-0.06481178,-0.023170058,-0.08069136,-0.04539017
-0.018877368,0.051447332,0.03398764,0.055109408,0.013111259,-0.033054635,0.02430455,0.061770372,0.029348543,0.042115204,-0.026588477,0.048514925,0.0059773666,0.009782042,0.042238373,0.04913989,-0.025077902,-0.038600437,0.04402419,0.054538433,0.07581885,0.05321915,0.06614148,0.060368348,0.008603309,0.05837809,0.040627737,0.061684627,-0.040818095,-0.056483667,0.036016967,0.014655518,-0.010774799
0.038920417,0.06738544,0.008644639,0.01974321,-0.048390687,0.040897895,0.06705886,-0.06851897,0.010573558,-0.035266038,0.061938137,0.004400535,0.07970952,-0.036297455,-0.050402936,-0.05046361,0.038448744,-0.022733705,0.020298395,0.067209154,-0.023887934,-0.024857286,-0.05796072,-0.05359099,0.044972796,-0.0018278565,0.071692064,0.06021328,-0.015820209,-0.0008161869,-0.018436208,0.027165966,-0.038560186
0.028658303,0.012841297,-0.019747285,-0.022805648,-0.013855073,0.03219727,-0.027288496,-0.0698634,-0.041547816,-0.015923362,-0.060253877,0.0070193512,0.0064914906,-0.037850954,0.05638238,-0.036644135,-0.06389874,-0.054448076,-0.058080196,-0.07757254,-0.06387366,-0.04610055,-0.049150135,-0.058386892,0.04496077,-0.0076733734,0.0013243641,-0.014901408,-0.058818996,0.049624566,0.06657826,0.037044693,-0.070053935
-0.053275246,-0.015445321,-0.039639242,0.054621637,-0.042216126,-0.04769466,-0.02584034,-0.0469518,-0.043560553,-0.031730425,0.0072149583,-0.00696602,-0.031358358,-0.049479272,-0.050800595,-0.013283238,-0.07231021,-0.037473932,-0.023990922,-0.07868371,-0.033511486,-0.013762885,-0.026952516,-0.029146869,-0.0054761744,0.06983431,-0.055115663,-0.052113928,-0.0025785072,-0.0485784,0.0020981957,-0.054334037,0.0057378504
0.009692939,-0.023274057,0.06503665,-0.087011725,-0.011453855,-0.051748905,-0.061169382,-0.014580125,0.032999158,-0.07223302,-0.04882823,0.06965207,-0.083520345,-0.056024093,-0.00091296696,-0.07484287,-0.059046824,0.049759813,0.04025233,0.008753805,-0.023495937,0.028457051,-0.03838882,-0.0022355882,-0.05871467,-0.06791765,-0.052930053,-0.029307285,-0.00061928853,-0.07236286,-0.07190044,-0.068548,0.02741365
-0.057370376,-0.044730585,0.009324707,0.043359086,-0.038634047,-0.037838396,0.014078919,0.016063893,0.056244373,-0.02134832,0.013840666,0.0042170873,0.038025387,-0.0011995588,0.028278718,0.05171681,0.07391632,-0.0046006,-0.050265387,0.06529078,-0.04134931,0.032732558,-0.062539846,0.013474685,0.024627643,0.06703558,0.009481294,0.0057285987,0.056031615,0.022884237,-0.013442364,0.024347082,-0.022651883
-0.02206292,0.0017637672,0.0049807555,0.030981652,0.045863576,-0.020344,-0.07069539,-0.0017410156,0.00020681805,0.0039667333,-0.063158475,0.036624607,-0.058219507,-0.04300619,-0.026788086,0.04830035,-0.009165537,-0.037464745,-0.05072044,-0.044359785,-0.04126609,0.013101078,-0.0020316194,-0.021036373,-0.04603478,0.0013150169,0.012817385,0.003348397,0.031112945,0.05875733,-0.009474526,0.0106723625,-0.027998589
-0.030076645,0.07559426,-0.021672636,-0.010439248,0.05670072,0.039275065,-0.014351144,0.06137478,-0.036398347,0.05623046,0.00035115768,0.06742785,0.04544722,-0.047026478,-0.04364956,0.080721065,0.065146595,0.08270715,0.0059795626,-0.031888433,0.06739744,0.078677595,0.076260164,0.0669971,0.038648047,-0.011950155,-0.015782729,0.021389408,-0.029458517,-0.029032284,-0.01703148,0.021111744,0.02422052
0.028995618,-0.0010469952,-0.026290935,-0.013729916,0.051194575,0.07363677,0.029606674,0.013180132,0.032909624,0.00958556,0.07537655,0.036539618,0.075116985,-0.029721363,-0.028828729,0.078565605,0.017410057,0.04806522,0.07942005,-0.050300755,-0.022559911,-0.03510524,0.016308045,-0.022336444,-0.07384053,-0.038991153,0.039550737,-0.080683894,-0.053824037,0.01420217,0.011167503,-0.03761058,-0.012924705
0.042893317,0.021524344,-0.04624701,-0.061253358,0.060170922,0.07474205,0.023811307,0.056815114,0.03107056,0.06642954,-0.024132188,0.07936347,-0.017374517,0.002887229,-0.057223994,0.058529813,-0.0126073845,0.07954751,0.025552318,0.027442714,0.07610861,0.057389896,0.039917637,0.04779526,0.0041311258,0.010944192,-0.044744637,0.06271501,-0.020300006,0.056820232,0.01408254,-0.0117407115,0.00077675836
0.038871106,-0.02815494,-0.059676923,0.008666849,-0.066137515,-0.03653635,0.012769158,-0.06611994,-0.076739974,0.026577855,-0.07207059,0.056807715,0.02017245,-0.03536286,-0.04223006,0.06927868,-0.039875012,-0.04509856,-0.056044944,-0.027509991,-0.03171597,-0.015121099,-0.047488865,0.04255043,0.04228827,-0.05207937,0.033697426,-0.022173183,-0.00415252,0.023828102,-0.017304266,0.030841596,-0.05345712
0.063192375,0.038225774,0.02878279,0.019849056,-0.022121407,-0.008388089,0.006530356,0.0745844,0.05996196,-0.0192589,0.060853653,-0.047933757,0.06481272,-0.040860876,0.04995461,0.020977609,0.016980696,-0.043782864,0.010648252,-0.01566313,-0.051496662,0.02501113,0.06418102,0.07561192,-0.0013375086,0.05471361,0.08223728,0.007775976,0.051023547,0.015639877,-0.030122994,0.014988451,-0.054257963
-0.06373197,0.022992166,0.018755538,-0.011161972,0.009936195,0.046650037,0.027278583,0.06266883,0.07535003,0.02666079,0.070632875,0.016664803,0.053767778,0.002593824,-0.007200544,0.046002585,-0.049523912,0.0061419313,-0.0025199372,0.027767759,0.030761328,-0.006107257,0.043115024,0.033870634,0.041998543,-0.054311644,-0.048410844,0.021418296,0.07940589,0.06654161,0.0669831,-0.00365583,0.053586897
-0.045560673,-0.040510654,-0.040518235,-0.029544534,0.019515539,-0.053332202,-0.060613316,-0.031147817,-0.06640745,-0.011414078,-0.0017491812,-0.067976005,-0.06295508,-0.043482445,-0.060053293,-0.014049673,-0.027553597,-0.0488546,-0.036605608,-0.01563682,-0.05163177,-0.05413793,-0.046189044,-0.042425573,-0.06370427,0.048970696,-0.07070335,0.0015513904,-0.06539697,-0.013282069,-0.05653024,-0.010194146,-0.047057528
0.037968226,-0.009455818,0.022968763,0.005045345,-0.0003792996,0.020068003,0.041106902,-0.06162218,0.01522309,0.0099829165,0.039948996,-0.08153232,0.040369064,0.027243199,-0.016749933,0.052829396,0.02710638,0.06713828,0.07271291,0.015493864,0.029003642,0.044656206,0.0017786314,-0.0062226774,-0.0013675181,-0.024121456,-0.019377874,0.054267246,0.024438865,0.025592156,0.030671958,-0.02404905,0.055515833
0.006930955,-0.048145488,0.010310557,0.040973797,-0.07552651,-0.064429365,0.05204125,-0.07297771,-0.023750722,-0.07701646,0.026136657,-0.030478282,-0.018745648,-0.06804126,0.0039681913,-0.05696132,0.050092444,-0.019455362,-0.016589504,-0.01819152,-0.001553242,0.040353015,-0.071514376,-0.07495957,0.012057954,0.024567598,0.0504929,0.06612055,-0.08433438,0.00083995564,-0.034519516,-0.04862185,-0.030639924
-0.052498583,0.018919082,-0.033317674,-0.012908904,0.008834939,-0.038080726,-0.014985828,0.022425685,0.06303243,-0.009584028,-0.02465794,-0.07132206,-0.017789168,-0.016574746,-0.0022979493,-0.035051987,0.059764266,-0.07755973,-0.07878037,-0.00067547016,-0.05436765,-0.059065606,-0.034050114,0.012254332,0.039540205,-0.026346365,0.05374525,-0.065813266,0.0009829474,-0.03894483,-0.040626578,-0.054372896,-0.07257362
0.025039852,0.06489251,0.016438501,0.02216576,0.07838725,0.08430921,-0.07165351,0.080711424,0.037089244,0.07365292,0.00748894,0.08121114,0.043776575,0.051683582,0.0073831226,0.029084722,-0.019405872,0.071284965,0.045479227,0.028070929,0.06020726,0.02369791,0.037265684,0.059351888,-0.027996508,0.019748226,0.013024578,-0.02561349,0.030607576,0.00045717493,0.032619912,0.036647856,-0.012432311
0.02355262,0.05233684,0.051446006,0.014653175,0.062292702,0.044517033,0.00033289602,0.05814355,0.05879364,0.06675644,-0.035102777,0.083503254,0.012272828,0.026232094,0.08074527,0.049148522,0.030765863,0.0029136306,0.045824848,0.07337743,0.056297667,0.04363638,0.064170405,0.06337654,0.076578416,0.06836249,0.040107533,0.0714002,0.08078781,0.06818293,0.06408971,0.07499312,0.047004696
-0.05302928,0.049975485,-0.013455761,-0.02404967,-0.022098614,0.037867643,-0.026273238,0.05893235,-0.00055922585,0.013321152,0.046411626,0.053165525,-0.008720928,-0.0266525,-0.040734462,-0.0034542806,-0.028834617,0.016881969,0.05556657,-0.007930976,-0.013868023,0.029050142,0.056107495,0.033795323,-0.0046409285,0.015783207,-0.0658088,-0.013385029,-0.015236821,0.02857661,0.034719788,0.011651245,-0.04807442
-0.054832123,-0.014434088,0.018301107,0.0054561086,0.013996923,0.06209573,-0.02132211,-0.05993802,-0.04538738,0.04310175,0.023543913,-0.05891844,0.011241116,-0.011125232,-0.00077107124,-0.004558996,-0.059861157,0.07090992,-0.04146629,-0.010240487,0.04122594,-0.0018084182,-0.028617717,-0.051843233,-0.017999027,-0.034400284,-0.021001158,-0.010743013,-0.012741383,0.06877649,0.017305553,0.038718287,-0.020285094
-0.032750275,0.0028883596,-0.05780112,-0.061188713,-0.032874726,0.029590972,-0.034341075,0.04363367,-0.041966967,0.056412134,-0.0009818607,0.05551724,-0.003590849,0.025441261,-0.036959037,0.03746283,0.04552464,-0.0046928837,-0.017216552,-0.042159747,-0.017914614,0.016989615,0.044863366,0.02260867,-0.068015665,-0.0035791423,-0.06241396,0.011921533,0.04538026,-0.063293025,-0.045436926,-0.026915308,-0.038026046
0.05424559,-0.034654677,0.083003856,0.054817624,0.033251423,0.06783844,0.041901536,0.009859213,0.056567047,0.03106264,-0.01999228,-0.027468417,0.052556448,0.034232765,0.022017965,0.058228936,0.00011767762,-0.010820016,-0.026522039,0.053197898,0.0462531,0.01911481,0.026353884,0.037263565,0.067072205,-0.056713715,0.036651563,0.011033326,0.06210159,0.059983294,0.06763013,0.04551716,0.06451232
0.034334894,-0.001722686,-0.03538446,-0.090295956,-0.029999914,0.014760558,-0.045034945,0.045997273,-0.02108879,0.021806007,-0.016707405,0.008441031,0.017656265,-0.0019956012,0.0066419505,-0.034204286,0.0014341254,-0.0024419678,-0.0024993187,-0.017065013,-0.0023250524,0.02086684,-0.018665062,0.0036299063,0.0004421744,-0.015392584,-0.054096475,0.038241625,-0.023040188,0.06779889,0.032295384,0.0150030935,-0.06295517
0.023547463,-0.014984303,-0.085026994,-0.0185949,0.008392848,-0.0068610087,-0.06552058,-0.023577109,0.022559209,0.07681918,-0.024018511,-0.055219747,-0.067099154,-0.016651949,-0.077933446,0.03583714,-0.016535884,-0.06997776,-0.009192817,-0.055631906,-0.08253877,-0.06259193,0.070692524,-0.047015436,-0.07269203,0.07218417,-0.042320117,-0.055003416,-0.023151038,-0.0014011281,0.055825684,-0.004565308,-0.062206876
0.021123718,-0.033645347,0.07025523,-0.060504023,0.05143783,0.024672786,-0.025342152,-0.017066121,0.005401481,0.059625633,0.014305731,0.003719342,-0.049995758,-0.0029678808,-0.0397925,0.025084497,-0.044515405,-0.054091275,-0.03653828,0.03364351,-0.033991918,-0.053622507,-0.027700784,0.041901276,0.0148323225,0.016893167,-0.011276149,0.06631085,0.012752565,0.020680811,0.0074359244,9.5910815e-05,-0.0029239364
-0.06504037,0.0001099053,0.0066321036,-0.028660823,0.015086824,-0.012362439,-0.04461427,-0.05922529,0.001585197,0.034528583,0.04366978,-0.05732733,-0.003136282,-0.058560163,-0.048709188,-0.04295093,-0.0075393454,-0.068145245,-0.051452834,-0.03363227,-0.0511208,-0.028156508,-0.013911518,-0.06786546,-0.042781264,-0.007482394,-0.038531497,0.00091944274,-0.040088717,0.01100892,-0.038460247,-0.03627062,-0.056395896
-0.046167754,-0.016686542,-0.048808537,-0.04537166,0.03752408,0.051799186,0.019265356,0.03239167,0.004555965,-0.00972742,0.07272491,-0.0054643415,0.0207346,-0.06203007,-0.046847686,0.021890225,0.013320766,0.019912647,-0.027696071,-0.039486684,-0.05661829,-0.03907538,-0.042882342,0.0049482593,-0.011459055,-0.0051173493,-0.021564528,-0.07129264,0.0027662662,0.012988336,0.009844761,0.024046395,-0.04279958
0.052702904,-0.06735726,0.08149634,0.06868098,0.05720665,0.046687104,0.04451395,-0.002255544,0.06952898,0.06398173,0.020050222,-0.01697301,0.04273388,0.08179946,0.020337207,0.086401306,0.07081043,0.04550619,0.07564199,0.0673534,0.05482326,0.062286478,0.04522011,0.0072363755,0.0564654,0.061711125,0.069364145,0.058351327,0.055172753,0.03363005,0.077710845,0.061730053,0.06475288
-0.012059044,-0.056428768,-0.073833406,-0.04952731,-0.021389278,-0.05186987,-0.054605518,-0.019867018,-0.05888744,-0.05821337,-0.05910081,-0.057513993,-0.045426052,-0.05652914,-0.055591937,-0.08860665,-0.07469265,-0.03413646,-0.081063755,-0.078311704,-0.03320489,-0.055431105,-0.034426473,-0.06914292,-0.050564438,-0.044075985,-0.048739683,-0.072475985,-0.06370788,-0.017066427,-0.07013301,-0.060349792,-0.06501622
-0.022228083,-0.04747911,-0.00024756682,-0.05432397,0.05350691,-0.023833176,-0.030259723,-0.054035354,-0.04787565,0.00015795656,0.034615204,0.0637612,-0.050037723,-0.019462692,-0.07138719,-0.030730586,0.026979525,-0.039226692,-0.03923129,-0.009612905,-0.051070213,-0.05298342,-0.043983873,-0.05929914,-0.061768174,0.0223396,0.0076057077,0.029913988,-0.025371654,0.005747025,-0.031508442,0.0048559317,0.0033483158
0.033665247,0.07776709,0.063069746,-0.03653529,0.041745882,0.07581881,-0.018821439,0.03761499,0.064779446,-0.00757913,0.06804956,0.05998793,0.07375733,0.02259072,0.070424885,-0.041169737,0.073818296,0.06636215,0.032155115,0.014062279,0.06689317,0.058155682,0.036595378,0.04972895,0.042178754,-0.01915401,0.057184648,0.05528917,0.07120447,0.02284212,0.077316366,0.080021806,0.022138605
-0.03396476,-0.020524368,0.040664975,0.044496305,-0.01662428,-0.03162089,-0.056453418,-0.06647505,0.08421549,-0.06798374,0.021381162,-0.05154066,0.0015725022,0.06941785,-0.0060611526,-0.048420057,-0.077707104,0.0497628,-0.03361272,0.02341822,0.052078344,0.035424333,0.07204647,-0.06913733,0.00218543,0.009534392,-0.012015996,-0.0361775,0.05877419,-0.07889937,0.017793227,-0.08364188,0.07143668
-0.020011725,0.020588044,0.048257686,0.041761693,0.041172244,0.017871244,0.05386397,0.05799245,0.041475162,0.053572267,0.0020037922,0.023835937,0.08325838,0.0033724965,-0.019432114,0.057716634,0.03771593,0.018785175,0.026561046,0.012869651,0.027899422,0.022010861,0.058501452,0.04859054,0.034961004,-0.003600064,0.083700195,0.00773659,0.05111393,0.04290985,0.061206713,0.018477596,0.05172809
-0.021851776,0.0040936517,0.071728386,-0.008790293,0.0068831597,0.03846578,-0.012804974,0.016824089,0.0658578,-0.011863501,-0.03698688,-0.06290149,-0.007722027,0.07253054,0.05115377,-0.0164421,-0.04496438,0.028198637,0.006869443,0.048197415,-0.04312945,0.010430722,0.041820664,0.027149608,0.034649257,-0.023328835,0.06480548,-0.026554087,0.027735962,0.012032373,0.024796138,-0.054232854,0.05060885
-0.031440057,0.008332043,-0.013583412,-0.038302768,0.0299048,-0.014913606,-0.051976513,-0.053409927,0.045014143,-0.034853987,-0.04260178,0.04502826,-0.037372947,-0.038704168,-0.059645284,0.02410023,0.026405234,0.06580682,-0.020247497,-0.024057336,0.05591508,0.025118368,-0.03903392,-0.03436422,0.055296067,0.025920881,-0.008551004,0.035080064,-0.017310204,0.030405894,0.00056382676,0.030855736,-0.00067338004
0.013425131,-0.01647069,0.020160638,-0.030481765,-0.011675744,0.024097832,-0.032106616,-0.038932912,-0.0060044667,-0.04342069,-0.033897813,-0.0341218,0.014718127,0.022292888,0.013421034,-0.017431706,0.041315254,-0.016462378,-0.05136617,-0.04233274,-0.06665685,-0.03636808,0.00012788635,-0.018297264,-0.069729604,-0.04485738,0.014031788,-0.039761912,-0.002239358,0.011512977,0.061261956,-0.036880612,-0.020581342
-0.06733466,0.043103233,0.05542591,0.046907157,-0.016661117,0.008253971,-0.047226254,0.048732076,-0.024269275,-0.011349294,0.07501137,0.07321044,0.025826432,-0.019655785,0.010510769,0.056757826,0.057834797,-0.0072642984,0.07783914,0.043858003,0.025106128,0.03916613,0.078221224,0.04402107,-0.0022715193,-0.0303799,-0.007683476,-0.019210258,0.023236636,-0.04202263,-0.0039927866,0.00015292777,0.029804943
-0.07309006,-0.016697599,-0.031887632,-0.010856864,0.020660393,-0.048599202,-0.036270726,-0.014054845,-0.019973086,0.0074119563,-0.02299225,-0.0153354835,-0.0068555223,-0.012714612,-0.051651634,-0.025588812,0.0328683,-0.031117057,-0.04064307,-0.020062657,-0.024647292,0.00033524047,-0.048291374,-0.0025139914,-0.029390316,0.015769247,0.0069837016,-0.0071686446,0.009962183,-0.047778185,-0.030417321,-0.040782075,-0.010363088
-0.023419298,0.01510668,-0.008893554,-0.09100808,0.045973107,-0.022826238,0.03237404,0.033739433,-0.04720582,-0.008976823,-0.058445413,0.036180254,0.014507437,-0.00010621919,0.032058135,0.010096658,-0.07314249,-0.0006118696,-0.0040813154,0.0131047,-0.026943743,0.018613467,-0.029021474,0.0047334726,0.029409485,0.009994875,-0.03543983,0.0025155284,0.0052573793,0.045818962,-0.023660874,0.03958844,-0.03284288
-0.04015379,0.020077351,-0.019677874,-0.013412518,-0.06808001,0.012214655,0.053936124,-0.026558744,0.020137627,-0.024215193,0.023433583,-0.037289403,0.0266563,0.027622463,-0.08233853,-0.06992813,-0.06975489,-0.044408087,-0.008475543,-0.022373827,-0.04100442,0.0064268094,-0.048514213,-0.0045029754,-0.0036218904,0.033125244,0.0068999077,0.026119698,-0.01816319,-0.03192739,0.028878545,0.03938129,0.028034886
0.013969385,0.025494823,0.022632498,0.032324806,-0.058940202,-0.008074735,0.059785854,-0.028091997,0.009675773,-0.023880323,-0.0075166076,-0.060242612,0.011058852,-0.05332963,-0.030959627,-0.06402808,-0.011419505,0.030959934,0.043659326,0.004036354,0.033411853,0.0045111193,-0.056095585,-0.02873069,-0.0048496993,-0.010272569,0.009422699,0.026332075,0.059465665,-0.056466177,-0.050623756,-0.022585113,0.02351619
0.02276221,0.0328478,-0.06648346,0.03131109,0.0037343667,-0.035742905,0.001917081,0.050931495,-0.036917247,0.009936888,-0.011122816,-0.013667725,0.05230479,0.014336464,0.031486418,0.000817912,-0.061397433,-0.051442496,-0.048274603,-0.03657462,-0.007647298,0.0364195,0.0077338284,0.02368226,0.059879377,0.030265843,-0.06631522,0.029847784,0.05570351,0.07436652,0.02309149,-0.012056147,0.03405462
0.03564559,0.026350845,-0.00038718586,0.0471237,-0.072212644,-0.07965987,-0.0006518048,-0.017686302,-0.026787622,-0.023275966,-0.020729821,0.0171062,0.013277072,-0.03440434,0.008703366,-0.034798913,-0.037742626,-0.031874355,0.02089865,0.0143482,0.051637292,0.054559764,0.046961457,0.019530885,0.017145997,-0.06091559,0.020824954,0.07170107,-0.04109267,0.060178965,0.044093654,-0.022648966,0.034872334
-0.0791888,-0.064558566,0.010107266,0.028543513,0.013543796,-0.06572191,0.010853439,0.012485081,-0.05372159,0.02013576,-0.005010709,-0.039572306,-0.014928686,-0.041875813,-0.055435464,-0.010837666,0.05137634,-0.06962632,-0.053947896,-0.008299145,0.0023588382,0.024605252,-0.005047356,-0.007676434,-0.03555151,0.066477485,-0.06656289,0.054679237,-0.058648624,0.006182164,-0.039762188,-0.030589435,-0.029342206
-0.012178302,0.062042493,0.058521014,-0.03754536,-0.030340485,0.042358655,0.07260075,-0.04943683,0.047578115,0.026164955,0.05113429,-0.045862466,0.011088993,0.06933837,0.047028422,0.045533594,0.051287957,-0.009824278,-0.027690329,0.08408112,-0.032081418,0.0070661553,-0.039730895,-0.024623143,0.040845636,-0.0025324598,0.010880991,0.013110686,0.030998465,0.04590984,-0.003935642,-0.03587625,-0.05532549
0.030018536,0.06754527,0.007011682,0.04726386,-0.04007823,-0.037473142,0.06174154,-0.037286147,-0.008731006,0.07315265,0.023302507,0.04329859,0.031770647,0.070452675,0.065755285,-0.016156083,0.036242984,0.027038697,-0.016810315,0.045523796,0.050879803,0.051416986,0.015308519,-0.0022181328,0.05342684,0.07962102,0.022770582,0.0018914908,-0.0075264284,0.036217913,0.034422655,-0.010404393,0.03058397
0.043701235,0.032527365,0.062062576,-0.0207749,-0.009436388,0.022821976,0.051870644,-0.03151624,-0.055289917,0.04994551,-0.04389423,-0.013183641,0.013243685,-0.0024629745,0.058082033,-0.023197632,-0.015776714,0.037752528,0.014248982,-0.03804043,0.03460111,0.068256155,-0.05974657,-0.0596545,0.019290539,-0.05852471,0.033648513,-0.0011954325,0.020218369,0.030440008,0.045203984,0.039223123,-0.035683468
-0.07854389,0.038493387,-0.033773817,0.002555026,0.0690293,-0.05382581,-0.036778793,-0.020676166,0.055944227,0.06646157,0.027804766,0.067489095,0.013235991,-0.06352437,-0.0645168,0.069356516,-0.07166326,-0.012882596,0.026843,0.022557825,-0.027065894,-0.051207677,0.028075645,-0.023101948,0.0497931,-0.035513688,-0.08732625,0.055323765,0.034721892,-0.018724939,-0.055017877,-0.0682237,0.0038818105
-0.07917792,-0.06417869,-0.076438196,-0.025159188,0.038729914,0.022106163,0.0018104204,-0.02277638,-0.07157128,0.019631589,0.018327419,-0.015210482,0.0011467701,-0.027845712,-0.06471493,0.013539128,-0.00775606,-0.043233905,-0.015899431,-0.09713832,-0.07208181,-0.07539139,-0.017148381,0.0017605027,-0.06590292,-0.0017836266,0.018151887,-0.0446998,-0.07233365,-0.07782096,-0.0713814,-0.079528466,-0.019557932
-0.084587924,-0.0017198289,0.012999237,-0.027442474,-0.0029290717,-0.07428409,-0.05045721,-0.052048266,-0.04847132,-0.056136437,-0.01216703,-0.02322101,-0.045790695,-0.06184805,-0.06313444,-0.020632813,-0.07690753,0.011651152,-0.06339134,0.053290326,-0.020036574,-0.054466583,-0.048062358,-0.06318708,-0.004897002,-0.05674972,-0.06989324,-0.058969527,0.021221073,-0.055038434,-0.083317235,-0.07901404,-0.06385136
-0.08032769,-0.09228687,-0.08264434,-0.089962244,-0.077371635,-0.08156358,-0.09300185,-0.07900845,-0.0786159,-0.0812421,-0.078351766,-0.07932956,-0.08282078,-0.07644996,-0.08057352,-0.084978364,-0.07693621,-0.07820328,-0.08207017,-0.08484016,-0.08342473,-0.08283779,-0.077682115,-0.07689923,-0.070878595,-0.07839192,-0.08483555,-0.0780031,-0.08024749,-0.08463872,-0.07696709,-0.08313135,-0.0750178
0.006039986,-0.050650664,0.008377293,0.0061192336,0.049462408,0.035393037,-0.06503723,0.073522806,0.018015405,-0.013931576,0.047886755,-0.013660755,0.080271475,0.045183342,0.06925892,0.040218886,0.07342591,0.007318191,0.00046034897,0.008713689,-0.06418429,0.011154805,-0.020378245,0.023741044,-0.051930048,-0.0418808,-0.047653187,-0.073505566,0.05308496,0.0023629358,-0.06621831,-0.04732681,-0.020445915
-0.051383454,0.021195145,0.059015498,-0.050730556,-0.031235445,-0.05062408,-0.02960443,0.003338962,0.018289201,0.017128728,0.023374055,-0.020573737,0.0035066225,0.00044855967,0.023710242,-0.04190442,0.057084337,0.04418497,0.07088335,0.027992297,0.0033679383,0.0046167313,-0.033196725,-0.021449666,-0.029299311,-0.06546285,0.032424234,-0.0126612205,-0.022321343,-0.011228725,-0.039931744,-0.06213023,-0.04956273
-0.021699768,-0.015292634,-0.04880246,-0.047817077,-0.029679624,-0.032420784,-0.034429118,0.01851682,0.037759386,0.0042339116,-0.028830884,-0.032948464,-0.015733333,-0.0052079246,0.030818108,-0.061933838,-0.049880985,-0.013260173,-0.062155392,-0.011831622,-0.034799125,-0.04460431,-0.0053514102,-0.035715327,-0.028418383,-0.016150024,-0.03357044,-0.04474064,-0.04225348,0.013814093,0.003034997,-0.03358397,-0.011023895
-0.06385551,0.016149828,0.019017724,0.02511528,-0.027200539,-0.008776737,-0.004988698,-0.044940893,0.0016560679,0.031302404,0.014084451,-0.015412297,0.004410148,0.029194055,-0.02591053,0.022475295,-0.008018164,0.017151056,-0.03780284,0.027844137,-0.0081017325,-0.04513768,-0.0032455067,-0.019011525,0.036308482,-0.0058219745,-0.03931077,-0.01222871,-0.011717055,-0.040694773,-0.0382525,-0.030274104,-0.0374577
-0.0039032518,-0.0358218,-0.024012204,-0.0499499,0.017032035,0.022402234,-0.085956156,0.07478429,-0.04614894,-0.015588914,-0.06454397,0.07913892,-0.048400354,-0.041734446,-0.04184305,0.085612535,-0.017687058,0.031061387,0.018635657,-0.035804577,0.016712535,-0.025115844,0.04183662,0.034321524,-0.008362981,-0.06627288,0.02370306,-0.016890384,-0.0008875244,-0.022000322,-0.04464355,-0.084583186,-0.06064243
0.018009078,0.092388965,0.08173973,0.08310044,0.06429722,0.08370541,0.07457069,0.0779764,0.045595814,0.06821048,0.067114435,0.05706387,0.080840394,0.06442216,0.072090544,0.07270267,0.0114130955,0.07842727,-0.033428766,0.04509742,0.08226573,0.06555988,0.08337194,0.07309933,0.036851045,0.06688919,0.06655717,0.06737489,0.071149446,0.019187136,0.051720906,0.0744193,0.058909375
0.0324166,-0.027253339,-0.009025552,-0.04840934,-0.01596933,-0.024731494,0.010450021,-0.01752339,-0.006774652,0.019121207,0.030750182,-0.04068603,-0.047259387,0.047098823,0.06903253,-0.03273337,-0.014246698,0.036581524,0.0024335796,-0.018226923,0.025951127,0.021185042,0.003550727,-0.055565614,-0.05500759,0.048458688,-0.06087317,0.03808015,-0.014753964,-0.0018921269,0.0055970717,0.0014086491,0.018937154
-0.008610769,0.024883822,-0.059095863,0.037667066,-0.025999593,-0.016850026,0.024927642,-0.0046094256,0.00046174237,-0.028116172,-0.038581844,-0.019818775,-0.025362065,-0.00108137,-0.019366996,-0.0011634558,0.016835012,-0.03727474,0.0013896222,0.05060394,0.0016575455,0.005900074,-0.034986123,0.025706368,0.02402473,-0.00094692013,-0.014391044,0.01573706,-0.0074116094,0.047989026,-0.011167804,-0.015524758,0.003890711
0.008780804,-0.035630774,0.025749866,-0.06078362,-0.020239878,-0.016590973,0.044350334,0.013364877,-0.031764474,0.024038274,-0.05046612,-0.039033618,-0.014085203,0.04373882,0.016742643,-0.012184828,-0.062183578,0.029180406,-0.026993234,-0.008452511,0.015557246,0.03498173,0.0071170535,0.008233744,-0.052174892,-0.01490195,-0.013724275,-9.6124415e-05,-0.050416287,0.024331419,-0.05755911,-3.5145356e-05,-0.0014910683
0.06978982,0.07272312,0.051080268,0.060476374,0.067316875,0.07345379,0.07650391,0.07556307,0.07054707,0.081073,0.07822528,0.031990167,0.030792294,0.052746784,0.056290105,0.047976978,0.06091449,0.08449583,0.062374845,0.045984916,0.08058958,0.05943066,0.07502672,0.061375972,0.04263745,0.05521234,0.07461289,0.064850494,0.074823156,0.066088155,0.049026,0.060792416,0.07014871
-0.027286973,0.03657655,-0.07378877,0.04496784,0.0443945,0.040831476,0.0052745827,0.005869471,-0.046900164,0.025806615,-0.00085909734,0.003598581,0.035153087,0.029286195,0.013668517,-0.039830443,-0.039716132,-0.020975728,-0.013119023,-0.0366379,-0.043842264,-0.020393074,0.020245647,0.066501625,0.030619117,-0.04783049,-0.047481604,0.027159112,0.03448325,0.046877,-0.0050848047,0.010742592,0.021636348
0.016495073,0.076602995,0.061756745,0.055601727,0.05081443,0.04894204,0.057457518,0.059767235,0.034351718,0.04857952,0.06400023,0.048459973,0.07575305,0.05982671,0.05411508,0.06850203,0.030333998,0.056306954,0.032683432,0.06420383,0.04828289,0.041137952,0.0716231,0.06141056,0.07195659,0.035476934,0.07056267,0.013178125,0.07108152,0.002088201,0.007619215,0.022047076,0.041283645
0.0016117095,0.011486922,-0.016154688,0.034706827,-0.04090136,0.03911278,-0.026912538,-0.0015507552,-0.0068063834,0.004883122,0.077424824,-0.017426118,-0.057894833,-0.0637381,-0.030122727,0.002705311,-0.043432996,0.014036426,0.03338334,-0.0274367,0.011595438,-0.016086256,0.04749492,0.041578304,-0.012592458,0.0028942155,0.057278268,-0.061821133,-0.0022740709,0.037144307,0.061771553,0.039392192,-0.007822435
0.025589513,0.017088551,0.0029651164,-0.03452197,0.0011547754,-0.0027587279,-0.0013270805,-0.021679146,-0.0009838145,-0.0226603,0.0739588,0.026589733,-0.020566106,0.042404532,-0.025267128,0.011441167,0.029301295,0.032539308,0.029536305,0.07257167,0.025932327,-0.009618636,-0.014487329,0.011869945,0.06208159,-0.04015394,0.053478595,0.061411865,-0.067935996,0.017785119,-0.020902922,-0.010016625,-0.073552035
-0.023805348,-0.05323309,0.019889135,0.0082297865,0.057864998,0.071868196,0.040100936,-0.041351594,-0.00964894,0.015035434,-0.04116926,-0.057578087,-0.023612838,-0.037977282,-0.017440174,0.0055327364,-0.03398579,-0.08202174,-0.07623424,-0.013350593,-0.081136,-0.07839529,-0.073532134,-0.042695016,-0.044175364,-0.0760158,-0.039706063,-0.08082331,0.0107152425,-0.062655315,-0.05235431,-0.056532662,0.013107171
0.017646195,-0.030482467,0.042840328,-0.021935372,-0.044026673,0.0037237976,-0.030765017,-0.042531975,0.022485211,0.021970894,-0.022171816,0.030649679,-0.07530658,-0.072850436,-0.07055815,-0.029081684,-0.018943163,-0.018047146,-0.001508187,0.059120443,-0.006814007,-0.057795417,-0.07574979,-0.076917976,-0.041967534,0.04573594,-0.05004196,0.03769508,-0.07115592,-0.009811382,-0.008412191,-0.009786653,-0.06713333
0.0123584,0.021966202,-0.011749192,-0.06545108,-0.051133156,-0.02771463,-0.07526376,0.042960636,0.048462432,0.030146543,-0.053471033,-0.011290655,-0.023176821,0.038384866,0.050996613,0.003420807,-0.078833826,-0.0041151503,-0.008130608,0.019027863,-0.015912551,-0.029503768,0.042506162,-0.02496456,-0.058437932,-0.055127908,0.011337078,0.0065760347,-0.013389271,-0.024380568,-0.0075254356,-0.043150894,-0.01662939
0.03275253,-0.06215893,-0.07761383,-0.024440233,0.008343853,0.0048452155,-0.07565125,0.0034194945,-0.06540749,0.02318554,0.017773604,-0.026230933,-0.06090797,-0.06332349,-0.059362177,0.010999354,0.012688963,-0.025693525,0.02195851,-0.058548562,0.00069606554,0.037666522,-0.023982603,-0.025763348,-0.031228675,0.048487313,-0.038710352,0.023717247,-0.07033101,0.021787273,0.04802531,0.028582714,-0.0056856186
-0.06821429,-0.03569235,-0.028130278,0.015246409,0.018926548,-0.0019356884,-0.066067666,0.04899687,0.00041722375,-0.03853504,0.010276022,-0.009807289,0.0056481482,-0.07010425,0.009550082,0.005409037,-0.025235226,-0.06478014,-0.036272544,-0.02281423,-0.024080476,0.010999225,-0.036775354,0.014331826,-0.067588285,0.001267284,0.018808667,-0.02440122,-0.044460814,-0.05879824,-0.0070925895,-0.013643054,-0.04136398
0.058119655,0.03376327,0.014184238,-0.035068836,-0.03846767,0.0069703944,0.04453581,-0.0515867,0.008849028,-0.04258759,0.05061497,-0.030610895,0.06508462,0.042802434,0.039821934,-0.00969138,-0.029765557,0.07284902,0.0053641377,0.055150513,0.0652408,0.07552298,0.039562333,-0.043661784,0.047616042,0.06616994,-0.011488479,0.056239016,0.04760334,0.07425173,0.07317509,0.061709225,0.018626282
-0.030758461,0.04208555,-0.046334427,-0.0060267146,-0.026641121,-0.031718202,0.0022563296,-0.04783468,-0.010581985,0.0006184683,-0.024806475,-0.05399275,-0.026833685,-0.041021217,-0.060023926,-0.028521819,-0.027815036,-0.027887221,0.04417607,-0.037373867,0.016986348,-0.017672697,-0.057624515,-0.047920883,-0.012355324,0.0006076684,-0.032052077,-0.055920724,-0.0564646,-0.050072286,-0.062264387,-0.050409302,-0.041495867
-0.025712717,-0.01953801,-0.05995741,-0.03447663,0.011235284,-0.077172056,-0.021047221,-0.07905634,-0.005270177,-0.07256173,-0.07119483,-0.05296564,-0.04753389,-0.049479127,-0.0013571606,-0.03700412,-0.03293611,-0.021718012,-0.07328616,-0.08675629,-0.0145354625,0.036452726,-0.04714454,-0.07662333,0.007732788,-0.033238135,-0.07613989,-0.026179684,-0.013891038,0.016864425,0.024734782,0.00877221,-0.03106236
0.0036171328,-0.05765296,-0.06438631,0.013582461,0.03612405,-0.034489434,-0.096817054,-0.022243598,-0.018725695,0.0013467807,-0.037771724,-0.04343743,-0.0805336,-0.06320935,-0.049560666,0.008811701,-0.06269543,-0.066845156,-0.07956798,-0.07674848,-0.054416128,0.006057206,-0.05355018,-0.049831755,-0.06423581,-0.0444643,0.07304766,-0.04913899,-0.0010200251,0.041662235,0.02979379,0.020077137,-0.074256055
-0.041117717,-0.04021241,-0.01512506,-0.0253778,0.06720352,-0.022915144,-0.032069575,-0.01683472,-0.05208609,0.07142901,-0.009820795,-0.061668165,0.010142768,0.011594367,-0.0736562,0.022228701,-0.07648867,-0.05300414,-0.038086206,0.012248741,-0.032113276,0.002835092,0.006614682,-0.009310314,-0.033186585,0.07890173,0.042381562,-0.024034446,0.040880736,0.065904126,0.069393046,0.008352741,-0.015840126
-0.012664599,0.05007942,-0.0018287719,-0.0063330634,0.04877521,0.04729397,-0.041106112,-0.032984108,-0.0036209084,0.00894422,0.0023439133,-0.0070573213,0.04832356,0.061010767,0.07047803,-0.060336437,0.017664678,0.012087044,0.07394978,0.049441125,0.037183005,0.034223106,-0.02188275,-0.044638906,-0.019781012,0.011550778,-0.047878545,0.056709778,0.030870477,0.02852188,0.06037096,-0.012683783,0.07073237
0.0129205035,0.025766317,0.014477845,0.0133849215,0.020323964,0.029423878,-0.012244628,0.042985126,-0.059257448,0.040440906,0.025031595,0.046297114,0.018354295,0.022942279,0.039731327,0.006392309,0.048036344,-0.0077721914,-0.01790346,-0.048098247,0.0007867947,0.027111808,0.037854593,0.043727417,0.046879184,0.050006893,-0.03161324,0.0016286098,-0.048045017,0.055582773,0.06199888,-0.012113777,0.04283076
0.041762605,-0.0015543241,0.018253714,-0.0005994674,0.0009669177,-0.031255573,-0.038522106,-0.019319642,0.0050071343,0.011499852,-0.042915326,0.058281813,-0.0016240322,0.005228563,0.031743456,0.036045566,-0.0068593076,0.021586483,0.016666764,0.002617133,0.0059549473,0.063198686,-0.038856074,0.014195642,0.06430962,0.028016789,-0.021753008,-0.005564497,0.046887685,0.0042795013,0.04998769,0.06241352,-0.00650179
-0.032262288,-0.004006353,0.03205725,0.008476043,-0.011495373,-0.016985696,-0.043843236,-0.03614798,-0.016160464,0.025736596,0.069915906,0.0423787,-0.01498297,0.020374293,-0.040962473,-0.005218023,0.01768011,-0.009915235,0.012970683,-0.0018822707,0.020430963,0.059000928,-0.063492894,-0.013275719,-0.006182804,0.058782984,-0.071805745,0.014847629,0.05133067,0.04458084,0.05778752,0.019447902,0.0099554295
-0.07575535,-0.031239709,-0.02451994,-0.027420664,-0.06368367,-0.066635355,-0.0659025,-0.008914721,-0.048757,0.0017656655,-0.017111713,-0.060769748,-0.016217284,-0.038280696,-0.008694498,-0.06385475,-0.024649486,-0.06403467,-0.07623537,-0.018345116,-0.05505807,-0.067111805,-0.0058674966,0.0028869451,-0.013286586,-0.011892604,-0.008882298,-0.048177097,-0.033719987,-0.049017474,-0.071284115,-0.044668593,-0.023493925
-0.052526776,0.0099248085,0.0011583642,-0.040617056,-0.029170742,-0.06776407,0.015538339,-0.033858515,-0.010037026,-0.033255752,-0.007838176,-0.016452495,-0.015558,0.024854083,-0.06050516,-0.03604244,-0.030714115,0.028804427,-0.0084727155,-0.052598756,0.009990313,-0.041356646,-0.027874371,-0.051478855,-0.054851428,-0.04846538,-0.06651649,-0.06546432,0.0021157796,-0.050621394,-0.07885856,-0.04309213,-0.046026114
-0.06199146,0.018378021,-0.028151257,0.019123735,-0.031579394,0.03237008,-0.048675764,0.066169456,0.056624796,0.07833522,0.046921153,0.06371672,-0.021337777,0.03628533,0.030005308,0.0052404157,-0.02332828,-0.07112821,0.018632675,0.01851445,-0.048194576,-0.01882217,-0.043451797,0.03608379,-0.07450141,0.07964348,0.051777795,0.07449972,0.027987272,0.07354358,0.013557838,0.038965102,-0.050061963
-0.062329747,-0.012519428,0.01459112,0.072562575,-0.014912964,0.0101529695,-0.012361955,-0.039911963,0.011250233,0.05076292,0.007812945,0.010226949,-0.022122188,-0.021786336,0.056688245,0.02054934,-0.042834755,-0.0364712,-0.06397653,-0.03587568,-0.04665253,0.0012449735,-0.06975189,-0.065511554,-0.018910112,0.030175589,-0.0494526,0.0028245645,-0.039073627,0.047358885,0.04266127,0.0044601755,-0.05237745
-0.022693327,0.061178073,-0.056853887,-0.043109965,-0.038494527,0.0020757713,0.0063041234,-0.027655149,0.03781565,0.023400482,0.06623788,-0.0018580934,0.069011986,0.030304411,-0.071971156,0.00584894,-0.0018903943,-0.04159999,0.009629959,0.0248355,-0.0011627354,-0.0030890438,0.05958477,-0.041820846,0.010571931,-0.03661304,-0.022464776,-0.0013561317,0.08391739,-0.031861532,-0.05086556,-0.041479837,-0.041164428
0.020802166,-0.05408743,-0.053764835,-0.069073424,-0.04622665,-0.06911219,-0.05577809,-0.03326372,-0.032151528,-0.04491445,-0.03423357,-0.039986163,-0.04921524,-0.045299884,-0.05375017,-0.041185506,-0.02066187,-0.054787155,-0.04767807,-0.01510947,-0.0352427,-0.00044136582,-0.041784793,-0.065689236,-0.04764267,0.016171522,-0.014015813,-0.05039089,-0.05388261,-0.063527636,-0.05582918,-0.0052309427,-0.025695436
0.04847204,-0.045953717,-0.008454168,0.018144984,-0.011176779,0.06395125,-0.0005742176,0.038623407,-0.05941617,0.08486818,0.03339772,-0.05753071,0.07208808,0.077467695,-0.026818298,0.016817676,0.042367373,0.056127984,0.07018262,0.008440723,0.027282933,0.00043144592,0.016984949,0.04513704,-0.071866564,0.057163715,-0.00038104807,0.06387968,-0.028028473,0.03484043,0.024963059,0.021764494,-0.028030576
0.048641037,0.087915085,0.035994165,0.05075772,-0.015307984,0.035803996,0.077821344,0.0021457311,0.025036542,-0.029131746,-0.027122555,-0.06305858,0.003117238,0.045136154,0.050948825,0.020807805,0.0026323346,0.021229092,0.028876629,0.08186005,0.011482364,0.016274257,-0.01382738,0.019757057,0.052279692,-0.013956865,-0.034615725,-0.046672687,-0.011233152,-0.014243625,0.030751722,0.028907908,0.027022086
-0.014131814,-0.0826086,-0.012161714,-0.029452985,0.0029618575,0.00538068,-0.07905717,-0.030531337,0.06631017,-0.050074566,-0.03572761,0.052942865,-0.026558308,-0.003660815,-0.024019305,-0.0036965979,0.0477831,-0.036357727,-0.060890935,-0.0018020701,-0.057432447,-0.049806647,-0.028894145,-0.041996993,-0.07202353,0.02364064,0.053491898,-0.04075621,0.012072315,0.008620833,0.013328752,-0.03668549,-0.058743846
0.05049779,-0.026159965,-0.036796745,-0.0068632574,0.06691355,0.067417756,-0.047170125,-0.024676125,-0.082038045,0.07461369,-0.076758265,-0.07530202,-0.087961726,-0.06610374,-0.067635104,-0.017984537,-0.004427841,0.0005627029,-0.06270098,-0.04708064,0.00050826854,0.008028497,0.041250024,-0.027748764,0.005530256,0.00026383562,-0.017253056,-0.022699714,-0.08323289,-0.014908567,-0.026725888,-0.003612782,-0.07910093
-0.05799904,-0.059031427,-0.0067082876,0.034363657,-0.028515844,-0.024264837,-0.091566674,-0.041821767,0.050952844,-0.038871706,0.06048645,-0.07669144,-0.014919477,0.04758883,0.0031387457,-0.04547429,0.056979235,0.051980555,-0.06840976,-0.0041283234,-0.031439222,0.029572858,-0.0012134338,-0.021148417,-0.0191921,0.029924253,0.02803003,0.047029026,0.011783624,-0.0702687,-0.06163268,-0.05580925,-0.03691161
0.052361857,0.0054041496,0.02787394,-0.027139377,-0.060403943,-0.01481334,0.015255099,-0.054519553,-0.046127018,-0.049012654,-0.013789876,-0.031853788,0.022723997,-0.051911958,-0.04806683,-0.059792675,-0.07472474,-0.008778659,0.007098405,-0.0121009,0.011260472,-0.07211801,-0.04902162,-0.024198478,-0.037051756,-0.07655545,0.027335212,-0.061275765,-0.031233639,-0.05682408,-0.079065986,-0.073766634,-0.037612025
0.006651475,0.04712364,0.027170075,-0.018074894,0.055884577,0.080590025,-0.019940311,0.026612425,0.014986632,0.0107915355,-0.05036985,-0.058386642,0.01710594,-0.030949596,0.056357812,-0.061565712,-0.0026689458,0.047009688,0.04017257,0.04806766,0.066336595,0.07618674,0.014973495,0.024084546,0.054424316,0.0516935,0.044660106,0.02299059,-0.00067037524,0.07374685,0.06718985,0.078803174,-0.048055828
-0.027582064,-0.013540252,-0.047968503,-0.015004056,-0.07796355,-0.0699833,-0.056065157,-0.05439335,-0.06439022,-0.07116702,-0.041026857,-0.049374755,-0.03396864,-0.045658488,0.0020122353,-0.022723334,-0.06405692,-0.07370977,-0.07639846,-0.012972268,-0.05084157,-0.07025826,-0.060646866,-0.049258385,-0.04495436,-0.052159864,-0.04094143,-0.05574892,-0.03836492,-0.05661203,-0.061811894,-0.08135512,-0.07300061
-0.030225476,-0.008943542,-0.010377039,-0.047959376,-0.06685524,0.02603634,0.05359236,-0.007362162,0.027257826,-0.034915596,-0.0074860556,-0.05880699,-0.01947226,-0.02875729,-0.04613977,-0.025200896,-0.070320204,0.02692703,0.0021517703,-0.029344274,-0.028376177,-0.05869413,0.012093744,-0.040833253,-0.013087816,-0.046401937,-0.017254848,0.013428698,-0.0060163285,-0.051340576,0.0009273455,-0.028774153,-0.053127367
-0.04202065,-0.032277603,-0.0117341075,0.04444308,-0.06531112,-0.04102563,0.010896343,-0.05043603,-0.066331305,-0.061740573,0.047048397,-0.054097984,0.035779994,-0.023344116,-0.0013956501,-0.020679822,-0.057018287,-0.03813847,0.0044580163,-0.004816094,-0.037081916,-0.06547846,-0.045645885,-0.0057785846,-0.05689095,-0.045919847,-0.05393701,-0.050383035,-0.041100956,-0.0445706,-0.06631938,-0.049404643,-0.05524419
0.024315417,-0.048047896,0.07635161,0.053371027,-0.020150457,0.0105162915,0.06472244,0.06700795,0.0045833415,0.051295217,0.03335865,0.011706584,0.08767907,0.06834196,0.07569731,0.022992428,0.052260414,0.035441197,0.07784582,0.031229204,0.056319017,0.05508806,0.07007679,0.07745515,-0.012321932,-0.004588938,-0.04933165,0.061018325,0.04262146,0.014411418,0.042770263,0.04287243,0.06805614
-0.032028478,-0.07017195,-0.005208014,-0.005684092,-0.050723933,-0.04375217,0.006515654,-0.038660344,-0.07828843,-0.0740489,0.0048162523,-0.03535171,-0.058054753,-0.024467172,-0.03044607,0.012559147,-0.032200474,-0.04868707,0.04650273,-0.06661472,-0.07295402,-0.041841988,-0.025501465,-0.02914368,-0.037529826,-0.07003551,-0.0606027,-0.048859302,-0.0884061,-0.05985494,-0.049632158,-0.033280693,-0.04401348
-0.057750095,-0.043044373,-0.06370074,0.04300238,-0.07298697,-0.05520201,0.0061863814,-0.03954141,-0.018040566,-0.08390881,-0.056994062,-0.05413942,0.065381944,0.038915794,-0.052178383,-0.046198316,-0.031638294,0.0050262827,0.03991027,-0.03550172,-0.04456098,-0.06626155,-0.024808425,-0.024557723,-0.048711892,-0.05595818,-0.054935902,-0.061435048,-0.076017514,-0.019215273,-0.04832217,-0.024791041,0.06970301
-0.06003999,-0.045249645,0.030371489,-0.038720544,0.058763113,0.03227184,-0.023357904,-0.018672412,0.048415728,-0.038401186,0.04755549,0.054321468,-0.06119273,-0.008080234,-0.055364836,-0.005294722,0.06441088,0.005165703,0.05465128,0.0014184087,-0.039944362,0.07216107,-0.049766727,-0.035682246,-0.027841577,0.014908354,0.021103067,0.016016599,0.001463072,0.036932293,-0.0019873844,0.009053767,-0.055677243
-0.012991676,-0.0535551,-0.05326897,-0.005772877,-0.058847267,-0.06354777,-0.07506298,-0.047314074,-0.045394085,-0.05542665,-0.035430245,-0.027318226,-0.07168006,0.008266887,-0.02251774,-0.06361631,-0.020493247,-0.0737942,-0.0118367,-0.08337603,-0.06807478,-0.022268057,-0.07385278,-0.06371238,-0.028642075,-0.009046316,-0.0511944,0.041055962,-0.04825204,0.03898186,0.026658967,-0.027725557,-0.07031806
-0.063876085,0.081001796,-0.032359924,-0.05132352,0.0014921725,0.013016687,-0.028945265,-0.013948013,-0.008099443,0.0037055158,0.015766703,-0.04385075,-0.064183414,0.0068315943,0.016253592,0.0033564726,-0.043002523,0.003096945,0.05560938,0.033486843,0.013625293,0.012964733,-0.043175045,-0.009436265,-0.023003448,-0.04290747,-0.007560195,-0.025978388,0.027350893,-0.06232876,-0.032569718,0.024146203,0.0069374605
-0.01279561,0.037661206,0.070024446,0.0069225524,0.024484085,-0.037935868,0.021836348,0.020259392,0.052810196,0.0014844249,0.06451098,0.04130273,0.05376211,0.061832085,-0.008532489,0.044784717,0.001722257,0.036978643,0.06599717,0.036469772,0.034239717,0.055819716,0.01306823,0.009654359,-0.045764957,0.043478347,-0.038777996,0.009986688,0.07049658,0.03091964,-0.01921269,0.04700479,-0.02432363
0.025113631,-0.0010685418,0.031766325,-0.019450339,-0.049643703,-0.0132267075,-0.024514696,-0.051644232,-0.01802929,-0.039530333,-0.036980253,-0.02800194,-0.0054784785,-0.034928873,-0.018343866,0.0048843822,-0.04064837,0.0009415392,0.012701518,-0.04380683,0.0110026905,-0.01829693,-0.006332668,-0.04189932,-0.0026225671,-0.053344958,0.017627163,-0.019433644,0.008561573,-0.06557078,-0.04671349,-0.014963416,0.011435894
0.0776549,0.07674054,0.031189948,0.08059425,-0.0054493938,-0.0020330164,0.026121212,-0.05283536,-0.044049244,-0.019038841,-0.04505567,0.0572267,-0.016289925,-0.050752636,-0.057564184,-0.054072518,-0.02646785,0.050269872,0.055220775,0.022229953,0.03606611,0.012159828,-0.041068908,-0.009254771,0.024678,0.007156698,-0.03076319,-0.048768777,-0.033754386,-0.048846655,-0.024912536,0.046416424,-0.02008432
-0.0054714596,-0.050619125,-0.06709261,0.02696796,-0.01492531,-0.050237827,-0.06514634,-0.051873714,-0.017951874,-0.04624129,-0.05480102,0.008943915,-0.05580529,-0.061709803,-0.05584109,0.012688844,0.018294327,-0.0079619195,-0.0012717815,-0.05054839,-0.047221452,0.00014933043,-0.03982414,-0.008845375,-0.043280255,0.018973634,0.00128677,0.016770503,-0.020884223,0.025219088,-0.0069213375,-0.013804603,-0.05395947
-0.006214014,-0.0043354793,-0.0035699678,-0.054498315,-0.030907262,-0.05457287,-0.07236171,0.051822938,0.058243155,-0.06326882,-0.028220076,0.06398694,-0.011973242,-0.0068921605,-0.0072122714,0.014670246,0.0598955,-0.010988017,-0.001568105,0.063398436,-0.017341468,0.023570227,0.04916775,0.044666052,-0.056277998,0.022646995,0.052818958,-0.0024749185,0.009471182,0.038357675,0.0024202499,-0.021806603,-0.022277145
0.03708686,0.01895136,-0.032221843,0.007017733,0.009259848,0.00872947,-0.013953609,0.020441635,-0.026692197,-0.02895455,0.04144118,-0.028729493,-0.02257151,-0.029973537,-0.001966823,-0.006812916,-0.018745521,-0.028987197,-0.061355513,-0.018601388,-0.034206267,-0.0092949895,-0.038879737,0.020682376,-0.0034891139,0.027150504,-0.0287157,-0.020273209,-0.02875362,0.007136163,0.043147974,0.0108655235,-0.017474737
-0.07426879,0.011715427,-0.04250052,0.0023472575,0.022901684,0.04509385,0.059415806,0.038548943,-0.0093938615,0.049585763,0.0007842987,0.010726667,-0.018903071,-0.034311116,0.04312416,0.016132874,-0.029799106,-0.047009014,-0.031750467,-0.044231925,-0.043157335,-0.06182021,0.0390508,0.03656449,0.0107693635,0.042137366,0.015263913,0.0459265,0.027512535,0.04597355,0.039736114,0.029787008,0.03257023
0.07546887,-0.02458477,-0.055548947,-0.056247275,-0.03123753,0.03884665,-0.06457803,-0.016750252,-0.029126154,0.057989284,0.010469243,-0.0024127201,-0.020911425,0.052470878,0.021517966,0.0033886535,0.019639144,-0.00086332066,0.05024366,-0.05035182,0.052881554,0.082603514,0.032299276,-0.015673736,-0.042214822,0.060382184,-0.08222327,0.047237966,-0.027038936,0.062404484,0.066128634,0.03358524,0.0714933
0.037992746,0.044146728,0.042175215,-0.0017381948,0.04167603,0.05663595,-0.05105067,0.051984683,0.060899384,0.015207457,-0.0041869925,0.026120087,-0.03605675,0.047764078,0.07192168,-0.035888977,0.06636694,-0.016131083,-0.031134643,0.005341967,0.032640748,0.027718712,0.04393128,-0.012641315,-0.003335669,0.051402252,0.06120772,0.0032732198,-0.029491931,0.022010822,-0.001948973,0.0062085777,-0.040195137
-0.010385794,0.026434427,-0.042307198,-0.08704829,-0.02421881,-0.07115954,0.010361788,0.032543346,-0.015397085,-0.03466096,0.036255497,0.050395805,0.01730148,-0.0826055,-0.055520132,0.009055576,0.018838469,-0.007101769,0.034073018,-0.036611278,0.050246168,0.06526007,0.061357282,-0.003453943,-0.032875963,0.024540065,-0.0078121643,-0.027542435,-0.043749046,-0.012434371,-0.0132622495,-0.03315716,-0.012466438
0.041006356,0.06318796,-0.014068671,0.04231059,0.043239657,0.046726335,0.057197012,0.034135714,0.043191645,0.030288292,0.05983713,0.03861037,0.022032589,-0.02755484,-0.0011701317,0.029525386,-0.0005772327,0.038765598,0.0545759,0.05686562,0.063100845,0.035625048,0.0660143,0.06290558,0.060738854,0.046807006,0.0052928654,0.0708644,-0.010508354,-0.018598063,0.0314955,0.0019068978,0.038066253
-0.0018181071,0.020103898,0.015408502,0.007035908,-0.044332348,-0.0672523,-0.038928434,-0.07812753,0.06662751,-0.036725577,0.04234835,0.058496986,-0.029856056,0.061744668,-0.013650154,0.059912097,0.06604877,0.0052962764,-0.03985722,0.022278234,0.030293386,0.03811063,-0.05827349,-0.07749554,-0.010981583,0.07128146,0.012372185,-0.049257424,0.048967954,0.007917043,0.008136867,-0.022725793,-0.059245113
-0.059291217,-0.044092614,-0.046277046,-0.028665919,-0.07317731,-0.08242474,0.0121535845,-0.05497602,-0.059991997,-0.031603552,0.061249416,-0.039946243,0.023426011,0.035305977,0.06607471,-0.07429283,0.05310732,-0.04957015,-0.06055356,-0.043268494,-0.048669543,-0.061550118,-0.07510495,-0.046109814,-0.06776391,-0.021522518,-0.0043218234,0.028615644,-0.07658867,-0.012020475,-0.06852311,-0.015274962,-0.015667299
-0.07768347,0.03418227,0.02508127,-0.061653357,-0.037320737,-0.03422246,0.058948595,-0.014825661,-0.051522117,0.04668412,0.033583038,-0.019300126,0.029352594,-0.059577666,-0.064471535,0.06202605,0.02154176,0.03014433,0.06387638,0.01583721,0.008185616,-0.043339524,-0.0157185,-0.018575324,-0.019073125,-0.04505086,0.053556845,0.06811,-0.062490813,0.016254967,-0.046660036,0.00818801,0.030097809
-0.08454642,-0.029388532,-0.0012354803,-0.06089638,-0.061288103,-0.081092775,-0.043179717,-0.04480169,-0.04950665,-0.059722,0.06515886,-0.063226305,-0.0414307,-0.077508025,-0.0735691,-0.079735935,-0.06582841,-0.050182365,-0.0704425,-0.03289321,-0.058253255,-0.026384894,-0.07751035,-0.0789486,-0.0755896,-0.035593107,-0.062133096,0.03019744,-0.03699207,-0.0022840595,-0.044799592,-0.05598466,-0.00771121
-0.002378905,-0.07273062,-0.056431822,0.04119214,0.03756892,-0.015420293,-0.041928563,0.011626824,-0.04089526,0.044513192,-0.024910895,0.026704993,-0.011752199,-0.018464457,0.023504512,0.07830359,0.050852403,-0.07233283,-0.052636243,-0.013077382,-0.074566565,-0.0817452,-0.0028943587,0.014070089,0.027745998,0.018446757,0.036131937,-0.041188117,-0.0022993097,-0.044207707,-0.0438275,-0.060502216,-0.029655399
0.0012668406,-0.07918742,-0.05913123,0.03837338,-0.065752976,-0.040524587,-0.057874143,0.058912445,-6.696221e-06,-0.016485386,0.018002225,-0.0033136327,-0.027327072,-0.076933876,-0.047840185,-0.050486688,0.05039586,-0.05786691,0.050889138,-0.058883604,-0.0018260152,0.042252984,0.016465154,0.059608467,-0.0108881015,-0.049516592,-0.0011793535,-0.008755559,-0.013233436,0.043409918,0.043962676,0.016398102,0.03065806
0.037813675,0.03721198,0.044975962,0.0016734066,0.01191343,0.05349072,0.06369851,0.045370225,0.050783213,0.0075346637,0.05000729,0.031541426,0.06529956,0.06833903,0.041819155,0.019887526,0.0439419,0.029637288,0.024403937,0.04876881,0.044624742,0.00788386,0.02095206,0.02066083,0.03847136,-0.04774198,0.029172262,0.054305203,-0.038717736,-0.03623953,0.034890704,0.036033038,-0.011510436
0.03084643,0.060018096,0.03624809,-0.002740527,0.021612717,0.042859346,0.04408798,0.05444788,0.0063910354,-0.007513347,0.065746866,-0.00283237,0.040515266,0.07782149,0.010111754,-0.018248117,-0.0047367015,0.07592439,0.053147994,0.030462569,0.01857871,0.039787572,0.034066457,0.060580406,0.03132113,0.021519016,-0.035153035,-0.019160075,-0.033161737,0.04657872,-0.013350714,0.04528317,-0.00077767135
0.05644605,0.023507982,0.0048417896,0.012738652,0.062411197,0.026545608,0.0010405885,-0.0024949543,-0.010736513,0.03705303,-0.044804443,0.051757567,-0.014216297,-0.023632836,0.05794343,0.024056379,0.032049447,0.037802964,-0.05929059,-0.030124998,0.012216723,0.031137902,-0.010901038,0.033284992,0.05549104,0.022159664,-0.061594706,0.023499342,-0.024203347,0.04578143,0.020198701,0.0063713235,-0.03018895
-0.029453762,0.06611867,0.0626635,0.024243832,0.06209193,0.06045084,0.060863804,0.0048225005,0.07274841,0.034032114,0.075917676,0.060872816,0.08286766,0.053746086,0.021736022,0.09194172,0.062903434,0.06286665,0.06270198,0.08431801,0.059380844,0.06253726,0.057698846,0.04374286,0.0651136,0.07132811,0.073181,0.055533744,0.06659969,-0.020426106,0.048991967,0.014558287,0.05281854
0.05311935,0.035433576,-0.03214029,-0.0044040475,-0.028199881,-0.016541429,-0.058341235,-0.05840192,0.026286874,0.0177998,0.017920787,-0.062191334,-0.0578229,0.044128627,-0.06774816,-0.07915261,0.027785555,0.05203995,-0.062378325,-0.070561565,0.016570318,0.06734204,-0.035962995,-0.054210912,-0.006603202,0.07196006,0.027279694,0.007994763,0.07890378,0.053913046,0.06380512,0.054994475,0.0031872669
0.028126135,0.045930196,-0.027866835,-0.07038935,0.009879329,0.04407749,0.0066700317,0.0505685,0.075272016,0.055863388,0.05411547,-0.02844127,-0.019050075,0.051924545,-0.030372357,0.07399603,-0.008046415,0.029425573,0.012262848,0.066914506,0.02152574,-0.024099799,0.043846644,0.029872304,0.055360317,-0.03273656,0.059664264,0.039184235,0.06297573,-0.010006293,0.012270071,0.0026159775,-0.0050306255
-0.048072733,0.061046015,0.024504177,0.016201409,0.012443582,0.028211392,0.0333525,-0.07216739,0.0021531337,-0.012633816,0.034314316,-0.05807524,0.0018880398,-0.074689075,0.050723903,-0.040311616,-0.03457212,-0.046698105,-0.06421055,0.079914145,-0.056410722,-0.07640766,-0.076133065,-0.07823373,0.063591674,0.02450778,-0.0042807152,-0.081371404,0.03890022,-0.02283798,-0.02420232,-0.07637774,-0.050299454
-0.063672274,0.045488525,-0.04067562,-0.024359763,-0.053313103,-0.040836357,-0.036335163,-0.022457305,0.066846795,-0.0077753435,0.011301062,0.04160696,-0.0037029702,0.056848463,-0.026405778,0.037138026,-0.008688062,-0.030927341,0.022047615,-0.02617205,-0.023182807,0.025916126,-0.0018057296,-0.0073304805,-0.0454435,0.028579993,0.025621332,0.069186494,0.027063327,0.02977866,-0.016136117,-0.07387717,0.0074270386
0.0089883385,0.008547735,-0.0640824,-0.045568816,0.0063647935,-0.009356137,-0.02218928,-0.0010174301,-0.044656727,0.06883312,0.026733942,-0.032745797,-0.012089732,0.046493307,0.0026233352,0.016681826,0.009759435,-0.013722215,-0.010997437,-0.026629211,-0.04068874,0.03451716,0.020332545,-0.018322865,-0.013114454,0.037290704,0.016510477,0.025019098,0.050231714,0.030296085,-0.016911145,0.030708415,0.020098286
-0.043152202,-0.044174217,-0.046003312,-0.06162506,-0.050988965,-0.05270394,-0.052293614,0.017837329,-0.057174608,-0.0021653068,-0.030241605,-0.06634235,-0.019597514,0.024804931,0.0035600495,-0.047658395,-0.04559239,0.04613256,0.012283804,-0.021618424,-0.04169978,-0.028648144,-0.038141128,0.013178809,-0.041422755,-0.00014703738,-0.051000573,-0.043694578,0.033840213,-0.053532586,-0.048804626,-0.05889713,0.03486547
0.06270781,0.039544724,0.028805546,0.01081541,0.022012599,0.025772251,0.0661786,0.003018355,-0.0017967026,0.036394045,0.050359927,0.053466395,0.008176002,0.02609949,-0.026866915,0.007843944,-0.021385005,0.042494122,0.06066217,0.033971615,0.057860814,0.0019392144,-0.036081504,0.047238376,0.025343515,0.026730426,0.043461315,-0.0038130684,0.049835403,-0.029638447,-0.014332864,0.04076803,0.019552166
0.035316546,-0.025183236,-0.06524689,-0.05491046,-0.06654431,-0.01877478,-0.048500698,-0.069930434,-0.06932622,-0.068532,-0.03573701,-0.06429974,-0.031490367,-0.02147533,-0.017514149,-0.071901225,-0.05986093,-0.050360277,-0.036623165,-0.01087163,-0.047220506,-0.058534864,-0.054755412,-0.055761117,-0.0679235,-0.05681632,-0.034076076,-0.07101733,-0.04933851,-0.046216,-0.037844695,-0.04127406,-0.018590437
-0.058554336,-0.05691959,-0.03284348,0.06968063,-0.023538833,-0.04917768,0.021418668,-0.06506725,-0.04817305,-0.067118034,-0.036743023,-0.0053465865,-0.0251608,-0.013158393,-0.023910226,-0.034354445,0.021305075,-0.055598512,-0.0194447,-0.03185075,-0.053120986,-0.06501241,-0.05799303,-0.043816082,0.0086517865,0.0017105088,-0.05186287,-0.057380743,-0.029341804,0.0029953409,-0.047092456,-0.015075243,-0.039413016
0.061524775,0.057107557,-0.05447462,0.029303042,-0.04548092,0.010944509,0.014679799,-0.043768644,-0.07416529,0.027441872,-0.015923396,-0.046099182,-0.029927682,0.053348757,0.03884148,0.00072478957,-0.04483842,-0.026805412,0.061948456,0.012766509,0.017737385,0.038437657,0.013493646,-0.05316689,0.029317433,0.026985336,-0.008452155,0.05152719,-0.057602353,0.019255172,0.070801765,0.045641493,0.0034705843
0.053258803,-0.009231963,0.042298887,-0.012986934,-0.05108108,-0.0040798457,0.05346992,0.02525414,-0.07335424,0.007881159,0.07882494,-0.02196043,0.045119617,-0.06568589,-0.067603,-0.02147413,-0.044758413,0.003965107,0.053217947,-0.020569924,0.057072252,-0.025412017,0.018608479,0.04972846,-0.06908574,-0.011984717,-0.06754093,-0.010564283,-0.08437375,-0.05502725,-0.024335852,-0.03908488,0.012648979
-0.05775356,0.072142966,0.086118765,-0.043755557,0.06271042,0.041733958,0.041174445,0.043433443,0.040216308,0.02288006,-0.06109062,0.04954949,0.0512672,0.055226892,0.060226593,0.074815646,-0.03778414,0.0790165,0.0014773082,0.05950957,0.07679435,0.0014153472,0.07262939,0.00925584,0.06308858,-0.050647844,0.045100864,-0.0051519135,0.0450237,-0.022651002,0.005887495,0.030181902,0.024270091
-0.030283578,0.05775976,0.03362314,-0.029081754,-0.0055724788,0.040638503,-0.013290322,-0.0138735855,0.028566891,0.07286886,0.04083868,0.009109656,0.020691201,0.014706241,-0.009884704,0.03243414,0.04735715,0.08009408,0.0657106,0.07201089,0.045852583,0.06383257,0.06052458,0.014317527,-0.007891329,-0.07413903,-0.024292076,0.079306245,0.0660552,0.03079994,0.013791385,-0.027599068,0.07435413
-0.011031104,-0.021886148,0.016189026,0.025447784,-0.0122688785,-0.06419162,0.03880885,-0.05023148,-0.06003744,-0.04269917,-0.03440554,-0.03848193,0.015015726,0.00921835,-0.01556543,-0.011455816,0.04495035,-0.03371664,-0.0043082964,-0.041303128,-0.022183333,-0.06433876,-0.017839754,-0.020251596,-0.04050168,0.031444915,-0.03464261,-0.0044554058,-0.05230029,-0.042405535,-0.037578374,-0.0059237876,-0.04238849
0.007144556,0.03205658,0.052567877,0.05866628,-0.014636209,-0.013767383,0.06492879,0.042486493,0.0065906467,-0.026275558,-0.0508821,-0.004572159,-0.0060615623,0.016400084,-0.031732842,-0.012414677,0.012443292,0.04815053,0.066287406,-0.001112097,0.048106942,0.040628795,-0.002029453,0.04775002,0.06563104,0.059001025,-0.005766586,0.043046866,-0.013365396,0.02570747,0.04756126,0.061512943,0.042052317
0.047607012,0.034174956,0.037355255,0.06350209,0.015764406,0.0495885,0.00025306974,0.016196467,0.006354831,0.020432461,-0.0401388,0.0512924,-0.014001359,0.049177445,0.025291923,0.06498722,0.03433162,0.00042910458,0.05731318,0.016618988,0.05435506,0.0689932,-0.026765302,0.0146708945,0.024902249,0.06528154,0.038898602,-0.035822317,0.022684777,0.007782574,0.07358848,0.06921349,0.050575767
-0.021298764,-0.00018219833,0.056123164,-0.051448785,-0.072404996,-0.048569173,-0.033244353,-0.07044977,-0.049999308,-0.055259045,-0.055025186,-0.022480682,-0.07841428,-0.021375919,0.034580115,-0.022618972,-0.07813026,0.05593479,-0.069703825,0.011725698,-0.015755488,-0.005612204,-0.07914031,-0.070433676,-0.0712027,-0.009604446,-0.014979736,-0.05612707,-0.06336049,-0.07599085,-0.027677823,-0.07819591,-0.07620308
0.072132334,-0.006961606,0.035371456,0.07307165,0.08203458,0.089244045,0.055897243,0.084281154,-0.042190924,0.088729315,0.022558298,0.08210861,0.050115153,0.028392715,0.032125387,0.08779645,0.05663972,0.05708768,0.048701122,-0.019780286,0.08075174,0.0770574,0.08103601,0.082728185,0.0056654117,0.05746569,0.0012025561,0.08006712,0.049176324,0.08086249,0.071091704,0.07308947,0.07293803
-0.0535762,-0.017068988,-0.017970232,0.058819793,-0.021573039,-0.018726327,0.051722344,0.011323193,-0.04344218,-0.014174279,-0.0030651703,-0.0052248645,-0.009891358,-0.020615883,0.001007421,-0.042105928,0.049268633,0.017223798,-0.030066956,-0.06921744,0.036074072,0.047606513,0.037164655,0.033901677,0.07539631,-0.041844565,-0.047582507,0.034667827,0.018403888,-0.0058523053,-0.05186793,0.0028880883,0.07432167
0.072309546,0.062534064,0.079605676,0.039924335,0.040850915,0.012544339,0.031556867,-0.047528997,0.034951895,-0.023675958,0.0044647963,0.048394125,0.021922607,0.03063083,0.06398827,-0.02925674,0.05208504,0.07284197,0.060222138,0.046300676,0.04899501,0.01898765,0.03951609,-0.05568721,0.017053511,0.032169558,-0.066924416,0.033668395,0.03314505,0.02130907,0.03747053,0.060174353,0.023346815
0.03377842,0.011772944,-0.069840916,0.06082255,-0.011272391,0.00044097056,0.016553406,0.002305065,-0.07640711,0.033639662,0.052805427,0.0780274,0.025583234,-0.034321856,-0.076287895,0.09187221,-0.032500632,0.0052206116,0.042031553,0.002064836,0.022656022,-0.057235025,-0.009944744,0.04697122,-0.0005021892,-0.020813346,0.0734435,-0.046000782,-0.013399678,0.048100438,0.061117586,0.04938694,-0.066165246
0.003419915,-0.037479877,-0.04072961,-0.033814058,-0.011205678,-0.016437603,-0.001537759,0.03894486,0.017142758,0.026990792,0.042131603,0.06468659,-0.08561254,0.024542224,-0.019062323,-0.080777824,0.0673163,-0.057939366,-0.009654797,0.0626498,-0.047623266,-0.019630075,-0.0011730661,0.05853365,-0.008636556,-0.061391503,-0.07268025,0.038539503,-0.060868893,0.07539438,0.028803173,0.041310456,-0.022110682
0.038306918,0.017185468,-0.022190556,-0.03721334,-0.05815324,-0.060268283,0.010174737,0.045414735,-0.03396449,0.023846535,0.048513517,-0.0028541128,-0.08550438,0.012450994,0.048870556,-0.051074702,0.050191417,-0.058341395,-0.008511884,-0.0017125338,0.019912245,0.06253935,-0.04697654,0.0044576507,-0.009945467,-0.0501212,-0.06614039,0.053676963,0.016016888,0.06162627,0.017343376,0.027514786,-0.069775455
-0.0029192546,-0.08209707,0.037717886,-0.022677895,0.08026812,0.047175642,-0.056681246,0.06942789,0.050144397,0.011008912,0.01843365,0.046332646,-0.018141942,-0.05292509,-0.013022911,0.037524372,-0.052604955,0.03495846,0.018963749,0.028521363,0.02761456,-0.011557861,0.022102788,0.070092484,-0.0697433,0.008258491,-0.045237444,-0.046363767,0.06565388,0.013176644,-0.042896114,-0.005961823,-0.058251508
-0.03190021,-0.003978637,-0.038747575,-0.06903067,-0.05278141,-0.05069324,-0.066670395,-0.016265266,-0.06334939,-0.021176312,0.034468364,0.006018537,-0.031115007,-0.03827167,0.0052077975,0.03305651,-0.008257241,-0.021372415,-0.015087915,-0.009783994,-0.059971478,-0.05548119,-0.019404477,0.0074727624,-0.032440007,0.038054947,-0.06368068,0.06441469,-0.0020115976,0.036872853,-0.02968773,0.058610592,-0.035711292
-0.036628,-0.06574898,0.058862064,0.02902541,0.034185573,0.038225185,0.01962816,0.052572742,0.058238596,-0.05083368,0.009034392,-0.04529139,0.07254524,-0.054027863,0.050313566,-0.010803276,0.030785656,0.0313563,-0.031150203,0.015087619,-0.016686087,0.031111801,0.05069855,0.059620094,0.05735738,0.039396536,-0.056459792,0.044476844,0.025640361,-0.0055884467,0.021338519,-0.060796686,0.024020856
0.06461121,0.03292953,0.0042229043,0.012662541,0.055090204,0.027615229,0.014936798,0.049888823,0.07284012,0.07622918,0.055640448,0.07472965,0.010815428,0.03675618,0.046977226,0.07975628,0.03161931,-0.021650193,0.06838395,0.007428828,-0.0028897296,0.05988008,0.05717938,0.03585873,0.035676986,0.058852587,-0.013071904,0.07265264,0.025294146,0.0469668,0.08071573,0.05675702,0.013486488
0.016763767,0.055328295,0.036173128,-0.015434685,0.044394538,0.04257021,0.015703937,0.03153294,0.024819205,0.028334143,0.041134458,0.069137506,0.06204126,-0.05100755,-0.043200552,0.07377428,0.008194384,0.05990958,0.018585527,0.029276812,0.06935507,0.031102749,0.033925183,0.008043574,0.03266709,0.011404087,0.065006085,0.024377313,0.055127013,0.029373437,0.004648069,0.0077167987,0.035803992
0.055471156,-0.035875306,-0.032723363,0.0025804373,-0.075905725,-0.017207686,-0.020975348,-0.06143796,-0.07090843,-0.001641468,-0.032775227,0.0031346255,-0.010143342,0.00086108444,-0.0700861,-0.040973183,-0.074046746,0.027828058,-0.023135083,0.0041729584,-0.020326937,0.0029907806,0.015110015,-0.042326584,-0.04070712,-0.05208426,0.018434254,-0.013299576,-0.039158583,-0.015080058,-0.018326145,-0.05808695,-0.041742172
0.026851302,-0.06503959,-0.065930076,-0.06191735,-0.0694398,-0.061869163,-0.06294783,-0.048565358,-0.011892412,-0.0273755,-0.0004231069,0.030637257,-0.01401058,-0.02376599,-0.044815917,-0.011330887,0.018588519,-0.07273071,0.009919855,-0.004106216,-0.04622043,-0.0077296263,-0.061427973,-0.05554591,-0.038589563,0.013492176,0.04758478,-0.052126423,-0.026808877,0.054372452,0.04563735,-0.033181496,0.027212957
0.06468704,0.00800343,-0.022182662,-0.014992827,-0.04817069,0.013451645,-0.008385776,-0.04539056,-0.043646887,-0.067133315,0.027596049,-0.04610306,-0.014944144,-0.06568681,-0.010294459,-0.05745647,0.013269596,-0.028516734,-0.027885687,-0.010164232,0.010348547,-0.046356212,-0.02060666,0.006330135,0.004272991,0.0020140444,-0.004559895,0.01578308,-0.022360837,-0.079595365,-0.04390816,0.013886777,0.035918146
-0.015277349,0.06274291,0.07380415,0.07108163,-0.037067164,-0.00042858833,-0.0019011255,0.0385606,-0.013850032,-0.02126977,0.04007257,0.024785375,0.06597667,0.032791954,0.056059804,0.045395862,0.0036276064,-0.011009287,0.0015898846,0.0691769,-0.03865354,-0.030085323,-0.020414503,0.013003769,-0.034925416,0.028345881,0.0635562,0.049264174,-0.018364966,-0.03002035,-0.03608661,-0.03833816,-0.050839234
-0.057977602,-0.0365809,-0.02935663,-0.0006775478,-0.026228396,-0.05958625,0.002123811,-0.055384587,-0.033826903,-0.06787436,0.048403874,-0.009090558,0.031398006,-0.026994556,-0.0814038,-0.039078433,-0.011745405,0.016093686,0.043518517,-0.009623266,-0.014952789,-0.015880607,0.0008437499,0.013528915,-0.0022115973,-0.005177314,-0.0084444545,-0.0027951454,0.0322204,0.0046796966,0.062463302,0.04374672,-0.023006972
-0.048176672,0.015492615,0.011329839,0.0084604975,0.04237092,0.010079938,0.04429151,-0.0069725146,0.03972517,0.049565192,0.059787028,0.00520686,0.061664928,0.03827237,0.026750445,0.027052848,0.06737204,0.018300714,0.05397953,0.051768802,0.038560763,0.024227867,0.0006301704,0.019303571,0.055586252,0.062212437,-0.04441286,0.053885873,0.04378717,0.03343207,0.01963501,-0.0038404935,0.023575814
-0.05364103,-0.03652849,-0.016598688,-0.011953437,-0.06612169,-0.06687683,0.009111546,-0.05904974,-0.022919191,-0.08059168,0.0126966825,-0.009865027,-0.0020314888,-0.06474672,-0.03696227,-0.069963045,-0.0054979557,0.009610307,-0.018539507,0.008400822,0.0015239832,-0.013627252,-0.064774595,-0.046875436,0.047056098,0.038358927,-0.066452384,0.039663445,-0.05333959,-0.021924822,-0.06730396,-0.03726258,-0.061065815
-0.06968118,0.028818032,0.04124414,-0.047804825,0.0215829,0.005117229,-0.048686083,-0.04577611,-0.048785698,-0.05397164,0.05459261,-0.040088046,-0.0063600997,0.016178468,0.010209202,-0.0028538762,-0.0059219804,0.04286032,-0.041057188,-0.01152754,0.04012888,0.003886754,-0.011843303,-0.046896357,-0.025851723,-0.049870778,-0.012906189,-0.051007,0.0013894887,-0.053533316,-0.044334512,-0.038109466,-0.011672451
0.047069043,0.041633967,0.02977881,0.037796907,-0.01016701,0.034998804,0.07811339,0.048984796,0.057086915,-0.021408089,-0.07298221,0.039473698,0.045696862,-0.0063594133,0.032002553,-0.011937711,-0.0020431296,-0.006774404,0.069854125,0.08283712,0.045093354,0.007387756,-0.02392276,-0.0055581126,0.06996593,0.05461081,-0.006807991,0.026420461,-0.015695844,0.026901914,0.028391954,0.032607395,0.0063754856
0.031953253,-0.034041233,-0.05217301,0.045217235,-0.072354555,-0.054226503,-0.006949528,-0.037188392,-0.07340236,-0.065387726,-0.042766158,-0.035709582,0.00556879,-0.049918823,-0.01735713,-0.04957321,-0.031440828,-0.047009043,-0.02369838,-0.045509685,-0.020974608,-0.008491936,0.0063697617,0.009125929,-0.03202696,-0.0378625,-0.053277824,-0.043019623,-0.06710335,0.021208007,-0.018084746,-0.0068054376,-0.025262477
-0.05221015,-0.06706289,-0.043972153,0.054833878,-0.0616986,-0.062472902,-0.08213152,-0.016607946,-0.050715715,-0.023166213,-0.07842968,0.029603086,0.028557148,-0.037927788,-0.053320583,-0.019312203,-0.060659982,-0.07491262,-0.07707135,-0.04736739,-0.079929054,-0.06661101,-0.061576102,-0.042218536,-0.03417943,0.0027787492,-0.033232868,-0.013732634,-0.0033156255,0.06009501,-0.032830223,0.011515045,-0.06261
-0.0122625055,-0.0365327,0.006637262,-0.011952337,0.048563015,0.03061746,0.0031810983,0.045625243,0.022829812,0.03687727,0.05991779,0.03621482,-0.009757261,0.040633153,0.044036455,-0.03450435,-0.038800254,-0.0038728246,-0.034045774,0.02981133,-0.015182608,-0.040710542,-0.03722948,0.031757265,-0.06860184,0.019266605,-0.03462372,-0.07955501,-0.030388767,-0.042900845,0.000635268,0.020659043,-0.00897571
-0.042816825,0.015282835,0.0091011515,-0.007983252,0.029771075,-0.023465844,0.034946643,-0.022542562,0.056503814,0.03229767,0.00017444111,0.0033789857,0.0645898,-0.022272559,-0.050879125,-0.041059393,-0.019068835,0.052489642,0.03780446,0.0014526793,0.04149203,-0.031726964,-0.068037875,-0.07426995,0.004440423,-0.015227816,-0.073165156,0.031521387,0.07117248,-0.03729917,-0.043604095,-0.039192248,0.065260716
0.032004893,0.005565607,0.07631634,0.076419845,0.07919454,0.08152838,0.036736198,0.08159155,0.08476991,0.06144878,0.054141525,0.07209572,0.064006224,0.031048615,0.011098502,0.053458598,0.059627842,0.07079016,0.049019367,0.03691997,0.05110487,0.065522745,0.077315,0.07994793,0.060901754,-0.05874198,0.0060133636,0.012752114,0.07506136,0.037941735,0.05630882,0.050212827,0.07946402
-0.05908707,-0.011961753,0.0087353075,-0.054453038,-0.036612056,-0.0023682998,0.013954713,0.025557607,0.031485718,-0.012049346,-0.038255952,0.03127454,-0.032136243,0.02811604,0.06355937,-0.00680334,-0.060305208,0.0122371735,-0.038860984,0.044745423,-0.024272105,-0.025599755,-0.07193979,0.017824678,0.014742663,0.015834047,-0.01715671,0.04027129,-0.0012684622,0.03980584,0.022954369,-0.010678596,-0.036854178
-0.051492576,-0.023455149,0.060239095,0.027919445,-0.045287184,0.016625615,0.017570052,-0.06687598,0.03487472,-0.023829298,0.018817194,-0.018177802,0.017578524,0.067561835,0.037362084,0.0071520163,-0.016680308,0.00015910223,-0.021152582,0.015957596,-0.036304746,-0.052863125,-0.03405637,-0.0759796,-0.022329634,0.062626064,0.054820318,-0.02728197,0.07202827,-0.02316061,-0.04952436,-0.028787045,-0.018890206
-0.017817896,0.03058407,0.042812362,-0.037720624,-0.032539222,-0.047918938,0.08634413,-0.003854782,-0.0027165662,0.016786344,0.044354957,-0.00857837,0.07627116,0.005842172,-0.0064282087,0.034721006,0.007790033,0.07856939,0.082316466,0.01680206,0.07115267,0.054724026,0.08106066,0.050548967,0.05983363,-0.053662788,0.0057600224,0.042941086,-0.04263103,0.03228083,0.020203512,0.06516433,0.03917105
0.0039150943,0.04080937,0.08109992,0.049390625,0.07952459,0.06031062,0.08591026,0.061877403,0.067111544,0.07823145,0.059778526,0.023574958,0.053348713,0.08149889,0.048497297,0.012633618,0.0694299,-0.01205569,0.068857126,0.06703028,0.031290654,0.014868165,0.06464557,0.076382995,0.006259406,0.046226904,0.032670673,0.022129655,0.03516567,0.065536164,0.05877545,0.065271914,0.01106625
0.010381287,0.06795317,0.07484656,0.09140303,0.0041869874,0.004412677,0.022209816,-0.042333003,-0.020809809,-0.015099967,0.058384676,-0.01554573,0.0128340665,-0.011007837,0.012017073,0.019236749,-0.042014234,-0.036913935,-0.008748609,0.066575624,0.00038208335,-0.051664878,-0.028560232,-0.039347157,0.03711987,0.0019134892,0.036305893,-0.024507103,-0.026649436,-0.015804712,-0.024954753,-0.06449645,-0.029559633
0.0729131,-0.0008645526,-0.060444206,0.07546681,0.0041665765,0.007931964,0.076297,-0.0012714622,-0.0042560203,-0.023575619,-0.06426207,-0.07530377,0.011726677,0.031841088,-0.031428296,-0.028696101,-0.06399519,-0.016446233,-0.03532791,-0.06284498,-0.013826002,0.031438515,-0.059461467,-0.030269044,0.013373124,0.015448759,-0.0181581,0.030564142,0.023899296,-0.014345796,0.049600072,0.006025312,-0.0150535265
-0.010116595,-0.087926514,-0.064078815,-0.081022985,-0.07771944,-0.044253204,-0.055405714,-0.058525868,0.0018635656,-0.044930823,-0.01995898,-0.072695956,-0.0607914,-0.039831094,-0.0048942617,-0.03753363,-0.050768,-0.029900365,-0.054511733,0.057238203,-0.068617545,-0.03379707,-0.080424026,-0.062797405,-0.028272577,0.04209821,0.047044195,-0.049498793,-0.025964499,-0.014253142,0.010128299,-0.001955471,-0.07777066
-0.0147528825,0.040433366,0.034733046,0.030821515,0.03135272,0.0040286803,-0.04729841,0.060289748,0.013853391,0.047518194,-0.05326392,0.06857169,-0.01853328,0.06444235,0.07957464,0.07903306,0.039412837,0.0048177126,0.014933656,0.048113905,0.017059902,0.05769939,0.065374285,0.049533565,0.028290031,-0.031949967,-0.017579539,0.018944735,0.032614827,-0.0019219515,0.06059649,-0.04892593,0.033571273
0.0016718461,-0.008139508,-0.005208767,-0.06916052,0.055670045,0.050801177,-0.0043792347,0.06384023,0.03974663,0.021638053,0.0454195,0.06491041,0.050173063,0.010021884,-0.010907535,0.054256003,0.02175859,0.018756192,-0.001776555,-0.020863628,0.051200528,-0.014715075,0.05746621,0.05320538,0.044011265,0.013435864,0.039439745,0.02262012,0.013921374,0.073156826,0.05583978,0.0395264,0.04678061
-0.048788343,0.01243093,-0.021511588,-0.06921429,-0.07938442,-0.07652042,-0.009735473,-0.07769835,-0.056545544,-0.08408422,-0.005887874,-0.08360436,-0.08514447,-0.044370927,-0.022377674,-0.04492886,-0.077757925,-0.00012922384,-0.028840173,-0.026397489,-0.054728113,-0.08181349,-0.05169357,-0.079798155,-0.06763961,-0.08196558,-0.012564932,-0.08199239,-0.049092468,-0.07954225,-0.081554145,-0.06731044,-0.075429134
-0.049845695,0.011285699,0.05077744,0.05491162,0.0008349379,0.043603193,-0.0032843247,0.03286642,0.053303927,-0.012808313,0.07190872,-0.062220015,-0.012381878,0.07602334,-0.0058256006,0.025380298,0.07130254,0.079071626,0.018745892,0.027995536,0.08238802,0.0698456,0.021559615,0.03590922,-0.009657174,-0.0061762137,0.027292721,0.016636655,-0.005328158,0.014144388,0.033215564,0.032033615,-0.048296575
0.019018108,-0.07031279,-0.03911501,-0.043618895,-0.06724976,-0.05164552,-0.073656574,-0.05019155,-0.05403977,-0.071456425,0.030270694,-0.05803765,-0.062009785,-0.065051384,-0.007631197,-0.07010353,-0.046213668,-0.05696103,-0.055506546,-0.07434833,-0.06268964,-0.023618618,-0.047855455,-0.06534272,-0.0757698,-0.05106031,-0.05821273,-0.07178074,-0.07378761,-0.061396312,-0.020014081,-0.053902216,-0.03867654
0.06761266,0.07033927,0.017509459,0.021655284,0.030863227,0.042325694,0.030187888,0.048782278,0.06626535,0.04414252,-0.0064765215,0.04477419,0.030254655,0.012868676,0.014500628,0.069168724,0.03544063,0.035331514,0.021327797,0.06409469,0.057663206,0.058467545,0.08113069,0.0737569,0.07189301,-0.046190582,0.044090904,0.05590172,0.07372936,0.057542644,0.039227124,0.05137073,0.06973347
0.026318528,-0.035516355,0.012843357,0.07849829,-0.0386978,-0.028360445,0.028101003,0.028914375,0.010376817,0.045832183,0.034031846,0.011707241,0.021169541,0.06478757,0.05836769,0.021217657,0.009219354,-0.026634635,0.042453833,0.0021729232,-0.031402033,-0.0009637384,0.033166897,0.031037482,0.012158271,0.043477762,-0.003875742,0.060652856,0.023895677,0.020027013,0.024155164,0.053884096,0.042268284
0.024281252,-0.035685368,0.052792717,0.0140006,-0.0397767,-0.045378234,0.009247811,-0.04704318,0.069247164,-0.048017323,-0.01607166,0.04388931,0.024564555,-0.02272165,0.061989423,0.027849706,-0.059403684,0.018773079,-0.030350842,-0.009352486,0.019006215,0.0099277,0.039674282,-0.06182523,-0.014019498,-0.031067122,-0.021526271,-0.00065133587,0.03507383,-0.08143801,-0.058558814,-0.08558275,-0.02899708
-0.0397172,-0.030104816,-0.032055136,0.02106405,-0.039443016,-0.023473557,0.027641473,0.024335751,-0.071134806,0.0056897523,0.009467408,-0.054073207,0.028154388,-0.06330522,-0.06455418,-0.03462905,-0.013622385,-0.030745713,-0.04526761,-0.05923034,0.009964559,-0.054819513,0.02297973,0.033317737,-0.018395659,0.01883454,0.064928435,-0.01517554,-0.055407934,-0.0410429,-0.056684013,-0.04008441,-0.0088432515
0.031079372,0.01345017,-0.06685811,-0.008397407,-0.07303002,-0.078723036,-0.011887486,-0.0531029,-0.06457181,-0.08362364,-0.028951827,0.027416809,0.00045438166,-0.07075749,-0.017098665,-0.01518975,-0.053901568,-0.02900747,-0.017589062,-0.050004665,-0.045746673,-0.050604496,-0.044197936,-0.05393545,-0.03403737,-0.03219396,-0.010951903,-0.049962625,-0.07073097,-0.00065158913,-0.07095668,-0.056744188,-0.03615765
-0.010067152,0.031274322,-0.043186627,-0.016017849,0.058436427,0.053009257,-0.02762931,-0.031388,0.07177371,0.030075155,-0.029660009,-0.0018141787,-0.058087785,0.058545187,0.07079794,0.002482955,0.030754356,0.00994752,0.05982287,0.015324863,0.06266422,0.06737201,0.021335037,-0.055694245,0.07669964,0.0636235,0.025266636,-0.0030828787,0.0496648,0.056347143,0.08212645,0.053850636,-0.0009481672
-0.017027682,0.075925514,-0.0075356946,-0.020776626,0.053341854,0.048204035,-0.011238725,0.0020815183,0.0043785865,0.07382586,0.03821203,0.035812788,-0.027311932,0.040446624,-0.08524127,0.07058933,0.060052995,0.059848815,-0.0050905906,-0.08444312,0.010619274,0.045967426,0.0480946,0.030144578,0.026160363,-0.06046253,-0.064515986,-0.0034189604,0.07750527,0.032375146,0.031221086,-0.01202149,0.05021557
0.0039957874,-0.04524641,0.08824879,0.018502573,-0.07044995,-0.063215494,0.034109216,-0.018006802,0.07593701,0.058861434,-0.036556005,0.058404274,-0.0032060777,0.07065299,0.08372169,0.011558504,0.026682818,0.012346267,0.06411546,0.018645464,-0.009092627,0.0023644362,0.043549687,-0.00976138,-0.07899931,0.016284907,-0.029196179,0.056910533,0.008270363,-0.058358226,0.049197268,-0.0032581238,0.057542786
0.039781447,0.07339343,-0.003966127,0.026030349,-0.047001105,-0.051857136,-0.031023176,0.011987521,0.01201559,-0.014693128,-0.032358266,-0.079807125,-0.05542961,-0.059083637,-0.006105709,-0.03626912,0.00251007,-0.062447723,0.048637044,0.0065445243,-0.012630619,-0.005036708,0.041961607,-0.0061237887,-0.013256173,-0.035262823,0.031438753,-0.008236637,0.020657266,-0.01742427,-0.036206327,0.0020433052,-0.045664437
0.073369555,0.044839103,0.012213996,0.052247763,0.047742914,0.059271254,0.02848819,0.06539629,0.033292614,0.065281145,0.029902441,0.021200221,-0.014052318,0.07135909,0.06434765,0.05293545,0.075957984,0.011925505,0.033044714,0.015870312,0.03350225,0.043748338,0.07980881,0.05783529,0.007591158,0.06317282,0.009124364,0.028398098,0.045699418,0.070876375,0.056114566,0.07309903,-0.009905471
0.06610789,-0.005308656,0.0013192807,-0.036545232,-0.033057854,0.0124034565,-0.0077309245,0.029607264,0.004796216,0.030377788,-0.06740692,0.039095156,-0.05058748,0.054719906,0.071626335,0.009052674,-0.044983376,-8.689258e-06,0.025811955,0.029408043,0.01881143,0.0029065912,0.046459418,0.01877039,-0.069348864,-0.016311819,0.020129597,-0.036433175,-0.06954141,-0.081871405,-0.059073348,-0.05990597,-0.012290078
0.01780358,0.036410414,-0.02643358,0.026859699,0.0025191952,-0.002702747,0.0036853568,-0.007404877,0.012210309,0.016031595,0.023132449,0.063143045,-0.0118109705,0.0023075277,-0.05212457,0.050248187,0.017985433,0.00017547306,-0.021543406,0.009470178,0.025025167,0.038004894,-0.01894912,-0.02514051,0.03808972,0.035266623,0.00028807626,0.004884041,0.023572851,0.06638781,-0.0077030095,0.024729094,0.010999789
-0.064666435,-0.035124764,-0.006787752,-0.0386456,0.014847157,-0.018545462,-0.017749788,0.027233373,-0.034464315,0.013378787,0.020927666,0.02410606,-0.018259654,-0.0065896343,0.037631862,0.0062934877,-0.04735561,-0.013580723,-0.016820762,-0.024497902,-0.017335365,0.03158133,0.02716184,0.011356115,-0.002810673,0.0050866446,-0.046966936,0.055940397,0.03567064,0.047408782,0.0063431067,0.0054243654,-0.007064679
0.061312433,-0.016758196,-0.021659771,-0.025674557,-0.03456929,-0.0037518751,0.02841502,0.014050436,-0.0055587585,0.06380959,0.016146021,0.033946592,-0.023343801,0.044466846,-0.061318394,0.07059141,0.03821754,0.06910334,0.0051087732,0.0121118035,-0.034633737,-0.05153057,0.029847292,0.017138861,0.057169836,-0.01795336,0.051473357,-0.05930751,0.021575453,0.041674364,-0.020906191,0.07184783,0.013741196
-0.014606731,0.033732306,-0.034853633,0.01691467,0.041683383,0.030406557,0.05555382,0.0071754125,0.018080704,0.08259388,0.021086402,0.03018315,0.048200503,0.056941364,0.05324849,0.06792679,-0.0055225394,0.067729294,0.027759999,0.0053140465,0.034380328,0.04569516,0.04413466,0.015267625,0.054536954,0.061982688,0.047140393,0.070638336,0.06157827,0.08818661,0.07496793,0.056366608,0.06773081
0.01926021,-0.059244473,-0.04376195,-0.051368013,-0.041177,-0.036012184,-0.07324351,-0.0405671,-0.045439653,0.010588459,-0.044067588,-0.025025178,-0.06766996,-0.009846919,-0.0059118276,-0.019287629,-0.05698048,-0.0452553,-0.016227216,-0.035791952,-0.022462023,-0.00967685,0.019299718,-0.0209508,-0.061631154,-0.0101704,-0.020884352,-0.03890158,-0.053083606,-0.014913413,-0.027484782,-0.032031514,-0.03205759
-0.042100657,0.06922964,0.07982953,0.011553948,0.042826645,0.029676704,0.0035826627,-0.040523667,0.045502815,0.001584787,0.032667812,-0.030146072,0.030006757,0.032840602,0.05069522,0.03691594,0.028526705,0.05964758,0.042294774,0.077107735,0.056259062,0.031178977,-0.0018640661,0.040502153,0.045978982,0.067475125,0.05058549,0.04653033,0.056498177,0.0029239946,-0.0011247522,-0.0023325053,-0.060760505
0.039282262,0.01459815,-0.013575996,-0.02915057,-0.008322555,-0.012339469,-0.024504595,0.074193135,-0.046107717,0.05965429,-0.075985536,-0.017386878,-0.0020574834,0.024816541,0.028550206,-0.052066337,-0.029620292,-0.07889262,-0.013134229,-0.07620595,-0.076278776,-0.05691423,0.05096561,0.07306457,-0.04408489,0.042277932,-0.041350603,-0.024951506,0.039403737,-0.02616392,-0.019410392,0.03701844,0.00071964524
0.030309536,-0.03311187,0.026466077,0.0044351723,-0.026298497,-0.037164737,0.011876724,-0.010823281,-0.022140194,-0.048228927,0.041587632,0.041621976,-0.011486385,0.05508854,0.05893575,0.007551608,0.038006783,0.03665961,0.04913197,-0.00558476,0.045579504,0.03578681,0.046521276,0.009684504,-0.03861094,-0.068406574,-0.009258203,0.064172804,-0.009052577,0.03160405,0.039397858,0.07642612,0.052213356
0.021768566,-0.059315193,-0.04169607,0.012840958,0.07404596,0.061185732,-0.05094275,0.07578677,0.03682028,0.06674665,0.03188898,0.082458645,-0.0012118268,0.05439285,-0.026517928,0.08616235,0.075320914,0.04155432,-0.016884372,0.0042867493,0.008915526,-0.015059197,0.041862436,0.07736402,0.06863598,0.014066136,0.015092347,0.06263135,0.07257983,-0.00028260172,0.005195002,0.046189494,0.028936261
0.061402407,0.08546046,-0.021555904,0.070357166,0.0689453,0.042100888,0.05615242,-0.045944028,0.037636288,-0.002181655,0.048328795,0.023424648,0.06284043,0.04909517,0.02220881,0.038735002,0.016608033,0.06142995,0.055115636,0.026566716,-0.009061972,-0.004127232,0.022170866,-0.01208989,0.003256317,0.055936452,0.01822949,0.014942219,-0.02163364,0.022343727,0.029849272,0.019374939,0.0030480972
-0.07649946,-0.09862583,-0.09549898,-0.087664716,-0.082335435,-0.08958411,-0.09738794,-0.083740234,-0.08502963,-0.08822839,-0.08372188,-0.0820073,-0.087774634,-0.08558648,-0.084642716,-0.09524826,-0.07684049,-0.086993806,-0.0843699,-0.10043761,-0.09097877,-0.084163904,-0.08434777,-0.0816436,-0.07831627,-0.07115621,-0.096641816,-0.080178745,-0.08923387,-0.084504485,-0.08241624,-0.08521225,-0.078905545
-0.024579,0.009965564,-0.022274835,-0.0050649433,-0.013453845,0.0037745687,-0.038057383,-0.007913248,0.022207543,-0.00038835744,0.0052234414,0.06336477,0.010462586,0.03745119,-0.023495868,0.07024122,0.06898184,0.038375687,0.060731634,0.011700809,-0.048599824,-0.02797352,0.007516601,0.038118977,-0.03867799,-0.03467773,0.06812684,-0.010395113,-0.02187069,0.06174317,0.029237172,0.008900661,0.047562752
0.04846367,0.0296967,0.026918463,0.015035723,0.077368006,0.08403552,0.042322595,0.06350378,0.014571248,0.058016364,0.014158836,-0.058205225,0.04093059,0.03651586,0.06089944,-0.057511244,-0.0665957,0.047406923,-0.0018604477,0.02377596,-0.0033468108,-0.012363298,-0.03600956,0.062691905,0.0549114,0.0391279,0.014589919,0.057917316,-0.0016208478,0.04389402,-0.018576289,0.04704709,0.0017932216
-0.07106076,0.026948713,0.06527096,0.016320119,-0.059165917,-0.041552067,0.045073006,-0.059611004,0.044306878,-0.025555095,0.012274658,-0.025158534,0.07294777,-0.053243484,-0.029102597,-0.0009107406,-0.04018077,0.045468155,0.06338817,-0.05331009,-0.054948647,-0.036148515,-0.03791851,-0.0703168,-0.020155715,-0.028916422,-0.0039583133,-0.05750443,-0.05802363,-0.06992924,-0.050852425,-0.019365808,0.01292054
-0.018640911,-0.0235145,-0.0038099375,-0.0009813802,0.06836527,0.025407696,-0.018134197,0.022039417,-0.009294445,0.021269131,0.062200982,-0.048841458,-0.009370425,-0.053210337,-0.07205248,0.02770352,-0.059237015,-0.06361108,-0.033013705,-0.02052966,-0.060774338,-0.076992676,0.014915674,0.04599579,-0.035805482,-0.00068879564,0.04984594,-0.0547706,-0.010598084,-0.04755089,-0.04410856,-0.019087601,-0.073168494
0.05382474,-0.06742754,-0.07727068,-0.022254514,-0.017310677,-0.035950527,-0.037591163,-0.047682274,-0.043061957,-0.015565354,-0.056925345,-0.039844245,-0.018207442,-0.07464919,-0.03592859,-0.030166836,-0.021799624,-0.029882105,-0.036970112,-0.051620856,-0.012120397,-0.038104117,-0.074401505,-0.06127947,-0.014139985,-0.00032357086,-0.045708437,-0.065239884,-0.0039617606,-0.046533655,-0.011104556,-0.011624588,-0.0025329445
0.019477852,-0.04926471,-0.050755512,-0.05145095,-0.020937966,-0.044165846,-0.07656451,-0.063154,-0.05866438,-0.06409922,-0.0654196,-0.060507365,-0.05168246,-0.010656558,0.035250716,-0.06363023,-0.07238482,-0.045411747,0.045000933,-0.0077270577,-0.06362046,-0.06379997,-0.062092118,-0.050233416,-0.071959786,-0.061291482,-0.058075577,-0.054715823,-0.06990286,-0.06917282,-0.0393014,-0.06110087,-0.06323346
0.00031658827,0.09905388,0.06406284,0.026866497,0.024784135,0.0031777294,0.016077803,0.022218633,0.04020579,0.031025413,-0.0013421662,-0.014836109,0.01332686,0.075741574,0.08110478,0.058627483,-0.030632032,-0.03794415,0.07720499,0.06065919,-0.020044852,0.027284933,0.026718507,0.045424335,-0.013850159,-0.008457894,0.06438661,0.048601583,-0.010160709,0.020892924,0.061588917,-0.04101777,0.031064965
0.057755906,-0.007089599,-0.032813013,-0.023922976,-0.017067796,0.048807215,-0.016278896,-0.009866365,-0.030077377,-0.061255902,-0.07405008,0.02970561,-0.028957026,0.010019171,-0.058004264,-0.0062340307,-0.021635171,0.04859705,-0.017915055,-0.06400279,0.0010451274,0.03741138,-0.057299666,-0.040733147,-0.023937494,-0.026875703,-0.060771264,-0.06470088,-0.04995808,0.00969708,0.041128434,0.03568376,0.019839486
