,ax,broom,bucket,cage,chain,dust pan,flashlight,hammer,hinge,hook,hose,jack,key,ladder,lawn mower,light bulb,lock,magnet,mop,mouse trap,nail,net,paint brush,rake,rope,ruler,saw,screw,screwdriver,shovel,springs,thermometer,vacuum,wheelbarrow,wrench
tools and hardware,0.25969926479336003,0.20444326772763843,0.1889120178997662,0.22704475742509267,0.24374471515203178,0.19356977692630728,0.3390175657967409,0.42776668981965127,0.22989619412007023,0.22726513205440368,0.34750626280557384,0.12794402991454723,0.26916832864542206,0.29675561507937753,0.14690484971431994,0.28477358833687316,0.2485072304521403,0.19925810082820472,0.19381619464090116,0.16591909266809368,0.27706670889524254,0.1994710423870092,0.3425562086920373,0.19716687118595866,0.2569173266173811,0.16171680009964817,0.212829278143164,0.22582728633668947,0.3965645531186275,0.3317037455638203,0.23055606135769857,0.2655792259939339,0.17915485648836227,0.22540364020400983,0.418374781634015
