Tools & Hardware,axe,battery,brick,broom,bucket,chain,dustpan,flashlight,flyswatter,funnel,hammer,hinge,hose,iron,ironing board,jack,key,ladder,lawn mower,light switch,lightbulb,lighter,magnet,match,mop,mousetrap,nail,paintbrush,plug,rake,rope,saw,screw,screwdriver,shovel,springs,thermometer,vacuum,wrench
-0.06020952,0.013518593,-0.06472195,0.0015720249,0.029371647,0.0087599605,0.0050851437,-0.026253598,0.010576525,-0.0030198013,0.04477475,-0.044969562,-0.0037604542,-0.004905527,-0.010550427,-0.017722292,-0.010881191,-0.06408318,-0.04819689,-0.0031088635,0.003218023,-0.010856515,-0.012845815,-0.015750844,-0.07104619,-0.053863388,-0.020379119,0.0048881546,0.032579068,-0.045927573,0.012959992,-0.023282731,-0.032522462,-0.051930994,-0.034171175,0.00560028,0.038766507,-0.03223556,-0.041905478,-0.0261223
-0.006500811,-0.04894037,0.0050318255,0.021959469,0.003500915,0.0050396053,-0.05033022,0.0023755315,0.0050872765,0.02746901,0.016422283,0.01894797,0.01541065,0.018854752,-0.01818312,0.018839236,-0.032843117,-0.047088448,-0.034053985,0.018214345,0.014948709,-0.0021500504,-0.04555926,0.010936652,-0.06552756,-0.013877176,-0.025613623,0.03466863,0.009703342,0.021691823,-0.013412382,-0.019694814,-0.042820305,-0.005308871,-0.008289538,-0.017365977,0.022246579,-0.0420735,0.008798195,-0.058499776
0.010484215,-0.036034066,0.07011099,-0.0617129,0.0411055,-0.003949947,0.023830071,0.018115895,0.06887496,0.076059505,-0.007817229,-0.004125129,-0.063199386,0.02424605,0.05801833,0.03823046,-0.031409223,0.006246996,0.004865172,-0.06678593,-0.023679726,0.048535775,0.07392841,0.06845804,-0.03919331,0.06919172,0.049102306,0.070011765,0.06321497,0.058062434,0.0021259794,0.042748023,-0.012814699,0.010993059,-0.05441228,-0.06014051,0.02114593,-0.026469987,0.027775086,-0.03740254
0.017198898,0.046213422,0.057852652,0.069626644,0.04878312,0.033392552,0.043351345,0.029773723,0.04794864,0.049470432,0.03263389,0.073942594,0.059714466,0.072120465,0.025454495,-0.00011419013,-0.0132561,0.046936926,0.06766518,0.06908235,0.04621331,0.06613451,0.030197779,0.041909594,0.07034083,0.02493665,0.03547834,0.052545525,0.05282829,0.05293888,0.061378375,0.07247925,0.047747772,0.0865475,0.07202871,0.033774313,0.033309978,0.036594834,0.035988867,0.06939712
0.008130866,0.029061487,-0.01288538,-0.01197861,-0.020451913,0.01216076,-0.029703023,0.022718087,0.061762527,-0.0036780455,0.050063368,0.02738343,0.030055782,-0.0018568346,0.032919858,-0.005905847,-0.07064171,-0.01711983,0.033924676,-0.049704913,0.041875847,-0.00055680185,0.008350685,0.036881573,0.055518217,-0.020100096,0.035578534,0.0039540054,-0.013461642,0.020984989,-0.06610933,-0.026944457,-0.07115646,-0.027402423,0.05752278,0.029234461,-0.057467286,0.021142848,-0.030906413,0.05408593
-0.044858854,0.058467638,0.0015741005,-0.037073273,-0.023956442,-0.07050052,0.051525887,-0.063398875,-0.067502655,-0.016016662,-0.054878384,-0.047304843,0.0011737491,-0.044850834,0.030766292,0.069295585,0.017295886,0.050506264,-0.053413805,0.053853218,-0.06866006,-0.058730554,-0.077036366,0.05615255,-0.053353146,-0.030639568,-0.042865206,-0.07824912,0.052812118,0.013076939,-0.04274744,-0.07485325,-0.062408186,0.028603071,0.012920345,-0.06200926,0.0754662,-0.06960017,-0.051704288,-0.01070805
-0.01417505,0.06594792,0.05247602,0.03510588,0.068332605,0.015037042,0.011640535,0.030947464,0.022213345,0.05424444,0.05467448,0.027693028,-0.029511876,0.049712196,-0.01966395,-0.013300629,0.008707351,0.042287998,-0.030375982,0.039252043,-0.007437768,0.017507074,0.04736371,0.06454164,0.021103347,0.055820525,-0.043404054,-0.00022981135,0.0020091967,0.05749491,0.01999893,0.018410064,0.041060857,0.038649764,0.048064854,-0.01919629,0.032432377,-0.00922083,0.05362343,0.036582083
-0.0057624215,-0.04901671,-0.020897554,-0.040384654,-0.019064818,0.001606936,0.042687703,-0.023309093,0.021716159,0.014368725,0.04653537,-0.011438084,-0.015873285,-0.0022232796,-0.016924508,0.020706894,0.0051100957,-0.02445135,0.033453107,0.011699475,-0.024816303,-0.06684007,0.037871774,-0.017585749,0.073286004,0.012521772,0.019139571,-0.04452772,-0.020991514,-0.017099746,-0.011747447,0.046635374,0.044855114,-0.0065411646,0.03286036,0.057835776,-0.01922311,0.041876283,-0.048901364,-0.04186969
-0.0011142285,0.054881696,0.058243163,-0.031164894,-0.013092138,0.018214442,0.048853006,0.033556502,-0.005202568,-0.03338133,0.017882248,0.036554277,-0.024817184,0.0718697,-0.03297009,0.04874173,0.019580144,-0.023643862,0.025713738,0.050765555,0.010482634,-0.02260848,-0.012326299,-0.05658031,-0.0060508475,0.058930356,0.024405157,-0.022593396,0.06003769,0.037805293,0.04164838,0.027874598,-0.01691261,-0.0291712,0.028245827,0.065388404,-0.06920529,0.04021931,0.029118149,0.007851829
0.019131558,0.045514967,0.024488322,0.050628576,0.020888982,-0.03432476,0.022589903,0.048151582,0.011546024,0.084988296,0.046083696,0.061731447,0.062483672,0.007675529,0.035011698,0.013816519,-0.009884036,-0.011914295,0.017311191,0.02843023,0.06631131,0.046652686,0.045107994,0.048300803,0.057617977,-0.029432122,0.06081975,0.05665238,0.070329905,0.033374727,0.032439686,0.0464528,0.017694928,-0.0038989428,0.019059723,0.0131605305,-0.04828909,0.03356659,0.058372762,0.021329973
0.004428288,0.04855367,0.028790902,0.012202676,0.031113194,0.03412675,0.0073858276,-0.021878567,0.05001153,0.10154546,0.02440574,0.034899313,-0.05601762,-0.0033108806,-0.011977518,-0.018146342,0.048979405,-0.031719472,-0.0020541635,-0.06578158,0.02371931,0.0107086,-0.035683725,-0.038592763,-0.026951112,0.017829949,0.07851544,-0.011970452,0.036939118,-0.006226382,-0.0026512954,0.049740326,0.058695626,-0.03521845,-0.04353766,0.0068259765,-0.025348354,0.022364894,-0.031207886,0.012240964
0.034828715,0.028975558,0.035186715,-0.010134252,-0.027586138,0.06050119,-0.023715766,-0.005865964,-0.006795114,0.048568144,0.014590376,-0.025830949,-0.042132385,0.03952299,0.050167754,0.017825391,-0.047755394,-0.06860233,0.039894808,0.064112365,-0.01231132,0.056637384,-0.0479381,-0.046886574,-0.042030834,0.052247424,0.013900392,0.021387346,0.0069295834,0.061114922,-0.05166424,0.0038431322,-0.0011996265,0.06474449,-0.06984998,-0.07383574,0.024817592,-0.065249756,0.076464355,-0.07296677
0.0012270639,-0.026179021,-0.053160448,-0.048955116,0.025601702,-0.014547688,-0.0020041096,0.002266401,0.049634796,0.016057437,-0.04374281,-0.038442455,0.01019157,0.06173344,-0.06566015,-0.040474705,-0.049467374,-0.030827738,-0.0007209594,-0.01656069,0.050405137,0.043948047,-0.019797517,0.015757425,-0.017254515,0.030138448,0.0429388,0.018914113,-0.007997703,-0.039809864,0.029805213,0.0057635526,0.05086159,0.02151647,-0.004786095,0.04987286,-0.05892206,0.0272761,0.041102193,-0.027673014
-0.01108156,-0.01245851,0.033200808,-0.01971563,-0.055514794,-0.052974083,0.030576786,-0.023560097,-0.043341037,-0.012061508,-0.032727662,-0.038380213,-0.016421404,-0.015780246,-0.05320793,-0.015866961,-0.0073148212,0.019759668,0.0019838575,-0.005646219,0.044174336,-0.043255273,-0.05802064,-0.05181584,0.0058545605,-0.03225391,-0.015549708,-0.056470845,-0.041355122,-0.06325506,-0.024573006,-0.008211789,0.089449815,0.086243525,-0.06431176,-0.037431028,-0.063425064,0.049350824,-0.068755604,0.007352673
0.05538278,0.00161492,-0.00049148983,-0.05199181,0.040183842,-0.06899489,0.029784776,-0.019469105,-0.03560772,0.03465759,-0.05367319,-0.021662727,-0.029337445,0.01229562,-0.012787759,0.060232915,0.022809919,-0.03352736,0.0562933,0.06524472,0.04512243,-0.02916451,-0.009961306,-0.0410328,0.022946635,0.06904531,-0.058896046,-0.006434843,0.007410008,0.03350942,0.015016005,0.024409946,-0.041098606,-0.005263554,-0.05577546,0.016447514,0.04685191,-0.039761838,0.04745237,0.030676167
0.05871143,0.012622931,0.030320892,0.042911083,-0.069878,0.01098613,0.042825736,-0.017480295,-0.0067878063,0.017762262,0.019814013,0.0024205917,0.027289473,0.013259287,0.0074675977,-0.01486565,-0.056731973,0.0591471,0.0035873894,0.0052999747,0.010648614,-0.017416023,0.018901454,-0.03183752,0.025265902,-0.022550143,-0.040104866,-0.017526079,0.027981564,0.06211774,0.034702126,-0.017629763,0.009957083,-0.03166931,0.0399577,0.003197242,0.036270138,0.057362225,0.017318515,0.029004889
0.06386622,0.0664801,0.018126672,-0.033042457,-0.023006903,-0.0036846334,0.053867325,-0.02882226,0.03486027,0.03699345,0.0036653676,0.05756733,0.056621633,0.0574508,0.025644906,0.056070924,-0.008981001,0.038627047,0.00085502333,-0.054574013,0.049007464,0.03890724,0.0012356102,0.05329618,0.03698058,0.050666377,0.043414354,0.01199037,-0.036433004,0.037404597,-0.040740237,0.025631167,-0.06527804,0.046092834,-0.015351005,0.035832644,0.01369372,-0.06168088,0.0042803697,0.04617219
-0.038091898,-0.004087818,0.04676409,0.076712206,0.0048454194,-0.00080661144,0.06788427,0.07672782,0.027159706,-0.050060865,-0.019655358,0.038782626,0.029789478,0.07317692,0.015634423,0.055335827,0.03290217,-0.037712626,0.028829547,-0.008469704,0.04412866,0.068089955,0.01045756,-0.04943632,0.052511424,0.025911147,0.025286593,0.06805214,-0.013596361,0.06288728,-0.034735765,0.042428117,-0.043800544,0.06487812,0.037583638,0.04481972,0.06323496,0.017397815,0.05560155,-0.06038614
0.07949314,0.02990066,-0.040803086,-0.024858568,-0.017090598,-0.018889947,0.0027385056,-0.005313397,-0.012469519,0.020205187,-0.04689251,0.0768194,0.07394496,0.05429281,0.064485155,0.06426826,-0.043345448,0.055958796,0.040865865,-0.018241186,0.055466134,0.0506214,-0.0033553857,-0.003282057,0.05305976,0.0728064,0.005753791,0.057719596,0.022373823,-0.011258889,0.0313705,0.032256834,-0.033654775,0.03804705,0.0047183023,0.00072125066,0.046484426,0.07145007,0.012749344,0.05279365
-0.0030551725,-0.036362413,-0.039112862,-0.031017285,-0.06444423,0.013556598,0.026270516,-0.004574042,-0.02162158,-0.02827144,0.022959864,-0.024139361,-0.056377083,-0.0063169883,-0.012569293,-0.021228444,0.017906548,-0.020065464,0.005739103,-0.060560282,-0.064529836,-0.040022343,-0.05306234,-0.056838084,0.05684354,-0.025859963,-0.015766906,0.012902423,-0.03567372,0.043733027,-0.044886936,0.0028748908,0.002954276,0.023331627,-0.0028833665,-0.017441437,-0.058457438,-0.0081406245,0.02558433,-0.052462906
0.07461327,-0.034647755,0.013610045,0.053606518,0.048638735,0.04868454,-0.046909012,-0.03245958,0.005550149,-0.022763023,-0.025542626,0.007517334,-0.030421479,0.03498328,0.02973963,-0.01106982,0.021563217,-0.051095594,-0.043907154,0.037729457,-0.009026397,0.009244505,0.041835904,0.0056207413,-0.03240219,0.017689176,-0.006849608,-0.016394245,0.051531836,-0.001667022,-0.05052624,0.0045985794,0.05874312,0.023295056,0.058640905,0.031058146,-0.029779648,-0.018326437,0.06751286,-0.063419394
0.0021936572,-0.0347001,0.046020087,0.004256534,0.05975324,0.06708851,0.048482344,0.054714072,0.05572223,-0.015188854,0.066001214,-0.008270405,0.05319871,-0.035847392,0.029760245,0.06879874,0.04357846,0.04861582,0.057522133,-0.007696399,0.033570267,0.049590763,0.028078075,0.049908273,-0.033977825,0.056990243,-0.030277487,-0.061672505,-0.0065187165,0.028208349,0.077114835,-0.04194588,-0.06589194,0.0103885755,0.06013881,0.020015417,0.026636528,-0.029589444,0.037230656,0.0370253
0.0070139156,-0.059261594,0.013163169,-0.014723036,-0.06713191,-0.025959166,0.024926439,-0.023335641,-0.040411837,-0.036344502,0.0018062512,-0.022031277,0.016938766,-0.057040893,0.011022527,-0.044832494,0.033674393,0.021883102,0.024158297,-0.012168118,0.066360034,-0.017209101,-0.028995194,0.020688351,-0.0076636625,-0.048268467,-0.05804238,-0.025359903,-0.035432667,-0.032684557,-0.05091862,-0.024143169,-0.019668391,0.030483522,-0.042953007,-0.030412775,0.0698393,-0.034226093,0.007264774,0.013320198
0.04441875,-0.024233824,0.08001195,0.0036275885,-0.044692867,-0.042378724,0.018254612,0.041811995,0.0052312016,-0.07727367,-0.06784392,0.005773039,0.016999166,-0.074108034,0.07104083,0.03365053,0.054876775,0.042680547,-0.052097872,0.011851089,-0.046867725,0.02639778,0.013385367,0.07526898,0.041250877,-0.029229535,-0.03341369,-0.01769299,0.0274326,0.064043395,0.0055055874,-0.078018434,-0.0050652297,0.05080841,0.059630584,-0.010270845,0.071963266,0.0018781291,0.05731439,0.021685341
-0.004676241,-0.04320828,-0.019692158,0.024016058,-0.0068796948,0.026515374,-0.07314831,-0.01216971,-0.018233536,-0.051865704,-0.019218165,-0.0737759,-0.06825252,-0.06288675,0.04156148,0.033254385,-0.07286028,-0.065747336,0.057224926,-0.030046277,-0.0329193,-0.003353263,-0.0014857906,-0.016531954,-0.018158844,-0.060847588,-0.049237434,-0.06660739,0.054845016,-0.062199615,-0.023036346,-0.05151918,-0.025803566,0.0033895352,-0.024464434,-0.036950476,-0.008089967,-0.051036526,0.013238768,-0.0574746
0.04255967,0.05988394,0.07374696,0.045673948,-0.044021618,0.035910405,0.03356409,0.042207055,0.072035514,0.014947343,0.0021867987,0.04176005,-0.018093782,0.051990576,0.01740738,-0.062324505,0.06923864,-0.007827035,0.055744603,0.055275694,-0.05002906,0.017821552,0.06607908,0.021247648,-0.008114917,-0.035582248,0.042733144,0.024348252,-0.027178448,0.027024897,0.06840709,0.041505285,0.01805081,-0.00636951,0.0069919173,0.056040145,-0.0037701642,0.005626042,-0.0062912144,-0.011086157
-0.060504757,-0.051368024,-0.07623209,-0.033161268,-0.07507259,0.06344974,-0.053116493,-0.10134949,-0.016222322,-0.042124216,-0.046810362,-0.07691745,-0.03139736,-0.06800891,-0.013927362,-0.01613422,0.07304955,-0.03369636,0.014290762,-0.021788575,0.04787763,-0.01924829,0.04059638,-0.076194935,0.04533857,-0.06138313,-0.06426628,-0.029527975,-0.055745836,-0.062347688,-0.04898814,-0.0025596942,-0.025819993,-0.067607716,-0.061164714,-0.060364965,0.015003315,-0.047720887,-0.05962254,-0.06357824
-0.053560533,-0.06329057,-0.034028213,-0.052657627,-0.06499578,0.004761139,-0.012722383,-0.04116232,-0.010939973,0.01163291,0.002225824,-0.070762746,0.04595101,0.02387551,-0.017926209,-0.032462284,-0.06101537,-0.04287231,-0.028860524,0.05587157,0.041401137,-0.027541943,0.050889615,0.024123928,-0.033217274,-0.008890025,0.012358036,-0.06806901,-0.07926315,-0.048516758,-0.07269451,-0.017526045,-0.014285741,0.045644905,0.007197898,-0.05374854,-0.05869108,0.004983051,-0.018349633,-0.023444163
0.06511735,0.03539785,0.029228097,0.06438075,0.051834617,0.0062251408,0.026029129,0.046576533,-0.0040689167,0.022919124,-0.0061443853,-0.033641554,0.01986931,0.011634593,-0.027466169,-0.010354901,0.055845175,0.08562807,0.04005156,0.0030388965,0.057866115,0.027612166,0.03020987,0.019109752,-0.027845135,-0.0040503135,-0.020522144,-0.0052036755,-0.013713535,0.028919417,-0.010005951,0.05408075,0.06025341,0.06549989,0.064287946,0.038573828,0.010450422,0.047947645,0.037754852,0.06911854
-0.052471884,-0.048259232,-0.033020895,0.02337384,0.022296138,-0.028338602,0.039723262,-0.00091449317,-0.008456615,-0.023430528,0.019722773,-0.062045842,0.0046302336,0.009248008,0.06705636,0.06370309,-0.06314685,-0.054355353,-0.02141811,0.06732799,-0.062291224,-0.023290668,0.052785873,0.047534987,-0.01423963,-0.044279136,0.035313424,-0.012359047,0.06479352,0.039714307,0.0054041534,0.044817835,0.07465941,-0.008626488,-0.078264184,0.04039149,-0.052512713,0.034448065,0.010346277,-0.04836818
-0.034919757,-0.009528537,-0.026392512,0.032407448,-0.056753717,-0.0035740633,0.0625182,-0.017925063,-0.0046145534,0.027351558,-0.024392389,0.005868451,0.06804492,0.009932259,0.020327648,0.057673667,-0.05610982,0.03812652,0.00093421707,-0.038327176,-0.056901835,-0.0017510727,-0.058362126,0.044073537,0.06582908,-0.070274755,0.05575725,0.00019104866,-0.023854462,0.0067900014,0.018065913,0.015410041,-0.017279865,-0.0038024145,0.017682998,-0.042747248,-0.049530577,-0.048833475,0.038401656,0.04939216
0.015315404,-0.02620539,-0.050751913,0.062269486,-0.02719464,0.02873899,-0.073722735,0.004465356,0.0047045075,-0.036833648,0.0042125317,0.010939691,0.065762036,-0.0067440434,-0.008721238,-0.0306652,0.013679591,-0.008851715,-0.038346402,-0.04665533,-0.0004391882,0.058709648,-0.07118758,0.069365874,-0.032629386,-0.043597296,0.0050776503,0.047835056,-0.0034866163,0.01550261,-0.07345036,-0.020919178,-0.048383635,0.07138615,0.07482741,-0.0043163905,-0.011534803,0.036626782,-0.032746263,0.046134207
-0.07882003,0.018191002,-0.07239879,-0.06979968,-0.068387784,-0.05758246,-0.019864738,-0.034978997,0.012472903,-0.03112877,0.03848649,-0.026614087,-0.037826594,-0.056122832,-0.043879066,0.057281043,-0.009832509,-0.06929951,-0.00867083,-0.041521825,-0.036682323,0.004013649,-0.0650235,-0.028646294,0.03411241,-0.005522159,-0.012635377,-0.031663906,-0.013725705,-0.029030662,-0.020462712,-0.07063531,0.050442696,-0.026323624,0.009255646,-0.058252558,-0.06392414,0.033748023,-0.06043875,-0.06422144
-0.05194989,0.050588146,-0.06247426,0.032043092,0.08538912,0.072215505,0.07981138,0.1024142,-0.06009868,0.07805808,0.07666006,0.04147537,0.004048197,0.06441855,-0.017730925,-0.04708202,0.054347496,0.024356764,0.045996554,0.06679213,0.0058253654,0.051851396,0.011844495,0.005003017,-0.020018822,0.086339265,-0.035326432,0.08320733,0.061934154,0.08728037,0.06973721,0.075835675,0.046165705,0.06775918,0.042045373,0.07209628,-0.041899722,0.0382345,0.051150907,0.054305226
-0.054275308,0.021131713,0.017458092,-0.023710418,0.07569064,0.060914177,0.05253489,-0.030610194,-0.009271963,0.00092821283,-0.02748264,-0.0023597484,-0.054090105,0.073613435,-0.0026948294,-0.056254636,-0.07350241,0.04144227,-0.021342108,0.05743142,-0.050637618,-0.02030619,-0.029609839,0.006984841,-0.022481453,0.042354777,-0.026336167,0.0011078342,0.06627425,0.024154715,0.03743097,0.014477121,-0.053338557,-0.013977578,-0.051976975,0.051536955,0.047655746,0.007879401,0.04326995,-0.010867717
-0.021215713,0.07405748,-0.008057308,0.030084416,0.049589746,-0.04430105,0.07590278,0.03287466,0.01937988,0.020333134,0.05909786,0.0114860535,0.007876233,0.00027433646,0.0065688156,-0.046534177,0.014982158,-0.06771534,-0.02103681,0.07027047,-0.06146224,0.01288768,0.05669764,0.057226863,0.031281408,0.000935212,-0.0034450383,0.061024975,-0.06599636,-0.05675871,0.013375491,0.06528699,0.055447623,0.02425809,0.07383566,0.06461165,-0.071086876,0.03513704,-0.027392942,0.017259171
0.059860125,0.051485706,0.030045861,0.056130167,0.044636898,0.06145059,0.03199024,0.031851258,0.04459969,0.078420274,-0.008040842,0.020705385,-0.011236671,0.06177097,0.034359682,0.06925386,0.04770129,0.040201075,0.045166183,0.06214984,0.035619017,0.028530374,0.022662256,-0.05553593,0.04948287,0.062485322,0.04237131,-0.0034146137,-0.003789519,0.014394845,0.07197788,0.0722531,0.059862707,0.061823666,0.039726462,0.03325585,-0.024437824,-0.04926544,0.06809966,0.040241517
-0.05737658,0.047045063,-0.06684081,-0.0077815964,0.051467672,0.08225249,0.05380314,0.053786144,-0.020310052,0.049339674,0.08515448,0.02694606,0.078943215,-0.03610555,-0.048730187,-0.004838363,0.035711274,0.07963151,0.07683015,0.021666018,-0.017887613,-0.035761487,0.013127486,0.056458093,-0.040989652,-0.035278857,0.04769542,0.06297749,-0.054000292,0.014062384,0.035654686,0.07576112,0.0717092,0.039523244,-0.053731818,0.06807233,0.04200791,-0.009180224,0.064579606,0.06993433
0.024796814,0.0075302394,0.025486715,-0.03337647,-0.012899568,-0.008243689,0.0074189208,-0.010209862,-0.01993485,0.062635966,0.015719894,-0.016071962,-0.031347796,0.04194065,0.03227791,0.05264437,0.04626711,-0.018192954,0.05136157,-0.0062430734,-0.028127369,-0.05004628,0.033912763,-0.006343064,0.0056788516,-0.026585175,0.04176931,0.026049757,0.039327815,0.055252947,0.0647847,0.022826301,0.0072241398,0.07133037,-0.011297382,-0.016216336,0.052328054,-0.009101502,-0.025083346,-0.04588732
0.018317588,-0.05767111,0.04787025,0.070241585,0.037255805,0.04738248,-0.02833785,0.057329,-0.03827759,0.07641527,-0.00538554,0.05103566,0.037105262,0.043294188,0.037491262,0.049639303,0.0718197,0.02812754,-0.02463283,-0.03634856,0.07457092,-0.0067283437,0.06258052,0.07125385,-0.0039576315,0.002770969,0.0071615847,0.030725854,0.047838606,0.04753745,0.0007001937,0.00491508,-0.019395595,0.0009439896,0.037107747,-0.011230398,-0.011781195,-0.03169664,0.054885115,-0.019302756
-0.03727137,-0.034511503,0.045716133,0.06943565,0.016996527,0.019332869,0.025994774,0.036263235,0.03642347,-0.020263461,0.0387795,-0.0048553157,-0.028861668,0.028590644,-0.03742022,-0.07079877,-0.030146401,-0.0255406,-0.049529668,0.0019991624,0.05116882,0.05594753,-0.03861609,-0.010679801,-0.02444224,-0.04144273,-0.0330277,0.031020658,0.043061882,-0.018466402,-0.047550708,-0.041532278,-0.052315306,0.004819758,-0.012346136,0.024278551,-0.015314569,0.053550873,0.070283085,-0.029716313
-0.06042509,0.07266716,0.05359503,-0.018976549,0.037531514,0.018165097,0.042555977,0.0032246013,0.05683356,0.007893731,0.047892053,-0.0014823955,-0.055104893,0.01964032,0.026219366,0.029687522,0.057159074,-0.005498405,0.028194357,-0.037204433,0.024911707,0.047557786,0.0585639,0.032622173,0.024575146,-0.00047358318,0.030908778,0.035409197,0.035700105,0.03353928,0.00013118579,0.07546105,0.0348857,0.0042829635,-0.046557117,0.052264012,-0.006623269,0.05679996,0.037598304,-0.026633294
-0.062959045,0.057019927,-0.056241672,-0.07506478,-0.057174876,-0.06677229,0.013325141,-0.076714456,-0.06722272,-0.04530295,-0.050424583,-0.03507283,-0.060532153,-0.061604783,-0.05969225,0.037812047,-0.05672603,-0.026236098,-0.04661056,-0.024578027,-0.06560992,-0.07890541,-0.052534502,-0.009301687,-0.061481196,-0.037642702,-0.05164705,-0.036992397,-0.015271196,0.017062735,-0.066538565,-0.012726931,-0.058297884,-0.06301608,-0.052352026,-0.00551446,-0.055012647,-0.05425117,-0.07348886,0.016503366
-0.053835142,-0.07364396,-0.07302029,-0.071862765,-0.0050971494,-0.06950489,-0.07187893,-0.027156722,-0.057802375,-0.046916097,-0.06500356,-0.049078923,-0.041033104,-0.068460256,-0.05237413,-0.06903639,-0.045964666,-0.07202003,-0.07136025,-0.035817776,-0.07726056,-0.0454397,-0.06590632,-0.06626958,-0.06666486,-0.06691175,-0.072860494,-0.03862495,-0.053285018,-0.073819675,-0.05471192,-0.07976633,-0.012784001,-0.07027694,-0.04255726,-0.0749704,-0.041449264,-0.029215362,-0.026425827,-0.07434589
-0.010043257,-0.014191703,-0.050746106,-0.053487096,-0.079406336,-0.0928943,-0.068064965,-0.027738618,-0.07001525,-0.10273039,-0.073396794,-0.05198441,-0.041488566,-0.07995066,0.005607355,0.023376906,-0.039560705,-0.042735673,-0.0722369,-0.07707339,-0.06356923,-0.07342219,-0.042720813,-0.023361104,0.024055887,-0.06373543,-0.084939376,-0.01768237,-0.08545902,-0.02091502,-0.065761544,-0.043318313,-0.056745492,-0.049776606,-0.04291737,-0.075750016,-0.07016446,-0.04547851,-0.06498588,-0.07791794
-0.026583346,-0.002094518,0.056107666,0.056473963,0.05320972,0.02302646,-0.06421358,0.041118186,0.008290927,0.019739423,0.023691516,-0.04831219,-0.05089887,0.009068195,0.032992017,0.020422235,0.0024596662,0.008097929,-0.010282692,0.059256706,-0.009232988,0.025577629,0.009131954,-0.00023275593,-0.059579164,0.044247277,-0.001755719,0.0011378656,0.038387846,0.01979489,0.012744045,-0.02668728,0.06369101,0.0724386,0.04502346,-0.056228276,-0.06360038,0.05103339,-0.016689315,-0.03801231
-0.012473568,-0.055828266,-0.028276522,-0.0019745019,-0.048669126,-0.060173843,-0.026550464,-0.025545152,-0.033917274,-0.0036495815,-0.059013885,0.002008415,-0.020019025,0.012281896,-0.04542454,-0.069273114,-0.024649737,-0.02035752,-0.04861324,-0.010548004,-0.05752554,-0.032563772,-0.046910975,-0.04033268,-0.031150691,0.011871582,-0.027503585,-0.03127029,-0.04656357,-0.023641834,-0.056211032,-0.034109358,-0.024441373,-0.046691243,-0.029086553,-0.03797454,-0.028989961,0.009384209,-0.018379316,-0.044286717
0.0058077034,-0.047024608,-0.030990494,-0.030009585,0.074187815,0.020679684,-0.033125978,0.05679491,0.018077102,0.012248536,-0.0023911607,-0.07094791,-0.066278115,0.06401402,-0.051090244,-0.00879884,0.016009297,-0.087912895,0.038698617,-0.037905924,0.03138774,0.064588495,-0.00023783265,-0.03604675,0.019685699,0.021538166,-0.008643733,0.03017266,0.0041203178,0.0057297503,0.0372638,0.02162071,-0.08053689,-0.046075124,-0.051607974,-0.059683636,0.08486194,0.013097963,0.07368523,-0.07898765
-0.029120678,-0.02402398,0.0053611067,0.071712255,0.023925819,0.06807651,-0.0008703802,-0.009771025,-0.07275592,-0.010225005,0.055997353,0.011037481,0.026417842,0.025731636,0.017868984,0.04323722,-0.015075448,-0.051486794,0.07341041,-0.075079925,-0.0065375026,0.04561753,-0.052045148,-0.007181861,-0.012084394,0.00874804,0.03511237,0.059651002,0.023289662,0.028378064,0.012501051,0.039391086,-0.040512145,0.038064167,0.047451377,-0.05814995,0.026633726,0.028248725,-0.017123679,-0.06359403
0.026488498,0.064700976,0.008473907,0.04755067,0.039899968,-0.044800613,-0.013003198,0.044406127,0.07232649,0.08678897,0.06498959,0.056368057,0.0098682325,0.07758243,0.04201744,-0.034570817,0.06669536,-0.026908748,0.030117206,0.042720914,0.021101695,0.07159866,0.072877094,0.0073982733,-0.030998163,0.012199653,0.032466143,-0.0042123864,0.018532414,0.07755152,-0.030319951,0.048107024,-0.019387497,0.04394575,0.06438781,0.006620331,0.07775571,0.006552318,0.069301784,0.0615468
-0.040284604,0.06780649,-0.020063823,0.017695354,0.06453471,0.055992555,-0.023204993,0.018132005,0.049086735,0.09597888,0.04702405,0.00024594562,0.014181191,0.031928867,0.057296406,0.015123951,0.033849962,0.029110726,0.06932118,0.052246425,0.019120198,0.030757766,0.053174097,0.016406449,0.09218641,0.007353438,0.0821153,0.03716981,0.06912982,0.025836505,0.05834338,0.0033413586,0.029688448,0.030214379,0.039996643,0.058412734,0.052215014,0.055634946,0.07191977,0.024727978
0.07641187,0.009455446,0.06775151,0.0046469322,0.06015873,0.047027357,0.047109097,-0.035652623,0.013975298,-0.04747232,0.013730228,-0.025101518,0.017983044,0.057220418,0.041029617,0.043059044,0.0011652894,0.039470773,0.05469367,0.06108976,0.06172895,0.0021345543,-0.03211575,0.014778074,0.03327507,0.037701134,0.0428446,0.035110395,0.012302991,0.07473599,0.027571077,0.06746419,0.05763645,-0.034061115,0.04715709,-0.039564226,-0.04042668,0.039342035,0.04199717,0.026908629
0.037416365,0.07777589,0.080381624,0.08097607,0.06881949,0.0879739,0.08590142,0.096726246,0.01995328,0.0871404,0.054221567,0.0833012,0.019847946,0.07174662,0.08415872,0.08053743,0.079064764,0.09283734,0.08408487,0.06375154,0.05565382,0.06545629,0.0404719,0.059129223,0.06763536,0.07359777,0.065593794,0.078334115,0.0628129,0.08815046,0.06820192,0.07705951,0.090111576,0.08834013,0.06432121,0.05409311,0.07343595,0.06741663,0.07807075,0.07060524
0.03893765,0.07212312,0.06214935,0.02619459,-0.0032952626,0.031596493,0.07070699,0.05985752,0.014429328,0.086079754,-0.009451233,0.077452965,0.05529299,0.000897991,0.069151625,0.0069545857,0.03919769,0.080935195,0.0811317,0.064227074,0.04396939,0.052672535,-0.0024701264,0.025305096,0.028709153,0.04767792,0.056013137,0.07213684,-0.005812789,0.07594746,0.06665521,0.050166458,0.086467415,0.089991875,6.20076e-05,0.008197089,0.047060613,0.053853907,0.050376277,0.061352152
0.056369323,0.072310045,-0.06079199,-0.04733955,0.050920933,-0.036524404,0.06664922,0.018474178,-0.05245745,-0.004811866,-0.06760216,0.063597776,0.0010067651,-0.04092482,0.08220689,0.082793154,0.050373472,0.01901579,0.08618198,0.02811307,0.08306756,0.07379779,0.016236456,-0.0029749053,0.026101116,0.07837328,0.07533127,0.028031766,0.073782,0.031587545,-0.0032770175,0.087034665,0.038595203,0.017718848,-0.013071799,0.0530525,-0.020284945,0.0020949931,-0.0130563695,0.015351142
0.018504374,-0.08088379,0.08199137,-0.060982518,-0.058125053,-0.017947236,0.02728838,-0.050921563,0.067007616,-0.07915023,-0.059189063,-0.02140374,-0.07719147,-0.042737912,-0.063078366,-0.06519951,-0.012654927,-0.027284306,-0.08129096,0.06544285,-0.045067642,-0.059336424,0.06278534,-0.063593395,-0.05472926,-0.04258653,-0.05377727,-0.079489745,-0.03252473,0.024492666,-0.086019814,-0.0069438647,-0.071914166,-0.05648543,-0.06301981,0.013980364,0.05665937,-0.01091806,0.03288099,-0.050595295
0.063648835,-0.03183697,0.013662252,-0.052208927,0.036583625,0.003683839,-0.020148989,-0.0056822742,-0.015816774,0.031025745,0.046485074,-0.0009726134,0.00023849719,-0.002979957,0.030275071,0.035678968,0.06504683,-0.056516897,0.06471772,-0.028168984,0.005142854,-0.038345918,-0.0055947974,0.021067437,0.035560608,0.02570386,0.0035665876,-0.008269065,-0.04673749,0.018050168,0.032198686,0.005945624,-0.05902698,0.030285379,-0.022446657,-0.006316473,-0.016415522,0.011224798,0.039724525,-0.02684794
0.059335638,0.0544266,0.066275276,-0.015038236,0.018060021,0.019830776,0.017491616,0.078382656,0.071639605,0.052200567,0.027502125,0.01949929,0.0024999732,0.04353651,-0.038219366,-0.05834416,-0.054921318,0.0807315,0.04950484,-0.00020239898,0.026356388,0.056283686,0.0008499204,0.015065651,-0.04097396,0.07287727,0.021783795,0.047877643,0.060464006,0.01759547,0.059795167,-0.04719323,0.021764526,-0.026573021,0.0556594,0.04201591,0.031613477,0.01922677,0.07723738,0.07969338
0.07143875,0.038612228,0.041717466,0.075945936,0.0171527,0.04784026,0.06957676,0.06560396,0.06872019,-0.01866277,0.074283056,0.0013648575,0.07323992,0.055599917,0.05348461,0.08157459,0.03780528,0.0773063,0.0662521,0.07189494,0.06528598,0.05478303,0.05761048,0.018779194,0.0856789,0.044265676,0.06650312,0.019015977,0.05726739,0.080602445,0.052322593,0.07580462,0.07499311,0.07309157,0.053829424,0.06249013,0.04763172,0.066849485,0.0586134,0.033522528
0.00089665997,0.03328476,-0.025566092,0.008284834,0.00240955,0.041727234,-0.055224203,0.003926833,0.07298282,0.011235007,0.08248522,-0.02409739,-0.053601664,0.02487907,-0.07816053,-0.07677163,-0.052586645,0.050122023,-0.036403492,-0.031150233,0.059143215,0.06198839,0.0601265,-0.05712256,0.049059466,-0.03526991,0.007688581,-0.038717903,-0.04914701,-0.0033439072,0.026745673,0.010943264,0.04236428,0.022200886,0.020360189,0.002804361,0.006886133,-0.030064685,0.032481216,0.062380273
0.051591117,0.059723683,-0.008943649,0.063880794,-0.029908799,-0.038290687,-0.039431855,0.031084048,0.004228255,-0.011895366,-0.06449422,0.042818893,-0.040063977,0.032419767,-0.060964577,-0.065853596,0.08429547,-0.036542933,0.014181298,-0.04076252,-0.0018168314,-0.043900777,-0.049760535,-0.037512936,0.01576474,0.016554015,0.011072724,-0.039390694,-0.04625096,-0.012334814,-0.052796878,-0.042824503,0.018956698,-0.072276875,0.031274185,0.055573337,0.051506594,-0.036438983,-0.030177193,-0.008640145
0.040602896,0.025652548,-0.046479724,-0.057709623,-0.07361542,0.009802113,0.012878031,-0.07382005,-0.001066301,0.042905338,-0.04848638,0.01794251,0.047120355,0.019765753,0.00051768206,-0.03213396,0.0065045664,-0.016825812,-0.047630798,-0.04674128,-0.030892769,-0.036153898,-0.056693386,-0.05461312,-0.023517745,-0.03750197,-0.025615998,-0.023823636,0.03306516,0.03943029,-0.07347845,-0.0052413177,0.07695487,-0.007973068,-0.043787777,-0.028333686,-0.08461052,0.05071075,-0.06396255,0.02891316
-0.04655589,-0.0579986,-0.02947409,-0.05649624,-0.008247302,-0.056324724,-0.007968968,-0.047881156,0.008012177,-0.079618305,-0.0070189633,-0.042061504,0.039479673,-0.07081614,-0.006277069,-0.03074358,-0.081631675,-0.0020745466,-0.055684235,-0.04245133,-0.05076624,-0.053248353,-0.030937904,-0.0050804415,-0.07424407,-0.06752483,-0.023491906,0.04818576,-0.052121453,-0.074608386,-0.018570425,-0.04535561,-0.03156186,-0.031048615,-0.045229927,-0.06216958,0.02454224,-0.026912766,-0.05626314,0.0017847507
0.06144973,0.033948574,0.049373593,0.05665701,0.027096866,0.057976265,0.055117957,0.029800456,0.05373294,0.043195244,0.06456508,0.07180257,-0.008487462,0.059283517,0.051386293,0.04325356,0.06604631,0.032380104,0.057563603,0.027084613,0.026522227,0.04579659,0.05296366,0.029851103,-0.015498333,0.035432935,0.03092697,0.0471339,0.03527789,0.056041226,0.078339405,0.068289064,0.06476195,0.025145488,0.03574077,0.06492327,0.0618982,0.05632984,0.03801028,0.017540328
-0.05257145,-0.030044006,0.016563496,0.012902974,0.071681485,0.07089638,-0.0756165,0.049489837,-0.016428355,0.010985725,-0.06897529,-0.03364509,0.029261183,-0.042622652,-0.077687405,-0.017631963,-0.0058725555,-0.010955576,0.049271688,-0.02088111,0.010975585,0.022623833,-0.02798287,0.019234532,-0.035804298,0.08627608,0.06242735,0.005729114,0.061016012,-0.053108227,0.05755706,0.021751905,-0.04404542,0.0059939283,-0.06866333,0.04244897,-0.021097364,-0.030191964,0.07167956,-0.062816784
0.034096874,0.06914005,-0.049826026,0.0133874295,0.022006232,0.032117188,0.031244755,0.042059354,-0.008565677,0.048272192,-0.014976603,0.05033163,-0.034794666,0.009944184,0.0012380971,0.012294824,0.04149366,0.010167727,0.030496413,-0.030906007,-0.026831502,-0.0035931615,-0.023635816,0.014669735,0.010354017,0.029116448,0.03212355,0.036672574,0.04068757,-0.05623357,-0.0012364608,0.014853717,0.05951957,0.056301378,0.053362414,0.030981101,-0.018565921,0.0014842649,-0.006758537,0.021701932
-0.064880565,-0.028531455,-0.053933382,-0.037425682,-0.033107743,-0.042544108,-0.039571483,-0.041090403,-0.04652344,0.02121661,-0.03073925,-0.051227603,-0.063612476,-0.050082203,-0.057294752,-0.021295374,-0.05936476,-0.037794895,0.0020874767,-0.00010748941,-0.07209533,-0.031341378,-0.056791082,-0.065778226,-0.04955147,-0.058995772,-0.03959912,-0.053836748,-0.048398595,-0.030516129,-0.043602113,-0.041222256,-0.07106186,-0.010618965,-0.036096904,-0.052333154,-0.05385027,-0.06651703,0.004389982,-0.03897814
-0.04518925,-0.055397164,-0.025681369,-0.078409046,0.0042775446,-0.049216628,-0.0065449574,-0.030541543,0.042562872,0.01840358,-0.05210976,-0.058463547,-0.06878602,-0.04961935,-0.069815144,-0.037939426,-0.042406052,-0.070650384,-0.009085954,-0.01049131,-0.041609593,0.03621227,0.017685646,-0.011052703,-0.0320183,-0.03813715,0.024800858,-0.03271138,-0.07409078,-0.06702179,-0.038420048,-0.04840067,-0.0062893387,-0.050540015,-0.07325775,-0.07277742,0.016900629,-0.048359968,-0.04491245,-0.07044138
0.050448466,0.07302524,0.086058006,0.062289007,0.033340026,0.0790327,0.06366018,0.06350085,0.024404028,0.012620804,0.05490202,0.030794615,0.049658194,0.057942368,0.0029196276,0.03479186,0.017724717,0.0888621,0.012107014,0.06407852,0.061503526,0.0010068975,0.04111139,0.044458885,0.08041267,0.0111423405,0.06690516,0.021832708,0.020056421,0.07305672,-0.061566453,0.07385399,0.07303469,0.07093651,0.06558286,0.04031548,0.039379638,0.06477787,0.0341504,0.06977517
0.0031899181,0.0018962376,-0.011039344,0.058118563,0.0647806,0.058244456,-0.0031539192,0.065979734,-0.03664145,0.051829796,0.062518165,0.06442887,0.031988747,0.013824456,0.056020085,0.0679899,0.035432797,0.05949175,0.080151394,0.016794197,-0.01933716,-0.014909879,-0.025208838,0.054573905,-0.0044165505,0.07897348,-0.0007896312,0.04563557,0.075531386,0.0019182666,0.04320849,0.006001208,0.06274998,0.018391531,-0.03666652,0.05226092,-0.018900927,-0.0039896006,0.05596363,-0.020779287
0.026584942,-0.038837142,0.01150345,-0.044497143,-0.022133902,-0.040077433,-0.026296964,-0.015763419,-0.056990664,0.004072992,-0.06528141,-0.062273625,0.021393653,0.028821463,-0.05600339,0.0352563,0.027195863,-0.031288266,-0.045300953,-0.048742153,-0.0010609509,-0.03254281,-0.06840232,0.009181075,-0.012521275,-0.072461866,-0.04729271,-0.007221849,-0.07077413,0.013182356,0.029534023,0.0059971027,-0.060290374,-0.04103807,-0.00033395147,-0.025625052,0.012539844,0.033757165,0.0027007933,0.017447857
-0.0139631,-0.041631985,0.026005773,0.055747658,-0.058393862,0.06408947,-0.0063459873,-0.012539894,-0.019900858,0.036467265,0.044005964,0.013674402,-0.0077151954,-0.0050921417,0.024014687,-0.0338063,0.020436833,0.0054515493,0.061696853,-0.02885438,0.025138043,0.032165803,-0.0098577235,0.003497614,0.021746041,-0.06033431,0.0082116155,-0.034913912,-0.06560833,0.04623349,-0.0066559366,0.004815375,0.021814084,0.06474818,0.0022139237,-0.00806482,0.0071164505,-0.02198272,0.049545806,-0.01211247
-0.011088603,-0.059746306,-0.07098882,-0.020940298,-0.041612715,-0.04020417,-0.052636873,-0.04684905,-0.030595932,0.036823135,-0.026020449,-0.023746535,-0.029132795,-0.0066278977,0.012908796,0.014356912,-0.06744323,-0.08543714,-0.02306553,0.028398078,0.010441845,-0.060213275,0.046332296,-0.021290552,0.07485977,-0.050927695,-0.0008525904,-0.0014573535,-0.07247275,-0.042587887,0.030363074,-0.019289842,0.013498338,-0.035679366,-0.03417578,0.023866976,-0.03522082,-0.0034325225,0.043396004,-0.06245907
0.0062436163,0.013238016,0.028764013,-0.022198634,0.04499416,0.047528792,-0.023875428,0.042801157,-0.011310096,-0.054494686,0.0023243276,-0.045430634,-0.0045051887,-0.007066056,-0.00084029126,-0.038301256,-0.048297416,0.026326807,0.07389861,-0.0006400641,0.0052845837,0.043931924,-0.012135702,0.059063047,0.08286879,-0.0025663802,-0.0019095642,-0.0019850994,0.016218968,0.036338475,0.007882259,-0.044629674,-0.03349841,-0.012172961,0.023495609,-0.020958405,-0.062194813,0.021222183,0.020876627,0.028464898
-0.05803593,0.044931162,-0.01269991,-0.04115201,-0.0005336361,0.001882776,0.060595535,0.008658669,-0.010749207,0.019078357,-0.022978596,0.021449465,0.0158848,0.013566544,0.049983613,0.048695046,0.062234413,0.07441257,0.017789159,-0.06749786,-0.057648886,-0.010902406,-0.04563848,0.05016878,-0.030878287,0.014160543,0.040579997,-0.012790074,0.04991955,-0.0079990355,-0.05418976,-0.041682776,0.04889112,0.013475473,-0.040257882,0.042015154,0.01414522,0.0521931,0.044739217,0.055336926
-0.009951907,-0.025924359,0.027339011,-0.00442903,-0.03188535,0.04607508,-0.0038204289,-0.034849465,0.003619276,0.0029669132,-0.048413064,-0.066384256,0.005101796,-0.033408813,0.0612555,0.0742748,-0.059154373,0.031776354,0.027996458,-0.024652874,0.0707509,-0.01701807,0.018788388,0.07407456,0.064710796,-0.015084053,-0.0025630565,-0.011410233,-0.042195443,-0.018868765,-1.0314964e-05,0.071171746,0.0075168107,-0.04668731,-0.05916788,-0.06022635,-0.007822756,0.056037102,0.03736081,-0.051934637
0.05688725,0.0080275405,-0.016047072,0.019695858,0.07209712,0.047321394,0.001790339,0.025812428,0.046199627,-0.018089503,-0.036065605,0.017554108,-0.009779222,0.04860219,0.050862845,0.06665266,-0.0153160775,-0.03823077,-0.005820521,0.06152837,0.07140209,0.062884115,0.024341835,0.054621007,0.031311918,-0.06332246,-0.00832551,0.06320677,0.0075247954,-0.013291349,0.073126145,0.0037059688,-0.02094106,-0.0011664965,0.058392562,0.049474113,0.043422602,0.07263864,0.02274907,0.042800754
-0.075106025,-0.05469726,-0.06784225,0.019593103,-0.06266072,-0.069720075,0.011585689,-0.058296964,-0.07649052,-0.048963822,-0.019998388,-0.05899057,-0.07518287,-0.04126941,-0.06271139,-0.055282675,0.054543715,-0.03985404,-0.044250615,-0.038669657,-0.047680974,-0.07294663,-0.06856343,-0.0761989,0.015334899,-0.032352768,-0.080151275,-0.03104686,-0.052642435,-0.01375969,-0.04512904,-0.029401837,0.004599796,-0.018584842,-0.064228676,-0.070885286,-0.0038289912,-0.0717747,-0.024127906,-0.079156876
-0.022666354,-0.06375167,-0.046526335,0.028992618,-0.03846778,0.0158003,-0.02657733,-0.015280126,0.042414956,-0.04898588,0.057428155,0.06626135,0.06585417,-0.053395305,0.018549467,-0.032566823,0.016307764,0.024837267,0.06084329,0.017237384,-0.036947004,0.0592561,0.02130979,-0.04169558,-0.019654261,0.00041791983,0.018488914,-0.02597766,-0.04042158,0.028909532,-0.03344394,0.035289664,-0.014830097,0.013854244,0.052737486,0.0038914247,-0.041172884,0.053460058,0.0028331557,0.06165754
0.016978594,-0.01797476,-0.042244993,-0.006000995,-0.016461516,0.015785208,-0.05482863,-0.0291962,0.0023342192,-0.027177956,-0.009878757,-0.03020713,0.034431107,-0.009024295,-0.035055906,-0.03274326,-0.034526344,-0.06267641,-0.04604957,-0.02618451,-0.022514272,0.008791338,-0.019153265,-0.040468674,-0.08525527,-0.015530766,-0.03278905,-0.0033264419,-0.025764823,-0.079815514,-0.051113598,0.010755163,0.018146865,-0.07016073,0.029389499,-0.03208002,-0.014900935,0.0108265225,-0.024628889,-0.013599915
-0.055391356,-0.050133247,-0.023753949,-0.0073018814,0.017331075,0.056192353,-0.059371453,-0.044444848,0.0012272664,-0.02734991,-0.02166571,-0.029527541,-0.054680206,0.024072193,-0.08266189,-0.07473117,-0.015756655,0.02035926,-0.016985912,0.06353194,-0.022353966,-0.010369583,0.07094833,-0.07255191,-0.03368553,-0.05143941,-0.08572226,-0.068917476,-0.05181757,-0.05080642,-0.001966064,-0.07424266,-0.055275206,-0.041176,-0.07106738,0.04191106,0.057035375,0.07694287,0.02428734,-6.995243e-05
0.047992893,0.07864928,0.028752822,0.011272809,0.0015382019,-0.0019608326,0.06546902,-0.003946173,-0.032530285,0.01120614,-0.015173611,0.05272478,0.019651955,0.01932511,0.06363783,-0.01346564,0.03779703,0.07224862,0.062309757,-0.041736495,0.012642357,-0.025708731,0.032335963,0.062736124,0.08253353,0.046097096,-0.004700845,-0.016064884,0.028166136,-0.008006539,-0.024690492,-0.001823731,-0.00051515125,0.05359063,0.033955026,-0.027366232,0.011824216,-0.002320131,0.008576781,0.07856247
-0.07667391,-0.05917401,-0.073189296,-0.07600931,-0.067313366,-0.06950177,-0.058586057,-0.08060938,-0.06947158,-0.055374995,-0.07082345,-0.07789342,-0.030640513,-0.07279477,-0.069528304,-0.07378188,-0.076752126,-0.055860832,-0.080219805,-0.07116111,-0.07762279,-0.07896428,-0.034204464,-0.06157028,-0.063683085,-0.06693227,-0.06874881,-0.07354055,-0.0703865,-0.080890395,-0.056939565,-0.07540616,-0.044537723,-0.053950474,-0.0754265,-0.06592314,-0.07333551,-0.07121692,-0.063521445,-0.049828164
0.03665142,-0.049940407,0.065863565,-0.042824116,-0.01905922,0.017567256,-0.060506273,-0.037145395,0.056081966,0.010055572,0.017828003,-0.07645945,-0.044451952,-0.01435571,-0.019537985,-0.013357397,0.022910874,0.01337205,0.0023512063,-0.021623356,0.03968386,-0.036735434,0.0573413,-0.062433213,-0.07715069,-0.030634288,-0.067422,-0.08666404,-0.033533197,-0.032918375,-0.052099824,-0.0126164155,0.0050777793,-0.05017429,-0.02936727,-0.07322002,-0.04784073,0.005417626,0.046989545,-0.01974529
0.012805805,0.047692787,-0.029358406,-0.050559383,0.03827409,-0.04701999,0.04638901,-0.008202639,0.04152523,-0.005485352,-0.060789842,-0.025662811,-0.021108376,-0.045577444,-0.02956646,-0.026758675,-0.007919697,-0.009201665,-0.049983416,-0.036302302,-0.060824182,-0.052944027,-0.04641852,-0.06397077,-0.06890772,-0.0010340555,0.003839704,-0.054019496,0.029121853,-0.024175307,-0.023742002,0.025430106,-0.042906642,-0.057391997,0.010537721,-0.028307738,-0.04114926,0.015420308,-0.030276021,-0.026220972
-0.06073449,-0.022708151,0.0036127577,0.019455822,-0.039948143,-0.028624479,0.020989109,0.02148126,0.0002615973,0.02316441,-0.0103276875,0.0101884855,-0.057993487,-0.010057917,-0.0011407314,0.049801968,0.04034252,0.03231522,-0.0417265,0.022315353,-0.06677751,0.003143613,0.02280083,0.010917886,0.052472003,-0.012758197,0.032643262,-0.047696956,-0.00071692036,-0.04230705,-0.0750187,-0.00045994305,0.05941755,-0.014595013,0.015612012,-0.019942611,-0.054014355,-0.029991936,-0.07180922,0.038035855
-0.04673706,-0.057414763,-0.06686666,-0.06765158,-0.0670074,-0.048926562,-0.07936058,-0.016478147,-0.01617542,-0.068394445,0.009829194,-0.0784117,-0.023465505,-0.06724076,-0.026394075,-0.066188276,-0.02647828,-0.038678482,-0.045254447,-0.025919084,-0.04559797,-0.06317028,0.02212092,-0.06261146,-0.049202546,-0.028339146,-0.06462221,-0.052175626,-0.044239804,-0.026410177,-0.05970114,-0.06494446,-0.055378582,-0.087012924,-0.012931047,-0.027630432,-0.05815856,-0.0004194551,-0.056514785,-0.033341613
-0.016882919,0.06298758,0.023750953,-0.001942238,-0.029021163,0.01750685,0.040355023,0.005664712,-0.056901593,0.02513666,-0.066785716,0.0022848058,-0.061243474,-0.059438743,0.079058014,0.07864277,0.013097895,0.067515835,0.07073339,-0.07372621,0.040770356,0.043495703,-0.041447073,0.06122266,0.07879545,-0.0146561675,0.018255524,-0.023597023,0.034445204,0.06489827,-0.0737022,-0.03267405,0.041577507,0.027170973,0.016636068,-0.058470346,-0.029315306,-0.040587608,-0.028516756,0.0025554325
0.082796015,-0.029850893,0.084366955,0.03209313,0.046025947,0.036746934,0.022567222,0.048134394,0.0714677,-0.025216963,-0.03765273,0.061208747,0.026691083,0.0654633,0.012355136,0.03216834,0.03444336,0.059819356,0.00838267,0.073824316,0.0774194,0.08038602,0.04865942,0.023351613,0.043041028,0.029709885,-0.007823671,0.034247853,0.019240377,0.090401426,0.02535882,0.018789047,0.019174341,0.04605367,0.06243807,0.034354758,0.045796692,0.06332118,0.042950187,0.06698481
-0.031194933,-0.06870962,0.030509952,0.040229093,0.01451742,-5.397553e-05,0.008368239,0.011450396,0.052003454,0.03677777,-0.038044754,-0.020150483,-0.015045335,-0.012010652,-0.07859087,-0.07376239,0.012933891,-0.010281915,-0.07939763,-0.015488977,-0.023821171,0.028306806,0.05794344,0.0066285133,0.046968896,0.034966376,0.039123137,-0.012488409,-0.060918823,0.031877242,0.017072516,-0.005445178,-0.0072426973,0.023222018,-0.016900174,0.058036845,0.06809695,0.040728886,-0.024428044,-0.052465156
0.008849218,0.07719978,0.047769815,-0.054899603,0.0071474114,-0.08659485,0.018494055,-0.026613358,0.033206794,0.02087412,-0.040025763,-0.017552145,-0.027902126,-0.049045015,0.04799605,-0.0050615794,0.04557925,0.024649816,0.017358903,-0.03330136,-0.04386775,-0.02214523,-0.031566262,-0.019945124,-0.0075912336,-0.017223153,0.038913593,-0.06490152,0.03123417,-0.035039667,-0.010029972,-0.06972695,0.035850152,-0.026751814,0.022450034,0.03305539,0.048011057,0.0005300933,-0.022316864,0.039112538
-0.01130348,-0.04775029,-0.03207419,0.0060901977,-0.024597377,-0.0032626458,-0.02925319,0.019340483,-0.052076552,-0.023102103,-0.0009104142,-0.06417248,-0.014447925,-0.068747915,-0.0073700845,-0.014752999,-0.024926668,-0.033757407,-0.013566416,-0.02370807,0.004072399,-0.036112152,-0.0218315,0.06973209,-0.018959858,-0.0051126727,-0.059112053,-0.024430072,-0.019301808,-0.019498313,-0.04031065,-0.043478984,0.034788284,-0.024363298,-0.026251748,-0.018290786,-0.015852753,-0.015552068,0.03730381,-0.05430792
0.021503827,0.027954906,0.018859887,-0.003173667,0.055562112,0.062346403,0.00944753,-0.019113522,0.025434857,0.01574692,0.016915007,0.02630646,0.055338208,0.023905478,-0.003800518,0.017884504,0.00841718,0.030575536,0.059119567,0.02999169,0.02596757,0.05276906,-0.0066031464,0.035313223,-0.04880935,0.03554456,0.03643811,-0.010972163,0.021120356,0.04675401,0.061874326,0.046554245,-0.024091171,0.013242365,0.030750727,0.015691178,0.07212287,0.033059563,0.033305258,0.048345435
0.0620727,0.036328156,0.04708519,0.050958067,-0.009727798,-0.011705015,0.04725631,-0.019317077,0.03649716,-0.016634045,0.036696196,-0.002329918,0.0046669836,-0.04004475,0.05137043,0.015189022,-0.040649045,-0.043904707,0.065959305,0.06970947,-0.019074546,0.055974443,0.0709314,-0.019732444,0.028678209,-0.018585907,-0.053907666,0.02429193,-0.069819435,-0.062774755,-0.023722166,0.06473685,0.0085593145,0.0013060423,-0.035841547,-0.014480362,-0.034133624,0.059446007,-0.027348211,-0.051833004
-0.043511793,-0.054199927,0.054456513,0.027183246,0.011641311,-0.05559281,0.006167036,0.059723623,0.028566403,0.035184424,-0.061470684,-0.029668376,0.022225127,-0.063318126,-0.0034720001,-0.013869909,-0.061607894,0.047505263,0.041564662,0.0013587406,-0.014548536,0.070753634,0.040499825,-0.048679397,-0.0045777904,-0.0038002213,0.07554803,0.00046820845,0.057437785,-0.017530328,0.06680335,0.009747057,0.015363968,0.036972146,-0.052502688,-0.06290322,-0.041272044,-0.0454546,0.058592238,0.0010369382
-0.03115691,0.051563255,0.0075186524,-0.040973343,0.049860843,-0.06998939,0.049985096,0.017483702,0.017908558,-0.039971936,-0.028144373,0.027432697,0.05911406,-0.05060045,0.0567097,0.0612724,-0.06556157,0.0022474434,-0.01859641,-0.04902915,0.021858374,0.013673168,0.035194986,0.0704796,-0.059328794,-0.029808832,-0.00033843503,-0.059807137,0.040360518,-0.013745524,-0.0087373005,0.025817808,-0.039339457,-0.013583866,-0.018397687,-0.07270142,0.01382439,0.029309072,0.052689444,0.00096963666
0.013441535,-0.042865604,-0.010588711,-0.061835907,-0.05099279,-0.0395296,-0.026199622,-0.049382634,-0.063271284,-0.056541562,-0.05381864,-0.051594555,-0.07655946,-0.06170353,-0.028048985,-0.04398098,-0.026440853,0.039488528,0.014951541,-0.049994845,-0.034912523,-0.052304026,-0.006432819,0.012916639,0.05848589,-0.041107148,0.03370054,-0.04130697,-0.018322224,0.0040954947,-0.052253835,-0.02412892,-0.054772895,-0.0041725943,-0.017454814,-0.07123532,0.013938853,-0.001932128,-0.05127183,-0.03590274
-0.0726371,-0.05026495,-0.07619039,-0.06667647,-0.04603152,-0.04134531,-0.045842063,-0.06281168,-0.061666515,-0.06765687,-0.051176894,-0.070512034,-0.07350686,-0.06929534,-0.068622835,-0.07343644,-0.047982477,-0.086201325,-0.045512013,0.0048819087,-0.05448776,-0.07047203,-0.016824456,-0.06270287,-0.03654416,-0.047174957,-0.0455901,-0.065995835,-0.0795283,-0.05647492,-0.05396256,-0.073673494,-0.028170168,-0.06342872,-0.022683349,-0.06120028,-0.066964485,-0.06674106,-0.03383228,-0.07694069
0.0051932945,-0.0005936227,0.012763427,0.01787398,-0.034520503,0.0053643603,0.02709749,0.0112290755,-0.019948859,0.049203087,-6.859461e-05,-0.007845176,0.06780632,-0.01563894,0.030896707,-0.003745865,-0.045388263,0.036500372,-0.008680457,0.01965061,0.016440952,0.032461144,-0.04995048,0.030271985,-0.029821638,-0.049315743,0.058450624,-0.017601019,0.07344039,0.0035139264,0.03388088,-0.03103792,-0.007842256,0.008195002,-0.01639429,0.02230858,-0.022878481,0.006046047,0.03814667,0.03539796
-0.068339296,-0.014946332,0.027414368,0.0062421965,-0.062970415,-0.05028909,-0.03235013,-0.054136306,-0.014069564,-0.039297476,-0.02669521,-0.06003476,-0.018881882,-0.039761283,0.021251475,-0.052631862,-0.051920693,-0.043809853,-0.03286294,0.0054712906,0.033089828,-0.03930633,-0.035289895,0.018872667,0.031199928,-0.043570492,-0.05575514,-0.03145732,-0.077955894,-0.018533012,-0.07841814,-0.032563586,0.06394198,0.02509283,-0.05340128,-0.060045164,0.032468256,0.0072447946,-0.036266502,-0.067319036
-0.0097668255,-0.031186674,0.019019507,0.06782904,0.07651113,-0.050641622,0.010956217,0.055392183,0.076892436,-0.02066066,-0.022045571,0.0004907972,-0.021747304,-0.023299547,0.07634658,0.043144036,0.00075253716,-0.0308859,0.021756466,0.013292207,0.08468596,0.0818756,0.08813909,0.05889854,0.07786115,0.048247244,-0.063140854,0.015416275,0.06077517,0.031403873,-0.000711357,0.07768823,0.028664576,-0.036394052,0.021190973,-0.036222264,-0.047982063,0.04726164,0.04952532,-0.077549785
-0.044326924,-0.0339561,-0.06186788,-0.0726624,-0.024987174,-0.04921595,-0.064828955,-0.082245186,-0.027362863,-0.05741561,-0.06850591,-0.06466315,-0.06314123,-0.0629908,-0.056789074,-0.026093954,-0.03310285,-0.0611216,-0.042630393,-0.056691572,-0.07229174,-0.04384265,-0.06909418,-0.04801869,-0.054786254,-0.0540359,-0.030865403,-0.06537655,-0.05593781,-0.0656176,-0.044119712,-0.059911337,-0.08408932,-0.060571123,-0.05006869,-0.06751091,0.018860629,-0.047143683,-0.0008922242,-0.06200846
-0.04006605,-0.008865076,-0.05464217,-0.009153311,-0.020648845,-0.02982098,-0.014590173,-0.04451824,-0.066544935,-0.040157903,-0.06428134,0.0089095235,0.02359814,-0.054230694,0.024094384,-0.056195088,-0.06328111,-0.05171781,-0.05716379,-0.06834885,-0.077394105,-0.034164455,-0.03409098,-0.00019197646,-0.064337604,-0.032136507,-0.057039343,-0.026759617,-0.026560526,-0.03164887,-0.05972632,-0.06659128,-0.05036062,0.03242742,-0.024518196,-0.029175196,-0.05141551,-0.05842089,0.038337097,-0.023717796
-0.009775275,-0.030793203,-0.0035420188,-0.015764818,-0.062857926,0.049452186,0.033336785,-0.06365089,-0.03730046,-0.022197975,-0.012747517,-0.041992106,0.05346252,-0.05830743,-0.034888897,-0.07157857,-0.05255864,-0.015035767,-0.06510456,-0.04513209,0.033378225,-0.032440398,0.05240407,0.059681628,-0.024197245,0.004000643,-0.058290552,-0.06527788,-0.034395076,-0.037662625,-0.07013053,-0.017256787,-0.029601024,-0.018693145,-0.036371227,-0.06457935,-0.03716758,-0.06173055,-0.0673664,-0.0660442
-0.020027839,-0.009062991,0.027655894,0.019413684,0.025549058,0.069258764,-0.031614564,0.01559484,0.028537022,0.04280474,0.04363556,-0.07561694,0.0723679,0.018562041,0.0032788438,0.032151535,-0.063353956,-0.012320523,0.066621736,4.523234e-05,-0.048129775,0.01360583,-0.018264076,0.07225628,0.06491588,-0.045943238,0.076205425,-0.016028533,-0.043855783,-0.019603552,0.038064197,0.06766804,-0.0016233396,0.07368084,-0.06508169,-0.05277076,0.069594674,0.021600531,-0.031925116,-0.054293595
0.025032388,0.04307941,-0.054509383,-0.04392259,-0.07883342,-0.045148835,-0.0117512,-0.052186247,0.023261692,-0.008939636,0.06634883,-0.0662707,0.034848135,0.049063098,-0.06126323,-0.020583438,0.05650179,-0.018213313,-0.0021460208,0.025434667,-0.046903435,-0.03443814,-0.029425133,0.023607118,0.0092704035,-0.054690614,0.075981714,0.020657033,-0.061748534,-0.016597755,-0.008797893,0.05508086,0.026617296,0.05713399,0.021294603,-0.048477173,0.010669018,0.027056929,-0.07114072,-0.03741789
-0.062592216,-0.015050697,-0.06412222,-0.040870212,-0.0015623921,0.049291793,-0.046999075,-0.014824452,-0.0316311,0.05666924,0.0075708744,-0.048436217,-0.076201536,-0.010801162,-0.07291772,-0.07590436,-0.031346094,-0.03686783,-0.054167222,0.015900103,0.011257877,-0.0030244247,0.017557563,-0.041115027,0.020665465,-0.037223957,-0.049966868,-0.03356786,0.02627856,0.00061607175,0.033518773,-0.047645096,0.009818215,-0.02806965,-0.02577747,-0.016000735,-0.010330273,-0.012449362,-0.047718033,-0.027537763
-0.04403106,-0.001884851,-0.016569879,0.060439,0.025880545,-0.003974486,-0.02548197,0.022188654,-0.036338117,0.005454488,-0.05280699,-0.03756483,0.04371266,0.0066268146,-0.039357517,0.045620974,-0.02791559,-0.06759742,-0.0099368,-0.056083295,0.048267715,0.061683595,0.023811933,-0.042849716,-0.014680523,-0.03897257,-0.0084851375,-0.033567145,-0.0660511,0.014558081,-0.033520926,0.0022958375,0.07638031,-0.012031955,-0.032555647,-0.044266995,-0.008225017,-0.03368897,0.013045908,-0.058041178
-0.04338448,0.05129512,0.053743906,0.060268324,0.07590264,-0.0022654785,0.04646562,-0.007158335,0.06985681,0.05228502,0.06276957,-0.052641135,0.0323643,0.083211,-0.0012361766,-0.06858867,-0.00831553,-0.021315316,-0.023601744,0.012497966,-0.04270587,0.06652603,-0.005826242,0.0081152,-0.053036116,0.013174857,-0.031697877,-0.04016017,-0.0060853395,0.035611745,0.0042614695,-0.025620686,-0.03147828,0.061642643,0.07691041,-0.008196686,-0.04677961,-0.02318531,0.033766177,0.017426437
0.056962408,0.04107396,0.062572874,0.0363432,0.07447717,-0.032398343,0.04463214,0.044279497,0.052609798,0.059106667,0.058902144,0.036305163,0.08103297,0.023652185,0.06506862,-0.048193954,0.015105079,0.07445337,0.023090977,-0.017828371,0.026117751,0.027215973,0.056443807,0.04055017,-0.04639904,0.02597667,0.031227602,0.0033805599,0.021029856,-0.011784018,0.016353535,-0.010658284,0.011596639,0.019614562,0.06355395,0.044467166,0.004983559,0.031606704,-0.004792215,0.07066534
0.026668312,0.07132819,0.010179942,0.03287493,0.04435645,-0.07210394,-0.043677673,-0.028458847,-0.051411457,-0.01743764,-0.024274757,0.04841123,0.054945756,-0.018437376,-0.012391204,-0.0030427896,-0.06443259,0.027409362,-0.0690635,-0.038334634,0.040897314,-0.014035706,-0.056606054,0.07926363,-0.05078071,0.011510677,-0.06857912,0.021840146,0.0150942225,-0.06997432,-0.0047628074,-0.08040884,0.047995724,-0.019797822,0.009386969,-0.02107505,0.017032027,-0.04718031,-0.032507423,0.032916263
0.06697886,-0.03814436,0.040080834,0.013374725,-0.024943002,0.032395914,-0.036858205,0.013557637,0.071556315,-0.07434464,-0.069259144,-0.03221065,0.04330476,0.048112117,-0.027950747,-0.009338237,-0.034024496,0.06300613,-0.0013579674,0.0051102866,0.013650491,0.034120776,0.016288694,0.008909217,0.034028966,-0.016705211,-0.024336305,0.04599253,0.039125618,0.047056004,-0.07340115,0.044959992,0.014714339,-0.06585098,0.016905153,0.046374828,0.028892271,0.01676076,-0.055391468,0.014751548
0.008057068,-0.04120777,-0.0093434,-0.024520123,-0.032270845,-0.053368874,-0.03857263,0.026889067,-0.029850375,0.007013677,-0.04822734,0.0037301385,0.006387256,-0.0071984017,-0.040728245,-0.062093403,-0.033015613,0.016138792,0.0063093556,-0.055376813,-0.011387578,-0.02850571,-0.013142678,-0.020929718,0.043598674,-0.025087262,0.0054554543,-0.011170171,-0.04509713,-0.00778952,-0.036253143,-0.019157894,0.02706191,-0.04148965,-0.008972805,-0.02072829,0.0050606085,-0.001737446,-0.047036327,0.010112989
-0.054153454,0.023056319,0.011532663,0.017270522,-0.056966,-0.009218632,0.054523237,-0.009185043,-0.059298582,-0.012751371,-0.06529647,0.025019564,0.03227384,-0.0499238,-0.024771376,0.021701759,0.027031675,0.07248175,-0.03941994,-0.047011506,-0.02690937,-0.06367272,0.03564895,0.0057691345,0.01581594,-0.05984766,-0.010751631,-0.007924582,-0.0013052069,0.015286296,-0.03761505,0.012098973,0.014562523,-0.005192655,0.0024330074,-0.015489075,-0.051909667,-0.04923053,-0.035170104,-0.058818854
-0.016016081,-0.012434969,-0.049440775,-0.053839933,-0.014997513,-0.033209555,0.015347837,-0.019387135,-0.053466897,-0.027383715,-0.009406815,-0.0576331,-0.01854835,-0.07208065,-0.037470195,0.0399418,0.037532333,0.006733655,0.045226954,-0.003856205,-0.041085016,-0.029396614,-0.060389567,-0.014385463,-0.032945655,-0.05045458,-0.02240649,-0.014563508,0.012264459,-0.02574219,-0.05513021,-0.03326969,-0.045571934,0.04040681,0.05206803,-0.072706856,-0.03373198,0.038070492,-0.06116528,-0.061961163
0.03645862,0.016150357,0.014338717,0.02553599,0.001226387,0.010006258,0.017370505,0.005145722,0.032605417,0.06677462,-0.026295708,0.008366578,0.02254898,-0.030286074,0.015240945,-0.01843124,-0.016935833,-0.016976656,-0.045193657,0.0057370947,-0.003761057,0.0044102333,0.050747074,0.0152142765,0.057739355,-0.032732293,0.0016892883,-0.039720513,0.0029738399,-0.027871404,-0.016987199,-0.019614343,0.04038045,0.008074743,0.019700944,-0.040546577,-0.043916877,-0.058592867,0.055944603,-0.046151537
0.061770506,0.05485009,-0.0524646,-0.031938735,0.028238993,-0.012022398,0.04968882,-0.011170108,-0.055459756,-0.056886174,-0.056668274,0.074178346,-0.0388134,0.05648022,-0.0126925465,-0.037980795,-0.056547936,0.0076385075,0.0002316202,-0.0549857,-0.0017737008,0.025499582,-0.07508109,-0.06901957,-0.015968895,0.03280446,-0.07525003,-0.00790341,0.007412206,-0.0352854,0.0080079045,-0.0798584,0.03409735,-0.03888328,-0.039491322,0.04036963,0.010850764,-0.061597403,0.02672472,0.057593007
0.012399049,-0.01551806,0.031763963,0.027588412,0.024977326,0.046842784,-0.014363702,0.04285712,0.06464375,-0.04796593,0.032273214,0.011935222,0.060463555,0.016320467,-0.01963981,0.005696546,0.03129873,0.06395882,0.040611908,-0.027920194,0.06516552,-0.0026686208,0.02919381,-0.057856984,0.06005936,0.03940908,-0.03671785,0.05818037,0.030519964,0.074398994,-0.050912842,0.055092495,0.044363283,0.03259695,0.058933105,0.07334439,-0.047284108,0.03393174,-0.022825144,0.05555881
0.029965319,-0.045835402,0.043018743,0.0660286,0.047797542,-0.054785397,0.07462112,0.015828907,0.057147436,0.04160912,0.016984748,0.04839648,0.055736408,-0.025474839,-0.05409837,0.022156319,-0.004685372,0.07054169,-0.0550968,0.059838552,0.07377172,0.003592964,0.011698679,0.047125846,-0.006427945,-0.018154424,0.059657898,-0.01886763,-0.010065037,0.005526091,0.08259884,0.052964035,0.06336487,-0.0013887484,0.054711096,0.052487087,0.034837108,-0.041977655,0.05711316,0.0120922355
-0.04012849,0.047603298,0.014467593,-0.040035553,0.046495833,0.06518814,0.03539723,0.042336274,-0.0357837,0.04782405,0.028000988,-0.03616989,-0.031542942,-0.013702171,-0.07227338,-0.07036812,0.0059340196,-0.031005101,-0.0069767283,0.05080856,0.06761977,-0.030315647,0.037329398,-0.03698375,0.0037430641,0.053601414,0.07796838,0.022328317,0.06470019,0.06415237,0.03413604,0.047850017,0.046150945,0.031745896,-0.06040091,-0.011328637,-0.058233105,-0.07262579,-0.009708047,0.01834404
-0.05871962,-0.033563413,-0.050663773,-0.0817974,-0.058937937,0.021156602,-0.0059019513,-0.052815024,0.05915876,-0.009016302,-0.044537053,-0.0687244,-0.03200036,0.0031089075,-0.06981898,-0.043683853,-0.030939784,-0.069350705,-0.052519366,-0.01572788,-0.0028033855,-0.05202856,0.0227491,-0.06392898,-0.029521484,-0.0266569,-0.04390074,-0.07284608,-0.050019227,-0.027144292,-0.021705352,-0.046789143,-0.06612363,-0.07110102,-0.04732946,-0.010074463,0.007931878,-0.036268808,-0.044918414,-0.059639882
0.06198695,0.051615052,-0.021591438,0.039446082,-0.07243163,-0.038249906,0.060782608,-0.042387716,-0.022282206,-0.05522993,-0.07106238,0.053611882,0.078398585,-0.03582649,0.066475935,0.07027502,0.03661548,0.044205252,-0.032326616,-0.019093117,0.05398989,-0.0039579985,0.018615635,0.07668094,0.0035715033,-0.021383235,0.042079505,0.064515255,0.02988453,-0.038174786,-0.05558171,0.05492589,-0.0058877324,-0.033540428,0.030391548,0.06717573,0.0424301,-0.068045884,-0.04914761,0.01739727
-0.06381221,-0.030015714,0.028420225,0.026219241,-0.062316086,0.053641856,-0.0075178533,-0.03184533,0.022533892,-0.011888696,-0.08131435,0.031613402,0.060942482,-0.075673565,-0.06739351,0.004881072,0.07567536,0.04282626,-0.036561996,-0.012332033,0.05970477,-0.024236396,0.05499525,-0.06415019,0.016403181,0.012257309,0.0046516,0.012248725,-0.05711599,-0.041852828,0.014010628,-0.030386971,0.04086108,0.015426797,-0.022106314,0.029289482,0.059067085,-0.02687744,-0.031785913,0.010848573
-0.0008789839,-0.060931426,-0.008317398,0.056541618,-0.035656158,0.08061123,-0.05616206,-0.047061548,0.055198565,-0.025719885,-0.017588899,0.03716452,0.03893799,0.021811614,0.015235194,0.016427413,-0.05743697,0.0066131377,-0.04517845,-0.035859793,0.060089123,0.04748855,0.042286128,-0.012812571,-0.068696,-0.007809647,-0.005002617,0.025070723,0.06713826,-0.010895955,-0.065694876,-0.02376758,0.018303372,0.024332063,0.06836327,0.06646453,-0.033315238,0.03536825,-0.03782412,0.07027526
-0.055970944,-0.0033295362,0.014191761,-0.009377538,-0.020011578,0.032966256,-0.0670106,0.05190638,0.009396529,0.052018948,-0.037613943,-0.05658053,0.020961689,-0.0016346371,-0.03835761,0.020842463,-0.048814293,-0.031207731,-0.06008854,-0.001417521,0.009445493,-0.010977454,-0.026299162,-0.014386349,0.0039300933,-0.028757725,0.047918994,-0.05503327,-0.030781256,0.010311367,0.03910405,-0.012753763,-0.07877741,0.06845957,-0.00871361,-0.007448909,0.029780451,-0.016348096,0.03379474,-0.0033439954
0.06646977,0.025972426,0.050244693,0.031961627,0.079433054,0.012772977,0.035743903,0.076523416,0.070130944,0.07286681,0.079591215,0.0755429,0.043013383,0.07164278,0.06924394,0.058998127,0.05262863,0.06666857,0.07694026,0.071611926,0.068651095,0.063357994,0.069999434,0.032369994,0.04540342,0.08577805,0.04763141,0.06908025,0.053807784,0.052899692,0.042439364,0.062215727,0.07863274,0.08197313,0.06445406,0.06128652,0.03182041,0.068673074,0.07180577,0.06803834
-0.0421454,0.04008645,-0.081762,-0.0184683,-0.010592259,-0.053913034,-0.016957201,0.018276088,-0.058293786,-0.025845597,-0.003476169,-0.06005718,-0.016501674,-0.047287527,-0.026800234,-0.05618886,-0.028732121,-0.015994644,-0.017530818,-0.022347182,-0.035209224,-0.022990018,0.0094720395,-0.046719868,-0.023580754,0.016395623,-0.04123589,-0.02285356,-0.03360667,-0.00019781891,-0.064420894,0.0059010484,-0.025458105,0.056932643,-0.028709298,-0.054138042,-0.041114822,0.0253094,0.028903486,-0.024275456
-0.051441044,0.023787815,-0.03435565,0.032843422,0.06141318,0.06304841,0.063038334,0.06234423,-0.07227859,0.021585418,0.08042312,-0.01162086,0.011775614,0.07386844,0.061047614,0.03785921,-0.008100603,-0.01920023,0.035645217,0.054396592,-0.06626189,-0.075336955,0.053737517,0.009542019,0.021344204,0.04783016,0.05745977,0.046476487,0.02974775,-0.05136842,0.069362834,0.051245954,-0.036034152,-0.008505723,-0.0045203445,0.068677925,0.069498084,0.01853579,0.026353262,0.0034640676
-0.07487859,-0.04998656,-0.039591886,-0.07114784,-0.039016947,-0.048630167,-0.022629565,-0.032819435,-0.027477022,-0.017155033,-0.032186907,-0.0661758,-0.06998855,-0.03080029,-0.04360943,-0.029602548,-0.05317653,-0.019658076,0.00583161,0.021828555,-0.025466515,-0.07373352,-0.0041789142,-0.07112103,0.03079398,0.0010278072,-0.052164953,-0.038716003,-0.051207885,-0.027361926,-0.023885678,-0.053102482,0.024218503,0.007465805,-0.06703532,-0.041246884,-0.07332689,-0.052614737,-0.010885894,-0.039354004
-0.032591607,0.039754596,0.056330748,-0.055572286,-0.07001429,-0.017588252,0.07427355,-0.066008225,-0.038782362,-0.048255704,0.0034973014,-0.07358583,-0.035949945,0.0767501,0.045337792,0.037807684,0.0738019,-0.014247093,0.06856552,0.04543404,-0.06625266,-0.06246709,-0.025601462,0.0054412326,0.00026207918,0.006346008,0.021921236,-0.063079596,-0.07891663,0.01336037,0.025842274,0.07935381,-0.016323369,0.032547984,0.0012195635,0.03866947,0.024399709,-0.0131959915,-0.07116216,-0.01655568
0.029064247,-0.075556725,-0.022655847,-0.051457956,-0.07848655,0.043653365,-0.011176495,-0.07654467,-0.04178176,-0.06313208,0.042655274,-0.079493605,-0.06802102,-0.045219287,-0.009531821,-0.043105565,-0.064166464,-0.055670306,0.004562617,-0.07343148,-0.048838332,-0.06524749,-0.062675275,-0.063186675,-0.084879085,-0.036693383,-0.07702329,-0.08288395,-0.0016972132,-0.036286604,-0.009111408,-0.042637736,-0.045091555,-0.049363796,-0.0736135,-0.07078302,0.05114506,-0.06502277,-0.06731023,-0.06511413
0.040030964,0.060601294,0.06595759,0.049152207,0.04440701,0.06756096,-0.042745337,0.086678475,0.056415353,0.093761824,0.061635144,0.05919741,0.04672618,0.046341028,0.07351846,0.04116688,0.022810346,0.049734846,0.03513649,0.054761402,0.030532977,0.07295761,0.08359097,0.050561562,0.04612519,0.05889547,0.062397487,0.076734014,0.054745015,0.051919624,-0.0066748993,0.011087734,0.009018072,0.0521073,0.07787964,0.05065966,0.044930466,0.07594842,0.06440542,0.05644885
0.013484187,0.07289643,0.05273297,0.08166032,0.08027545,0.0887945,0.0758983,0.10966745,0.06364244,0.08653894,0.06316864,0.08183095,0.078220695,0.07145943,0.07539044,0.044670243,0.08029733,0.08653011,0.07341156,0.041419722,0.045921024,0.07803901,0.05767032,0.07919,0.08311516,0.07465326,0.07767513,0.06260751,0.08111195,0.07901171,0.06946195,0.079453304,0.089037865,0.09274142,0.038536917,0.032672197,0.06896719,0.061873496,0.07516547,0.077979
0.05038485,0.053061023,0.032210454,0.021282468,0.019130971,0.04243814,0.05919658,0.06948162,0.031966798,0.055684514,-0.019011451,0.056532413,0.027812507,0.04102325,0.07102049,0.015731782,0.06083509,0.0695446,0.040586114,0.014600469,0.009446167,0.06838406,0.0068238517,0.048610087,0.036786076,-0.005495786,-0.017307004,0.041748498,0.046537556,0.027145796,0.06230666,0.022696946,0.029920503,0.06528661,0.032880664,0.03945506,0.06931273,0.03952465,0.04625041,0.055785883
0.07343075,0.056990597,0.07279096,0.016950926,0.0066041863,0.07922416,0.066866525,0.052571706,-0.038762297,-0.002957617,0.023532996,0.04943788,0.03916058,0.008893559,-0.009252075,0.033880398,0.021129895,0.062984936,0.026996596,0.055813707,-0.02898085,0.012252873,-0.016794752,0.036640737,0.017627034,0.06827774,-0.0003576523,0.035859443,0.019709239,0.07881411,0.039154492,-0.002231336,0.07254768,0.03675102,-0.015905973,-0.010652441,-0.041224666,0.06517752,0.062026165,0.056958385
0.037574816,0.04296353,0.035938982,0.0293202,0.019287443,0.016778022,-0.040176913,0.04915682,0.06950378,-0.0013166493,0.045635793,0.026782246,0.08096112,0.03581316,0.052134488,0.014480553,0.040019628,0.020525673,0.036748905,0.063111104,0.069565766,0.060405742,0.039534047,0.016168382,-0.021600852,0.058562152,0.04204664,0.05736278,0.01168261,0.066860355,0.011078554,0.016135342,0.025590912,0.07484419,0.068665594,0.034942184,0.020180494,0.054283995,0.060494285,0.0444665
0.05907593,0.042275574,0.02406028,0.07199433,0.06260992,0.023912834,0.062671706,0.08551955,0.07176309,0.039265726,0.029920306,0.0641495,0.07441314,0.042086802,0.04718423,0.036565475,0.051131494,0.06735522,0.058748137,0.05648139,0.00022539031,0.06902072,0.050585706,0.0049410355,0.022094812,0.028360775,0.0072133504,0.061876837,0.06605717,0.02270605,0.034333497,0.051615786,0.07848361,-0.020695142,0.056130826,0.056819044,0.047655508,0.05826524,0.06887141,0.040386267
-0.053039316,-0.012060962,0.004817669,0.022556636,0.036227904,-0.07699853,-0.040772147,0.06350271,-0.023510002,0.042555105,-0.04652098,0.031959567,0.02442896,-0.032983158,-0.06044499,-0.029191386,0.043673005,0.06242588,0.039830733,0.07049193,-0.023225706,-0.03886157,0.064460605,0.07335758,0.07639748,-0.029899333,0.040668037,0.07753682,-0.022272311,0.011064834,0.043239184,0.047888838,-0.032286447,-0.04455008,-0.008648855,0.049925584,0.04306184,0.021942943,0.057810917,0.054381974
0.0060600694,0.0035467676,0.007302245,0.04073444,-0.013373141,-0.033614308,0.006279511,-0.033898067,0.006410739,0.04338886,0.028863916,0.010557077,-0.0057335678,-0.0010557472,-0.012108147,0.04652596,-0.018290458,-0.026195124,0.027211925,0.03631861,0.017660508,0.022734284,-0.014349696,0.0338206,-0.07665607,-0.010530223,-0.04726136,0.0021007473,0.026980868,-0.029575055,0.04729776,-0.03012903,-0.0380212,-0.0327665,0.038398344,-0.00391327,-0.011548255,-0.02228707,0.0044451016,0.0053844387
-0.051862765,-0.042070433,0.011827941,0.060202915,-0.008071393,-0.044821348,-0.03135428,-0.011112095,0.019545496,0.03170185,-0.064702064,0.030046368,0.032495234,-0.076712586,0.017456032,0.039193977,-0.009163948,0.013894724,-0.008625178,0.029161662,0.035729643,0.04998631,-0.009041183,-0.020160824,-0.036532685,-0.0516268,-0.05385506,-0.06306646,0.0014717855,-0.083222345,-0.031684864,-0.06645783,-0.03408396,-0.03655945,0.013166096,-0.06164723,0.031234749,-0.062456604,0.051788766,-0.050814338
0.035394356,0.030694304,0.0819544,0.06592171,0.023070585,-0.07777148,0.051536914,-0.043847427,0.044283748,0.10221211,-0.038960118,0.07803162,-0.04256977,-0.033932723,0.04546234,-0.04298404,0.0042087617,0.054504737,0.009944465,-0.032455802,0.0015635671,0.0063580424,0.05749622,0.067854784,0.012469621,-0.0772374,0.070529334,0.03125386,-0.061205078,-0.041504487,0.017004102,0.073125355,0.013663436,-0.023401491,0.07008289,-0.06439548,0.030364418,-0.076124236,-0.06550889,0.035994895
-0.066731304,-0.009722393,-0.044544104,0.021367028,-0.017756892,-0.008430554,0.0034160647,0.0111440215,-0.052359346,-0.064936005,-0.039982755,0.0045155943,0.012937695,-0.021383844,-0.042919774,-0.056666266,-0.06513252,-0.029746432,-0.011254296,-0.005582079,-0.038526766,-0.026842127,-0.060551014,0.018137217,-0.022718936,-0.0491679,-0.049633995,-0.05776771,0.00936008,-0.04179613,-0.012468155,-0.028168414,-0.0461412,-0.0023681626,0.02316595,-0.0073760934,-0.038949158,0.01388329,-0.0051156054,-0.0137586035
0.028183538,0.07146246,0.07174011,0.038592298,0.043355465,0.06685236,0.06766047,0.081353486,0.036123913,0.0604464,0.07207153,0.026892843,0.077982396,0.06526056,0.0474578,0.06759465,-0.011303368,0.052149102,0.051273517,0.04699601,-0.00088554044,0.021539181,0.022288525,0.052155092,0.06277905,0.06754804,-0.0012310734,0.061502565,0.059827853,0.059100576,0.052644335,0.06362916,-0.005526019,0.06056252,0.03716439,0.066235065,0.052669432,0.030991245,0.032305345,0.074396946
-0.017668724,0.009851789,0.0028883636,-0.005671776,-0.034547538,-0.022457497,-0.003961957,-0.03984592,-0.053289443,0.0013854455,-0.023221005,-0.048714496,-0.038659614,-0.031021453,-0.031127715,-0.05002057,-0.016051948,-0.005543697,-0.019204302,-0.029990638,0.032531053,-0.025565784,0.0056529227,-0.02948711,-0.030280968,-0.040286012,-0.057441384,-0.0740344,-0.0073616183,-0.032640442,-0.07384766,-0.052367426,0.006005264,-0.05620742,-0.06337298,-0.009696906,-0.053168993,-0.046084527,0.006348801,-0.011703064
0.057619292,0.06905691,0.038024068,0.056076407,0.058734544,0.036806576,0.03411907,0.010370709,0.061403427,0.014769643,0.034653552,0.073043585,0.025013149,-0.029100362,-0.036643747,-0.073899955,-0.0031184903,0.015896892,-0.025498455,-0.01416991,0.058958765,0.08042519,-0.03257273,0.013528431,-0.05459887,-0.07010236,-0.046648644,-0.008543422,0.06959372,-0.0072132205,0.08053096,-0.06825164,0.007227777,0.03499163,0.073679484,0.06645241,0.041706223,0.035094064,0.051700823,0.07323121
0.053521205,0.02681522,0.05362443,-0.027649308,0.013051794,-0.06065551,-0.026793364,-0.0006549556,0.05274525,0.015984993,0.034013618,0.047900364,0.022417504,0.02735998,0.08145398,0.07232069,-0.024356324,-0.025275107,-0.05056879,-0.037479583,-0.06112695,-0.039727576,0.07134126,0.024231344,-0.008733605,-0.010172233,-0.0552207,-0.038102828,0.024497988,-0.07390317,0.03451482,-0.04519036,0.04739242,0.004362993,0.033795014,0.05102513,0.03998895,0.034950357,-0.05045773,-0.02276383
0.0103926845,0.049443025,-0.00041771264,-0.07624275,0.002088977,-0.008281805,0.0072276928,0.039572205,0.04962707,0.016646229,-0.025261503,0.060772747,0.036756013,-0.072611876,-0.025798988,0.0065383515,-0.047358897,0.01581802,0.06282122,0.05639186,-0.030410843,-0.02870477,0.031994924,-0.0561715,-0.014288444,0.03388165,0.017786697,-0.032541987,0.011426644,-0.029726556,0.013940034,0.016608622,0.03374636,-0.056755167,-0.028473826,-0.018053196,-0.034237288,-0.07640332,0.023824722,0.002259634
-0.017431667,0.061891172,-0.052811086,0.07120797,-0.049331516,0.051104173,0.040179234,0.04232736,0.05495766,-0.003991788,0.030362383,0.00023824742,0.043291606,-0.054756794,0.027038936,0.07768127,0.0403874,-0.03590576,0.08199329,0.026331464,0.058476113,0.03895449,0.015951702,-0.05162425,0.0037455903,0.060735848,0.035879027,-0.059605233,0.0017951163,0.05282888,-0.01102316,0.08408208,-0.013714109,0.020566555,0.02788277,0.007390734,0.008485969,-0.016025234,-0.00041810953,-0.03027265
0.037913773,0.043606788,-0.036321893,-0.06444916,-0.04279063,-0.064479716,0.04957826,-0.03376802,-0.022794776,-0.027601298,-0.07547887,-0.0375281,-0.04788033,-0.0480203,-0.012961907,0.035087127,0.05027938,-0.057362292,-0.055495337,0.006464786,-0.047463924,-0.037149284,0.003836889,-0.027869029,-0.048404146,-0.05289337,-0.06295958,-0.06557659,0.0006004923,-0.005127752,0.019920109,-0.04839773,0.0012421219,0.019054107,0.05324973,-0.029375194,-0.0011153951,0.057868604,-0.056969214,-0.043351267
-0.0031578338,0.0033814139,0.042576004,-0.03099183,0.0027970804,-0.0196272,0.0376129,-0.02288464,-0.053626645,0.036364414,0.018446038,0.014396555,0.05818603,-0.010756009,0.0843148,0.07705503,-0.02401231,-0.03919412,0.021087801,0.0045873495,0.00862808,-0.080115125,0.05672458,0.02742628,0.023745844,-0.010838858,0.071978435,0.03837374,-0.07093327,-0.0021935028,-0.06779331,0.022278517,0.0014298231,0.023459509,0.04209239,0.014745468,0.08269788,0.0037859532,-0.055857778,0.01605486
0.021832798,-0.033885013,-0.0024960528,0.034957428,0.0440336,-0.08237946,-0.023986032,-0.02474481,-0.047697563,0.016008468,0.06273336,0.028142625,-0.041043747,-0.018015241,0.01238832,0.053953763,0.015273265,0.018466117,0.004330239,-0.07312534,0.045619607,-0.016911209,-0.0042252354,0.044096846,-0.0049356427,0.08257339,-0.00040219852,-0.0679683,0.02563778,-0.042923044,0.033814322,-0.06559634,-0.017467069,0.028159272,-0.038718086,-0.05811201,-0.07587983,0.05109978,0.044885848,0.037344165
-0.015890673,0.0736708,0.0212701,0.011298959,0.02839382,0.025164217,0.025956754,0.04134844,-0.03191733,-0.034348313,-0.016699309,-0.0038609377,-0.037591647,0.021814136,0.017352706,0.018912746,0.05534173,0.038757224,0.058656365,0.061284386,0.013969642,0.06554293,0.018126374,0.051797766,0.056591313,0.002393624,0.050605085,0.036636468,0.0014044201,0.0128806345,0.051874593,0.047572948,0.020675477,0.033697013,0.037157353,-0.016010584,0.069062896,0.0632121,-0.044478554,0.05582594
-0.02407768,-0.06982196,-5.7379333e-05,-0.031816527,-0.04485483,-0.0022160565,-0.039339285,-0.05404293,-0.01645575,-0.026526105,-0.033630706,-0.0030975014,-0.029727133,-0.022110254,-0.05895563,-0.049879827,-0.049205318,-0.013814489,-0.018554913,-0.03272335,0.02823228,-0.015515695,-0.07182322,0.028129596,-0.005772204,-0.0671942,-0.038888663,-0.040220287,-0.04804283,-0.018989718,-0.020355806,0.014457773,-0.050070003,-0.034761224,-0.035927057,-0.07011141,-0.022546066,-0.04971365,-0.030872574,-0.032014985
-0.06038682,0.02572737,0.003647516,0.057960376,-0.03907403,-0.07088489,-0.006767153,-0.03765222,-0.035261046,-0.0602371,-0.07582886,-0.06258913,0.080216795,-0.08130321,-0.027895607,0.0029701919,0.06183514,0.020365652,0.057688937,-0.07681166,-0.016815491,-0.042706266,-0.03734865,-0.051047545,0.011710071,0.011267336,-0.030942364,0.022853538,-0.03287936,-0.063431814,0.035429444,0.07608816,-0.024496099,0.039328437,-0.009146584,-0.061886333,0.05611752,-0.07505253,-0.07494821,-0.07604001
-0.024803005,0.04474514,-0.056839205,-0.008407376,-0.073998034,-0.051965665,0.05138497,0.041852184,-0.00318931,0.060505245,0.013877608,-0.027238978,-0.01792081,-0.061029214,0.07423626,0.060485397,-0.06954717,0.009965306,-0.0025717684,-0.009627796,-0.025759699,-0.06261344,0.010956421,0.06784844,0.0065305615,0.019556489,-0.0006017389,0.010812366,-0.010797524,-0.016589742,-0.026302705,0.007418801,-0.026834706,-0.03605633,-0.034021664,-0.03927879,-0.06256219,-0.04228499,0.025929049,-0.014889616
-0.005117561,-0.04474005,-0.061422613,-0.06984138,-0.05436241,-0.040014647,-0.04073303,-0.07001254,-0.04555991,-0.044686463,-0.06993522,-0.057651564,-0.06484769,-0.03747953,-0.06836961,-0.06382633,-0.055655032,-0.062206246,-0.052452523,-0.06542233,-0.05614979,-0.06076363,-0.033059053,-0.04916546,-0.021960003,-0.04853768,-0.01615285,-0.055983867,-0.054070532,-0.07378202,-0.045426816,-0.049355693,-0.017930461,-0.05651552,-0.064431205,-0.070883766,-0.02309072,-0.052102026,-0.028727232,-0.05728235
0.029325042,0.058520276,-0.07804559,0.07755247,0.013513641,0.00466506,0.0003147913,-0.0125593,-0.056276847,-0.0067401417,-0.0009858777,0.026358081,0.055912953,-0.022782415,-0.015640598,-0.0047513517,-0.049128458,-0.051528264,0.04799596,-0.04779603,-0.04966292,-0.0483187,-0.051287472,0.038128864,0.02514774,-0.016146347,0.07353707,0.04565333,0.035185464,0.013075598,-0.029520608,-0.009347492,-0.005394405,0.05358143,0.004576047,0.06948851,-0.067157194,0.06597104,-0.03332937,0.01631794
0.073305145,-0.03668042,0.047886733,-0.06952862,-0.053009633,0.018929537,0.006545462,-0.06493899,-0.068269156,-0.015217722,-0.030522237,-0.03946446,0.014210051,0.03639977,-0.01134061,-0.008677314,-0.07069889,0.04066172,-0.022426715,-0.07444334,-0.035094295,-0.079669364,-0.04294248,-0.006850427,-0.02965692,-0.030370252,-0.059980426,-0.06426362,-0.008275721,-0.036458526,-0.0410707,-0.024295041,-0.013247861,-0.05510155,-0.06721062,0.041951183,0.0024826129,-0.066093236,-0.03252255,-0.0026733018
0.015042878,-0.014764655,0.043803997,0.036955837,0.050682254,0.06246148,0.046292618,0.010298368,0.029762805,-0.006937854,0.010608953,0.019162599,0.07560867,-0.0004970015,0.017151074,0.012384718,-0.009600918,0.035876893,-0.01797469,0.031673286,0.052896556,0.032941032,0.03456914,0.02755621,-0.018698484,0.07089792,-0.03514037,0.060282927,0.022115577,0.02267633,0.028835049,0.05431995,0.021369077,-0.00415232,0.05177495,0.035616964,0.034925137,0.03092869,0.04070091,0.051111076
0.06320825,0.07005115,0.07966055,0.03071311,0.02164425,0.044204578,0.051319607,-0.04739524,0.041393485,0.011087131,-0.04119905,0.06103527,-0.05203494,-0.00061611837,0.044678666,-0.0019805715,-0.014738171,0.001864072,-0.03054014,-0.024984425,-0.017124318,-0.06054223,0.0673781,0.030025244,-0.036849663,0.03156984,-0.04608964,0.04568367,0.019325927,-0.047520828,0.031371113,0.027445091,-0.05814623,-0.053496037,0.028121363,0.058294706,0.054716066,-0.06999928,-0.04609797,-0.007110132
-0.027941095,-0.037975255,0.013706165,0.004032206,-0.04362164,0.05612283,0.028010769,-0.03175409,0.04912589,0.010678634,0.06924658,0.0598285,-0.042466093,-0.026167326,-0.06562706,-0.078062125,-0.05113354,-0.027275218,-0.08339018,-0.04304056,-0.039418347,0.01789747,-0.07560387,-0.06280588,-0.06726134,-0.045205217,0.009449193,-0.047535818,0.070013784,-0.013876554,-0.04722808,-0.00029402005,-0.039007965,0.029354805,-0.0051281177,-0.03774921,-0.05391958,-0.021139972,-0.017700983,-0.0504485
-0.0031173185,0.023299145,-0.0022127933,0.036248084,-0.0641235,-0.04229013,-0.019891694,0.008210911,-0.06568656,-0.009392634,-0.021144383,0.0101834005,-0.07132626,0.028571,0.0042883046,-0.027999971,-0.056263372,-0.090723,-0.009837484,-0.05391161,-0.07067417,-0.073908955,-0.074443415,-0.04698646,0.043306343,-0.05606413,0.022696879,-0.018225705,-0.023185473,-0.062556,-0.026117621,0.026640767,0.039215546,-0.040933922,-0.06983525,-0.013653025,0.026086073,0.023737537,-0.057189006,-0.06472052
-0.0031614911,-0.011483267,0.025352532,0.0023903993,-0.01782886,0.018601002,-0.006644636,-0.015764654,-0.060197297,0.031506408,0.010200982,0.0003493275,0.045341022,-0.02238425,-0.01617569,0.024736121,-0.046579637,-0.07244873,-0.044500224,-0.024890007,-0.06509028,0.014790126,-0.030359674,-0.022110762,-0.07910642,0.01870918,0.003489196,-0.02549131,-0.023598613,0.0038556755,0.024971843,-0.024466513,-0.068916894,-0.05066174,-0.0016092755,0.014672773,0.04266689,-0.01896793,-0.041469906,-0.03997872
-0.005399766,0.033270452,-0.017471965,0.031161072,-0.04144053,0.038533263,0.058296226,-0.05469506,-0.037373148,-0.049108543,0.057338133,0.0022114548,0.07341711,0.0030574678,-0.0043509356,0.009298855,0.047368873,0.020010442,-0.00038239604,-0.050855912,0.053140193,-0.017941793,-0.013696325,-0.014427445,0.08011601,-0.0035294413,0.012699822,0.034420796,-0.0007942714,0.0570048,-0.012148668,0.033520356,0.022051712,0.05021554,-0.02460699,0.025299888,0.035616666,-0.029551059,-0.034933303,0.017792214
-0.049997725,-0.04677148,-0.01270671,0.016964033,-0.043755427,-0.053398527,-0.042621,-0.039093412,-0.0634012,-0.031673525,-0.051577926,-0.04431876,-0.0797797,-0.07888216,-0.04246728,0.013524717,-0.022045486,0.001609092,-0.027772062,-0.0051973336,-0.06710732,-0.024502404,-0.061175212,-0.05392854,-0.041044038,-0.06624598,-0.06372328,-0.036340605,-0.03428534,-0.01029055,-0.01725015,-0.05075603,0.05021872,-0.059051685,-0.06398736,-0.067448296,-0.045071922,-0.043894097,-0.013323427,-0.018231839
0.054856215,0.007131497,0.021691456,0.021489868,-0.025766587,0.027623242,-0.036033023,-0.026265917,0.06732434,0.051684566,-0.029611312,-0.028021988,0.0120570585,-0.028448325,0.02615545,0.014180177,0.0015159873,0.016486036,0.003451381,0.041860018,0.03417945,0.024732461,0.058225956,-0.060323313,0.03608797,0.021584107,0.061671957,-0.05689187,0.015822606,-0.004924142,0.00292079,0.06420855,-0.015244036,-0.010605383,-0.0016236572,0.03184327,0.010046965,-0.026146742,-0.053486917,0.024933623
0.028481882,-0.026015693,-0.0033754108,0.0056238,-0.00862005,0.00939959,0.033377446,-0.017097013,-0.017848764,-0.016272407,0.06158098,-0.07403841,0.0025145323,-0.014485811,0.0010764174,0.042754255,-0.029251738,-0.040982112,0.044665758,-0.04135509,0.010141037,-0.05296049,-0.06177286,-0.031774502,-0.02686486,0.015956763,-0.05916091,-0.0457121,-0.057510518,0.00994703,0.010212957,-0.0382668,0.0074665514,-0.026510485,-0.04592114,0.039638918,0.046843693,-0.050934482,0.009467186,-0.04669542
0.03057331,0.021809155,-0.02343614,-0.003492735,-0.06807735,0.001781676,-0.03295562,0.025739757,-0.0693587,-0.05428666,-0.07942261,0.036998548,-0.013564548,-0.014285848,0.036802247,-0.027430419,0.002105569,-0.014065178,-0.07478114,0.011760014,-0.048673954,-0.051115867,0.056936614,-0.05375338,0.049122486,-0.045390934,-0.01507458,0.051070794,-0.056797046,-0.055815402,-0.030839806,-0.07510506,0.040076714,0.039309774,-0.011479821,0.038497727,-0.018061727,-0.035878304,-0.06714211,-0.0048719067
-0.018222224,0.006118071,-0.011568268,0.027549379,0.014676887,-0.012403955,-0.020035582,-0.021694506,-0.04951273,-0.029611845,-0.027576035,0.016972108,-0.0073159467,-0.0075717275,0.011858635,-0.033228148,0.03508365,0.020979365,0.020080626,0.00086739456,-0.004426623,-0.010099932,0.008681756,-0.015726779,0.031556856,0.005676276,-0.06683987,-0.014933786,-0.015508711,0.01175092,0.020413244,-0.031181874,0.017206611,0.03917458,0.019567301,-0.0393741,-0.05313559,-0.013346335,0.025949525,-0.00536364
0.033769213,-0.021984307,0.03030116,-0.043934867,0.067390434,-0.064447775,0.03209548,-0.016183142,0.06918743,0.08587149,-0.041845873,-0.0042447187,-0.08054937,0.02547306,0.029751483,0.050363827,0.0017190614,0.019759221,-0.027483683,0.02224525,0.082806244,0.082137264,0.06575729,-0.033196848,0.015582367,-0.0069793845,0.058055434,0.05746925,-0.008699761,0.083871596,-0.0672943,0.06376637,0.041065384,0.04634579,0.064472795,-0.05143408,-0.0027362749,0.035860576,0.036571063,-0.0157961
0.072984196,0.009001671,0.044688437,-0.029864259,-0.02097156,0.043031342,0.05416319,0.04253245,0.06776497,-0.0022793233,0.052477904,0.049243685,0.06829802,0.06769746,-0.023813054,-0.048187397,-0.0303544,0.034604494,0.016745247,0.037630938,0.026315738,0.026706528,0.060196295,0.0038863556,0.030215273,0.018145202,-0.013706268,-0.033409525,0.0017118925,0.08448429,0.029300237,0.02907841,-0.0075609474,0.00452408,0.040692955,0.055337578,0.01488373,0.06330981,-0.012725423,0.059065823
-0.008014104,-0.016097095,-0.024084063,-0.042706344,0.0011969083,0.0035483346,-0.029479733,-0.055600468,0.030015359,-0.055183806,0.030814376,-0.05278709,-0.01772574,0.010305066,0.028812071,0.010701107,-0.017791905,0.045344222,0.0008822254,-0.054652736,-0.007853947,-0.02473882,-0.02146509,-0.0032322402,0.032773744,0.018249817,-0.038127724,-0.0043306137,0.04063768,-0.043015677,-0.049697287,0.017200718,-0.009858959,-0.07716298,-0.01915333,0.05676721,-0.008809838,0.025818989,-0.073422045,0.027529866
-0.012841216,-0.041671816,-0.05157977,-0.039439913,-0.016588716,0.0024865067,0.046778306,-0.027255272,0.03483547,-0.03662116,-0.034709755,0.046682447,-0.052668426,-0.052017882,-0.07333078,-0.07970577,-0.023608387,0.0106058605,-0.019133842,0.020559426,-0.056404483,-0.039731335,-0.055681195,-0.060679246,-0.046760373,-0.0081068855,-0.06371603,0.00868262,0.0048220987,-0.021577494,-0.014762359,-0.0650804,-0.04707885,0.03095928,0.053994957,-0.03292228,0.007015763,-0.045356978,0.024416149,0.06524696
0.04221304,0.016781371,-0.010405448,0.027887907,-0.021459792,-0.027515577,-0.04510596,-0.06510358,0.022799984,-0.013303171,-0.034336366,0.004564828,0.06590495,-0.02720298,-0.07286481,-0.07944377,0.05994781,0.07473747,-0.00047538744,-0.015599339,-0.059552133,-0.067188546,-0.007886085,0.029268011,0.050523087,-0.073727086,0.006073072,0.029555842,0.05521443,-0.055638082,0.065271996,-0.02685125,-0.024034752,-0.043736238,-0.012449032,0.026029322,-0.0022674333,-0.054382928,-0.011324849,0.05031568
-0.02097358,-0.053695384,-0.054998666,0.035568148,-0.07748358,-0.018441299,0.045923553,-0.03156609,-0.063114874,-0.06848886,0.07852222,-0.05119012,-0.0078044077,0.03529032,-0.031718493,-0.022170275,-0.04762408,-0.09269078,-0.05023892,0.062343966,-0.009845836,-0.049528655,-0.013652376,-0.07421587,0.022611044,-0.07597795,-0.08142195,-0.031065349,-0.08235492,-0.013531046,-0.023789281,0.055722184,-0.030192705,-0.06175807,-0.054479167,0.0463751,0.005310326,-0.017068971,0.017040987,-0.07981137
-0.023085412,0.07962729,-0.03498127,-0.005553139,0.048795745,0.058568183,0.075597875,0.04528613,0.038310904,0.044858105,0.0015322809,0.04884894,0.051954247,0.07820845,0.0051462566,-0.0046542226,0.043699946,0.042668827,0.03002957,-0.0098128,0.0011215704,0.07412338,-0.032140817,0.06706957,-0.004606397,0.03666364,0.008982709,0.0077830823,0.035218433,0.035642073,-0.059935916,0.04014214,0.019932501,0.066938266,0.052310795,-0.02910333,0.015202825,0.041838814,0.053668577,0.016363353
0.035723437,0.029321173,0.038186092,0.035716478,-0.023911228,-0.027796086,0.054171063,0.053771023,0.043069642,0.06089843,0.07079538,-0.032009527,-0.011957045,0.044956196,0.048665475,0.06072957,0.029004194,0.026535226,0.07201382,0.057951614,-0.059117552,-0.007789774,0.017419137,0.075218864,0.071748175,-0.042006843,0.02141052,0.025888659,0.016578041,-0.04864852,0.06560788,0.06579121,-0.034178987,0.031436972,0.06744717,0.01540311,0.06481671,0.017023006,0.05140617,-0.01755092
0.050763734,-0.027523141,-0.012609124,-0.02834651,-0.06035418,-0.06371933,0.023017688,-0.057245675,0.07106602,-0.06626856,-0.018302107,0.0046460265,-0.061915223,-0.025826624,-0.049873307,-0.028327199,-0.014752311,-0.0064576613,-0.0064429548,0.019282082,0.043746665,0.049372382,-0.051951334,-0.042374484,0.007833942,-0.017799634,-0.04346292,-0.068732336,0.046476968,-0.025913592,-0.017640162,-0.0013365645,-0.0029141903,-0.02404335,-0.01206278,0.042327546,0.01108409,0.065136306,-0.068056695,0.04254367
0.05170604,0.00754517,-0.07621375,-0.06960179,0.046507392,-0.055407047,0.01470095,-0.021528829,0.01023123,0.040618405,-0.05687458,-0.030470751,-0.0576597,-0.062689595,-0.054632425,-0.0042226673,-0.012523391,-0.025716225,0.043396138,-0.0322937,-0.060675897,-0.031113487,0.03704477,-0.02255438,-0.02348279,0.0114417225,0.0034818347,-0.045111835,-0.014625062,-0.067864455,-0.0009234447,-0.022571048,0.0024546285,-0.052659914,-0.04916257,-0.061365027,0.003582081,0.005461328,0.0074133337,-0.0011114785
-0.012839767,-0.056392048,-0.0011078978,-0.054657336,-0.021369621,-0.04180533,-0.072080255,-0.005625595,-0.014300738,-0.08010215,-0.048612345,-0.0620019,-0.045833163,-0.038488276,-0.048191626,-0.030653384,-0.0011127654,-0.031204822,-0.041792262,-0.01101549,0.018468453,-0.021920849,0.017108042,0.0040021823,-0.01705294,0.0025569557,-0.0026559117,-0.04619556,-0.032334838,-0.024608772,0.0104532745,-0.0363776,-0.04300694,-0.055572513,0.00972565,-0.034705848,0.05038788,-0.014529496,-0.017058905,-0.030001737
0.021296754,0.044446234,0.016255224,-0.046467822,-0.028030954,0.062286064,0.081364185,-0.02321435,0.05043943,-0.02801374,0.045850795,0.00016463343,-0.0499856,-0.04650623,-0.059682153,-0.057283178,0.00523685,0.01258844,-0.0374515,0.060948547,0.07035214,0.06843216,-0.01929235,-0.0674618,0.03883158,-0.0374624,0.07080492,-0.007952261,-0.05702059,0.020188572,0.002059599,0.007063419,0.04035906,-0.035396736,0.037882205,0.044108886,0.0020121767,-0.0061345566,0.005952125,-0.032927915
0.071070954,0.035605438,-0.054093745,0.058281045,-0.0011060411,0.056172352,0.06684759,0.059301455,-0.04831685,-0.017089263,0.020992389,0.08158475,0.079699785,0.05263518,0.049834017,0.059708677,-0.00016132007,0.044878025,0.063151754,0.03415028,-0.0055865548,0.031749714,-0.04008117,0.042514443,0.058466658,0.0798501,-0.05109103,0.08518306,0.008491275,0.032763086,-0.012895814,0.07493868,0.06759761,0.054285012,0.073417015,0.036832575,-0.014224125,0.036871664,-0.021569902,0.07145089
0.01427439,0.06290745,0.04516501,0.042839263,0.052163295,-0.007625909,0.052094884,0.039370902,0.044055365,-0.0050147483,0.025852703,0.012639213,0.053965572,0.0067136423,0.043309234,-0.031464692,0.012077364,0.059643313,0.06825737,-0.026464198,0.030604575,0.06921187,-0.0132278325,0.063812025,0.071946464,0.06738524,-0.0104832,0.051536508,0.04862341,0.030839866,0.021948034,0.034239367,-0.07027471,-0.04334071,0.06262722,0.028479498,0.061167732,0.06134682,-0.038914002,0.0645735
-0.0061938623,-0.02533114,-0.017533762,0.07055461,-0.04505356,0.08002351,0.017106762,-0.01978936,-0.036095314,-0.011209821,0.046764888,0.040757656,-0.011307101,-0.05538887,0.031403013,-0.033571307,0.08038436,0.04047326,-0.040017303,-0.06994482,0.04081028,-0.031856935,0.030333303,0.061716434,0.017926537,0.007907282,-0.025126081,-0.04323769,-0.0052021155,-0.05076344,0.00646287,0.021020059,0.061080754,0.05921633,0.03759835,0.015922837,0.033045195,-0.051852632,-0.078258924,-0.018775957
-0.05900205,0.035010286,0.07223969,0.034819975,-0.07458436,0.05955952,-0.024529189,0.056038868,0.047233626,0.056814928,-0.03851496,-0.04921257,-0.04596618,0.011968948,0.01788099,0.02164304,0.02010162,0.051604543,-0.012107198,-0.015672771,-0.03548738,-0.008444429,0.010455583,0.026599376,0.040396743,-0.055645984,0.057915077,0.019542938,-0.01371745,0.009132706,-0.015758032,0.041540865,0.01309003,-0.06263571,-0.048866775,0.06174552,0.013495429,0.03222143,-0.015481333,0.058968376
0.033621058,-0.019911794,0.055320587,0.04845262,-0.035258595,-0.013173647,0.025908701,0.06702006,0.056752797,-0.0062565203,0.05080453,0.0016439819,0.025554528,0.0716835,-0.025219196,-0.045937482,-0.045136426,-0.025369696,-0.024528824,-0.043301947,0.059993025,-0.00019638307,0.024038577,-0.07775809,-0.0040948833,0.067292064,0.035012238,-0.025100987,-0.026718123,0.015671039,-0.0362534,0.07676897,0.01567773,0.006887259,0.030253848,-0.020823373,-0.01752526,0.056095578,0.031161955,0.032639157
-0.080959946,0.04844584,0.04283787,-0.014221737,-0.03990191,0.0015364285,-0.016112901,-0.06804793,0.045191117,-0.036559198,0.011792543,0.029063746,-0.03256525,-0.048272233,-0.032002777,-0.029985448,0.0029503563,-0.038793553,-0.0200828,-0.018725086,0.05058917,0.061757933,0.073004715,-0.016959714,0.043955438,-0.08535273,-0.06802981,-0.03127146,-0.055761993,-0.011018595,-0.015829207,-0.009579291,0.0015668604,0.024870954,0.025732141,-0.0732931,0.062420085,0.038374282,-0.009686766,-0.010293899
0.017562022,-0.02439315,0.0030382692,0.044925287,0.023225827,0.023641296,-0.035539743,0.045144368,0.046307083,-0.010818697,0.018470837,0.009101814,-0.033291817,-0.0028858522,-0.040623304,-0.046401147,-0.034690846,0.033620246,-0.0026053376,0.0025933995,0.0065695653,0.0049625644,-0.0054980037,-0.0021320304,0.002475492,-0.029433781,0.010876269,0.045494583,0.033525836,-0.04022636,-0.019975068,0.040643584,0.0016215215,0.0068885935,0.056110576,0.048278466,-0.035153322,0.0040584155,0.019305512,0.035686538
-0.045703225,0.005146175,0.024951283,0.056289412,0.0026625309,0.050878678,0.035030268,0.030534564,-0.00032833774,0.026244314,-0.042595964,-0.0088447975,-0.0055908742,0.029229017,-0.048893,0.014161005,0.0717835,-0.010254066,-0.029745856,0.009183569,0.03961001,0.025739152,-0.03868345,0.08165043,-0.020589162,-0.036707606,0.052962106,0.032303397,0.0027100195,0.046431016,-0.022007458,-0.0002663882,0.037270732,0.069388,0.0055692787,0.038187895,0.03728416,-0.0008494153,0.041998774,-0.025203694
-0.027800396,0.033330817,-0.057318952,0.03238666,0.051287044,0.06144933,-0.030913334,0.03008875,0.026614336,0.05545904,0.02376031,0.0627628,0.044496678,0.038695276,0.011957463,0.002555325,0.002146352,-0.03485673,-0.008357175,0.01567934,-0.04225206,-0.0039649648,-0.029022159,0.030488262,-0.041343197,0.052087583,0.044671062,0.04308193,0.05341699,0.022739956,0.057838887,0.039217554,0.021500094,0.022796148,0.040382776,0.047968604,-0.04004974,-0.013382534,0.032146294,0.025593584
0.00864897,-0.05079895,-0.027146364,-0.04837923,-0.047567256,-0.07788548,-0.008348753,0.006416505,-0.034862507,-0.021973522,-0.059128962,-0.04144771,-0.076683246,-0.056470513,-0.017246094,0.031765416,-0.06574813,-0.021554701,-0.028261118,-0.05865241,-0.013872445,-0.0142099615,-0.055336315,-0.029064247,0.085649766,-0.04531076,0.05875385,-0.034299754,-0.06560545,-0.03563287,-0.0665996,-0.023607466,-0.023962831,-0.04638342,0.01846077,-0.05912687,-0.018627357,0.04896467,-0.07086892,-0.065443076
0.029132646,-0.013202504,0.05328035,0.031669263,-0.041094065,-0.023942491,0.07279805,0.005352426,0.05374094,0.050843026,-0.011195567,0.051372394,0.032297555,0.059367508,0.00071021245,-0.0121420445,0.040357225,0.076652445,0.028544908,0.03311839,-0.044760454,0.019686144,0.008423383,-0.019173512,0.059890684,-0.059315983,0.06278734,0.05553953,-0.022581393,0.03912545,0.06749962,0.059341926,0.01569803,0.07626007,0.029242354,0.025256466,0.0721984,0.05597266,0.040794563,0.056449972
0.0647286,0.06384314,0.07792454,0.06267936,0.060745105,0.09168324,0.017324785,0.038629293,0.067217514,0.038940042,0.07409906,0.042478237,0.055810783,0.06789766,0.051613368,0.06064241,0.07784521,0.08058811,0.07756705,0.072532706,0.045959223,0.0279664,0.06586654,0.062423445,0.018562408,0.07153106,0.040780004,0.06348116,0.07199814,0.040439956,0.025418878,0.07741433,0.070404306,0.03475368,0.06572959,-0.0125171505,-0.007237246,0.07192299,0.048202835,0.07187039
0.07343842,0.0064241635,0.029033372,0.030492488,0.024373336,0.04631238,0.03283719,0.014880975,0.051727206,0.012207318,0.036519106,0.049019624,-0.009663342,0.012801309,0.006053777,0.03207412,-0.061035708,0.013378532,0.06025049,0.005774701,-0.0085718315,-0.008199049,-0.004905452,0.047109567,-0.052514452,0.00025688994,0.038585156,0.047395583,0.06317767,-0.010159588,-0.0055824816,0.07090475,0.016314162,0.015199367,0.023965936,0.06617456,0.030392407,0.023358705,0.029301088,0.03694407
-0.0550606,0.061255667,-0.042202353,-0.0655646,-0.005154043,-0.05026087,0.0423398,-0.05429246,-0.065836914,0.044397328,-0.043361247,-0.05266225,-0.061510988,0.006336632,-0.056911234,-0.05189457,0.048264004,-0.052508976,-0.04485781,0.013462577,-0.011047311,-0.073815845,0.038130604,0.00038253015,-0.052747246,-0.017714541,-0.003589318,-0.0003339176,0.06736084,0.020546041,-0.08053618,-0.051786143,0.032640904,-0.038981523,-0.071486555,-0.031736024,-0.07455238,-0.07688309,-0.06570556,-0.058565274
-0.06849651,-0.050706096,-0.08483427,-0.056532945,-0.058679637,-0.07419269,-0.074591525,-0.08993835,-0.03688558,-0.06329212,0.016165847,-0.08077688,-0.07892275,-0.06725225,-0.038723733,-0.012342795,0.0021545268,-0.08847228,-0.06713052,-0.030111844,-0.07239429,-0.039541245,-0.07622986,-0.052285165,-0.071403995,-0.057708178,-0.04056354,-0.07155921,-0.053670503,-0.025752857,-0.04127232,-0.07773873,-0.06704912,-0.08177682,-0.04509878,-0.07200755,-0.078241065,-0.060794972,-0.031253368,-0.07160649
-0.06400912,-0.015211924,0.0048678843,0.0031822256,-0.052335694,-0.04521992,-0.040094692,-0.063523576,0.06592687,-0.0119537115,0.027672961,-0.07696456,-0.04679705,-0.041545644,-0.029955097,-0.01649844,-0.00041863267,0.016469484,0.02573185,0.02876801,-0.033005778,0.04348614,-0.04169109,-0.05228012,-0.0013168658,-0.07683679,0.02148236,-0.09008835,-0.041813556,0.044505026,-0.048544798,-0.04869645,-0.012226754,-0.06103257,-0.028517632,-0.0007043894,-0.07000806,0.015068764,-0.04924162,0.023293268
0.07829474,-0.033847887,-0.0037216353,0.02267498,-0.078517854,-0.025009952,-0.032467198,-0.039483216,-0.0077979323,-0.08060331,-0.065458365,-0.01193258,-0.048700072,-0.051147945,-0.050312508,-0.03423992,-0.056359645,-0.02069667,0.035723526,-0.05184407,-0.037252296,-0.059197586,-0.07135708,-0.033012323,0.042854596,-0.047388732,-0.047356173,-0.063049234,0.052508138,-0.010443493,0.024367213,-0.033830415,-0.0625827,-0.010343745,-0.069838956,0.053321127,-0.06652072,-0.06313373,-0.0554591,0.0069345795
-0.06086787,-0.025183434,-0.022890225,-0.057486687,0.013424691,0.0040480597,0.017442945,-0.056036256,-0.0032329375,0.006676007,0.029415587,-0.063266665,-0.084950514,0.014452951,-0.037258204,0.0530218,-0.07428751,-0.009659914,-0.059079632,0.0022518141,0.02412995,0.026531914,0.04693332,-0.062520094,0.016250357,-0.050105337,-0.06559995,-0.030042946,0.016965363,0.02269189,0.033113666,-0.026300145,-0.035208125,-0.076508984,-0.06843618,0.0059799827,-0.033695295,-0.00802888,0.042131193,-0.03640655
-0.0063781324,-0.0125685865,-0.0008112379,0.02940909,-0.029226622,0.06283889,-0.019775253,0.0021512967,0.0052213883,0.0013148233,0.026353806,0.04030194,0.00649831,0.01808292,0.034021545,-0.025296895,-0.033614784,-0.0526664,-0.014617954,0.0039494536,-0.014423664,-0.054342423,-0.025609458,-0.03217898,0.0055330773,-0.011036376,-0.021462189,-0.01103159,-0.005866912,-0.0033586344,0.021733213,0.013311915,-0.035663966,0.010625724,0.013325798,0.017564427,-0.013760447,-0.0245903,-0.0032088952,-0.007916821
0.002541142,-0.025342965,0.03657909,-0.04333665,-0.056405228,0.01784462,0.011104593,-0.065482035,-0.017960923,-0.042042676,-0.057211973,-0.036848005,-0.03564936,-0.024674827,-0.034973904,-0.02007266,-0.05495673,-0.014671012,0.0006285423,0.030694976,-0.01441712,-0.018200928,-0.07909024,0.014020972,-0.064209364,-0.02455649,-0.0302505,-0.061436117,-0.005351276,-0.007999406,0.028278142,-0.067739,-0.006449846,-0.015472985,-0.05589083,-0.0032730051,-0.004884081,0.0024056612,-0.0020984698,-0.003124077
0.046695963,-0.007799174,-0.024036255,0.03320625,-0.01808933,0.011261812,-0.075235575,-0.00985703,0.019327063,0.016372165,0.069476195,-0.013375298,-0.03710435,-0.06690794,-0.017481638,-0.07234279,-0.056687266,0.026861288,0.046506617,-0.0058362028,0.0032384933,0.040944964,-0.035043154,0.047083754,-0.048220605,-0.04629282,-0.020859782,0.050538324,0.070127696,-0.026616482,0.012203426,-0.08678822,-0.034730237,0.02437685,0.06581158,-0.020214211,-0.031647272,0.04036666,-0.030278461,0.046527162
0.03344815,0.04153676,0.08142498,0.037114117,-0.013500341,-0.024729988,-0.0038312778,0.06158591,0.07186881,0.007893567,-0.04971329,0.022888355,0.028016658,-0.04065128,-0.013449996,-0.06738646,-0.031083072,0.06083354,0.0402042,-0.060333256,0.03700118,0.07688143,0.036460936,0.013260795,0.02262076,-0.055345353,0.057502016,0.010302819,-0.02397233,0.076369636,-0.05318819,-0.00018199367,0.055812147,0.08650541,0.056145668,-0.057231694,0.079789065,-0.021175452,0.0031676334,0.04976857
-0.078539796,0.039824717,0.01111249,0.0067198277,-0.0016225653,0.018564401,0.05016567,0.05997023,-0.021018274,-0.053320225,0.020002373,-0.041291688,0.0507659,-0.033584077,0.0072811525,0.046517875,0.0144877,0.029779319,-0.014000654,0.048719414,0.054381683,0.021477373,0.0105124675,0.022932833,-0.00853153,0.009853367,0.05446703,0.02683516,0.034566198,-0.0020188158,0.0015168296,-0.020312786,0.08981478,0.04228031,-0.010632958,-0.01622433,-0.002418036,0.065123014,-0.026227443,0.024249127
-0.052610427,-0.063541256,-0.08246157,-0.018417917,-0.058372106,-0.033532288,-0.08156671,-0.06720525,-0.071464166,-0.08103483,-0.074440956,-0.071075186,-0.006355601,-0.069642745,-0.040014952,-0.066161975,-0.07815791,-0.016592924,-0.066354886,-0.060892675,-0.06041809,-0.062262382,-0.08072039,-0.05736368,-0.027638827,-0.04487385,-0.059116505,-0.016284944,-0.06908197,-0.08952289,-0.075079106,-0.055731464,-0.058343653,-0.06609108,0.009691482,-0.06397763,0.013381272,-0.021412237,-0.06567548,-0.042972203
0.05433061,0.030699946,-0.012606361,0.0066278568,0.025146335,-0.01293258,-0.0068849735,0.05114649,0.04920499,-0.029810555,-0.026622664,0.040810425,-0.009540261,0.052667826,0.08091329,0.05465746,0.08059429,-0.015629102,-0.014910043,0.01600846,0.020345455,0.001371321,0.05106517,0.04094379,-0.010658973,-0.0022593492,0.06921706,0.07980161,0.078971356,0.051098865,0.07235887,0.031807717,0.011847856,0.0585193,0.07053117,0.056011207,0.05625244,-0.033484176,-0.003618715,0.05344688
0.07702412,-0.019785607,0.053034734,-0.0029140275,-0.03741267,0.021868367,-0.01826803,-0.04988228,0.022757562,0.034815215,0.034430753,0.03507766,0.058472455,0.060100507,-0.018110247,-0.037383128,-0.010637245,0.01779527,0.0049950792,-0.05377527,0.02090833,-0.015499377,-0.026311947,-0.047739312,-0.019284122,-0.020905228,-0.02562855,-0.01595419,0.02430781,-0.026370313,0.0010938296,0.013111239,0.008551381,-0.040063757,-0.004128239,0.07057465,-0.0067562326,0.037238248,-0.025373062,0.039534137
-0.031240368,-0.045966655,0.03863017,-0.0057996907,-0.0018824437,0.0333698,0.055402827,0.017904032,0.0015936545,0.10182881,0.04912493,-0.022736026,0.00092641584,0.064577825,-0.07071524,-0.05837869,-0.026114644,-0.060911015,-0.042682998,0.041078266,-0.059034027,-0.03620375,-0.073057026,0.004150462,-0.057601295,0.014894421,0.086397015,0.0014153108,0.05720575,-0.004821305,0.012832342,0.034379542,-0.06993993,0.039793722,-0.037555836,0.010631838,-0.034549657,0.06721634,0.029788263,-0.04926049
0.039190855,-0.077646405,0.020440722,0.0014342122,-0.007352564,-0.062264103,-0.076793775,0.007614484,0.022293773,0.027068932,-0.076389045,-0.06546217,0.00885402,-0.05465973,0.010311608,0.05908468,-0.06262544,-0.06577657,-0.055907078,0.027880585,-0.047756776,-0.03433173,0.012509438,0.019320678,-0.03109292,-0.040548813,-0.037487503,0.021076946,-0.010022212,-0.06678587,-0.050761137,-0.03742898,0.04430354,0.03363701,0.0066566467,-0.0707536,-0.06507165,0.0010008565,0.031610433,-0.07586079
0.028176444,0.08028282,-0.010383165,-0.053045843,-0.06579239,-0.011727824,0.06430053,-0.088799484,-0.020338837,-0.04672852,0.037169043,0.0269077,0.04587636,0.040762898,-0.005766409,-0.058729187,0.039929375,0.032944296,-0.04171667,0.07302443,0.0006355732,-0.05657277,-0.08802313,-0.040943682,-0.042284828,-0.0795735,-0.008331561,-0.019694518,0.0028357336,0.034376767,0.04321898,-0.03460247,-0.004067591,-0.041880567,0.055608463,0.033603806,-0.04375553,-0.00039027462,-0.072644144,0.04727942
-0.006589105,-0.06822792,-0.052729916,-0.044158068,-0.01607518,-0.059024382,-0.067116134,-0.03493256,-0.04948344,-0.053817656,-0.06391832,-0.07217127,-0.062274743,-0.04974777,-0.058046125,-0.069229566,-0.023559123,-0.004679712,-0.048997417,-0.041469045,-0.056107417,0.0047898567,-0.027055556,-0.051252533,-0.047967933,-0.047752123,-0.07669626,-0.062389206,-0.047802273,-0.04865272,-0.056745127,-0.059165873,-0.03653042,-0.026751444,-0.049601812,-0.0714922,-0.04429727,-0.0599884,-0.064207606,-0.025908152
0.07173611,0.0018252673,-0.0034114132,-0.024780681,0.059795354,0.058848564,0.07265953,0.026831416,0.066446595,0.107453585,0.038714517,-0.03183382,0.046596628,0.035312477,-0.025413388,-0.029872693,-0.07151357,0.0040183202,0.051773965,0.07019922,-0.056216862,0.041826244,-0.06304737,-0.017111538,0.0041737156,0.0034360723,0.07557493,0.040741067,0.044724163,0.029198965,0.08368306,0.044439677,0.03547601,0.023876622,-0.0117147155,0.066958815,0.0402712,0.045051314,0.021947326,0.005038472
-0.003796933,0.00067468116,0.039897047,0.023210045,-0.029300377,0.059103556,0.06288131,0.042369954,0.010170365,0.062239666,0.0312945,0.023607578,0.00076372386,0.0329574,0.028397767,0.029460263,-0.048113655,0.010901985,0.030998414,0.043595582,0.03679815,0.010532692,-0.0016207268,0.034104552,-0.01647831,-0.016905721,0.023654968,0.019461444,-0.009355579,0.038819272,-0.0036337883,0.04528386,0.060161255,0.007904461,0.001978468,0.05834576,0.029663887,0.029005976,-0.03260541,0.033948567
-0.0764382,0.038740534,0.017516224,0.013642826,0.07586208,-0.009595203,-0.039681107,0.04085984,-0.003690475,0.025154991,-0.047096726,0.020820942,-0.013238744,-0.004940445,0.034046028,0.00014145607,-0.012908297,-0.06714726,0.025071843,0.022542782,0.0661276,0.022271132,0.047641173,-0.02707906,-0.05015749,0.023717225,-0.001174919,0.029324219,0.007818685,-0.023419706,-0.0061047506,0.020667735,0.082252935,0.06663801,0.0072482727,0.020660212,-0.07796666,0.026885351,-0.032075565,-0.046127737
-0.057525035,-0.050344806,-0.06502382,-0.05835108,-0.065647095,-0.011560868,-0.053501315,-0.08006312,-0.06012561,0.040370792,-0.03193005,-0.03317386,-0.023988437,-0.031153869,0.026783295,-0.023782626,0.0046835933,-0.034439668,-0.050538227,-0.064366706,-0.026160896,0.0095355315,-0.0787047,0.014852341,-0.049181376,-0.027251177,-0.032061134,-0.02941294,-0.019630447,-0.037580226,-0.012897735,-0.053387176,-0.04625088,-0.024828231,-0.06630355,-0.07429253,0.014239524,-0.03071645,-0.008472997,-0.0607775
0.03314784,0.03557649,3.702204e-05,0.042069,0.07342619,-0.009174686,0.054218344,0.011560333,-0.006352033,-0.007296141,0.040618043,0.060896672,0.05950976,0.015056096,-0.051397968,-0.0726442,0.06031885,-0.010594907,0.0398732,0.029583406,0.057209197,0.022558846,0.04750671,0.014710352,-0.0021935685,0.044798568,0.05219151,0.023245638,-0.05281813,0.06922903,0.026823077,0.08025549,0.031960167,0.076137036,0.036347624,0.03700299,0.07196427,-0.0328683,0.007533213,0.023910966
-0.0032285475,-0.046815574,-0.006777469,-0.024828682,-0.03972051,-0.040156122,0.027638802,-0.015681714,-0.06676043,-0.024890225,-0.0063543255,-0.03833273,0.0034372055,-0.05748037,-0.010858151,0.0022556847,-0.07018978,-0.060417715,0.029069755,0.013563878,0.049416877,-0.018149799,-0.03197724,-0.03967309,0.045687713,-0.02764821,0.0038463399,0.046197105,-0.07065212,-0.020769518,0.017989442,0.025531404,0.006094281,0.05711265,-0.05080334,-0.021901717,0.059576105,-0.05603848,0.026628554,-0.07448398
0.012571621,0.011719792,0.0053578657,0.0074861525,0.040822126,0.013852863,-0.013341183,0.049971215,-0.0014089156,0.067765005,0.038760368,-0.028240386,-0.015272591,0.022853756,0.0072020446,0.03396688,-0.009765946,-0.011342212,0.044758365,-0.03238968,0.015500787,0.055524494,-0.041642345,-0.01308388,0.033667237,0.026096886,0.03871505,-0.024182467,0.036220644,0.02834503,-0.019824287,-0.034325413,-0.0629349,0.0057354313,0.039837424,-0.032693736,0.009299954,0.037782278,0.039075516,0.00013050072
-0.065621674,-0.06001973,0.0784708,0.0542885,0.02328452,0.02835967,0.025865061,-0.0071745478,-0.034046344,-0.020491302,-0.04820439,-0.060465205,-0.014014936,-0.015224646,0.013986361,0.0015358133,0.0063838456,-0.093921535,-0.029947862,0.034632012,0.06398954,0.0051455144,-0.039442535,0.057928894,0.059583265,-0.064392515,0.03845327,-0.0035551654,0.022776304,0.07959716,-0.015217565,-0.014841629,-0.035979733,0.008256828,-0.06647848,-0.018870354,-0.008008901,-0.041582182,0.02824988,-0.07294658
0.07771144,0.056135014,0.027466621,0.041084096,0.08237049,-0.009545107,0.06671856,0.03577691,0.048231985,-0.026011158,0.042615484,0.085465126,0.08507249,0.02912264,0.057393692,0.07777142,0.052052617,0.07086724,0.068416566,0.06377139,0.052262112,0.009838353,-0.007851981,0.06308813,-0.005695899,0.05104031,0.08051455,0.08954648,0.017311957,0.005360379,0.0565501,0.08547088,0.05498017,0.07774384,0.059575878,0.07401811,0.07741918,0.027848925,-0.0034096383,0.079148926
0.031946667,0.055798728,0.032617576,-0.030045627,0.008529107,-0.031363178,0.0739572,-0.017603202,-0.045307577,0.005405897,-0.03528776,-0.008262942,-0.012309276,0.042502187,0.019557508,-0.042726565,-0.017136237,-0.05091691,-0.014486593,0.041908585,-0.020168329,0.030040443,-0.02952187,0.07419557,-0.0049210284,0.020455074,-0.013235861,-0.0057597784,0.016791563,-0.010450093,-0.028887723,0.032947857,0.03623762,-0.0056049363,-0.012039826,0.016093351,-0.054525133,-0.0485655,0.0066429763,0.013133493
-0.04091709,-0.057185866,0.022560634,0.037279494,0.05614462,-0.013997115,-0.045222946,0.033703808,-0.024548437,0.0018831964,-0.07014925,-0.06817858,-0.009414155,0.00073496235,-0.034911998,-0.035129875,0.020992603,0.0020897866,0.032422144,0.0063501517,-0.027822267,-0.0098023005,-0.030889671,-0.020083146,-0.013891722,0.028200656,-0.00232989,-0.029324362,0.029926213,0.021527423,0.057177853,-0.067690924,-0.009328344,-0.039893948,-0.032502893,-0.054409266,-0.0097279055,-0.028676044,0.074016966,-0.06743284
0.031810027,-0.031406235,0.01685475,-0.0466895,-0.049731787,-0.044198435,0.040640548,-0.052710988,-0.03748295,-0.010045834,-0.0031764237,0.016678775,0.021754434,-0.03301433,-0.009297985,-0.067063116,0.02711005,0.0100356145,-0.07645792,-0.059727397,-0.06422997,-0.056761757,-0.062412377,-0.0161559,-0.05499357,-0.053316835,-0.027647818,-0.07593498,-0.036611408,-0.005331281,-0.079722025,0.0026244565,-0.010741434,0.026802221,0.01050638,-0.049710985,0.03467625,-0.06556175,-0.048979763,0.047263287
-0.017477028,0.0357486,-0.068349205,0.07249689,-0.060278498,-0.027888449,0.05097808,-0.028330857,-0.06550003,0.032596692,0.03341358,0.036890447,0.06418962,0.0752475,0.072876655,0.044243913,-0.013045483,-0.0024553353,0.012148667,-0.025198681,-0.02411906,0.00014034513,-0.05759247,0.07329711,-0.059930913,-0.074123204,-0.031235624,0.07460424,0.03490732,0.04253332,-0.046535842,0.05954009,0.0042095366,0.04421258,0.01867713,0.05828563,0.02155581,0.06345335,0.032779727,0.02584794
0.037474878,0.0046037813,0.008544824,-0.0005285795,-0.014545974,0.019474069,-0.0035823258,0.007950584,-0.02973057,-0.010454117,0.053890433,-0.018992461,0.04974704,0.01422666,0.053910166,0.06299546,-0.03774316,0.015145424,0.018349526,-0.047970347,-0.04040155,-0.0189215,0.020100042,0.029634798,-0.033775706,0.012967817,-0.0078118807,-0.0128894085,0.027616587,0.017989792,0.024945658,-0.0057010907,0.016690373,0.0018365572,-0.021820374,-0.022685798,0.03897133,-0.029995479,0.015060439,0.02517843
0.03762786,-0.051271368,-0.02543227,-0.03359952,-0.021966262,0.0020234857,0.04288995,0.0143753085,-0.0002644511,-0.03615927,-0.018711962,0.014533674,-0.04459182,0.003852478,-0.07793897,-0.06259573,-0.079534054,0.028673932,0.03289809,-0.060179,-0.010710901,0.020761257,-0.04221267,0.0071200863,0.024804167,-0.072963305,-0.02628462,-0.012971105,0.008254792,-0.080433704,-0.055164363,-0.03318928,-0.025276393,-0.06890978,-0.057353422,-0.022535361,-0.05470828,-0.02240302,0.04871721,0.036944617
-0.03854505,0.00069651305,-0.0336004,-0.010921408,-0.062323544,-0.031700466,-0.07113641,-0.047746226,-0.0397904,0.036051553,-0.03930721,-0.0049957717,-0.052498788,-0.025150968,-0.01685414,-0.060593657,0.0036940745,-0.0317452,-0.061254192,-0.024438862,-0.041642904,0.03463911,-0.032192767,-0.024246717,-0.038033962,-0.060113467,0.012816929,-0.034057777,-0.05342827,-0.012384905,-0.047820155,-0.05058291,-0.018877598,-0.029246872,-0.0060778665,-0.044611536,-0.041042622,-0.029742472,-0.008474474,-0.02703146
-0.0066939187,0.008137195,0.0017019899,-0.017398639,-0.049784288,-0.001739687,-0.029109262,-0.03593567,-0.01437519,-0.07261618,0.0003812386,-0.038872335,-0.0576009,-0.062101033,0.015929433,0.0020324127,-0.05348875,0.014905841,-0.058396183,-0.033756856,-0.03847239,-5.2850446e-05,-0.053279042,-0.0524409,0.0013788397,-0.06594407,0.012194984,-0.024099404,-0.014231084,-0.06950681,-0.07022363,0.016991185,-0.053297397,-0.013865242,-0.0018522402,-0.050416637,-0.024306314,0.044079844,-0.04641195,0.04602493
0.044762854,-0.0009988132,-0.009190613,0.033522725,-0.062178593,-0.00078157935,-0.045557234,0.04491955,-0.0015994967,-0.017646559,-0.025723467,-0.02664962,0.04106214,0.014526061,-0.060747407,-0.012362266,0.039720785,-0.005666813,-0.011731029,0.040210832,-0.019639464,-0.011078963,-0.033154115,-0.045964558,0.029949121,-0.019480612,-0.033424996,-0.0048619183,0.0027246282,0.050361697,-0.0811519,-0.029192274,-0.023008006,-0.038526285,-0.0051470394,0.030756498,-0.06794463,-0.019843524,0.014039598,-0.0496935
-0.043045927,-0.07548764,0.059209928,-0.030574156,-0.015507247,-0.011777649,0.009224114,-0.07561895,-0.042927932,0.01945092,-0.03142055,0.014650993,-0.03298607,0.01921767,-0.059946716,-0.022363165,0.037272654,-0.0774922,0.052156057,0.01572364,0.014686867,0.017942071,-0.08102173,-0.07000397,-0.023752062,-0.030793788,0.014696339,-0.017006556,-0.06319618,0.035368517,0.05084085,-0.032268092,0.05663746,0.00066978857,-0.070817254,-0.027830038,0.04983299,0.008272703,-0.0018249695,-0.054175768
-0.0056675007,0.016941799,0.0315504,-0.013134649,0.07770138,0.025634887,-0.029048719,0.080788076,0.06280012,0.060687765,0.055870343,-0.019350616,-0.028507803,0.049707744,-0.06559295,-0.047652163,-0.032092217,-0.025606593,-0.01585014,-0.023265313,0.07859225,0.052443996,0.07276114,-0.0141538,0.018456992,0.08615888,0.05591535,-0.027597366,0.07765316,0.017743748,0.08366497,-0.04432119,0.022084203,0.018632136,-0.040752944,0.04015127,-0.008656922,-0.074473605,0.051542364,-0.07599235
-0.039906472,-0.07146659,-0.06846693,-0.044253368,-0.01352764,-0.059309132,-0.049264904,-0.026260512,-0.01129046,-0.08681582,-0.037259072,-0.021716263,-0.025468312,-0.061751965,-0.06936889,-0.049686976,-0.074243546,-0.0844761,-0.07906404,0.026024945,-0.045986492,-0.06507424,-0.0394407,-0.05244177,-0.05390883,-0.005731504,-0.047312744,-0.03613996,-0.0228767,-0.06466595,-0.059382387,-0.048390128,-0.01565568,0.058470957,-0.00797551,0.0154916765,-0.06562213,-0.072135374,-0.059754055,-0.05512863
-0.025870636,0.041053697,-0.0042116703,0.037365682,0.048873164,0.0026738283,0.014573545,0.03581599,0.028950674,0.03986034,0.02149231,0.038289335,0.014618763,0.040395286,0.0154119665,0.049353518,-0.022757472,-0.047950216,-0.04755494,0.06469614,-0.013417033,0.05348463,-0.01499704,-0.020585546,0.06726875,-0.019525316,0.0318247,0.02182389,0.020772597,0.020972786,0.059502877,-0.0008068762,0.014238719,0.039076097,0.021956895,-0.058316763,0.026493236,-0.026925487,0.014128084,-0.048180513
-0.035143465,0.084067486,0.085616045,0.08654549,0.08690312,0.097242355,0.087485485,0.12014231,0.06888933,0.11060978,0.08712706,0.087472185,0.08870941,0.084175035,0.0863585,0.050512962,0.08741454,0.09769105,0.08710407,0.0693755,0.074150965,0.08511564,0.0895958,0.08805539,0.09758909,0.0921084,0.087600216,0.09055535,0.08899174,0.09415317,0.08797517,0.089675084,0.0924501,0.099402815,0.077207685,0.075388215,0.08643918,0.07322572,0.08080664,0.08078589
-0.07138826,-0.020865604,-0.0041531865,0.009846542,0.059325337,-0.029644564,0.037064914,-0.00091298856,-0.067755304,-0.04362233,-0.021656962,-0.030494625,-0.040160462,0.009947873,-0.05526821,0.024622984,0.008085205,-0.050483286,-0.0477257,-0.0039669015,-0.023914142,-0.0072883796,-0.07700896,0.025381913,-0.016296832,0.03706366,-0.013905543,0.009564038,-0.01490743,-0.048457697,0.021971945,0.009089613,0.030318724,-0.052419767,-0.0737266,-0.013946802,-0.025861356,-0.061235834,0.0696336,-0.036363028
-0.02495969,0.0070665367,0.05697201,-0.00101646,-0.0827132,-0.013838092,-0.07145698,-0.056087535,-0.0604749,-0.022881234,-0.034725524,0.026314998,-0.03151434,-0.02203179,-0.014183835,-0.053081788,0.0046077343,-0.024544809,-0.027348883,-0.053380586,-0.032029085,-0.063132174,-0.018442437,0.007452925,0.073743924,-0.050481237,0.02103476,0.058530275,0.04970418,-0.03966415,-0.03135177,-0.05747429,0.01955497,0.007989343,0.032282308,-0.030295003,-0.014729859,-0.007802654,-0.06678509,-0.01042779
0.0059744916,0.018088713,-0.02739603,0.029451797,-0.023771288,-0.01723498,0.029307585,0.017977642,0.041399263,-0.006553983,-0.0378661,0.025619674,-0.00063753687,-0.0050883577,-0.0267695,-0.027350891,0.051847298,0.007431369,-0.034452684,-0.006313696,0.009506817,0.03442752,0.027448164,0.0030556805,0.04482133,-0.039132256,0.014372268,0.045699596,0.053240526,-0.018171284,-0.03687348,0.0359169,0.064530276,-0.0012083744,0.000407156,0.04196808,0.018134283,0.040386174,-0.071094364,0.044596173
0.032014117,-0.02304413,-0.009473583,-0.0053027845,0.03277148,-0.0063001253,-0.08150578,0.009630193,-0.044777878,-0.0047582537,-0.0008535836,-0.027381549,0.019211577,0.041299693,0.04731968,0.05680734,-0.07929255,-0.04967806,0.03046271,-0.063993625,-0.065692745,-0.057767916,0.04657462,0.07304422,-0.034417506,-0.047759466,-0.010385462,0.019644944,-0.042566657,-0.024210805,-0.023642465,-0.0072849784,-0.057688035,0.06096102,-0.05263532,0.017742015,0.009283144,0.040109478,-0.04437851,-0.014966762
-0.06824659,-0.054341815,-0.020970168,-0.060899906,-0.04307173,-0.07868797,-0.06761416,-0.07650621,-0.0372551,-0.08678033,-0.0022528758,-0.07562839,0.008329939,-0.054526974,-0.065910004,-0.014458755,-0.0652251,-0.042030253,-0.035773516,-0.011422068,-0.040664744,-0.05276597,-0.06011987,-0.03497122,-0.051776312,-0.017148376,-0.022758234,-0.06885764,-0.07107216,-0.024078585,-0.052829,-0.06673459,-0.05404937,-0.05161219,-0.03838946,-0.016771352,-0.028598921,0.009797539,-0.035700224,-0.025429538
0.06666472,0.004903396,-0.06813376,-0.043919284,0.001957311,-0.003980028,-0.034916706,-0.045496106,-0.043792702,0.00012213868,0.005093701,-0.03421609,-0.053304706,-0.04879286,-0.016874393,0.032206416,0.053080462,-0.06031652,0.040243357,-0.035881337,-0.0061954763,0.0065061077,0.004895955,0.00047869535,-0.03677085,0.057797063,0.037664942,-0.038735393,-0.051241998,-0.023944916,0.0302853,0.0006646647,-0.0500421,0.028524008,0.022178482,-0.014972312,-0.038080305,0.011008573,-0.015942402,-0.018898422
-0.017957894,0.02467805,0.0019128288,0.01729639,0.058467314,0.028147243,0.03330918,0.031026721,0.0006891394,-0.0057040756,0.009052316,0.012393455,0.0675434,0.01824559,-0.024422506,0.008047756,0.01942889,0.047653772,0.02820358,0.058913045,0.0067457776,0.045556415,0.016909156,0.019572567,0.052825455,0.015067228,0.014262715,-0.009567926,0.022766698,0.00052048126,0.013193103,0.027413035,0.07196377,-0.05882782,0.011834186,0.02092553,0.06220717,0.045915574,0.03723298,0.03558598
-0.027677465,0.007873722,0.04943287,0.0654513,0.05004243,-0.013591519,0.06365157,0.0598138,0.07074376,0.033398952,-0.0077652563,-0.02924433,0.060041063,0.042163208,0.026826495,-0.03200495,-0.06658719,0.07594058,0.052735444,0.020127192,0.05766703,0.06016836,0.07368238,0.0054488485,0.046578374,-0.017010625,-0.014890196,0.023417236,-0.040796705,0.04767398,0.07596735,0.06475692,0.038578607,0.012377481,-0.0070303045,0.038216043,0.011759514,0.028804433,-0.030034425,0.051645525
0.05772473,0.0137711335,-0.008674416,0.06974939,0.0047081676,0.011617108,-0.020880321,0.025619987,0.00081383815,0.015249136,0.016526535,0.037431847,-0.03690444,0.0062551345,0.027368827,0.07383131,0.028088683,-0.011841479,-0.037136424,0.040428385,-0.06557336,0.04531408,-0.0885423,0.037162185,-0.08861733,-0.0179677,-0.005865732,0.05892013,0.05929268,0.0009423006,0.0009513205,0.01506219,-0.025041848,-0.039238773,0.035420336,0.019644786,-0.00033528506,0.058336254,0.058515783,0.003847329
0.06710198,0.06521631,-0.02727146,0.0010540768,-0.025535604,-0.052166846,-0.0044413134,0.0022528674,0.062224798,-0.052699,0.006233406,0.042890485,0.030892873,0.07919817,0.008117061,-0.0449303,0.0058585047,-0.012031982,0.049048647,-0.073665366,-0.043310985,0.04101699,-0.04567105,-0.014397362,-0.024021205,-0.065016925,-0.0073130582,0.04782449,0.030829048,0.052082498,-0.013710025,-0.025277065,0.0018310351,0.057397403,0.05613475,-0.057788476,0.03262005,0.048251726,-0.020148765,0.014928919
-0.0027348797,0.06949821,-0.012356714,0.022143243,0.004066186,0.081521414,0.049669906,0.013916769,-0.023128385,0.023622522,0.037628293,0.06857402,0.07712877,-0.035619006,0.014237288,-0.0036776916,0.046031393,0.062302794,0.03739128,0.01234107,-0.020694911,0.034266576,-0.01534213,0.0442819,-0.008850066,0.074060775,0.07701729,0.050126072,-0.008035896,0.0583151,0.015307348,0.07274429,-0.008725389,0.05213214,0.053106442,0.05108221,0.023478754,0.002814818,0.04641736,0.07064069
-0.027812183,-0.055198494,-0.030661108,-0.061714593,-0.06242369,-0.0368519,-0.026670195,-0.066448934,-0.0045420253,-0.061171204,0.022149593,-0.06282732,-0.051672097,-0.014402673,-0.05548253,0.030070694,-0.069742434,0.00080416974,0.00438261,0.024981711,0.026986677,-0.05636141,0.03547053,-0.053523738,0.028673733,-0.0048432667,-0.019491365,-0.0060667787,-0.06957074,-0.018500812,-0.04312208,-0.004793438,0.0044850665,-0.018835472,-0.040600017,-0.009748477,0.030671809,-0.018305784,-0.028086973,-0.023395952
-0.070611514,-0.015990192,0.029901631,0.044158798,0.01901671,0.03866157,0.05566458,0.04733982,-0.038585212,-0.013813151,-0.004027767,0.0035098766,0.012679107,-0.05629552,0.045223575,0.007990962,0.036596674,-0.0010980029,0.028960107,-0.040319014,0.029108342,0.053162407,0.025134863,-0.049502067,-0.05449422,0.062913366,0.057263155,-0.06664231,-0.06371812,0.022561869,0.029793553,0.024796167,-0.029441087,-0.0011563747,-0.07259693,0.06023829,0.027706834,-0.050989486,-0.020462528,0.027523926
0.014203516,-0.058282968,-0.07827037,-0.06116857,-0.044086684,0.049112335,0.043716416,-0.010957229,-0.06241624,-0.02530407,-0.033029374,-0.053704318,0.005624845,-0.01924255,0.008626495,0.045064267,0.05905811,0.02277358,-0.047081962,-0.066607,0.0134315295,-0.04804334,-0.0040970584,-0.026624974,-0.03113779,0.046010725,-0.047233213,0.038855936,0.036876142,-0.055782735,-0.02058016,-0.03563476,0.007356858,0.0034220377,0.064194426,0.00530944,0.05791612,-0.050818376,-0.07148177,0.039584603
-0.0041973847,-0.04699219,-0.017741991,0.0008424543,-0.01098402,-0.028683549,0.00046638277,-0.062222615,-0.035613824,-0.07200256,-0.031504463,-0.04593762,-0.02947596,-0.05162438,-0.055186305,-0.0066915187,-0.05507916,-0.022578407,-0.062082127,0.05641014,0.043307584,0.0035430053,-0.016336437,-0.029185927,0.023394233,-0.034975145,0.014419156,0.045937635,0.002647199,-0.045211576,-0.033929378,0.025380857,0.050757598,0.08090703,0.020292522,0.014353541,-0.0044813175,-0.030495077,-0.027975073,-0.025158223
0.071258694,-0.044931054,0.03593118,0.05109814,0.021491574,0.036201768,-0.0009841138,0.025640577,-0.019337274,-0.01770676,0.01929795,0.021086546,-0.03285558,-0.01280351,-0.0065525603,0.011498844,-0.019117497,-0.012603468,0.006114034,0.0020463504,-0.03807107,0.046928152,-0.030949472,0.01786935,-0.0062149996,-0.0023076918,0.058390334,-0.07773883,0.003920363,0.0074727605,0.037292197,-0.03716559,-0.02627605,-0.002011474,0.016520923,0.0018764662,0.04960213,-0.060753725,0.044696357,0.032436006
-0.08224253,0.024329605,-0.031169927,0.025498157,0.080878265,0.05970609,0.026081275,0.0768005,-0.0017525333,0.060904857,0.03561275,0.010564255,0.035749592,0.06347855,0.050343286,0.05213867,0.043895353,-0.013146549,0.049296338,0.058842164,-0.009506505,0.050458238,0.04758126,-0.024176337,0.06479063,0.041280583,0.02754763,0.07855148,0.005961331,0.038474165,0.064642124,0.04832683,0.015673487,0.04760395,0.010255679,-0.018217234,0.07182519,0.04918845,0.06717099,0.010046709
-0.05283615,-0.024389068,0.019980632,0.03045405,-0.048385523,-0.014683582,-0.022986414,0.030315584,-0.010529016,0.03212433,-0.07026975,0.002255667,-0.051994164,-0.042056665,0.0073801028,0.011387102,-0.004608127,-0.05232105,-0.034266137,-0.0152394045,0.022809384,-0.032889303,-0.01123702,0.0027277134,0.03944038,-0.03146644,-0.022031395,0.015773825,-0.044485807,-0.03799298,-0.031876713,-0.04845488,0.036119178,0.025317434,-0.009122532,-0.054545823,-0.06972086,-0.020766068,-0.031388793,-0.046122387
-0.053685434,0.07394221,-0.057047084,-0.06752805,-0.036548372,-0.014889996,-0.007295408,-0.020062651,-0.07105438,-0.019149018,-0.017669661,-0.05168946,-0.06459701,-0.043815356,0.026824279,-0.05419849,0.008711546,-0.023324696,-0.0052234093,-0.04562821,-0.03586698,-0.047106706,-0.06901473,-0.057064734,-0.03668439,0.022582803,-0.06165051,-0.065911956,-0.034996923,-0.03881645,-0.06482566,-0.03654235,-0.004555067,-0.036255676,-0.029926453,-0.06585318,-0.07103229,-0.05348377,-0.023949495,0.023427596
-0.047138073,0.06754761,0.03169623,0.070471525,-0.040412772,-0.04995871,0.068136066,0.029861843,-0.05711079,0.025706943,-0.047934856,0.081509955,-0.023530144,-0.031378616,0.03878731,0.018996777,-0.023365388,0.024192084,0.034356516,0.023113383,0.0036827202,0.025425045,0.014650022,0.07015635,-0.010697925,0.0450481,0.02486909,-0.0023901886,0.029638043,0.00473168,-0.0043632747,0.042777978,-0.023715029,0.022217695,0.032197095,0.0028105387,0.018618597,0.04736868,-0.040175408,0.06852109
-0.017210055,0.0293587,-0.0189321,-0.042829484,-0.037029218,-0.020262988,0.0040347525,-0.026982566,-0.057529785,0.03574651,-0.05244728,-0.016525604,0.0065064547,-0.04742878,-0.043528583,-0.060589895,0.029225286,0.0040159286,-0.032668345,-0.056762885,-0.0710435,-0.05621559,-0.04926564,-0.054735713,0.0119711235,-0.00558037,-0.03665236,-0.03689245,-0.050871268,-0.0060177348,-0.026668133,-0.037729017,-0.007124685,0.03710959,-0.02203697,-0.027746497,-0.04094065,-0.070892185,0.008496097,-0.050660286
0.017929481,0.010547331,0.0027192335,-0.02290382,-0.034915954,0.028883792,-0.03493999,-0.036216643,0.01711839,-0.030297723,0.055059485,-0.024483422,-0.040933788,-0.03626499,0.011748478,-0.00912684,-0.04684977,0.014519876,0.045609348,-0.00032254544,0.061419886,0.01712573,0.009071221,-0.0018044712,-0.035291962,-0.018414203,0.027696973,-0.016493026,0.013128741,-0.014248735,-0.056204576,-0.0067413743,-0.014158108,-0.047438607,0.028693987,0.025087584,-0.030062832,-0.028822673,-0.030907363,0.010078194
-0.06569337,0.034433115,-0.008268408,-0.029984731,0.036720816,0.066837035,0.064209506,0.045936175,0.039739605,0.0073097744,-0.03934678,0.055760607,-0.050870847,0.01872015,0.006892177,0.05168843,-0.04768974,0.039631654,0.031640917,0.073027164,0.0054898076,0.0020699587,0.051349476,0.06543958,-0.029637799,0.0022335546,0.021024916,-0.007712448,0.07760304,0.037888575,-0.050244745,0.076528795,-0.0011060851,0.047836576,-0.021685176,0.031059628,-0.08301202,-0.060582023,-0.012446721,0.04131587
0.042385597,0.026969988,0.03764972,0.02724406,0.04091876,0.046859633,0.0480162,0.057867378,0.003439732,0.04505791,0.018247142,0.057258334,0.04565372,0.047269214,0.06488449,0.011148168,0.049068723,0.06444774,0.01916197,-0.059994016,-0.0521564,0.024463043,-0.008212522,0.010425082,-0.053118233,0.007845281,0.0066181314,-0.017318293,0.052890252,0.04794344,-0.032653574,0.038323045,0.029525612,0.0941003,0.024310788,0.06242351,0.029800983,-0.025769683,0.018992096,0.024965093
0.0028147446,0.04646802,-0.050169166,-0.03665427,0.018809523,-0.043355443,0.018106144,-0.016132314,-0.024114016,-0.00031414398,-0.040701676,0.0449759,-0.052143134,-0.054349434,0.06743406,-0.031658232,-0.041329797,-0.006015466,0.027644413,0.052834313,-0.081311025,-0.067037426,-0.045725584,-0.021825247,0.06840776,0.016390415,-0.027195625,0.00047924276,0.06743805,-0.08779981,0.02894253,0.045479015,0.047343303,0.011265238,-0.06322896,0.025814293,-0.032179512,-0.0222651,-0.046649534,0.06950869
-0.015384718,-0.03889734,-0.06063275,-0.045419138,0.024007535,-0.051387444,-0.06467169,0.042766616,-0.0039060188,0.0024703122,-0.06726919,-0.024479818,-0.039136793,0.011629466,0.051727682,0.06454244,-0.012756445,-0.025273751,0.07888993,-0.005450717,0.0128685115,0.032621168,-0.024998114,0.0120725185,-0.008600416,0.011158922,-0.03740727,-0.020926373,-0.02710858,0.017976783,-0.0036561496,-0.05854918,0.0464354,-0.06636096,-0.007019719,-0.02061908,-0.072475344,0.056672867,0.047356654,-0.052830357
-0.015357663,0.014125289,-0.0075650937,-0.00071986375,-0.008772533,0.0027693892,-0.05033555,-0.021524204,-0.0031749972,0.01973863,-0.03129131,-0.015570098,-0.029412756,0.03157721,-0.084020585,-0.08234161,-0.0499471,-0.03962923,-0.078110754,0.016538939,-0.054441962,-0.076772355,-0.03624452,-0.054432258,-0.062250976,-0.024943007,0.06399925,-0.05779296,0.039338753,-0.07808434,0.048633453,-0.018338809,-0.052183617,0.02830655,0.044762537,-0.058044534,-0.041803192,-0.056412186,0.006903858,0.04756935
-0.0064280187,-0.03728058,-0.00038888492,0.014481158,-0.009524949,0.037066277,-0.05285419,0.02726856,-0.018902607,0.004022374,0.016949449,-0.003939356,-0.008236944,-0.03168542,0.048236962,0.03548048,-0.041329682,-0.012487842,0.030278584,-0.024312012,-0.029588066,0.0018959376,-0.05437969,-0.021321563,-0.009753764,-0.02554628,-0.022489468,0.028707467,0.012171374,-0.01199975,-0.03132149,0.016494073,0.015963497,-0.038172994,-0.049235772,0.03475799,-0.05469079,-0.044211157,-0.030217785,-0.013373846
0.08174179,0.032901995,0.07181494,0.036788963,0.040145602,0.047930744,0.039569963,0.04903672,0.059486553,0.060843408,0.049288273,0.03928796,0.051213652,0.037977118,0.06328203,0.057462785,-0.0013350805,0.068076745,0.0612356,0.004123343,0.04922617,0.046056643,0.040757682,0.024300523,0.09651255,0.059020836,0.009347519,0.06362481,0.07472248,0.05602409,0.0077654487,0.06950191,0.03540439,0.07389082,0.064706355,0.016807234,0.060681913,0.058960363,0.024803355,0.06460696
0.00017489662,0.012396763,-0.03984179,0.033054166,-0.019021166,-0.037630327,-0.029428052,-0.054790594,-0.04668374,-0.038495664,-0.037221752,-0.010221495,-0.020057814,-0.059544258,-0.014994735,-0.017107883,-0.012977554,-0.0776111,0.042180125,0.00792324,-0.026207168,-0.010077314,-0.052266553,-0.034797665,-0.06508891,-0.06834912,-0.07105421,0.019933732,-0.043066785,-0.08040372,0.0083575025,-0.017538214,-0.07835769,-0.046471152,-0.045976553,-0.024478804,-0.036910526,-0.06762358,0.017640343,-0.0067955004
0.07087801,0.048074916,0.024777686,0.0475028,0.07559119,-0.017443713,0.046166595,0.07748493,0.071292475,0.06746171,0.045793146,0.067639224,-0.054021224,0.027987344,0.03619466,0.031453833,0.042419467,0.010020759,-0.0031749976,0.063508846,0.04908569,-0.00079231826,0.054358657,0.080233894,0.06489303,-0.011414056,0.006897654,0.06766137,0.025109615,0.03882352,0.03493196,-0.011006751,0.06300464,0.06931885,0.04750151,0.05504468,-0.04080553,0.041778702,0.06843603,0.058046333
-0.03882679,-0.064257555,-0.07360115,0.017261898,0.06251084,0.02790407,0.05954219,0.031239063,0.07043342,0.036716733,0.02571578,0.047931604,-0.042596348,0.058791324,-0.006976778,0.054920822,0.015803337,-0.00857058,-0.050852843,0.037206423,0.007813626,0.04632378,0.06122225,0.024598597,0.047771346,0.026895722,0.0068954844,0.007824187,-0.04602573,0.036967408,0.045502394,0.060023714,0.056067612,0.04310778,0.026009155,0.019354902,0.036339987,0.062937,0.064610764,-0.0046435553
-0.03489096,0.04769532,0.07735675,0.03556504,-0.020439362,0.016203627,0.051668804,-0.032491744,-0.014880372,-0.017658357,0.034410335,0.0036526585,0.05117889,0.04217265,0.01081771,0.016595254,0.0060471664,0.061844744,-0.041259512,0.06012705,0.06746613,0.0065942598,0.008622852,-0.007498644,0.06935204,0.02700074,0.018269798,0.07660244,0.01633105,0.04376228,-0.011823147,0.06246066,0.04547472,0.01927052,0.020811561,0.05604688,-0.014740342,0.061158992,-0.058835987,0.02532245
0.07536677,0.06142132,0.037382074,0.04102079,0.034761712,0.013330674,0.037061732,0.032950427,0.07117593,0.057771295,0.061195698,0.051257946,0.034019332,0.036614824,0.045762803,0.023913538,0.005430139,-0.049395353,0.015845958,0.00514792,0.05489662,0.054369446,0.018364744,0.06539647,0.0029356128,0.049650766,0.046179622,0.05235035,0.0598236,0.034372583,0.05189904,0.07427532,-0.004134718,0.0050751576,0.04204099,-0.045678437,0.015391258,0.053087886,0.024884189,0.009322347
0.020282634,-0.062393017,0.018601304,0.07787301,0.076947466,0.07667509,-0.03169699,0.08758586,-0.01392869,-0.005794964,0.023390625,0.048665065,-0.012233729,0.010093296,0.014954786,0.06208455,0.06889547,-0.050447132,-0.061630674,0.067056805,0.022796808,0.05868323,-0.01303559,0.03339776,-0.020609638,-0.046384003,0.032219812,0.0019661442,0.07227124,0.08239879,0.08188871,-0.084069796,0.031068455,0.020790214,0.056201503,0.068098515,0.0027316425,0.04949134,0.08027593,0.03056665
-0.008336098,0.013184522,0.0311813,0.04807763,0.04883671,-0.02519225,0.052432396,0.028000223,0.054313414,0.022255909,0.074782215,0.053548742,0.024947084,0.02498345,-0.04398373,-0.02417752,-0.026343895,-0.027890582,-0.0066930987,0.054240678,0.006246155,0.035555184,0.03826513,-0.015467125,0.009098702,0.030597307,0.051004127,0.06479873,0.07889474,-0.028255118,0.036291406,0.06370768,0.055201355,-0.043208797,-0.016684156,0.06640113,-0.012465814,0.05916226,0.02506734,-0.035136063
0.07239235,-0.025332304,0.08306423,0.06254833,0.029149806,0.07057199,0.0846474,0.08525839,0.06817209,0.05959441,0.06687575,0.061299216,0.081037745,0.07208309,0.008732413,0.05728467,-0.047141846,0.0842616,0.08306565,0.07160922,0.061680865,0.051750734,0.069948085,0.0354476,0.08612746,0.05616072,0.016962925,0.0064362576,0.05934952,0.087965086,0.04968476,0.058749177,0.08941006,0.09885405,0.06587178,0.07076932,0.058415648,0.075190485,0.072221674,0.069789834
-0.07276482,-0.05860246,-0.05186745,-0.040098142,-0.007773697,-0.033607356,-0.0560404,-0.025974825,-0.06166828,-0.0672227,-0.05906611,-0.025636792,-0.075745374,-0.031592876,-0.055639565,-0.054962344,0.019200139,-0.020648886,-0.061904572,-0.04812926,-0.06583794,-0.02100318,-0.057639018,-0.05967254,-0.015453851,-0.009481399,-0.03573441,-0.003308517,-0.07164854,-0.030839603,-0.07656011,-0.029933318,0.069858044,-0.025067095,-0.04668009,-0.064001925,-0.055229045,-0.053466864,-0.047037095,-0.05489299
-0.04253854,-0.08215222,0.008333681,-0.03898199,-0.07513123,0.025882892,-0.04938878,-0.07390791,0.018939871,-0.037113216,-0.0006772764,-0.061360132,-0.03906086,-0.064991765,0.020558149,-0.022192124,-0.0050390507,-0.046932872,0.07335874,-0.008477091,-0.041438654,-0.031236589,0.014248147,0.005035626,0.07755482,-0.062253255,-0.060368314,-0.08801975,-0.08149586,0.0021926877,0.04662159,-0.008233469,-0.044936687,0.010656089,0.061438963,-0.031444307,-0.036396876,-0.0077673346,-0.009935332,-0.05984854
-0.05050588,-0.07561415,-0.077831306,-0.06799097,0.0037922107,-0.08239437,0.041262332,-0.037930608,-0.074311525,-0.078945406,-0.053094666,0.02643639,6.125464e-05,-0.06006209,-0.0040742597,-0.007898634,-0.07838774,-0.040193263,-0.036893114,-0.012927625,-0.011580827,-0.052453928,-0.0823743,-0.067179926,-0.010179367,-0.04985584,-0.06423676,-0.058611393,-0.028731095,-0.041536197,0.042633317,-0.034805495,-0.05073207,-0.07471417,-0.07664159,0.05264388,0.029659823,-0.054289,-0.0005882901,-0.06845205
0.042504888,-0.033386298,0.08536061,-0.0110672545,-0.004672761,0.028478572,-0.012068791,0.0070729475,0.00670629,-0.03248553,0.012539018,-0.047983214,-0.036474936,0.012538548,0.0070241783,-0.028889537,0.06785327,0.092083484,-0.04386282,0.05084199,-0.005499819,-0.053243287,0.04382709,-0.029500013,0.036180947,0.06548149,-0.0633706,0.026444182,0.060951162,-0.0077073826,0.05339726,-0.010713176,0.055564865,0.008938247,-0.019524975,0.006007594,-0.05479606,0.0386781,0.060677897,0.06543425
0.0014491826,-0.011974319,0.05972316,-0.072547175,-0.004409572,-0.025167461,0.023770064,-0.04230311,0.020974748,-0.013414496,0.030728897,-0.02240608,-0.005220029,0.054412484,0.06301029,-0.018604442,-0.039454516,0.03386173,0.026333319,0.07422343,-0.04578638,0.023783356,0.0033812285,0.0766892,-0.05672996,-0.047645945,0.014022692,-0.012807442,0.041695286,-0.044049393,-0.05509889,-0.016985483,0.0078136865,0.03977984,0.054379888,-0.03361638,0.0223107,-0.0014819945,-0.010823098,0.060838215
-0.06858577,0.004001903,-0.026548209,-0.051383376,-0.06443537,-0.037994664,0.026131578,0.011133852,0.025217077,-0.017973868,-0.018474111,-0.01375361,-0.025276981,-0.035144087,0.057986517,0.051723156,-0.027292032,0.00088223175,-0.04037286,-0.049955424,-0.057367984,0.023569144,-0.052080967,0.013087206,-0.04320202,-0.06499602,0.065378785,-0.048986197,-0.03943997,-0.035329852,-0.06897572,0.059237637,-0.011109061,0.011181325,0.039119225,-0.0011887895,-0.040072285,-0.02924486,-0.04473931,0.03542926
-0.006746533,-0.0683173,-0.007329795,-0.0029241894,-0.012598297,-0.04012173,0.05623368,0.0040122354,-0.07510548,-0.0744045,-0.07258417,0.023735275,-0.011819509,0.044283863,0.00555246,0.039325595,0.074123204,0.06329617,-0.050091535,0.051019754,-0.055143707,-0.08134949,-0.056133103,0.054730188,-0.0068336423,-0.028587071,0.052464213,0.054678533,-0.08020777,-0.037681475,-0.025870688,0.08270925,-0.07492492,-0.034371007,0.032448422,0.03475574,0.035444796,0.008454041,0.02788043,0.062189333
0.06420637,0.0651696,0.07132106,0.04797876,0.04211603,0.055019584,0.013312352,0.055757534,0.04626633,0.056521196,0.064777374,0.04441886,0.03206899,0.036856867,0.05739822,0.06083665,0.05659706,0.031813066,0.027846355,0.063878246,0.030046362,0.059375394,0.076186635,0.04677427,0.031927586,0.020877428,0.0736616,0.065146446,0.07183522,0.02045825,0.059411325,0.0022073726,0.009724222,0.031658784,0.05305042,0.039211642,0.05942305,0.05461411,0.026637344,0.05345798
-0.053786542,0.03674135,0.062305942,0.06433043,0.021960981,0.06575163,0.067118905,0.01654782,-0.014920454,0.036244683,0.036720775,-0.022324666,-0.038697004,0.0067520454,0.00051930425,0.053452324,-0.010797585,-0.0043260665,-0.032987032,0.068717584,-0.0039633517,0.040992506,-0.0028965801,-0.012158955,0.048381243,0.009951572,0.030540483,0.053127658,0.041546393,0.06119922,-0.012077964,0.036741473,-0.058389604,0.02932886,0.039933152,-0.05204292,0.028384285,0.015864862,0.076591425,0.0020109937
-0.06860225,-0.02173988,-0.046131887,-0.055219594,0.023733007,-0.0073432317,-0.020870483,-0.014222807,-0.070925355,0.034069262,-0.054761607,-0.050004475,-0.03630927,0.022941714,0.06576854,0.054572046,-0.022405881,-0.03278527,-0.039176945,0.0583898,-0.06319195,0.006489188,0.04823138,0.04423704,-0.012455957,0.04846088,-0.0073432005,-0.0074029914,-0.036971275,-0.064403675,-0.021235604,0.0015623078,-0.07898096,-0.052378796,-0.06314306,-0.055202696,0.0674613,-0.061602537,-0.045427162,-0.058035027
-0.051777694,-0.029682497,0.020326577,-0.02078757,0.017099954,0.0452469,0.054830097,0.0034676716,-0.01796987,0.030395368,0.013571772,0.01882955,-0.0010256891,0.018915376,0.04292522,0.00816633,0.034363274,0.029755756,-0.026513647,-0.001419126,-0.054956157,0.011429955,0.01053504,-0.011291964,0.023388518,0.00064750994,0.042976707,0.0058700903,-0.04045722,0.058306642,0.02652162,0.0067643747,-0.00090645585,0.014193597,-0.030452685,-0.041692466,0.061223548,0.024229117,0.0037439908,0.039871555
-0.047963817,0.0057018413,-0.0044791666,-0.011048052,-0.022493728,-0.056594234,-0.04677414,-0.013106498,-0.012248945,0.03245487,0.03877409,-0.014983231,-0.011251547,0.0066978536,-0.010919069,-0.014840793,0.07267806,-0.036850583,0.008132135,-0.032227322,-0.01834245,0.030818384,-0.05464199,-0.06615453,-0.05481702,-0.015344664,-0.04311706,0.0019383237,-0.051639494,0.06526182,-0.016506728,-0.044513356,0.011590797,-0.03285977,-0.07012354,-0.045049217,-0.015078405,-0.013033595,0.055512328,-0.07589867
0.06341137,0.06501105,-0.0023453452,-0.06458296,0.03077521,-0.008909181,0.07319445,0.018026436,0.025037682,0.052235886,-0.015754536,0.013125327,0.060495455,0.045150515,-0.01945173,0.0017580156,-0.010322512,0.02104655,0.05735885,0.032804534,0.018567767,-0.031846806,0.062493227,0.061649755,0.0060407184,0.06285591,0.0025303473,0.0061928593,-0.0022564149,-0.044177797,0.051059883,0.053330436,-0.006630903,-0.041141406,0.055318646,0.041466203,-0.04091853,-0.00064946857,0.045730956,0.036670998
-0.044892397,0.07486373,-0.0035530587,-0.023984004,0.077084415,0.04074494,-0.011583775,0.036679752,-0.01457785,0.062996276,0.07239013,0.036800876,-0.05690125,0.050151102,0.035395898,0.06693022,0.017224059,0.00772259,0.070263974,0.068166636,0.0291288,-0.0131046735,0.027992038,0.052868452,0.016063694,0.0725051,0.027316596,0.009365199,-0.012334046,0.06857469,0.01679496,0.027043762,0.031364,0.0016912941,-0.04524106,0.059616674,-0.050227687,0.023940481,0.06053922,-0.032384437
0.02430963,-0.022494333,-0.009139427,-0.039163437,-0.004683095,0.004885075,-0.039498292,0.040559765,-0.055624608,0.008019855,-0.03770972,0.008963213,0.007304845,-0.011652528,0.034708396,-0.025717225,0.010617328,0.04322002,0.04417419,-0.05006346,-0.010127627,0.012086169,-0.028159622,0.026666785,-0.045143444,0.006934477,0.0039025957,0.047334712,-0.02470107,0.022824679,-0.06597265,-0.022241665,-0.016527561,0.014878953,-0.029367885,-0.043168698,0.02538033,-0.013552611,0.030767307,0.010117589
0.009816498,0.07400982,0.06406499,0.06491286,0.07683762,-0.0014044874,0.006517993,0.059829313,0.074132286,0.065367654,-0.04920187,0.06206841,0.07353897,0.06317393,-0.010175246,0.05660012,-0.063255414,-0.017197486,0.069920845,0.049345978,0.079899915,0.07190914,-0.017552422,0.0021311454,0.04413261,0.06285571,0.06527206,0.010322971,0.042108312,-0.033831254,0.07994668,0.054578327,0.04024556,-0.0035481106,0.017413778,0.07561756,0.038094535,-0.0020869486,0.006683712,0.03266304
0.014566789,0.021540824,0.0007132264,-0.047226194,0.0644886,0.02492853,-0.0624151,0.07349993,0.039733376,0.07844878,0.013987662,-0.027521327,-0.071265005,0.07222516,0.039911386,0.016505832,0.013750581,0.0016994753,0.0044140667,-0.043721866,-0.044406213,-0.031260762,0.007131847,0.01977708,0.027788948,0.08023113,0.07133438,-0.025603034,0.06083047,-0.014015925,0.036921505,-0.023751654,0.041959144,0.012071473,-0.030806502,0.0707515,0.025036898,0.06779565,0.04413642,0.06602164
-0.012309863,0.059727654,-0.07687807,-0.03993431,-0.08228499,-0.059048086,-0.019711375,-0.015610263,0.0042769313,-0.07944504,-0.054848805,-0.06501083,-0.0650416,-0.05903268,-0.03272573,-0.050843567,-0.0052774395,-0.062169306,0.017004482,-0.054090753,-0.082058236,-0.036665414,-0.08087463,-0.06568902,0.013526734,0.0013314087,-0.06565518,-0.046332955,-0.054664288,-0.005725271,-0.0337082,-0.039614186,-0.033460453,-0.07653614,-0.06735429,-0.07339086,-0.08242943,-0.076762386,-0.07227264,-0.06878194
-0.03413788,0.01948547,0.021607611,0.021456894,-0.04317731,-0.029217191,-0.00047910202,0.01199003,-0.006940825,-0.024521055,-0.006683223,-0.019179631,0.02996704,-0.01511637,0.009330974,-0.06119314,0.014799902,0.055985607,0.041260477,-0.034292556,-0.05664353,0.011693072,0.010035589,0.04021294,0.0030708837,-0.023922557,-0.03783483,-0.03926336,-0.04354355,0.02388538,-0.045290347,-0.033247836,-0.049639978,-0.02307156,-0.025758458,-0.018711798,0.06553668,0.008812671,0.019016383,0.05907249
-0.0026287336,0.039466444,0.06500383,0.041499972,-0.051256113,-0.035195168,0.064617746,-0.056720834,0.026216602,-0.0654427,0.04299361,-0.013538707,-0.054201137,-0.003575141,0.0803768,-0.002188131,0.030693954,-0.06971366,0.061072055,-0.00823451,0.05640711,0.071535856,0.0060803634,-0.0016739774,-0.048955232,-0.06065179,-0.0050083813,-0.05526252,-0.043403715,0.08731038,-0.028047923,0.037609816,0.0016847244,-0.044857893,-0.023697184,-0.042834777,0.036575273,-0.07343925,-0.03471439,-0.07063497
-0.06212729,-0.021816274,-0.04932716,-0.022692166,-0.066497,-0.03255037,-0.051045656,-0.05110635,-0.05868227,-0.06086727,-0.0008910364,-0.061202463,-0.03795253,-0.047798514,-0.0554038,0.0007488667,-0.028919537,-0.058427695,-0.031744782,-0.022661697,-0.023405297,-0.05893222,-0.012426146,-0.004090099,-0.019694125,-0.038646124,-0.023278166,-0.024155578,-0.042526796,-0.07008655,-0.057647854,-0.05428334,-0.07651027,0.043959454,-0.0030755154,-0.027409645,-0.037403755,0.0031539488,-0.03772509,-0.02672299
0.0357793,0.062321745,0.027422898,0.036190335,0.07882562,0.021282157,-0.030423146,0.017663449,0.07286283,0.024883233,0.009457958,0.029179508,0.008758223,0.044975024,0.021864654,0.04207665,0.032615066,0.005557459,0.04502606,0.075669155,0.03940068,0.060938448,0.043029666,0.043478116,-0.06210222,0.04396612,0.07955279,0.0797125,0.06412202,-0.057799,0.047953807,0.05874596,-0.027509194,-0.008911889,0.049970735,0.049252473,0.027184984,0.025658038,0.035050314,0.059755884
-0.060035642,0.049769,-0.022046423,0.047533847,-0.0047187055,-0.04450743,-0.060204398,-0.040845353,-0.069993086,-0.052075434,0.0060785115,0.07512546,-0.024787538,-0.0712008,-0.014569704,0.03848233,-0.01718295,0.001526193,0.050421357,0.029445875,0.039049733,-0.082620956,-0.068268426,0.033943888,-0.028778378,-0.0055594407,-0.0469145,-0.018782075,-0.055092722,-0.06745321,0.07090493,-0.053820394,-0.030933088,0.019171646,0.051758382,0.049121056,-0.05211735,-0.05435392,-0.060529884,-0.029955834
0.06958396,0.024964342,0.04786208,0.060171805,0.051841773,0.070421636,0.043573063,0.07904214,0.061589267,0.07775529,0.038022853,0.073069066,-0.0008796211,0.074873045,0.03453041,0.06698622,0.04199069,0.046450317,0.037977975,0.044350762,0.031584226,0.04843841,0.06637019,0.045236472,0.086989395,0.018837625,0.08061808,0.052089907,0.05111869,0.08567594,0.04155239,0.07369395,-0.0051982393,0.08813964,0.06626129,0.069353834,0.05330858,0.04311057,0.042728003,0.057069093
0.0141210295,0.028468171,0.055660255,0.0011994771,0.054028053,0.021525418,-0.010948041,0.06719532,0.059276782,0.054307837,0.008929426,-0.005805859,-0.030754708,-0.031781755,0.060416814,0.07548805,0.0053312867,0.038331117,0.05160365,0.055261403,0.025400372,0.033640884,0.06313337,0.024833608,0.018037181,0.06402653,0.007571908,0.047596194,0.012763871,0.04673492,-0.04211258,0.035403743,0.027228527,0.050444663,0.04418796,0.054377988,0.053931314,0.054630674,-0.00021679608,-0.0025457798
-0.05213043,0.016175266,0.07039377,0.06898883,0.035577495,0.022620581,-0.059406653,0.0060181133,-0.044596385,-0.027614992,0.013496103,-0.035170473,0.05743102,0.015330149,0.008040464,0.04248211,0.005030103,-0.061605502,-0.029050449,0.044598207,0.039178967,-0.0052400515,-0.025183931,-0.029806586,-0.046749152,0.023947567,0.026570756,0.009612911,0.031336922,0.036578372,0.0071667656,-0.004885072,-0.06750273,-0.006926983,-0.056905348,0.042599786,0.07688099,-0.063840166,0.012264369,-0.07476151
0.02798913,0.021446688,0.07178247,0.04256379,-0.06474176,0.035352804,0.06525064,0.00014662884,-0.028229529,0.03881137,-0.025952311,-0.047716096,-0.063868046,-0.044176485,0.04572133,-0.014047506,0.07925086,0.072463475,0.03087434,-0.06508437,-0.038531188,-0.034904502,0.02395065,-0.04048787,-0.0014631856,-0.037447274,-0.019771129,-0.04956222,-0.005206382,0.058708053,0.039811473,0.052821826,0.01618604,0.055964995,0.048326023,-0.017367842,-0.0009066341,0.022128673,-0.02444149,0.060421947
-0.028739957,0.03819549,0.05891577,0.041410785,-0.01386236,0.025701163,0.031590465,-0.016028894,0.07131523,-0.06836974,-0.005218648,0.0046456745,-0.020754008,0.020003013,-0.04107891,-0.0474643,-0.011960138,0.049981736,-0.04437311,-0.045920186,0.07612947,0.066005036,0.0426997,-0.026785621,0.047038168,-0.03592453,-0.059066754,0.008675046,-0.05209146,0.017117104,-0.03128045,-0.037245844,-0.00085721526,0.027656047,0.031418655,-0.04612725,-0.050068364,0.010412931,0.03451103,0.049432345
-0.020267315,-0.06086611,-0.009955513,-0.025080549,-0.060753834,-0.023722962,-0.020012978,-0.04525401,-0.0018839268,0.026982203,-0.02128227,-0.043309383,-0.024582613,-0.03676001,-0.031278327,-0.023541959,0.023938775,-0.034487706,-0.06319629,-0.010305144,0.03056106,0.054574654,0.025049282,-0.011065296,-0.0936146,-0.053844865,-0.015256867,0.012929901,-0.03701089,-0.0170534,-0.018424563,-0.07269213,-0.023469394,-0.031088507,0.013351657,-0.040453777,-0.036476314,0.064615585,-0.023237916,-0.021437934
-0.06835696,0.05206898,-0.07021385,0.03564152,0.057337087,-0.060558107,-0.059088215,0.0038762053,-0.03423886,0.0065094065,0.03771643,0.016451145,0.017475484,0.056297358,0.028591635,0.0031677573,-0.06365976,-0.016483638,0.05674343,0.018006666,0.039818294,-0.008445682,-0.0029240581,0.017314889,-0.07158629,0.055788193,-0.019263253,-0.06258902,0.016705014,-0.055485442,0.013737324,-0.03120938,-0.024799684,-0.055897407,0.024116768,-0.031682722,-0.012751817,0.030467154,0.068631105,-0.0030102457
-0.040602405,-0.05838237,0.06366356,-0.017512908,-0.023905452,0.052571423,-0.026351772,0.03523193,0.0026478583,-0.08440515,-0.029874733,-0.06849184,-0.0035480172,-0.0073083965,-0.060228925,-0.054362703,-0.050226368,-0.032924827,-0.08340475,0.014665592,-0.08351189,-0.06882673,-0.063920155,0.007885244,-0.057659533,-0.082905024,0.053790305,0.032928705,-0.030313386,-0.06757046,0.032697283,-0.017079903,-0.047651973,0.014205576,0.062041245,0.056349456,-0.052791473,-0.066656016,0.029870367,0.008733473
-0.037802164,-0.06557934,-0.050316002,-0.036766037,0.0049113235,-0.043962974,-0.040108062,-0.0014063703,-0.039192095,-0.016661787,-0.028892362,-0.050022926,-0.035736393,-0.011567049,-0.05550114,-0.020984082,-0.03892208,-0.07814787,-0.04815185,-0.028048126,-0.027388537,-0.064019516,0.013335477,-0.018122485,-0.025647491,0.0018861007,-0.0332011,-0.042127185,-0.024572201,-0.05966214,-0.07099891,-0.04068296,-0.0316772,-0.073026575,-0.021149928,-0.017531546,-0.057587072,-0.008285959,-0.047803156,-0.056366213
-0.042773426,-0.03664796,-0.06399307,0.022023946,-0.004126893,-0.071335204,0.032812893,0.047075797,0.024371397,0.024602696,-0.080036454,-0.043018322,-0.004091277,-0.02601087,0.07124028,0.02438829,0.04835404,-0.030323192,0.0119658075,-0.059938192,-0.0702297,-0.051105306,0.027069608,0.041181315,-0.043710463,-0.06733665,0.032342236,-0.04572744,-0.034691922,-0.07805271,-0.025018016,0.018265493,0.025703397,-0.0040345564,0.027442636,-0.05665862,0.043077853,-0.056111865,-0.0005836594,-0.011058832
-0.069705784,0.052776515,0.053237118,0.04727984,-0.021783652,0.009775347,0.05439482,-0.02612246,0.04177976,-0.0374034,0.03289005,0.047264498,0.057734422,0.03291977,0.07869592,0.012693346,-0.044035465,0.015519646,-0.04034309,0.052345883,-0.05820557,0.01455604,-0.019906607,0.019396266,0.013851563,-0.04599065,-0.063116364,0.030291982,0.00877123,0.010687594,0.030794654,0.06365545,0.039751556,0.00017408395,-0.032498673,0.049734384,0.03695171,0.013020233,-0.036613844,0.026850564
0.015517794,-0.03973788,0.0675354,0.04114228,0.0018133918,0.05970407,0.006232854,0.041878775,0.05389934,0.010444486,-0.022664418,-0.0051191347,-0.04745523,0.055654693,0.004511486,-0.035801098,0.03229275,0.07330343,0.06719163,0.06786358,-0.028115353,-0.02310228,0.024996897,-0.008666759,0.038375434,0.044078976,0.0019325702,0.046942484,0.038431875,0.058048382,0.027103063,0.06559457,-0.0034416202,-0.013766117,-0.04761872,0.062642224,-0.015927374,0.057567693,-0.009676765,-0.006339088
-0.011177971,0.001214948,0.062282205,0.019154718,-0.04100594,-0.030169316,0.01945057,0.019940106,0.070798,0.018480053,0.013842725,0.04119878,-0.02003209,0.050752893,-0.009696826,0.028933529,0.045603,0.026986338,0.0040780036,0.06725538,0.047987167,0.024533454,0.0026396632,-0.06482911,0.092539795,-0.017053992,0.0628666,0.018708972,-0.010139345,-0.0060620285,-0.015688827,0.033741895,0.068259455,0.050864186,0.04330041,-0.0015274549,0.04750964,0.05538955,0.06704852,0.01670592
-0.0022089179,0.06439541,0.04737175,0.011423584,-0.0253815,-0.05654751,0.07409742,-0.04173296,-0.003830595,0.006186502,-0.048322506,0.079203166,-0.057355452,0.040606778,0.05901313,0.050832015,0.024468552,0.054533165,0.061965596,-0.01085531,0.06324221,0.004156241,0.04324567,0.056396004,0.012203019,-0.03632018,-0.021493448,0.06550603,0.03126912,-0.0017647754,-0.08072891,0.065312,0.008636112,-0.01468909,-0.038796153,0.018646477,-0.021596465,-0.06273805,-0.040568553,0.06727976
0.007866989,-0.043389272,-0.0031588327,0.015119336,-0.034528904,-0.05358056,0.055663187,-0.08227369,-0.038607024,0.0368529,-0.06266651,0.01778165,0.0012986973,0.02375697,0.07026812,0.0016582757,-0.026057186,-0.024504345,-0.06801493,-0.03945728,-0.049803875,-0.050185114,-0.029886808,-0.002487433,0.0071757846,-0.0016618076,-0.034556534,-0.0571989,-0.0613696,-0.06399951,0.0283594,0.008202387,-0.068293594,-0.004009966,0.024839753,-0.06320901,0.020112133,-0.0042096074,-0.032476597,0.009469365
-0.03717492,0.03959484,-0.07473458,0.055768482,0.06289065,0.023284962,-0.04211927,-0.0677629,-0.050449982,-0.021498987,-0.00067681365,-0.032661118,-0.058600638,-0.052113123,-0.0035194077,-0.07328766,0.02345255,-0.07442494,-0.07386989,0.026059367,-0.05313895,-0.029592525,0.061588064,-0.049844693,0.007532487,-0.075138226,-0.08018759,-0.028580915,0.03685316,-0.027554974,0.04263372,-0.07349408,-0.022879334,-0.036751084,0.065514006,-0.0340872,0.006377983,-0.07151568,-0.07230675,-0.057541594
0.035515945,-0.03620981,0.03662454,-0.048093736,-0.02071371,0.017045505,0.025938459,0.015352272,0.07144939,-0.011610768,0.024839565,-0.0074945744,0.026826685,-0.0704219,0.03994389,-0.011622759,0.055373754,0.029759796,-0.023695715,0.06995226,-0.016080542,0.057991914,0.034581527,-0.059530664,0.019083869,-0.04680487,0.059281096,-0.029270554,-0.035804663,0.044077374,-0.0016310465,0.030160675,-0.04190652,0.03618237,0.05105241,-0.029078266,0.03681746,0.0023571271,0.05864551,0.0691961
-0.03461405,-0.008161476,-0.014939243,-0.019289916,0.008958185,-0.002328585,-0.009372915,0.022554386,0.03566971,0.012543413,0.06745171,-0.046029296,-0.010586432,0.00049187435,0.013939507,-0.04364196,-0.0017827216,-0.015923314,0.012159047,-0.021065583,-0.0010701419,0.020225763,0.01870724,-0.004181323,0.051024266,0.015458488,0.018356143,-0.022183431,0.0010625196,0.07756277,-0.00032767476,-0.012145469,-0.076117225,-0.01346888,-0.017244516,-0.0115111265,0.017439635,0.027136402,0.008130413,-0.050434623
0.05764144,-0.069219515,0.026967632,0.066344105,0.03967146,-4.9110324e-05,0.078966476,0.017050963,0.06883346,0.02054865,0.024409208,0.044373993,-0.0014939203,0.02922477,0.0768649,0.06615999,-0.0153075885,0.059717827,0.05327544,-0.07144624,0.08086002,0.02863816,0.06952955,-0.063184135,0.06924601,0.07683717,0.02311645,0.047819335,0.014174005,0.031163607,0.07331323,0.06534376,-0.055846065,0.058960747,0.062168255,0.043481983,0.07044806,0.03094769,0.0602151,0.0107084615
-0.04822124,-0.04606766,0.017707093,-0.07664709,0.03082863,-0.016014885,-0.06140997,0.016577417,0.024298843,-0.0030150595,-0.035789028,-0.03936419,-0.017015861,-0.046162695,-0.077414215,-0.05825478,0.023908705,0.03825697,0.07133281,-0.017982932,0.054420814,-0.0031350853,0.025306484,-0.03663115,-0.05378388,0.0626807,0.022833599,-0.012674381,-0.0046186545,-0.030785445,-0.028647369,-0.07064659,0.031713728,0.0077623334,-0.03190306,-0.043290734,0.01666113,0.032809902,0.029342238,-0.03821718
0.06667901,0.074667074,-0.019152312,-0.041645065,0.07210223,-0.027293649,-0.017037507,0.080930606,-0.024675384,0.040155243,-0.01673663,-0.00042925106,-0.001235022,0.06549032,0.053440534,0.038355768,-0.04507768,-0.02366575,0.005153329,0.003635676,0.041363608,0.021328596,0.021002201,0.039742388,0.025845608,0.07416926,-0.044443674,0.08206907,0.08387585,0.054549586,0.03582997,-0.05040963,-0.010282946,-0.04173351,0.03761187,0.039803024,-0.06130124,-0.0052712644,0.008182631,-0.0010315847
0.0396972,-0.048169676,-0.022469632,0.03298386,-0.050767966,0.041225705,-0.0016971848,0.0057418817,-0.0210188,-0.08210453,-0.07686215,0.050422724,-0.049997374,0.038572818,0.0059776152,0.014014069,0.0035672819,0.023590395,-0.038176853,-0.013644182,0.050539196,0.05934638,-0.058460776,0.011377354,0.000272981,-0.055426326,0.025943838,0.08771558,0.06900325,-0.03815923,-0.07156138,-0.00552733,0.039271507,0.07790536,0.06139256,0.013372593,-0.00842764,0.040934358,0.0041680615,0.0745327
0.05268313,0.025430758,0.04893066,-0.010679264,-0.014554637,0.014007476,0.007736683,-0.047279306,0.06681506,-0.021176443,0.029233916,0.03160137,0.02175199,-0.07436987,0.044027686,-0.009840281,-0.051701516,0.044815276,0.013473288,-0.05143869,0.025159562,0.014241465,-0.0013953812,0.026752701,0.05866397,-0.058889385,-0.04015566,0.04591479,-0.025656616,0.03947767,-0.01835249,-0.016025249,-0.024996672,-0.045994867,0.07122805,0.0014779076,0.04843187,0.053427227,-0.03973096,0.003577517
-0.046299063,0.02688058,0.038164902,0.07166423,0.05296167,0.060874827,0.06524111,0.01547469,0.040324923,0.03827501,0.07034764,-0.0058438466,0.03294739,0.0317105,0.05311818,0.027407223,0.07814975,0.05265408,0.067895584,0.033739205,0.056055572,0.06932985,0.07233948,-0.0035471576,0.06090596,0.019538252,0.056678724,-0.0012367769,-0.039959136,0.03964861,0.050206643,0.070182405,0.034659013,0.051293094,0.0099642025,-0.023003196,0.04061615,0.041231357,0.024221523,0.008588567
0.030897133,-0.037153754,-0.019305268,-0.010469453,-0.031825066,-0.0528462,-0.015672605,-0.06333879,-0.04039458,-0.010917843,-0.05643812,-0.0606326,0.002285323,-0.06881049,-0.0320197,-0.026462601,-0.050611574,-0.007921707,-0.02571198,-0.06522973,0.00033527828,-0.06336156,-0.05033635,0.01766818,0.026341965,-0.055219043,-0.061301235,-0.028731436,-0.066373415,-0.044447552,-0.06589708,-0.043963674,-0.02503857,-0.014289601,-0.04375431,-0.05332087,-0.004472385,-0.034848966,-0.057643004,-0.014292723
0.048001543,0.04781006,-0.08717798,-0.021030458,-0.005615315,0.040565774,-0.011716452,0.05841806,-0.07563056,0.026299328,-0.0076776594,-0.024573151,0.018568324,0.012328947,-0.0703886,0.023230206,0.023218919,-0.046289086,0.0510383,-0.014420927,-0.08477276,-0.082781434,-0.079636954,-0.070703134,0.017275922,0.031542134,0.06719324,0.027092516,0.031273223,-0.037469897,0.03365621,-0.039834823,0.02324154,0.03641195,0.012115105,0.065850995,-0.07196037,0.032510877,-0.014466328,0.020280844
0.073806636,-0.05930305,0.04918392,0.02717585,-0.009577228,0.07479803,0.003426121,0.04012691,-0.0016343783,0.021899385,0.022500198,-0.020535555,-0.02442513,-0.030486926,0.06904777,0.062452726,-0.06122421,2.4743658e-05,0.004142686,0.06592578,-0.035053283,0.040801123,0.052640125,0.018691195,-0.016671686,0.054857586,0.013419571,-0.019383304,-0.03427426,0.041898344,0.032020826,-0.032419194,-0.019901771,0.018405247,0.04097321,0.069091134,-0.025030635,0.03281523,0.032917216,0.020667562
0.011237106,0.02236324,-0.034053687,0.029901678,-0.0504114,0.004712168,-0.0026938787,-0.036570184,-0.06111944,-0.031359296,-0.044498228,0.0043502073,-0.04899127,-0.056341656,-0.015531149,-0.01959279,-0.06231486,0.0065489975,0.0055638775,-0.039704293,-0.072253145,-0.04525361,-0.08183718,-0.028686114,-0.03565906,-0.006498836,-0.0033072943,0.01702482,0.01988869,0.021461105,0.036940265,0.04226364,-0.021824885,0.033644613,0.032900814,-0.023214426,-0.06324478,-0.008211528,-0.040346276,0.04667033
-0.05418949,0.043598033,0.027641226,0.045343485,0.051908933,0.0052122897,-0.02241966,0.025629925,0.03219308,-0.02533956,0.017978426,-0.014196197,0.07402716,0.06322698,0.06379316,0.03398915,0.046817183,0.054956876,0.062737934,-0.029654786,0.05737726,0.05070129,0.06823734,0.010798917,0.048809018,0.046328213,0.020331739,0.04826764,-0.00041722046,0.04084095,0.04184203,0.011201671,0.005664094,-0.04373506,0.031175712,0.029194012,0.08387216,0.04660549,0.042774238,0.02331612
0.07494657,0.07713366,0.05378852,-0.02266154,0.042991646,0.035344247,0.04513215,0.078596234,0.06737459,0.037521254,0.064789794,0.07098859,0.03038486,0.05284172,0.06938261,0.073585525,0.048517987,-0.007138311,0.019494604,-0.0071145683,0.02125543,0.0692186,0.07208015,0.017742379,0.0135279475,0.018922968,0.059589464,0.06629786,0.05759967,0.064147845,0.04514005,0.025474189,-0.006268192,0.009090773,0.05891439,-0.0028176268,0.025076846,0.05730495,0.05771535,0.024977442
0.009851838,-0.054420415,-0.039912168,-0.014428451,0.0074933856,-0.013581606,0.029922424,-0.0016078977,0.05992388,0.01721618,-0.030773608,0.03583526,0.04033847,0.032434464,0.018031923,-0.024061605,-0.061381012,0.041062515,-0.042574815,0.014176505,-0.05225945,0.006816293,0.0073851743,-0.034814067,0.0012033526,-0.034658864,-0.026096292,0.011068396,-0.01258335,-0.014188309,-0.02417616,0.02050489,0.032034483,-0.034931794,-0.034101795,0.018629236,0.06762394,0.022300819,-0.037789464,0.018316876
-0.014187697,0.041007828,0.06379043,-0.02728363,-0.058144297,0.007767387,-0.030686582,-0.008868617,-0.025932513,0.016975308,-0.044058368,0.06972098,-0.014859407,-0.05767621,-0.029399784,-0.032983296,0.048548188,0.010822653,0.01931117,0.030116715,-0.040168285,-0.01338696,-0.0032911971,-0.07004356,0.04341961,-0.048356704,0.00028519199,-0.013996779,-0.059275653,-0.016657976,-0.019665953,0.0103850225,0.06903976,-0.04455622,0.015083051,0.0047565484,-0.031993154,0.022941712,-0.061629377,0.046980128
-0.015333777,-0.0029477917,0.015931735,-0.035637192,-0.030435976,-0.018367806,-0.0015790304,-0.067926146,0.07151922,0.052959774,-0.046324067,0.02158102,-0.048872758,0.03801032,-0.051034525,-0.046187714,-0.04188011,0.012817345,-0.05405323,-0.015019342,0.052391976,0.05239964,0.05951731,-0.074494064,-0.014965315,0.028032208,-0.051177025,-0.018612862,0.04417875,-0.016843153,0.029549472,-0.03156727,0.039537758,-0.07268335,-0.06849385,-0.05357021,-0.022704612,0.020892762,-0.0495321,-0.048472233
0.017976372,0.031242656,0.08575342,0.043947354,0.033623137,0.08477929,-0.00020881908,0.033789303,0.058037944,0.0075648515,-0.035143115,0.060552686,0.0010754652,-0.053345434,-0.002638899,-0.0028406149,0.036448102,0.087581895,0.0495014,0.042744655,-0.026166428,0.0057968106,-0.029515535,0.016489156,0.06776837,-0.008543735,0.05792802,0.0005851288,0.0644102,0.070525125,0.018099986,-0.014275566,0.034042377,0.027243791,0.062338326,0.06309835,0.03331527,0.035601947,0.040294066,0.070149906
-0.06481093,-0.021846825,-0.033105765,0.023918234,0.04637677,-0.0336615,-0.032889783,0.0018056617,0.041791435,-0.020114828,-0.006832865,-0.028288228,0.050798055,-0.018000804,0.046159565,0.042534705,-0.05738243,-0.020184306,-0.07888547,-0.008074265,0.04759813,-0.0047414107,-0.05700959,-0.016144017,-0.05651869,-0.031051254,-0.026101105,0.03230391,-0.0036498755,-0.0005214813,-0.020697476,-0.031475205,0.004704402,-7.497051e-05,0.047125578,-0.015737223,-0.0059248446,-0.055016812,0.012374125,-0.0035545828
-0.034983486,0.008584872,-0.0028387858,-0.01709481,0.018657994,0.050042883,0.06043325,-0.084860794,-0.059793174,-0.054400526,-0.034103207,0.068301484,-0.07274527,-3.5617348e-05,-0.07066813,-0.016309962,-0.011517684,-0.015473364,-0.011872841,0.0065492895,-0.0111278165,-0.062214874,-0.06706819,0.068734005,-0.02856539,0.0030840943,-0.0192887,0.07698942,0.016031306,-0.019484367,-0.0009610832,0.0028591736,-0.06835774,-0.0076700067,0.021680165,-0.036364716,-0.022548076,-0.06264574,-0.020199008,0.01116624
0.048078485,0.06417682,-0.04147677,0.04227599,0.048546772,0.036275975,-0.05625867,-0.017637547,-0.054033194,0.000788449,0.019097378,-0.03459602,0.0564837,0.056113787,-0.028255288,-0.049110197,0.06180892,-0.0042764624,0.042489924,0.045462653,-0.06383338,-0.025277525,-0.061933354,0.07259772,-0.02604215,-0.0035348698,0.055913515,-0.011325591,0.033318553,-0.043007173,-0.0681486,-0.038524576,-0.053588104,0.020945722,0.068638496,-0.064211525,-0.054280065,-0.07100653,-0.00025232593,0.03808843
-0.015720986,0.02837459,-0.061588548,-0.065548964,-0.04712249,-0.036662303,-0.051702145,-0.055119414,0.025395913,-0.019530071,-0.015242866,0.038124874,-0.04790301,0.044300295,-0.081914224,-0.0712853,0.01988237,0.061555855,-0.04763275,-0.03169692,-0.025757812,0.0020623344,-0.028059224,-0.046501327,-0.044401128,-0.042904347,0.017638426,0.030756624,-0.046051122,0.00606733,-0.08463532,0.017572025,-0.021741688,0.009130755,0.069097415,-0.06949189,-0.06600328,0.035408307,-0.02178512,0.0069010532
-0.044735834,-0.06929567,-0.00403597,-0.029528003,0.057576336,0.033426918,-0.059007984,-0.007929565,-0.055346392,0.0250069,0.032583356,-0.04400899,0.027355636,-0.011554988,-0.072944045,0.016171712,-0.050369836,-0.029111953,0.013499021,-0.025777003,-0.07064717,-0.00793667,-0.033941846,0.00666109,0.017872233,0.05001912,0.028883748,-0.052675378,0.027580624,-0.020327171,-0.019297374,0.010077658,-0.04293629,-0.051163483,-0.0679638,-0.036604248,0.065202236,0.07205524,0.07045599,-0.046929773
0.013672495,0.07350752,0.07497399,0.06407233,0.06018387,0.069893144,0.07367338,0.028203718,0.06995109,0.011305788,0.07555729,0.07950876,0.050264057,0.07220979,0.022614772,0.071808755,0.037743524,0.012648702,0.05424631,0.07252381,0.075984076,0.010834491,-0.03458695,-0.004154524,-0.052971132,0.06974026,0.0465448,0.03518228,0.06741503,0.085628524,0.08136689,0.047628682,0.068747714,0.083974935,0.032417335,0.06964506,-0.010862357,0.05452117,0.07772877,0.034875583
-0.06087959,-0.079420365,-0.060413115,-0.038751446,-0.06923771,-0.05873589,-0.063903764,-0.043810256,-0.06582762,-0.03696061,-0.06844169,-0.067544244,-0.0438279,-0.07287627,-0.040259514,-0.0110527035,-0.077208154,-0.029988425,-0.06034176,-0.058961898,-0.016412312,-0.016177416,-0.07049262,-0.07955042,-0.04117318,-0.022374058,-0.052701518,-0.05076213,-0.06608037,-0.022143343,-0.07267236,-0.067341775,-0.05958177,-0.09590001,-0.069298215,-0.060892105,-0.05833688,-0.021019936,-0.00063751143,-0.07793016
-0.03913501,0.047136795,-0.015285488,0.046115283,0.07264091,0.080658,-0.038897723,0.017797532,-0.040929303,0.025810653,0.06124616,-0.066118,-0.0806126,0.062658586,0.0040821475,0.047921263,0.042066336,-0.045742713,-0.06208247,-0.029908484,-0.01457119,-0.029927967,0.02661611,0.0012870628,-0.02188625,0.061250813,-0.058144163,-0.025202025,0.030413054,0.0014285897,0.04400449,0.057603933,-0.04312984,0.020794077,0.011814686,0.026196029,0.029363884,-0.042462375,-0.019754287,-0.028088562
-0.025497213,0.016439106,0.030600896,0.06875011,0.023679331,-0.005301868,-0.065789714,0.05622735,0.030552264,0.032754418,-0.031560555,0.03522054,0.033526976,-0.06755872,0.013750066,0.08157536,-0.010624057,-0.04168357,-0.00419792,-0.06204713,0.044134084,0.050602917,-0.0061393324,-0.059210252,0.026804367,-0.018232761,0.06187314,0.009388319,-0.043030296,-0.0076340893,0.051802896,0.012976098,-0.036753386,0.0251582,0.0362147,0.0016878988,-0.018465377,0.072214566,0.046670213,-0.047903694
-0.06457222,0.071637355,-0.07503618,0.06521553,0.054753024,0.025375031,0.0764389,0.027365906,-0.054471742,0.04427381,0.0024077853,-0.013710669,0.059081674,0.07391748,0.054553844,0.06468368,0.0456873,-0.006402294,0.0788218,0.016798686,0.01383529,-0.04017144,-0.0006393489,-0.030094508,-0.010863782,-0.007887443,0.0043138964,0.01069002,0.0316514,-0.03730447,0.015734907,0.08601232,-0.034996957,-0.0308147,-0.068268925,0.059058536,0.050192628,0.057114325,0.056759793,-0.061923053
-0.004869207,0.031654473,0.06326576,0.030454043,-0.02239004,0.045765717,-0.029666327,0.031696178,0.03385356,-0.02418402,-0.033615872,0.046892036,0.00060311164,-0.007961504,-0.0063439854,0.023044365,0.060048964,0.029350592,0.032655973,0.045178697,0.058159564,0.024647616,0.0015324934,0.039915137,0.01770707,-0.037722863,-0.030626114,0.037789583,0.04309931,0.037845295,0.0073644347,-0.008206612,0.022315416,-0.0012449225,0.051651303,0.06412358,0.060258437,0.050170485,-0.004624781,0.042487357
-0.07444075,0.03951884,-0.008358623,0.011278292,0.06294615,0.08634554,0.030010503,0.058117848,-0.03170291,0.055738993,0.05178941,-0.031497337,0.061547067,0.047990967,0.010846229,0.0052211704,-0.04918657,-0.0071916613,0.045425925,0.062048286,0.059456512,0.042061947,0.033521466,0.06578302,0.05622099,0.05045557,0.026289582,0.0411109,0.051151827,0.035097722,0.07086701,0.004851892,-0.04090636,-0.014819696,0.016566936,0.06367645,0.008920832,0.0030611032,0.07435446,0.014849633
0.014918894,-0.012445758,-0.033176117,-0.04730237,0.035439923,0.023144525,-0.0145769315,0.00919149,-0.060178358,0.009005217,0.0528406,-0.065021604,-0.04667868,0.022890696,0.0425667,0.05377717,-0.0146170715,-0.02405415,0.047429956,-0.04551316,-0.059048545,-0.03553194,0.029796544,0.026503745,0.05587043,-0.014199354,-0.012500304,-0.049004365,0.0018389174,0.027825523,0.0018320425,0.00392932,-0.061583947,0.0095722675,-0.040830843,-0.049153604,-0.026797015,-0.069788955,0.031115258,-0.053514227
-0.036410578,0.025597714,0.012305024,0.03618583,-0.049458645,0.030074753,-0.056163803,-0.0066288044,0.023803163,-0.0060303756,-0.006719188,0.052705087,0.029028496,-0.03925152,0.032557596,0.0652509,-0.04119061,0.033987828,0.0388112,0.013025112,0.01819373,0.03873393,0.05729726,0.06654765,0.057529688,-0.018935073,0.037127096,0.06556661,-0.063904695,-0.04685474,-0.0010323221,0.023784783,-0.026265016,0.038070977,0.053279027,-0.02943309,-0.031813413,0.00742601,-0.020764982,0.05376428
-0.031356018,-0.029399423,0.022531686,-0.035996657,0.07126116,0.05421258,-0.04850082,0.037836477,-0.06563112,0.047505405,-0.037343003,0.043363236,0.05011597,-0.047395896,0.06970162,0.07673714,0.012782568,0.077587955,0.023517076,0.059029933,-0.05862128,-0.022404626,-0.025566287,0.037667383,0.036891975,0.084187604,0.012935096,0.065085985,-0.0154982405,0.074312665,0.016359393,-0.07385735,-0.00033633577,0.038854033,0.07458762,0.023493981,0.049511075,0.061026417,-0.0071854973,0.018594272
0.0288171,0.008834746,0.04342769,0.04566677,0.01160367,-0.039290957,-0.0015322134,0.0073614097,0.0629412,0.007853368,-0.054362055,0.030772192,0.0060409904,0.020857342,0.003962209,-0.050965488,-0.055366326,-0.0069428873,-0.04014891,-0.038857922,-0.008429437,0.034024,-0.04897498,-0.01299936,0.0036667178,-0.0027814223,-0.019311547,-0.007820316,-0.0005167441,-0.026531208,0.004296499,-0.039189693,0.019425761,0.038314667,0.031374015,0.03927652,0.040916167,-0.008414744,0.005713129,0.046266925
0.0124624185,-0.010524689,0.039859377,0.0018906975,0.029704925,0.016300054,-0.027831264,-0.01933504,0.021693276,-0.030477595,-0.022664485,0.023079032,-0.007855845,0.049925547,-0.048741825,0.0036526008,0.03424685,-0.025689993,-0.045290153,0.039692752,0.01220603,-0.05532665,0.023287125,-0.0566962,-0.031759664,0.020715319,-0.05276316,0.0002889215,0.041932125,-0.0014514083,-0.063094616,0.014232434,0.0072431844,-0.049878117,0.033097696,0.041965764,-0.003235084,-0.027238993,-0.03887769,0.019512765
0.0033743996,-0.067042015,-0.0145217795,-0.015815262,-0.01978378,-0.09406553,0.010219979,-0.08781779,-0.005705526,0.013111421,-0.08658402,0.050018962,0.022458745,-0.08451839,-0.08059881,0.009962466,-0.023460526,0.025099024,0.025782906,-0.04158546,0.017243067,-0.032855954,-0.040808145,-0.022791289,0.019088333,-0.07464458,0.005075666,-0.038840305,-0.06614778,-0.07401588,0.014782069,0.026381494,0.034783386,-0.020335998,-0.032112215,0.023497466,0.030934526,-0.07724846,-0.07009343,0.038857825
0.05869017,0.037091464,0.049753685,0.003268831,0.017026596,0.02178814,-0.0047011306,-0.0010821405,0.021919236,0.04804251,0.019202186,0.029278098,0.010796413,-0.0058702733,0.04486065,0.021612488,-0.03196614,-0.024064032,0.02727004,0.019065049,-0.017580882,-0.019169308,0.028002473,-0.050331514,0.020978171,0.012667306,-0.009400385,-0.014219111,0.017942064,-0.05418031,0.053085424,-0.010615097,0.030843133,0.013520267,0.06188781,0.0026647854,-0.005412627,0.015185279,0.05792674,-0.0006823916
-0.0235951,0.008772472,0.07174132,-0.03885863,-0.036284953,-0.06256619,0.015802968,-0.023073839,-0.029162487,0.04013984,0.008548546,-0.007712858,0.047467448,0.015467435,0.01330294,-0.030963844,0.037811853,0.03583263,-0.031258713,0.019270359,0.035598867,0.027684458,0.026050387,0.042092353,0.008950779,-0.044969227,0.00031235607,-0.03140184,-0.027262384,0.037480794,0.04668138,-0.008826236,-0.05797124,-0.075418994,0.0074667824,0.013559012,0.023268705,0.052787665,-0.03147996,0.020892994
0.008549635,0.00058718945,0.030391963,-0.04583553,0.012900713,-0.061479133,0.018249786,-0.0042574406,0.060105108,0.044398803,-0.02413619,0.01726061,-0.07961672,-0.00018902436,-0.07127216,-0.07690731,0.08030149,0.044014964,0.02600503,0.03675787,0.0035490752,0.009081815,0.058560535,-0.06269582,0.06049308,-0.020585347,0.081268206,0.0030670338,0.043175288,-0.006441085,0.016191304,0.037671335,0.0105450535,0.053572897,0.076507226,-0.056244828,-0.023846291,-0.024671905,-0.03772382,0.068502985
-0.018673858,-0.021000749,0.02840372,0.016499104,0.055221606,0.008415169,-0.0007808466,0.014776607,0.013125704,0.037732564,0.065502025,-0.035468206,0.0035023268,-0.06234488,-0.03028002,-0.050967928,-0.019028492,0.0104216235,0.06852261,-0.018227594,0.02077079,-0.008340166,-0.004934026,0.006241827,0.0036179381,0.013381737,0.014380316,-0.062334392,0.030718587,-0.0022433072,0.04906626,0.040450323,-0.036319025,-0.013716524,-0.059415277,0.023524288,-0.0050247093,-0.039085824,-0.026141915,-0.027697925
0.060340233,0.0069975834,0.05755252,-0.014545241,3.3145876e-05,0.007635939,0.0072592534,0.020271732,0.06889785,0.056689974,0.03559335,-0.002355938,-0.046817254,0.05232832,-0.003931863,0.06393447,-0.06003866,0.053591676,0.04538897,0.0681848,0.05147201,0.078197524,0.022620186,-0.050116647,0.058770757,-0.04417724,0.05223334,0.0033117153,-0.0016607057,0.07368878,0.0048737586,0.03111764,0.048247203,0.065088645,0.03134851,0.036139514,0.05155189,0.0730628,0.009368328,0.075171
0.051043153,0.07738465,0.053777173,-0.03592636,-0.04497956,0.047727514,-0.027403515,0.022249697,0.05747075,-0.0040422436,0.009499726,0.019609628,0.064355314,0.054740228,0.014158103,0.0024780764,-0.05102311,0.07104205,0.0117418105,-0.06483094,0.06816915,0.03534375,0.039296474,0.036245733,0.057820056,0.013569293,0.058836967,-0.036394108,-0.027404746,-0.0015967431,-0.038235154,0.00034723405,-0.0143400505,-0.013106865,-0.046887584,0.06844965,0.020245157,0.04901103,-0.040873963,0.049008254
0.056235164,0.0634927,0.012250816,-0.043793723,0.054178,-0.05240563,-0.04998252,0.054242,-0.035508096,0.026933677,-0.063785374,0.04326916,0.019950416,-0.068780236,-0.0072185895,0.019375429,-0.04217655,0.034434058,-0.06446627,-0.052876227,-0.023967765,0.027009288,-0.059820313,0.062272158,-0.011369985,-0.029067228,0.0049043093,0.02556037,0.038264506,0.0035227886,0.02828897,-0.075946264,0.010185532,0.014151262,0.052380454,0.043613374,-0.012860987,-0.04864428,0.011686541,0.04437744
-0.03721578,-0.070421666,-0.009083239,0.07596514,0.03528775,0.060658216,-0.018858025,0.040668104,-0.050902832,-0.048331905,-0.052709013,-0.025686052,-0.031816173,0.029227441,0.019686468,-7.5880875e-05,0.027837068,0.06164186,-0.06916056,0.009639246,-0.005170518,-0.01032023,-0.016107906,-0.015667366,0.011539566,-0.037966408,-0.055869155,0.047761995,0.07234973,-0.05225933,0.019843407,-0.01801413,6.683345e-05,-0.0205011,-0.053325202,-0.062346086,-0.054354277,-0.060670685,0.06794956,0.0073280972
-0.04514227,-0.03540544,0.009640325,0.05155385,0.00600371,-0.046430122,-0.05147562,-0.06740275,-0.051768214,0.015195307,-0.04652694,-0.03653757,-0.05544853,-0.023469545,0.025565589,-0.017520022,0.003568909,-0.047488283,0.057151377,-0.06154876,0.03693173,-0.0061507393,-0.0064879283,-0.037417687,0.03726966,-0.03728686,-0.0269177,-0.020453772,-0.013898334,-0.014509854,-0.055585615,-0.010362475,-0.003515695,-0.008411337,-0.039845325,-0.057505775,0.03976505,0.03709083,-0.023826692,-0.06036923
-0.061241023,0.0061813644,-0.005799202,0.028472476,-0.08154065,-0.005817142,0.019017257,-0.08190769,-0.0062495214,0.026643129,-0.019357849,-0.05268893,-0.044341013,-0.032209765,0.005059172,-0.06731594,0.07218926,0.027727237,-0.07452023,-0.06938919,0.0033566442,-0.017260427,-0.0008346217,-0.022236098,-0.027468117,-0.06191754,0.010418175,0.04820967,-0.05151542,0.016367132,-0.05947117,0.033842884,0.021916393,0.0036453684,-0.043782767,-0.05914746,-0.030049851,-0.06393343,-0.00045028378,-0.04390474
-0.0762615,-0.07919305,-0.07752777,-0.07583642,-0.08082011,-0.08481233,-0.079289556,-0.094085656,-0.07218709,-0.08758,-0.08091644,-0.08056323,-0.07355442,-0.073359504,-0.08091401,-0.07199726,-0.082360044,-0.082504794,-0.079105474,-0.07513587,-0.07249599,-0.07732436,-0.08188579,-0.08036185,-0.0906678,-0.080546245,-0.07637832,-0.08507181,-0.077405855,-0.08562265,-0.07905863,-0.080074914,-0.08126223,-0.084321044,-0.07580249,-0.07209157,-0.07675543,-0.07456277,-0.074143395,-0.07269495
-0.07058147,-0.06322845,0.036524493,0.0011712781,-0.0021495086,0.05501363,-0.059326842,-0.045538545,0.002473698,-0.00868943,0.067298934,-0.071982905,0.047758177,-0.077454515,0.009701435,0.01594278,-0.008002037,0.09180468,-0.04246414,-0.056604058,-0.018292574,-0.008366196,0.024089167,0.08286265,-0.028782336,0.06107532,0.0066892994,-0.07106787,0.013170998,-0.028997993,-0.031138154,-0.011941949,-0.0811961,-0.05632483,-0.025812147,-0.074266836,0.04424148,-0.009517237,-0.046591587,0.036160335
-0.067285225,-0.016701609,0.015454372,-0.059149537,0.013498913,0.036358103,-0.01245833,0.04899896,0.02916518,0.03557266,-0.03377866,-0.0763938,0.042803176,-0.049479865,-0.037927758,-0.05947936,-0.051090054,0.027852232,-0.03340811,0.0008415033,0.059543863,0.036913574,0.06325935,0.06946299,0.059833623,-0.009703191,-0.0037185946,-0.00207787,-0.044462357,-0.06197715,0.01807743,-0.05958726,0.034302603,-0.017433314,-0.0009965956,0.03711944,0.052639347,0.042742003,0.062023707,-0.056044046
-0.029132264,-0.00854556,-5.416256e-05,-0.065049425,-0.0352238,-0.022071503,-0.03480766,-0.01959113,-0.028002398,0.022444462,-0.04768734,0.0062125027,0.0015993973,-0.011120522,-0.038946196,-0.036228992,-0.032625526,0.053219676,-0.030415282,-0.03988978,-0.05283151,-0.02452132,-0.04453588,-0.0087042535,-0.017188571,-0.07720543,0.037897825,-0.028871374,-0.059323564,-0.05338853,-0.030189835,-0.019816192,-0.015771344,-0.0695571,-0.071295686,-0.021946603,-0.0047489945,-0.050162192,0.009519009,0.0021215132
0.034309275,0.041814826,-0.02619955,0.015501748,-0.031799585,0.016317464,0.012713373,-0.015642049,-0.018368512,0.0030594482,-0.031728428,0.0437857,-0.071628764,0.0045786183,0.044767898,0.035641648,-0.008460155,0.0015361613,-0.008825024,0.009784796,-0.04520131,0.011749187,-0.057911906,0.007352477,-0.05213382,-0.041396927,-0.0057599363,-0.042188548,-0.027990082,0.057591144,-0.008811271,0.016586749,0.08273855,0.0263448,-0.032078806,-0.04001757,0.023562875,0.021684885,0.0707883,-0.0265234
-0.0074164527,0.013520662,-0.044002656,-0.033541396,-0.0030562438,-0.045319945,-0.025852062,-0.05396474,0.07139516,0.015641414,-0.08045351,0.005478432,-0.020813499,-0.055029448,0.014488671,-0.037799127,-0.07450653,-0.0058379434,0.012399179,0.02125197,0.08046489,0.08266998,0.07010964,-0.008958459,0.027121432,-0.0059606466,-0.06032205,0.024933701,0.07799781,-0.02546116,-0.02536137,-0.066506326,0.011022294,-0.05397425,0.011565844,-0.04708089,-0.020985527,-0.029088711,-0.066017844,0.013960782
0.0441796,0.07595102,0.058224767,0.07675526,0.07471745,0.0869222,0.072540164,0.09633583,0.050680857,0.09740191,0.05953659,0.083679184,0.040077887,0.060158916,0.076349236,0.053761847,0.08298541,0.08218886,0.07602474,0.05357994,0.023993269,0.06633845,0.072578505,0.06827086,0.059031438,0.06959738,0.057750005,0.079968296,0.07017188,0.07355228,0.0346928,0.070256576,0.08433364,0.08413976,0.06894801,0.06436755,0.07206721,0.043857235,0.044020906,0.05928174
0.032226335,0.028261768,-0.018414954,0.06742186,-0.033408534,-0.003962833,0.058589626,-0.03719804,0.019141102,0.037397545,0.0011162563,0.03723488,-0.013746766,-0.011883943,0.04349764,-0.0419286,0.012897443,-0.071143866,0.002440995,0.049363438,0.031650268,0.038373344,0.014899869,0.037843905,0.013754363,-0.036072377,0.020763459,0.03199155,-0.01161304,0.03628633,0.033859342,0.039791506,0.05378817,0.0036898744,0.022160826,-0.013084019,-0.049179006,-0.027691832,0.035397198,-0.047318447
0.029060556,-0.02444661,-0.023508191,-0.011887398,-0.0046507786,-0.013674858,-0.029760676,-0.020493917,0.0009889267,-0.0047645452,0.024667084,0.000909015,0.02459543,-0.01945092,-0.03827039,-0.022090372,-0.061906237,0.026037326,-0.0030035586,0.013947732,-0.050771937,-0.005186879,-0.008937518,-0.03907943,-0.037160426,-0.0035481814,-0.0010161968,-0.038188566,-0.01397075,-0.053297818,0.046331003,0.009205526,0.022429937,-0.022439998,-0.005895092,-0.0355567,0.0022560954,-0.002731665,-0.043218408,0.04221277
0.017073143,-0.056360234,0.018501323,0.022427775,-0.018419243,-0.042481832,-0.007663309,0.0039476193,-0.031523895,0.032889165,-0.054978736,-0.06938136,-0.0053203353,-0.0054691103,0.027546884,-0.022876745,0.014077808,0.022637324,-0.018341148,-0.052529763,-0.026675962,-0.042132515,-0.03867182,0.019773932,-0.0024319468,-0.046354167,-0.046608925,0.014290865,-0.017788898,-0.060817894,-0.051436447,-0.06891473,-0.054514874,-0.010585282,0.029509082,-0.025060162,-0.04372396,-0.06965703,-0.07077752,0.026408555
0.07114607,0.06570566,0.038675632,0.042951383,0.05781656,-0.012464599,0.07585903,0.06507169,0.037354406,0.09374858,0.044057988,0.069158524,0.032222275,0.008699471,0.07218865,0.060836606,0.08044406,0.013724836,0.056501474,0.036905687,0.03661749,0.042245086,0.061435733,0.056466583,0.08471607,0.021709124,0.038180176,0.049152855,0.049991168,0.0258302,0.03342786,0.018540215,0.07102795,-0.008213415,0.040642325,-0.022632403,0.045913044,0.044071667,0.020188557,0.0022001318
9.469145e-05,0.057053193,0.06894717,-0.03744414,0.060512647,-0.049508657,0.029576086,0.0007084737,0.05294685,-0.0030147084,0.003898742,-0.0073856823,-0.029859932,0.046872765,0.03180067,0.03258769,0.057252634,0.062116515,-0.03049022,0.04596064,-0.028907849,0.013223536,0.06862946,-0.017097868,0.02157219,-0.014061542,0.031079667,-0.003186147,0.01776686,0.013371976,0.008905433,0.03348141,0.000912082,-0.005236189,-0.026275635,-0.023072982,0.0231895,-0.008355067,0.04243973,0.0440562
0.050818104,0.05625066,0.08011479,0.049843904,0.00070774753,0.028866267,0.06253269,0.046240203,0.057068143,0.07888169,0.01879162,0.07203841,0.031925406,0.060325824,0.07846068,0.06418944,0.05752289,0.05959125,0.06494422,0.054339137,0.0676197,0.06322225,0.04886338,0.02772531,0.07584584,0.040973205,0.042740252,0.06233055,-0.0039507295,0.06994803,0.05686935,0.05656914,0.081420235,0.05856579,0.03487379,0.0068743727,0.07265133,0.06119372,0.06337828,0.0151835065
0.03993536,-0.071940765,0.017425444,-0.043278784,-0.026175423,-0.035175413,-0.02220753,-0.062751435,0.07457963,-0.08052518,0.016939372,-0.025083512,0.03878803,-0.028813763,-0.00058672874,-0.06892314,-0.011926118,-0.0470149,-0.039537184,-0.013766221,-0.024307624,0.068564005,0.06046356,-0.044027604,-0.003442709,-0.048401795,-0.036592957,0.02539244,-0.081083834,0.0031327466,-0.066727996,0.03956791,-0.01827221,0.05344037,0.06508774,0.027159581,0.033387266,0.06134691,-0.0728397,0.029067904
0.007985529,0.011149319,0.00551987,0.021105,0.016806616,-0.075454995,0.008210508,0.026657999,0.065293215,0.008851221,0.04436753,-0.06704686,-0.046904232,0.048449982,-0.03226409,0.01455391,0.05007915,0.010321543,0.043914333,-0.024909068,-0.057018477,0.01475732,-0.004383161,-0.04237344,0.06650155,0.061083693,0.027232867,-0.017019302,-0.05203135,-0.015120584,-0.06363191,0.05471283,0.061635662,-0.034457397,0.005793588,-0.04149042,-0.021540426,-0.0046036774,0.056811154,-0.06529228
-0.027875455,-0.054873176,-0.050551224,0.0021216753,-0.049889058,0.020081813,-0.02897472,-0.051179945,0.06407304,-0.0447932,0.04636422,-0.07322314,-0.041507203,-0.04027809,-0.032240402,0.014799418,0.052604128,-0.043687727,-0.060009986,-0.045169488,0.059914857,-0.0071916888,0.041744824,-0.067981385,0.0018622606,-0.036372516,-0.07699214,-0.07873733,0.021778766,0.0074866465,-0.022011796,-0.019616669,-0.07896613,-0.04856266,-0.017741362,0.06313792,-0.073509075,0.068656854,-0.052587084,-0.070526004
0.0046138456,0.061626352,0.00658135,0.039413147,0.0037369118,-0.028898535,0.051161554,0.04123255,0.015027895,-0.0073947795,-0.021906687,-0.04287673,-0.08201884,0.03680852,-0.07240096,-0.074551865,-0.06744142,-0.055764996,0.018758481,-0.03081808,-0.065911666,-0.008838019,-0.06507123,-0.012762615,-0.067992724,-0.047088347,-0.07125371,-0.033699136,-0.03416279,-0.07234131,0.06918788,0.06412903,0.04657829,-0.068456724,-0.06331238,-0.0014117624,-0.019753542,-0.06312853,0.014068913,-0.041619036
-0.05398924,-0.064408824,-0.08563886,0.012972209,-0.0019984262,0.0064046755,-0.0322218,-0.03614079,-0.0647817,-0.038333956,-0.050762933,-0.038517978,0.006230589,-0.054843906,-0.0854515,-0.0094566345,-0.012144362,0.041086286,0.0019993575,-0.04823204,-0.077130824,-0.0783097,-0.040766794,-0.07657249,0.0019815129,-0.026348202,-0.049078394,0.047701724,-0.008808107,-0.08482518,0.039934088,0.03077169,-0.034003455,-0.05002514,-0.028048657,-0.047527805,-0.062312145,-0.07755867,-0.06559246,-0.022671886
0.03928716,0.035439275,-0.022258572,-0.049051277,0.0064413534,-0.0782377,-0.021373982,-0.015111772,-0.0562268,-0.044260845,-0.037929688,-0.061529126,-0.012557825,-0.04826801,-0.05355113,-0.050108645,-0.07178689,0.015258235,-0.019295195,-0.043717485,-0.030205475,-0.038616136,-0.019354707,0.060660977,-0.031609297,-0.054142885,-0.03087864,-0.08195789,-0.018446943,-0.045979787,0.023834502,-0.04617392,-0.031826604,-0.047904216,-0.020156477,-0.0074873394,-0.016035987,-0.064339995,-0.067072004,0.040237207
-0.037011936,-0.03179106,-0.0027498142,0.039287496,-0.01146052,0.0039505814,0.010958987,-0.014550847,0.011935906,-0.015060381,0.016317882,0.0022710164,0.041728593,0.022001883,-0.047271736,-0.04889948,-0.009777985,0.025479635,-0.018733716,-0.058067124,-0.010282126,-0.0137096485,-0.036002688,-0.0031755995,0.02144321,-0.004851497,-0.035776,-0.06288045,0.010594678,-0.0003366666,0.03296305,0.04944454,-0.052105293,0.020830058,0.027138092,0.02019069,-0.06493267,-0.008350965,-0.048055638,-0.0076729096
0.06065257,0.039794978,0.03547579,-0.017525144,0.019575093,-0.036151294,0.07934145,0.033510707,0.062364448,0.029806573,0.045546554,0.049496543,0.044812046,0.041139767,-0.0041323723,-0.018117769,0.038544107,0.043971233,0.009002415,-0.01443226,0.06333653,0.0649264,0.037744425,0.0718818,0.074897245,0.04034168,0.07194869,0.034018945,-0.040454954,0.044291884,-0.006123832,0.060711082,0.05955063,0.0722554,0.045396395,0.02447555,0.038938474,-0.0068973573,-0.0013860757,0.03188356
-0.021252997,-0.043682575,-0.029753331,-0.048590545,-0.018592859,-0.04751312,-0.005574774,-0.040890217,-0.05098622,-0.025269167,-0.07014351,-0.07358509,-0.059954192,-0.024645304,0.012979611,-0.0390686,0.025296858,-0.007599202,0.012873363,-0.020807432,-0.008961511,-0.066313006,0.015835406,-0.04531643,-0.0030951581,-0.033649493,-0.07210345,-0.07430329,-0.07825576,-0.040500335,-0.016734485,-0.06567878,-0.07566052,-0.04983929,-0.029474959,-0.04804788,0.04576448,-0.056005884,-0.00429297,-0.050532673
0.031379364,0.06019895,0.0050788163,-0.03204564,-0.011595884,-0.025814436,0.05717078,-0.037996273,0.022327952,0.0005573727,-0.06660809,0.06338171,0.066135116,-0.04690494,0.027494833,-0.05490882,-0.056694426,-0.0091529265,0.009152359,0.058502063,0.023014395,0.007284213,-0.033998106,-0.0077608675,-0.032264445,-0.0791526,0.0020208731,0.06537929,-0.044816162,-0.049460188,0.054542325,0.009984473,-0.07319898,0.010007282,0.035228275,0.059681863,0.06433672,-0.058593582,-0.027939035,0.03584392
-0.033970878,-0.07386134,0.002211794,-0.052886374,-0.056598004,-0.04874553,-0.0466713,-0.06608388,0.009863672,-0.08502018,0.0043487907,-0.046747148,-0.029719116,-0.04854351,-0.04368735,-0.03653662,-0.083870634,-0.082842745,-0.07842997,-0.07628427,-0.051218465,-0.07492598,0.001226927,-0.072955504,-0.056156386,-0.06365829,-0.029506585,-0.05831611,-0.06954152,-0.03327456,-0.05935037,-0.03365997,-0.08246614,-0.070342235,-0.009656198,0.05108129,-0.025411773,0.028842447,-0.07170347,-0.044027813
0.07115635,0.059981935,-0.047296613,-0.052356146,0.08061608,0.071501926,0.074318215,0.039109685,-0.060905334,0.06663935,0.015274284,0.05411865,0.084785335,0.06270617,-0.010472833,0.03279523,0.022868762,0.006974616,0.077250734,0.07545586,0.015631836,-0.019212425,0.0144972475,0.02409643,0.009505854,0.048634786,0.064457394,0.08711218,0.02174007,0.05029494,0.08502328,0.08987721,-0.033678494,0.060932726,0.033978865,0.07704739,0.07701995,-0.048111986,-0.05320773,0.07594466
-0.04373362,-0.039071158,0.01779771,0.061982755,-0.025356043,-0.040172663,-0.026362346,-0.03033887,0.016858282,0.02853484,0.013708711,-0.019467121,0.056994263,-0.0064665284,0.0034684148,-0.0015956045,0.03049251,0.050966904,0.009779158,0.06461186,0.00036773493,-0.04345672,-0.003935169,-0.004482941,0.067415714,0.08004383,-0.045712993,0.04923858,-0.071748175,-0.04914952,0.06580322,0.027148347,0.0634181,-0.022101432,0.0024647564,-0.011718999,-0.0314159,-0.07610242,0.0056114853,0.021794349
0.05760166,0.033682108,0.0038546587,0.056657746,0.047738396,0.053938583,0.014355239,0.035496708,0.06601862,0.01245427,0.055323,-0.0033644126,0.07117108,0.06168818,0.035747897,0.0028732016,0.028557803,-0.032605402,0.014029573,0.032317553,0.056011707,0.05566278,0.059867572,0.061511543,-0.0151808895,-0.021157112,0.04723415,0.02285379,0.07210848,0.073534384,0.0038515108,0.06389672,0.03466115,-0.038153816,0.03605838,-0.0026051276,0.03669317,0.050976656,0.054359872,0.0290344
0.028360344,0.034467623,0.06617789,-0.016432868,0.048587088,-0.002474171,-0.007068642,-0.049050596,0.0012138113,-0.030530822,0.036402423,0.024747925,-0.017774718,0.04954222,0.012813684,-0.005722232,-0.024148522,-0.032671463,-0.01296893,-0.0023977805,0.056020807,0.049340915,0.03852685,-0.017650511,-0.044358943,0.035335273,0.008751328,0.018198382,0.00012112691,-0.0072792866,0.042618033,-0.021187624,-0.04937912,-0.006337006,0.04100737,0.022387872,-0.010783595,0.028628137,0.035576947,0.048146795
-0.0576901,-0.0104370285,0.028952103,-0.013507704,0.03238628,0.0019627744,-0.025416046,0.040985264,-0.014165649,-0.0009716794,0.008839358,-0.03434662,0.024500985,-0.055883493,-0.009492677,0.02426309,0.026256962,-0.019542145,-0.039752398,-0.0002948371,0.06417408,-0.03731225,0.058178097,-0.0056419466,0.022517277,0.038914993,0.042456746,-0.06376742,-0.038817577,0.049752694,0.018669084,-0.036853787,0.05324288,0.0710175,-0.039479744,-0.0615567,-0.024129853,-0.022374898,0.07958572,-0.016479032
-0.007503367,-0.044991877,0.05125469,0.008299973,-0.05144479,0.002432234,-0.035125792,-0.083232865,-0.008501901,-0.093988836,-0.0735755,-0.012412861,-0.0036673904,-0.031380594,-0.022937536,-0.04265198,-0.05652504,0.015555035,0.016454276,-0.022988912,-0.033861037,0.021116016,-0.036522433,-0.044959318,-0.059745826,-0.03709157,-0.06328382,0.0074474984,0.029710501,-0.0116905365,-0.044781197,-0.017045617,-0.06574924,-0.061036944,-0.02071574,-0.050032895,0.025866132,-0.042267617,-0.059485745,0.0051752236
-0.07040887,0.009495,0.007577704,-0.06179226,-0.055578012,-0.08274428,-0.008726917,-0.08899598,-0.07417109,-0.0031713753,-0.024323871,-0.066631205,-0.042947337,-0.06645156,0.025690962,0.001397192,0.023780001,0.016133955,-0.040225867,-0.056866147,-0.028078217,-0.058562323,-0.038983576,-0.008270807,-0.018370012,-0.06495228,4.5917277e-05,-0.0057305144,-0.034028888,-0.0028614693,-0.016519506,-0.06654809,0.006526778,-0.08751141,-0.054653622,-0.06745106,-0.0013009089,0.011557643,-0.035697028,-0.041093193
-0.0016055823,-0.056648772,-0.052212115,-0.018973822,0.07445814,0.06503001,-0.048429057,0.03362283,0.056562673,0.071831994,0.00010432006,-0.0019667565,0.06285754,0.050414313,-0.064851664,-0.03798004,-0.08568822,-0.013742225,-0.011881404,-0.03648219,0.060288504,0.06600727,0.04725682,0.04618015,-0.035572257,0.057839833,0.06692833,0.04786954,0.06962799,0.020077925,-0.01766379,0.010854281,0.06323968,0.06197585,0.051057454,-0.013930658,-0.0071283453,-0.019241706,0.058480136,-0.006828362
-0.06741446,-0.03849405,0.04552417,-0.06206328,-0.022693684,-0.047928438,0.06201205,0.010354494,-0.03867809,0.02515551,-0.008005725,0.04434256,0.064785905,-0.03849782,0.05130752,0.059595596,-0.07118459,0.018737974,0.006889116,0.037829857,-0.038499057,-0.05064857,0.036778547,0.079426765,-0.029213436,0.006356748,-0.026987564,-0.014896,-0.03582961,-0.06579029,0.014510497,0.012790734,0.0042001824,0.023600748,-0.014973325,-0.004629069,-0.01756835,-0.04259395,-0.014426748,-0.014920665
0.03090983,0.002692503,-0.08038153,-0.06952092,0.00079839013,0.0126670785,-0.046217494,0.043144137,-0.037357736,0.046753164,-0.048835803,0.012498751,-0.03412074,0.030569362,0.06804402,0.07941282,0.044364832,0.032530274,0.059584048,-0.067359835,0.034772705,-0.024704212,0.07086385,0.0070563206,0.057751544,0.07411585,-0.060604576,0.041516434,0.025726028,-0.017434882,-0.07840234,0.0059340163,0.019048765,-0.025715208,-0.07198877,-0.05518289,-0.04693894,0.054034006,0.071996585,0.0032938982
-0.0069982046,-0.033215445,-0.05249347,-0.06424016,-0.06845651,-0.031114,-0.06516236,-0.027410418,-0.010554939,-0.046424586,-0.011083604,-0.05294194,0.0017336457,-0.06762424,-0.035160337,-0.06268819,-0.050692502,-0.047897607,-0.030010527,-0.028753323,-0.05177114,-0.03398853,-0.026890403,-0.055564992,-0.0797721,-0.035014052,-0.037354317,-0.058925353,-0.03353646,-0.028010694,-0.013546079,-0.057026092,-0.064280085,-0.07698235,-0.042049494,-0.04929374,-0.030618414,-0.020613538,-0.037785493,-0.014290985
0.021894675,-0.036364365,-0.016047455,-0.07797376,0.010010462,-0.06828355,-0.010747458,0.06282265,0.04922186,-0.0069416445,-0.059288513,0.04744728,-0.04098487,-0.06953303,-0.054372087,0.019755999,-0.058459576,0.040890962,0.028326478,0.019815573,0.08049399,0.075707026,0.011347928,-0.030602975,-0.021472506,0.05226558,0.04895039,0.0038696558,-0.03595334,-0.051700346,-0.06313273,-0.055369046,0.06275796,0.022801606,0.016115654,-0.042307824,-0.070059724,-0.04098707,0.067494996,-0.008040039
-0.0015194817,0.010089628,0.06206798,-0.0025250558,0.017331535,0.01182718,0.07557622,-0.022792367,0.03880925,0.052137595,0.06750845,-0.05363351,-0.028259112,0.06912946,-0.05671244,-0.074151486,0.00892672,0.0037074399,-0.07940299,-0.03877913,-0.059679877,-0.023412215,-0.046277888,-0.035828695,0.061389055,-0.0015259736,0.050385498,-0.06861198,-0.07539065,0.043702353,0.0021734578,0.037014734,0.038682345,-0.038626622,-0.017262584,0.001517236,0.05680355,-0.00079274754,0.010050157,-0.009328717
-0.05484719,-0.04607293,-0.054812092,0.03555408,0.045971993,-0.03568163,0.024990221,-0.023891637,0.06301688,-0.017904243,0.07077888,-0.016088309,-0.046758406,-0.06445302,-0.050244313,-0.07164821,-0.035754424,0.03457542,0.019045161,-0.04828973,-0.043193404,0.03028192,0.07402545,9.97515e-05,0.018316822,-0.015409759,-0.040388256,-0.07423146,-0.034481734,-0.07691513,-0.024603397,0.036574274,-0.054280963,-0.081948824,0.00880761,0.030033384,-0.05413293,-0.051994298,-0.06647857,0.010883171
-0.030459363,-0.07296657,-0.017764263,0.08021778,0.035848334,-0.065691784,0.032275192,-0.007199931,-0.07062492,-0.033930577,-0.049183648,0.0589143,-0.05028513,-0.015509013,-0.025276974,0.018475464,0.020856794,-0.085440286,-0.040717423,0.02482792,-0.04742272,-0.079520926,-0.042100392,0.013045377,-0.0041656215,0.060027342,-0.066719174,0.048786364,-0.015339181,0.005751273,-0.046060394,0.028769111,-0.042803586,-0.014928616,0.020815907,-0.022358688,-0.03560071,-0.07112265,-0.044873547,-0.069004685
-0.046916172,0.064970225,-0.037740827,0.012951227,0.019223763,-0.016924368,0.03484838,-0.040314768,0.007885476,-0.049860254,0.038568232,0.008202462,-0.05293311,-0.022444712,0.065588094,0.04609342,-0.014140749,-0.025741674,0.04895576,0.04590169,-0.010197823,0.04485703,-0.07391463,0.0348478,-0.002479951,-0.054961126,-0.0106645785,0.0021038146,0.022531642,0.05764695,0.05151005,0.0050401567,0.072672956,0.010404339,0.03936169,-0.058839478,-0.033379402,0.011856784,0.03038108,0.048470993
-0.07562176,-0.025723191,-0.059003744,-0.07258205,0.0015664208,-0.021294236,0.009356873,-0.053554453,-0.05632725,-0.05102105,-0.057703633,-0.066165,-0.086642295,-0.029138627,-0.058836486,-0.01357366,-0.071214624,-0.023145903,-0.077443324,-0.06406751,-0.05549054,-0.027760021,-0.018185506,-0.07716747,-0.031676278,-0.048979472,-0.07838487,-0.013926704,0.039527535,-0.005967981,-0.006445557,-0.03416501,0.040510878,-0.02334232,-0.06756908,-0.026058383,-0.06617246,-0.036105126,-0.055509575,-0.047772415
-0.054059207,0.05056042,0.04855718,0.025375945,-0.031894047,0.034908537,-0.017326904,0.0071317693,0.057039645,-0.011321743,-0.011196896,0.010229277,0.027540494,-0.067870684,-0.018750302,0.023847481,0.0048928917,0.010877049,-0.046995748,-0.025937803,0.0013484701,0.046670623,0.025517808,0.031876393,-0.046278194,-0.031492595,0.012148608,0.006514119,-0.027431028,0.022724928,-0.033997856,0.017287813,-0.049576554,0.0004687549,0.0044336743,0.0038643926,-0.03430914,-0.040737446,0.020022394,0.029569339
-0.005677724,-0.07271302,-0.046536516,-0.00173314,0.019490862,-0.037714314,-0.07458405,-0.031127509,-0.057243712,-0.035750385,-0.065875754,-0.03426284,0.028557518,-0.024973955,-0.06771388,-0.07781756,0.0075602196,-0.0044300277,-0.05884874,-0.061478663,-0.055551466,-0.07913925,-0.009619077,0.0019736504,-0.05733924,-0.013125393,-0.026069423,-0.06168886,-0.06532509,-0.06809941,-0.027568474,-0.065599136,0.01126136,-0.026707822,-0.026965437,-0.04109393,-0.03276921,-0.04473584,-0.051732123,-0.0074508996
-0.065753505,-0.0029894977,-0.06863575,-0.051543172,-0.034112446,-0.05150541,0.012969995,-0.038912706,0.008173089,-0.0069334917,-0.025518714,0.00463295,-0.068554826,-0.0641481,-0.030417126,-0.028566219,0.014091216,-0.017177107,-0.022017295,-0.032594122,-0.043035287,-0.07345072,-0.036958285,0.009432811,0.00016895645,-0.073214315,-0.048985228,0.007898159,-0.029417582,-0.073177755,0.059760537,-0.0406572,-0.090117715,-0.015568151,-0.024285406,-0.04255178,-0.011399707,-0.05317171,-0.057657145,-0.048600554
-0.07714261,-0.012119456,-0.076586545,-0.03556232,-0.07458737,-0.027889462,-0.034873966,-0.07029525,-0.06303022,-0.04712879,-0.04721101,-0.050552227,-0.059880786,-0.06009652,-0.05963358,-0.06934942,0.020490244,0.04492358,-0.058393672,-0.057544027,-0.05308257,-0.064816594,-0.039987918,-0.05153716,0.0067604748,-0.040628996,-0.046835043,-0.061823614,-0.07067232,-0.03298762,-0.074427225,-0.057251006,0.02401751,-0.031975504,-0.05419438,-0.07165877,-0.038387466,-0.055857036,-0.065296955,-0.026298268
-0.011876816,-0.020509932,0.07717304,0.06253771,0.014316954,-0.020289078,-0.059142232,0.02134197,0.07213114,0.0625311,-0.020985445,0.033161458,0.055281594,-0.07853835,-0.038608685,0.0184346,0.059348926,0.07059247,-0.05360278,-0.03022213,0.057849303,0.02535535,0.06518816,0.050591663,-0.06403254,0.020477502,0.07772345,-0.013097695,0.062173113,-0.009944074,-0.057888445,-0.0032597182,0.01539395,0.021033026,0.07339926,-0.03236599,-0.081625305,-0.01354558,0.027393049,0.00012152938
-0.015791131,-0.021615366,-0.042599086,-0.038783733,-0.044652667,0.0032764068,-0.03282078,-0.0234035,-0.053917754,-0.07883613,-0.07216192,-0.06351572,0.0007057241,0.00635988,-0.0479806,-0.015605143,0.01601797,-0.045521043,-0.03627799,0.00977556,-0.035029605,-0.02134337,-0.08179198,-0.044227097,-0.045405336,-0.005619583,-0.064438164,-0.068753414,0.027559098,-0.0594361,0.053558,-0.008351219,-0.014768072,-0.019249216,-0.073024794,-0.04301222,0.057286106,-0.036989413,-0.048845164,-0.04044055
-0.006100774,0.016864866,-0.056701142,-0.07228413,-0.031025006,0.059766628,-0.05571545,-0.03315889,-0.039941512,-0.044138424,-0.026647527,-0.004579759,0.041753627,-0.07299127,-0.041765552,-0.015073609,0.001106611,0.08474043,0.03846894,-0.004051443,-0.07929126,-0.041348476,-0.03076941,0.046227377,-0.07646041,0.05743192,-0.0078068506,-0.07639853,-0.045679435,0.021321828,-0.06302667,-0.08102808,-0.053691838,-0.005708384,-0.005494873,-0.018603662,-0.06762205,-0.05914309,-0.06615215,0.077614024
0.0046561672,-0.0021442063,-0.03276165,0.049712755,-0.052332364,0.027550017,0.008077199,-0.033927094,-0.014715821,0.003684095,0.054067843,0.015590125,0.05752492,0.0130603565,-0.038999163,-0.041817438,0.037253086,-0.0070002126,0.0006076515,0.0089149745,0.036133494,0.041273057,-0.009131198,-0.0032618695,0.047247797,0.0047689485,-0.008234054,0.04846995,-0.022171292,0.025619093,0.036814917,0.026136467,0.07559528,0.040681515,0.05529372,-0.028470637,-0.01444202,0.043976188,0.05160057,0.03972987
-0.058490936,-0.041992363,-0.06003871,-0.07065817,-0.060370006,0.004801873,-0.043126356,-0.059104946,-0.054910522,-0.019511255,-0.0013569747,-0.048601426,0.03858502,-0.071317255,-0.0074456413,-0.029099533,-0.08074929,0.03743676,0.0055300165,0.039275706,-0.03017887,-0.063401386,-0.02276567,0.044998866,-0.04579174,-0.031752445,-0.07367967,-0.0048320657,-0.040255647,-0.07104547,-0.08008615,-0.058332056,-0.075672895,-0.0829927,-0.05197177,-0.00437254,-0.02555975,-0.054191586,-0.063681684,-0.021157684
-0.055194955,-0.006687222,-0.015056686,0.04996477,-0.03639474,0.021244641,-0.02034902,-0.053818334,-0.064546295,-0.09141178,-0.026505778,0.032633293,-0.05026203,-0.04841796,0.00020061384,0.004443822,0.08191573,-0.006101892,-0.04200822,-0.06802106,-0.05616404,-0.040313706,-0.069330685,-0.05761333,-0.0065491064,-0.0023229362,-0.032068595,-0.07644819,-0.0328309,-0.02088924,-0.02935697,-0.053021442,0.027974145,-0.010110393,-0.028954249,-0.060208224,0.020444196,-0.05511687,-0.04921204,-0.013233324
0.030155625,0.05683504,0.009460088,-0.009960815,0.018884176,0.0330823,0.056352686,0.021900963,0.01966104,0.04140556,0.07877375,0.04287727,0.05751882,-0.008514178,-0.00014020866,-0.015899898,0.040548123,0.042169947,-0.019569984,0.017901616,-0.016413366,-0.03603318,0.02591353,0.015553007,0.06117793,0.0633055,0.01146585,0.060895547,0.008173166,0.05689497,-0.019611394,-0.04704614,0.043404978,0.045699924,0.022656547,0.038500015,0.07443765,0.06825961,0.06616547,0.0018787826
-0.049407035,-0.009542587,-0.008106532,-0.03806421,-0.017639033,-0.041039675,-0.029370712,-0.04811725,-0.06438206,-0.0030499094,-0.038354322,-0.026154663,0.007074582,-0.043537248,0.0079052,-0.056290247,0.013969703,0.008738853,-0.015462343,-0.035252973,-0.06669533,-0.06871688,-0.04436344,0.028190654,0.0029000505,-0.028862955,-0.043490667,-0.0068793865,-0.009696862,-0.07385591,-0.016341938,-0.061152585,-0.03413522,-0.0592143,-0.05645948,-0.05426106,0.02653368,-0.04464702,-0.01980213,-0.01595282
0.06465778,-0.035040602,0.041548852,-0.031663217,-0.0057135094,-0.07282331,0.020511065,-0.028788412,0.024151586,0.007962997,-0.043315742,0.0005954439,-0.032177266,-0.027498538,0.0030762618,0.036749728,-0.06701346,-0.024698388,-0.04264358,-0.002960636,-0.004674737,-0.078899935,-0.020942308,-0.070138425,0.05698796,-0.01729001,-0.045003656,0.024882909,-0.023459615,-0.0146366805,-0.049857892,0.012529035,0.018124424,-0.04922881,-0.071675315,0.010384068,0.06972041,0.0043767644,0.039088592,-0.06156428
-0.021564847,-0.013375406,-0.029808186,-0.06190205,-0.032193813,-0.041631684,-0.019798359,-0.02128572,-0.0010362958,-0.038625527,0.019414388,-0.04860917,-0.018970102,-0.04645284,-0.025135783,-0.021114312,-0.054901864,-0.06193664,-0.040614013,-0.0444848,-0.026135426,-0.057251394,0.054553732,-0.02100064,0.021876005,0.017258314,-0.03060589,-0.04080546,-0.035509363,-0.051604673,-0.021744072,-0.050773717,-0.06988482,-0.038633343,-0.025895383,0.0058023073,-0.02028695,-0.02936779,-0.058262948,-0.03177949
-0.024989037,-0.009046611,-0.027914895,-0.085450485,-0.0801257,0.0145802945,-0.06301877,-0.014922627,0.06210582,0.03709278,0.044523537,-0.07580262,0.013533987,-0.005718801,-0.06290502,-0.06736053,-0.01313399,-0.037045967,-0.03774287,-0.055585932,-0.038667787,0.020275757,0.05575301,-0.082367204,-0.037695713,-0.07145065,0.0442903,-0.040893566,-0.04304257,0.0022369595,0.011683618,0.01615999,-0.06299438,-0.01730709,-0.0708977,0.051873147,-0.00491262,0.06645729,-0.03543495,-0.03250409
0.027850049,0.030666953,0.02475518,0.007928291,0.027901912,-0.020184783,0.0066018924,-0.012230493,-0.005639085,-0.021302214,-0.021019243,-0.02277311,0.033683736,-0.0020625948,0.0005530393,0.056350697,0.069092914,-0.006327227,0.02641283,0.037819266,-0.034958035,0.058105156,-0.011557797,0.032460228,0.003932353,-0.012622685,0.034500543,-0.045395434,-0.016809812,-0.010437109,-0.011155654,0.025670681,-0.016247543,-0.029134298,-0.052478213,-0.053189997,0.053528015,-0.0012145222,-0.028237352,0.0024459974
0.00016279257,0.05463716,-0.050654903,0.07151029,-0.06114248,0.060338736,0.024882162,-0.013071676,-0.023373527,0.04622974,-0.0007330183,0.07818177,-0.0008579585,-0.017694633,-0.0056399135,0.024727685,0.07215808,-0.017848743,0.027247593,-0.042252574,-0.045980304,0.017192245,-0.049766157,0.020127723,-0.056285918,-0.056921177,0.047246806,0.06933105,-0.0021320542,-0.01434117,-0.057093043,0.041690048,0.0057454566,0.016168931,0.009890568,0.024522187,-0.06359982,0.031740222,-0.07178592,0.04337255
-0.061046407,-0.078426965,-0.07085701,0.03179716,0.047810085,-0.029122641,-0.08139174,0.030244667,-0.0554028,-0.037511323,-0.04395148,-0.07639602,-0.057391103,-0.030375935,0.0053136535,0.031533264,0.031437244,-0.029538576,-0.045423094,0.059131205,0.01513267,0.00933661,0.017824642,0.043720752,-0.08670031,0.065433525,-0.072473556,-0.056694333,-0.05671752,0.025878483,0.07036788,-0.055429388,-0.02098505,0.014107174,-0.022471042,0.006942336,0.051866993,-0.042215776,0.010968887,-0.026895382
-0.028640483,0.012513952,0.034173828,0.073031165,-0.056877088,-0.045884512,-0.06249941,-0.03161916,0.004619236,0.003717743,0.0813477,-0.049965665,-0.037916053,0.01713556,0.06400614,0.03693354,0.070684,-0.041779537,0.03636059,0.013431938,0.049261175,0.011708341,0.04011709,0.04695724,0.001420458,-0.05752843,0.038893856,-0.0032778818,0.050669115,0.016257625,0.023686757,0.010074837,0.060309887,0.013543522,0.029350359,-0.054470446,0.015934786,0.04293272,-0.058759388,-0.06030943
-0.008260467,0.037879083,0.052461255,-0.052198164,0.058985375,0.014172828,-0.06293161,-0.0062611834,0.046357367,0.01438862,0.051752385,-0.0029303099,0.032583084,0.048165303,0.03179951,-0.01243543,-0.045690477,0.0506604,0.014758451,-0.061965723,0.06276359,0.041231018,0.03898062,0.015859175,-0.017661398,0.07148651,-0.050614472,-0.02652629,0.036223073,-0.018153643,-0.05518326,-0.025006443,0.0014907796,-0.005978965,-0.061688595,-0.06617928,-0.023587681,-0.011614648,0.016394569,-0.020312414
0.049554773,-0.0007906508,0.021239033,0.035336632,0.060413677,0.05168039,0.024499072,0.002232326,0.0048362557,0.030615749,-0.04313448,0.009411518,0.031400483,0.007213658,0.041555643,0.01261687,0.05222338,-0.026382644,0.06887563,0.046131372,0.025164818,0.044449124,0.07419263,0.06886958,0.04376373,0.041460223,-0.01003217,0.04651053,0.013200119,0.03923051,0.06878307,0.04530547,0.05526911,-0.026583983,0.030910708,0.059446167,-0.012221393,0.018563386,0.019215677,-0.0086507965
0.06780749,0.018758684,-0.0024088759,-0.064965375,0.03755378,0.012296852,0.081510775,-0.019053075,0.012631463,0.041988585,0.06935939,0.06512498,-0.029515812,-0.045850735,0.048132423,-0.037816156,-0.06708586,0.049871754,0.01788839,-0.026105803,-0.025308084,0.0023753438,-0.04560495,0.054675724,-0.062022053,0.01330889,0.0007632239,0.011146831,0.0010634016,-0.05015632,0.021910353,0.017972097,-0.0332505,-0.017875448,0.060405727,0.04391386,0.06706289,-0.07670329,-0.057820015,0.020163558
-0.0031046406,0.014039112,-0.040281083,-0.06988858,-0.07872486,-0.045716386,-0.06394816,-0.055907276,-0.025912067,-0.056869045,-0.06663949,0.03517725,0.008575152,-0.0645136,-0.01573852,-0.042897604,0.008579462,0.059134226,-0.029982572,-0.026165685,-0.02413757,-0.042405337,0.0023969663,0.05784934,-0.056225304,-0.0045015034,-0.07863832,-0.011411965,-0.015873538,-0.08230386,-0.08269489,-0.0791885,-0.028559431,0.0046531423,-0.012714068,-0.061689433,-0.049479857,0.056897603,-0.0071094213,0.0709352
0.060523015,0.024401708,0.06835009,-0.022010589,0.040950846,0.051938143,0.06232323,0.001450661,0.042007275,-0.027905937,9.2461596e-05,0.005995758,-0.06732073,0.052649006,0.042247668,0.032021564,0.023650825,0.052458975,0.07212607,0.054430015,-0.0420837,0.015550411,0.044315923,-0.004157759,0.056923,0.02034824,-0.066002384,0.07309818,0.0054162387,0.0057205195,0.08296749,-0.040414304,0.047679044,0.0012144264,0.061529875,0.06902837,-0.02820799,-0.0154724065,0.06368221,0.049067866
0.0050031925,0.0024609908,-0.035166956,0.06372768,0.0213144,0.032153413,0.006276871,0.06717152,0.04924279,0.05254124,-0.021822266,0.029703122,-0.067127675,0.016696312,0.017785449,0.02232335,-0.0023711468,-0.01081444,0.006623253,0.068948396,0.015075715,0.052252933,0.06081567,0.03343593,0.012719573,-0.031877503,-0.0053921454,0.002513824,0.01567837,-0.01103607,0.07059749,0.021986352,0.024111617,0.06011597,0.06690268,0.042465907,-0.08127942,-0.054100018,0.03236476,0.030008482
-0.0687267,-0.0054502822,-0.033145286,-0.028255854,-0.017316394,0.028240228,-0.042929497,-0.008881233,0.0020857954,-0.03249713,0.02243193,-0.03951219,-0.044454154,-0.00031343833,-0.014654217,-0.020812014,-0.046540145,-0.015296115,-0.052717492,0.04029992,0.014923277,0.015687019,0.045573454,0.06890876,-0.045368742,-0.050459117,0.0034779387,-0.017895352,0.015298844,-0.014884188,-0.05935647,0.004500476,0.01520767,0.05129706,0.035753403,0.00028400356,-0.024597127,0.076374024,-0.03610441,0.036736377
-0.048510585,-0.06905005,-0.050958246,-0.0019834985,0.0411146,0.02493834,-0.07298009,0.04150943,-0.03433021,-0.0065829493,-0.018475639,-0.06649296,0.017144699,-0.055288576,-0.020723872,0.03860757,-0.013668009,-0.05519026,-0.020348942,-0.06979941,0.063045435,0.0698285,0.022647189,-0.059250724,-0.08131625,0.08417416,-6.581071e-05,0.038479388,0.009463795,0.06441364,0.05533272,-0.03551026,-0.017372575,0.047503743,-0.056059755,-0.024827026,-0.074945614,0.023361502,0.019918062,-0.07100148
0.051306624,0.02714245,-0.015553955,0.056905158,0.015109848,-0.026556492,-0.0016580656,0.053015687,0.06845725,0.024601253,0.061534308,0.049380984,-0.020117909,0.03898777,-0.07770046,0.004799915,0.054435372,0.055273153,0.06664147,0.037105598,0.0034091743,0.067463264,-0.0050521432,0.054475244,0.06098895,-0.037379403,0.023522466,0.012918885,0.037916645,0.03609625,-0.002660954,0.048762515,0.060549453,-0.008861343,0.042868353,-0.029893659,-0.04376764,0.036757346,-0.057148285,0.05841506
0.01572227,0.048586633,0.040385474,0.05225249,0.035721704,0.04228385,0.016568976,0.042722907,0.021616489,-0.00018598035,-0.019987946,0.02526828,-0.0070470227,0.034959797,0.047897324,0.056679826,0.012721226,0.02418299,0.024109952,0.057426605,0.0554037,0.058115777,-0.005453602,0.05682298,-0.0028388123,-0.022599388,0.03054686,-0.008360926,0.021865962,0.028205752,0.021318741,0.024655938,0.028983837,0.06644899,0.045165,0.023698144,0.029199304,0.06543967,-0.024079941,0.058689483
0.039782003,0.0144198425,0.002343427,-0.037790157,0.0002789823,-0.014999314,-0.02876901,0.07384973,0.036395203,-0.022671731,-0.05818431,0.014318152,0.02483715,0.06740236,0.06972667,0.06388181,-0.028646823,0.036265243,-0.0043641464,0.04537228,-0.022954907,0.04326565,0.02016121,0.0044895764,0.033851784,0.004185579,0.04385928,0.0027928702,0.06446015,0.04423807,-0.015113335,-0.010116357,-0.010595623,0.020516606,0.047784813,0.021455234,0.043277606,0.025464868,0.035711296,0.059403613
-0.0057112076,0.07119588,0.07971542,0.046853486,0.04360434,0.07619133,0.07989194,0.05513691,0.05500363,0.07948957,0.050165363,0.054796163,0.025491916,0.057838753,0.0705624,0.05136593,0.07087289,0.08938662,0.072546616,0.052678067,0.06923385,0.05492857,0.07070483,0.06368432,0.0860178,0.052713007,0.03327638,0.077023685,0.045751777,0.06610198,0.06885281,0.07825522,0.059077702,0.081153706,0.057217915,0.015023617,0.05085402,0.06573116,0.042318236,0.06199801
-0.009318461,-0.029543718,-0.038128976,0.014402933,-0.044779263,-0.0735315,0.0073617254,-0.015950724,-0.06890889,-0.027167935,0.056913074,0.015421435,-0.032808933,-0.013259107,-0.00583923,-0.013326594,-0.021851,-0.048513845,0.023183621,-0.07223877,0.058888603,0.03277839,-0.068662435,-0.08321481,-0.03090379,-0.0030563793,0.026945138,0.07098321,0.032151073,0.019996785,-0.015293907,0.009892786,-0.02657517,0.04952264,-0.042376395,-0.039763812,-0.021228848,0.058908254,-0.010619517,-0.022550164
-0.064190574,0.01003304,-0.042896748,0.07159493,-0.06467339,0.006056801,0.023608593,-0.00087472366,-0.022563802,0.064221494,0.02201802,-0.041958988,0.050971713,0.047103025,0.080457814,0.0047159703,0.056139674,0.058024354,0.06867422,0.05991308,-0.06711963,-0.012315143,0.023218976,0.053711437,0.08120782,-0.06837221,-0.05841624,0.029769944,-0.050797116,-0.009029609,0.044188652,0.03221788,0.086216666,-0.038531877,0.014448746,-0.05641577,0.06022609,0.026537837,0.0029925546,0.02280927
0.046947367,0.010700859,-0.046278086,-0.056802507,-0.03744556,-0.0062978384,0.041505754,-0.019192593,-0.05433313,0.03232105,0.0076966705,0.0480018,-0.0006593592,0.05469911,0.047442574,0.05463826,0.011670883,-0.04324629,-0.076170236,-0.07450363,0.018893512,-0.0035310197,-0.048574883,-0.021577526,0.05452066,0.021540184,-0.006581721,-0.077747315,-0.046670455,-0.009348197,-0.05508074,-0.0073565277,-0.043989245,-0.020713873,-0.032861974,0.0011293332,-0.008593449,0.025950784,-0.025574116,-0.069787346
0.069756396,0.036669917,0.0048408285,0.015971093,0.015735514,0.008828828,0.077557325,0.02373442,0.028461432,0.01600886,0.067742616,0.03260903,0.043115545,0.033429142,0.044080667,-0.037209,-0.038702477,0.090873815,0.08061995,0.0531053,-0.039968804,0.034103442,0.0020277097,0.07268696,0.032102484,0.03371981,0.018864144,-0.053080186,0.07486966,-0.03212883,0.016211124,0.04803723,0.08195047,0.048928566,0.06761027,-0.049766395,-0.019173212,0.053588223,-0.053704593,0.07291265
0.034695473,0.020349868,-0.0068713385,-0.03379072,-0.021434935,-0.04860488,-0.04096302,-0.055024408,0.015634147,-0.06334395,-0.0012019442,-0.010198521,-0.02365834,-0.063358516,0.05001876,0.00030170614,0.023774538,-0.035300516,-0.008317085,0.03321217,0.002942076,-0.028827015,-0.028844867,0.020885352,-0.08630131,-0.034013364,-0.017664798,-0.012315004,-0.040805563,0.019942077,0.006255932,-0.049784098,-0.049432307,-0.08290514,0.023703272,0.064052485,-0.0013144276,-0.009772524,-0.032745153,0.031654965
-0.010316457,0.03972361,0.0373438,-0.05528623,0.029058317,-0.060105078,0.02836811,-0.0228751,-0.022547552,0.03503189,-0.06484248,0.004750255,-0.049932145,-0.013169465,0.025178252,0.010984257,-0.027726756,-0.029469289,-0.06601257,0.014162551,-0.038623706,-0.056212448,-0.039859924,-0.056045603,-0.036339134,0.052451197,-0.010865537,0.035321523,0.0033317022,-0.02813235,-0.010878976,-0.029046973,0.008385913,-0.05701625,-0.06445785,0.028817615,-0.035265163,0.01873869,-0.033293687,-0.019846685
-0.054345198,0.050319232,0.053117428,-0.03191353,0.047478374,-0.03813216,0.021767704,-0.011061105,-0.021616146,-0.04753387,-0.035510913,-0.017321758,-0.020304007,-0.041592915,0.023386283,0.011219732,0.05804105,0.06546249,0.007959194,-0.015259682,-0.041338917,-0.0071651833,0.028546361,0.01602814,0.07441961,-0.012570431,0.044075746,0.05105317,0.017919444,-0.0431713,-0.057239354,-0.04699544,0.029532084,-0.05225694,-0.03386729,-0.0030724774,0.0769538,0.04276921,-0.009912238,0.0073184473
-0.04898123,-0.049953893,-0.0663041,-0.061981782,-0.05824699,-0.06408282,-0.050359942,-0.08378829,-0.060974825,-0.025332175,-0.032118477,-0.053122807,-0.07316901,-0.048262134,-0.032828595,-0.05871248,0.012232753,-0.022468632,-0.048385195,-0.04936962,-0.06492921,-0.036028907,-0.06167222,-0.05800083,-0.046604034,-0.06877216,-0.054535694,-0.07604028,-0.067680314,-0.057617515,-0.041386805,-0.05925458,-0.060889438,-0.06921592,-0.058233086,-0.068173945,-0.0034848135,-0.064144574,-0.05165239,-0.050222505
0.04233006,-0.042226512,-0.038108233,-0.041472342,-0.044133894,-0.03578456,-0.056180816,-0.057746824,-0.04182632,-0.0349024,0.03551634,-0.024789121,-0.03586666,-0.0023077654,0.016647683,0.019947296,-0.0067648026,-0.00025726625,-0.04747095,-0.035697196,-0.059841014,-0.0047376296,-0.047124468,-0.034291584,-0.073683955,-0.047647264,0.003721505,-0.024112653,-0.033213224,0.025783407,-0.0341786,0.013729557,-0.06296087,-0.03561523,-0.0053649247,-0.0028601927,0.027431795,-0.004890456,-0.019002825,-0.014887939
0.051659912,-0.04322345,-0.03738479,0.025200594,-0.006501148,-0.053819854,0.034509767,0.04855478,0.01849546,-0.0085209515,-0.047751136,-0.0013407976,0.061016776,0.010401941,0.010313213,-0.0063149175,0.06800183,-0.0058683883,-0.0018053482,-0.0043572355,0.0436469,0.041461144,0.036306642,0.031963415,-0.025183514,0.030379469,-0.06856285,0.013914014,-0.05304029,0.049141943,0.010688737,0.033555537,0.04407933,0.0061078006,0.06665998,0.025174886,-0.007082309,0.0011042913,0.023621151,0.022449829
0.025080636,-0.049769767,-0.0055212034,-0.054333568,0.0014764501,-0.05024162,-0.0009861179,0.01628057,0.053363975,-0.05839953,-0.070668295,-0.074175894,0.02744808,-0.0046257344,-0.0020291747,0.016459828,-0.00503028,-0.000571258,-6.811929e-05,0.03606946,-0.009212177,-0.040947106,0.028060775,-0.07470571,0.048109565,0.07271853,-0.078720756,-0.0730765,-0.009509651,0.07633522,-0.053562935,0.04907532,-0.0286375,-0.058239494,-0.07350298,0.020180546,-0.07347214,-0.02282216,-0.028346252,-0.024005992
0.0659764,0.054724235,0.053420898,0.05286967,0.028938582,0.033697724,0.068759784,0.08612261,-0.0048830016,0.10326367,0.0051168744,0.07605206,0.062271982,0.028955545,0.083265245,0.049556393,0.066174544,0.06681351,0.04192509,-0.028685763,-0.020872086,0.047920004,0.0016690033,0.066407666,0.019268168,0.01674791,0.03220654,0.07407648,0.046870887,0.053126756,0.030694025,0.04267413,0.07055413,0.09106314,0.057973724,0.044579238,0.05130926,0.03280292,0.05007843,-0.0075981272
-0.0005510192,0.02890559,0.053196438,0.03277482,-0.0042217784,-0.03851721,0.030007187,0.04329939,-0.007225818,0.03526197,0.06338592,0.022016853,-0.040603213,-0.041653015,0.05781429,0.030342925,0.081768356,0.06859151,0.021417541,0.029856378,0.0011806582,0.043498386,0.040774245,-0.029032635,0.011437418,-0.0074461945,0.0015418397,0.006439239,-0.06000508,-0.0031033247,0.016809953,0.0039982805,-0.019363329,0.008153227,0.0742612,-0.051320203,-0.04456838,0.060406353,0.05235996,0.0734929
0.06901127,-0.050888777,-0.023588208,-0.04446256,0.006354077,-0.023557123,0.009584339,-0.022964843,0.032368917,-0.0019568373,-0.031694308,-0.03736868,-0.0475158,-0.03568657,-0.021805566,-0.040205743,0.0144652445,-0.048551675,0.02613489,-0.062499505,0.014628997,-0.018642226,-0.012892484,-0.0060546305,0.0011523425,-0.026575144,-0.024374116,0.010779242,-0.0021762988,-0.035680603,-0.03645815,0.02234198,0.027679455,0.04236882,-0.0033786607,-0.065511145,0.028249238,-0.0022735202,-0.06230924,-0.057385348
0.031095311,0.030726444,0.049963772,0.06474921,0.027028156,0.023872947,0.023273574,0.032877997,0.021652468,-0.027840938,0.012516486,0.043799903,0.051371288,-0.041470505,0.023940155,-0.050860588,-0.020359917,0.0033484832,0.07264794,0.06437528,0.024980607,0.05586936,0.03516143,0.057376895,0.00064278365,-0.024752526,0.068858,0.013052017,0.03601957,-0.0064644665,0.025474934,0.0070431656,-7.9260346e-05,0.06889592,0.06165423,-0.025089722,0.062078096,0.06665218,0.007393681,-0.007196522
0.037223708,0.0030671668,0.02662368,-0.009333836,0.041976273,0.040856034,0.015226306,0.016820021,0.037808076,-0.011237076,-0.023649221,0.024836203,0.059062824,0.005756239,-0.02671451,-0.011482373,0.019637221,0.019607913,0.005940405,0.025554623,0.013222781,0.02719843,-0.010676982,0.026908657,-0.024984583,0.027206635,0.032876752,-0.04029069,0.04240025,-0.0041093994,0.057380628,-0.0051396633,0.05451279,0.034038626,0.039842714,-0.025988461,0.038595643,-0.025996095,0.02992568,0.014942209
0.04557348,-0.0193063,-0.011877202,0.029258225,0.03948607,0.021276183,-0.024256198,-0.04460717,-0.033499245,0.03319039,-0.04732932,0.01894756,-0.033205617,0.04101022,-0.08060486,-0.080316074,-0.011607653,0.019268917,0.013785229,-0.0738182,-0.05729236,0.03799197,0.0006786819,-0.025989728,-0.017681967,-0.027501578,-0.02009581,-0.034518912,-0.026092835,-0.04069347,-0.079215005,-0.032663755,-0.048480153,-0.08093814,-0.021088103,0.007748634,0.011730302,-0.016948223,0.008589748,-0.005713722
0.08098103,-0.02649768,-0.004708865,0.08269684,0.050146896,0.04053524,-0.030076887,0.080928855,0.07083715,-0.044624,-0.04764234,0.07281019,0.0378132,0.035520665,0.03318472,0.07000385,0.059580993,-0.044723883,-0.0075180144,0.051144164,0.06400514,0.06859628,0.08090807,0.044468336,0.026063345,0.06275431,0.0749761,0.08914384,0.08603883,0.01728968,-0.030048193,-0.03079264,0.068497844,0.036856838,0.07049048,0.05671595,-0.039024126,0.05793199,0.057699863,0.007888337
0.06919688,-0.073997475,0.0061975475,-0.002791717,-0.00038089862,0.05471477,-0.0046749976,0.010118008,0.008035484,-0.01747778,-0.0257135,0.05558831,-0.02317848,-0.009160864,-0.0076905033,-0.03656758,-0.037015032,-0.015971098,-0.06757392,0.057744384,-0.02699839,-0.01486158,0.014006041,0.024030766,0.055076912,-0.03511837,0.008467135,-0.041437034,-0.016930226,0.010699215,-0.0065330486,0.01505824,-0.044583164,-0.03854828,-0.020720836,0.04186338,-0.033905007,0.044375658,-0.03706942,0.026301324
0.011119563,-0.015460234,-0.0531422,0.07953339,0.05258366,0.042121965,-0.042578418,0.01671637,-0.01824882,0.006174124,-0.028651211,0.032997213,-0.04611006,-0.043787077,-0.04044389,-0.027430193,0.014689052,-0.0027788512,-0.060110915,-0.0054008444,-0.05763248,-0.06864404,0.04530521,0.005168712,0.060918946,-0.0016825341,-0.02886697,0.041965447,0.0061785793,-0.053854812,-0.032603998,-0.049465366,0.023629382,0.031962667,0.019463593,-0.009177135,-0.024024434,-0.020272028,0.061537005,-0.016001958
-0.02033621,0.07455703,-0.0088139,-0.06516761,0.05029448,-0.059846096,0.0045443773,0.028731585,0.0045466134,0.059115928,0.027215367,-0.014694369,0.05130048,0.014032188,-0.0115244705,-8.94847e-05,0.07641221,0.074413724,0.07378203,-0.05812721,-0.010465848,0.07395089,0.072013155,-0.064153075,-0.015723301,0.07046868,0.07561996,0.029750317,-0.03691815,0.066557124,0.0078116576,0.06986534,0.06759604,0.011113459,-0.034722093,-0.028464958,-0.05279185,0.051613186,-0.058474664,-0.014542286
0.07577892,-0.038838413,-0.008600065,0.060365576,0.028145082,-0.05637125,-0.077446006,-0.03059297,0.007934705,0.0074776076,0.07522743,0.06652218,0.004833869,0.04549245,0.013359178,-0.012984596,-0.017622171,-0.05291166,0.05134456,0.059456106,0.046888433,0.05138113,0.059018,-0.003913923,-0.013309101,-0.015495855,0.025393521,-0.0122459205,0.01717697,0.0019099684,0.039579447,0.026527638,0.004203276,0.02936349,0.06753475,0.030926304,-0.012729585,0.0075821225,-0.008061126,0.018601736
0.031057868,0.04640022,-0.026435692,-0.034283977,0.07871902,-0.050588198,-0.06539545,0.016204385,0.028515821,0.027196517,-0.0038797583,0.042230934,-0.016070025,0.02982189,-0.074221745,-0.08351164,-0.008296507,-0.08891503,-0.02533549,0.064923994,-0.025130963,0.027251387,0.011027111,0.04090759,0.02601184,0.035765547,-0.030919436,0.04586619,0.043541607,-0.022504883,-0.05169754,-0.070583925,0.04890941,-0.02070646,0.015981935,-0.04561159,-0.06321001,0.05151344,-0.010708612,0.017681597
0.002055858,-0.038882095,-0.017363394,-0.04321082,-0.032141443,0.06674087,-0.04732708,-0.049129676,-0.039026264,-0.024615753,0.015630348,0.058146045,-0.030255234,-0.028767908,-0.03303572,-0.07084554,-0.06581592,-0.048129283,-0.06205476,-0.07107714,0.013908558,-0.071194515,0.019503644,-0.017647894,-0.025116926,-0.027041243,0.07196489,0.08554955,0.062207196,-0.06897888,-0.08032615,-0.0151952505,0.023234049,-0.021688418,-0.034879588,0.03785599,0.001936708,0.024085157,-0.009916931,-0.0058499104
-0.008497601,-0.0135131115,-0.047023106,-0.024192352,-0.014863776,0.0117428005,-0.03529531,-0.01364366,0.024012579,-0.014533528,-0.009745743,-0.0395569,-0.07623174,-0.0306877,-0.04612962,-0.02087238,-0.05101103,-0.037648458,-0.0055359164,0.04706688,-0.061568435,0.0076780897,0.005064878,0.050491106,-0.016445711,-0.019999076,-0.060848366,-0.005587613,-0.02101001,-0.05581746,-0.019245002,-0.03916221,0.047122166,-0.0003042917,-0.056905173,-0.037894674,0.016485183,-0.035139028,-0.020718666,-0.047203705
0.03862779,-0.048944596,-0.0017721404,-0.063175865,-0.018794548,-0.0030437242,0.002713474,0.008526671,0.00018819909,0.035512596,0.03583617,-0.06651774,0.050826885,0.0040969444,-0.007704298,0.023591775,-0.00089341257,0.008926842,-0.046414595,-0.03161893,-0.0050356733,0.041941483,-0.01768063,-0.07317594,0.06497504,0.015107906,0.07224192,0.018604832,-0.004724095,0.02429051,0.01188947,-0.00021101745,-0.011940058,-0.07112645,-0.021755883,-0.04493685,0.06747519,0.07401115,0.04041299,0.017482636
0.019877939,-0.075958624,-0.042071898,0.028149962,0.05075096,-0.012104625,0.03992678,0.055743802,-0.0062570935,0.022983536,-0.018091144,0.0053540384,0.048865557,0.0575486,0.018682744,0.049105603,-0.043616466,-0.001039536,0.01752206,0.065618455,0.05296836,0.028626144,0.03920575,-0.009138456,0.045266837,0.024729714,0.013199711,0.035584856,0.07202416,-0.0076384405,0.033270754,0.05863703,-0.03349701,-0.028688332,-0.03655688,0.032977752,0.046691652,-0.0009220201,0.0735724,-0.04207461
0.021038523,0.03478173,0.05047177,-0.021397613,-0.019658022,0.009943614,0.05423716,0.014587317,0.044889636,-0.023501849,0.046970196,-0.019527264,0.059220538,-0.017256845,0.06685932,0.04524907,0.033431884,0.07386974,0.04940239,-0.024008706,0.047813144,0.0033656217,0.07825704,0.016938262,0.07494007,0.042114567,-0.023244744,-0.015136302,-0.0013396889,0.028488055,-0.010493207,0.031876538,0.014404704,0.014462549,0.024727086,0.05768491,0.06955633,0.042865273,0.043413796,0.019272428
0.030969467,0.04925703,-0.06765194,-0.051501535,0.061549798,-0.043835368,-0.051834434,0.07229364,0.06236722,0.009374145,0.05585956,0.0021158683,-0.02678996,0.054728635,-0.052194197,0.009626976,0.06027053,0.05713585,0.0029859443,0.019488998,0.040515777,0.06619635,-0.00835301,-0.024035083,0.01595176,0.0010183327,0.01734534,0.01649774,-0.019297224,0.050377313,0.004743001,-0.04132015,-0.010384619,0.0016921168,0.071211,0.037495553,-0.0036017883,0.010176841,0.065494806,0.07097352
0.010886245,-0.028635593,0.0021077574,-0.06442699,-0.030456956,-0.026605172,-0.061403498,-0.009826103,0.02995635,-0.00613965,0.029900512,-0.060636383,0.06764791,-0.028842375,-0.04683788,0.0009086594,-0.03911373,-0.007454662,0.013959507,-0.01964525,-0.004671274,-0.010988876,0.009400275,-0.0379135,0.009973777,0.022257123,0.024638936,-0.041566744,0.011721853,-0.05843469,-0.0009815161,-0.045479033,-0.07728562,-0.0674365,-0.032441553,-0.020674504,-0.04682342,-0.013881208,-0.040714998,0.053395305
-0.041582897,-0.005359472,-0.053323537,-0.025218086,0.00025708243,-0.021498455,-0.066731885,-0.034029517,-0.026864894,-0.07431971,-0.072953574,-0.041457333,-0.0324636,-0.05690026,-0.012994144,0.060454294,0.006953974,-0.045928527,-0.008478387,0.021385467,-0.03564747,-0.010582255,-0.03376554,-0.07153356,-0.055487987,0.04248975,-0.06484038,-0.040949572,0.053713523,-0.0336552,-0.048862007,-0.0479839,-0.06687074,-0.028824732,-0.058170483,-0.02732679,-0.06810388,-0.03255018,-0.020403398,-0.015350595
-0.03698444,0.014603872,0.008888397,0.02871298,0.06165561,0.06674903,0.018147353,0.05291418,0.062956154,0.023464732,0.04234302,0.0011070123,0.030538231,0.04830042,-0.0019674043,0.04261022,0.0008204231,0.07479099,0.010684342,0.051825702,0.01233483,0.06780186,0.06694323,0.05478507,0.002019481,0.016811257,0.03247524,-0.0018556855,0.052570928,0.02914364,0.021245409,0.061060917,0.018355632,-0.016929824,-0.00019809608,0.032121405,0.059996642,0.06476804,0.052078366,0.0575227
-0.040865753,-0.019760186,-0.062478658,-0.020256486,-0.015376887,-0.022577016,-0.06964637,0.03070726,0.032680057,0.007357959,0.02270485,0.013960014,0.027417453,-0.036776867,0.016213372,0.008496209,-0.016347405,0.03182692,0.024757471,-0.06759728,-0.016185367,0.05564484,-0.020463822,-0.0009419441,-0.021397028,-0.00785441,0.023638144,-0.0010149297,-0.058677614,0.03578085,-0.011832289,-0.013668855,0.027083231,0.0016041334,0.03192282,0.0027809974,-0.027208902,-0.007431636,0.0038937216,0.047189422
0.044089302,-0.0037633786,0.01861251,0.031903263,0.07590023,0.044533886,-0.002099645,0.060874116,0.016596422,0.042949315,-0.0005331524,0.060955904,-0.028984098,0.009151811,0.019408377,0.05700394,-0.0005039396,-0.010535053,-0.0014279064,0.061475012,-0.010516734,0.03372863,0.018229239,-0.0068349014,0.035159912,0.053158086,0.031161526,0.06460752,0.068584554,0.0007179103,0.012075422,0.016881756,0.06534324,0.06266338,0.063818865,0.043058895,-0.04423139,-0.02674743,0.05550946,0.006981753
0.062352177,-0.07374901,0.021431666,0.060757976,-0.02556223,0.04630506,-0.03836183,-0.011651978,0.042892717,0.031205911,0.066807404,-0.032697573,-0.041331254,0.059497666,-0.019113392,-0.006880537,0.020736005,-0.009965189,-0.01035864,-0.007709136,0.047786146,0.021845417,0.05937075,-0.057364125,-0.035558455,-0.016512778,-0.028546378,0.028795915,0.063142665,-0.025033515,-0.041506346,-0.03314206,0.035713185,-0.031257223,0.0065322435,0.030558642,-0.001419547,0.058925495,-0.03755081,-0.03455517
0.027769882,0.040426634,-0.033827495,-0.018080646,-0.015816223,-0.004738202,0.0127322795,-0.06258813,-0.016188331,0.005956416,-0.048486598,0.049301732,0.024712168,0.011038622,0.013873245,-0.011289971,0.06286572,0.0010141388,0.05001857,-0.06430681,-0.02874699,0.016971534,-0.06502283,-0.04331223,0.00036087184,0.059634984,0.005663159,-0.008359525,-0.050152443,-0.035263933,-0.0124381725,0.048458245,0.04017314,0.048161313,-0.059076734,0.033519182,0.052106917,-0.046093494,0.004944492,-0.02563071
0.061385583,0.008242369,0.031462736,0.011974123,-0.009589663,0.047130324,-0.025872406,0.004302368,0.042432692,-0.004838618,-0.030763328,-0.0019993426,0.051998414,0.06999813,0.00769512,0.049467586,-0.013499078,0.037074,-0.009292086,-0.04617908,0.023044502,0.034088813,0.027039,0.021026693,0.008990772,-0.038384754,-0.01769329,0.022186322,0.025793951,0.0656469,0.03894012,0.0005114049,-0.011458232,0.0056296256,0.0053259605,-0.05217913,0.06308905,0.0695381,-0.0372683,0.048100382
-0.008187895,-0.035400137,-0.067254186,-0.01576795,-0.04739166,-0.05334886,-0.06755775,-0.028707083,-0.024716342,-0.03457034,-0.030341635,-0.051452205,-0.07726274,-0.032420453,-0.057666503,0.005494466,-0.0596363,-0.03012996,-0.053690396,-0.012788116,-0.063911445,-0.04384167,-0.029729044,0.004982608,-0.07325334,-0.05693599,0.003422183,-0.060556684,-0.032074608,-0.071627766,-0.048186947,-0.040263906,-0.071325436,-0.05953263,0.0307116,-0.056098953,-0.021294229,-0.04343879,-0.053484127,-0.029678157
-0.012439375,-0.013288425,0.012792899,-0.0627192,-0.041925628,0.011511539,-0.06462964,-0.054014165,0.0059481985,0.034761317,0.047625072,-0.015180704,0.034336586,-0.019354248,-0.06034971,-0.028693669,-0.074947,-0.01453465,-0.06356978,-0.048671696,0.048907388,-0.039910365,-0.012294566,-0.019998847,-0.080389656,-0.0041411226,-0.022979293,-0.066554,-0.049504288,-0.021601902,-0.02186887,-0.055747442,-0.08146434,-0.017290805,0.0021164184,-0.04660902,0.07592552,0.03244324,-0.043180395,0.010313006
-0.07339993,-0.041847214,-0.0053938585,0.0625291,-0.008820276,0.0380201,-0.055571042,0.04712347,0.07298169,0.03434683,0.070614524,-0.057311278,0.006681784,0.0071306685,0.029874712,0.057775967,0.042569414,-0.015540729,0.029528068,-0.04830472,-0.017568344,0.044444326,0.05296938,0.06664058,0.019360226,-0.053455934,0.07598971,-0.088735044,-0.06297358,0.014162881,-0.07554644,0.02379185,-0.03901467,-0.015926478,0.031137351,-0.027770068,0.02605903,-0.059088882,0.023299208,0.003280929
-0.06002842,0.013069317,-0.08517659,-0.040532183,0.025068767,-0.045404114,-0.01362793,0.030679299,-0.02166506,0.069004945,-0.06484143,-0.0565569,0.031071644,-0.014875231,-0.050371334,-0.00045265965,-0.034483764,-0.0650284,-0.07724787,0.009131944,0.024276981,0.016981147,-0.0032680985,0.016247597,-0.05673199,0.07449861,-0.0007381906,0.04905786,0.014002152,-0.07108475,0.0029915194,0.0066457395,-0.010467858,-0.07324114,-0.02196573,0.026743582,-0.045799818,-0.03710231,0.052573845,-0.07092762
-0.031776357,0.03276177,0.0131761525,0.0734435,0.00071335153,0.0072107436,0.017100181,0.04543527,0.03474031,-0.03958692,-0.020231135,0.048065398,0.06055322,-0.023258304,0.04187385,0.059210546,0.028820544,0.0365703,0.006786685,0.05295458,0.03355923,0.060131736,0.014855185,-0.03385292,-0.04538023,0.012968034,0.026505897,0.050657466,0.08087081,0.012784231,0.022740273,0.04193529,0.06443484,0.04562695,-0.013918074,0.028040396,-0.005606343,0.07408734,0.057715748,0.034342095
-0.01695835,-0.04963186,-0.04017231,-0.024718119,0.0498269,-0.053722225,0.040602326,0.04578287,-0.04819034,0.07962083,-0.08660576,-0.014403088,0.01851344,-0.07318632,0.0037647642,-0.023166299,-0.028751513,0.0065877424,0.05326068,0.050476477,-0.029441105,0.04248617,0.025844106,-0.046765085,0.053762004,0.049922287,0.04365299,-0.056258447,-0.059201133,-0.009678604,0.0142706325,-0.044250667,0.004028714,-0.019791137,-0.049870484,-0.050737966,-0.008099497,-0.0053709447,0.04824738,-0.054122757
0.055610258,-0.048658118,-0.036191944,0.008679095,-0.05472719,0.0650708,0.008005873,-0.0657456,-0.022726208,-0.0019591015,-0.027983671,0.00042557486,-0.022520712,-0.0034882932,-0.0055570547,0.0009876012,0.043107882,-0.03492308,-0.024657696,0.024900699,0.06255243,-0.020489182,-0.02773042,0.016046021,-0.019432086,0.023073636,-0.075109266,0.030383023,-0.028988661,-0.030803042,0.014481012,0.011070348,0.06742613,-4.0384813e-05,-0.06781337,0.063485436,0.0223375,0.043457717,-0.075710766,-0.031719044
-0.010141244,0.040623654,0.060329795,-0.021372696,-0.009634914,0.012707221,0.028970037,0.011321901,-0.041365523,0.10198427,0.029334081,0.005941023,-0.025874147,0.00037059514,0.01852445,-0.0155799575,0.069939576,0.051688712,0.041803837,-0.023280341,-0.07471005,-0.049314562,0.014821354,0.03165581,0.04651349,0.0694164,0.08668796,0.04673416,0.07483012,0.0068213954,0.011389196,0.049264878,0.033710517,0.054727215,-0.04284137,0.043909337,-0.07279165,0.019753441,0.022530742,-0.0097834105
0.063562825,0.056373548,0.08710304,0.0371614,0.07134891,0.02643033,0.08173013,0.053045765,0.05258282,0.04385958,0.056690957,0.071258076,-0.04318968,0.066411786,-0.022778708,-0.043085665,0.046779044,0.064569294,0.06812932,0.07504432,0.07864678,0.06654736,0.02616312,0.08600963,0.046419434,-0.03172391,0.06008257,-0.0017036961,0.05632551,0.07604958,0.06634451,0.074887045,0.05968963,0.049758375,0.05601745,0.050159752,0.029697368,0.039590746,0.06065417,0.06343917
-0.016793039,0.07009169,-0.022813432,-0.015862558,-0.03181308,0.024658995,0.0064045503,0.0151342675,-0.05649092,0.04341661,0.014463865,0.029643739,0.04747705,-0.015443279,0.064621955,0.04210397,-0.03598129,0.062666014,0.021547487,0.004010208,-0.05257558,-0.0666445,-0.070297256,-0.03878791,0.012273918,0.03666121,0.025185544,-0.02399936,-0.005022073,0.05333926,-0.03422658,-0.0090495255,0.052390616,0.03791464,-0.018819386,0.047822677,0.02134891,-0.022307593,0.019127293,0.047996297
0.014884612,0.020962527,-0.062440865,-0.051443834,0.021156216,-0.07740878,0.06416555,0.03654021,0.018601632,0.05864744,-0.012451523,-0.053680252,-0.020881996,-0.039983857,0.07292014,0.06712044,-0.054744765,0.01657695,-0.049333245,-0.06478708,-0.03479122,0.023319636,-0.010759673,0.07886659,-0.015068792,-0.061500825,0.07261029,-0.052914288,-0.059305932,-0.021974465,-0.016919086,0.03627425,-0.0671645,-0.03509443,0.006478432,0.037503544,-0.055908013,-0.014791009,0.01809835,0.04820345
-0.062049557,0.026929885,-0.046686824,-0.018627565,-0.0691208,0.012677764,-0.05631007,-0.038642254,0.0054797865,-0.054451223,-0.0431231,-0.034181856,0.055327553,-0.03909486,-0.06506138,-0.06616694,-0.06261456,-0.057587232,-0.037609342,0.010440546,-0.07587459,-0.010580171,-0.04613081,-0.065968014,-0.0809013,0.05754591,-0.07639262,-0.031584695,-0.065321445,-0.08692132,0.005685711,-0.008123782,0.06289628,-0.034597035,-0.0003629713,-0.00745571,-0.039821237,0.0104102045,-0.059657868,0.0162799
0.029339978,0.021004116,0.017020384,0.053182952,0.01045501,0.062279813,0.019146174,0.029304419,0.060848486,-0.020964334,-0.043096244,0.028503155,0.07237225,-0.025848547,0.025444096,-0.050295517,0.0371613,0.043791886,-0.027390318,-0.005815669,-0.040563677,-0.04644019,0.050480526,0.04014296,0.07085794,-0.0739894,-0.0016359921,0.04288808,0.04638683,-0.059340876,0.027110571,0.035702523,-0.071437344,-0.051001232,-0.028782897,0.04606649,0.057326134,0.0014752856,-0.014328212,0.034456637
0.033737037,0.025690708,0.029728206,0.066075966,0.045228746,0.07012742,-0.021262212,0.06850995,-0.015758403,0.019630458,0.061779715,0.01692538,0.061270226,0.031148387,0.06381844,0.026617162,0.058164723,0.067681134,0.06896856,-0.01832565,0.026025511,0.065950744,0.08575482,0.083843485,-0.036490615,0.035590995,0.042693976,0.020202044,0.065409504,-0.062198054,0.036011666,0.016159158,0.03735134,0.03160227,0.018011795,0.028267855,0.052990783,0.04405916,0.034520183,0.06663296
-0.058792498,-0.079304755,-0.08315466,-0.056964703,-0.06944057,-0.045128915,-0.036240943,-0.059428215,-0.07732691,-0.09235955,-0.072421335,-0.07843103,-0.085566536,-0.07517325,-0.061259605,-0.08338957,0.045270167,0.006029207,-0.059931453,-0.07695927,-0.073169276,-0.079872675,-0.085136734,-0.051880017,0.026512224,-0.063068576,-0.053849045,-0.08710296,-0.08358445,-0.013129321,-0.05912188,-0.08114204,-0.050747573,0.018959235,-0.04299089,-0.06799938,-0.031439386,-0.06848823,-0.06975765,-0.06564501
-0.036918946,0.041580915,0.051620256,-0.067730956,-3.0997246e-05,-0.058018673,-0.00042076656,0.07243288,0.02093192,0.022399846,0.058881186,-0.025786374,-0.06434412,-0.06649982,-0.07139953,-0.0419578,0.026170036,-0.015316048,0.04731065,0.014463774,-0.009525929,-0.028585892,-0.028601488,0.02238086,-0.0073912474,0.030668272,0.057506487,-0.073678166,-0.05700581,0.020489018,0.07948516,0.003054846,-0.03852583,0.040792536,0.039991383,-0.00016705711,0.060903396,-0.025948854,-0.05002297,-0.046552155
-0.022696638,-0.03759699,-0.0828006,-0.045565426,-0.062097576,-0.06045542,-0.06990003,-0.06995372,0.008404431,-0.050409563,-0.01563221,-0.04030705,-0.05225309,-0.06621398,-0.074912444,-0.04589105,-0.031391494,-0.08599908,-0.0408041,-0.04019106,-0.038452014,-0.027526774,-0.075175025,-0.07925975,-0.093389794,-0.022831986,-0.021337448,-0.0722209,-0.047706276,-0.03117653,-0.023392035,-0.04566256,-0.07033704,0.038125552,-0.026264874,-0.07056977,-0.078023255,-0.06770032,-0.012457823,-0.060779907
0.06690048,-0.010370621,0.04016659,0.03459935,0.023979675,0.053215113,0.015011093,0.0016611053,-0.052628674,0.06760965,0.003277505,0.053532593,-0.010100471,0.00093743624,0.03252533,0.044533104,0.029746614,0.029439176,0.05859719,-0.0137061775,-0.014188114,-0.047366403,0.015783643,0.013529074,0.023362847,0.02184393,7.041965e-05,0.041131455,0.037674136,0.041305393,0.0052428283,0.021957364,0.010176752,0.05295325,-0.00430842,-0.014047413,-0.014310385,0.03082708,0.011091824,0.045698676
-0.024495056,0.041396055,-0.015155525,0.037416063,0.024266906,0.044368647,0.01096889,0.03068885,0.021777885,0.08059886,0.03384567,0.0342713,0.014101908,0.00957061,0.04225558,0.027592327,0.048382655,-0.03397103,0.04015474,0.06271872,0.013513875,0.01124457,0.045821313,0.03304499,0.043065514,0.05759755,0.045788992,0.0024886676,0.00034273803,0.0193873,0.069649816,0.011153798,0.025637778,-0.0006466976,0.019530015,0.0009831146,0.027090522,-0.009393115,0.051979665,-0.0024965361
-0.078979336,-0.0688822,-0.064436115,-0.047971603,-0.00044234833,-0.023183703,-0.01700496,0.009090737,-0.04736434,0.050751485,0.021757629,-0.0781522,-0.08323951,0.049501773,-0.05011414,0.044898137,-0.01642699,-0.027749587,-0.030955954,-0.019816963,0.010918223,-0.05383128,-0.02319007,0.05914018,0.05812045,0.06531943,0.061375078,-0.041545276,0.025317337,-0.001556249,-0.0652757,-0.005641109,-0.077969156,-0.054641888,-0.06030673,-0.056554135,-0.019874275,0.042959847,-0.013344519,-0.07940714
0.0019626913,0.05770903,-0.048698377,0.023607947,-0.07600123,-0.070019364,0.023307184,-0.061268926,-0.06790296,0.0034784863,-0.0643529,0.011604459,0.022267096,-0.030639002,-0.015290795,-0.046300706,0.036941975,-0.008301791,0.019812776,-0.025963316,-0.014024584,-0.00081139326,-0.056654636,-0.040804308,-0.053724106,-0.04810516,0.03926883,0.0016915399,-0.04311655,0.0040809307,-0.008161872,0.029023804,-0.069821715,-0.03515595,-0.0011677876,-0.059711725,0.0011663772,-0.016409587,-0.0621118,-0.003217718
-0.014736807,-0.036764856,-0.06319267,-0.025956541,-0.06021804,-0.028033316,-0.06758552,-0.044282787,-0.04481431,-0.0069215945,0.021487636,-0.06716923,-0.022799326,-0.04060318,-0.047566965,-0.065663904,-0.043182835,-0.009015097,-0.063868254,-0.043667957,-0.0685335,-0.06399015,-0.0013930316,-0.047115553,-0.03301426,-0.050243776,-0.04523552,-0.047941644,-0.031474713,-0.08429292,-0.055912834,-0.030399863,-0.058217227,-0.04662561,-0.021703858,-0.060117986,-0.044070736,-0.013165678,-0.0396591,-0.039509352
0.029274404,-0.03474754,0.014364409,-0.0039249132,0.06989649,0.055755105,-0.026226748,0.07515551,0.0038010285,0.04166604,0.025200784,0.04882358,-0.010528045,0.00899722,0.048282523,0.040263515,0.05159974,-0.069321536,0.06806094,0.057648946,0.007559677,0.0011944341,0.053236652,-0.019622663,-0.015897695,0.0703905,-0.05038652,0.006649445,0.041656163,0.013898981,0.053665526,0.04838752,-0.0071218875,-0.03682543,-0.023707157,0.022213139,0.07194624,-0.031265963,0.0451229,0.0072247135
-0.008195184,0.053167693,-0.016767949,-0.013821568,0.03668123,0.008749743,-0.06565976,0.049265042,0.049570624,0.02442309,0.067237556,0.005604213,-0.06977698,0.032198727,-0.023612738,-0.05054296,0.0047474015,-0.038744412,0.018444592,0.006544951,0.01009741,0.032005567,0.08235734,-0.0022805627,0.008464538,0.045159742,-0.016586522,0.00996049,0.04252418,0.05718713,-0.021869728,0.01896079,0.010760604,0.021380393,0.007788322,-0.053161457,-0.030582007,0.04289368,0.014152485,-0.004414176
-0.0026918992,0.0062292716,0.03650612,0.08142656,0.050364107,-0.044286195,0.06490247,0.0592274,-0.027854191,-0.0403696,0.055379987,0.08166038,0.07331697,-0.00081276434,0.051064774,-0.053565715,0.021045806,-0.041573774,0.0066692033,0.06723637,0.019050753,0.061786596,-0.042275377,0.0057455567,0.01251989,-0.0034867886,0.060297772,0.06706343,-0.027958645,0.041054886,0.0150055485,-0.05644227,0.014123546,0.05540125,0.07690402,-0.0031069862,0.0009763791,-0.04291386,0.061984684,0.014683488
-0.0047232765,-0.054844726,0.024347002,-0.0045711994,-0.06769031,-0.023658315,-0.019091126,-0.039148826,-0.03476161,-0.019870017,-0.06463059,-0.030398324,-0.029221583,-0.07260016,-0.019036477,-0.020010825,0.013204352,-0.029885147,-0.0049634553,-0.061576635,-0.0025234506,-0.040454213,-6.271446e-05,-0.0010798865,0.003318117,-0.028361948,-0.05067834,-0.044263218,-0.05976628,-0.023945602,0.0124757225,-0.055391535,-0.023738137,-0.04292558,-0.03188503,-0.05396878,-0.006264764,-0.06394505,-0.027498063,-0.05121812
-0.0126544675,-0.008134514,0.036259048,0.04182368,0.0009804112,0.06395739,0.055401523,0.05742786,0.004353403,-0.079838715,0.070055254,0.040526707,0.013615505,0.04566278,0.026711445,0.042980798,-0.04350312,-0.017141508,-0.009218878,-0.0034026867,-0.008582551,0.0116566075,0.019603832,0.06530696,0.02002843,0.0626948,-0.07788953,0.0005100251,0.03879555,0.029394774,0.038445633,0.017005676,0.030993428,-0.02747489,-0.039944224,0.05350735,-0.0022205184,0.054328915,0.032018904,-0.006620864
-0.04537031,0.024190204,-0.061635483,0.017440332,-0.070340954,-0.06929837,-0.0019973451,-0.05051989,-0.019732377,-0.03542379,-0.07409961,-0.042850014,-0.035183948,-0.072855465,-0.03893477,-0.050008677,-0.0009134542,-0.06537698,-0.08380919,-0.06624063,-0.047326505,0.0073718377,-0.06903578,-0.03219912,-0.02797376,-0.08252843,-0.021079155,0.00974407,-0.033006422,-0.087947324,-0.040333807,-0.071185455,-0.013249613,-0.017487103,-0.03558599,-0.04659108,-0.0239553,-0.051022343,-0.07158682,-0.06607498
0.07157459,-0.05983427,-0.021411007,-0.062357847,-0.009973005,0.014694085,0.0029627979,-0.0025859883,0.025674991,0.030908018,0.035302397,0.0020565242,-0.040085167,0.022441322,-0.03849044,-0.014569656,0.025059767,0.05636711,-0.009213716,-0.03627752,-0.023140484,0.02319553,-0.012681089,-0.018934272,-0.0057058274,0.023840133,-0.008348383,-0.018164655,0.029164048,0.07034613,0.052313205,0.011098685,-0.0077948356,-0.038846362,-0.024376515,0.0164067,0.058817644,0.044977583,-0.014800217,0.04315344
-0.07584498,0.023663877,-0.012736845,0.025724797,0.04211587,0.016977921,0.011222164,0.018987395,0.043697778,0.06827311,0.03297606,0.058631677,-0.023408119,-0.011856317,0.03307977,-0.054093678,0.07869795,0.020392906,0.016665282,-0.025143266,-0.0027271425,0.034202795,0.009174263,0.042203426,-0.06778874,0.025990995,0.0415715,0.06042812,-0.018084152,0.0023808116,0.010179668,-0.0009095423,0.007474381,0.025688581,0.010359038,0.056519255,0.025208523,-0.04500598,-0.023398824,0.012138574
-0.048317786,0.041091267,-0.047253348,-0.023633797,0.06569765,-0.0041831154,0.06377483,0.056677166,0.0019592594,0.019503087,0.070442975,-0.0039163423,-0.024261137,0.05696316,-0.033632204,-0.033968404,-0.06328287,-0.0016980489,0.0031608213,0.00046852362,-0.04801902,-0.053130493,0.017948309,-0.057712037,-0.027742928,0.074151374,-0.06881065,-0.029505486,0.012862453,0.04337456,0.047851503,0.033355992,-0.048186816,-0.0065807765,-0.07375371,0.051925924,-0.023741595,-0.03750221,0.056886647,-0.008685903
-0.049371056,0.054557614,0.028610937,0.023134803,0.049846437,0.009292952,0.0689355,0.05329293,-0.019257657,0.06747914,-0.014070377,0.037251677,0.052531876,0.02231359,0.07065868,0.0655723,0.047362186,-0.009341345,0.0050205346,0.06166363,0.07331069,0.067301504,0.06907218,0.05101046,-0.029898241,0.05560809,0.06641332,0.052355167,-0.0004381605,0.021536395,0.05409473,-0.008003247,-0.029113324,0.0686193,0.050595094,0.030804057,0.021406928,-0.047560386,0.050374683,0.058257353
-0.026481675,-0.0677918,-0.02514074,0.034230284,0.026356427,-0.040500782,-0.06955888,-0.049392246,-0.019535154,-0.04621549,-0.0056009963,-0.037647706,-0.026920836,-0.051117055,-0.013097839,-0.0070527154,-0.0779025,-0.051814925,-0.0338193,-0.008557189,-0.043133218,-0.06572971,-0.04972136,-0.010954541,-0.05886784,-0.04064749,-0.03610977,-0.034693956,-0.031049004,-0.046988945,0.051539447,-0.04819916,-0.011517001,-0.013095714,-0.049997482,-0.06466056,-0.07160818,-0.07026587,0.04740408,-0.061290525
0.023887666,0.0671957,0.085171655,0.030191122,0.052944794,0.061955705,0.04678502,0.022303458,0.068506025,0.08282593,0.01684395,0.049188115,-0.06703216,0.06959928,-0.0053601745,0.032949556,0.040737867,0.039072823,0.0263865,0.050678868,0.07152005,0.05069884,0.051441893,-0.018415786,0.015143182,-0.005210528,0.033917066,0.046454392,-0.0008492049,0.07895727,0.053044558,0.063177116,0.08459584,0.08356025,0.036902424,0.0033990133,0.05840287,-0.0055499,0.030298881,0.012218476
0.0575641,-0.067725554,0.004695597,-0.03960784,0.041854143,0.031469088,-0.039538033,-0.015151662,0.07270711,0.055002555,0.05452246,0.023569763,0.04685035,0.04642821,-0.055181712,-0.07603601,-0.011238212,0.02156215,-0.009651065,-0.07523246,0.021773953,0.0017224312,0.036187354,0.010265843,-0.0692673,-0.018402563,-0.052572314,-0.008445506,-0.035302244,-0.03730425,-0.06616908,-8.003898e-05,-0.011401374,-0.0602034,0.06628384,-0.05792887,0.051803418,-0.051180746,-0.021401135,0.043777093
-0.043697484,0.0002304521,-0.022222072,-0.007764423,0.03418871,-0.0033821675,-0.005776482,0.017385557,0.042459603,-0.030230004,0.001247508,0.039847035,-0.02951039,0.04593209,-0.07484588,-0.05987611,0.07404189,-0.0061202436,0.051269196,-0.03200049,0.030801224,0.009098479,-0.00487708,-0.059934087,-0.037682965,0.07684912,0.025682332,-0.072239675,0.028662194,0.012563711,-0.01507888,0.0068213884,0.027042026,0.006194183,-0.0468201,0.018131474,-0.016111529,0.041865475,0.007879849,-0.02088602
-0.017340533,0.011961571,-0.006470065,-0.006879645,-0.043747067,-0.009189173,-0.049260378,-0.006341368,0.039802622,-0.07042332,-0.047587764,-0.015535043,-0.003594306,-0.041014675,0.052301485,0.073721714,-0.026173742,-0.05528696,-0.04767879,-0.048219983,0.0007297193,0.048861116,0.0345982,0.065580845,-0.017835608,0.016088037,-0.06580598,0.07110835,0.0884687,-0.025390128,-0.025080368,-0.058920596,0.0016878033,-0.06512838,-0.066839315,-0.04295602,-0.05504601,-0.034460552,-0.07063272,-0.06087927
0.05441818,-0.02333799,0.049498983,0.037953828,0.026821814,0.06044122,0.055926304,0.017360764,0.026409127,0.017547669,0.013175543,-0.0005987932,0.06701366,0.036291864,0.0444557,-0.015437377,-0.03506653,0.027756706,0.014602821,0.052628525,0.03727023,0.035158917,0.025419775,0.041645065,0.075666085,0.027238483,-0.03732636,0.05560881,0.028507246,0.057409648,0.079159476,0.05615895,-0.013352666,0.055775948,0.035807583,0.02636093,0.06094662,0.05039169,0.057035476,0.056486018
-0.0770055,-0.08363762,-0.08653465,-0.08556324,-0.0862744,-0.09597351,-0.08743511,-0.119405486,-0.074732535,-0.10939186,-0.0863395,-0.08592056,-0.08918363,-0.082934536,-0.0851908,-0.08294976,-0.08688102,-0.09710446,-0.08674194,-0.074466944,-0.081858404,-0.08466227,-0.08669027,-0.08673364,-0.09786501,-0.091312215,-0.08701424,-0.089639135,-0.08893331,-0.09326249,-0.08724036,-0.08886598,-0.09186387,-0.09904742,-0.078248344,-0.07599687,-0.08386679,-0.0765061,-0.080373675,-0.081175335
-0.044170987,0.014507101,-0.044118326,0.022389429,0.055213522,0.04738756,-0.019018687,0.038342357,-0.0045863385,0.058224466,0.05994571,0.041168574,0.025970079,0.04308059,0.0026245762,-0.026724238,0.008329906,-0.012556992,0.04488584,0.033419725,0.0060264566,0.03533982,-0.019352343,0.026664518,0.024467137,0.05894487,-0.03634977,0.026889334,0.03235765,0.048251923,0.08178434,-0.020408338,0.040781856,0.08688151,0.066064075,0.0548179,-0.028605292,0.043878537,0.041218866,0.05157739
0.07542528,0.03308677,0.062394712,0.08221338,0.048473146,0.043277025,0.07144433,0.06569917,0.05406475,0.08856978,0.028536659,0.028757237,-0.0043621333,0.060630713,0.08341894,0.08459827,-0.0047323997,0.03996254,0.07526296,0.041736756,0.035825294,0.017934108,0.060678374,0.0717016,0.0658874,0.034621798,0.06728499,-0.04975763,0.08420092,-0.021962073,0.07085218,0.080849566,0.0014614109,0.0025408024,-0.05021159,0.066571385,0.039063457,-0.074195385,0.06307028,0.057471663
0.005095573,0.03409639,0.002778003,-0.065674625,-0.027307509,-0.047157515,0.07290256,0.015414492,-0.041832075,0.0026406334,0.051245224,0.06912536,0.038373634,-0.015653042,0.07562265,0.062340327,-0.019298092,0.048368268,0.037917152,-0.07740165,0.019219581,-0.012588968,0.012230747,0.03412272,0.03800741,0.028984083,0.012724989,-0.028914593,-0.052637074,-0.038589787,-0.08574885,0.010826451,-0.028346993,-0.027057929,-0.027244851,-0.058065657,-0.06867878,0.06039307,0.019547636,0.020177994
0.0399761,-0.05224631,-0.05294101,0.05016306,-0.016841348,0.021147938,-0.06196799,0.0063726897,-0.07022079,-0.050082576,0.0337481,-0.014447002,0.009794554,-0.021124532,-0.05478292,-0.03763169,-0.010882751,0.007489062,-0.002439185,-0.05131089,-0.056926776,-0.075783156,-0.032316048,-0.06328774,0.011565992,-0.071588814,0.041769512,0.016613903,-0.0064152773,0.04486486,-0.031101229,-0.008047286,-0.03947057,-0.023649605,-0.01289601,0.01668142,0.06859006,0.013914025,-0.0025803635,-0.059280597
0.033841427,0.033502657,-0.055764843,-0.062494498,0.006652349,-0.081635304,-0.025243148,-0.07356433,-0.03196527,-0.022280488,-0.06988106,-0.04619147,-0.01998163,-0.05437826,0.014113935,-0.019941824,-0.014392528,-0.06846969,-0.06867853,-0.027781313,-0.058625963,-0.075911105,-0.026052896,-0.034956835,0.0025033792,0.00918802,-0.056374654,-0.03207979,-0.053756446,-0.07122484,-0.03460498,-0.067644864,-0.045053765,-0.025814239,-0.03733517,0.011458941,0.031359497,-0.056801334,-0.05158287,-0.07196368
-0.045797415,-0.030262576,-0.04485796,-0.019070739,-0.035451338,-0.05684319,-0.06083867,-0.050244324,-0.046384454,-0.029459132,-0.0651638,-0.050756842,0.0028677217,-0.020010538,-0.075178154,-0.0686833,-0.02163668,-0.083078764,-0.05641052,-0.061642885,-0.020902202,-0.051605314,-0.045491815,-0.06406707,-0.03662217,-0.044155303,-0.0062015355,-0.024845228,-0.04790607,-0.08255556,0.030411072,-0.023154171,-0.03759331,-0.037441056,-0.021790374,-0.060020495,-0.041629884,-0.07266763,-0.061897483,-0.063326195
0.009560417,0.020317722,0.013860412,0.073090866,0.06667115,0.06534504,0.028895102,0.040761083,0.06728996,0.03681297,-0.031601045,0.039869208,0.055405352,0.06622712,0.05248637,-0.027341459,0.07809562,0.026106138,0.032007307,0.042802304,0.06544187,0.056387763,0.025327904,0.05118287,-0.01284096,0.04146532,0.024616696,-0.026634898,0.005620171,0.049328994,0.06162185,0.040274538,0.043465655,0.06398071,0.076345444,-0.03525584,0.021442326,0.013798437,0.07865136,0.05816384
0.054351743,-0.06029809,-0.029763129,-0.016734647,0.030064221,-0.052386086,-0.021589667,-0.031578843,-0.0136776455,-0.0036074102,-0.0650331,-0.008718827,-0.0139232725,-0.025601046,-0.02641681,-0.010764585,-0.0025493721,-0.014034886,-0.032446355,-0.061498668,-0.043894667,-0.036186818,-0.04861005,0.005165986,0.003279793,-0.034149043,-0.042591657,-0.029774006,-0.03998472,-0.048486598,-0.022921694,-0.049659833,-0.020089136,-0.023461914,-0.030023795,0.0365812,0.028755136,0.030487474,-0.020889819,0.02507775
