Places and Buildings,africa,airport,australia,bakery,bar,barn,cabin,castle,church,city,eiffeltower,house,hut,igloo,italy,library,lighthouse,pyramid,restaurant,stadium,tent,tepee,texas,windmill
-0.08423663,-0.055877216,-0.03175453,-0.056757245,-0.02891678,-0.05131559,0.024390133,-0.06525187,-0.051413145,-0.026272021,-0.07313119,0.0071714027,-0.044874154,-0.010363682,0.016229639,-0.04290694,-0.05697157,-0.011707116,-0.033514697,-0.04886546,0.007537609,-0.02854518,-0.0008651366,-0.0669488,0.054588236
0.065108016,-0.026111674,0.06430889,-0.06456541,0.026254013,0.021455133,0.047489908,0.05878641,0.009626538,0.02314179,-0.05199877,-0.08508582,-0.011753203,0.014173673,-0.018173339,-0.023524437,0.056050666,0.012700864,-0.0263868,0.06545403,0.055467974,0.012738658,0.0027491795,-0.03616402,0.016458714
0.004083537,0.06460093,0.006186369,0.0020925226,-0.023200367,0.0020735986,-0.023112645,0.024670905,-0.019466192,0.0035533956,0.037125606,0.043315466,-0.018369231,-0.04438062,-0.057028726,0.03345454,0.073399715,0.041714072,-0.03760854,0.016555289,-0.06824646,0.06585683,0.049182415,0.018327296,0.04106
-0.032844827,0.01874573,0.07420023,0.0010397718,0.042909075,0.054992698,-0.0033808658,0.017248048,-0.0045947405,-0.0038307076,0.023439592,0.04125005,-0.014930052,0.035011403,0.021932242,0.005957547,0.013831096,-0.014230199,0.022116823,-0.0018857056,0.041996133,0.02636178,0.050721716,-0.026075285,0.033699438
-0.020338006,-0.056833465,-0.0083041275,-0.054828156,-0.017968558,-0.028702125,0.026934702,0.011429861,0.00027454644,-0.03364852,-0.03185152,-0.062129643,-0.018492633,-0.026892772,0.017774384,-0.049611825,-0.04964605,0.0660385,0.022639388,-0.04800205,-0.0067798663,0.032871157,-0.016140819,-0.056961622,-0.010906316
0.0067304876,0.05599147,-0.03388112,-0.029506665,0.04945043,-0.01591365,-0.009227385,-0.068431996,0.08343931,0.069768645,0.04801299,0.05171294,0.02967414,0.03227211,0.031916287,0.061298274,0.0321275,-0.07220641,-0.061428387,0.000652135,-0.010028208,0.058658943,0.02710608,0.019490287,0.07682272
-0.019485915,0.073174335,-0.05414637,0.0066004945,-0.058030788,0.047472652,0.012702473,0.0747772,-0.053621512,0.05682442,-0.048122082,-0.03648155,0.04574038,0.02699024,-0.014236749,0.023920486,0.04628269,0.0543155,0.049927417,-0.0011091084,0.041282766,0.04333963,0.02028619,-0.0063466583,-0.0054291054
0.010277213,-0.0078202505,-0.030200902,-0.05604248,-0.029792566,-0.0015017521,-0.047331944,-0.033475455,0.0020379114,0.009963948,-0.062389974,-0.07019401,-0.05613086,0.00044842833,-0.0015621572,-0.052415583,0.051691376,-0.021898855,0.059340175,-0.036304332,-0.017956246,-0.021916566,-0.077006154,-0.04916747,0.011187518
-0.08374491,-0.020457432,0.028431566,0.015084582,-0.036172807,0.0013926987,-0.024010604,0.03977564,-0.016248561,-0.018025255,-0.03191374,0.05029012,0.017658142,-0.032666605,-0.04400632,-0.02345976,-0.051048055,0.0067038066,-0.03349329,0.0090663405,0.04856789,0.04485444,0.06785207,0.01224654,0.0022381404
-0.025214845,0.025912609,-0.058650613,-0.018291729,-0.07629534,-0.069401436,-0.015018351,-0.053455252,-0.027357234,-0.06044524,-0.012152681,0.043738242,-0.0105287265,-0.037491273,0.05304741,-0.0047670314,-0.067490324,-0.025243932,0.019960074,-0.036896873,-0.06438987,-0.017188564,0.033736847,-0.033656035,0.037269067
0.055656202,-0.02019237,-0.025367787,-0.04221538,-0.005033613,-0.0061042374,0.07565852,0.06731868,0.07166452,-0.015808111,0.007164095,0.05256416,0.048468433,0.006087763,0.014305904,-0.043978684,0.009709206,0.040163003,0.010439076,0.04211413,-0.06741555,-0.022456054,0.019815914,-0.026154969,-0.006244607
-0.026515825,0.06475373,-0.035521176,-0.012092496,-0.041306876,0.011169605,0.07874066,-0.0022021171,0.016931277,0.0035780426,0.020838963,-0.021770995,-0.03609825,-0.056626827,-0.039312545,-0.07934258,-0.019392604,-0.018088812,0.059496906,-0.054079413,0.04427831,0.060054064,0.007315993,0.041937556,-0.0011994625
-0.0039623682,0.04373442,0.058549225,0.0426107,-0.024183517,-0.04687908,-0.019085642,0.011854732,0.06794241,-0.038137846,0.030676426,0.055510916,0.025462816,0.006866885,0.03854655,0.07306143,0.0033800998,-0.004509165,-0.07328829,0.053490423,-0.036898836,0.04487387,0.048973117,0.019250497,0.03875467
0.0072999625,0.049147815,0.038135234,0.00045973514,-0.017747566,-0.0065853167,0.02604753,0.0016872513,0.00427159,-0.030957803,-0.014924311,0.03804727,-0.025710048,0.04656553,-0.03355201,-0.053797085,-0.06209105,-0.027008474,-0.03658326,0.012197762,-0.026014237,-0.03301844,0.055419393,-0.052765757,0.03400767
0.051921207,-0.020214094,0.0400681,0.03889884,-0.082146354,-0.088937916,-0.07028958,-0.034351517,0.015376928,-0.0149198985,0.045016956,-0.018016532,0.027678102,-0.05630602,-0.023696328,-0.08210053,-0.078336775,0.064221784,0.000977166,-0.08954487,-0.020464154,0.04089434,0.02513396,-0.022528356,0.069349155
-0.039655875,-0.07179071,-0.022934666,-0.04118374,-0.049410064,0.023863493,0.022324212,-0.018122327,0.038588103,-0.087615535,-0.031003663,0.023338728,-0.00894726,-0.032012317,-0.05385736,-0.0474684,0.02091517,0.0048879697,0.017529178,-0.028711572,-0.01570713,0.0009777023,-0.015250887,-0.013967592,-0.031935602
0.005215028,-0.06799734,-0.018573392,-0.054589026,-0.011071212,-0.020988062,-0.04562688,-0.035291243,-0.041090015,-0.08492142,-0.013619511,-0.032239553,-0.08303727,-0.054057766,-0.013087233,-0.045611516,-0.050401542,0.017717827,-0.059614442,-0.040316667,-0.044298466,0.07876524,0.0010780864,0.0045277257,0.035154536
0.038911667,0.018285576,0.06421805,0.013606304,0.0234422,0.043729063,0.049081016,0.05567339,0.08526158,-0.0062212474,0.041586287,0.041091822,0.031563465,0.085714236,0.058004744,0.045317437,0.08292913,0.012507678,0.009398688,0.05943158,0.036381535,0.010326731,0.039074466,-0.0042563677,-0.0027348737
0.031173658,-0.020059766,0.019261222,0.010459245,0.059257805,0.041694414,0.05666247,-0.049218927,-0.05922846,-0.06793866,0.018176127,0.02999664,0.0136839235,0.030465309,0.04082762,-0.025093647,-0.015121164,-0.042155173,-0.08452458,0.044889733,-0.066476576,0.06470837,-0.02150331,0.022270877,-0.006211553
-0.0068563744,-0.032328997,-0.029859656,-0.032674443,-0.0340848,0.05387246,-0.067306824,-0.011094698,0.044724982,-0.040252395,0.008938776,-0.019270295,-0.008925528,0.043502823,-0.059680905,-0.071785204,-0.07018607,-0.03938888,-0.02772622,-0.07396701,-0.05203611,0.005890875,-0.057507955,-0.0649041,-0.046815906
0.08650789,0.05417859,0.055919744,0.013410616,0.04951677,-3.4796627e-05,0.01949932,0.01370058,0.029061701,0.016431201,0.06528922,0.0030911476,-0.0166828,0.044942755,0.027626166,0.042226046,-0.015998436,0.053109955,-0.0095144985,0.03549373,-0.012280801,0.0052831043,0.004802621,0.031389534,0.03133374
0.012721514,0.022422036,0.017215105,0.07298316,0.075436406,0.03701896,0.041469235,0.028598757,-0.0047975923,0.009252855,0.018307934,0.051838774,0.058921184,0.054457545,0.06611616,0.061667267,0.04119346,0.07373572,0.06636932,0.0055253934,0.027727539,0.04162821,0.02937309,-0.00399615,-0.03300629
-0.01614671,-0.008078448,-0.0017418221,0.055195786,0.0062003247,-0.048301402,0.045007918,-0.026779408,0.062005807,-0.011922865,0.06926589,0.043277822,0.076806575,0.0014142477,-0.03507412,-0.03738366,-0.022916252,-0.006470845,-0.04014135,0.018836467,0.026886676,0.013690354,-0.008224142,0.03199851,0.017049324
-0.010895563,0.04998503,0.037257947,0.030468084,-0.027157975,0.00638467,-0.049096316,-0.046836305,0.063563615,0.01078154,0.032632485,-0.023218933,-0.013151072,-0.030125132,-0.04651104,-0.064534925,0.0036454105,-0.00017900605,0.04453357,-0.01406178,0.03293387,-0.049295437,-0.06411573,-0.04046645,0.04031585
0.025564974,0.007840883,-0.03335019,0.05448322,0.04733812,-0.08343067,-0.055202764,-0.014873436,0.053356208,-0.081832,0.021694774,0.08451069,0.04496274,0.024206193,-0.033255216,0.060672145,-0.042935487,0.0011340241,0.007449421,-0.0067379493,-0.027917134,0.035092276,-0.016934903,0.0077658533,-0.054286547
-0.017650906,-0.004285457,-0.018924093,0.064229056,-0.029739464,0.03051045,0.015461905,-0.021577727,0.008160172,-0.08899051,-0.0676684,0.028163742,-0.034135774,0.013283372,-0.003856994,0.007959182,0.034573205,0.049276188,0.018215887,0.0098236585,0.025007797,0.037264165,-0.031196274,-0.04321188,0.00062736555
-0.0412333,-0.0083132945,0.07459917,0.013479237,-0.02221966,0.023477487,-0.0050884476,0.0448451,-0.039663654,0.025318338,0.031933907,-0.0011038712,0.027009407,0.007852746,-0.06021646,0.0488198,0.021780439,-0.032605518,-0.07330133,-0.021143362,0.048574585,0.0065128086,0.042183317,0.026291236,-0.04520616
-0.054685704,-0.058511462,-0.075124666,0.004407237,0.04146725,-0.004519765,-0.047359034,0.04297186,0.0058377446,-0.05650422,-0.028600952,-0.009876503,-0.06899927,-0.056285404,-0.0023824929,-0.017566798,-0.00093331246,-3.71876e-06,-0.00020779159,-0.054508988,-0.07541534,-0.054374,-0.020355295,-0.038180083,-0.055031605
0.059206955,-0.041899346,0.0562002,-0.051356003,0.028399058,0.058177233,0.0693322,0.077516176,0.073772475,0.046945404,-0.019723617,0.0534695,0.038455874,0.08344437,0.07219662,-0.030868348,0.055414144,0.062429704,0.044817287,0.0413316,0.0013500743,-0.009127887,0.04500341,-0.039924283,-0.004833585
0.03101987,0.07189219,0.0016667218,0.013852808,0.0073167477,-0.043037906,0.018304087,0.05738717,-0.06336613,0.054902807,0.05090903,0.026408074,-0.037744623,0.058789544,0.0012842616,0.03576161,0.009827302,0.06512223,-0.048372336,0.03897548,0.059643477,-0.00272646,0.045168772,-0.0054258276,0.040768847
-0.026667695,-0.029974882,-0.009428309,-0.019693162,0.002861431,0.015230935,0.04510063,-0.0071193655,0.014497698,0.012061813,0.076397896,0.01047534,-0.0550057,-0.022120012,0.024556879,-0.0014772149,-0.047179602,0.009906646,-0.021947723,0.038989704,-0.056689322,0.014896814,0.03550578,-0.019026708,0.014157339
-0.017807573,0.046213023,0.02480853,-0.04994531,0.027589204,-0.011560241,-0.00021985015,0.016529152,-0.029107302,-0.026999207,0.056772526,-0.006889838,0.014879105,-0.022384852,-0.003996438,-0.042221986,0.02054226,0.024228299,0.045716055,-0.018731764,-0.052400075,-0.072412744,-0.065915,-0.0659768,-0.044499516
0.08102269,0.001588286,0.011452824,-0.046925936,-0.038712893,0.07128691,-0.044502974,-0.077004544,-0.057705253,0.06339633,-0.021828964,-0.034718752,-0.021888595,0.035368394,-0.07121355,-0.05968431,0.015698068,-0.007794903,0.042131383,0.08285602,0.032870427,-0.05919396,-0.028014151,-0.06383978,-0.026802361
-0.011489863,-0.043558463,0.08882428,-0.0067904126,0.05937474,0.062749535,0.062481064,0.045670945,0.05391994,0.016843902,0.069077,0.034659907,0.02289944,0.090465665,0.05783773,0.062396053,0.04268463,-0.008227635,0.08406186,-0.02352783,0.050402388,-0.031783994,0.01722901,-0.0029134175,0.07589033
-0.050145686,0.04322611,-0.04256696,-0.027880592,0.035655815,-0.046328455,0.01561346,-0.005001238,-0.01751359,-0.040436685,-0.04433657,0.03266766,-0.032448158,0.017676396,0.029523842,-0.03760334,0.05788896,-0.025391906,-0.007331349,-0.004068931,-0.006632907,-0.008712009,-0.023579787,-0.034160994,0.062925026
0.023489632,0.030688934,-0.07530034,0.0016119701,-0.06346577,0.06883269,0.0030323886,-0.022303622,0.010327735,0.06673571,-0.036400665,-0.05608548,-0.010779295,0.059333622,0.059517436,0.042135414,0.052573055,0.05359202,0.062628925,0.03351255,0.020456431,-0.04163001,-0.02982207,-0.015172876,-0.07485947
0.04597472,0.037829597,0.028677117,0.004223781,0.04455543,0.045609385,0.041618712,0.0862916,0.030452054,0.065461434,0.020989398,-0.018293656,0.08422109,0.07425947,0.041879233,-0.016056657,0.054935273,0.05761643,0.0017250251,0.03401494,0.06264668,0.057590805,0.0746678,0.021655725,0.058222
0.06523376,0.044646792,0.03519522,0.020049207,-0.0120489495,-0.0017436902,0.0111020515,0.0030161245,-0.024387673,0.00076197035,0.044268552,-0.019601788,0.01687188,0.08371075,0.07203708,-0.029250517,0.04303364,0.040733878,0.085457906,0.011643392,0.07149181,0.028029997,-0.025680268,0.024638472,0.07018646
0.0041143307,-0.0304314,-0.0063920435,0.010850522,-0.041016918,-0.03543947,0.0777307,0.011707478,0.022731299,-0.042513743,0.019050153,0.030007293,0.013975507,-0.015943158,-0.052317902,-0.004271748,-0.08835234,-0.02724491,0.03843778,-0.058892984,0.014564998,0.0841512,0.056978207,0.08153976,0.05065929
-0.015864251,-0.04073577,0.0056561735,0.014643628,-0.031633593,0.04268477,-0.043233335,-0.0039561694,-0.014549098,-0.042451054,-0.031330165,-0.01764112,1.4541824e-05,-0.049853988,-0.031199802,-0.035689283,-0.009887792,0.011903127,-0.06320104,0.03440197,-0.017585417,-0.0598897,-0.050556485,0.018416453,0.047399208
-0.049025048,-0.039969794,-0.055791408,-0.0665757,-0.056676604,-0.053613465,0.037584633,-0.007087283,0.00019493507,-0.06414763,-0.06766958,-0.027564548,0.04453991,0.024105165,0.021729128,-0.07624429,-0.020274935,-0.01888305,0.07093991,-0.054311007,0.030672615,-0.033992056,-0.024520312,-0.031770103,-0.027721474
0.0040383223,-0.042312443,-0.006048881,-0.06328375,-0.009850665,0.03892305,-0.058452725,0.019636419,-0.012094235,0.037119187,0.042669516,-0.04520088,0.043560427,-0.0092508,0.032068167,-0.052399587,-0.010438297,-0.05393123,-0.057330396,-0.08072481,-0.005147686,0.023151863,-0.034828134,0.010335448,-0.0010515827
-0.035379652,-0.058689382,-0.030348426,-0.039754216,0.020158514,-0.03388023,0.015135069,-0.05439679,0.052375194,-0.023980957,-0.055197053,-0.028702185,0.07212728,-0.010219122,-0.052362636,0.02826012,-0.046380926,-0.043220844,-0.0678136,0.072874896,0.008961905,-0.044118002,-0.013274481,-0.044821735,-0.032276925
-0.043690465,0.01302061,-0.06288769,0.02895737,-0.05592016,-0.071994685,-0.047863144,-0.050081614,-0.044263385,-0.03610132,-0.003967613,-0.012349733,-0.057496224,-0.049494747,-0.03263426,-0.006793086,-0.005537926,-0.06577334,-0.04649302,-0.05206181,-0.061283402,-0.026423596,-0.044545416,0.02743665,-0.065560855
-0.047422517,-0.07063189,0.04457276,-0.019493485,-0.07515202,0.02750426,-0.088304415,-0.07401449,-0.054020125,-0.013487447,-0.071638465,-0.00057292375,-0.06964588,-0.06269828,-0.08186685,0.012903171,0.014435475,-0.074520916,0.0052555767,0.0076622437,-0.06160741,-0.08333595,-0.09243008,-0.0011217222,-0.08106871
-0.07131132,0.0056547937,-0.054021027,0.019005619,0.0051419646,-0.07964763,0.0310957,0.04656571,-0.009481442,-0.0021009068,-0.03880971,0.02212301,0.03556888,-0.034082603,-0.0025463537,0.048483282,-0.07806806,-0.0048600486,0.010020107,0.035521764,-0.05373724,0.028253416,0.04383079,0.041357078,-0.049214095
-0.07148111,-0.00029925816,-0.069656186,-0.025591647,-0.042012654,-0.029554237,-0.035234194,-0.05553984,-0.028559964,-0.042268652,-0.039598957,-0.018975856,-0.03508013,-0.08319281,-0.027090134,-0.028469576,-0.07099913,-0.03898662,-0.060369488,-0.003915738,-0.025466435,-0.037007242,-0.057988822,-0.01329287,-0.063512184
0.0533237,0.008854095,-0.056203574,0.07837168,0.006575357,0.06298381,0.056824055,-0.01903577,-0.02171275,-0.019658694,-0.019576993,-0.030073987,0.043577038,-0.027153695,-0.057614576,0.04421737,0.022670392,0.04686831,-0.069998026,0.07107322,0.037992373,0.08052411,0.002079177,0.035151046,-0.023333723
-0.008848639,-0.038989622,0.050892644,-0.06890216,-0.043596894,0.079484925,0.0020287628,-0.062701665,0.014547295,0.05175233,0.06299484,0.051097795,-0.014783837,0.041545812,0.022209637,0.029613735,0.05642026,-0.0478266,0.06827704,0.02972836,0.0025764154,-0.07935509,-0.036293488,-0.07162529,0.042261105
-0.022506757,0.03836081,0.04449256,0.067116305,-0.058716934,-0.029696193,0.048680604,0.03877547,0.05934014,-0.002981404,0.01933914,-0.020395849,-0.033966813,0.021728793,0.032473885,-0.07727604,0.015581249,0.08002817,0.04698162,-0.026669325,-0.016357858,0.057034153,-0.0006828566,0.0115953535,-0.033873968
-0.002654084,-0.012860446,-0.0057655093,0.026456794,-0.019278672,0.01033951,0.07906084,0.029191531,0.07234771,-0.020967523,-0.003044513,-0.056530558,0.068979554,0.08473057,0.077054836,-0.01199697,-0.032252695,0.054834563,0.065248966,-0.06109687,0.089682594,0.059806168,-0.0012157314,0.0051935744,0.042752896
0.08925134,0.025985135,0.059974175,0.0067429915,0.04001662,0.041059922,-0.01441044,0.054112587,-0.044665884,0.03382479,0.032077983,0.029066768,-0.006508809,-0.009039426,0.023224678,-0.05918659,0.005781627,0.05025117,-0.018223757,0.06575366,-0.039924324,0.05307685,0.047033627,-0.04357878,0.015172803
-0.032442614,0.06422855,0.08353201,0.071376726,0.06762159,0.08583853,0.075889766,0.086147994,0.08184437,0.0759309,0.08477062,0.12719809,0.08730889,0.08164975,0.014005876,0.058975626,0.085223295,0.075333536,0.08117763,0.0860287,0.073837034,0.066257395,0.1017373,0.076860294,0.07076771
-0.057224866,0.032269534,0.04493641,0.07147935,-0.002597096,0.075557835,-0.0059759184,0.021473054,0.031122958,0.07075862,0.0841189,0.11316732,0.08236186,0.014896446,-0.031327143,0.050120715,0.04233915,-0.043047767,0.039451554,-0.021047695,0.048945043,0.058564067,0.07313464,0.07189756,0.025142547
-0.05086403,-0.0646225,-0.00398637,-0.029934496,-0.0012661088,-0.04506857,0.0054352614,0.010247859,-0.023148742,-0.055763222,-0.041306462,-0.011614593,-0.06555624,-0.04119395,-0.04104457,-0.053815186,0.017342152,-0.01556364,-0.014830635,-0.04520667,0.055447727,-0.03077997,-0.048726037,0.0072927065,0.032377735
-0.012751194,0.058379978,-0.0006756059,-0.017223654,-0.006353818,-0.03163757,0.02812384,0.009006494,0.061866224,0.023606187,0.05243078,0.036506962,-0.06660889,0.0024796017,-0.04167043,0.03645997,-0.0010543638,-0.081172004,-0.08115695,-0.0024153166,-0.021674078,0.07957397,-0.020402215,0.05839991,-0.02355521
-0.08206418,0.030416884,0.00883732,0.061574906,0.018554058,-0.037082046,0.003400774,0.03839976,-0.027842613,-0.013489763,0.020219238,0.010489565,0.028073829,0.013714658,0.061808757,0.0024223845,0.046313472,-0.03181657,0.031845916,0.02817548,0.010003703,-0.0048626726,0.0036141095,0.012751258,0.058322363
0.033499617,0.026256848,0.061499435,-0.081347935,-0.020647231,0.0052114157,-0.08650291,0.009387155,-0.07834697,-0.010158801,0.00034703407,0.019301567,-0.02308677,0.029991703,0.058212325,0.024467425,0.034990296,-0.058717012,0.005849582,-0.01966419,0.06445981,-0.034161914,0.007283237,0.018983502,-0.066821486
0.06692297,0.05939312,0.082699955,0.05672453,0.07731456,0.06840703,0.06440126,0.077781856,0.04330881,0.045347523,0.052634522,-0.0045637297,0.028289929,0.0551474,0.06742097,0.07046004,0.06334336,0.065087914,0.06797833,0.055166367,0.05789103,0.031692307,0.038792964,0.027107608,0.040542457
-0.053172577,-0.00018691922,-0.07900525,-0.007875606,-0.06662455,-0.040804263,-0.07438015,0.039546616,-0.042064317,-0.06778648,-0.0525933,0.024374714,-0.052984286,0.067673795,0.076299146,-0.07207439,-0.03573533,0.076050885,0.04619861,-0.04084946,-0.04748806,0.07746692,0.07741336,0.020800805,-0.01751842
0.014353587,-0.02608334,0.045621786,-0.012438941,0.020320827,-0.018060137,-0.038321167,-0.018846022,0.0141395675,-0.008786894,0.0018512697,-0.03022362,0.006552748,0.034321584,-0.03731609,0.03615758,-0.030839471,-0.024745962,-0.038920548,-0.045504812,-0.055229086,-0.026737118,-0.029568432,-0.03192591,-0.03565552
-0.013426597,-0.01759689,-0.018095914,-0.062421452,-0.006796781,0.029903013,0.06255556,0.056075085,-0.051448043,0.01576552,0.074524894,0.05683832,0.04745224,-0.026867356,-0.062123243,0.01968671,-0.04638577,-0.004435228,-0.079230554,-0.015063134,-0.031780016,-0.006329826,-0.0063064834,-0.031923026,-0.061594803
0.043214362,0.048730373,0.03173008,0.06434122,0.029499685,0.050999284,-0.029055351,-0.021739747,0.021757022,0.041143287,0.066765994,0.00094661134,0.028753854,0.010418042,0.028561452,0.060156286,0.060374826,-0.02568759,0.02674467,0.04977918,0.07479506,-0.05654573,0.017126571,0.063293494,-0.011746755
0.07353936,0.003157743,0.07061847,-0.00847106,0.03251364,0.07081633,0.03290858,0.07029155,0.008897499,0.05234877,0.06381146,0.012439369,0.038464997,0.07155048,0.054419205,-0.0343194,0.016548257,0.0451912,0.0295861,0.056034647,0.0496436,0.063718475,0.03528659,0.05734955,0.05604033
0.042970642,0.07313511,-0.052377794,-0.06790666,-0.06976012,-0.043699957,0.047198605,0.08455483,-0.041632246,-0.0110922735,-0.028798716,-0.010839629,0.09438397,-0.023042073,0.05501131,0.017622227,0.059642002,-0.04268001,-0.061517958,-0.047379736,0.032842886,0.08064857,0.014597625,-0.03267299,-0.052207943
-0.030007834,0.029735977,0.044042546,0.053774305,0.024238471,0.045309458,0.048149522,0.009667885,0.060672957,0.07237795,0.06456669,0.08994873,0.059940122,0.031375,-0.00687994,0.041154135,0.05673073,0.022474935,0.010642803,0.04521657,0.047846567,-0.014636911,0.046053343,0.048496358,0.012698507
-0.030112216,-0.07553683,-0.0773184,-0.070378825,-0.055662684,0.00049674377,-0.02324262,-0.00632277,-0.059054982,-0.04761398,-0.056747127,-0.08938828,-0.07813434,-0.060099896,-0.056903634,-0.04607169,-0.07778222,0.022434931,-0.018383555,-0.050319307,-0.023880634,0.019516788,-0.063104555,-0.051431317,-0.07080262
-0.019933658,-0.005338445,0.03361037,0.055524733,0.06607284,-0.050380036,-0.07637565,-0.081886135,-0.023668813,0.06134447,-0.02868826,-0.06604646,-0.067934886,-0.0370396,-0.0005488007,0.011495872,0.005613744,0.04591934,-0.0568184,-0.0058178306,-0.010278933,-0.05205166,-0.023385849,-0.014500972,0.019927874
0.016794518,-0.032038398,-0.016656172,0.042324934,-0.024910843,0.06306542,0.023707753,0.07549887,0.07395788,-0.005373496,0.01575032,-0.009250719,0.012755564,0.049356505,0.060809292,-0.011011679,-0.017442297,0.02244271,0.076744385,-0.05232115,0.012617809,0.08453951,0.06865966,0.04641765,0.07247444
0.010619327,0.03270186,0.056442097,0.042538397,0.011687042,0.005423148,0.07851278,0.06334852,0.00776912,0.058191217,0.03331818,0.015486178,0.06946107,0.062003974,0.053164426,0.008307713,-0.04948867,0.067898616,0.06414094,0.05614328,0.061857894,0.07034445,0.08328485,0.040725704,0.045431126
-0.00028191393,-0.06663399,-0.026635507,-0.025365928,-0.055610865,-0.010898258,0.00098071,-0.025044495,0.020963104,-0.089019276,-0.024308207,0.023120252,0.00203261,-0.07697324,-0.03499547,-0.008917882,-0.05702536,-0.06577641,-0.0616384,0.00897308,-0.06821267,-0.020943772,-0.019833097,-0.0048759067,-0.007290794
-0.036022324,-0.068209976,0.0027630238,-0.041619685,-0.055643506,0.0049386797,-0.039234094,0.054255277,0.007286986,-0.046072863,-0.02596476,-0.054440036,0.006523418,0.029382993,0.028454484,-0.05189538,-0.018202681,0.017061237,0.06011423,-0.054139808,0.019864766,0.039547656,0.0065142126,-0.00047009657,0.03510178
0.012672607,-0.023448324,0.011529011,0.030378705,-0.022357648,0.069910735,0.03552906,-0.04308808,0.004320808,0.0053335293,-0.05097068,-0.015044422,-0.0035072162,-1.8384188e-05,-0.07002085,-0.0676403,-0.025681948,-0.06855795,-0.014619571,0.04193044,0.040503975,0.0017638631,-0.021442471,0.051995676,-0.07835124
-0.063602455,-0.007086581,0.05197583,0.016157506,0.035090312,-0.048043963,-0.05949636,-0.054769166,-0.057415456,-0.048878185,-0.0380006,0.052360084,-0.017437678,-0.042204406,0.027926387,0.05299581,0.00219153,0.013661955,0.017102132,-0.046635173,-0.053336624,-0.011333134,-0.05373061,0.0045059747,-0.023965394
0.067642055,0.033022173,-0.07339398,-0.019297928,0.04174569,-0.0013999861,-0.010737418,0.01446656,0.060085196,0.00370544,0.014039715,-0.046838485,0.021782378,-0.0044411668,-0.00107754,-0.0700433,0.06549711,0.034908243,-0.011379817,0.004446833,0.0051588025,0.06722901,-0.05690034,-0.016990962,0.025681643
0.049975783,0.07580767,-0.01639684,0.051355347,-0.059287705,-0.029358495,-0.058969524,0.008014201,-0.0014763133,0.057123333,-0.015751733,0.066400096,0.04880474,-0.031478077,0.068203665,-0.032996837,0.05995756,0.012417594,0.0046906117,-0.082372405,0.026437785,0.073415324,0.050922476,0.042521536,-0.06749848
-0.04661973,-0.010779722,0.021626139,-0.012931816,-0.050159544,0.005301298,0.044839103,-0.02331501,-0.06658685,0.03966734,-0.0524566,-0.0670642,-0.075529054,-0.0667285,-0.0041811196,-0.023398194,0.0047532744,0.035048116,-0.04127397,-0.017143345,-0.046870735,0.049320374,0.008622287,-0.014114569,-0.019717172
0.0070226365,0.037668288,0.0029865028,-0.04307283,0.025009675,-0.057605874,0.046854667,0.0024544734,-0.0020310236,0.04277688,0.031107785,0.014292462,0.05471042,0.07150241,-0.051644426,-0.024038568,-0.0047575976,-0.047095716,0.027844945,0.021242578,0.040881503,-0.0038967119,-0.012948453,0.014499743,0.035915866
-0.03974227,-0.06237818,-0.068787046,-0.014773247,-0.056301463,-0.029195458,-0.08410537,-0.04552149,-0.057738725,-0.03465779,-0.03922522,0.025190957,-0.037183132,-0.053505838,0.043088358,0.008252472,-0.058898408,0.02798695,0.08068745,-0.07282565,-0.038365696,-0.010023086,-0.015808187,-0.042146407,0.03924602
0.009513512,0.036843367,0.03383513,0.074917495,0.026465703,0.01206241,0.0497231,0.058184344,-0.023402,-0.023066452,0.038776163,0.0005458137,0.03501436,0.013002304,-0.021782292,0.067496866,-0.04012399,-0.023782691,-0.028555818,0.051609647,-0.019023977,-0.00020989212,-0.0089176595,0.050927907,-0.009462133
-0.042980757,-0.058250926,-0.030386405,0.012146327,0.055554047,-0.06176879,-0.057818703,0.066778906,0.0035085345,-0.03662571,-0.02646292,-0.01931467,-0.0040231613,0.038751382,0.07988909,-0.022797523,-0.03797893,0.056769077,-0.049749196,-0.028254045,-0.00031761357,0.033155683,0.0062805256,0.038692314,0.0578932
0.012231615,0.037975226,-0.0185361,-0.012992313,0.032484043,0.05415431,0.029093599,-0.001726144,0.05819925,-0.013724335,0.023822265,-0.0013271888,0.04676402,-0.00013089523,0.03880246,-0.041038368,-0.021990154,-0.038999792,-0.0029041576,0.032320388,-0.043555558,0.045179293,-0.006706168,0.0072385697,0.007855116
-0.0752941,-0.06204225,-0.07268893,-0.056585487,-0.070663266,-0.08137238,-0.06594309,-0.081027865,-0.06898288,-0.08110955,-0.0765531,-0.056438424,-0.04151456,-0.052522033,-0.07254841,-0.028946074,-0.07078007,-0.07290039,-0.070125215,-0.08103126,-0.05855007,-0.074644975,-0.033019785,-0.038386308,-0.06977652
0.04695769,-0.047052212,0.031755995,-0.0511664,0.05475288,-0.041251156,0.058614466,0.065406546,-0.06210073,-0.07175397,-0.083008364,-0.07698066,-0.059702687,0.013625485,-0.05532372,-0.023879439,-0.05967339,0.039713867,-0.056356788,-0.007878641,0.067342825,0.0646561,-0.040205393,-0.07137239,0.077492766
-0.039375234,-0.049903184,-0.058758575,-0.046692204,-0.0379618,-0.026267659,-0.070612624,-0.03595294,-0.01215494,-0.049449734,-0.035806336,-0.06095986,-0.028713861,-0.051527727,-0.019375395,0.02144671,-0.049396455,-0.039245043,-0.02230841,-0.06341036,-0.07018907,-0.045439355,-0.055136994,-0.03433217,-0.07315162
-0.030768935,-0.025068356,0.036212426,0.02351044,0.056984138,0.019533679,0.03454083,0.031829912,0.066840224,0.016706452,0.059946623,0.039433695,0.03733426,0.0033874786,-0.0041319123,0.030892275,0.0504595,-0.0125834355,0.000410152,0.07385595,-0.023988575,-0.050197694,0.031943467,0.020503083,-0.0074825585
0.050635207,-0.03857677,-0.0142432125,0.009221895,0.0015447257,-0.056622557,-0.010176769,-0.061416294,-0.05988925,-0.03920406,-0.028941536,-0.026143637,-0.03769313,-0.034074884,0.00039380687,-0.020319913,-0.056381725,-0.040643387,-0.03279928,-0.07265414,-0.031560395,-0.080721535,-0.07701976,-0.029115887,-0.024761222
0.07266122,0.06639373,0.04732035,0.057841204,0.040670283,0.054984044,-0.058868073,0.017009934,0.060854174,0.020208022,0.07245696,0.043282468,0.022559261,-0.023552135,-0.065718815,0.052488163,0.054025155,0.037799347,0.007218051,0.053011622,0.030065455,-0.0039954376,-0.013808095,-0.081714086,0.05465606
-0.020513536,0.033868026,0.01734323,0.04583663,-0.030738248,-0.010058063,0.034823988,0.03543876,0.045631785,0.048505586,0.012583481,0.00265663,0.07589997,0.014881294,-0.038062107,0.020120246,-0.021066375,0.0029604873,-0.024793299,-0.043910466,0.024483992,0.05349001,0.018818593,0.03056876,-0.03990061
-0.039729945,0.011497468,-0.052559994,0.038768258,-0.06632108,-0.072811194,-0.08432088,-0.07692483,-0.028987028,0.015633926,0.04277116,0.004097377,-0.0030328203,-0.052298147,0.04739893,-0.03910578,0.000548382,-0.052603297,-0.014614421,-0.050818752,-0.051355742,0.041729372,-0.019461827,0.07623834,-0.0338021
0.029536651,-0.07619156,0.009398694,-0.024392242,0.06331624,-0.014032176,0.018034987,0.008536556,-0.026103886,0.027374342,0.043913927,-0.025027402,0.072202414,0.017273806,0.0137376115,-0.011375453,-0.055301987,-0.0031466624,-0.057041176,-0.051335633,0.03378808,0.0012250392,-0.0071624867,0.03788585,0.046819203
-0.040589903,0.024071869,0.060171027,0.017591152,-0.0063659665,-0.036066383,-0.06165869,-0.0351668,-0.0032341303,0.03377305,0.018311407,0.02109524,-0.00496495,-0.062304106,-0.023572845,-0.06448438,0.004155731,-0.06610416,-0.074771166,0.026579386,0.019107224,-0.047325227,-0.07969487,-0.023629768,-0.061834645
-0.05269311,-0.03702726,-0.022851553,0.0048116976,0.047044743,-0.013108326,0.04587004,0.07063264,0.009511928,-0.016820258,0.020284303,0.07957161,0.0066354102,0.029175496,0.06922297,0.026857808,0.037033647,0.051649455,0.00094271905,-0.029003235,0.02807814,0.029644629,-0.043665312,0.03678997,0.069731146
0.010805625,0.06454305,-0.018392816,-0.043426704,0.04252518,0.017290521,0.033093657,0.03246775,-0.055338614,0.060365688,-0.05468394,-0.015967648,-0.025688283,0.039255716,0.04490476,-0.002649282,0.043428395,-0.03014713,0.08083307,0.017050097,0.028076088,0.043402344,0.080696195,0.0651493,-0.057506777
-0.055286154,-0.017033258,0.026395384,0.062412705,0.075453095,-0.055002514,-0.027608177,0.001193515,0.06112282,-0.0544324,0.039070673,0.018035404,-0.009929422,0.0899772,0.04815678,0.07926224,-0.052186772,-0.043476664,-0.030006694,0.0821223,-0.039013688,0.05592585,-0.011297496,-0.05610313,0.027584122
-0.015981756,-0.056194495,-0.080028936,-0.037229575,-0.005762211,-0.06928214,-0.058637634,0.0031622578,0.03190437,0.0053837313,0.00094901945,0.03498354,-0.023993129,-0.08481376,-0.029584628,-0.014554595,0.08941962,-0.057357505,-0.013904654,-0.029904941,-0.061517958,-0.032041453,-0.011053688,0.036464978,-0.036095683
-0.0014372902,0.06074869,-0.008684272,0.06965886,-0.026063524,-0.063419335,-0.05496152,-0.064095385,0.037671994,-0.01991473,-0.056506637,0.054881684,-0.026129754,-0.0638895,-0.08053131,0.05909225,0.019166663,-0.03501491,0.0063853515,-0.05675945,-0.045058273,-0.040538974,-0.030536424,0.045302752,-0.036096156
-0.023553615,-0.058379307,-0.051259458,-0.05158197,-0.06612276,-0.077486746,-0.06415847,-0.058045585,-0.074380614,-0.059210576,-0.06745771,-0.073910534,-0.07719266,-0.03415998,-0.03035926,-0.055575736,-0.06402594,-0.058453694,-0.04187747,-0.07722216,-0.06780915,-0.028635344,-0.040152244,-0.043337308,-0.04588168
-0.012653282,0.05444804,-0.008307326,-0.036803674,-0.03141559,-0.04918407,-0.024086593,-0.051477432,0.055765655,0.07923105,-0.0051732156,-0.010776749,0.040325288,-0.04664176,0.030401673,-0.033894084,0.047154807,-0.009827194,0.046704203,-0.046121556,-0.027142173,-0.063444346,0.01677248,-0.04052606,0.026100038
0.049728215,0.017028019,0.038975757,0.055922616,0.010227527,-0.045214683,-0.007763788,-0.012150154,0.0057024667,-0.0011938307,0.04396216,0.023284983,0.028644929,0.035332933,-0.058690242,0.038845636,0.06296964,-0.031724203,-0.028417693,-0.0024396305,0.047541894,0.017550534,-0.028486447,0.010585775,-0.045551423
-0.03352933,0.08269186,0.058069494,0.07186535,-0.024321565,-0.009155702,-0.054051924,-0.039246928,0.045893952,0.06508082,0.034777515,0.029028406,-0.033054873,-0.009777019,-0.013911864,0.05250147,0.060355686,0.070689164,0.0065468433,0.0655615,-0.020786615,-0.045904398,0.0048442013,0.022011222,-0.06910234
0.06307557,-0.02447884,6.8098445e-05,-0.020016171,0.03738149,-0.0025817554,0.0037770967,0.018247103,0.04458063,-0.0006528413,0.014582734,-0.025434116,0.036664538,-0.030562766,-0.050766192,0.019863613,0.0068716435,-0.041333195,-0.07550941,0.026283018,0.027130237,-0.032715064,-0.02985327,0.056083675,-0.0095564695
-0.08460961,-0.06912038,-0.068772696,-0.0440229,-0.05003636,-0.04051738,-0.009500705,-0.06519644,0.0010253303,-0.045205515,-0.0040578553,-0.02144905,-0.023865428,-0.053853236,-0.065692425,-0.051198196,-0.04478843,-0.050832327,-0.016176824,-0.054900907,-0.054391213,-0.07291664,-0.0068969587,-0.04043815,-0.059477154
-0.05972838,-0.04104215,-0.048661496,-0.035249244,-0.027719716,-0.050719712,-0.08225395,-0.08278541,-0.06643505,-0.08894965,0.002246766,-0.054212693,-0.0694915,-0.0789848,-0.02249257,-0.060153395,-0.048299927,-0.06319307,-0.049833387,-0.0642085,-0.009562594,-0.040853534,-0.035464656,-0.06610159,0.023412883
0.01368918,-0.030691933,0.057316855,0.036563,-0.044214983,-0.003170473,0.08148819,0.0767696,0.039165083,0.0029754473,-0.039656382,0.056083538,0.049243383,0.00032428445,0.04744231,0.012352015,0.034541428,0.061891686,-0.038820032,-0.007027754,0.061923593,0.085920006,0.07867424,0.06499747,0.0044100643
0.0044875164,-0.014357323,-0.02246603,-0.018841777,0.04158368,-0.057460982,0.057795294,0.06439864,-0.049260423,-0.053589173,-0.028772943,0.0112111205,-0.062969945,0.05277586,0.046110947,-0.07217725,0.02321947,0.029300142,0.053017758,-0.05407101,-0.04236938,0.059117157,-0.05659604,0.014301516,0.012209757
-0.011175503,0.01961194,-0.016868385,-0.020976964,-0.0446701,-0.052665256,0.027205322,-0.02090589,-0.03904351,-0.018552054,0.053566292,0.028078334,-0.026748996,0.059531245,0.03408914,0.025119696,-0.017463455,-0.04623408,-0.030296503,-0.0005233781,0.07927397,-0.004273949,0.0006021888,0.047314286,-0.00093728147
-0.057552435,-0.061024208,-0.014634333,-0.0337128,-0.026929295,0.06287996,0.03503415,0.06741085,-0.035021108,-0.021472828,0.013068634,-0.0029763014,0.017860781,0.028976377,-0.036168035,-0.005733032,0.0045378525,0.046210892,0.04661837,-0.0007780847,-0.052126125,-0.06717928,0.054295614,0.026247125,-0.034829635
-0.059647232,-0.01086499,-0.03316169,-0.0598416,-0.058532443,0.025552643,-0.00315161,0.050454672,0.084378496,-0.0788209,-0.052873705,-0.01251172,0.032669857,-0.013617366,0.063791074,-0.044782743,-0.051447585,-0.03212432,-0.011385696,0.066560976,-0.06885996,-0.011170455,0.030103566,-0.008153702,-0.020013072
-0.022276975,0.015291578,0.023236299,0.05135666,0.02795376,-0.0139456475,0.0072426237,-0.00035434187,-0.02179605,0.016324248,0.00837844,-0.05791709,0.037815876,-0.045868732,0.0048386585,0.039168853,0.057991054,0.044306777,0.06485661,-0.026987758,0.043418355,0.022223461,-0.0072791,0.016632002,0.01130304
0.018341485,-0.0015835564,0.0036137728,-0.031007785,-0.028551713,0.022107134,-0.010856212,-0.05360082,0.011304495,0.018079676,0.023667244,0.044242006,0.00816424,-0.038392182,-0.013307523,-0.046683427,0.026897635,-0.055956893,-0.050759412,-0.047796126,0.027996985,-0.015803322,0.0009448202,-0.045649547,0.040299274
0.053607486,0.044636402,0.026248788,0.057416238,0.064729385,0.03382616,0.043069415,0.033889238,0.073589094,0.031510245,0.056169163,0.015058371,0.06551297,0.034594227,0.052988883,0.0793997,0.0041526067,0.067468345,0.0011664747,0.06679794,0.004217703,0.016722493,0.057080526,0.030445661,-0.023162402
0.030922156,-0.039660357,-0.035153165,-0.06379613,-0.031058835,-0.0088989725,-0.043509644,-0.0270488,-0.036933605,-0.055434793,-0.045190476,0.004851568,0.0032665534,-0.03166537,-0.03797096,0.03722331,-0.03291932,-0.052963223,0.0062340973,-0.042347,-0.021158647,-0.015799576,-0.025920887,-0.032908555,-0.05956901
-0.035809338,0.03905208,0.002458352,-0.023584748,-0.04469998,-0.026246116,0.060402352,-0.03428145,0.026363388,-0.069380805,0.03577943,0.026637094,-0.039667066,0.00014537161,-0.062008914,-0.048823316,-0.0030846656,-0.074911155,-0.017279677,0.03220573,0.006496267,0.020128699,0.005898586,0.048724018,-0.031967096
0.021680746,0.04537126,0.053489093,0.0034662858,-0.045693476,0.0064026047,0.032194726,0.050884206,0.021405838,0.022122763,0.043574914,-0.09312764,0.0065992526,0.020063093,-0.019302085,0.00083374325,-0.03763064,-0.05185985,-0.029032122,0.04785235,0.03963692,0.008003746,0.039630122,0.03074896,-0.05459371
0.05721383,0.023111725,0.014067267,0.042510137,-0.042068202,0.028164659,0.014566777,0.030604934,-0.019508371,-0.017186413,0.048587654,0.058798827,-0.018941427,0.036410224,-0.03226128,0.011927272,0.0305974,-0.031765327,-0.047855932,0.029078959,0.005906359,-0.0013792127,0.019307,-0.01919285,-0.036983423
0.015589714,-0.03981799,-0.0873764,-0.0016273131,0.06668921,-0.037418462,-0.05798675,-0.088158995,-0.02335199,-0.0068709785,0.03570054,-0.022059646,-0.049083333,-0.009374073,-0.06945262,-0.06472458,-0.0019673903,0.058981832,-0.034772195,0.083299376,0.030874057,-0.0696304,-0.05006884,0.0055917255,-0.0063015935
0.015322059,-0.05330671,0.033787597,-0.07535742,-0.045243647,0.020046119,0.0629442,0.046069603,0.026770044,0.026651504,-0.02680263,0.010032143,0.042879846,0.051876597,0.04381077,0.02731992,0.022212338,0.015255014,0.077904984,0.013046695,0.014105018,0.07330489,0.044202767,-0.007903178,-0.012791205
-0.032480784,-0.022099959,-0.08857702,0.058217496,0.07814755,0.04552629,0.045161076,-0.05356989,-0.004553569,0.0052706907,0.04040748,-0.032917894,0.052981265,-0.047867663,0.029705117,0.008859975,-0.05471176,0.043677635,-0.068873346,0.070614494,-0.013448709,-0.049748868,-0.005507839,-0.004890853,0.023479318
-0.03165738,-0.049075756,0.06275634,-0.045646723,0.059330992,0.027495962,-0.04078785,-0.0026215934,-0.05002889,-0.014319811,0.052751847,0.03617026,-0.041086547,-0.04762931,-0.0664633,0.079963855,-0.014076487,0.05967255,-0.072851025,0.011373913,0.06657024,0.030544072,0.084689654,-0.013639792,0.0045542847
-0.06522784,-0.010154944,-0.04732406,-0.028408676,-0.04288514,-0.00093657547,-0.07491897,-0.051141594,-0.061739556,-0.05846764,0.0102411285,-0.03415332,-0.08640054,-0.04898103,-0.04098837,-0.047690812,-0.069983125,0.06916723,-0.044727564,0.04148927,-0.07061445,0.0026652305,-0.010493956,-0.07655713,-0.07487009
-0.07649704,0.05372738,-0.03685478,0.0042371787,-0.06409924,0.0444467,-0.00012749335,-0.028196963,0.030300144,-0.029342167,0.0436699,0.027783833,-0.027638309,-0.040670913,0.017551554,0.049878802,0.06635623,0.06696816,-0.059361782,-0.01982166,-0.038277283,-0.06050256,-0.020630183,0.015207723,0.003923443
-0.032081068,-0.07166045,0.036055002,-0.006154009,-0.008527208,0.052116223,-0.07008464,0.053225316,-0.05555199,0.030520989,0.05268364,0.026808418,-0.015026974,0.05218202,0.03197855,-0.024754616,0.0005009261,-0.0037854724,-0.06868022,-0.009137324,-0.020034136,0.04537568,-0.025708646,0.04237986,0.029402226
0.048774216,0.00961845,0.05075128,0.02075907,0.06937843,-0.019203661,-0.019171178,-0.051264957,0.04478569,-0.0064719804,0.056486085,0.028707163,-0.009067586,-0.013007073,-0.041287493,0.07831723,-0.0249672,0.00012467559,-0.054994922,0.043559637,-0.0568282,-0.009980796,-0.00697985,-0.0407334,0.019662313
-0.06279591,-0.0035833246,-0.061230823,-0.05895376,-0.060594898,-0.024864497,-0.020707674,-0.017923085,-0.06443326,-0.04452589,-0.036688797,0.02131823,-0.052684944,-0.047553867,-0.046639882,-0.059600614,-0.0016555261,-0.04775094,-0.039835874,-0.03501845,-0.053941097,-0.021709347,0.015195452,-0.029096741,0.0049161906
0.033760417,0.005715683,0.022764117,-0.00820793,0.06674119,0.052925218,0.026969893,0.08017848,0.0474001,0.06959721,0.01766468,-0.018254276,0.06435229,0.05914268,0.061011866,0.059889607,0.036438726,0.07057316,0.07960894,0.06544136,0.06908668,0.034953035,0.07046221,0.08085908,0.0013129967
0.019630948,0.08362198,0.08767429,0.08156288,-0.041007455,0.017788388,-0.058945104,-0.005535882,-0.025747549,-0.04980887,0.04626588,0.026335713,0.020489303,-0.009130081,0.058428135,0.082481146,-0.037984032,-0.071803585,0.0054191113,0.043761354,-0.03851952,0.01000911,0.05122837,0.07906856,-0.049752858
0.026397787,0.045097347,0.06724272,0.030509364,0.05432031,0.015877577,0.051417053,0.02240953,-0.040017176,0.04312793,-0.0015601985,0.03603813,0.0010074077,0.04315348,0.061116327,0.02652915,-0.0076509,-0.05238231,0.06614825,0.040169407,0.046189122,0.024038542,0.079625435,0.0133981835,0.04418425
-0.013090671,-0.061184775,-0.016217368,-0.0617344,-0.05783563,-0.023133257,-0.035514116,-0.035858985,-0.028560782,-0.0416525,-0.018428832,-0.05010612,-0.042315256,0.0004005422,-0.07007327,-0.00037557774,-0.051146246,-0.01807557,-0.0050702775,0.02302843,0.023988346,0.027797967,-0.046275094,-0.0020214175,-0.058658592
-0.030500365,0.006200814,0.027506052,-0.028574008,0.0040725344,0.0073595163,0.026297286,-0.0046866336,-0.028803885,-0.016863208,-0.06421624,-0.007887661,0.006427157,0.029239237,-0.046615157,-0.020060284,-0.055752177,-0.040024254,0.063864775,-0.03396042,0.016317008,0.044187065,-0.056363832,-0.0035278595,0.037165597
0.030190136,-0.03125879,-0.023522977,-0.037316628,-0.013864647,0.046615373,0.04284017,0.022090048,-0.011108858,0.0040171654,0.026546245,-0.048853476,-0.016883356,-0.008079955,0.025848217,0.016165232,0.05417208,0.026702913,0.011554876,-0.030646443,0.06892697,0.055530835,0.012694869,-0.057102766,-0.0731669
0.0024643335,0.005795164,0.030836383,-0.038383085,0.03651276,-0.01078025,0.026395787,0.012609641,-0.02749404,-0.068944894,0.0059789494,0.012905552,0.0070866905,-0.0071822903,0.047183327,-0.05106588,-0.020989055,-0.013505739,0.040286146,-0.005305739,0.030666668,0.022966582,0.036166735,-0.030157888,-0.037750933
-0.005500014,0.06735215,0.07066676,0.064774975,0.07620963,0.07986939,0.081692144,0.08095115,0.07437668,0.069807775,0.07803461,0.13413242,0.058027614,0.09625699,0.07684779,0.021570224,0.081314355,0.06856544,0.07457051,0.071911655,0.07806267,0.066110075,0.11277736,0.06333063,0.077943295
-0.02670224,0.016054649,0.030868728,0.035940815,0.0381569,0.06518339,0.042827297,0.058098506,0.023646917,0.036991015,0.037304174,0.09061348,0.040605526,0.0499714,0.04780442,0.027760144,0.06724573,0.03431643,0.05338214,0.041518174,-0.0024899186,0.03421794,0.088411085,0.045882273,0.017090077
0.05240729,0.00922291,0.0522887,-0.013018092,0.010761796,0.06871921,-0.01808918,0.05387286,0.014953399,0.05631712,0.056235895,0.017478624,0.028262923,-0.009304268,-0.03704425,-0.03421646,0.058893796,-0.035558555,0.028963987,0.07929195,0.035163432,0.064399466,-0.026043447,0.019666485,-0.016266128
-0.04948931,0.029276708,-0.005176806,0.045516066,0.017881526,0.06827949,0.0043562097,0.06675343,-0.027687779,0.0249036,-0.0167605,-0.011772929,-0.015853623,0.04867021,0.043571994,0.05143338,0.02778278,0.024267841,0.050815642,-0.061015636,0.003904284,0.022971265,-0.0050509097,0.03609525,0.011084116
0.06913234,0.058778178,0.008002104,0.060008544,0.07600281,0.06990461,0.0539644,0.07922755,0.05717263,0.04837728,0.058854714,0.04028126,0.05796686,0.04732568,0.065553695,0.018807555,0.05134931,0.040832646,0.057177532,0.059286986,0.032044753,0.042232964,0.04780581,0.06293889,0.019196136
0.03686959,-0.0061596516,-0.049076535,0.052895516,-0.032007355,-0.08663865,0.043214615,-0.0393354,-0.0070110396,0.030222893,-0.039108083,-0.027727326,0.05790784,0.024128258,-0.057630382,-0.081671044,-0.028087167,-0.0019353946,-0.029228864,0.010432697,0.013120678,-0.0705825,-0.058435418,0.060676508,-0.040314723
0.03828261,-0.04503348,-0.020581676,-0.032341458,0.052382424,-0.0007623826,-0.007310997,0.023533808,-0.022351382,-0.0059741465,-0.07381389,-0.08299927,-0.008618628,-0.030486187,0.013995609,0.012955102,0.050605893,0.036476463,0.03714005,-0.051179245,-0.014900211,0.024009744,0.06007299,-0.054360308,-0.04971807
0.04169649,-0.0037288787,0.020229915,0.00038050467,-0.06673301,-0.027418962,0.065767154,0.040377263,0.0034237716,-0.036802966,-0.0051426105,0.034309372,0.058845483,0.057830673,0.020122394,-0.0024138405,0.008062117,-0.010506009,0.03673861,-0.042045597,-0.016545005,0.07120781,0.017300008,-0.03249802,0.07062595
-0.037947547,-0.06885977,-0.02770501,-0.02512572,-0.061983652,0.068879925,-0.062357124,-0.02394894,0.030147508,-0.06944767,-0.045225214,-0.04644236,-0.034521043,-0.020778824,-0.05781203,-0.01784397,-0.067047,-0.06369338,-0.048506532,-0.06568239,-0.07500821,-0.03570197,-0.058534823,-0.016139865,-0.03807814
-0.05711387,-0.031408373,0.029705295,-0.016777486,-0.02110054,0.00838521,-0.037274033,-0.048714615,-0.021648386,-0.0143803535,-0.008213414,-0.029892297,-0.04148997,-0.055298932,-0.013807492,-0.026152272,0.028749192,-0.04096555,-0.030230073,-0.03128304,-0.04122819,-0.034348164,-0.028099786,-0.059408624,-0.040106904
0.009762546,0.042865843,0.017061705,0.04160333,0.0013070367,0.07129012,-0.027645295,0.05483658,0.01002866,0.071234584,0.016093535,0.0023502025,0.040210377,0.06647185,0.074119836,0.068842694,0.06639103,0.04360973,0.08214575,0.06927116,0.06544806,0.054099854,0.069407344,0.020566493,0.061288908
0.047301143,-0.056564536,-0.029141072,-0.013161208,-0.051450443,-0.059749093,-0.041335016,0.007155789,0.014808517,-0.04228965,0.011082113,-0.024608077,-0.0053247306,-0.06468852,-0.06205716,-0.02479656,-0.029953068,-0.06721034,-0.035219625,-0.032819625,-0.0897384,-0.043984316,-0.021780383,-0.009733968,-0.06511202
0.024507308,0.07241079,0.044148583,0.011622692,-0.077437505,-0.06210966,-0.028281858,-0.037156153,-0.063585065,-0.047968786,0.024371602,0.012840701,0.003003852,0.0060541476,0.06451967,0.024246017,0.0012314084,0.038940582,0.009072621,-0.015396917,0.027063925,0.06295806,0.08145009,0.011074676,0.056935243
-0.014266179,0.059697267,-0.08783974,0.05334856,0.009631388,0.069789164,-0.03351373,0.036531817,0.036646027,0.012931947,0.0410376,-0.01952838,0.056372184,0.01077295,0.036113344,0.05035543,-0.014055249,0.03178666,-0.015699387,0.058758166,-0.024054607,0.062591664,0.061364464,0.047194872,0.037463814
-0.03962734,-0.048421945,-0.060307574,-0.06420858,0.005090288,0.024879899,-0.0646946,-0.016406985,0.04439711,-0.008834742,-0.07277126,-0.014573631,-0.018022148,-0.02608893,-0.06471315,-0.03339567,0.013816433,-0.0056855706,-0.0027113177,-0.034960162,0.013795763,0.0004817878,0.00802122,-0.054222178,-0.054229666
-0.019501304,-0.03148971,0.0076284674,-0.04604847,-0.03630983,0.0061607687,-0.02450793,0.0847103,0.051411558,-0.029429892,-0.03940584,0.06551255,-0.032543644,0.069338135,0.05917966,0.05255026,-0.048154853,0.06904229,0.06273951,-0.03183851,0.03532696,0.07241097,-0.015299043,-0.024086092,0.017197164
-0.0664575,0.005846382,0.003253597,0.03870632,-0.061304305,0.067603715,-0.03796955,0.0032381976,-0.03896218,-0.015854117,0.041572284,0.062709354,-0.07303389,-0.04647235,-0.06103698,0.04041323,0.015139845,-0.05383129,-0.0789807,0.016791904,-0.0685543,-0.05762636,-0.03779048,0.057251856,-0.05993799
-0.011988929,-0.07921076,-0.022750206,0.07931691,-0.03569481,0.021773774,-0.026381796,0.0069176634,0.0335931,-0.07168405,0.061389253,-0.024093142,0.022097051,-0.005807964,-0.051878948,-0.08151811,-0.072888434,-0.0626459,-0.06851929,0.031262547,0.023363091,-0.06774061,0.032325517,0.061784614,-0.023549153
-0.06161707,0.0023964476,-0.07787337,0.055495776,0.05356285,0.06540221,-0.062201977,0.0122097675,0.039182458,-0.0044218777,-0.0059451074,0.0126924245,0.041308068,-0.008212084,0.031199006,0.036490686,-0.015441771,0.049659282,0.0058714063,0.04806516,-0.029948426,-0.033514638,-0.0038337703,-0.009779667,-0.026688218
-0.018054388,0.05378295,0.036523644,0.070655786,0.045474302,0.047326475,0.035558857,0.023389256,0.054337617,0.0345293,0.05941624,0.087387905,0.017534792,0.013993714,0.009914702,0.014983122,-0.00533838,0.055819195,0.03949258,0.012659217,0.04503288,0.03342365,-0.0006133473,0.030512067,0.053960558
0.0008962848,-0.017054776,-0.00945144,-0.03892437,-0.007184353,-0.018968672,-0.04213745,0.006855896,-0.047234323,-0.04279323,-0.05599992,-0.014330273,-0.05257165,-0.024283152,-0.032852188,-0.046200268,-0.04991936,-0.033781096,-0.06845199,-0.040738635,-0.040463366,0.020397093,-0.08143523,-0.024168573,-0.012747929
0.014644192,0.03720465,-0.03838717,-0.06443768,-0.04198195,-0.015990356,0.0114229275,0.068464674,-0.048776176,0.051284228,-0.032467287,0.009173304,-0.019225385,0.08576883,0.029470995,-0.013204258,-0.054644067,0.07810708,0.079444475,-0.060854446,-0.02754008,0.043149218,0.04269284,-0.0263546,0.025472598
-0.031962506,-0.007942571,0.052599084,-0.003998241,-0.06643242,0.00586951,-0.059492934,-0.05716335,-0.067925215,0.013504306,-0.038701713,-0.04218464,0.053228974,-0.07919207,-0.05157798,-0.017706605,-0.017522728,-0.07648402,0.018921597,-0.07162231,0.017336462,-0.014849237,0.05098275,-0.052075133,-0.052280676
0.021142876,-0.023629252,-0.07037979,0.0066487747,-0.04547152,-0.02176698,-0.017852055,-0.061442107,-0.059917293,-0.06650833,-0.052880783,0.044787634,-0.053328842,-0.058464997,-0.05861972,-0.061145425,-0.053085115,-0.06535185,-0.077157356,-0.019839466,-0.0054301554,-0.056852594,-0.0509512,0.005009496,-0.054620355
0.05884914,-0.065588385,-0.040172685,-0.059919592,-0.01388261,0.073182896,0.033483516,0.022456309,-0.0031249959,0.0012920916,-0.06594315,-0.03963267,0.020531025,0.02735914,0.0057460438,-0.008873426,-0.01080555,-0.0028502482,0.013903634,0.024429271,-0.035662822,-0.060423058,0.037301216,-0.020083105,0.020972287
0.08697977,-0.06934273,-0.042101275,-0.08042503,-0.05373165,-0.03111175,-0.07154225,-0.0030977374,-0.020736339,-0.07965959,-0.0033456003,-0.033509318,-0.059708044,-0.058951356,-0.055967316,-0.07840052,-0.024394285,-0.04948399,-0.06599122,-0.056833886,0.0015488602,-0.056252014,-0.0057489825,-0.08142161,-0.051433787
0.0848625,-0.05737603,0.012253709,-0.06505235,-0.020527782,-0.032924123,0.06689184,0.06641823,0.0511979,0.012991658,0.036427878,-0.037554502,0.033599213,0.02468971,-0.010165705,-0.044504803,-0.01789524,0.030088516,0.013851699,-0.03530317,0.017267592,-0.012891437,0.0010203198,0.04135078,0.036745768
0.07194766,0.05544902,0.075933605,0.030885082,-0.024704356,0.030145131,-0.010144133,0.0014709,0.072787754,-0.040258914,0.04498479,0.05503291,-0.009520044,0.018590005,0.0074604983,0.06968746,0.07529874,-0.066009514,-0.062207364,-0.02615692,0.03494073,-0.0061807972,-0.05461351,0.056529768,-0.06683633
0.049308624,0.05620359,-0.063593574,-0.081169136,-0.05408747,-0.06653574,-0.025638532,-0.078373134,0.01611598,0.0071756183,-0.033034444,-0.076619275,-0.08224501,0.07149615,0.047121696,-0.037319753,0.053431198,-0.07260341,0.07404387,-0.020994179,0.07149028,-0.024984777,-0.03964085,-0.03937334,0.0566648
0.016887264,-0.059262984,0.041397102,-0.0052089426,-0.0622368,-0.029932443,-0.055725496,-0.056630753,0.029159397,0.0074379942,-0.048110023,-0.005886084,0.035474274,-0.032627225,0.042009287,-0.07070893,-0.009487337,-0.06799304,-0.023686616,-0.038478237,0.07165098,0.031272065,-0.07532971,-0.04955816,0.013830257
-0.01389225,-0.06512171,-0.07260525,-0.032811355,-0.04224273,-0.028254548,-0.008304809,-0.049756218,-0.041420616,-0.050775845,-0.05865006,-0.015158484,-0.07178814,-0.04376976,-0.022228384,-0.047072507,-0.0660004,0.005413726,0.03393361,-0.07667651,-0.065337785,0.044212848,-0.0072980113,-0.025934454,0.014383092
-0.00246903,0.007271977,0.037278313,0.05572358,0.010033621,0.030445699,0.02409636,0.042533085,0.015814533,0.011873059,0.07066743,-0.0011262136,0.05358936,0.06342817,0.018590884,-0.031448238,0.013083683,-0.03239813,-0.0020462691,0.032096032,0.015514942,-0.00033002975,0.015909,0.04029567,0.028674524
0.0064926897,-0.01030443,-0.040307462,0.021990847,0.013542525,0.031741966,0.011779823,-0.040001933,-0.04046458,0.01987032,0.014074894,-0.0019474772,0.012412513,0.0035404542,-0.06472901,0.052088972,-0.02433796,-0.033802137,-0.04321668,0.044232942,-0.022738619,-0.058997594,0.0028875582,0.046974067,-0.040908173
0.043089345,0.026908567,0.028015338,0.05017536,-0.01093621,-0.04772806,0.0839382,0.03830054,-0.014295503,-0.022683268,-0.04197673,-0.030056171,-0.0015078803,-0.0047802245,-0.006747154,0.042508505,0.036145613,0.028198877,-0.06349414,0.0153300455,0.027257808,0.04836334,-0.0010581467,0.025375208,0.066624165
0.09335632,0.05485221,0.08810985,0.07219577,0.07532812,0.06729565,0.08331996,0.0855931,0.08264827,0.07526028,0.08954854,-0.04314907,0.09756134,0.053983636,0.063194565,0.07591641,0.049890053,0.076039955,0.045876227,0.08773882,0.08969552,0.080014326,0.082415335,0.07563308,0.071034215
0.0010613597,0.009499509,0.0122148,0.0045050243,0.021471696,-0.046261042,0.012410906,-0.030896885,0.0006957699,0.0011494922,0.022448944,0.0065805926,0.027493073,0.009794517,-0.046893477,0.017610392,0.064393066,-0.048431687,0.033888515,0.0019304092,-0.014873197,-0.015022693,0.04841487,0.045309167,-0.027827542
0.007567803,0.0018776701,-0.016211826,0.041633416,-0.052535176,0.014999801,-0.02930595,0.031737596,-0.013933845,-0.025017846,0.021136548,0.02732533,0.0049598333,-0.035833903,0.022232765,-0.0005490316,-0.019787086,-0.049910165,-0.015719535,-0.046802185,-0.0027110993,-0.0013475874,-0.04533051,0.047290117,-0.043803275
-0.07085054,0.004292439,0.051935073,0.043377973,-0.020671384,0.013591149,-0.06441763,0.01712958,-0.012218549,-0.048981227,-0.068428665,0.006345879,-0.026912495,-0.054694597,-0.06220258,0.01771127,0.042781968,0.060091995,-0.03681112,0.008868205,0.0019638713,0.010551241,-0.023069924,0.02875325,-0.040781546
-0.040424038,-0.071929716,-0.048920784,-0.03988127,0.03494638,0.016365847,-0.043580063,-0.05477743,-0.07475373,-0.072323166,-0.078547426,-0.09187534,-0.0854207,-0.03679922,0.03303793,-0.077768035,0.016571006,-0.049169343,0.022018867,-0.050088514,-0.071411684,-0.016950583,-0.07603693,-0.06789294,-0.048514005
0.03144114,-0.023107547,0.058017716,0.009640651,0.013632439,0.045890994,0.027260205,0.029711561,0.031608168,-0.016275184,0.031387683,0.033967018,-0.007827595,0.008998779,0.04789307,0.037621282,-0.020953348,0.043756455,0.026303507,0.0367597,0.04887855,-0.00010506211,-0.03359238,-0.01621801,0.012826226
0.0059766737,-0.036972348,-0.048826512,0.04429272,0.05918698,-0.020975132,-0.05402769,-0.06179047,0.023085924,-0.061627716,-0.016331987,0.06825059,-0.03447601,-0.058920328,-0.024091654,0.040707838,-0.023917414,-0.020449163,-0.028912917,-0.051924236,-0.046833403,-0.061354343,-0.04152663,0.023522863,-0.04267399
-0.0013452511,0.035431992,0.030820306,0.025225617,0.060729753,0.020793043,0.0481634,0.00064384285,0.012142938,-0.044379555,-0.028044393,0.016004516,-0.04554179,-0.025093386,-0.014247147,-0.0057805846,-0.016152393,-0.023136081,-0.027249705,0.033100955,0.062291425,-0.03769768,-0.04241423,0.06884942,-0.026589066
0.035529,0.069386244,-0.026034245,0.05287575,-0.07708416,-0.050545767,-0.024324136,0.01976824,-0.062280253,0.021738952,0.06776876,-0.020007992,-0.011874512,0.04919078,0.059380557,0.057417218,-0.0037554204,-0.047225438,0.05170086,0.046467025,0.013450868,0.009060598,0.03408751,-0.0468499,-0.030277958
-0.012564704,0.035092775,0.06536238,0.048176855,-0.06547962,0.07758704,0.061195537,0.037145283,0.022302704,0.007278385,-0.0075190538,0.0053971917,-0.025941892,-0.024814546,-0.0036066764,-0.005081158,0.064192414,-0.006477523,-0.0012090383,0.027427943,-0.024005491,0.043107428,0.037002593,0.0254682,0.045693386
0.06266019,0.039698094,0.016664676,0.06393997,0.06351768,-0.010222979,0.069741055,0.066350445,0.0787229,0.019124858,0.035432134,0.0022649947,0.065038405,0.050601266,0.04507904,0.035858233,0.054315265,0.022068106,0.06417289,0.023244046,-0.021921728,0.067049325,0.028963143,0.052547622,0.04193868
0.015163431,0.00042938287,0.057782095,0.024773613,0.03989283,0.041412808,-0.08183316,-0.050750114,-0.013429268,-0.0015558443,0.034522284,0.022365687,-0.03091731,-0.018821653,0.047384635,0.059863385,0.029466823,0.076759666,-0.0670214,-0.02295004,0.04814923,-0.052897904,0.02284158,-0.05516382,-0.031515945
-0.065332435,-0.033298448,-0.06487558,-0.014589924,0.009964221,-0.0010341395,0.014623071,0.014988637,-0.036251344,0.013866276,-0.06405383,0.018536754,0.01614396,-0.023408754,-0.026275968,-0.04421247,-0.044144496,0.02068802,0.02914332,0.022717513,-0.06785897,-0.030535078,0.0028429972,-0.068154685,-0.076217644
0.009281585,0.0012330015,-0.005934893,-0.01840273,-0.0239952,-0.027724251,-0.041898932,-0.023937894,0.0019983286,0.03195368,-0.04349839,0.0065304013,-0.037202675,-0.033429906,-0.028049666,-0.020770837,0.013185981,-0.021340951,-0.067191504,-0.04487985,-0.006116948,-0.039517555,-0.081429206,0.007134272,0.009342278
-0.060089767,0.03269476,-0.044110145,-0.0041252985,0.058541592,0.050979238,-0.018934583,-0.042260405,0.01783466,0.018919678,-0.020756438,-0.058524042,-0.021116026,0.027735325,0.021371095,0.065339364,0.017103659,-0.015418854,0.020051064,-0.017688777,-0.023566453,-0.0065205917,-0.030668322,-0.015893357,-0.06503757
0.032199904,-0.03754059,0.03761997,-0.03733789,-0.027549226,0.08700245,0.043950755,-0.027112048,0.072276875,0.038683705,0.053866256,-0.09148384,0.043887824,-0.037802532,0.041152317,-0.030154927,-0.08240374,-0.023821926,0.05454339,0.06874655,0.035897322,0.021835795,0.053311024,0.008919991,-0.031054603
-0.058364242,0.0120403655,0.026001029,0.041436624,0.026315438,-0.013623308,0.031981558,0.0014317441,0.045711268,0.0027465525,0.019127006,0.099784054,0.042811897,-0.015452075,0.047985923,-0.0024283323,0.023701884,0.05031941,0.03299412,0.026935752,0.048304003,0.038210988,-0.0049067014,-0.015359526,0.004244805
0.0006700222,0.06647869,0.027129311,0.024252681,-0.05524335,-0.040484957,0.062209677,0.02525171,0.06166395,0.058997974,-0.07394398,-0.038130984,0.048838165,-0.004717486,0.0019893043,0.06141659,0.06368288,0.042233907,0.039161388,-0.040032316,-0.018278819,0.055731203,0.029513406,0.03455643,0.052116312
0.00017868812,-0.049573924,0.060497183,0.053891327,-0.00081684534,0.023773137,0.03943418,0.041229367,-0.019805968,-0.08899906,0.041178845,0.08567915,0.082690895,0.014452268,0.0725337,-0.03415299,0.004376472,0.019935688,-0.076202944,0.070252955,0.04554608,-0.022883438,-0.0006242852,0.002908631,0.0040033
-0.046554774,0.050382946,-0.07530368,-0.010823764,-0.036447883,-0.020321092,-0.028044678,-0.024819665,0.054908164,-0.004096625,-0.008054799,-0.028328633,0.044659782,-0.017501185,0.045317233,-0.07567286,-0.051017843,-0.012860811,0.019700127,-0.027106408,-0.029877478,0.042626165,0.03697846,-0.0011967135,-0.07215623
-0.055601884,-0.06767104,-0.019912185,-0.040928256,-0.07884613,0.08635921,-0.011549767,0.020858096,-0.027999949,0.03356335,-0.034752052,-0.008829014,-0.03377631,-0.020989163,0.0014904888,-0.034196727,-0.06343249,0.06669853,-0.035632692,-0.075193964,0.012420955,0.041029166,-0.011013117,-0.017543258,0.009026732
0.014949397,0.024330953,0.03331634,0.034685384,0.02904907,-0.043929208,-0.015843457,-0.006021311,0.02554223,0.03302223,-0.00582927,-0.046399716,0.0067707933,-0.01923953,0.034279436,0.046029776,-0.017482733,-0.020500213,0.008425346,0.05844868,-0.00618918,-0.050953127,-0.023912271,0.04947591,-0.013966705
-0.0047102463,-0.052286636,0.004839349,-0.0010953434,0.04127611,0.034907594,0.01648689,0.066973224,0.075540334,0.04241105,0.06743124,0.0025888567,0.027164074,0.00029199343,0.065483764,0.021000527,0.053534236,-0.0058340896,-0.017504692,-0.013795288,0.007166863,-0.03425974,0.0064154025,0.03762588,0.06289419
0.051852204,0.017088648,0.039341114,-0.03818981,0.05159863,0.030875463,0.022253681,0.0065453365,-0.010277442,0.021662526,0.012526297,-0.02129547,-0.00402345,0.0073980815,0.04297566,0.04230305,0.054200783,0.038131326,0.021636548,0.022387937,0.013623261,-0.0008678616,0.07851413,-0.060416263,0.032832988
0.0807679,-0.023066653,0.0038924622,0.015579851,-0.02304264,0.05577144,0.02307673,-0.00989057,0.0033993896,-0.06622023,-0.019127812,0.051272474,-0.04177772,0.012904773,-0.018011969,0.025291247,0.041885417,-0.020196652,-0.033148274,0.04118523,-0.0015273737,-0.009037976,-0.027449448,-0.032517005,-0.03396164
0.036268864,0.0489284,-0.0047658347,0.0065625976,0.014312648,0.0748107,-0.0007937818,0.03114346,0.060008433,0.045488466,0.017794905,0.050794628,0.038982317,-0.023774603,-0.040008124,-0.026409138,0.053264417,-0.010736794,-0.0028473013,0.0542864,0.0152540915,0.049028054,0.024517769,0.043743484,-0.024317922
0.054910786,0.06693231,0.072051995,0.018263824,0.07123493,0.076113366,0.076161705,0.039944306,0.052028015,0.085498974,0.05168522,-0.04976536,0.024908336,0.07786531,0.04707728,0.047222838,0.07349555,0.06706479,0.07979344,0.06235231,0.07333522,0.07631141,0.070374094,0.030663304,0.06534295
0.02156854,0.04324755,0.026328783,0.049404528,-0.03336113,0.046333544,0.041529678,0.00748956,0.0233609,0.043208495,0.049319144,0.050891947,0.019339569,0.027507173,-0.004342361,0.03767301,0.03298935,0.046040896,0.060127366,0.069573104,0.046796147,0.037445802,-0.010463706,-0.009046019,0.04432353
-0.04581788,0.07152812,0.08351749,0.07052328,-0.07601211,0.0026495224,-0.031422246,0.038687523,-0.046424527,-0.011449409,0.0011492191,0.032542158,-0.06520152,-0.017756743,-0.06828374,0.0789929,-0.017168863,0.052259736,-0.03163339,-0.014420853,-0.024343602,-0.056670714,0.023263179,0.02412705,-0.065433554
0.034296516,-0.051186793,-0.065946676,-0.0699561,-0.050161522,-0.072592326,-0.06615399,-0.029508999,-0.08018859,-0.07626193,-0.0773887,-0.054845583,-0.090429045,-0.044369034,-0.046477202,-0.059705123,-0.054222584,-0.04464757,-0.05676647,-0.057807766,-0.06461459,-0.06540728,-0.07762504,-0.061730202,0.0059057935
0.01089754,-0.014072416,-0.006784141,0.051000435,-0.023966238,0.013288494,0.043825608,0.06616404,0.038846977,0.040016904,0.023678828,0.04334544,0.06339632,0.0030947197,0.002842294,-0.0089438725,0.05218739,0.08072063,0.05183756,-0.026426524,0.04476514,-0.031458907,-0.0012358801,-0.0037773745,0.04524001
0.014308171,-0.065647125,-0.011151174,-0.06421291,-0.037396114,0.010822292,-0.028753811,-0.02848127,0.046606604,-0.040691424,0.026174309,-0.024247732,-0.028181128,-0.03584756,-0.044996362,-0.06996315,-0.016832551,-0.0070005017,-0.009123968,0.010820989,0.011579502,-0.04957678,-0.0930774,-0.04662639,-0.070775144
0.010252795,-0.03466865,-0.0028331394,-0.036694348,-0.01672688,-0.01903986,0.052472174,-0.02872818,-0.021953,-0.051422346,-0.02189701,-0.049672455,0.01913568,-0.069330595,-0.026090102,-0.019386154,-0.016194178,0.034566198,-0.059474707,-0.025239255,-0.051043462,-0.022413637,-0.04207274,-0.066384725,-0.028136693
0.010153262,-0.051383387,-0.011053651,-0.024888974,0.031061728,0.031570416,0.0018258379,-0.011018063,-0.011641212,-0.036181472,-0.0077882097,0.011239153,0.018289305,-0.034536112,-0.045249727,-0.03918867,-0.06092307,-0.011906207,0.023862256,-0.037489653,-0.035527047,0.07749183,-0.015453319,-0.059707727,0.028082646
-0.008741276,-0.08360656,-0.04022669,-0.081569746,0.0024152384,-0.006819729,0.007395579,0.03952895,-0.062270682,0.035611082,-0.05836256,0.032860547,0.029085431,-0.04630529,-0.076102,-0.08250801,-0.030575402,-0.021880899,-0.024160301,0.041110657,-0.031597313,-0.073147155,0.013334532,0.078850254,-0.022879144
-0.039705276,0.02571728,0.024879282,-0.06260269,-0.0021419304,-0.018962683,0.063441366,-0.051652562,-0.01690847,-0.036031224,-0.0142494235,-0.06762699,0.010555123,-0.03459893,-0.006901292,0.0015379969,-0.06111512,-0.02275033,0.059353054,-0.008202995,0.04565265,-0.04419448,-0.007634212,-0.05043422,0.012738088
0.017767105,0.002789296,0.044171963,0.0735423,0.060540076,0.039237734,-0.061060615,0.0116160195,0.03290868,-0.018899772,0.04923068,0.04794957,-0.04072229,-0.021762481,-0.06436075,0.07483447,0.07314524,0.056179,-0.031250294,0.042655177,0.005895158,0.07028562,0.056353297,-0.020415667,-0.029745074
0.018299753,-0.031399686,0.057805058,0.04442615,0.026102716,0.012302567,0.044987746,0.02164338,0.05714764,0.018854208,0.034876533,0.016647931,0.04411799,0.059454173,0.041584823,0.04481974,0.05677678,0.031366043,0.00952338,-0.01459949,0.030428113,0.027072096,0.0016370914,0.048812326,0.053528614
-0.069292314,0.007554362,-0.06783819,-0.0063795885,-0.015479215,-0.077720046,-0.04169568,-0.07925766,-0.039945476,-0.015727215,-0.049117394,-0.016569799,-0.06257058,-0.07732227,-0.07114763,0.026629087,-0.072042905,-0.0005263632,-0.015906764,-0.06971725,-0.06230688,-0.040842917,-0.076894194,-0.03368124,-0.06194772
-0.06421382,0.07162442,-0.00613365,0.017367756,-0.031339098,0.058510114,0.060248274,0.04905824,0.023507252,0.07843241,0.064418286,0.015973795,-0.01770856,0.040215675,0.027611474,0.074802496,-0.03319122,0.009152585,-0.055649698,0.011222347,-0.008817285,0.03840187,0.04060389,0.01925047,0.06168998
0.088008285,-0.03685083,0.026042422,-0.017673345,-0.041278604,-0.003130581,-0.0057594846,-0.04183668,0.0132010905,-0.06131359,0.033270825,0.042670764,-0.0059452667,-0.070641994,-0.04110304,-0.043213107,-0.046146978,-0.026628215,-0.02397786,0.02604003,0.030054709,0.01241312,0.053339645,-0.038656287,-0.009076447
-0.066712655,0.0172992,0.018213678,0.017408991,0.0009624628,0.0043519307,0.0843569,-0.024055772,-0.038534615,-0.058613382,-0.068784654,-0.0035447348,-0.06090575,0.05778682,0.076196544,-0.07538309,-0.030790193,-0.075556785,-0.025728267,-0.034602378,0.009674285,-0.031684477,-0.026997909,-0.061779324,-0.03459029
0.0034993289,-0.014498067,0.054173663,-0.0025605399,0.011300133,-0.019862609,0.0048182206,0.02460751,-0.07692371,-0.022199837,-0.008129683,0.03452763,0.00045485352,-0.002031967,-0.024373302,0.004528949,-0.054902013,-0.011051661,-0.061993673,0.043342404,0.0544035,-0.0037195324,0.029735073,0.005527483,-0.011627538
0.01769168,0.028607763,0.006111944,0.039544575,-0.073398985,-0.07379048,0.04907402,-0.016890233,-0.0076230974,-0.036439165,0.06300621,0.023963906,-0.055564854,0.042438574,-0.019288715,0.022616146,0.059925236,-0.0106974505,0.025474299,-0.035646614,0.037579577,0.004305953,-0.0039789667,-0.067565545,0.0765608
-0.007884068,-0.026698858,-0.07058747,-0.03593978,-0.061118666,-0.06287945,-0.037096992,0.01537266,-0.04846443,-0.07802718,-0.033720095,-0.056088783,-0.073044404,-0.01912192,-0.029123062,-0.05828657,-0.07625201,-0.0434747,-0.070411064,-0.075495325,-0.06538164,-0.045020826,-0.049029574,-0.019150618,-0.07524956
-0.052278537,0.05334529,-0.070731364,0.057843767,-0.04468894,0.015093006,0.08598208,0.020754684,-0.06841106,-0.07224125,-0.04199801,-0.06490775,0.0021096945,-0.03445857,0.05941577,-0.014008144,-0.042351138,0.037195638,0.063623875,0.01799293,0.0072937743,0.074860424,0.053938013,0.039486505,0.040874787
0.0044910572,-0.020160431,0.00086200965,-0.03850268,-0.008953949,0.05864519,0.0031370479,-0.041449096,-0.0049628816,-0.031867083,0.017827963,-0.0190112,-0.018530477,-0.027811091,0.02801946,-0.038424287,-0.05076523,0.027447838,0.053764768,0.006143987,0.04113019,-0.0050182245,-0.0077223354,-0.07726542,-0.025944099
-0.0099516185,-0.038338315,0.053022794,-0.060984626,-0.008973339,-0.06179745,-0.03546156,0.020867739,-0.011606177,0.025533296,-0.03283658,0.041966338,0.027178666,0.010296316,0.022452358,0.04251577,-0.04965299,-0.040059008,0.011899213,-0.055791385,-0.07584234,0.015182294,0.06304395,-0.05414764,0.03936693
-0.039944395,0.049138516,-0.06375427,0.021076342,-0.053652525,-0.029796334,-0.014505989,0.0020316942,-0.0071166675,0.021279775,0.020638073,0.07490701,0.0015415502,-0.015308829,-0.063690685,-0.027020626,-0.044871867,-0.014319521,-0.034371313,-0.027333407,0.02573262,-0.012711186,-0.0016390163,0.06186056,0.00492965
-0.020187896,0.037417643,0.03198703,0.055069704,-0.002242812,0.07644591,0.05839734,-0.007355643,-0.01028257,0.050357226,0.057922576,-0.03913346,0.015026469,-0.018631771,0.012214821,0.023765571,0.0672217,-0.055046666,0.025537148,0.049949836,-0.042988535,-0.077652775,0.004637522,-0.04220103,-0.064467594
-0.0083646625,0.042694207,-0.04880306,-0.0145607265,0.012804639,0.029445704,0.047342114,-0.007685837,0.07206512,-0.047867797,0.07817187,-0.028830701,0.0601516,0.08053443,-0.0016959435,0.027360333,0.046584867,-0.030091526,0.02345387,0.0040377006,0.033992354,-0.02359376,-0.024558535,0.038954113,-0.015218903
0.08127371,0.003346992,0.014978666,-0.035341825,-0.032192975,-0.006751804,-0.040220767,0.029235182,-0.010971872,-0.042324547,-0.067010574,0.05388448,-0.020072319,-0.013597514,-0.008003513,-0.02663461,0.03288306,0.019680632,-0.0015407033,0.015114361,0.014348416,0.03902147,0.055407073,-0.017017893,0.006048608
0.037745778,-0.067214556,0.038740605,0.00578136,-0.00074664754,-0.064185746,-0.03720931,-0.06571658,0.07064734,-0.0073843556,0.00063921034,0.024949048,-0.03536358,-0.08022243,-0.07931647,-0.0003297191,0.013593191,-0.03418543,-0.0057648947,0.013083735,0.049857035,-0.047420233,-0.06414066,0.054368235,0.06209581
0.03144678,0.038298495,0.048694264,0.04488744,0.07328041,0.053783886,0.00034480495,-0.017018473,0.029213045,-0.017819602,0.027024679,-0.040091872,0.029843131,0.071051784,0.044354,0.06788941,-0.00034210243,0.019543355,0.005658913,0.065333314,-0.0014654225,-0.031101178,-0.046761233,0.038502946,0.07661352
-0.0045772735,0.022963634,0.013420961,-0.07449417,-0.03800948,0.005966159,0.0468927,-0.01426948,-0.054859564,-0.018112915,-0.0302314,0.021071967,0.011761459,-0.05178154,-0.054040417,-0.04741945,-0.05983622,-0.057244357,0.009008172,-0.0013958788,-0.08071465,0.06750871,0.0020715604,0.021059562,-0.006529762
-0.054278884,0.034391623,0.013136185,0.08142666,-0.0026183978,-0.06352862,-0.0075919377,-0.033640217,0.060755365,0.056424677,-0.07407382,-0.01650747,0.06173727,-0.033864945,-0.0645784,0.036749505,-0.07054134,0.054268364,-0.027073743,-0.06863446,0.024139652,0.019228036,-0.0075965994,-0.02527277,0.0003585254
-0.032556742,0.026705645,-0.0464733,0.020038009,0.013167852,-0.043281127,0.0046611247,-0.05599469,0.06612387,-0.026555791,0.031607054,-0.041213978,-0.048164133,-0.05705213,0.0026648594,-0.009441738,0.018548744,0.009308368,0.03582866,0.004000751,-0.008439239,-0.0048757107,-0.032519896,-0.027055508,0.0061707688
-0.015380924,0.021409698,-0.03333173,-0.020194195,-0.060176197,-0.034514014,0.048492353,-0.03419852,-0.056942865,-0.029221488,-0.009479337,-0.037536815,-0.020338701,-0.041262057,-0.041695405,0.004267737,0.036092248,0.024773892,0.053174388,0.032397974,-0.034875914,-0.031291895,-0.04284934,0.020363634,0.059364013
-0.033164095,0.044432826,-0.0026874444,0.016943993,0.00016977753,-0.030644603,0.03537713,0.008773585,-0.058570903,-0.016639842,0.01701561,-0.06961633,-0.037172318,-0.026852012,-0.057718538,0.036852207,-0.00029391758,-0.003919739,0.0340324,0.0055813873,0.044604566,0.0437317,0.004281131,-0.007607992,0.013676277
-0.0032718654,-0.04148515,0.023930456,-0.032702077,-0.0426111,-0.03981843,0.047110718,-0.034195133,-0.057671368,-0.03900419,-0.048838563,-0.022265363,-0.03506572,0.015755951,-0.018735139,-0.051769566,0.01948325,0.011868073,0.014399723,0.004478965,0.014345403,0.047358505,-0.053728458,-0.010956566,-0.04551834
-0.08623343,-0.07182746,-0.063173555,-0.045020305,-0.06919314,-0.054666586,-0.07244326,-0.07305775,-0.044018764,-0.07017806,-0.019914761,0.027659046,-0.05850712,-0.037591506,-0.017599493,-0.04237954,-0.051820472,-0.056335203,-0.062741995,-0.07340462,-0.07606128,-0.050387964,-0.028250923,-4.618669e-05,-0.029202417
-0.020073181,0.036238592,0.0035123308,0.0508547,-0.026508475,-0.0024020474,0.01929828,-0.064074725,0.014046945,0.043386854,0.011166695,0.047969244,0.022904117,0.026122428,-0.020373749,0.04903615,0.030399615,0.01438402,-0.0012185227,-0.022603938,0.023484722,-0.055517156,0.0052642375,0.046043504,0.010742531
0.014706108,0.015244741,0.037099063,-0.059583243,0.0026621388,0.010698581,-0.02979954,-0.025307689,-0.0313791,-0.03268686,0.032590725,-0.011891513,-0.050505634,0.039152607,0.0460073,-0.040600993,0.025324423,-0.053601366,-0.027962409,0.06066474,0.061412048,0.01600745,-0.014426422,0.021433428,-0.00896744
0.06800565,-0.03689448,0.024188623,0.019820714,-0.048437223,0.076293394,0.06416098,0.07669162,0.05537209,0.08210575,0.017877754,0.034192026,0.046519935,0.03501737,-0.049954195,0.048722226,0.035393424,0.06231414,0.03646844,0.0848023,0.047534056,0.01653837,0.011060922,-0.009416332,0.070175275
-0.019779297,0.08209642,0.03556813,-0.016254317,-0.037222665,0.056846313,0.033660047,0.059682056,0.013959249,0.0104641095,0.03898195,0.045488004,0.004321424,0.044111602,-0.074059345,-0.0055677593,0.05085196,0.07661353,0.05090665,0.014167556,0.03288016,0.0060692322,-0.01956613,-0.06283264,-0.056314785
-0.082103744,-0.06014667,-0.038662005,-0.06969494,0.009342825,-0.053145412,-0.041458644,-0.050229087,-0.03820336,-0.051305074,-0.073671855,-0.12605694,-0.076270685,-0.05691195,-0.0047212956,-0.06236764,-0.027035056,-0.044137634,-0.054361958,-0.064494915,-0.07399523,-0.060993597,-0.113979064,-0.06533603,-0.050922737
0.03344228,0.043443695,-0.07891399,0.070435084,0.0089960545,-0.035765845,0.077390194,-0.03900744,0.029121561,-0.002666121,0.017340412,-0.016614927,0.003695379,-0.011628007,-0.033096544,0.008840279,-0.05072529,-0.024563268,-0.019506805,0.022126976,-0.03227794,-0.010408136,0.0041899043,0.034444697,0.016702976
0.077156216,0.0772302,0.085910566,0.07690797,0.060213007,0.089218594,0.08806098,0.08913858,0.08475673,0.08773918,0.08902441,0.14218237,0.100377664,0.09904411,0.08017732,0.07825552,0.08947807,0.08290109,0.08615414,0.08659691,0.09010632,0.090043314,0.1299525,0.08165236,0.08229808
0.06743324,0.012551965,-0.048478328,0.02542414,0.026644172,-0.08401337,-0.005505508,-0.037718005,-0.035580605,-0.022036584,-0.027276846,-0.045377847,-0.045051824,-0.000874336,0.006945597,-0.029181663,-0.053342275,0.0585924,0.077601306,-0.014684103,-0.011792761,0.009360594,-0.03912736,-0.060059436,0.027571322
-0.031142844,0.051402416,0.034157146,0.04971712,-0.06239381,-0.014464086,-0.0326922,-0.07488105,-0.03498135,0.0027159255,-0.020379929,-0.05112768,-0.038046155,-0.069871515,-0.052547786,-0.03716024,-0.02572902,-0.025042472,-0.010697216,-0.00945932,0.04403158,-0.0769015,0.007739671,0.08014634,0.019828063
0.035071574,0.05108338,-0.00033932924,0.07750134,0.04320427,-0.0032642137,0.041951146,-0.043451555,0.0555516,0.051216256,0.06697676,0.009735971,0.049685974,0.030652383,0.01411736,0.06802692,-0.030827789,-0.0060771047,-0.022766767,0.05767735,-0.017931676,0.0020349445,0.037738226,0.06968653,-0.00050708634
-0.013519135,-0.05318642,-0.055180993,-0.023067528,0.05600775,0.07154552,-0.020625276,0.009187979,-0.033935454,0.01308511,0.042263217,-0.04056332,-0.07932987,-0.032014873,0.032707985,-0.030915547,0.028356235,-0.038259495,-0.07587694,-0.024309782,-0.008025215,-0.07071133,-0.038979195,-0.058623563,-0.07391832
-0.06267706,-0.06350079,-0.0018502722,-0.05449208,-0.03606053,-0.07189982,-0.058983237,-0.06266499,0.0054058847,-0.009725449,-0.04994797,-0.07665098,-0.07972884,-0.05872742,0.040961683,-0.030526351,-0.04081528,-0.019656738,-0.014674245,-0.084068716,-0.05003566,-0.07419836,-0.07057233,-0.045183245,-0.038803976
-0.032471694,0.03379257,-0.029937807,0.0260091,-0.02004574,0.012522636,-0.024154028,0.049709495,-0.038646504,0.017109785,0.010834331,0.049095828,0.0192575,-0.026211226,-0.015140883,-0.04113791,-0.030411227,-0.04252022,-0.045042552,-0.006757817,0.023601983,0.0063360403,-0.051608115,0.036054548,0.028156312
0.04288313,0.03264819,0.016614206,0.063884914,0.049703572,0.043020878,0.05333623,0.054664206,0.026100252,0.004613313,0.056408923,0.005491326,-0.03359131,0.010121065,0.068999,0.049045984,0.05936297,0.047808696,0.027785027,0.010629391,-0.0014434264,-0.016276848,-0.033956073,0.012171876,0.0285276
0.069507256,-0.024741028,-0.04802121,-0.051760815,-0.04414565,-0.002365513,-0.0614806,0.017964432,0.003500376,0.002882095,-0.041895792,-0.009523326,-0.047001176,0.011448561,-0.027767973,0.081599295,-0.008459465,0.07799456,0.054453444,0.05708318,0.06063383,0.00936457,0.019634554,-0.08154655,-0.0020483916
-0.022713752,0.06318097,0.065139435,0.047435183,0.066098526,0.009888422,0.00543599,0.019610185,0.043519706,0.061184056,0.026301038,0.019119158,0.016435564,0.029358257,0.04690526,0.043135718,0.06797114,0.062195815,0.07037821,0.06148574,0.040322382,0.040057313,-0.006479447,0.010459601,0.063884676
0.039832026,0.019402726,-0.014923735,0.022890737,-0.007526486,0.014210309,-0.044711623,-0.03674207,-0.044665128,-0.025250684,-0.0031847388,-0.04734178,-0.043913,0.009127977,-0.041166935,-0.04307393,0.034139115,-0.05811057,-0.044171106,-0.027989479,0.013755153,0.06761012,0.0006667425,0.07051569,-0.017584171
-0.023874437,-0.051117606,-0.0732052,-0.052735977,-0.054532714,0.050978467,0.04688493,-0.032175,-0.027638283,-0.0022969653,-0.07299384,0.019792957,-0.038081504,0.02100601,0.024651583,0.0013374593,0.007235826,0.052316718,-0.00291215,0.0023190258,0.008957446,0.023853334,-0.019044828,-0.024172934,0.014182014
0.055077028,-0.032178905,-0.025095373,-0.046066288,-0.020663885,-0.036245134,0.011892682,-0.033277348,-0.013864254,-0.06407777,-0.044881515,-0.048722144,0.012997711,0.014685942,-0.054001763,0.0057735024,-0.0036180508,-0.024401778,-0.015425044,-0.009818379,-0.020830894,0.017240586,-0.04033892,-0.054340422,-0.040262703
0.014635648,0.03715159,0.029917989,-0.032373384,0.08185776,0.054106504,0.014271441,0.03943113,0.04491494,0.036824174,0.013414596,-0.009426639,-0.04192744,0.0758971,0.017346391,0.038383562,0.010269869,0.014086872,0.04485701,0.08953366,0.004919611,-0.0062112487,0.013339925,-0.035767525,0.020988371
-0.039294235,0.019211547,-0.02028031,-0.0750295,-0.05159021,-0.014904246,-0.030800533,-0.017375987,-0.030600209,0.0057925233,0.014269874,-0.008647251,0.023970723,-0.04035957,0.009141544,-0.008773041,-0.08516934,0.040723626,-0.019189665,0.020131998,-0.040253866,-0.01160476,-0.03917849,-0.07062952,-0.039698742
0.037305392,0.03228632,0.020431332,-0.012564326,0.0049437704,-0.03297452,-0.024171548,-0.0050408365,-0.06310977,-0.006353039,-0.02055818,-0.02336162,-0.0016466323,0.013528722,-0.03192029,0.006344892,-0.005841269,-0.038581412,-0.040758792,0.0049599004,-0.03508645,0.0075142654,-0.013871771,-0.0022385453,0.018518353
0.03004905,-0.052636433,0.0055606486,0.014606557,0.0134000005,-0.011074468,0.0114218155,0.023130136,0.03873677,-0.06927184,0.06118798,-0.03458928,-0.018282518,0.028094068,0.035764925,0.015869824,0.022110231,0.044729013,0.00022484669,-0.0028004402,0.07288448,0.006156872,0.032028805,0.034345333,0.04643749
0.03995735,0.035995968,0.027731147,0.06838153,0.060392946,0.06679538,0.07229587,0.07861536,0.03764826,0.06108108,0.08023127,0.009456049,0.08748353,-0.010684452,0.013891737,0.045534015,-0.01059423,-0.03517261,-0.020536661,0.022829596,0.03817005,0.06595161,0.08201798,0.08062316,0.008714818
-0.043214552,-0.021874882,-0.06290316,-0.024425812,-0.00057476055,0.01978678,0.027123619,0.018333878,0.042542513,0.032239493,0.07009678,-0.036283374,0.07831847,-0.02181371,-0.02615016,0.001957755,-0.040370435,0.011595196,-0.04339193,0.008310468,-0.007551008,0.046063215,0.06636065,-0.006094987,-0.048386548
-0.017989792,-0.054326385,-0.036285568,-0.029841587,-0.07961833,-0.034317486,-0.07410241,-0.06302613,-0.04183028,-0.023735182,0.010995671,0.010659165,-0.06952938,0.007801771,-0.061932955,-0.038565997,-0.0762898,-0.06438322,-0.042668287,-0.068825535,0.06247086,0.0012764756,-0.053446226,-0.012785961,-0.037441317
0.013583023,-0.042505354,0.027822206,-0.02526054,0.053065825,0.04093246,0.016177772,-0.016059265,0.037981935,-0.020611636,-0.022599459,0.024600778,0.0070958193,-0.04017042,0.0046951296,-0.021847144,0.023419773,-0.037557967,-0.033913862,-0.010125307,-0.07908165,-0.041030258,0.0039512827,-0.04470032,-0.037107863
0.014245196,0.03403035,-0.04595749,-0.017722335,-0.048914053,0.02137835,-0.04920225,-0.013010862,-0.0048944806,0.0122215785,0.033565573,-0.005883156,0.042561088,-0.0027662406,-0.060213383,0.033042755,-0.033304088,-0.04513178,-0.008095929,-0.031728316,-0.0021080093,-0.020121146,-0.0035655212,0.010359664,-0.062293626
-0.028323036,-0.028702518,0.054068502,0.04399474,-0.022089755,-0.039038684,-0.048911985,-0.023332383,0.061163865,-0.01188732,-0.060533855,-0.022274902,-0.010079769,-0.055627994,-0.06507069,0.04135867,0.012117663,-0.0018828928,0.05658727,-0.051920455,0.016653746,-0.0024500526,-0.023868982,-0.013790394,0.022433685
-0.043694932,0.0038408737,0.03597568,0.028617842,0.06918586,-0.034724798,0.072423264,-0.02054753,0.019828394,-0.03754898,0.040851682,0.043822315,-0.039254587,0.061165463,0.022681564,0.054467753,0.070131324,8.897544e-05,-0.027098246,0.0064793145,0.06809551,0.05369494,0.0011922198,-0.0460161,0.074495025
0.013898647,0.037436288,0.023876557,0.00088606303,-0.009549799,0.04346721,-0.008722803,0.05341559,0.05528783,0.0058488073,0.072191395,0.033899356,0.051555738,0.071195625,0.0042577917,0.01870734,-0.002104343,0.0056801545,0.0007082825,0.03836522,0.02663576,0.030689891,0.002205345,0.013430231,0.053687256
-0.021776907,0.0011112386,-0.017270518,0.027968753,0.04153669,0.040617574,0.0040379507,-0.051790234,0.075332575,-0.0007611677,0.071610615,0.05514624,-0.009674921,-0.05307224,-0.07133342,0.022080787,0.015794965,-0.042611677,0.025902566,-0.026034405,-0.035235263,-0.046004463,-0.014672457,0.016031204,0.044835232
-0.018803379,-0.06327114,0.022591101,-0.038565047,-0.058632344,-0.03204018,0.025559751,0.03059792,0.047003217,0.013302796,-0.05027352,0.047309574,0.036409594,0.012056553,-0.046980117,-0.077929504,0.020430177,0.010720516,-0.035543155,-0.008648986,-0.026568646,-0.02686264,0.020702211,0.030347852,-0.05257851
0.033465862,-0.027006667,-0.032732166,-0.05707895,-0.010262761,-0.046267103,-0.0638243,-0.031014785,-0.005297948,-0.02173999,-0.076568246,-0.08803948,-0.028439293,-0.04301676,0.009594478,-0.0077309534,-0.055103086,-0.059416458,-0.04227516,-0.059707772,-0.0705013,-0.010690084,-0.021902503,-0.07389181,0.03534084
-0.08316821,-0.0102506885,-0.011064973,-0.037421387,-0.009715165,-0.02685539,0.05008363,-0.03885924,-0.020590426,-0.00025318871,-0.00016582546,-0.039528705,0.015389989,0.029295411,0.021353396,0.0100599555,-0.046939146,-0.013977959,-0.012254731,-0.045969497,0.015349476,0.036944,-0.0020116046,-0.012702081,0.017847724
0.07415714,0.046127662,0.0018989806,-0.027310593,0.062143978,0.07071716,0.059053615,0.050588273,-0.0118358685,0.024031516,0.06107759,0.024972834,0.027939523,0.05040394,0.006686307,0.021788495,0.053278495,0.047536645,0.02921261,0.07142988,0.056219347,0.061068982,0.026952704,-0.014055589,0.039792713
-0.09336968,-0.006543371,0.047242105,0.014575911,0.043329444,0.009973597,-0.04043005,0.0146062765,-0.01153626,-0.0249426,-0.022894941,-0.068392806,0.013130488,0.021982502,-0.0034988949,0.04025474,0.0129493745,0.015460761,0.046090182,0.04474961,-0.058052447,0.038182773,0.0051695053,0.0041313153,-0.05234289
0.05782345,0.0024518012,0.049522694,0.05383216,-0.012325377,0.06934176,0.01760852,0.07172589,0.0690396,0.048913673,0.022868637,0.009274921,-0.0018451862,0.06677,0.047903165,0.04010011,0.027735416,0.039695155,-0.0036997162,-0.005031892,0.055680867,-0.012351684,0.008416883,0.06375984,0.059642076
0.03634831,0.07007994,-0.0602989,0.047321346,-0.03399547,0.001595476,-0.043699723,0.00046119103,0.0123654315,0.037514865,0.005032912,5.1604016e-05,-0.054360747,0.075558364,0.055677988,-0.037233297,0.075400405,0.056105595,0.0808685,0.008808746,0.03156639,0.050344206,-0.0020737948,0.07976712,0.03987874
0.002655293,0.020303786,-0.017145889,0.036730506,-0.028946172,-0.058740992,-0.023584332,0.004642976,0.070785716,0.058029704,0.05357823,0.039282918,0.02483542,0.004956251,-0.004814496,-0.058524624,0.008718809,0.061042376,0.05502597,0.006234151,0.025575895,-0.007249807,0.02292932,0.044543035,-0.02354359
0.040117092,0.07353734,-0.037184987,0.027579894,0.063757785,0.016204739,0.033157982,-0.021558583,-0.04618083,0.031447116,0.049429376,0.0066392384,0.0074615325,-0.011595311,0.04409774,0.05063789,0.04700289,0.038686756,0.011259983,0.037001353,0.058973927,0.03380513,-0.0026850263,0.05018636,0.0277558
0.053080697,0.01919437,0.03150387,-0.0068404838,0.043807816,-0.027587533,0.050108872,0.061775543,0.024173254,0.05555792,0.023129387,-0.01437081,-0.01915396,0.06275688,0.06758272,0.06303339,0.03924409,0.07103328,0.059250254,0.076934956,0.004931956,-0.034039244,0.06486692,-0.048516646,0.079208
-0.056304034,0.053038925,0.038997572,0.011902128,-0.024206216,-0.05190605,0.05380274,-0.07327835,-0.053705662,0.009149803,-0.07925991,0.008901422,-0.089083776,-0.00048435168,0.059930623,0.010324929,0.02730546,-0.054956816,0.0336737,-0.019568365,-0.0007213628,-0.058634676,-0.040236447,-0.06591723,0.01714367
0.01595451,-0.018491518,0.061407533,-0.016021848,0.053374343,0.08357464,0.038843844,0.058986243,0.015973147,0.06063831,0.010233684,0.0283889,0.0021777612,0.08263408,0.056524284,-0.010492641,0.072494134,0.030994449,0.05277575,0.05660093,0.063208796,0.08359595,0.03376524,-0.055627435,0.04931305
-0.08860481,0.025005132,-0.035581212,0.050796054,-0.058097873,-0.049825512,0.01740354,-0.037375253,-0.022369351,-0.03167371,0.05891732,0.0040701046,0.018820511,0.050787233,-0.03680342,0.026170222,-0.045115653,-0.045876022,-0.018985197,-0.020935427,-0.042338815,-0.06704171,-0.078254096,0.057319902,-0.026335001
-0.049267903,-0.02879435,-0.062508605,0.006828496,-0.024240322,0.008306531,-0.037552454,-0.0097193,-0.01793567,0.04725046,0.015879432,-0.0052859033,0.049367752,-0.055389542,-0.069381095,0.00544517,-0.049699713,0.02149403,0.04580863,0.042501748,-0.020542549,-0.04141613,-0.058660492,-0.032837868,-0.0371789
0.004164487,-0.036761034,-0.05160726,-0.047211632,-0.00383215,-0.082384996,-0.005924885,-0.07861302,-0.008780536,-0.01679183,-0.06610282,-0.069581576,-0.0026302733,0.019519674,-0.020376267,-0.005153277,-0.021981716,0.004601313,-0.02073596,0.0011092753,0.037977096,-0.08162807,-0.051512785,-0.07952088,0.0004223635
0.024125889,0.037688904,0.07439763,-0.04076511,-0.061134797,0.028817866,-0.04856086,-0.010477643,-0.0801043,0.08763035,0.05514954,0.017423516,-0.07365487,-0.06469815,-0.060150284,0.0016994583,-0.04751571,-0.04907042,0.059927642,0.076334946,-0.00590994,-0.0442462,-0.04313571,0.01752235,0.07298606
-0.027732855,-0.040214095,0.088110074,-0.052965872,0.0106427325,-0.0066433125,0.062451,0.057229087,-0.051237572,0.0072020823,-0.05603932,-0.025640156,-0.059128314,-0.05763517,-0.053096276,-0.03602816,-0.029478958,0.01593695,-0.02397247,-0.07227852,-0.019946516,-0.019733047,-0.0078986995,-0.05029601,-0.016974641
-0.040853593,-0.05774862,-0.041042093,-0.05269849,-0.018795125,0.0067326035,-0.05403026,-0.0018921437,-0.003157086,-0.042302698,0.017922409,0.0042770733,0.038936548,0.024953173,0.06350136,-0.039132148,-0.008002426,0.0014037822,-0.0063306917,-0.0314973,-0.0014932515,0.029896356,-0.073854424,-0.06571288,0.00851001
-0.06057975,0.040958997,0.024267588,0.05611133,-0.018232591,-0.0011570551,0.048675824,0.031319663,-0.04338152,-0.005727891,-0.04934656,-0.04073923,0.01756938,-0.009350464,0.034705047,0.02180214,0.013319924,-0.08196291,-0.07041515,-0.019152794,-0.009440892,-0.064411305,-0.084991716,0.048130255,-0.033220783
0.068047814,0.065747224,0.051099695,0.041039318,0.06916558,0.03785061,0.07536863,0.022269305,0.062628984,0.08161773,0.050028756,0.0037776749,0.027139304,0.070035905,0.05525318,0.030484008,0.05604957,0.043491483,0.048353,0.048106223,0.08162139,0.037912242,-0.005009307,0.028433267,0.05373254
0.066402145,0.06080135,0.030370157,0.03555298,0.03402164,0.02020527,-0.0033477426,0.002970925,-0.034928292,0.045475677,-0.012926136,0.026034627,-0.0034614997,0.060542442,0.026422247,0.0496703,0.048935566,0.026447272,0.06591901,-0.00030353793,0.042985614,-0.014011331,0.031455107,-0.01981399,0.00735554
0.01379832,0.021985978,-0.06672192,0.03725046,-0.010919409,-0.02511198,0.035863046,-0.0496933,-0.013928611,0.015506199,-0.06064637,-0.028012305,-0.069188416,0.0046967478,-0.05187581,0.007936412,-0.035554413,-0.04134183,-0.03565266,-0.019458704,0.0044252016,-0.05648953,-0.061999958,0.039815564,-0.030726833
0.017697569,0.003841027,-0.05757013,0.034161296,-0.007860415,-0.00873369,0.00013491945,-0.03729949,0.04115635,-0.017170025,-0.0504029,0.028630588,-0.009759265,0.052319426,-0.01750887,0.023649834,0.026859442,0.007117226,-0.033479344,-0.021269007,0.017236622,-0.003149602,0.07715625,0.033894252,0.016240533
0.05292653,0.010017567,-0.033118002,0.03787808,-0.047601636,0.008782408,-0.04948473,0.035902884,-0.032178186,0.0055014016,0.005657476,0.021156592,0.02100381,-0.0053820056,-0.031894933,0.0045640618,-0.014423942,0.0022626019,0.033906564,0.019638868,0.051366534,0.021852948,0.023608435,0.050653175,-0.04703727
-0.0598555,-0.053359475,-0.059053253,0.014607578,-0.0036601822,0.025330428,-0.014750606,0.00021761084,-0.012832673,-0.0053675934,-0.033179235,0.023547787,0.061706048,-0.038446214,0.0070276135,-0.05820268,-0.0251693,-0.02334359,-0.07558985,0.013589819,0.020455033,0.009382267,0.011151474,-0.016217703,-0.0035403308
0.021816209,0.01840161,0.04169572,0.029505407,0.0745376,0.039336074,-0.007119991,0.07519871,-0.0537595,0.033417825,-0.01951071,-0.017884333,-0.024128865,-0.047594994,-0.058317404,-0.0370266,0.010828122,-0.039676983,0.05395644,0.013945684,0.022712769,0.009668203,-0.017917583,0.016750269,-0.02350669
0.013893554,0.00026151456,0.031473435,0.032125913,-0.034585245,-0.0036071946,-0.02685996,-0.00229379,-0.07628351,0.07156226,-0.05424428,0.08481508,-0.048673235,0.025109028,-0.040067885,-0.043679416,-0.030610407,-0.03190109,0.0061026537,0.05539242,-0.081927806,-0.016140888,0.018613376,-0.0687055,-0.018265165
0.05101138,0.04173064,0.06407795,0.04647197,-0.034475964,0.050829437,-0.019831536,0.05010319,0.07239581,0.0724224,0.07503052,0.046650674,0.076997004,0.045054402,0.06350551,0.08046007,0.06580373,0.07513817,-0.031775862,0.058333915,0.011962203,0.038107585,0.10183308,0.06043432,0.0135186985
-0.06979594,0.02976387,-0.05177161,0.08053921,0.055518392,0.0095059695,0.055666212,-0.017303547,-0.07126576,-0.0064723254,-0.030455224,-0.028166685,-0.043731544,-0.057318814,0.057783894,-0.006855317,0.012712942,0.010133464,-0.05203984,0.0012757202,0.022922866,0.042465087,-0.019297972,0.06560268,-0.037787914
0.025496118,-0.04357921,-0.049639378,0.017651152,-0.07783385,-0.03520827,-0.07333136,0.03335716,-0.011026366,-0.05569617,0.015966345,-0.06390995,0.022229208,-0.0142226,-0.043661255,0.027202554,-0.08570455,-0.035480678,-0.060162548,-0.018651726,0.04697807,0.06264932,0.010217516,-0.026743459,-0.071146265
-0.020703107,-0.07083062,-0.029974343,-0.06910966,0.048697762,-0.06927541,-0.0061811726,-0.008028044,0.019182444,-0.007367225,-0.029421175,-0.020101704,-0.042442087,-0.025391081,0.020949773,-0.05246123,-0.035443325,0.0038989675,-0.0523083,0.0065644393,0.04018672,0.025979528,0.041760698,-0.003764274,-0.01045465
-0.031094424,-0.0038086544,-0.052373767,-0.031391375,0.045343243,0.0114169605,0.02691703,-0.047660924,0.056301415,-0.020396808,-0.010293283,0.020673247,-0.0011831119,-0.036016308,-0.080924675,-0.014272127,0.04159665,0.06132593,-0.043561894,-0.07551679,0.060335197,0.050317127,-0.017231803,-0.04429896,-0.0540314
-0.06912137,-0.074146755,-0.034270898,-0.06838894,-0.041602015,-0.028616594,-0.015585659,-0.07398425,0.010586366,0.016999014,-0.0254112,-0.115343116,-0.05054627,-0.05773548,-0.07186146,-0.04669335,-0.040400475,-0.0025263007,0.02075837,-0.06881687,-0.04413626,-0.04613188,-0.072197385,-0.07141878,-0.038369752
0.03416652,0.082148656,0.07382224,0.07576108,0.07639798,0.02569927,0.08091313,0.053803205,0.043525267,0.072783306,0.0014316681,-0.06450661,0.047234066,0.06995862,0.08063156,0.08043996,0.03983633,0.056656778,0.0060474845,0.067397065,0.0471088,0.06842644,0.00010529559,0.06315572,0.061874684
0.059580714,0.03249729,-0.04258687,-0.025127675,0.04229211,-0.052054957,0.008718445,-0.04909076,0.040949922,-0.058143586,0.02788159,0.017262619,0.027351664,0.06907769,0.04510953,-0.0050899694,-0.02987102,-0.03213216,0.014267781,-0.06105969,0.034143437,-0.022092266,0.07680648,0.066786505,-8.594052e-05
0.041031286,0.035950553,-0.00032736754,-2.2142482e-05,0.01055091,0.06192989,0.03951637,0.018753951,0.043056007,0.005546252,-0.018463483,0.012970521,0.023735404,0.02423817,0.008125299,0.002322975,0.06573348,-0.009335434,0.035484113,0.011193435,-0.025232334,0.041311253,0.073584735,-0.022603637,0.047802474
0.08717619,0.054511487,-0.007409159,0.021200258,0.054208286,0.04659084,0.036390927,0.029430589,0.04700057,0.006223965,0.032666348,0.027171817,-0.005463503,0.0042474587,0.027616063,0.028468678,-0.02644678,0.07158022,0.04202935,0.036058754,0.023662647,0.039349467,-0.04566525,0.017241238,-0.012611866
0.04032602,-0.01622142,0.0032023338,0.023341138,0.05777179,-0.034916747,0.045621034,0.061458617,-0.05915389,-0.027778473,-0.04868042,-0.0068685026,-0.07852852,0.05192141,0.06619204,0.037264865,0.067588896,0.00796352,0.042610735,-0.04114014,0.003920383,0.023487175,0.032931242,0.05401574,0.01609561
0.018040847,0.05179221,-0.028264467,0.04559253,0.04230964,-4.7462254e-05,0.018245623,-0.013720257,0.022995798,0.05683322,0.07402677,0.029828247,-0.048249196,0.061084256,0.050703302,-0.03384033,0.00983455,-0.044951536,0.04440057,-0.0130753135,0.028921036,0.03796281,-0.0007192649,0.00487143,-0.014111279
0.06932242,-0.08046042,0.034612067,-0.058488153,0.053104144,0.024331853,-0.08707638,-0.030710237,4.4822184e-05,-0.028781872,0.01068221,0.019294495,-0.05177912,-0.048570238,-0.03518728,0.06782197,0.008965735,0.072691366,-0.04253992,-0.0011170345,0.023181655,-0.025863687,-0.016838284,-0.05627133,0.05005568
0.02163118,0.04066283,0.05760366,0.025381511,0.02706918,-0.011383065,0.031652424,0.04753452,0.0016294962,0.016968308,-0.021176495,-0.022949105,0.041535787,-0.079209134,-0.01864557,0.015412968,0.023212299,-0.056396,0.023439767,0.078193694,-0.0900884,-0.016175851,-0.0036101742,0.017475007,-0.013894919
0.00010858046,-0.04384678,0.04708882,-0.025019879,0.030903285,0.038048167,0.0005882833,0.06270649,-0.018446576,0.053211927,-0.058710467,-0.013801395,-0.029945798,0.010361071,-0.046376973,-0.026757093,0.011676667,0.07585411,0.011143005,-0.04699827,0.06348178,-0.024458239,-0.011681224,-0.07274368,-0.07925409
-0.034862723,-0.05413157,-0.039802976,-0.080590755,-0.061285544,-0.016009556,-0.010548854,-0.024542024,0.00859544,-0.033987787,-0.017635835,-0.07277044,-0.04789378,0.025664985,-0.0014840185,-0.007074779,0.015196797,-0.06899404,-0.025180642,-0.02689687,-0.024723636,0.03815583,-0.050392307,-0.0036780047,-0.035448927
0.008133177,-0.0036090086,-0.004756977,-0.036859922,0.01018049,-0.0526052,0.0006719996,-0.034559716,-0.031210307,-0.013804446,-0.056584723,-0.053781763,-0.0438023,-0.035902634,-0.0022283974,-0.0099314535,-0.006389276,-0.014364098,-0.022375202,-0.0041338145,-0.043344628,-0.022416428,-0.011741819,-0.023897415,-0.02477204
0.0021948654,-0.024341943,0.0086552715,0.01768714,-0.03051764,0.043588564,-0.043845445,0.058862913,-0.013447872,-0.01340737,-0.0056131966,0.046175785,0.055974618,-0.021813752,0.048812017,0.0065250797,-0.0104324045,-0.054469973,-0.073457964,-0.053966798,-0.054928374,0.05155839,0.05898446,0.058664855,0.020763092
0.014884518,0.019054232,-0.078628466,-0.025320938,-0.0014546779,0.04488589,0.032638613,0.0016593601,0.06613724,-0.037516657,0.044110607,-0.0013037923,0.014708335,0.07406865,0.043184303,0.041973345,-0.013417979,0.061540153,0.050209153,0.07730585,-0.026707191,0.013488273,0.052143518,-0.07774018,0.07675872
0.0031103524,0.039011396,0.04725022,-0.0075254724,0.07222719,0.0081901,0.012500929,0.012166834,0.077153884,-0.03681561,-0.009699977,0.08503073,0.0372541,0.030481275,-0.045475286,0.07444595,-0.020841755,-0.035822336,-0.036428567,0.046771806,0.06199284,0.042760596,0.011736417,0.06505723,-0.027514065
0.012955942,0.062321983,0.057529293,0.0636991,0.04987912,0.032530293,0.06906793,0.078811996,0.08317922,0.07432027,0.070168406,0.043419965,0.03947341,0.05300034,-0.029502383,0.054836117,0.04870562,-0.0031199134,0.045846388,0.042947404,0.014710794,0.0727295,0.06102761,0.052114256,0.06861887
0.012859273,-0.020673655,0.060122993,0.01563338,0.055924237,9.714683e-05,0.0736905,-0.008641934,0.036771215,-0.050288647,-0.015280544,0.023590105,-0.004811431,-0.02527936,-0.05821768,-0.07493628,-0.011347602,0.010620204,0.017014463,0.038398236,0.015807215,0.032672554,0.04415378,0.06464455,-0.04086344
0.054022398,0.03970092,0.0069030183,-0.031482108,-0.047570333,0.051012583,-0.011955097,-0.056181077,-0.015624964,0.02479136,-0.0331753,0.017237078,0.05274454,-0.06550981,-0.004978138,0.007827642,-0.01702685,-0.03648421,-0.061382487,0.048036426,-0.040443808,-0.060214855,0.029666174,0.018951992,0.057690147
-0.058051426,-0.0335813,0.019060956,-0.009297085,-0.024787586,-0.013962361,-0.061365526,-0.006639585,-0.08052624,-0.008268228,0.06605161,-0.007425575,-0.07515213,-0.007367591,-0.062383067,-0.03281472,0.026181158,-0.0038425145,0.00803081,0.0063911946,-0.04108735,0.02248401,0.024815438,-0.06483383,-0.02840125
-0.069393665,-0.032875597,-0.07477112,-0.0600473,0.013878219,-0.025899207,0.051694386,0.07100935,-0.047180016,-0.02660528,-0.0723631,-0.03657675,-0.012397114,0.01353192,-0.027521446,-0.021791149,-0.07248749,0.06446573,0.035713498,-0.08519838,-0.07683791,0.022710755,0.023606392,-0.011242577,-0.03588666
-0.023852872,-0.06699238,-0.046086915,-0.06859304,-0.060640704,-0.02879283,-0.004052898,-0.03344165,-0.032502342,-0.04705165,-0.04600207,0.0028425825,-0.066341616,-0.029777737,0.022561502,-0.06552916,-0.036296766,0.03938386,0.03711647,-0.05494857,0.00760813,-0.0516355,-0.05874461,-0.04884829,-0.03241162
-0.0008999115,-0.00914586,0.013312815,0.018390851,-0.05779553,0.074843645,-0.029090047,0.011079052,-0.029263569,0.06416214,-0.0107835755,0.0147989495,0.03231602,0.016803227,0.057676814,-0.026857039,0.018592149,0.04240443,-0.046715643,0.057487205,0.04610963,0.0012892887,0.029710665,0.02222202,-0.03609943
0.03442582,-0.022328375,-0.016652765,0.02653975,0.02631891,-0.006151278,-0.06589434,0.03673797,0.010483534,0.050962795,-0.0020680996,-0.03689361,0.04607169,-0.010270029,0.013181981,0.06422951,-0.029289776,0.024714414,0.0017799871,0.003762952,-0.01573719,0.04200335,0.0023346988,0.010695614,-0.06452564
-0.01822975,-0.045896403,0.007647871,0.009117501,-0.058263056,-0.06997606,-0.014836671,0.013463511,-0.025612725,-0.038009565,0.04022909,0.0060295314,0.036332272,-0.055606138,-0.061755057,-0.06453284,-0.049138017,-0.04875498,-0.0780735,0.0064057074,-0.058565408,-0.009367712,0.04818443,-0.065694496,-0.06942362
0.037949678,-0.042852852,0.07299105,-0.07703628,0.07210745,0.083975434,0.06787553,0.07680045,-0.008581644,0.05363427,0.038267184,0.015755137,0.0041738423,0.04625087,0.0064944495,0.0050721313,0.010072738,0.05369478,0.05857642,0.046790194,-0.0063094483,-0.06453945,-0.056688055,0.016434485,0.01285177
0.023526652,0.03374383,0.035239466,0.05644102,-0.010984429,-0.013856554,-0.02624336,-0.038688436,0.066231325,0.019394614,0.04679433,0.0042929794,0.020625556,-0.034267724,0.05985622,0.013565849,0.002795438,0.05730114,-0.039196398,0.06706029,0.040615726,0.05086116,0.04320984,0.07264562,-0.06757841
0.05542765,0.04809499,-0.01293642,0.06803246,0.018853504,-0.0001765111,0.017826984,0.05176971,-0.009144886,-0.012010071,0.004844833,0.044399124,0.02089911,0.09029988,0.06455013,0.04279062,-0.026003849,0.035389334,-0.03227535,0.035742685,0.05966272,0.031690527,0.09002571,0.047366325,0.060919322
0.06571566,-0.015987514,-0.036118973,-0.038226213,0.006860945,-0.036277056,-0.045448065,-0.06488639,-0.054645102,-0.005942021,-0.042823393,0.011353073,-0.027845297,-0.0544733,-0.023067946,-0.0052793813,-0.033387233,-0.032424692,0.0053538587,-0.03941941,-0.060845416,-0.054495744,-0.039847128,-0.019289203,-0.03431772
-0.009164776,0.043246545,-0.0069480333,-0.05120272,-0.018141013,0.02353819,0.045811042,0.021438908,-0.0062632263,-0.031816944,-0.063136086,-0.056084566,0.008367604,0.025251998,0.010010918,-0.07535578,-0.048138186,-0.05732155,0.074480265,0.02687627,-0.009161487,0.003476885,0.08316285,0.071844466,-0.071708865
-0.027065594,0.023174709,-0.029273244,0.040279407,-0.04808501,0.002638645,-0.048975583,0.030358508,0.051058445,-0.013435539,0.06638443,0.031533305,0.009425346,-0.048296716,0.05460379,-0.029888032,-0.08633607,0.069959305,0.034253236,-0.022941085,0.02882424,0.0013632533,0.036820084,0.04126211,-0.045003477
-0.00035193178,-0.026141977,-0.001507708,-0.06976299,0.010810606,-0.0457385,-0.045043856,-0.02543761,0.025892597,-0.050535694,-0.03198259,0.009050837,0.00091909495,0.015448509,0.019282268,-0.051949337,-0.07730606,-0.005714843,-0.05844327,-0.009432661,-0.049970515,0.02223971,-0.00983096,-0.062769085,0.01891096
-0.007412639,0.042704243,0.058097403,0.007738494,0.039425336,0.035151526,0.0060882038,0.05355606,-0.047863293,0.0013939328,0.016038781,0.01832293,0.008044646,0.019320646,0.02308608,-0.03233858,0.041437488,0.060204588,-0.029296974,-0.019357955,0.041771606,0.06198093,0.021328848,-0.047327705,0.0011361283
-0.01715784,-0.058966167,0.015217964,-0.060532466,0.08214609,0.08213519,0.033984415,-0.01768927,-0.016728876,0.025249226,-0.040381204,-0.0123426495,-0.062671885,0.05427858,0.021543587,-0.028627668,0.04003133,0.0037936189,-0.013680163,0.08950837,-0.0038260855,0.041746575,-0.040839624,-0.01967118,0.0033856465
-0.057322755,-0.003388212,0.017968379,0.058026925,-0.053158242,-0.023237538,-0.01092253,-0.05872146,0.0041156397,-0.043128427,0.010354731,-0.00037952058,0.0114716375,-0.012188124,0.015240003,-0.02263348,-0.016572896,-0.033558514,-0.043442883,0.018969405,-0.010641077,-0.052547794,0.0060750167,-0.0037275986,-0.02185148
-0.04743192,0.055644564,0.006405673,0.04020155,-0.004323008,0.033607084,0.029798444,0.035386845,-0.043754254,-0.049759608,0.060247794,-0.00703175,0.029504037,0.037600026,-0.05884936,0.032681376,-0.06279952,0.014813596,0.026347846,0.07120084,0.0014530577,-0.0051766224,0.035414048,0.04905708,-0.07341832
0.05685926,-0.0021647476,-0.050471846,-0.05120554,0.02291384,-0.05486556,0.031059215,-0.08102073,0.0071480866,-0.047837283,-0.030827615,0.00420424,-0.03298673,0.010675546,-0.034391977,-0.065623395,0.021492178,-0.052178763,-0.056326978,-0.011328257,-0.06284727,0.005989167,0.0016664908,-0.03201835,0.021149533
0.036878202,-0.042612977,0.043466177,0.05408172,0.06839498,0.045184378,-6.534028e-05,0.058271106,0.07778258,0.065137014,-0.048286445,0.035873063,0.060173586,0.023932682,0.050025757,0.0040526693,-0.008293002,0.07705299,0.06253185,0.019503582,0.05419449,0.048091084,0.043099567,0.06405896,0.04782859
-0.023939826,0.028337868,0.048922695,-0.011894528,-0.02995389,-0.013583406,-0.024064314,0.041674558,-0.06540281,0.04058943,-0.015655482,-0.10936173,0.004523258,-0.024366647,0.02014406,0.047986697,0.039907865,-0.053815182,-0.06368152,0.0045532174,-0.008523083,-0.044862986,0.06977194,-0.007612613,-0.023637867
0.019714879,0.07437293,-0.07886421,-0.050807696,0.04279453,0.0074376976,0.026965298,-0.025196245,-0.02297504,-0.017188696,-0.07020837,-0.05055056,-0.035076637,-0.013522693,-0.021624826,0.07324113,-0.069484785,-0.025991125,-0.07469296,0.0073719267,-0.051677305,-0.036987912,-0.04409702,-0.074229755,-0.05907275
-0.032947525,-0.014693696,0.052373115,-0.064395815,-0.012512249,0.043296564,-0.031949356,0.009244488,0.0024759306,-0.024535768,-0.0071953796,-0.04969156,-0.036090504,-0.07027743,-0.069414556,0.011679477,-0.024260487,-0.041004602,-0.029976198,0.026420495,0.050060757,-0.008380061,-0.06194183,-0.027586028,-0.056555152
-0.028350279,0.05664487,-0.05207855,0.023768326,-0.033747822,0.012352211,-0.06469899,0.0028844685,-0.07879869,-0.054967515,-0.05171357,-0.07952576,-0.016251376,-0.06362126,-0.044251908,0.02615313,-0.073942386,-0.039640605,-0.04662584,0.038699258,-0.054536805,0.014652846,-0.056434043,0.04318855,-0.07723124
0.0007699866,0.03876223,0.049253877,-0.040615745,-0.03381037,0.04444371,-0.03524699,-0.067371525,-0.08588833,0.0638866,-0.04667189,-0.04610747,0.045154177,0.005465071,0.038579207,-0.06602269,0.07228137,-0.059467472,0.0251576,-0.0020755245,0.007197899,-0.0537582,0.006148207,-0.041319847,-0.035212286
-0.029123645,0.03487361,0.07306975,-0.041250825,0.060457826,0.059564833,0.031705808,0.048190836,0.041314684,0.062738456,0.03673968,-0.023551963,0.030350735,0.06772016,0.05093573,0.040381342,0.068239994,0.06891995,0.074676245,-0.0037299078,0.07677502,0.056247823,0.012050863,-0.0542099,0.07573848
-0.04480102,-0.07515989,-0.0722235,-0.023025418,-0.03681945,-0.08069126,-0.05348989,-0.071399875,-0.08394608,-0.0808224,-0.059118304,-0.044256266,-0.037693124,-0.084536195,-0.058255464,-0.054879185,-0.08430174,-0.015650067,-0.0590248,-0.07521709,-0.07211926,-0.08272917,-0.08326423,-0.07235057,-0.06730266
-0.013397654,0.042286277,-0.037195187,-0.00987174,-0.075982355,-0.06808555,0.020476164,0.021077545,0.056407813,-0.030790415,-0.03956011,-0.07961051,-0.01436664,-0.008505131,0.049932674,-0.051044483,-0.05777964,-0.012122593,0.008556518,-0.08939745,0.04491124,0.078175865,-0.012028639,0.013755325,0.03316092
0.04814132,0.025403101,0.030555405,0.06552769,-0.03569913,0.018597202,-0.01868812,0.012465036,0.08247225,0.022032212,-0.04580167,0.050453432,0.052103158,0.063834354,0.055173215,0.06707693,0.085815415,-0.017416455,0.020619275,0.06912479,0.01542405,0.01692244,0.058368973,-0.0128968125,0.050950468
-0.015010205,-0.023410242,0.08054456,0.022000415,-0.019383343,-0.060471643,-0.04602456,0.076332845,0.05810972,-0.013378817,-0.063999794,0.015901873,0.009380836,0.0004701166,0.078757875,0.03148932,-0.02778656,0.07337208,0.0515642,-0.011162957,-0.061186597,-0.010444503,0.076801635,-0.05332896,0.041441686
-0.020275561,-0.06295881,0.04215799,0.000606156,-0.009019359,0.057113037,-0.058575302,0.0049925083,-0.019618671,-0.013536249,-0.012557381,-0.011481826,-0.019982321,0.018134445,0.01968731,0.026286572,0.013659946,0.021562994,-0.019684078,-0.022895325,-0.028680936,0.0016243963,-0.013890958,0.022899726,0.032701813
-0.01174649,-0.06493092,0.04916987,-0.07153375,-0.0038122253,0.027239688,0.017356837,0.026205286,-0.036827426,0.04759101,0.009287534,-0.027120583,-0.05020328,-0.06718953,0.07531163,-0.033519313,0.0037046664,-0.022858655,0.06598714,-0.06337799,-0.0023506263,0.027937578,0.056122355,-0.03609768,0.017906416
-0.041117843,-0.036754876,-0.07171498,-0.055973932,-0.027270596,-0.05479795,-0.03402089,-0.011264263,-0.033401504,-0.048914563,-0.04512861,-0.044193123,0.02579701,0.002559929,-0.06741078,-0.04700082,-0.06855026,-0.015336804,0.0066718534,-0.03301764,0.06303977,0.055987686,-0.03424658,-0.069668725,-0.029337633
0.011891034,-0.04124572,-0.016669687,-0.012866848,0.03765281,0.08371854,0.004407982,0.05184177,0.027762404,0.013280834,-0.020795973,-0.053543374,-0.01368792,-0.007348307,0.0055487165,0.010217518,-0.00022384537,0.0101792235,-0.04715742,-0.044721853,-0.0348103,-0.0052035763,-0.013747362,-0.051427394,-0.01631751
0.051959105,0.029183423,-0.0029507475,-0.05542656,-0.055705205,0.035904393,0.006955374,0.04313341,-0.07836295,0.036242627,0.011637633,-0.034639377,0.0365076,0.002700933,-0.017043289,-0.010336891,-0.010347699,-0.06924463,0.029987771,-0.027088882,-0.027210802,0.0027572725,0.02421545,0.04866131,0.020635145
-0.001232013,-0.06691471,-0.032595787,-0.06735775,0.023087312,-0.03474373,0.00229011,-0.06071846,-0.00851993,-0.062220927,0.08499711,-0.017592115,-0.050618533,-0.071697764,-0.03829329,-0.029526647,-0.048393335,0.025804581,0.020039793,-0.037074413,0.053768814,0.01579791,-0.02211289,0.08152829,0.03269564
-0.058224894,-0.043568265,0.03480044,0.00730401,-0.007633591,-0.0035554916,0.026003558,-0.03264894,-0.031279646,0.041061256,-0.00986999,-0.05274698,0.008098909,0.035533074,0.023364743,0.01757524,-0.034840863,-0.027726676,-0.069648184,-0.052579403,0.0061471555,-0.0072710905,0.0016482377,0.0008989343,0.0065935394
0.06536427,-0.0029072003,-0.008188587,0.031026259,-0.08219927,-0.08335593,-0.027173752,-0.024897786,0.01056935,0.044908464,0.036944326,0.035915278,0.017278166,-0.044907577,-0.034777395,0.023856198,0.038720395,0.06473136,-0.05182581,-0.08954372,0.00961605,-0.017709278,-0.02563333,-0.0035510967,-0.0071176603
0.020502672,0.02873174,0.019384177,-0.037394788,-0.040252954,0.0054602236,-0.025917826,0.010120027,-0.0006469556,0.043475788,-0.004504282,0.06791863,0.038796127,0.043939464,-0.021068,-0.01323558,0.040334627,0.0046834694,0.0061881747,0.023606723,0.01176276,0.011921821,0.013778756,0.00465333,0.051622648
-0.02254373,-0.064307995,0.03403587,-0.015575418,-0.05440996,0.039567534,-0.050116327,0.0014336271,0.025330506,0.020480545,-0.08556481,-0.037814006,0.049203172,-0.013308225,0.030543117,0.047902003,0.00455172,0.011539446,0.029769134,-0.018612567,-0.065388635,-0.04688441,-0.013169787,-0.009443709,0.0755518
-0.072237335,-0.025813479,-0.018900689,-0.021908997,-0.055362392,-0.030665996,-0.021263517,-0.007246071,-0.04322572,-0.021324933,-0.013989708,0.040179867,0.017856143,0.0224788,-0.013902943,-0.07019614,-0.060466994,-0.04746971,-0.04865489,-0.062011763,-0.07779841,0.0011868177,0.0017670664,-0.05904248,0.039300457
0.00047913357,-0.037015215,-0.048865758,-0.007407315,-0.036712136,-0.07060725,-0.041980576,-0.049356516,0.031730067,-0.051087756,-0.016823465,-0.017266879,-0.016954212,-0.053982273,-0.05487591,0.070331864,-0.047413554,-0.015821302,-0.048214473,0.0021628663,-0.00045750587,0.021564668,-0.014993124,-0.03994741,-0.0101465
-0.0010911186,-0.001970522,0.06408648,0.05200627,0.03769783,0.013276565,0.07556428,0.08330726,-0.0016343724,0.02183393,0.040561814,0.025112914,-0.0047438825,0.07881048,0.060560737,0.06076562,0.03701869,0.072031684,-0.006341571,0.028495247,0.06655626,0.081509255,-0.0121867545,-0.007928513,0.025731454
-0.049051013,0.036620636,0.007347765,0.06413504,-0.065291055,0.037306286,0.0034170663,-0.048403114,0.0024644285,-0.08902864,0.042527195,0.06256874,0.04847162,-0.012570981,0.005562556,0.055175856,-0.015270681,-0.028512286,-0.06926881,0.06872537,0.014127568,-0.07875482,-0.04097981,0.0047859238,-0.014239625
0.038725037,0.006676394,0.05620123,-0.0052858875,0.058340088,0.048840515,0.033368427,0.0043493533,0.010809066,-0.050120637,0.059708044,-0.05349131,0.034956403,0.019843131,0.032673504,-0.058259476,0.062063802,-0.026392812,0.0042235884,0.0785858,0.0475993,-0.034693092,-0.021978712,-0.01806542,0.06128099
-0.037437893,0.02149977,-0.026217757,-0.003004201,-0.057063043,-0.04391622,0.055120386,0.063362375,0.05849487,-0.060409315,0.062030487,0.009532631,-0.019665796,0.06464536,0.028598728,0.0014669569,-0.06220273,-0.0011812133,-0.04095571,-0.044073068,-0.022136658,-0.068187565,0.014373934,0.06399097,0.0002956809
0.023002544,0.021773286,-0.044730164,0.06530868,-0.06706968,-0.0080225775,-0.043182418,-0.01217191,0.0212272,0.02922752,-0.04271695,0.034448944,-0.047559123,-0.07221013,-0.007424334,0.05288631,-0.060180653,0.01947111,0.0037485375,-0.05083253,-0.03126305,-0.0335326,-0.004352538,0.044387516,-0.0057820557
0.031273287,0.020898562,0.040877994,0.007765576,-0.059570983,-0.011175882,-0.011248967,0.0535659,0.044497605,-0.024158578,0.052652836,0.0018491453,0.012548496,0.026847558,0.018071009,0.0540332,-0.049206585,0.00845906,-0.052271426,0.011792551,-0.018391745,0.0323875,0.03428383,0.022388373,0.053814556
-0.08294971,-0.078526065,-0.08032897,-0.07897933,-0.07914234,-0.07770582,-0.08371928,-0.07852393,-0.07562975,-0.080723435,-0.077600576,-0.10793364,-0.089798704,-0.08599298,-0.07966245,-0.07636253,-0.085164875,-0.07658056,-0.08108703,-0.08063609,-0.08119846,-0.07663014,-0.09524284,-0.07788312,-0.07628055
0.06722971,-0.04399123,-0.06540629,-0.037327666,0.03355273,0.014894942,0.05686154,0.0294598,-0.0006449918,0.085824996,-0.03939249,-0.07581895,-0.04737832,0.0120454915,0.01824582,-0.05659674,-0.020051222,0.059879325,0.04714887,0.006646579,-0.02195597,0.042570036,-0.0012278876,-0.01684,0.007598251
0.02229807,-0.034047052,0.0055219545,0.009656347,-0.06823448,0.031531338,0.03500111,0.06418581,0.04901175,0.016777003,0.0607813,-0.008416902,-0.015474511,0.032590687,0.018051893,0.057117943,0.027661769,0.058555033,0.047731865,0.015546495,0.042238563,0.07775306,-0.0068596513,0.057855785,-0.0153434165
-0.0052652694,-0.03651026,-0.061833885,-0.04839815,-0.06865349,-0.04821209,-0.016586179,-0.012919977,0.037868846,-0.030343466,-0.02558019,-0.006545956,-0.050331563,0.010393986,-0.039025024,-0.0028000346,-0.010826548,-0.006387182,-0.04846886,-0.011269753,0.016419927,-0.015623746,0.03890841,0.005994371,-0.042514645
0.0818168,0.03082558,-0.021818062,-0.035680618,-0.009919529,0.03447395,-0.0033307641,0.035780005,0.008450448,-0.021650802,0.06359075,-0.006900993,0.07183187,0.026275394,-0.051609803,-0.035531398,-0.026245834,-0.030882023,-0.0065865703,0.0017626864,0.05503251,-0.0061434894,-0.0055645634,0.06430041,-0.020105867
-0.03582292,-0.079110846,0.008868025,-0.008159102,0.014586763,-0.021720372,-0.040327836,-0.038467832,-0.020538783,-0.02784026,0.025466638,0.024055764,-0.038150717,-0.06414604,-0.05637179,-0.062625445,-0.05623838,0.077106304,-0.06889601,0.006786513,-0.04334837,-0.044332817,-0.010782958,-0.047997978,0.030003168
0.02101485,0.069673166,0.05473756,0.07789387,0.03859394,0.08280207,0.07445265,0.078180134,0.07507536,0.083667174,0.08348958,0.1220132,0.097638,0.07996314,0.06250046,0.06486134,0.076893166,0.05691238,0.056816615,0.07320711,0.069307126,0.06600968,0.117631175,0.080166936,0.063508086
0.08906371,-0.0014588987,-0.03269816,0.004553881,0.010335071,0.03259052,-0.022357894,0.024295898,-0.05141959,-0.025591344,0.07181642,-0.04804596,-0.014225233,-0.0030164977,0.042305846,-0.014017796,-0.0030115398,-0.039572857,-0.011423267,-0.046403654,-0.015662393,0.010436121,0.027971655,-0.019602818,-0.04957615
-0.009292769,-0.009561195,0.030910501,0.011686117,-0.058266908,-0.036108855,0.008739939,-0.040139485,-0.023265548,0.009903044,-0.01256189,0.050976932,-0.04623866,0.032088406,0.011511274,0.023573985,0.024097813,-0.0001930545,0.007334613,0.021654023,-0.009823558,0.0046539064,-0.008572125,-0.017183306,0.02793517
-0.07434919,-0.04596976,0.011528434,0.026370637,-0.026328778,0.003700481,0.047023263,0.04903583,0.010758519,-0.014478522,0.032026414,-0.0044832765,0.039681245,-0.035750747,-0.043003827,0.039691906,0.02979693,-0.006643591,0.009761422,0.056001443,-0.011202433,-0.035826083,0.022745974,0.047822427,0.033287223
0.061972108,0.07227458,0.040083423,0.07194983,0.07625551,0.05897471,0.067738704,0.06998157,0.06633211,0.08454488,0.079867214,0.08314123,0.091366604,0.053182766,0.078328684,0.076689444,0.08236357,0.06090645,0.071557,0.08129637,0.07757876,0.02846948,0.10380722,0.047347613,0.04167799
-0.039171267,0.022435578,0.0019540414,-0.046333835,-0.035633896,-0.028213844,-0.016201284,0.029748475,-0.030191842,0.044990897,-0.016153127,-0.0012076279,-0.05192468,0.030582443,-0.018780876,0.03096818,0.06249497,0.0078112865,0.010353082,-0.047569722,0.0117426505,0.055955444,0.051230542,0.054267913,0.0661784
0.07260634,0.027074043,0.055134416,0.029208805,0.027188497,0.08101129,0.069269426,0.046010446,0.07597574,0.08056152,0.07265901,0.093616866,0.07881202,0.055838414,0.0011792525,0.027360925,0.07272055,0.04744104,0.043784596,0.07163233,0.04195028,0.031503644,0.06810796,0.029019052,0.06368773
-0.042018857,0.07529201,-0.07999593,-0.07492856,0.0103379935,0.02579488,0.045921907,0.025730375,-0.029021217,0.022153812,0.059580114,0.0016319997,-0.027720775,0.0028042835,0.011962827,0.053247843,-0.04176827,0.018501023,0.01374002,-0.018726798,-0.0389073,0.056746203,0.01814471,0.052114215,-0.06468166
0.03534249,0.06895448,-0.01122847,0.07263272,-0.02601021,-0.06470638,-0.04890692,0.0049134595,-0.030407464,0.012041277,-0.0008936809,-0.05181452,0.0032908989,-0.026084352,-0.01823819,-0.02643036,-0.0072671883,-0.03431709,0.0786705,-0.032313734,0.06676386,0.031098524,0.052472766,0.06515957,-0.012550099
-0.04661197,0.01962325,0.07295393,-0.06405112,0.046535242,0.013099848,-0.061768267,0.029391848,-0.037997257,-0.006336962,-0.056332998,-0.013661177,-0.03258197,0.04548854,0.07939439,-0.047603052,-0.043112002,0.052679654,0.012549044,0.0033283904,-0.010071061,0.030243808,0.0033705635,-0.0658393,-0.01918548
0.058069874,0.061287824,-0.013071013,-0.0038418786,0.00692029,-0.012089282,0.062202256,0.0543555,0.0016532347,0.0065515568,-0.057618055,0.0035916974,0.03051713,0.05326483,0.050913714,0.016207363,0.008308527,-0.031805977,0.035434835,-0.015024301,0.057239372,0.07369994,0.0017993391,0.013477617,-0.029518787
-0.0065562204,-0.03921448,-0.02679638,-0.043545406,0.05168465,0.008379248,0.021303486,0.018235052,-0.054061387,0.03126176,-0.015049698,-0.0021987287,-0.024578031,0.027777672,0.0007991766,0.019302666,-0.037630398,0.009784152,-0.0068749906,0.07391769,-0.03524831,-0.04583519,0.03553341,-0.041645326,-0.07863801
0.01291099,-0.033281736,-0.03694852,-0.05400978,-0.06371498,-0.069548406,-0.035705715,-0.01918495,-0.05712156,-0.05930663,-0.022814453,-0.053432327,-0.07573394,-0.071924,0.01714013,0.03379932,-0.04850969,-0.0046151397,-0.029731892,-0.048917312,-0.055634137,-0.03927042,-0.00449806,-0.0600905,-0.05644214
-0.057269737,-0.032426775,-0.031359557,-0.075800754,-0.06500737,-0.022460526,-0.06207272,-0.04886551,-0.062038038,-0.06720169,-0.042127058,-0.001770503,-0.054131348,-0.01611395,-0.0008185298,-0.07705203,-0.06560625,-0.00353177,-0.008590352,-0.050571524,-0.059186496,-0.00708586,0.02103507,-0.06636748,-0.046608973
-0.0037368282,0.07421703,0.025606778,0.07950931,-0.023356965,0.020661255,0.046045464,0.045548152,0.062299754,0.014240184,0.06929683,0.008427812,0.009320647,-0.01736519,0.02838526,0.07978012,0.042665392,0.03128417,0.032722812,0.04332411,0.07116356,-0.012841276,0.054903947,0.079957806,-0.014059304
0.02455054,0.0046813,0.034846693,0.080179185,-0.028454756,-0.0020590303,0.03014122,0.015026754,0.014259497,-0.027730696,0.015652519,-0.022046823,0.028679667,-0.043355685,-0.06837637,0.075275525,-0.061734997,-0.00019123976,-0.010331007,0.00045029528,-0.03611059,-0.023779506,-0.012087098,0.07644816,-0.04765994
-0.012198972,-0.08092227,-0.07858284,-0.010448094,-0.02664004,0.011857682,-0.006827663,-0.018315677,0.045655336,-0.033601817,-0.030862097,-0.067966,-0.028755467,-0.070750415,-0.044061128,-0.03213695,-0.07706642,0.07773221,-0.007402674,-0.013826649,-0.057718143,-0.05612551,-0.042129785,-0.061462726,0.07413016
0.010450106,-0.06206564,-0.04916466,-0.08130075,0.061172277,-0.053382095,-0.07441166,-0.081197836,-0.06035025,-0.06959366,-0.07626587,-0.08864246,-0.09688762,-0.06414459,0.046554137,0.02996527,-0.032482922,-0.016061625,-0.039933193,-0.0818889,-0.07139024,-0.049469646,-0.09380053,-0.081697285,-0.04067007
-0.009395303,-0.014214773,0.067851566,-0.0026606994,-0.047445253,0.031144563,0.08656054,0.025022266,-0.05669184,-0.07239608,-0.024469798,-7.8864956e-05,-0.07504128,0.030007472,0.052489318,-0.06428722,-0.06664898,0.04832645,0.031615037,-0.05890978,-0.059030343,0.026205283,0.0031010169,-0.06836978,0.0761052
0.06885771,0.0035929598,-0.04328987,0.027913842,-0.043265525,-0.036564287,0.011773481,-0.040455386,0.003516319,-0.013739119,0.0548681,0.033759438,-0.05827338,-0.062011994,-0.06755385,0.012255962,-0.06450161,-0.06360879,-0.041085213,0.049975347,0.058595967,0.052011706,-0.018020824,-0.019471742,-0.017616514
-0.023204291,0.024481796,-0.0067376676,-0.05446301,-0.009535004,0.03279055,0.014553102,0.0303414,0.0012456309,0.012943451,-0.01782101,0.028156735,-0.040573664,0.009776626,0.061375275,-0.0074244267,-0.022862224,-0.005019073,0.004144314,-0.023588251,-0.052371487,0.020740772,-0.0049543637,-0.06586349,0.046407282
-0.012497511,-0.07504789,-0.004931331,-0.060552604,0.004135354,0.052052565,-0.0056789764,-0.015077595,-0.06516864,-0.055890072,-0.076630086,-0.068457335,-0.03559742,0.0008151668,0.019642591,-0.0051926803,0.018007195,0.034439772,0.020301418,-0.043317676,-0.013989523,0.0037646322,-0.07194965,-0.049739193,0.006291753
0.060521975,0.033563145,0.02042508,-0.07254223,-0.039084144,-0.02642516,-0.033013422,0.051069863,0.018767977,0.028693119,-0.012335954,-0.05316934,0.066184714,-0.010053196,0.013703537,-0.060348798,0.06148216,-0.054882426,-0.06421318,-0.042663954,0.011632494,-0.016864963,-0.0010812975,-0.01677537,0.041922543
-0.0014320774,-0.0058259373,0.014715648,-0.017716039,0.030077763,0.028925158,-0.00057854835,-0.011031244,0.053191274,-0.02211538,-0.0047327173,-0.02574203,-0.02847815,-0.018405443,-0.048333917,0.040670693,-0.03849036,0.0100981565,-0.02316943,-0.021535017,-0.011567147,-0.055775438,-0.06823501,-0.053229794,-0.06604776
0.04756583,0.008214173,-0.021106439,0.020093722,-0.01652457,-0.004437112,0.00067970913,0.0075208996,-0.013961208,0.058075525,0.0068091135,0.07155538,0.036777213,-0.042137127,-0.0628415,0.0017296586,0.018588861,0.04154838,-0.010002135,0.04360696,0.0057879416,-0.023793664,0.04218952,0.056276288,-0.011020122
-0.074814,0.046532676,-0.004287072,-0.007909467,-0.025026385,-0.06945025,0.031617723,-0.06492906,-0.04707804,-0.0855022,-0.01743607,0.030099548,-0.015250986,-0.002913329,0.03812953,0.004973822,0.013153446,-0.053426933,-0.074341826,-0.058913443,-0.058918245,0.041627392,0.008557214,0.01426219,0.004468644
-0.01676466,-0.059982073,-0.058811568,-0.066052474,0.011791497,-0.044346098,0.06774947,0.01411666,0.06380322,0.016369293,-0.053726792,-0.0039458796,0.0070481696,0.045211498,-0.0108921835,-0.066486195,0.04376166,-0.07406322,0.057757773,0.06992558,-0.0077919723,-0.045000944,-0.025482072,-0.0068884487,-0.008835745
0.06271182,-0.004268033,0.08828691,0.04559837,-0.06178751,0.049419604,-0.020296179,0.07334242,0.053509362,0.04033894,-0.022465969,0.04460603,0.04216624,0.036013763,0.0056840265,0.011819132,-0.0042076674,0.079255365,0.031833198,0.05625236,-0.05364029,-0.0058093295,0.031184254,-0.031173803,-0.041404363
-0.08384446,-0.060948476,-0.044689834,-0.05109665,-0.05519308,-0.0645779,-0.030373372,-0.066024944,-0.040264998,-0.013667437,-0.045320667,-0.028948309,-0.05409263,-0.055690993,-0.046322774,-0.037924476,-0.06821719,-0.01058447,0.0005213716,-0.07734646,-0.036951367,-0.021309454,-0.06276163,-0.04558736,-0.021287337
-0.027934901,0.047544945,-0.050304156,0.039997272,0.028941592,-0.001998247,-0.029517258,0.07238898,0.07491966,-0.0016618187,0.041810364,-0.01352847,0.052223165,0.062103428,0.04435721,0.081918985,0.011661936,0.022942234,-0.06743846,0.008675589,-0.03492194,-0.03307923,-0.02782504,-0.061304584,-0.06901653
0.045377135,0.03781623,0.0461244,0.0461121,0.058488972,0.03956853,0.06270884,0.030141374,-0.0037731503,0.016316008,0.014041622,0.05247775,0.008052486,-0.007981522,0.02284221,-0.04585392,0.061878145,-0.065980695,0.026522474,0.04150581,0.06993086,0.07255279,0.06761377,0.07302897,-0.017496219
-0.029604444,0.061526857,-0.052588973,0.032130793,-0.0381173,-0.070482835,-0.04647948,-0.059793293,0.029079836,-0.022673814,-0.044228625,-0.011362404,-0.028347662,0.020493252,0.06540188,-0.038514335,-0.06505668,0.061812982,0.004432151,-0.06731041,0.0046042767,0.017260417,-0.054722175,-0.07353045,-0.078320585
0.013281761,-0.081671454,-0.058472995,-0.05761901,-0.0039963434,-0.0668602,-0.003439452,-0.056229044,0.08210174,0.06773241,0.0046688495,-0.040651426,0.009422996,0.0027133762,-0.032067947,-0.0658707,-0.01130406,-0.07545941,-0.046348892,0.06505411,0.02681039,-0.08810866,-0.025181351,-0.07197573,-0.052542195
0.03430668,0.044316836,0.00023365603,-0.04917866,0.039927073,0.02937142,-0.035958853,0.008619347,0.005783678,0.068838656,0.07115573,0.01286356,-0.05789462,-0.0061955308,-0.03673106,-0.017657457,-0.0034842833,0.0313468,-0.015536734,0.048552856,0.036129728,0.01621989,0.044854004,-0.030465305,0.061827313
0.041391067,0.036060452,0.050070547,0.011116871,-0.012627297,0.00789613,0.025267553,-0.026423352,-0.0011612796,0.020611817,0.03982925,0.016759,0.013401687,-0.052612,-0.06050784,0.021215545,0.0055459486,0.011722212,-0.07788226,-0.00090915995,-0.0375362,-0.024369488,-0.005771862,-0.03482134,-0.023973517
-0.046991155,0.014786403,-0.01936897,0.030635256,-0.034158725,-0.070972264,-0.03785477,0.017357444,-0.0551979,-0.045217566,0.020974265,0.041623242,0.044814464,-0.014680628,-0.025547205,-0.042540833,0.020592725,-0.046512667,-0.037110794,-0.04403974,0.0031707126,-0.042810813,-0.0014595748,0.069801755,-0.009368448
-0.046726033,-0.021250602,0.0002498939,0.015915766,0.052453473,-0.045897447,-0.05386522,-0.055027716,0.010483632,-0.017125592,0.0499559,0.006283585,0.058294777,-0.010297428,-0.06528399,-0.07244545,0.009412053,-0.073450014,0.029686164,-0.009153858,-0.07037231,-0.07087061,-0.044647243,0.015403225,0.00053234876
0.031438302,0.027260581,0.027791377,0.06673891,-0.0077547054,-0.054273814,-0.012346302,-0.010829583,0.046353694,-0.0028941517,0.044975154,-0.01983024,0.07397971,-0.009314788,-0.021358065,0.021675993,0.016154228,-0.03268457,-0.01754372,0.026929542,0.025228342,-0.014596753,-0.011717487,0.051983207,-0.017497012
0.0012188486,0.037235886,0.051600866,0.05338688,0.010501519,0.002757391,-0.008177277,-0.025560528,0.007412357,0.04120013,0.054951575,0.0123642,0.041316215,0.028880334,-0.05644415,0.04171999,0.03434023,-0.021146253,-0.020869253,0.042781666,-0.027141608,-0.049547277,0.033828113,0.0660905,-0.053031605
0.033690706,0.046459705,0.083520085,0.019919757,0.063410744,-0.018821856,0.05805461,0.030721143,0.03496307,0.0088128885,0.053815797,-0.015030682,-0.027431479,0.060655728,0.0677933,0.006629002,-0.040285233,0.010651974,-0.04693432,0.0048007914,0.03613686,-0.011021343,0.046568766,-0.0055514914,-0.013923809
0.045721225,0.037814267,-0.053169,-0.023545206,0.05454128,-0.051895805,0.072457604,0.004276758,0.015108597,0.07733912,0.026773833,-0.00056993606,0.028530138,0.0041396483,0.016101941,0.031711902,0.026783003,0.01917335,0.039848696,0.016161999,-0.06256763,-0.0129289,0.014037846,0.0498469,0.07707621
-0.013808547,-0.013934309,-0.0092043625,0.015730599,-0.035214916,-0.010676699,-0.005192407,0.021994544,-0.065395504,-0.0173868,-0.030911956,0.009647186,0.0029525314,-0.005542824,-0.0136935,0.019685807,-0.04221648,0.0074701053,-0.06555028,-0.013539353,0.0004347436,0.004313257,0.0003725293,0.038478985,0.015542709
-0.061055414,-0.04072046,0.0086598825,0.015098895,-0.07229724,0.01717264,-0.018244151,0.0048458874,-0.014335493,-0.02874814,-0.054115776,-0.04610329,0.043397278,-0.0327368,-0.04042859,-0.012356243,-0.010463613,0.0016016619,0.042591054,-0.08035818,0.03133123,0.0030490402,0.013403299,0.0052314857,0.048226267
0.0008501494,-0.057989597,-0.01400724,0.031219205,-0.04920521,-0.06415188,-0.050151706,-0.045495156,0.05769945,0.012146349,-0.047660213,0.013927313,-0.0646748,-0.06157601,-0.066911094,0.032431852,0.046132732,-0.040590722,0.0029000049,-0.02561841,0.043118395,-0.026002124,-0.009986443,0.051768206,-0.075096376
-0.060051106,-0.018968116,0.03476171,-0.050741535,0.012270712,-0.0031833376,-0.0041128774,0.029368162,0.07672972,-0.0415803,0.05890154,0.017949339,0.04148137,0.0718284,-0.06501898,0.023491241,0.020958507,0.017486852,0.051656947,-0.007192953,0.07488659,-0.055895753,-0.036936674,-0.052609622,0.05317017
0.0077866013,0.032486048,-0.061844926,-0.057181194,0.06143669,0.014245314,-0.03173504,0.05432587,0.03349295,0.009775454,0.027056355,0.031245856,-0.01355774,0.03412646,0.007458027,-0.055538483,-0.065439954,0.033162553,-0.014230044,0.034490924,-0.0064328783,0.07509971,0.066595405,-0.048374876,0.014778806
0.03962176,0.02812357,0.0137085095,0.06366314,-0.042706657,0.014747746,-0.0108762495,-0.008758728,0.053950958,0.061754715,0.04668973,0.03965148,0.047491252,-0.027408656,-0.052702963,0.0111211855,0.012878405,-0.00791464,-0.02671906,0.004219101,0.047752175,-0.016445704,-0.046763804,0.06470887,-0.0073042065
0.0024014458,0.04335403,0.02596049,0.022408329,-0.06250081,0.010292066,-0.046247993,-0.056935575,-0.011161151,0.022280766,-0.012519402,-0.02306476,0.036815252,-0.033670377,-0.048353657,-0.013209423,0.03912354,-0.064713806,-0.043425985,-0.022249315,0.0074457615,-0.039792858,-0.058952227,0.0062979856,-0.032202985
-0.055409543,-0.040503234,-0.06169559,-0.0548675,-0.042575594,-0.06560962,-0.061743986,-0.08485617,-0.04211399,-0.026541514,-0.0796155,-0.07346671,-0.082838595,-0.061579,-0.0070840144,-0.007991042,-0.01594991,-0.008178822,0.03906677,-0.07509273,-0.031728454,-0.046443537,-0.059741393,-0.057616353,-0.032521263
-0.09015936,0.076077245,0.028828964,0.07018871,-0.0784179,-0.04667241,-0.06659457,-0.06852805,-0.08706018,-0.06653869,-0.062305976,-0.014731556,-0.10030827,-0.06069627,-0.06556983,-0.0043497714,-0.06351657,-0.026688412,-0.049585912,0.0028943687,-0.05621531,0.05565666,-0.031969093,-0.021553727,-0.07012024
-0.0028253996,0.049641974,0.017312407,0.045834824,0.044772938,-0.007949056,0.022606678,0.018326545,0.052872613,0.041253053,0.017898843,0.019076733,0.011369237,0.060489263,0.04622802,0.008648594,0.03855643,0.057240948,-0.018101435,0.007152464,0.024109293,0.027071511,0.02538847,0.017229013,0.06689621
0.02284149,-0.06510623,-0.036885615,0.016191697,0.066728406,0.026364453,0.06559023,-0.046830308,0.029974353,-0.04033189,0.03437754,0.029684305,-0.045284737,0.018664947,0.060562577,-0.031564333,0.0007936479,-0.033248775,-0.017629523,0.0318062,-0.003518783,0.015346192,-0.031076273,0.048970852,0.037573807
0.012816876,0.041911963,0.061432343,0.06443713,-0.0591427,-0.04753989,-0.032305732,0.034209467,-0.0797318,-0.030292278,-0.04079798,-0.055744756,0.032317743,-0.04863646,-0.030090135,0.060687896,-0.06359615,-0.044784732,0.032882333,-0.024397498,-0.07029696,-0.05295464,-0.06888636,0.018215587,-0.02810046
-0.02080296,0.012073018,-0.01811404,0.057447065,-0.025089413,-0.072670296,0.0049561947,0.050871737,0.06920544,0.039467067,-0.006112494,0.03605633,-0.06038474,-0.01524138,0.050041076,-0.06334811,-0.021048294,0.0068916753,0.03221188,-0.06941153,0.048823636,0.02617884,0.050641917,0.052948497,0.03531853
-0.061089065,0.07099657,0.008675124,0.07767006,-0.0613631,-0.032283235,-0.0687509,-0.04553506,-0.080644965,-0.0724589,-0.015706003,-0.02577683,0.03951921,-0.06667796,-0.050978336,-0.065778054,-0.03358303,-0.04119574,-0.0042730314,0.04742821,-0.07245889,-0.033832353,0.062021375,-0.01928261,-0.018206177
0.08133723,0.02658073,0.036273118,0.03871942,-0.0032812369,0.029326571,0.015127855,0.016005605,-0.02968958,0.061050713,-0.01395738,0.013856856,-0.024103362,-0.021108482,0.03748689,0.051179014,0.027211105,0.010222591,-0.006548623,0.020324752,-0.043537647,0.026906932,0.00018411601,0.0046609226,-0.02330201
-0.022087775,0.072770745,-0.06801588,0.052059613,-0.047197785,-0.033659324,-0.05923404,-0.07805608,0.06494403,-0.01806873,-0.03424804,-0.008515154,0.05205712,-0.073141076,-0.07562105,0.052230127,0.019292498,0.0694901,0.07079021,0.006518098,-0.0036508404,0.016171776,0.029083958,-0.03828348,-0.014197847
-0.004927105,0.026417052,-0.036485396,0.048937548,-0.05392252,-0.05516406,-0.065823905,-0.076564424,-0.07955519,-0.070692,-0.018041402,0.031359844,-0.06597827,-0.035616282,-0.01291196,-0.072988145,-0.04368326,-0.05149425,-0.02711074,-0.06331396,0.013656655,-0.04006556,-0.08948287,0.058146335,0.005905427
0.052202985,0.0046524466,0.06796732,-0.07308354,0.06845327,0.049015675,0.025816834,0.031984597,-0.031004814,-0.04708709,0.07457302,0.047981083,0.07350204,0.08585084,-0.011816535,-0.005292321,-0.037306946,0.04307537,0.025987431,0.046102796,0.07455553,0.044222467,0.0027415014,-0.079233974,-0.024811773
-0.027409393,0.054988217,0.008213499,0.079415165,-0.06679923,0.023353776,-0.042955976,0.040115554,-0.041493,-0.08389887,0.06106566,-0.04739731,0.0009871738,0.087829694,0.06923366,0.008132989,-0.07449929,0.022048032,0.00110039,-0.04798086,-0.049032584,-0.043937553,-0.018547546,0.028988326,-0.011255532
0.027037157,-0.017895583,-0.026012458,0.017763842,0.019536022,0.017847998,-0.0027032748,-0.03230474,0.016793912,0.057572965,-0.007137592,-0.041122872,-0.05709212,-0.02987111,0.017721424,0.050641295,-0.0245301,0.040163707,-0.024167337,0.037138097,-0.012898263,0.041310523,-0.03182981,-0.03457845,-0.056404695
-0.04025732,0.046972614,-0.003277226,0.013772455,-0.034624767,-0.08382396,0.024062015,-0.015324013,-0.019660858,0.00180489,-0.07150616,-0.040672116,-0.02901557,-0.049381252,0.007939242,0.035523545,-0.03464562,0.022727761,0.07107248,-0.042958513,-0.08995037,0.005043081,0.05019285,-0.030309377,-0.030853543
0.08446277,0.049574055,0.016632425,0.068169884,0.051598895,-0.0025150669,0.03387178,0.048835054,-2.9773526e-05,0.06714483,0.039166085,0.06661792,0.0011903245,0.048142806,0.039472125,0.04019744,0.044651374,0.061033607,0.068786435,0.06002776,0.050915666,0.0722819,0.024036903,0.06539487,-0.054481063
-0.07124488,0.047892705,0.05603227,0.063602656,-0.011943887,0.070745215,-0.00087262545,0.024700897,-0.033232074,0.05472126,-0.01493347,0.0864041,-0.028349878,-0.014696664,0.052050155,0.025434703,0.061753552,-0.010869868,-0.00096898427,0.0108978925,0.029070154,-0.025436256,0.08148029,0.05618545,0.053960077
-0.011962438,0.027262785,-0.041850343,0.012362968,0.06058941,0.015784701,-0.017910045,0.017467864,0.05384476,0.059192017,0.0005258475,-0.011178837,0.065997764,-0.00322887,-0.037255757,0.003285536,0.06074699,0.03658911,-0.030825445,0.022530537,-0.046546508,-0.02288223,0.008478891,-0.02064671,0.012490103
0.07844147,0.067046866,0.051733557,0.03100587,0.040928163,0.048056357,0.031863794,0.03909734,0.07368543,0.07298641,0.06182349,0.022467883,0.007263391,0.046355665,-0.010102103,0.07058463,0.046222936,0.025226086,0.06979085,0.033126194,0.04518592,0.07175738,0.071116045,0.045195315,0.04398985
-0.036672857,0.025915055,-0.024178728,-0.062445074,0.07132094,-0.009933444,-0.001074117,-0.012054947,0.03583765,0.0325422,-0.015002757,-0.004431501,-0.009795458,-0.044412956,-0.037628777,0.08230565,-0.02104492,0.016848972,-0.012060391,-0.037078597,-0.006714117,-0.033494655,-0.016673705,-0.08024385,-0.026405523
0.08052202,0.032702442,0.06865269,0.061312437,0.04232801,0.06469976,0.06562593,0.069502436,0.07173117,0.05736838,0.020687247,0.043201562,0.09046614,0.019492043,0.036450006,-0.038323786,0.060965214,0.03793309,0.07069236,0.044527944,0.055418264,0.058028627,0.1079559,0.04387031,-0.023385568
-0.051945336,0.07433055,-0.008098809,0.051734045,-0.0717177,0.08056457,0.031476602,0.02675855,0.04621837,-0.028958514,-0.007307935,0.030089077,0.05112239,0.046008863,0.011916666,-0.056297548,0.07521134,-0.052308593,0.029990263,0.04111779,-0.025362784,-0.024651948,-0.050096292,0.040751837,-0.06399362
-0.05474873,0.02864351,-0.013896327,-0.035134755,0.07153265,-0.04729547,0.00981826,-0.07438537,-0.06286595,-0.060534623,0.018296465,0.0470206,0.090288274,0.0081899045,-0.00079531426,0.022061523,-0.064451106,-0.047295228,0.02636,0.026082065,0.08374134,0.018495036,0.0525362,0.027599828,0.06512032
0.04939484,-0.06089154,0.017401466,-0.025144037,-0.012465194,-0.047430072,-0.046694577,-0.02668006,-0.0033904193,0.026563482,0.0030972515,-0.08112571,0.028612666,-0.009190508,0.023591692,0.040905662,-0.03511907,0.029552668,-0.0071810237,-0.027336037,0.005314234,-0.07453078,-0.07314799,-0.04086691,0.038827967
-0.067342125,-0.033381794,-0.057151288,-0.064427204,-0.022528352,-0.0057934714,-0.013751422,-0.07215607,-0.057303462,-0.06324646,-0.046806425,0.041859962,-0.061609536,-0.043372214,-0.046754636,-0.044019163,-0.045636635,-0.07515659,-0.072193146,-0.032859955,-0.036622692,-0.055189323,0.0322252,-0.068744,-0.03331679
0.09259111,0.07978177,0.07899926,0.07608914,0.044270452,0.031686947,0.054269377,0.009324697,0.07903338,0.08064358,0.08479216,0.061922397,0.065162376,0.041770294,0.010614284,0.076220326,0.060000777,0.068763964,0.04409879,0.08524703,0.058136076,-0.0068080355,-0.009011619,0.07565423,0.005434862
-0.012231681,0.019549834,-0.026205417,0.0013666186,-0.03667674,-0.060528483,-0.02726583,-0.027675245,-0.018545799,-0.046046004,0.031849697,0.032494277,-0.027750764,7.957084e-05,-0.054558054,-0.046415463,0.022098448,-0.05976243,-0.041112937,-0.0421697,-0.027914114,-0.03690093,-0.039833132,-0.015139543,-0.045596417
0.0826902,0.022946525,-0.05107464,-0.05015281,-0.017295916,-0.035361536,-0.050457247,-0.01876918,-0.05083128,-0.04775502,-0.06764763,0.0042080516,-0.07653011,-0.020503923,-0.012092858,-0.04745011,-0.0071146935,-0.039048158,-0.029473545,-0.063865006,-0.028963527,0.006286125,-0.05457382,-0.023892062,0.0129546225
0.007506351,-0.045050528,-0.0026658855,-0.009623379,-0.04371609,-0.059269913,-0.054548383,0.050092325,-0.035998214,0.05802983,-0.027627017,0.03325279,0.0023498095,-0.041919746,-0.014355998,-0.04535552,-0.0031276515,0.02683402,0.0006501105,0.030607533,-0.055248793,0.04570253,-0.027475167,-0.06354829,-0.06499657
0.057042666,-0.0057007098,0.0017511176,-0.012518032,0.041019086,-0.07356378,0.012763289,-0.059104104,0.034169886,-0.042716682,0.027814522,-0.05819305,0.024127003,-0.035483815,-0.078702755,0.07069435,-0.054917067,-0.062382776,0.032193914,0.040212,-0.059678793,-0.067242436,-0.016929984,-0.058509547,-0.070794076
0.0699844,0.03237753,0.049291655,0.05755643,0.03785026,0.08118021,0.02500265,0.068044946,0.07596521,0.06451305,0.08591666,0.11559144,0.095872276,0.048305966,-0.001905913,0.039852627,0.049792625,0.03265869,0.028085822,0.07656336,0.06275353,0.06999767,0.10575442,0.04428205,0.058478147
0.039963506,-0.051348947,0.06336624,0.013402965,-0.036727246,0.07363996,0.02505135,0.044062555,-0.022578184,0.007366821,0.056735095,0.014363422,0.00065718853,0.05270577,0.01949081,0.0035977485,-0.04779865,0.052344617,0.021622047,0.054333672,-0.022886582,-0.033978168,0.03831606,0.013604376,0.046473734
0.08103783,0.041911732,-0.009447929,0.015473166,0.03955095,-0.024493637,-0.03023244,-0.03666516,-0.03103278,0.02670166,-0.0059132623,0.012247112,-0.02758552,0.024341099,-0.009429016,-0.023935603,0.04886342,-0.04441924,-0.04455658,-0.028511656,-0.042457733,0.014935126,-0.02093624,-0.0014928689,0.03155163
0.002961558,-0.0031961747,0.03516136,0.030489206,0.011393084,0.07547803,0.0065008365,-0.056858514,0.00788079,0.06558089,-0.0015063114,0.02928858,0.022021456,-0.049959876,-0.010733248,0.0011384262,0.045014955,0.028707484,0.011948294,-0.015790146,0.035132904,0.0014924863,0.018400976,0.06422917,-0.018248508
-0.0589127,0.065715894,0.016685866,0.057826813,-0.028766876,0.034361403,0.044180535,0.021554517,-9.391113e-05,0.02545353,0.05488011,0.04635051,-0.0042066704,0.051760603,0.04113865,-0.028339738,0.031447582,0.052054204,-0.03761101,-0.00782678,-0.011415118,0.02662243,-0.0037701314,0.05115608,0.06917229
0.035111297,-0.03801897,-0.055668175,0.0037275197,0.07132748,-0.024410544,-0.015874283,-0.07763772,0.023022577,-0.066320375,0.024801228,0.010389685,0.056889683,-0.04307046,-0.07278241,-0.06362113,0.015116721,-0.0652586,0.01367892,-0.033174008,-0.059231505,-0.08018627,-0.08040273,-0.019233173,-0.078267805
0.042816278,0.08081621,0.021502659,0.03861924,0.046467748,0.065282874,0.055158876,0.02849858,0.04181366,0.032595225,0.06564764,0.0062591466,0.015012778,-0.008599588,0.029531134,0.047469944,0.01698104,-0.038656306,-0.06257577,0.061600287,0.0024991366,-0.022418655,0.006756058,0.056541577,-0.04332583
-0.03890695,-0.038594406,-0.037038475,-0.040212225,-0.032835886,-0.0021900611,-0.05276796,-0.07723327,-0.05288276,-0.027488837,-0.017350545,0.02034399,-0.047537543,-0.079834074,-0.02426319,0.015174357,0.041238524,-0.059076857,-0.01701915,-0.01136106,0.039879244,-0.07356754,-0.07601322,0.031377543,0.016074687
0.050542384,0.029613212,0.011987077,-0.018968606,0.052123085,0.007739562,-0.069963224,0.04373364,-0.05089928,-0.064546145,0.026923832,0.06855106,-0.038519118,-0.0016295318,0.017060958,-0.071498185,-0.0041449447,-0.006557882,0.00683204,-0.058699246,-0.030178662,0.03518437,0.04777145,-0.030870855,-0.055238217
-0.051541675,-0.00787288,-0.035528164,0.06001696,-0.0061086905,0.06372461,0.037415452,0.043364927,0.009666348,-0.07486811,-0.07861107,0.055803686,0.041622367,0.07733388,-0.038724273,0.0522069,-0.047761634,0.06890395,0.016239572,-0.004845053,-0.08572225,-0.05207296,0.044082902,0.027967134,-0.03249957
0.0061896215,0.03594092,0.04328572,0.00889032,-0.024559561,-0.03545273,0.07464515,0.059576,-0.019082502,-0.056001525,0.01576029,0.0022219897,-0.035153303,0.030594032,0.03836069,0.013918259,0.011646399,-0.06794926,0.01458953,-0.06989881,-0.013949498,0.07100397,0.031548247,-0.0016640229,-0.06621619
-0.044379707,-0.08150909,0.013688457,0.010472609,0.043024104,-0.009340656,-0.056431975,-0.052109756,-0.07010712,-0.055478405,-0.015851391,0.03439838,0.013612737,-0.0674259,-0.07092044,-0.07741831,-0.0002444761,0.0020535204,-0.05797427,0.0033219338,-0.027184865,-0.079672724,0.059918404,-0.01877839,-0.0461839
-0.020360136,-0.05256429,-0.023170881,-0.07756738,-0.01673347,-0.0013170028,-0.0005277391,-0.07150592,-0.03649594,0.058156926,0.021658357,-0.038714767,-0.076237574,-0.04350151,0.0048067877,-0.080838636,0.040714525,-0.077211514,-0.07672932,-0.05383831,-0.011853666,-0.005618789,-0.04802362,-0.015406352,-0.068584174
0.060915865,0.03712754,0.04351505,-0.021099916,0.045635283,0.0043362402,-0.03327397,-0.025642037,-0.008096792,0.027447581,-0.011897242,-0.01028546,-0.060641807,0.018624792,-0.017564464,0.012184983,0.07452636,-0.028005823,-0.0137392115,0.03769763,0.0522934,0.04565238,0.012084123,0.033291534,-0.031568997
-0.011013741,-0.009074308,-0.017240738,-0.016793234,-0.064249106,0.0028286153,0.052860953,-0.044329554,0.014963993,0.056618176,-0.030307673,0.0018363467,-0.06487809,-0.054982122,-0.018484741,-0.024167372,-0.028173707,-0.062258273,0.06290249,0.049587853,0.010917501,0.05688963,-0.04425463,0.05843442,-0.034854766
-0.03245449,0.07171021,0.012028533,0.057552736,0.031189032,-0.039539777,0.02820396,0.046990637,0.023626352,0.024531187,-0.03671191,0.0034259476,0.0031210685,0.028792795,0.029703503,-0.0054307277,0.03559973,0.05010786,0.057523463,0.0011711005,-0.05372049,0.03733025,0.0016873467,0.048698924,-0.018931985
0.088592984,0.021855002,0.02173656,0.02072113,0.0195759,0.04788884,-0.051534995,0.043781973,0.07576887,0.014000997,0.06956702,-0.038794037,0.059887502,0.010295991,0.0005401185,0.011533793,0.06351229,0.055046108,0.049739905,0.003527104,0.05575415,-0.043451693,-0.010549072,-0.009980524,-0.02321869
-0.051989216,-0.0534459,0.03940829,-0.022926485,0.021292191,-0.01222403,0.049237836,0.06931026,0.044904944,-0.052527867,0.011137178,0.0055055628,-0.0101030115,0.053152964,0.040156055,0.0036760243,-0.05747144,0.009970944,0.004611971,0.018177005,-0.01899675,-0.04094248,0.00023075688,0.06649525,0.008581471
-0.07181777,-0.06228449,-0.05435782,-0.06664134,-0.059629858,-0.06698283,-0.042213712,-0.039988663,-0.01379748,-0.066075735,-0.05116516,-0.10205696,-0.07320842,-0.0013193197,-0.019161701,-0.052091256,-0.07470019,0.032812323,-0.008045158,-0.056848403,-0.03163279,0.013082643,-0.07045135,-0.07565398,-0.030917307
-0.05323212,0.04034778,0.010253122,0.020245135,-0.024192145,-0.035866715,-0.035005495,0.046312355,-0.004227349,0.037264206,0.04694767,-0.014849359,0.045281652,-0.010791703,-0.034017015,0.019844973,-0.02876834,-0.012552205,-0.03986886,0.010161435,0.0030261623,-0.0190359,-0.03714084,0.011739343,-0.016299414
-0.05962342,0.055480763,-0.028233605,0.026637957,0.01495325,0.003811868,0.03425367,0.052725688,0.046849217,0.009064357,-0.034873195,0.06121164,0.039436165,0.07833923,0.034064814,0.042097323,0.04959519,0.057422772,0.053930953,0.030730875,0.053070895,0.064621106,0.007193149,0.058550823,-0.015770536
0.053249743,-0.011646601,0.07451307,0.05804614,0.030767633,0.0702073,-0.035682693,0.05962796,0.0040277224,0.027697291,0.072068535,-0.05713346,0.057128932,-0.0076166815,-0.018415993,0.06281177,0.019978434,0.040770754,-0.029263593,-0.008120335,-0.03458911,-0.011665004,0.020941675,0.05460549,-0.014477297
-0.07236839,0.010720384,0.0552795,-0.06834677,-0.006097358,-0.0058724973,-0.018940164,0.06680664,0.0036691257,0.006453135,-0.038398318,0.006261617,0.014565116,-0.002168581,0.019905975,-0.06622366,0.027820162,-0.043946106,0.030279852,-0.017950855,-0.013837728,0.04753063,0.032923263,-0.038908478,0.04132835
0.0053851088,0.07181824,-0.037179846,-0.01602386,0.026724214,-0.027262311,-0.015313955,0.022914503,-0.01427123,0.06431535,-0.008076476,-0.011649006,0.02132967,-0.0047351266,0.005112788,0.035898894,0.05621431,-0.021681001,0.07290541,-0.009708826,-0.026667159,-0.038724426,0.0020249262,0.012513349,-0.043557014
0.024584865,0.050369997,0.02637045,0.063496985,-0.0013408444,0.061920337,-0.044166658,0.036671232,0.015366229,0.04447403,0.07918365,0.03607092,0.06321379,0.039794665,-0.021464014,0.06807444,-0.015967926,0.044460278,-0.01352791,-0.016996143,0.07860831,0.01761076,0.023775889,0.06119307,0.036877476
-0.06357548,-0.02414516,-0.029986959,0.0060324287,0.0588079,0.052899126,0.039168242,0.026474321,-0.009263566,0.0076297033,-0.028189423,0.052729268,-0.011178667,0.0042219614,0.025545582,0.011878896,0.063548006,-0.06607933,-0.024916396,-0.023128422,-0.06039028,0.032314505,0.021083752,0.010623948,-0.07248958
-0.063493386,0.010009153,-0.013621186,0.02569437,-0.043926798,-0.055246945,-0.05157016,-0.040506616,-0.02191682,-0.01797374,-0.038800716,-0.013265822,-0.056944493,-0.069303304,-0.04675108,0.005534609,0.020466171,-0.033654522,-0.040881615,-0.00035546525,-0.0555323,-0.071124844,-0.08024319,-0.023343196,-0.056014225
-0.082049325,-0.0734025,-0.05157153,-0.05281929,-0.0635547,-0.04129139,-0.03261309,-0.075055465,-0.08141459,-0.08669185,-0.07406069,-0.02193845,-0.071127675,-0.059299048,-0.05127073,-0.06830898,-0.06277929,-0.014697302,-0.08162704,-0.029168407,-0.055724736,-0.056642476,-0.03424715,-0.03731885,-0.050382428
0.05460679,-0.033948988,-0.031692024,0.023568384,-0.018736918,-0.010298282,0.017325927,0.014504869,0.086015314,-0.08575836,0.063405395,0.0021390037,0.08203932,0.07874576,0.07735425,-0.009739437,-0.023222947,0.06952787,0.018854223,0.036691524,0.04651417,-0.021489305,0.04302396,0.02843135,0.07039878
0.05402615,0.057937313,-0.017486557,0.017477177,-0.050697636,-0.053976413,0.029497575,0.013993931,-0.022679774,0.0046572895,0.02558769,-0.014973937,-0.020745035,-0.0098666055,0.020623358,0.07154533,-0.012946144,0.002472373,-0.01375771,0.044904675,-0.07768701,0.07867428,-0.033281304,-0.07277224,-0.05969129
-0.039509982,0.036646284,0.05407184,0.006961119,0.058488756,0.011730835,0.025324266,0.006649936,0.040041097,0.07169642,0.010535731,0.0044183843,0.044238474,0.06680599,0.048151266,0.008825715,0.07473182,0.05500974,0.07591079,-0.0057537667,0.0100185005,-0.036785346,0.054927353,0.0042218436,-0.01483318
-0.026266582,-0.025255283,0.030074941,-0.009051582,0.072259456,-0.07577795,0.055769246,-0.00022020823,-0.040469766,-0.015589146,-0.055340577,0.026026828,0.015890026,0.0346857,-0.06921679,-0.018374424,0.0021150098,-0.06640109,0.032926448,-0.048745554,-0.055035952,0.039526153,0.020337153,-0.03905593,-0.050279967
0.06706429,-0.035366543,0.043561526,-0.047896583,0.008024889,0.0366495,0.079495795,0.014238286,-0.035845753,-0.024193667,0.076754436,0.036364347,-0.018302744,-0.06761878,-0.06317696,0.008757863,-0.011871138,-0.050157864,-0.045968175,0.043856677,0.0674096,0.018998655,0.0037456532,-0.015910748,0.071449004
0.016741196,0.07576562,-0.02167923,0.05210164,-0.059407305,0.009418012,0.08573377,0.039337743,-0.06422202,0.010946699,-0.0015275803,-0.0077382657,0.013169408,0.050818447,0.07329451,0.047038104,-0.020550871,-0.06645487,0.04625172,-0.018485159,0.0030924412,0.03843277,0.029857911,0.009237638,0.031167628
-0.055000205,0.044661574,0.05254979,0.035408422,0.031733412,0.06978142,-0.03171,0.008011225,0.021905983,-0.01261842,0.0240563,0.07881577,0.057095967,0.032497887,0.014537994,0.06207507,0.032721244,-0.00871882,-0.013263353,-0.030261256,0.023134353,0.06841858,0.043734837,0.01929193,0.050735276
-0.02257632,0.015483308,-0.022221271,-0.014533165,-0.015448002,0.037628673,-0.018692417,-0.0011609702,0.0053673666,0.03401956,0.042707715,0.05430857,0.060596943,0.00405632,-0.071087785,-0.03890637,0.0057499553,-0.03560476,0.016504593,0.030692076,0.055490308,0.006628573,-0.037237942,0.025559042,0.03747585
0.030670006,0.07735736,-0.032761253,-0.07366693,-0.03698689,-0.01364037,-0.0026407174,0.04989306,-0.015215386,0.047720656,0.01848194,-0.031905998,0.06673282,-0.0053494684,0.07059728,0.053042985,0.043441806,0.07165181,-0.01826699,0.02215655,-0.04263441,-0.043048974,-0.0051829796,-0.028945284,-0.045186687
-0.032372873,-0.009628906,-0.049035016,-0.050523136,0.012155217,-0.0750038,-0.0007562771,-0.027129909,-0.04027523,-0.03930133,-0.07879327,-0.013361854,-0.047058262,0.075240806,0.069591366,-0.05633633,-0.037299015,-0.075548336,0.016905693,-0.06517776,-0.04657102,0.018552415,-0.022731246,0.014548571,-0.060386237
0.03204517,0.045036394,0.06013689,0.015114878,0.073389396,-0.016619977,0.027554804,-0.04789346,0.06406217,0.049736653,-0.043310896,0.043071456,-0.0140471,0.04217785,-0.0019344535,0.006680398,0.06013033,0.009363419,-0.058340374,0.05779137,0.06525829,0.027517896,0.03168621,-0.016523587,0.047508243
0.035167698,0.054792136,0.043956913,0.043031126,0.01563026,0.021348339,0.062062945,-0.011541253,0.06970416,0.043020446,0.041871373,0.030497944,-0.017085832,0.031545456,0.054195262,0.040889718,0.06510607,0.046848655,0.058092292,0.026553253,-0.004277203,0.011513562,0.02686074,0.01550992,0.06330973
-0.08144799,0.05158329,0.014183867,0.063408315,-0.015471025,-0.003946277,-0.025159925,-0.032173846,0.0030690809,0.07394288,0.072579406,0.115813226,0.02083117,0.0014021083,-0.040413436,-0.015007978,0.012517704,-0.048280876,-0.019608261,0.018944599,-0.023759125,-0.06275178,-0.031489342,0.0727651,-0.072834946
0.067574695,0.07664349,-0.027640358,0.08000306,-0.0659604,-0.06898421,-0.04057411,-0.004088098,-0.016619086,-0.054496482,0.017578132,-0.028947785,-0.063804306,0.065289296,0.007069053,-0.0035730633,0.053684942,0.058018096,0.07363554,-0.06790005,0.073260434,0.06976589,0.05935449,0.077759154,0.0046138302
-0.045221798,-0.0155167,-0.07675509,-0.036511734,-0.04133891,-0.06344088,-0.05637641,-0.009733767,-0.06827814,-0.060833532,-0.033219717,-0.11241264,-0.05009806,-0.024556544,-0.041634593,-0.07395634,-0.07742702,-0.061335295,-0.07047742,-0.066571124,-0.058175303,-0.030074513,-0.08394138,-0.06597287,-0.045724813
-0.057472516,-0.054027054,-0.0024321827,0.016541645,0.01169981,0.065372415,0.017800286,-0.03857272,0.006143097,0.034633163,-0.021285973,-0.032560807,0.027629314,0.005885937,-0.013917149,0.054568443,-0.014690769,0.020880347,-0.025151137,0.043344427,0.06401542,0.07289497,0.063640706,0.03468693,0.03533151
0.036605828,0.042887077,-0.009441677,0.018346373,0.030867577,0.044023592,0.033564862,0.066303276,0.046972547,0.03478729,0.038578447,0.07273553,0.05685067,0.032305308,0.05989284,0.050546423,0.011830255,0.03916491,0.023148315,-0.016312918,0.047754664,0.050713077,0.09528218,0.030790174,0.012845188
0.040099517,0.031136468,0.0513827,0.020055285,0.021533854,-0.031382907,-0.078372054,-0.04771264,-0.036356293,0.06729355,0.048118293,0.016813224,0.06823311,-0.08710615,-0.08293181,0.0009884957,-0.023888765,-0.053150784,0.029529905,0.033653643,0.0606842,0.035144854,-0.06885441,0.076820806,-0.06785731
-0.016891478,-0.011747195,-0.08488727,0.0045977053,0.012492263,0.0074956506,-0.039346576,-0.06714878,-0.03360479,-0.06404338,0.03345275,0.064789824,-0.0018507425,0.0056186346,0.015433665,-0.013174777,-0.050802205,-0.06434592,-0.027883746,-0.05998607,-0.07526063,-0.07903495,-0.0228379,0.04352615,-0.023642581
0.011222707,-0.017350502,-0.04027537,-0.01330535,-0.05665827,-0.020274185,-0.049565062,-0.06843686,-0.050601296,-0.010154447,-0.039015856,-0.038719855,-0.068903,-0.03344624,-0.03939639,0.049451396,-0.07100707,-0.05238889,-0.070212185,0.034955308,0.0048155067,-0.0006180738,-0.06723873,-0.019018533,-0.0728894
-0.00082969025,-0.018407347,0.068713665,0.002808754,-0.0034145059,0.0009022929,-0.020025408,0.059910886,-0.025401143,0.026262963,-0.030783232,0.03148787,-0.029557064,0.0472229,0.007325679,-0.0062454054,0.030011749,-0.026801802,-0.014948026,0.033236828,-0.04748798,0.04327995,-0.008568259,-0.02809359,0.024401898
0.02886315,0.031112162,0.025551243,-0.01393068,-0.08211275,-0.022793666,-0.077030525,0.030115996,-0.023673216,0.056121994,0.004411315,-0.036187656,-0.007341129,-0.06654378,0.07032331,0.0045791203,0.06312397,0.037635066,0.022652296,-0.089544654,0.031396285,-0.023511032,-0.012067909,-0.035740163,-0.050152346
0.08554266,-0.044520777,0.07676161,-0.056867704,0.07335922,0.01324157,0.03004868,-0.011301437,0.08158891,0.0024629377,0.08997657,0.058772683,0.06284459,0.07825199,0.032894548,-0.06081526,0.01837517,-0.043707732,-0.02861694,-0.01776391,0.07852623,-0.07257606,-0.0054023406,-0.057510763,-0.0016084291
-0.0058716238,-0.06428565,-0.0140092345,-0.04058823,-0.037698727,-0.052928444,-0.039683517,-0.0017607072,-0.008358602,-0.052612167,-0.010998101,0.05347164,-0.005374062,-0.048255593,-0.04633257,-0.068918124,-0.0159929,-0.03341334,-0.06412622,-0.03281353,-0.010473853,0.02716142,-0.049375895,-0.0302248,-0.024146259
0.021942584,0.053973187,-0.045280784,0.011021132,0.04836905,0.034847364,0.018604897,-0.01783367,-0.010109936,0.049055096,-0.004624986,-0.00039960007,-0.046394184,-0.03470686,0.044336163,0.0464719,-0.0554816,-0.053299747,0.024863768,0.03431824,-0.046205837,0.0376621,-0.030507104,-0.0063143065,0.017013187
0.05359985,-0.016149439,-0.040076606,-0.0004398261,-0.044467688,-0.06988673,0.05043067,-0.005161671,0.012490402,-0.031511888,0.05902496,0.036410786,-0.0135774445,0.022296015,0.04250659,0.0066398587,-0.020211827,-0.05139616,-0.03421892,-0.028950347,-0.021008387,0.0036443106,-0.0408058,-0.021157213,-0.050752528
0.018189296,0.038833253,-0.0014364808,0.04220083,-0.04586159,-0.021428574,-0.034340397,-0.04490501,-0.0105796885,0.00036897566,-0.034241326,0.024882104,-0.028307524,-0.026894892,-0.014143175,-0.012558586,-0.021397443,0.013970155,0.025581244,-0.03366696,5.4449574e-05,-0.004210158,-0.05045786,0.03423521,-0.0059166104
-0.012836742,-0.01654129,-0.07336466,0.050544627,-0.0037723708,-0.026398262,0.01296674,-0.048130188,0.0040134666,-0.046310447,-0.058649175,-0.067634165,-0.039116297,0.007014171,0.040714603,0.061312687,-0.015558404,0.027432855,0.03145802,-0.0016887042,-0.007124214,-0.022112353,0.017951408,0.06077463,0.03656576
-0.009292026,0.033535175,-0.061169643,-0.059103105,-0.06677631,0.0056337896,-0.006754436,0.024424084,0.0051553533,-0.028288685,-0.02757208,0.018387923,-0.012542544,-0.003313472,0.020415321,0.0067881607,0.036600348,0.044690795,0.0798381,-0.028628808,-0.04054976,-0.058344245,-0.012938232,-0.05376748,-0.057864703
0.019928593,0.0033232286,0.07387518,-0.058485415,-0.04606594,0.04897181,0.049161367,0.056244258,0.02560428,0.05266052,0.015899263,0.04627534,0.013048036,0.060951814,0.03295798,0.013547288,0.02527001,0.05316129,0.0017748921,0.065934114,0.05173745,0.0004363577,0.050734192,0.01976308,0.063780494
0.044215307,-0.029252157,-0.0643566,0.014276469,-0.029411199,-0.044602975,0.015132138,-0.0161543,-0.021734055,-0.050994113,-0.041174635,-0.11878018,0.020614272,0.013791754,-0.041027583,0.033130653,-0.08332588,-0.016356347,0.012604287,-0.03570093,-0.009176494,-0.054388583,-0.05107696,0.008919964,-0.01248124
0.039287426,0.009982179,0.068393365,-0.03895638,0.004191065,0.045316268,0.077764384,0.05097821,0.060663022,0.027173331,0.056518424,0.015941348,0.018788015,0.07889406,0.016908154,0.03342746,0.031236652,0.037701108,-0.04251156,0.040622946,0.08282688,0.05996415,0.041133966,-0.020360092,0.06428142
-0.057933584,-0.07565841,-0.06696965,0.0036348265,-0.050369006,0.011030627,-0.0016842663,0.016352657,-0.049273077,-0.07679267,-0.024617448,-0.040656198,0.017041435,-0.07257256,0.016618052,-0.014247391,-0.034452807,-0.036741365,-0.013702784,-0.031011667,-0.060054317,0.0036670521,-0.08019027,-0.04355594,-0.08209653
-0.0021128778,-0.015445192,0.016836114,-0.038188864,0.05928352,0.021748543,-0.06610748,-0.023239382,-0.010361972,0.017399881,0.0341403,0.01133939,0.016149012,0.01690082,0.016973479,-0.059941635,0.009757265,0.02255194,-0.0701732,0.0071244193,0.026525162,0.0073253596,-0.00538612,0.0020560313,0.020734547
0.060704082,0.033333015,0.04206323,-0.0032298204,0.03346905,0.0021280365,0.031958617,-0.03734236,-0.03297542,-0.016889716,-0.031185048,0.022581507,-0.07856387,0.0038103142,0.034068953,0.020749269,0.03871275,0.06550365,0.032669533,-0.0526327,0.059068255,0.03780908,0.038223397,-0.0066373223,0.017197547
0.07987403,0.05894413,0.0049970043,0.013290835,0.021986883,0.0158145,0.07419826,0.013721636,-0.02449002,0.07433277,0.011608316,0.054351266,0.030346224,0.06305555,-0.026581217,-0.010889185,0.022022923,0.022649,0.034029447,0.021762481,0.01463786,-0.03573971,0.01501143,0.0166653,0.0675118
-0.081296325,-0.08000136,-0.08826759,-0.0794319,-0.0802145,-0.088100955,-0.08640984,-0.08866912,-0.08590921,-0.08831881,-0.08951017,-0.14137426,-0.10086333,-0.09857271,-0.08139836,-0.078499965,-0.088788845,-0.082961135,-0.08416606,-0.088722795,-0.088888116,-0.08941607,-0.12920497,-0.075167716,-0.082849644
-0.011356266,-0.0099685835,0.0559309,0.02523692,-0.005311116,-0.00064319564,0.030458448,0.016503025,0.036571395,0.021448473,0.003112414,0.010126804,-0.02892324,0.04252912,0.03988275,0.029299041,0.054193564,0.020031948,0.029342132,-0.009738219,-0.014717913,0.050625313,0.066505365,0.019240122,0.035675995
0.023890687,-0.037036058,0.049138673,-0.0005026299,0.06221248,-0.0071044015,0.08060229,0.026146963,0.08365042,0.03429096,0.030276258,0.035521735,0.010800712,0.061273973,0.06441544,-0.041985694,0.040529348,0.058748484,0.052279245,0.02885461,0.050997507,0.07747528,0.058259528,0.002006928,0.08257752
-0.048156653,-0.048365053,0.04556747,-0.00076312217,-0.04528674,0.079692386,-0.0417348,-0.00053639896,-0.045383632,-0.0775907,0.03489497,0.010643466,-0.026084894,-0.029651,0.025279175,-0.046812985,-0.044414636,-0.03937527,-0.043365322,-0.035614215,-0.05553044,-0.07526781,-0.09412352,-0.01440332,-0.082510255
0.010349557,-0.0030325279,-0.0126164295,-0.06296987,-0.0017675442,0.0024013226,0.019074934,-0.036882304,0.024500387,0.0069704154,0.013001861,0.027744778,0.009365921,0.041996643,-0.06900184,0.079097964,-0.04772092,-0.03228647,0.063401796,-0.0055129356,0.06209349,-0.05354009,0.010319498,0.07643536,0.00067269884
0.007316737,0.024294501,-0.02871032,-0.0075882655,0.018909538,-0.055295546,-0.044992443,-0.035086945,0.021908164,0.0020552813,0.0056812186,-0.053203404,0.027114285,0.018739533,-0.025225855,0.0077318703,-0.030179484,-0.022409556,-0.05835576,-0.0396597,-0.05153679,-0.050314765,-0.012572201,-0.04108247,-0.06024678
-0.03513858,-0.023928566,-0.0047682314,-0.03692439,0.00922874,-0.06877438,-0.0013945473,-0.01877516,-0.024103932,-0.018417342,-0.021824034,-0.063236415,-0.05775902,-0.013381558,-0.06348042,-0.059556715,-0.03168201,-0.024389692,-0.013266421,-0.073078915,-0.04409713,0.00031265433,-0.035291195,-0.04305854,-0.050746795
0.047582924,-0.0659519,0.007529385,-0.029359888,0.034631763,0.03753054,0.039232496,0.08570793,0.08685173,-0.02066887,-0.0081686955,0.07010584,0.09774155,0.05724435,0.034698978,-0.06855767,0.072443515,0.010183129,0.02952035,0.011542553,-0.06107045,0.07418182,0.01127009,-0.029286187,0.044109207
-0.012595794,-0.07447284,0.011049581,-0.06738957,-0.061059732,0.012256328,0.044363137,0.0042563705,-0.044000197,0.036715884,0.024213046,0.00052273954,0.038664315,-0.057001334,-0.04487058,-0.08171883,0.03691008,0.030228864,-0.074751236,-0.04181528,-0.04944497,-0.03249463,-0.031795487,0.026873762,-0.021938244
