Uncategorized,bird,bomb,bullet,cage,cannon,cigar,cigarette,coins,cross,fruit,grenade,heart,knot,license plate,mask,menu,money,parachute,passports,penny,saddle,shapes,steam,stethoscope,ticket,vegetables,wheel,whip
-0.067774996,-0.047559597,-0.055184886,-0.021604968,-0.02405422,-0.0567942,-0.03567398,-0.017997265,-0.06500794,-0.01973017,-0.046569873,-0.030475643,-0.059005536,0.04028483,-0.00081386894,-0.019200483,-0.074878216,-0.040921174,-0.051777247,-0.06035824,-0.019512843,-0.035733476,-0.045486886,-0.058374867,-0.06723006,-0.0510173,-0.03364026,-0.04799977,-0.0046627214
-0.030089652,0.013042739,-0.0020078016,0.01663577,-0.012806832,0.04525726,0.031505197,0.045746733,-0.03375758,-0.022770079,0.053188253,0.049998615,-0.030475667,0.001201972,0.014712057,0.023869336,0.04221527,-0.08184513,-0.041413732,-0.06948258,-0.04886137,0.04246645,-0.010732473,-0.012164883,0.040478945,-0.04737927,0.0053867083,-0.03006897,-0.015470407
0.0155524565,0.081152044,-0.023827547,0.024246706,0.07973746,0.024692755,0.026978245,0.046387795,-0.048149753,-0.0023279667,-0.011168744,0.023896407,0.0038084588,0.036994394,-0.053832296,-0.060403872,-0.0055550104,0.022349004,0.06296761,0.038566843,0.03947315,0.018622084,0.0024751294,0.049226508,-0.027697055,0.07016012,0.06907694,0.056947753,0.008929497
0.00094282033,0.052676525,0.020442195,0.046094373,0.04709814,-0.0017295702,-0.0055595413,0.019395974,-0.021262847,0.019323125,0.04462585,-0.016533831,0.060693532,0.0718354,0.046253804,0.012649332,0.059866548,0.035118863,-0.02714136,0.052412324,0.008095752,0.04263283,0.070924036,0.04089159,0.049306434,0.003630127,0.003794636,0.070696175,-0.005127918
-0.011636863,0.030882267,0.028635908,0.04556961,-0.0076995012,0.053268157,-0.019900972,-0.035903785,-0.010180499,0.045502912,-0.0057004956,-0.013652599,0.016700726,0.033407047,0.061626874,0.037231583,0.012139167,0.03933579,-0.008244283,-0.0035436982,-0.0010289068,0.0043410934,-0.048067126,0.0005664867,0.06308445,0.021886,-0.06185474,0.0038676872,-0.048964854
0.054359604,0.033000648,-0.055854928,-0.04667537,0.05012177,0.024591675,-0.08225912,-0.08248888,-0.057468176,0.025255831,0.079521604,-0.003265883,-0.070038565,-0.03915243,0.004393294,-0.024762036,0.025719993,0.036518123,-0.02582319,0.061956,0.00086114404,0.045743413,-0.013156275,0.03862205,-0.026874982,-0.027943822,0.058008865,0.00945349,0.074883
0.04440494,-0.024393763,-0.017558962,0.045678657,0.04518666,0.023690967,0.0005774875,0.042458296,-0.057287805,-0.041959353,0.012239677,0.004482439,0.005066075,0.001414832,0.037183147,0.04733581,0.010251473,-0.05779675,0.063098684,-0.00802207,-0.0602589,-0.035178933,0.022048851,0.07070438,0.042406786,-0.020077337,0.053516943,0.050193485,0.04434527
-0.040211104,-0.049181577,0.04755296,-0.01734239,0.0070134643,-0.030932155,-0.025586521,-0.016586911,0.011686726,0.03907566,-0.026442137,0.04091476,-0.044054978,-0.010214885,0.049298257,0.041717615,0.027662685,-0.0303486,0.02986072,0.004783998,-0.03123157,0.0032537985,0.082354,-0.049100604,0.02604195,-0.04988541,0.011725934,0.0037405286,0.0032799207
0.02741284,0.04968751,0.00011030776,-0.032531604,0.02204348,0.053836197,-0.046066675,-0.07060607,-0.075330056,0.0057916776,-0.026334524,-0.061730802,-0.0010060717,-0.009635099,-0.017382868,0.06900239,-0.029197654,-0.018569974,-0.019787878,-0.047084887,-0.0032070293,0.007202359,-0.07003586,0.013004714,-0.033750612,0.03292948,-0.08076291,0.00012626483,0.040366594
-0.0062839403,0.065564275,0.026724022,0.028469918,0.012610867,0.019902797,0.044409696,0.058141943,-0.026291434,0.032160684,-0.0006232225,0.06536852,0.06395289,0.0657255,-0.07264064,0.046326004,-0.015105241,-0.0934821,0.0076285643,-0.078574665,-0.027872343,0.04255096,0.052535664,-0.03707112,-0.0003057803,-0.08540914,0.029602144,0.016177576,0.06193358
0.0062789433,0.07557674,0.06383656,0.07490692,0.07403628,0.050091766,0.0019971882,0.021736981,-0.03904037,0.048493344,-0.056605604,0.064973146,0.07389917,0.05478507,-0.021806479,0.07349899,0.04485903,-0.03691558,0.06407839,0.048535697,0.022554183,0.021453613,-0.00025809536,-0.028248426,0.07935626,-0.021490902,-0.00022312386,-0.0087251,-0.0017484038
0.044075772,0.01069766,-0.048925206,-0.030845296,0.0841016,-0.066398546,-0.0517844,-0.05837379,-0.066668734,-0.06105603,-0.04151668,-0.064102106,-0.037711978,0.050658897,0.022205472,0.054282244,-0.06694419,0.013184535,0.042197783,-0.06058969,-0.04226857,0.080806255,-0.010452559,-0.010576131,0.016203936,-0.030779725,-0.016296158,0.038928635,0.054217976
0.029713463,-0.024386786,-0.02125969,-0.012866565,0.053846557,-0.055300355,-0.017566977,-0.0063399877,0.022288466,-0.03575918,0.0013492563,-0.046920575,-0.019165775,-0.0032428277,-0.042309053,0.056446202,-0.057572715,0.022058597,0.027946206,-0.009647744,0.009315905,-0.0071851225,-0.022024311,-0.051874526,-0.013535228,0.018984387,0.03279813,0.070320554,-0.054869946
-0.012371071,-0.018016202,-0.04218404,-0.030354103,-0.012182887,0.00075922644,-0.058099084,-0.038355287,0.05191837,0.042250127,-0.018810255,0.0050203446,0.0023170887,0.018531851,0.048434466,0.0153182,0.066282496,-0.01932837,-0.019736754,-0.02119718,0.06655922,-0.026933013,-0.025277166,-0.025465302,-0.023034466,0.045158397,-0.06755166,0.053062994,-0.0794736
-0.03869719,-0.024726046,0.030012311,-0.05758361,0.0044138525,0.029958257,-0.059011392,0.018791368,0.029285612,0.0075175688,-0.08804963,-0.063860595,-0.04774273,0.051302027,-0.017906062,0.03365501,-0.0938035,0.043002527,0.07736115,0.017658304,0.03903,-0.00012191443,0.017028958,-0.017911669,0.024718395,-0.019980703,-0.087069,0.019618833,-0.046143737
0.049101442,-0.030156199,0.004342495,-0.010417188,0.009905771,0.03185376,-0.004173378,-0.05632161,-0.006338845,-0.018620523,-0.034724522,-0.021842683,-0.056890022,-0.0060768058,0.02652927,0.007184886,0.08641426,-0.06864069,-0.0008791928,-0.009072989,-0.04948629,0.0208538,-0.009955778,0.066775925,0.033749662,0.013137521,-0.014429231,0.016703257,-0.059054304
-0.019989204,0.050904125,0.06397788,0.006957677,0.062116005,-0.017511243,0.0013887864,-0.018844392,0.0209724,-0.009065809,-0.0067306207,0.05171048,-0.07683749,0.0125121465,0.056925114,-0.04266653,-0.042093724,-0.002421293,0.013905832,-0.059126,-0.023181649,0.013336915,-0.006123275,0.011341941,-0.08486339,0.025475185,-0.050045427,0.056618493,0.05659694
-0.010659167,0.044619955,0.05962079,0.07228618,0.07654715,0.048944607,0.052171446,0.074166335,0.03440301,-0.054492045,-0.008968828,0.07367602,-0.0140324235,0.07301993,-0.059775453,-0.06922423,0.09150819,0.04978525,0.059648715,0.037772786,0.043695994,0.06859079,0.040127773,-0.011816306,0.022744806,0.033384062,0.044654705,0.04232455,0.03870118
-0.015595777,0.040600818,-0.032627497,-0.03783137,0.052045513,-0.07199255,0.030349804,0.0022688278,0.044055507,0.040398084,-0.032776114,0.013861929,-0.007553629,-0.007023756,-0.07003722,-0.06451179,-0.05834304,0.047731202,-0.021168863,0.023989132,0.029661076,0.04343174,-0.05779064,-0.0063797915,-0.04449064,0.035085794,-0.05877938,0.029178763,0.029522436
-0.041692898,-0.06357325,-0.016772648,-0.029281441,0.01177349,0.0061022253,0.04655515,-0.009272061,-0.0064435187,0.020861806,-0.051185343,-0.06319468,0.03682801,-0.04106839,-0.028770724,0.0047884355,0.058972478,0.00220643,-0.014091568,-0.020010278,-0.043573625,-0.035925604,0.012191911,-0.046061184,-0.052591734,0.013056544,-0.06736576,0.03144037,0.024553398
0.03375588,0.011498979,-0.06660638,-0.034395225,0.026883746,-0.03693207,0.03711558,0.017792573,0.0059176297,-0.009339221,0.02073706,0.03730894,-0.02866767,-0.011658492,-0.044921316,-0.050327573,-0.07025198,-0.0442484,-0.031952918,-0.012109473,-0.016316287,0.028128915,0.04299216,-0.031531245,-0.04518727,-0.03930059,0.066387706,0.04250017,-0.06462466
0.042839155,0.025162773,0.018204253,-0.0028992232,0.027611278,0.029757313,-0.052881673,0.034332145,0.009999825,0.019760612,0.0058510397,-0.0045918887,0.028924191,0.06915837,0.0573071,0.023421818,0.044274095,-0.0027332052,-0.023262734,0.06116508,0.06910314,0.029862605,-0.035470545,0.052417103,0.052719895,-0.03468093,0.05775853,0.023135284,-0.061081268
-0.026898235,-0.013912049,-0.045134082,0.0642095,-0.049586426,0.02911152,-0.00053027377,-0.011129483,-0.03455815,0.0206377,0.036116745,0.020247733,0.0870942,-0.01550292,0.0068351044,-0.04338396,0.017393172,0.083105326,-0.012717964,-0.0026699563,0.064033665,-0.025140597,0.016418545,-0.007335267,0.018103953,-0.031867385,-0.04762122,0.023879373,-0.039140195
-0.0096375905,0.005546413,-0.0054687755,0.03840195,0.051190365,0.04984333,-0.046701923,-0.067634925,-0.054748107,-0.06398094,-0.0013154235,-0.01347813,-0.024026671,-0.025511172,0.047923274,-0.01776414,0.019472968,0.019972825,0.0026073721,0.004906709,0.037435178,-0.02465287,0.006844441,-0.010567518,-0.04543927,0.034158427,-0.015534361,0.05206089,-0.027240915
-0.016798444,-0.07128643,-0.09031988,0.04115302,-0.070872575,-0.05435726,0.01606034,-0.01824581,0.0054288046,0.05553634,-0.014110043,-0.07552092,-0.046943463,-0.035608638,-0.008231404,-0.032070585,0.017197454,-0.016798422,-0.024514183,0.072559714,-0.0010083088,2.8012299e-05,-0.006516806,0.011184648,-0.085545786,0.0033415442,0.046746925,-0.048119776,-0.025064902
0.003710972,0.0060170684,0.025582667,-0.038741484,-0.051489785,-0.025100479,0.019103736,0.026779968,0.023823136,-0.05508904,0.00077708246,0.04024926,-0.036148813,0.064530596,0.03812651,-0.071014695,-0.04013562,0.010686213,0.025797205,-0.029387467,0.07611263,0.0423816,-0.021019481,-0.040113054,-0.017544597,0.02408003,-0.043249242,0.06482283,0.025210751
0.026513409,-0.045809183,0.052194826,0.0127243735,0.008847947,-0.023127692,0.0028575659,0.036018718,0.028072314,0.027135277,0.019584285,0.035849977,-0.053632084,-0.016697118,-0.039203618,-0.046316966,-0.0072591365,0.022933954,-0.07083605,-0.06767408,0.031205036,0.0055359243,-0.07136938,-0.0134836035,-0.032073297,0.010312614,-0.069795705,0.017195862,-0.0690756
-0.037345193,-0.060663715,-0.014193204,-0.05110291,-0.05654411,-0.05319988,-0.028495206,-0.019945096,-0.017520554,0.02705995,-0.03485337,-0.042051375,-0.033477526,-0.014005365,-0.030659897,-0.021851232,-0.04176473,-0.08323163,-0.054093327,0.055827502,-0.0023608834,-0.003356511,0.020296128,0.035776626,0.032630015,-0.057249766,0.012211377,-0.046465773,-0.071386404
0.03413024,0.00545225,-0.040891137,-0.040395062,0.044225734,0.050103307,0.060525373,0.020871125,0.03982652,0.018983241,0.05254144,-0.05322257,0.046662737,-0.030674648,0.009930051,0.0732868,-0.0405275,-0.053682547,-0.013333548,0.009170134,0.041887518,0.072033465,-0.0005595243,-0.022663526,0.050108887,-0.017951328,0.003868762,-0.033789072,-0.04296573
0.038864486,0.017250309,-0.035601012,0.07325643,0.05028729,0.029378653,0.025961231,-0.03913136,-0.007422786,-0.0033284216,-0.07874969,-0.050614044,0.021391293,0.0624411,-0.05524114,0.071078666,-0.015613615,-0.039234515,-0.04139962,0.0572209,0.00868204,0.018604077,-0.0065942914,-0.016043663,-0.018415214,0.037556667,0.030565547,0.0029023155,-0.028625261
0.021230567,-0.017601637,0.010078059,0.016564194,0.05682211,-0.038433123,-0.06989069,0.008243273,-0.023588467,-0.0015458234,0.01925429,-0.033186134,0.014395669,0.08292698,-0.012505378,0.08618718,-0.040925004,-0.0042278995,0.066773586,0.011584585,0.03510306,0.04114226,0.0010108743,-0.048418354,0.037453428,-0.008651264,0.02500723,0.07189514,-0.053755153
0.017510548,0.021316556,-0.008254307,-0.0057853707,0.03928037,-0.070327945,-0.06443331,-0.0675986,-0.057368062,0.0580611,0.025347866,-0.027650904,0.060855977,0.05859262,-0.017111376,0.07500451,-0.0058930386,-0.020145984,-0.012465165,0.0519022,-0.01334567,-0.05697431,-0.046120394,0.0045294724,0.08596761,-0.03120889,0.07065472,-0.025195457,-0.07777702
-0.040859673,-0.04232916,0.0037381575,0.014339664,-0.00082818395,-0.0766131,-0.04477031,-0.023771515,-0.07425622,0.016280249,-0.059172034,-0.055476636,-0.045157816,-0.060358666,-0.039127998,-0.07368651,0.09208123,-0.028426599,-0.030698473,-0.031558335,0.044924542,0.0031844028,0.029221376,0.0036644686,-0.01109253,-0.010855446,0.023059884,-0.0039461376,-0.02868313
0.018245464,0.08786292,0.09295993,-0.022159891,0.08187945,0.0136374505,0.0075488198,-0.060520533,0.082133725,0.035757,0.057913974,0.07946622,0.07694049,0.013387881,-0.04583334,0.08316893,0.045387868,-0.0045629316,0.07955311,0.041101135,0.07016345,0.07847411,0.010721623,-0.01617254,0.07980857,0.06789332,-0.0036846702,0.017847365,-0.043834988
-0.006718903,0.033313118,0.028934846,0.07470976,0.0026119105,-0.06173103,-0.045801308,-0.070429794,-0.047010057,0.038400766,-0.010638116,-0.07708172,0.06340514,0.032772433,-0.02651221,0.002257777,0.03550221,0.024807459,-0.036797043,-0.008438849,-0.045965355,-0.014423096,-0.0012648572,0.04430948,0.019449502,-0.04054314,0.016674101,-0.02284035,0.06784637
-0.006938831,0.03301911,0.08653242,0.029562727,-0.05140525,0.07013046,-0.0055587986,-0.009557313,0.010626817,0.0115165375,-0.05072233,0.05877982,0.027450044,0.03151758,0.07893281,-0.042641833,0.03041811,0.058259234,-0.08098997,0.059415538,-0.0009249299,0.06060922,0.04387985,-0.0229568,0.06021299,-0.00029165333,0.049908154,0.007944881,0.038619757
0.05612603,0.030486146,-0.012300659,-0.023372613,0.08059076,0.017223515,0.045208234,0.04900113,0.038326874,0.014914413,0.032776453,-0.001338898,0.025292387,0.007757172,-0.06350955,0.020457853,0.019970624,0.029384194,0.020400396,-0.04029646,-0.007914386,0.030937213,-0.045893952,0.05877732,-0.03212332,0.03584384,0.059370026,0.028391533,0.0053208238
-0.053506177,0.051445704,0.033913746,0.022643084,0.023176974,-0.0028476133,0.06324451,0.025357723,0.06844406,0.055060346,-0.02445858,0.06336707,0.07615982,0.052592997,0.037129585,-0.0239766,-0.030589378,0.012691953,0.073472805,0.032003924,0.060770776,0.016203918,0.057943754,-0.03835628,0.042417843,0.017141564,-0.008688777,0.004257442,-0.054395415
0.034817893,0.004531873,-0.057944495,0.01757589,-0.015880315,0.01089812,-0.03177392,-0.061917726,-0.03774453,0.030533854,0.03546506,0.025828777,0.05252902,0.04882152,0.0345569,-0.008401944,-0.023728555,0.021752367,0.03108191,-0.02201259,-0.0052047563,0.045237772,0.053354084,-0.051245917,-0.077297874,0.047991764,0.011160774,0.064632155,0.01090874
-0.032907948,0.069408365,0.026897246,0.07250276,0.04358361,0.03892843,-0.030133823,0.07585968,0.034879494,0.0033003814,-0.009352573,0.062396493,-0.05030519,-0.053737015,0.046146013,-0.037159227,0.069933645,0.045396805,0.039378148,0.07819847,0.043016225,0.030786388,-0.005949091,0.00011725422,-0.054814268,0.010174281,-0.032174557,0.07638741,-0.027835537
0.054526143,0.069192745,-0.011810673,-0.044674873,-0.02675786,-0.061153974,-0.0048824553,-0.009782112,0.04148276,-0.027025403,-0.018884493,-0.07198992,-0.0025839924,0.020794962,0.03572733,0.0027327097,-0.036442373,0.0023063605,-0.016410615,-0.005686121,0.028101223,-0.01484544,0.038014203,-0.047229193,0.019316817,-0.016043438,0.034002855,0.009529988,-0.0018727888
-0.063003995,-0.018225333,0.0536544,0.048985887,0.035728313,0.01843005,0.024214428,0.007063103,0.008903992,0.053858966,-0.027114252,0.0346219,-0.0160457,0.034455728,0.022806197,-0.027834082,-0.048036758,0.056763977,-0.0027513145,0.00078084524,0.029320752,-0.06135897,0.028921021,-0.030997314,-0.032960553,0.06574404,-0.014206097,0.022594796,0.056761384
0.0052858647,-0.021417161,-0.0750986,-0.02221155,-0.016477078,0.013123688,-0.04758389,-0.068711214,-0.07713977,-0.07083269,-0.007595764,-0.07823799,-0.010376671,0.060403787,0.04933286,-0.0038026639,0.06406149,-0.0504217,0.027580397,-0.014205512,-0.055150785,-0.068444565,-0.041634455,-0.02260482,0.019186273,-0.009672689,0.0842463,-0.049436208,-0.044870257
0.03440093,-0.045896977,-0.08366071,-0.0761979,-0.046879582,-0.0025362705,-0.03983212,-0.06503395,-0.0591792,-0.06888959,-0.060842454,-0.06396186,-0.06631189,0.01725061,-0.07241609,-0.068116225,-0.030924758,-0.07416518,-0.01897561,-0.038597252,-0.052264243,-0.03117099,-0.070342794,-0.022122122,-0.07051532,-0.04377849,-0.044619527,-0.07632434,-0.03936088
-0.023542754,-0.08807396,-0.043313168,-0.058467027,-0.08498319,-0.062025588,0.013219936,-0.0048931777,-0.012250688,-0.06210286,-0.054574568,-0.045173958,-0.015865413,-0.03646237,-0.083015546,-0.05075662,-0.016328057,0.01632761,-0.0501404,0.06635482,-0.052586306,-0.08358855,-0.0047171265,0.06857511,-0.021219565,0.0007933286,-0.081012815,-0.08608337,-0.06431759
-0.011362344,-0.07659555,-0.040478244,0.02674932,-0.04235928,-0.023557251,0.04108379,0.03580421,-0.050889023,-0.048894938,0.034664113,-0.029400107,-0.017391574,-0.03763262,0.039526444,-0.047130536,-0.039588064,-0.059105862,0.039867777,-0.062400904,0.0014368304,0.07706493,0.03137584,-0.0059349677,-0.004224849,0.031593084,0.013212386,0.07220239,0.04207907
-0.05809486,-0.016836094,-0.029496467,-0.014990906,0.01565682,-0.019045653,-0.063341185,-0.040416136,-0.06429914,-0.07478655,-0.03623032,-0.06035802,-0.057898812,-0.033037677,-0.025900168,-0.023621866,-0.060888514,-0.03760315,-0.053081963,-0.015317792,-0.061904762,-0.0060339915,-0.023763824,-0.0048878524,-0.04986994,-0.033852264,-0.048227966,-0.045889318,0.01483328
0.046557415,0.010004891,0.020205269,0.037886463,-0.026947748,0.03334989,0.010799244,0.012422133,-0.0048859394,-0.039962806,0.028256418,0.028261336,-0.065445624,0.03914909,0.04655644,-0.06227462,-0.03795925,0.03102044,0.0520527,0.019597942,0.006516283,-0.035305507,0.011411545,-0.0053180954,0.04119937,0.05666547,0.007821559,-0.05370967,0.014794249
-0.03892749,0.027126472,-0.04706085,0.010864268,0.073842354,0.04015206,0.052471757,0.03779093,0.029996397,0.015623008,-0.012712941,0.04545389,-0.005069227,0.019258661,-0.03143718,0.013637609,-0.013106852,0.059873253,-0.026155604,0.05557298,0.030702163,-0.01513493,0.020063464,-0.07911143,-0.07853062,0.028294694,-0.08312039,0.049054775,0.003463232
0.028276458,0.030517992,0.054788213,0.092141084,0.074260734,0.05767961,-0.019690698,0.054426342,-0.046783153,0.031394288,-0.032058515,0.07984368,-0.030154012,0.045992892,-0.02469491,0.042399094,-0.032310914,-0.052738044,0.07607559,0.0498546,-0.0084254965,0.05152804,-0.019770011,0.062051237,0.07324703,-0.067321025,0.040592685,0.03349635,0.02491555
0.041500017,0.08785738,0.037422273,0.043270838,0.083383605,0.04713143,0.03980811,-0.039109804,0.08040158,0.00912025,0.06330086,0.04936574,0.04765698,-0.007912017,-0.04416291,0.06833045,-0.035254844,0.07509964,0.0141677745,-0.04539404,0.080150284,0.07517256,0.06735364,0.08367814,0.0020754025,0.06565444,-0.006468163,0.04405205,0.060758732
-0.03422788,-0.02744928,-0.034727063,-0.015765535,0.038970385,-0.02246373,0.003464031,0.033614814,0.022604963,0.068912365,0.03980951,-0.009728438,-0.005424459,0.007142923,0.0073356186,-0.014196408,-0.02213207,-0.013186201,0.037307266,0.037944287,-0.04217875,0.062014364,-0.013183398,0.0050166417,0.06630561,0.043379795,0.045814008,0.047849577,-0.022110675
0.11407671,0.075603664,0.08001534,0.08453094,0.08183239,0.07713298,0.08074762,0.07215109,0.08079806,0.10045174,0.079615206,0.067023225,0.084882714,0.082849205,0.05649309,0.06432417,0.07490967,0.0352408,0.07617711,0.07348403,0.07898616,0.0729148,0.051808666,0.082280576,0.06415192,0.08542102,0.06780599,0.08417119,0.054207135
0.11935564,0.07246036,0.08558388,0.06644706,0.060262978,0.06719471,0.028029595,0.040557735,0.032508157,0.08150999,0.06319928,0.016893432,0.07806367,0.07107494,0.075869404,0.046750635,0.037147213,0.023975212,0.07321691,0.064506926,0.043686736,0.038523253,0.0421333,0.057602186,0.016329704,0.07275218,0.01364657,0.07429766,0.07414968
-0.015084607,-0.0014557245,-0.018638931,-0.055292685,0.05946628,-0.06946998,-0.054850485,-0.0763361,0.00483697,-0.0025136408,0.053884704,-0.07958995,-0.03433701,0.07833777,0.04893025,-0.03354878,0.052951775,-0.01476479,-0.030934516,-0.048451822,0.019016335,0.0025177004,-0.029245002,-0.0065578814,-0.02659559,0.04719624,0.04534674,0.056882996,0.014362773
-0.0039028386,-0.06780567,0.033956412,-0.008605036,-0.021223098,0.06909419,0.036161203,-0.019608732,-0.07168925,-0.054444928,-0.069811806,-0.032572947,-0.02587343,-0.041409634,-0.03299529,0.0022176504,0.03080792,0.02255165,0.042529948,-0.0034753333,-0.030538492,0.018507348,-0.027050886,-0.05729323,0.019009585,0.037175898,-0.0057697273,-0.072187684,-0.05480295
-0.020479592,-0.039098214,0.021497801,0.017401565,0.018803954,0.038652018,-0.029016143,0.016999315,0.0044993684,0.0052983677,-0.027977588,-0.010424532,-0.025459295,0.028003724,0.032781433,0.044835754,0.003525433,0.011170138,0.062290594,0.0160035,0.060178835,-0.023495387,0.0011135302,0.038689915,-0.04686495,-0.047505558,-0.044732995,-0.01598593,0.010651487
0.006610764,-0.08062354,0.03367467,0.0413802,-0.015912658,-0.037725832,0.079634376,0.029015029,-0.00959093,0.0047384254,0.07132095,0.073601104,-0.011972368,0.0124489395,0.056242142,0.034056176,-0.0128632635,0.007192597,-0.058524843,0.013123105,-0.049088303,-0.07396946,0.04958849,0.05118955,-0.009709461,0.046032492,0.034659073,0.028876755,-0.013863501
0.049261857,0.06384537,0.056697175,0.06345807,0.064045094,0.06806641,0.015815606,0.041954633,0.07430554,0.061117224,0.057860985,0.06364676,0.031042747,0.007904491,0.026019724,0.070110105,0.07879415,0.017974598,0.066963345,0.034195453,0.048031066,0.05775175,0.072257884,0.04672843,0.0826011,0.05766246,0.0633372,0.07389462,0.05886858
-0.048624225,-0.08679046,-0.023677742,-0.02346463,-0.014188965,-0.06362994,-0.0051877126,-0.042045604,0.04417546,0.007751755,0.07251095,0.016600186,-0.06853969,-0.022327833,-0.022274436,0.024042841,-0.037376393,0.006280239,0.051163513,-0.023795407,0.027019884,-0.054951698,0.011464707,0.075781174,-0.04683162,0.0034267304,0.03929419,0.045542568,0.069808
-0.05830672,0.021889813,-0.02502551,-0.05493668,-0.0031639677,-0.014228772,0.009026076,-0.044705044,0.00038058285,-0.0052694753,0.00057301926,0.009855051,-0.036302425,-0.058641873,-0.036486145,0.035696734,-0.043494854,-0.02909262,-0.05662502,-0.03792264,-0.057964478,-0.061598115,-0.01275809,-0.08235363,-0.041091055,-0.028492741,0.010814187,-0.04470401,-0.026947686
0.013285416,-0.009848769,-0.051076,0.09254423,0.023481067,0.047720753,-0.04310592,0.019998856,-0.059424944,0.05914747,-0.010255208,0.057891544,0.02390135,-0.071749374,-0.06938602,0.041283865,0.042733632,-0.051561613,-0.007900299,-0.012342798,-0.07689371,0.0421935,-0.05399633,0.011480473,0.034546822,-0.052875504,-0.0055391877,0.0033400538,0.011819533
-0.035538677,-0.051621698,0.010065902,-0.016508898,-0.077494934,-0.033410348,-0.025997994,-0.0008322446,-0.008880078,-0.03041558,-0.027947683,0.029286027,-0.030201972,-0.032257363,-0.028238256,-0.0487388,0.05835667,-0.008528184,0.047594078,-0.015246317,-0.06796977,0.002131692,-0.04602279,0.05787326,-0.024984337,-0.018436842,-0.030169375,-0.03515073,-0.03579718
-0.036078803,0.04092745,0.034459382,0.054660693,0.045861587,0.06543099,0.04631042,0.0632975,0.07391452,0.029851072,0.043652363,0.03662517,0.07126349,0.04167291,-0.0134924,0.03642525,-0.020977426,0.049698953,0.046469957,0.024354877,0.055261932,0.039692104,0.059844747,0.03768891,0.05329355,0.031876843,0.05368875,0.044688683,0.031619616
0.019460294,0.053535506,-0.0031676225,0.043004196,0.08484145,0.05611915,0.007552585,-0.04499052,-0.060922537,-0.039986424,-0.017749375,0.008120858,-0.04624099,-0.02707818,-0.0040677884,0.004492428,-0.07106775,0.017884117,-0.053600088,-0.05488298,0.011904608,-0.017287742,-0.064664185,-0.028324153,-0.015917534,-0.064340934,-0.047172826,-0.045855504,-0.007167988
0.017002039,0.060174238,0.03846867,0.031197384,0.041099064,0.013161692,-0.0006055635,0.0050563356,-0.019899908,-0.009635615,0.042909723,0.018496266,0.007617261,0.04106942,-0.005126355,0.03238463,-0.0032657941,-0.040912006,0.030556805,-0.047713134,0.031840917,0.029548686,-0.04064666,-0.009802541,0.011546647,-0.008578578,0.03980152,-0.0061107064,0.022789577
-0.01615018,-0.05261225,0.010703626,-0.039965775,-0.0746387,-0.047398977,-0.0075413776,-0.055541087,-0.01017307,-0.06561951,-0.019377684,-0.053809687,-0.052942783,-0.0006619485,0.03861066,-0.041288804,-0.069355235,-0.014492467,-0.05207717,0.023735663,0.0038805315,-0.058199137,-0.06381069,0.007053542,-0.04113999,-0.009430123,-0.07663499,-0.027294071,-0.044940792
-0.08815504,-0.046805643,-0.018770535,0.014063875,-0.08217576,-0.06273026,-0.07105627,0.01652671,-0.021953149,-0.04419301,-0.075866625,0.023220006,-0.017439961,0.018291265,-0.020144729,-0.06854243,-0.0072894474,-5.4122425e-05,0.022297472,-0.046762284,0.024598096,-0.060700458,-0.010871132,-0.016389212,0.028358357,-0.041027322,-0.053028714,-0.0074442225,0.032801256
0.0129374685,0.012715325,0.043998748,0.0507494,0.06004778,0.049953803,0.08085282,0.058751527,0.053592525,0.014596648,0.08078551,0.07306252,0.078470886,0.007686381,0.06503749,0.08099039,0.07535846,0.07154498,0.0788776,0.016809186,0.046568662,0.003183274,0.074523434,0.03644597,0.060874134,0.004315142,0.063147776,0.039991017,0.028245507
0.06689764,-0.0042445743,0.03231893,0.063883215,0.022807421,0.07124045,0.05655433,0.040150836,0.0062119784,0.080787525,0.054265223,-0.009623428,0.07967189,-0.040451314,0.062326524,0.030704845,0.024791345,-0.03085791,0.08020513,-0.055962328,0.010262224,0.04262206,0.07313789,0.027885012,0.03952174,0.027509727,0.05636094,-0.02960133,0.043940652
-0.010140919,-0.081159875,-0.029308336,-0.049882095,-0.05357901,-0.039081782,0.029586593,-0.05973316,-0.06319299,-0.07345945,-0.006509931,-0.049897395,0.025893638,-0.016783925,-0.04375269,-0.015368526,0.002143381,-0.037141435,-0.033351455,0.015646162,0.0294873,-0.017814768,-0.08519835,-0.062444855,-0.029265461,-0.05604755,-0.029403843,-0.06903285,-0.051248938
0.008954599,0.020795716,0.012598687,-0.0034220314,0.042318963,-0.01338819,-0.031262793,-0.010220135,0.033076536,0.027206065,-0.008793082,-0.005261456,0.044691827,-0.017538007,0.034901816,0.031001331,-0.022810588,0.070626386,0.041190993,-0.01962636,0.03363025,0.015781976,0.0009946624,-0.023165857,-0.026210846,0.031297106,-0.019777492,0.015580935,-0.0018072452
-0.034133777,-0.06968248,0.010624422,0.05484267,0.026255777,0.0009831528,-0.033781957,-0.008142656,0.060444098,-0.06777208,-0.04468357,0.0061668665,0.017241733,-0.07280068,0.007301205,0.03368919,-0.008277955,-0.04186138,-0.058055323,0.0009674061,0.068377785,0.0040488485,0.019572964,0.034529697,0.02644751,0.0028432987,-0.004935972,-0.03215379,-0.0422217
0.006759945,-0.03514396,0.021307144,-0.037891794,-0.009655337,-0.028165063,0.016571326,-0.005546952,-0.04945124,-0.018605197,-0.023738384,0.02486285,-0.022658376,-0.027151087,0.047299597,0.037251066,-0.027281549,-0.06757472,0.02629597,-0.038422037,-0.063618824,-0.022194922,0.0013164304,0.03713144,-0.0042757667,0.023836961,-0.0036385374,0.02305525,0.01066064
0.050875116,0.021756932,0.054122433,0.048316635,-0.01749091,-0.0052974885,0.0146066975,0.011513855,0.007089137,0.044239648,0.057314344,0.05136481,0.07677897,0.040836647,0.009563099,-8.9827845e-05,0.0305506,-0.014164203,0.018961523,-0.03967884,0.06659303,-0.0161232,-0.069320254,0.002650721,-0.01246778,0.02335512,0.054664645,0.032001037,-0.012570084
0.036329247,0.025717273,-0.030017124,0.02542533,0.061187528,-0.034032144,-0.012653983,-0.02924355,0.08000508,0.05040364,-0.0021104144,0.0561077,0.042271897,-0.037361808,0.04416131,-0.02673533,-0.00802865,-0.011050189,0.01892241,0.06431667,0.035978466,0.069247544,0.05423213,0.023560414,-0.03362981,0.04274597,0.03236364,0.038927767,0.015444476
-0.019820675,-0.07790531,0.018783074,-0.012026105,-0.08429861,-0.03845232,-0.025252055,0.010357916,0.00016166574,0.060497146,0.044926196,0.002232738,-0.0077131777,-0.067841336,0.027018948,-0.038942978,-0.034225322,0.03418099,0.0072588455,0.028508812,0.030542845,0.07074168,-0.024327727,0.0160023,-0.022455223,0.024424924,0.070922606,0.0018966721,0.056361776
-0.022380203,0.055528425,0.02710274,-0.04989011,-0.042697176,-0.035289593,0.0691696,0.03301747,0.00764488,-0.028197747,0.08294533,-0.07192647,0.029367955,-0.03996094,-0.06389256,-0.0053847563,0.05874544,-0.016258087,-0.0012409525,0.031183893,-0.012865756,0.029284485,0.01748089,0.02936779,-0.07219158,-0.0076646386,0.020305926,-0.004966888,-0.05638795
-0.02541408,-0.02935532,-0.04113967,-0.015873067,0.009004364,-0.04642075,-0.027979013,-0.0570909,-0.003158783,-0.02322865,-0.04928997,-0.005785894,0.06338519,0.026382588,-0.036087144,-0.058507904,-0.055987537,0.03665193,0.065837115,-0.049528483,-0.026268378,-0.037253413,0.09010495,-0.0130507415,0.022040399,-0.0043494417,0.03327072,0.054463178,-0.009669453
-0.061536275,0.01771022,-0.08268173,-0.040096965,0.026089339,0.004949829,-0.04704528,0.013123289,-0.024142094,-0.054035656,-0.03832398,-0.036277756,-0.029966632,-0.04577385,-0.060229722,-0.04895327,-0.038114443,-0.02071764,-0.024835322,-0.024132129,-0.0039057636,-0.0015934678,-0.050997842,-0.01958372,0.017244723,-0.06388844,0.037002176,-0.013305608,-0.065575376
0.023480086,0.015865874,0.0383249,-0.06347832,-0.078512006,0.023827666,0.08069193,0.07702484,-0.075495034,-0.024051433,-0.0043998747,0.03619786,-0.03189005,-0.063921735,0.07818469,-0.025391253,-0.077992976,-0.027623178,0.073837705,-0.067187674,-0.06681604,-0.07871144,-0.042711847,0.052513506,-0.06772153,0.0032362684,-0.05127555,-0.03467608,-0.055679172
0.046571936,0.06384553,0.04639625,0.013774698,0.0027887775,-0.020097101,0.046921536,0.06969165,0.011198121,0.030188723,0.0038110805,0.049041715,0.06909671,0.020687418,0.06028951,0.07509192,-0.003968988,0.005292815,0.01820027,-0.028556392,0.02979831,0.05177384,0.009362723,-0.007960422,0.05954519,0.023939755,-0.006044139,0.03896193,0.03391004
-0.03812873,-0.06666877,-0.08025296,-0.06419752,-0.07853263,-0.06033062,-0.07440844,-0.068024136,-0.07044759,-0.05069828,-0.070299044,-0.073382095,-0.0795975,-0.067103915,-0.066378966,-0.07072541,-0.01783795,-0.08002995,-0.07838453,-0.04530539,-0.06227222,-0.0740646,-0.08250849,-0.068872705,-0.077954605,-0.056369834,-0.074786894,-0.08180154,-0.06739992
-0.027098993,-0.063346066,-0.030467583,0.03406804,0.006632549,0.018140215,0.030368222,0.014097415,-0.04569031,-0.01422007,-0.051093567,-0.05357534,0.078659125,-0.039906107,-0.010310205,0.06030838,0.024088949,-0.063071676,0.01342884,0.05097769,-0.04394983,0.014459637,-0.01598205,-0.05228396,0.08199563,0.028288122,-0.01801549,-0.057555147,-0.06924048
-0.031536307,-0.019847281,-0.044501483,-0.043081976,-0.047626358,0.011076709,-0.016208736,-0.04642203,0.005005213,-0.02447923,0.031444788,0.01946566,-0.074983455,-0.02298754,-0.07882729,-0.012191827,-0.0518811,-0.05864649,-0.04565738,-0.017424516,-0.051561017,-0.057905722,-0.056737512,-0.08553269,-0.048217613,-0.070140615,-0.04851874,-0.03842035,0.012453087
-0.011673155,0.042866826,0.044870835,-0.0005107629,-0.057952005,0.02886144,-0.031188458,-0.00785589,-0.027138604,-0.0029303746,0.004557979,0.013425704,-0.004580472,-0.041631818,-0.0077778073,-0.015555711,0.058654234,0.04571425,-0.010486432,-0.011031698,0.035697166,-0.023132846,-0.050148897,0.0470789,-0.039227076,0.05050463,-0.033230722,0.007531324,-0.039799374
-0.026473273,-0.026846666,-0.073290445,-0.05493458,-0.031777468,-0.06320585,-0.02332802,-0.042425644,-0.035637133,-0.034007367,-0.06477954,-0.07048531,-0.055302583,-0.03700964,0.026375664,-0.024821712,-0.005135215,-0.059320606,-0.069153495,-0.0125642065,-0.060264524,-0.0049827886,-0.006458725,-0.028017584,-0.025267052,-0.00037237132,-0.0051573697,-0.07568632,-0.024120426
0.017925028,0.0106961075,-0.026883634,0.041669138,0.03297244,-0.015091455,-0.06656216,0.03296003,0.064538755,0.032472845,0.046653192,-0.036639776,0.015882883,0.006700013,0.004463558,0.03348906,0.05139875,0.031777285,0.049332734,0.04587804,0.023066167,-0.02535693,-0.01687432,0.07370039,-0.06732828,0.05829358,0.04457205,0.060921498,-0.04364145
0.05620686,0.021746542,0.014601246,0.016571498,0.008614544,0.044348318,0.030382283,-0.026992602,0.03360069,-0.019960545,-0.0026664503,-0.04272667,0.03290768,-0.024925923,0.010754308,-0.027923005,0.038579784,0.07120322,-0.057262562,0.008262881,0.016185632,0.07515547,0.032381255,0.03419733,0.07864431,-0.0158995,0.025741544,0.06605223,0.044656433
0.022521678,-0.01279503,0.034155205,-0.015533949,-0.06575285,-0.02977123,-0.06265226,0.02147936,-0.005927465,-0.026781492,-0.0083085215,0.018679397,0.01671883,-0.08055465,-0.043812815,0.014409991,-0.03727229,0.03637147,0.011276495,-0.009113124,0.028408045,-0.07012295,-0.059789333,-0.013766831,-0.062411282,-0.02066566,0.032736532,-0.06570421,-0.040472716
0.008823159,-0.08009738,0.0020055752,-0.009477209,-0.023123002,-0.00702455,0.03147244,-0.023166988,0.05426106,-0.020431822,-0.030362962,0.01910908,0.022692038,-0.024182891,0.039562713,0.007507561,-0.03162856,0.004874142,-0.04988379,0.020203037,-0.012507461,-0.0248753,0.042478405,-0.06002473,0.029782174,0.03851417,0.04132072,-0.025672808,-0.02165636
0.015941396,0.006070657,0.030080361,0.082210675,0.034891047,-0.025362616,-0.06981675,0.0385373,-0.0681257,-0.03916153,-0.01352816,0.033007424,-0.04092001,-0.012945016,-0.03443306,0.007982728,0.022205863,-0.008627741,0.045941137,-0.05152592,0.0037775626,-0.059445307,-0.028326038,-0.046971448,-0.001119789,0.03203821,0.011977304,-0.012057069,0.018439744
0.04547984,-0.0043763374,-0.04488873,0.0063409936,0.04663503,0.03860235,0.01879273,0.013870591,0.04222785,-0.053033605,3.6348008e-06,0.03391377,-0.011410274,0.033864707,0.008817848,0.04398409,-0.029829454,-0.061306592,0.040040478,-0.026804715,-0.015870309,0.021857474,-0.03142265,-0.024222765,0.022069678,-0.05350293,0.051990442,0.010448169,0.031195754
0.06382437,0.0040395474,0.036951087,0.0713867,0.01380205,0.036644716,0.04983424,0.06626386,-0.028556112,-0.036842953,0.08384766,0.003983358,0.0015403606,0.06236853,0.07200444,0.06528657,-0.03145796,0.08498234,0.0129219135,0.032069225,-0.034276046,0.06214611,0.011728673,-0.056618262,0.049869377,0.007419299,-0.016844988,-0.028644968,0.041637592
-0.013049148,0.014720585,-0.075252354,0.009727133,-0.012947965,0.011042873,0.004580241,-0.0030781825,0.008547441,-0.06403226,0.06348284,-0.026667925,-0.015748253,-6.0225262e-05,-0.007841664,-0.02435975,0.07493625,-0.047095012,0.055213608,-0.044358008,-0.027793527,-0.048679255,0.03604196,-0.04858813,-0.053238325,0.022235312,0.08534931,-0.052682318,-0.019100143
0.049077027,0.034068357,-0.054694563,-0.0007350065,-0.0018644754,0.013465152,-0.011373527,-0.037352823,-0.02227972,-0.02600704,0.031933904,0.02543019,-0.011547638,0.0581466,-0.0069663627,-0.062129132,0.03016169,-0.0013453818,-0.026050769,-0.018067466,0.0007397345,0.043109432,-0.03150488,-0.04901727,0.022304542,0.036368538,-0.0026194716,-0.0056054597,-0.04576714
-0.012894446,-0.0068915817,-0.03231202,-0.05083072,-0.02162563,0.0032888465,-0.064884804,-0.0656146,-0.033507656,-0.045920283,-0.053083085,-0.04752855,-0.059711196,-0.048081994,-0.071245134,-0.0730448,-0.05494906,0.026959037,-0.05998532,-0.056292582,-0.044122413,-0.06270284,-0.031021897,0.056482237,-0.07376398,-0.06087767,-0.06789118,-0.028107181,-0.0011884356
0.00089327135,-0.07864647,-0.02916427,-0.059926193,-0.07334815,-0.03668774,-0.031698197,-0.070959345,-0.040319398,-0.06667768,-0.08180143,-0.044219658,-0.073177144,-0.065515906,-0.051012278,-0.07041447,-0.072630055,-0.078432664,-0.062348668,-0.050693404,-0.011602199,-0.06681931,-0.052386858,0.004862662,-0.06001431,-0.0411326,-0.07897102,-0.08021075,-0.07285134
-0.008694061,0.03477161,-0.012793372,0.036444783,0.007940139,-0.03227589,-0.007981884,-0.008622503,-0.01348654,0.049998876,0.026138498,0.040698305,0.030418672,0.018435737,0.042451363,0.01259058,0.029021252,-0.022197722,0.060999654,0.031287294,-0.0052124914,0.0054963073,0.061345927,0.04843604,0.005028612,-0.038674463,0.023535838,0.02064722,0.029525641
0.000581926,0.006026863,-0.01940954,0.011154439,0.0049551423,-0.043233972,0.018146055,-0.001651461,0.049549807,0.040989526,0.03860074,0.010080534,0.049532853,-0.037024256,-0.0037926985,-0.020868331,0.048503306,0.052361593,-0.043522976,0.043282814,0.060818575,-0.011162956,0.037392974,0.015484725,0.041286487,0.058963567,-0.0006157884,0.0038100726,-0.043179307
0.018086422,0.052069303,-0.0038896517,0.027299695,-0.0021331927,0.00072652585,0.07530073,0.08363201,-0.014262716,0.059904005,0.044616193,0.03210204,0.029037628,0.07690669,-0.0011102454,0.0007783553,0.0775807,0.060137942,-0.062665276,0.061166205,-0.04883073,0.035997156,0.03201156,-0.03131231,0.03970354,0.06900084,0.031296525,0.03344942,-0.018301321
0.03811201,-0.07294381,-0.06361435,-0.045253776,-0.0060667214,-0.05848191,-0.047213975,-0.07348079,-0.03009965,-0.07407796,-0.044383302,-0.035085004,-0.06867611,-0.03812277,-0.07230543,-0.05555315,-0.022601042,-0.07832878,-0.06113039,-0.057050653,-0.042870346,-0.016784059,-0.08190458,-0.061651956,-0.0648347,-0.047914594,-0.060466144,-0.04745316,-0.04841539
0.0062676966,-0.0040932973,-0.0494476,-0.029179515,-0.04258213,0.0061363946,-0.07036489,-0.04764955,-0.07533765,-0.04427942,-0.03256522,-0.058806293,-0.037169687,-0.026714278,-0.07694652,-0.073233634,-0.056788113,-0.044720218,-0.06835584,-0.051545113,-0.034265924,-0.04298389,-0.047783576,-0.045320153,-0.03379617,-0.055532217,-0.042537622,0.012246892,0.014514807
0.022937736,0.08530731,0.019602014,-0.0154687865,0.014509914,-0.016288847,-0.050469965,-0.03270908,-0.029224847,-0.07906277,0.05105525,-0.062060837,0.01860745,0.013375785,-0.06353912,0.031627025,-0.07305991,-0.05285205,-0.034561913,-0.07506674,-0.051251262,-0.0022845706,0.018805495,-0.060750235,0.005055,-0.07958717,-0.041404963,-0.039945617,-0.00531403
0.052758638,-0.0420814,0.00928675,0.07265143,0.024139171,-0.015308929,-0.060614195,0.040304914,0.0077698864,0.03338766,0.014509959,0.042204898,-0.039707534,0.06462442,0.03681206,-0.0045513017,0.07270792,0.028092911,0.062449485,0.03553368,0.010288612,0.03787068,0.01610808,0.00097159727,0.009290869,0.033380743,0.06309248,0.025015114,0.04949328
0.033814117,0.014189347,-0.026276045,-0.020472256,0.048059665,-0.077617146,-0.032661494,-0.019981517,-0.038435604,-0.02556867,-0.009826474,0.06661145,0.014255188,0.05173134,0.04147382,0.06939838,-3.5734254e-05,-0.024171768,-0.057081107,-0.013462929,-0.022007648,0.03050676,-0.041372858,0.011200817,-0.02256322,-0.04807713,-0.0015685776,-0.0413058,-0.066024475
-0.013810013,0.08386602,-0.0012273849,-0.034000568,-0.017865513,-0.058929473,-0.049678843,0.0019936454,-0.04767685,-0.010951441,0.050520077,0.040927105,-0.00079249585,0.040340792,-0.0066419984,-0.052437417,0.04492343,-0.058161378,-0.030309066,-0.039041575,0.00078472943,-0.0016717567,-0.06419232,-0.024667216,-0.016120385,-0.019049207,0.05420841,-0.011310029,-0.034642793
0.062754974,-0.0062759644,-0.01626675,-0.067574814,0.017947426,-0.0072509223,-0.025553431,-0.0065781474,-0.002709335,-0.060444854,-0.054415725,0.022571411,-0.04341324,-0.053803235,-0.01947905,0.053699743,-0.024575297,-0.054327182,-0.018849142,-0.0011327512,0.034604423,-0.033169523,-0.038726326,0.038329553,0.0036496837,-0.03580114,-0.020365944,-0.052652378,-0.060257066
-0.013315219,0.001891106,-0.002241751,-0.030790102,0.022979595,0.02410491,-0.055616,-0.04855713,-0.02895567,-0.065290555,-0.062464107,0.051912583,-0.019953044,0.055338625,-0.0547097,0.005661789,-0.046147995,-0.030268503,-0.058742102,0.07998346,-0.052680925,0.06523744,0.029878141,0.057486042,0.01843466,-0.011491661,0.056944773,-0.033027153,-0.011670814
-0.025602276,0.054675456,0.06936033,0.04792605,0.0029167181,0.059921112,0.039275337,0.07749447,0.02401347,0.0049413242,0.07462599,0.051985502,0.02227655,0.018756418,-0.014114526,0.02838074,0.026675975,0.08561581,-0.021386737,0.05758186,0.0052474616,-0.018006582,0.014891819,-0.0068375496,0.064592555,0.038156636,0.06227961,0.025611775,0.061235636
-0.036549274,0.015282697,-0.06848904,-0.087203465,-0.0477743,-0.008491357,-0.051064864,-0.03269583,-0.01825588,0.05099349,0.020668974,-0.050437808,-0.060711127,-0.06777827,0.043630242,-0.004695375,-0.028650865,0.021806067,-0.07995918,0.0020981564,0.0025762788,0.050250556,0.056278475,0.011967556,-0.018144231,0.050005253,-0.015053209,0.0025741367,0.058722384
-0.05770068,0.058933396,-0.080638394,-0.023523543,-0.011458892,-0.03598564,0.03204783,-0.010188214,0.06570071,0.00016807899,0.04054816,-0.039663363,0.055887748,0.006796922,0.032819435,0.04546839,0.044125497,0.024245748,0.04027817,0.042440522,0.01393476,0.023895469,0.07584029,0.013847046,0.07575094,0.039239913,0.008436276,0.049417306,-0.056369565
-0.06779775,-0.023859436,-0.04349128,-0.033908166,-0.05875778,-0.048776273,-0.006552342,-0.05237645,0.014227349,0.009839626,-0.03774473,-0.05643405,-0.04007813,0.0020998165,0.00942742,-0.00944854,-0.014313351,0.004976924,-0.047773447,0.019529358,-0.0814214,-0.029143665,0.05259516,-0.03533754,0.037082307,0.040888973,-0.054031275,-0.043441623,0.016517667
0.006911581,0.069813766,0.035760917,0.006652596,0.026481481,-0.0020340085,-0.0054044034,0.001500372,-0.015022567,0.025585609,0.07653902,0.050336555,0.034662977,-0.016181186,-0.028474668,-0.055812392,0.0062905396,0.02647385,0.011033443,-0.023795258,0.004759017,0.033738643,-0.01581563,0.009360533,-0.054308947,-0.060990214,-0.054105546,-0.01356369,0.029744886
0.008521824,-0.003024338,0.00696159,0.017937152,0.0135666635,0.032750323,0.0016172938,0.0014263714,-0.05324679,-0.052861933,0.052221023,-0.01796875,-0.026743773,0.055370525,-0.029468453,-0.01496831,0.042460345,-0.0070689297,0.0088610975,0.031479176,-0.055097237,0.00042323602,0.017551262,-0.011106162,-0.029196752,-0.029975723,-0.045154933,0.04766687,0.021224635
0.019097857,0.026456919,-0.0046263044,-0.005070192,0.029133607,0.048997704,0.029871672,0.038186632,0.050378706,0.021457782,0.027727779,-0.015287532,-0.029191103,0.005701245,-0.0045959977,0.0020320038,0.031994402,0.06314893,-0.019322094,0.032855436,-0.0074237757,0.028037053,0.014374969,0.055253454,-0.0059642643,0.04730535,0.07197341,0.017622547,-0.04121174
-0.059273575,-0.07220271,-0.05427088,-0.04221089,-0.023743026,0.032521404,-0.048355725,0.06787236,0.0642481,-0.011627483,0.020978872,-0.018197978,-0.047434065,-0.08493391,0.037843224,-0.05829194,0.036492337,-0.057003394,-0.059682414,-0.077514775,-0.0020449446,-0.050352044,-0.055585135,0.08430649,-0.052659247,0.037956208,0.023577288,-0.043112542,0.05135455
-0.06012923,-0.043589238,0.04756965,0.017669864,0.015056867,-0.05827499,0.07909083,0.0019348741,-0.052939985,0.017972741,-0.030945031,-0.0231286,0.064440206,0.026822241,0.017370235,0.06398039,0.027953792,-0.023957482,-0.002023406,0.041680444,-0.07023418,-0.02248546,0.057857197,0.014422212,0.0012721407,-0.012509117,0.020910822,-0.02117787,-0.06721613
-0.047268543,-0.007042605,-0.089722276,-0.067939185,-0.05801615,0.024325572,-0.0018833879,0.0035618814,0.04012485,0.013811771,0.030021599,-0.08103771,0.023488887,0.013111048,0.06422811,0.040834226,-0.053018495,0.014027345,-0.074795716,-0.0043437723,0.004893617,0.055985007,-0.0094146645,0.014920924,0.058003634,0.07059517,-0.026544377,-0.021362748,0.020936029
0.08878029,0.07614958,0.027743146,0.034541618,0.015258803,0.02947774,0.03157751,0.04702576,-0.012760808,-0.03535348,0.062225737,0.059821855,0.021330338,0.00202462,0.025973676,0.044093333,0.017477667,0.0845235,0.044682838,0.05913745,0.015592552,-0.03943683,0.015738558,-0.032055147,0.07185073,0.05359688,0.060532022,0.04980623,-0.073591985
-0.004673299,-0.018751701,-0.066218406,-0.033631567,-0.06543436,-0.057186756,-0.042699542,-0.04401389,-0.03477487,-0.055421647,0.012716373,-0.04681649,-0.08568158,0.02479977,-0.027954176,-0.031185381,-0.012865613,-0.03494476,-0.02811171,0.014567014,0.030419018,0.0056179566,-0.029881394,0.0010924666,-0.076286905,-0.07678338,-0.049008448,-0.016955208,-0.040716
0.0011392315,-0.0085398145,-0.0632569,0.029279385,0.045481708,-0.050037444,0.024223616,0.0757836,-0.073240265,0.021430137,-0.0038735166,0.05380349,-0.03807638,0.041494433,0.07589154,-0.0038549101,0.022265498,-0.008656718,-0.02270406,-0.0027935118,-0.053273004,9.7093885e-05,-0.072529756,0.0014368086,-0.047329225,-0.00027421492,-0.015043983,0.01940352,0.03822821
-0.007906306,-0.028962607,0.00068570586,-0.043265007,-0.06570529,0.0040682713,0.03901095,0.012685452,0.06891748,0.0069922176,0.029564714,0.025890248,-0.0846698,0.008228286,0.06850934,-0.050604913,0.020877715,0.08344874,0.07093145,-0.028355446,0.05959488,-0.062715314,-0.04303656,-0.058603693,-0.07627629,0.07389689,0.053774618,0.03819457,-0.057140242
-0.07487692,0.016682796,-0.023782428,0.02189194,-0.05747597,0.02060661,-0.0665453,-0.036779646,-0.06200725,0.031604428,0.007630328,0.029185059,-0.0036992764,-0.07055228,0.034811314,-0.059800047,-0.009901542,0.0034809972,-0.008633303,0.060677733,-0.002801254,-0.026223723,0.006037676,0.015235869,-0.07526032,-0.049987756,-0.004824057,-0.019721657,-0.021057043
0.05103652,-0.010830653,-0.0023734367,-0.076999165,-0.028790656,-0.023093171,0.053691145,-0.038341623,-0.060095917,-0.032586493,-0.06816955,-0.042884473,-0.035037126,0.03771537,-0.033675384,-0.024056945,-0.040546477,-0.06041631,-0.0011260065,0.04570034,-0.052922353,-0.045989938,-0.078854516,-0.014488158,-0.071007065,0.023356983,-0.02368713,-0.041291717,-0.05096118
0.071991965,0.0709895,0.07608605,0.032657977,0.0725737,0.07311411,0.08249996,0.072525844,0.07135383,0.057367973,0.06319387,0.053428855,0.054450445,0.054566953,0.074283354,0.07052715,0.05547254,0.06273543,0.03831052,0.0583105,0.0504086,0.052997585,0.079698116,0.08163721,0.0702104,0.05939743,0.04818389,0.040699273,0.054876693
-0.013141339,-0.0047584153,0.07727968,-0.020921621,-0.045838214,-0.05396,0.050410435,0.00022407017,-0.02022808,-0.014840775,-0.049139228,0.021686772,0.0056511583,-0.053571507,0.0041319192,-0.019199576,-0.04911172,-0.0009801651,-0.037568137,0.08016058,-0.056439087,0.0020775648,-0.032351926,-0.012918677,-0.04672373,0.028841067,-0.0626378,-0.012868125,-0.054464363
0.008189478,0.043488037,0.07062739,0.03875137,0.023098232,-0.004601584,0.027075171,0.04923087,0.04105702,0.057728812,0.0006843633,0.0461828,-0.061922666,0.07709355,-0.015918247,-0.04804744,0.018596387,0.0061406484,0.039837707,0.06382261,0.02758829,0.057758782,0.039589666,0.026921796,-0.043287776,-0.058184445,0.053629905,0.008531944,0.035834085
0.03727578,-0.043590788,0.03214007,-0.028422492,-0.04226356,0.0050803605,0.022438666,-0.013018881,0.03966963,0.0032168129,0.011607147,-0.045876496,-0.0562757,0.0021811977,-0.015822534,0.01785432,-0.003929804,-0.07555136,-0.05307424,-0.0078409575,0.013395255,-0.033551056,0.00800036,0.020190502,-0.04237396,0.026351111,-0.06706616,-0.06154375,-0.04223287
-0.025223201,-0.05673802,0.040524445,0.031461973,0.0006416824,-0.0082493825,-0.04134862,-0.031536777,-0.03958763,0.059577733,-0.017875701,-0.058199316,0.017529458,0.072833136,0.025374621,-0.024007179,0.013426783,0.035060134,0.025862584,-0.037397314,-0.010819067,-0.028865002,0.051500574,0.015151399,0.018657643,-0.03314734,-0.004453381,-0.034969863,0.06376819
-0.010972726,-0.05370928,-0.07688852,-0.052682243,0.0197652,-0.03774333,-0.043874662,-0.06978764,-0.034327142,-0.052528955,-0.07255935,-0.06538597,-0.03692571,-0.006128768,0.0548897,0.030054923,-0.019735964,-0.071180336,-0.07260802,-0.07174512,-0.0660451,0.018016124,-0.036954354,-0.016288524,-0.05123331,-0.058942303,-0.05758263,-0.0451688,-0.04335165
0.026595317,0.06501423,0.067082435,0.04716754,0.015293992,-0.053181272,0.06781497,0.055134144,-0.0007458531,0.036100198,0.08547853,0.019183224,0.059525415,0.049077135,-0.0033513363,0.030894516,0.07830584,-0.015088635,0.039467484,-0.06373338,0.03517465,0.05893656,0.07661153,0.02608567,0.08572036,-0.036046077,0.08390585,0.07376681,-0.06338711
0.11414591,0.07604657,0.07885475,0.07482445,0.079386614,0.072518684,0.072512604,0.068014346,0.064586066,0.09684177,0.05851795,0.0635177,0.07243177,0.07866062,0.011648672,0.059721302,0.060078792,0.06473682,0.07558853,0.043617323,0.078304596,0.066766724,0.07083915,0.06546063,0.07174328,0.07069117,0.053961515,0.078645326,0.07033678
0.11169947,0.05524778,0.05063394,0.030508993,0.046827994,0.021996612,0.05427385,0.037156403,0.06872938,0.04413083,0.05962184,0.006799966,0.058719374,0.07213397,0.06852858,0.0029657343,0.04914715,0.06338104,0.0043393653,0.059633166,0.0699648,0.0130720055,0.07261117,0.07339718,0.003361034,0.07139326,0.073230304,0.063060336,0.05398054
0.08946917,0.028259166,0.024110682,0.06456613,0.07080587,0.00011915307,0.027580779,0.0037460586,0.06898418,0.008763346,0.017872732,-0.010565051,0.025622044,0.045533717,-0.020493157,-0.0101386495,0.07631037,0.012863979,0.023799289,0.05122293,0.061090622,0.026829168,0.03147836,-0.024854118,-0.052091572,0.053531528,0.0444342,0.06755593,-0.044881303
0.041736044,0.049853448,0.022347588,0.010263677,0.03533574,0.044447843,0.07306837,0.03606954,-0.016269805,0.06727076,0.0069122845,0.0035386086,0.06024313,-0.006721541,0.07193468,0.036290247,0.04683396,0.014992024,0.060966615,0.041476306,0.011290107,0.0036433,0.045597084,0.00509788,0.08081573,0.018990546,0.06828844,0.03751881,0.029070556
0.0830722,0.062087927,0.03868772,0.067732066,0.069383904,0.059918404,0.060401574,0.05033019,0.060433287,0.04460268,0.07188372,0.056207485,0.05820007,0.05803925,0.05876881,0.057068035,0.019086437,0.065117136,0.070794895,0.06199988,0.06199648,0.056501135,0.03338881,0.06600153,0.069278456,0.07560832,0.06844173,0.04254896,0.024809297
-0.0638684,0.07666296,0.069642566,0.012426481,-0.045839645,-0.056805532,0.039491575,0.057363026,0.027402619,0.023795804,-0.072965704,0.029300118,-0.000736473,0.025817666,-0.009470003,-0.03784237,0.038893424,0.037224185,0.068141714,0.004623263,0.028741607,-0.026142837,-0.010651012,-0.0024062938,0.04891425,0.0055477396,0.04211181,-0.0020167888,-0.008235088
-0.029512439,-0.001973143,0.009274802,-0.0050106486,0.004487805,0.033842355,0.026524039,-0.010816599,0.042981356,-0.0025241135,0.02622809,-0.0006991977,0.010146434,0.0059438543,0.008340055,-0.02297833,-0.017432008,-0.018824019,-0.020802865,0.03689922,0.02415816,-0.002717448,0.01666061,0.038496435,0.031199226,-0.0013695806,0.02810034,-0.012877664,0.030539941
-0.055255324,0.0543167,0.023434162,-0.07328422,0.060421593,0.07141147,-0.04962004,0.036923725,-0.07151814,0.04312223,0.04783384,0.030570632,0.029919725,-0.060244236,-0.06180233,0.0203512,0.036734093,-0.06104771,0.026712881,-0.018584915,-0.07095818,0.018255623,0.03151,-0.037392646,0.038734615,-0.0623431,0.046607334,-0.0026456683,0.023169328
0.0013979166,0.032990843,0.09399109,0.061508738,0.03480835,0.030082718,0.078750536,0.08641796,-0.050881907,0.016584182,-0.0034851925,0.0817918,-0.028107114,0.0062770494,0.047073852,0.029037336,-0.061859548,-0.027472192,0.019265544,-0.020129804,-0.072350435,-0.05463844,0.026238335,-0.060393218,-0.07792785,0.051115174,-0.053237263,-0.0009920687,0.08116464
0.011187445,-0.03417821,-0.012657819,-0.06359673,-0.026565967,-0.012411772,-0.030670758,-0.067355834,-0.06400495,-0.033591118,-0.05750705,-0.045181464,-0.04344717,-0.03414172,-0.027601717,-0.056163162,-0.037463315,-0.059635688,-0.059882708,-0.02511838,-0.059267897,-0.065248616,-0.052741036,0.013288968,0.021697331,-0.008393857,-0.056753106,-0.04928751,-0.034024935
0.031141844,0.037391935,0.07667399,0.033475865,0.037057377,0.05722523,0.032566357,0.06220343,0.059789985,0.021980923,0.0667663,0.045847118,0.04899905,0.04578597,0.066435546,0.057946492,0.07666613,0.0699175,0.043228008,0.048682958,0.024370901,-0.0072048926,0.03634966,0.07494437,0.05335979,5.872897e-05,0.04723979,0.047130562,0.05359967
-0.056844812,-0.042449947,-0.037888806,-0.03301943,-0.0666892,-0.06748525,-0.028375132,0.0058098794,-0.04338123,0.02569331,-0.08117894,-0.06673884,-0.039675675,0.03488815,-0.038554832,-0.042777374,-0.025477823,0.0015959294,-0.03146626,0.008194295,0.0057238834,-0.045080263,-0.00046634974,-0.064460404,-0.07541756,-0.05291902,-0.03897461,-0.05958066,-0.057320748
0.02287645,-0.023409843,0.05109077,0.03378254,-0.07163465,0.046115264,-0.046226796,-0.027365347,0.062461287,-0.0039055634,-0.0390295,0.05376378,-0.0022206607,0.051794875,-0.06450782,-0.006766369,-0.036653884,0.04397322,0.05030564,-0.05862102,0.0150568085,0.030438583,-0.017625932,0.010948089,-0.012010636,-0.054839298,-0.030301236,0.070612185,0.059807587
0.024602959,-0.01292259,-0.077674836,-0.033389922,0.009170928,0.031833347,-0.009246404,-0.028375989,-0.045336872,0.009331946,-0.04000087,-0.06922623,0.01570479,0.019154761,0.008685007,0.04569193,0.024967192,-0.05024114,-0.06292036,0.066781685,-0.017735478,0.067755304,0.050095536,0.071293004,-0.042858493,0.025030963,0.021489767,0.03600461,0.07747376
-0.0056629987,-0.0753423,-0.044920176,-0.044539522,0.03390611,0.02936034,0.0053939046,0.0068357503,0.058938388,-0.054363284,0.05523448,-0.008781981,-0.08762121,0.010137854,0.05167943,-0.0009835374,0.036935445,0.009273813,0.0143750915,0.013047613,-0.05483673,-0.00972065,0.0039439215,-0.044358555,-0.01877421,0.040896993,-0.023662796,0.04823436,0.021774039
-0.012524514,-0.030522157,0.044391546,0.002299933,0.06088742,-0.022366209,0.0534764,-0.033929292,-0.045508984,0.026861664,0.013148596,0.004433945,-0.0049606105,0.06107791,0.010499001,-0.0054850164,0.0053017084,-0.003210502,0.020657234,0.0187082,-0.062617056,-0.07374826,0.0690947,-0.045689963,-0.077730864,-0.032743704,0.032614008,-0.060337864,-0.048676062
0.043940168,-0.027445786,-0.0041079535,0.03690478,-0.0229778,0.0452721,0.03672038,-0.01682716,-0.08258759,-0.027683793,0.008824137,-0.027469004,-0.039335154,-0.03532263,0.023955029,0.029723376,0.06964078,-0.0789544,-0.06904003,0.027501076,-0.04646192,0.017299214,-0.058923308,-0.06781852,0.01687257,-0.035347324,-0.052168753,0.036188558,-0.04334738
-0.07541723,0.019286947,-0.03469359,0.00967811,0.020240143,0.03480951,0.038332663,0.04436334,0.0025176834,-0.030502157,-0.039063215,0.019871145,-0.06633694,0.041672558,-0.008021044,0.0099621555,-0.010061091,-0.0034569209,-0.065668665,0.04491252,0.058106937,-0.03192542,-0.03590662,0.07343097,-0.068549395,-0.044483293,0.029672937,-0.072727226,-0.052460715
0.014931697,0.035070114,-0.009197695,-0.02198929,0.034902446,-0.03468963,0.026637565,-0.022691153,0.039004155,-0.03234798,-0.08401971,-0.055987544,0.0051219347,-0.04967218,0.06665837,0.044947423,-0.038381398,0.056333214,-0.075775236,-0.043664858,0.049391855,0.07970819,0.019148163,0.029904742,0.055378903,0.0012998633,-0.08200861,-1.7025162e-05,0.02781794
0.054318912,0.00413575,0.04056864,0.03136915,-0.0036654058,-0.006113377,0.030807966,-0.0059197242,0.021567822,0.03496145,0.019287342,-0.027149789,0.055336233,0.039998397,0.045440603,0.046254646,-0.039628033,0.06731648,0.032123115,0.042866893,0.064329326,-0.0028610767,0.019244416,0.016754285,-0.0061574164,0.063005544,-0.0028515263,0.032181717,0.069213234
-0.041881338,-0.032478005,-0.0035559724,-0.052790936,-0.009326319,-0.06717798,-0.06825992,-0.039390612,-0.051097978,-0.023363877,-0.05660908,0.031688455,-0.030254647,-0.019958314,-0.0037785266,-0.018077202,-0.024383338,-0.059319735,-0.04997,-0.070489995,-0.046630427,-0.05230422,-0.073981546,-0.061764013,-0.043353006,-0.049147964,-0.078252874,-0.035028517,0.013254603
-0.02904009,-0.035200935,-0.09620153,0.034808103,0.026721854,-0.04278407,-0.07225044,-0.07156667,0.014263382,-0.0128109725,0.08267965,-0.07819435,-0.08007884,0.05283159,0.014900331,0.011240735,0.034928735,-0.010734631,0.05602617,-0.046747733,-0.034043085,0.022877032,0.0495126,-0.08529143,-0.0768503,-0.027096746,-0.0054712207,0.03648669,0.056719027
-0.045824684,-0.003875394,0.04903493,0.024537105,0.04501073,0.053228326,-0.043795437,-0.050692074,-0.008261276,-0.01860224,-0.017561955,-0.0025013923,0.00735096,-0.048800297,0.022761201,0.006120905,0.013939445,0.03880923,-0.016043,0.07729733,0.009466321,-0.0072660996,-0.019791318,0.060703423,-0.01695999,0.043678753,-0.013888275,0.04464293,0.007621825
0.035250843,-0.03059121,-0.028494036,-0.024756443,-0.027545415,-0.035532072,-0.06576848,-0.06998784,-0.04211062,-0.03817545,-0.056354884,-0.044898488,-0.026057482,-0.020960912,-0.03382348,-0.055646285,-0.023911325,-0.04502875,-0.03495512,-0.05093272,-0.052331142,-0.049367234,-0.02969911,-0.047618754,-0.05688732,-0.057779066,-0.05353639,-0.029905671,-0.017967915
-0.040332284,-0.044324484,-0.051740393,0.043923106,-0.0046004066,-0.023645658,-0.038874343,-0.0136192925,0.054579575,0.07429243,-0.08439387,-0.057584837,-0.008319657,-0.05229461,-0.0005337797,-0.033754736,-0.0025448776,-0.03653774,-0.057217777,0.07509205,0.04676332,0.013769657,0.031843595,0.0125183035,-0.0063118367,0.01599447,-0.054193087,0.06973135,-0.04318949
-0.074020356,-0.05767254,-0.0878318,-0.06114788,-0.07181676,-0.06767961,-0.070062175,-0.08044419,0.022531416,0.026830299,-0.03326226,-0.060850535,-0.0676218,-0.06291085,-0.06702301,-0.044817083,-0.017023195,-0.024848815,-0.01629945,-0.0669075,-0.07291088,-0.025392098,0.026895443,-0.052545704,-0.067769155,-0.029850945,-0.006141684,0.06025634,0.023269258
0.027606754,0.036190193,-0.052696347,0.03676578,0.07608814,0.022536317,-0.07237187,0.004773529,-0.0070046997,0.056993272,-0.0123738,-0.0438969,0.025652524,0.018903801,0.03562733,0.031828463,0.056265227,-0.029601773,0.016662901,0.056149602,0.027214674,0.07446724,0.011818813,0.009391247,0.018425524,0.0029247126,0.05521813,0.05590325,0.017950919
0.012641019,-0.055087186,0.09669083,0.09185192,0.044709995,0.083508894,0.008663983,0.00296829,-0.04353979,0.038402226,-0.010932554,0.08134363,-0.03806053,0.037383266,0.072941214,0.01871892,0.030714203,0.019676035,0.03545974,0.07608154,-0.029570207,-0.045194183,-0.038370024,-0.060695477,-0.035052806,0.07726461,-0.003134614,-0.053992398,0.08269529
-0.028594097,0.00095386856,-0.020181293,0.07303787,0.085177965,-0.018931272,-0.082593575,-0.0861985,0.022824131,-0.057987273,-0.024714528,0.024449164,-0.045239408,-0.028031683,-0.0066888616,0.050231673,-0.013197887,-0.04227409,0.037986875,-0.041447073,-0.035572603,0.07135565,0.06836996,-0.05708419,0.05716282,-0.004067279,0.047900785,0.06615072,0.03772318
0.012253518,-0.03578466,-1.0509258e-06,0.010400688,-0.011132797,-0.05742741,0.043416187,-0.05498862,-0.03651561,0.05181612,-0.043184824,0.044577267,0.040979203,0.016145764,-0.053502347,0.02352148,-0.032980546,0.05680936,0.035313364,-0.040245716,-0.056292664,-0.08084111,0.050945453,-0.06547492,-0.06610209,-0.03785365,0.0017856666,-0.03325352,0.05357398
-0.0099784,-0.048800297,0.032599967,-0.058828153,-0.018585075,0.0324092,-0.014266906,-0.0037225382,-0.02242201,-0.051816408,-0.029557455,-0.020156262,-0.046136055,-0.00987246,-0.024502713,-0.036062658,-0.009993079,-0.061953813,-0.03212146,0.019883784,-0.036691677,-0.0056052003,-0.020218074,-0.07244232,-0.014770248,-0.058644064,0.014303233,-0.018237311,0.05724635
-0.03371603,0.034960914,-0.005749296,-0.00084833975,0.06504207,-0.03712522,0.006052953,0.00044786403,-0.0055450485,0.059162375,0.030341933,0.0385024,0.019073222,-0.04022136,-0.039925076,-0.026462305,0.04242296,-0.03658992,-0.033573084,-0.054458905,-0.001342493,0.03633146,-7.2725896e-05,-0.034611497,-0.031021278,0.010301082,0.017297542,0.038051166,-0.06308432
0.018435363,0.028114947,0.03722999,-0.038613543,-0.061246876,-0.02036815,0.021908738,-0.012934724,-0.013117503,-0.07814383,-0.075273134,0.020154757,-0.015276711,7.204659e-05,-0.07303053,-0.08023401,0.025830664,0.006488971,-0.06465813,-0.05902488,0.0016749746,0.007107249,-0.056882422,-0.062221188,-0.00767193,-0.0062202686,-0.06279652,-0.03017805,0.00089265016
-0.02745573,-0.035505656,0.039182834,0.047402225,0.049955983,0.021707028,-0.04926584,0.01592692,-0.053398177,-0.03410253,0.017235719,-0.07608076,0.034030862,0.017688772,-0.052534837,0.004820333,0.06326565,-0.016374623,-0.0078064324,0.05859825,-0.071551114,0.04041312,0.029662933,0.01197106,0.02878389,0.04754217,0.053111654,-0.00013115672,0.012931026
-0.02164716,-0.039998006,0.010221769,-0.018606912,0.04840275,-0.041383002,-0.06895608,-0.043893814,-0.011731952,0.007271833,-0.021760678,-0.030190943,-0.064683154,-0.062035482,0.04618952,-0.04852616,0.04243051,-0.05014325,-0.011667665,0.060346346,-0.058648724,0.0028994654,-0.020617642,-0.021476258,-0.07313783,0.0768147,-0.021093262,0.011060951,-0.04355196
0.050423175,-0.0223551,-0.05751186,-0.05893204,-0.0379833,-0.06374955,-0.01698858,-0.006809896,0.08351571,0.045814686,0.041576628,-0.023200922,0.03208525,-0.05116323,-0.011138517,-0.06488523,-0.041144535,0.004574978,-0.027491793,-0.044294212,0.062594526,-0.03080657,-0.03719316,0.028923001,0.012887575,0.04953147,-0.01468849,0.029031303,-0.028500887
0.063743144,-0.0033154467,-0.0072043636,-0.004897218,-0.005661653,-0.01682541,-0.008571941,-0.052167732,-0.0063889553,-0.008462575,-0.00051858876,-0.053613704,0.01536822,0.011613464,-0.03023544,-0.062674575,0.017366553,0.013322464,-0.029785536,0.056722745,-0.0055164304,-0.008977864,0.047965635,-0.031910084,-0.046261556,0.040766727,0.023078248,-0.00088660023,0.026327416
-0.057072423,0.034803234,-0.0015966499,-0.0018778129,-0.04692162,-0.061563123,0.08270386,0.05538248,0.018513577,-0.012923632,0.0597564,0.031897552,0.0040360563,0.065965995,0.02628392,-0.067839414,0.0061636087,0.025511423,-0.052271027,0.074017935,0.015184768,-0.033045344,0.019351399,0.05738013,0.00606787,0.08450404,0.05292588,0.019014625,-0.030671531
0.017091751,-0.072301514,-0.03514421,-0.040437005,-0.027176077,-0.036182825,-0.016329814,-0.032577597,-0.008934078,-0.032312416,-0.029048612,-0.055949837,-0.05674944,0.024177479,0.06308363,0.028539145,0.03574811,-0.025161294,0.013850927,0.023318194,-0.03279974,0.019330943,0.02845041,0.06740372,0.051553033,-0.0066665728,0.009750756,-0.033849895,-0.014068596
-0.07982838,-0.0048461314,-0.0455876,-0.023623401,-0.04768493,0.037354838,0.015887808,-0.024263369,0.04713934,0.021696959,-0.018604914,-0.023952452,-0.029965509,-0.015746001,0.039000876,-0.006857676,0.047231544,0.012227703,-0.022331227,0.013294747,0.010897088,-0.014582123,0.077734046,0.013632254,-0.008756523,0.026967688,-0.05223832,-0.007995926,-0.013165471
0.06930937,-0.033743948,-0.055140093,0.016134115,-0.059856888,0.024473174,-0.042781096,-0.06231881,-0.07145692,0.007193174,0.029475268,-0.03694137,-0.07393374,-0.05132104,0.07243766,-0.044274215,-0.025272181,-0.06341399,0.024850028,-0.015269765,-0.054211788,-0.060559005,-0.034311,-0.018795084,-0.026976807,-0.0765962,0.021429265,0.028016835,-0.02153864
-0.069635734,0.04621082,-0.020455768,0.038015652,0.019210694,-0.022669245,0.00783124,0.020705389,-0.012597175,0.004065092,0.03545224,-0.013693437,-0.0006787382,-0.03414175,-0.045097444,0.0137347635,-0.052089293,0.012542676,-0.026393844,-0.06925671,0.009206373,-0.011931364,0.038892806,0.04928663,0.010209442,-0.05714075,-0.058911193,-0.05288861,0.06350624
-0.0103936335,-0.010139811,-0.04831572,0.007326416,0.021362947,0.010558704,0.022490934,0.019215425,-0.036935758,0.0065593068,-0.02532311,0.042901248,0.060310747,0.030415803,-0.0030469138,-0.06410402,0.020135336,0.056964133,0.0729887,-0.04063884,-0.07595177,0.011266002,0.038359676,-0.05969684,0.011366669,0.05796948,0.00541379,0.0058412245,-0.04888889
0.03527645,0.044690214,0.055581722,0.0010360198,0.04854537,0.05732659,-0.033528823,-0.02931366,0.048488256,-0.0095419735,0.026007947,-0.024278821,0.022050485,0.06719773,0.012815012,-0.034541417,-0.025655635,-0.052299153,-0.033513166,0.025766948,0.053804416,-0.038970448,-0.04851052,-0.043495867,0.030566618,0.03498613,0.007265105,0.017261077,0.01631119
-0.014898644,-0.0010784146,0.06494312,0.047023434,0.05988262,-0.0036257284,0.012947442,0.013664372,0.05840837,0.01754234,0.06204325,0.06235895,0.007777118,0.059926473,0.025284281,0.020344093,0.04013138,0.053644907,0.02675299,0.03905661,0.05345943,0.029301936,0.07876105,0.06954646,0.076250866,0.0253615,0.020526918,0.04292538,0.07005844
-0.0069790515,-0.084512144,-0.022747163,0.022927776,-0.050091315,-0.05563508,-0.07871707,-0.044198852,-0.034469996,0.0009654339,0.017126214,-0.07726069,0.024744067,0.012046632,0.037137505,0.0198523,-0.0012304016,-0.026950628,-0.056795903,0.07058701,-0.012161841,-0.035290807,0.008074194,0.018555654,0.009623972,0.04874363,-0.044899736,0.05315187,-0.024433222
0.015474904,-0.035736788,-0.05382331,-0.07299734,-0.024719333,-0.015495627,-0.04178922,0.0030609348,-0.0060662953,-0.0043229857,0.002423858,-0.029069534,0.010133806,0.0013840559,-0.06093669,-0.022019653,-0.051595684,0.015426244,-0.016192708,-0.044691026,-0.022430671,-0.063248836,-0.01372158,-0.029095983,0.009895466,-0.058748353,-0.04924945,-0.043681826,-0.0023005097
-0.051722176,-0.033785827,-0.051822223,-0.017834036,0.0011359436,-0.06473954,-0.019346802,-0.05383895,-0.031116558,-0.027630104,-0.07443553,-0.02420812,-0.082079016,-0.06155673,0.047855962,-0.02887628,-0.01783739,0.01745006,-0.021839289,0.031359177,-0.04083191,-0.061930615,-0.026060278,0.015318181,-0.056398116,0.03296257,-0.0056910967,-0.021117037,-0.027760675
-0.030680943,-0.083620965,-0.02403067,0.029868376,0.07027113,-0.06025448,0.040030144,0.068981834,0.041138846,-0.027241724,0.04977623,0.033908073,-0.029695882,-0.03809492,0.07813989,0.029575806,0.053862672,0.042266637,-0.025516028,-0.031862114,-0.005421693,-0.03737045,-0.03816068,-0.06218972,-0.047539167,0.008282129,-0.03903218,0.07016903,0.0619179
0.07816484,0.029402109,-0.0035095105,-0.017939901,-0.009760675,-0.053136785,-0.02263396,-0.07136832,0.03763676,0.027021864,0.07122336,0.059775773,0.02323249,0.07540925,0.066227175,0.070537664,0.030612428,-0.011303026,0.04249044,-0.05349617,-0.019056825,0.059409633,0.05404991,-0.0036532676,0.029786896,0.012128111,0.01654288,0.074991874,0.051375534
-0.014474985,0.03446494,0.015501427,0.03727196,0.013105757,0.009726975,0.03897042,0.07513784,0.040144056,-0.015904984,0.019649103,0.05098827,-0.015642019,0.042902038,0.049128033,0.070272855,0.058254432,0.041092724,-0.014356406,-0.009723071,0.009163048,0.04307414,0.036778476,-0.019457005,0.061422914,0.030967942,0.022999821,0.05020818,0.06788366
0.010798975,0.0023159615,0.009117689,-0.03527507,0.07610258,-0.028665984,-0.01678327,0.013674943,0.03455701,0.048794102,0.03808546,0.07360339,-0.04609512,-0.06609108,-0.0071430886,-0.03235102,0.0076304404,-0.051496383,0.03784657,-0.079304434,-0.052959103,-0.02543344,-0.058643695,-0.03539667,0.01158026,0.039208677,-0.022886198,0.031365823,-0.0045273765
0.037558585,0.062303733,0.045475792,0.07791401,0.003937342,-0.03207339,0.047078684,0.06260854,-0.004366351,-0.079346016,0.006954085,0.056510683,0.032436877,-0.0040102373,-0.006511575,0.016619096,0.036808763,0.05650038,0.07540973,0.05341336,0.024589604,-0.018346995,-0.06276098,0.04456665,-0.004560141,0.054597005,0.043409996,-0.04071068,-0.0015211594
0.046604134,-0.07302669,0.040540434,-0.026153103,0.022216612,-0.035807077,-0.00073892204,0.044597283,-0.016093004,0.0012185948,0.036154136,0.00017458155,0.0038378357,0.0030330312,-0.046581842,0.04918794,0.008229586,-0.024895089,0.016789146,0.014577449,-0.044641275,0.04785287,0.010725824,-0.03694249,0.06569383,-0.040586088,0.046791222,0.03432031,-0.0009207764
0.013857842,0.0013519333,-0.054369,0.06673887,0.027003855,0.02550326,0.085334234,0.086920746,-0.0051997704,-0.050838772,-0.061078336,0.033034697,-0.050044626,-0.044347506,-0.022074968,0.027297452,-0.06721263,0.019868134,0.061139338,-0.073803626,0.014018987,0.0042300387,-0.030812565,-0.08029743,-0.05962797,0.023213346,-0.085904695,-0.0054711495,0.017325256
-0.068589844,-0.03195478,-0.0025185053,0.03872505,-0.027018959,-0.07317032,0.023178058,-0.015367557,-0.027683983,-0.018751498,-0.023224005,0.0569155,0.023416396,-0.014634503,0.036370397,-0.017128168,-0.051137157,-0.010249313,0.03888661,0.023390274,-0.03217782,-0.058867157,0.016370943,-0.03911067,0.0520613,0.0009639505,0.028510962,0.032359265,-0.034324374
-0.00401027,0.040391766,0.05087762,0.032608546,0.0032628474,0.010992964,0.059105933,0.030655345,-0.031465147,0.029637614,0.07010293,0.07496676,0.064579725,-0.031271517,0.05971977,0.028535273,-0.029193802,0.0625912,0.07262354,-0.05790059,0.06603107,0.025937362,0.02800731,-0.054096054,0.0055421395,0.013718615,0.024267161,0.04669824,0.032142963
-0.051307112,0.009043877,0.0015818459,0.022253005,0.045545053,0.009840145,0.024690269,0.03384034,-0.0027631493,0.008103135,0.046341814,-0.013054331,-0.01629585,-0.016492529,-0.05820696,0.0019730353,-0.04481219,-0.045988157,0.049922276,-0.0020827113,-0.043857433,0.059387457,0.018046107,-0.04140307,0.035098568,-0.057047624,0.07180143,-0.008766295,-0.0001988091
-0.04726187,-0.029589081,0.04426146,0.021853806,0.042458918,-0.025360556,0.06026165,0.015558783,0.033401795,-0.021003217,-0.03757884,-0.049468085,-0.033021834,0.023431873,-0.042062376,-0.004324255,0.037937853,-0.032725193,-0.06741644,0.014397719,0.0010377315,-0.017904347,0.057304896,-0.054770608,0.010002278,0.051069852,-0.063983425,0.010652787,-0.047663037
0.051413976,-0.009688093,0.066083595,0.074074365,0.06049746,0.03375573,0.08425153,0.0860761,0.046242245,0.0203103,0.027993193,0.037076812,0.041616447,0.059633847,0.013546652,0.026526444,-0.0035021938,0.055467717,0.007961499,-0.011378416,0.0095441025,0.03924959,0.018784543,0.03527935,0.058269076,0.052436575,-0.026920896,0.044322282,0.076262414
0.0608328,0.080299646,0.06298248,0.08501996,0.069816194,0.038183566,0.059812166,0.073813945,0.04574764,0.0356234,0.06641787,0.022200812,0.074537486,0.0828213,0.015888002,0.062055692,0.0721104,0.081107765,0.07806702,0.060237445,0.07754958,0.07892905,0.07396215,0.05459682,0.07198235,0.027420446,0.049756102,0.075159624,-0.0011072285
0.013231682,0.010059623,-0.011915788,0.012127242,0.0319152,0.05953435,-0.029512746,-0.0056781326,0.05328254,0.017660297,-0.03602568,-0.038960617,0.015683455,0.0044856193,-0.012297776,-0.023464039,0.052073173,0.048072964,0.018040696,0.04545357,-0.005797156,0.033857483,0.026445404,0.06511565,-0.06528329,0.05008074,-0.015271133,0.053919878,0.012035255
0.019156422,0.045661878,0.047685906,-0.038130566,-0.005749797,0.057678036,-0.03713102,0.057282984,-0.004864587,0.060744226,-0.0050758542,0.035580743,-0.019197302,-0.008063575,0.050799616,-0.06909994,-0.013215022,-0.0041626394,0.0080268355,0.027344273,0.0050204066,-0.0591704,0.04293536,-0.0734002,-0.027347445,0.025418486,-0.006634072,-0.014965634,-0.06996626
-0.106523424,-0.061025925,-0.0197837,-0.05162056,-0.0574481,-0.076249056,-0.052662235,-0.0789034,-0.050975353,-0.08805517,-0.08431541,-0.023270838,-0.07733338,-0.07335109,-0.06416729,-0.056775298,-0.09217887,-0.08677182,-0.069626845,-0.0748253,-0.0039840927,-0.01923744,-0.068573,-0.073458984,-0.022071777,-0.072004534,-0.06393081,-0.065961435,-0.07488844
-0.0011623807,-0.020706605,-0.022101229,0.005568328,-0.060220465,-0.01840132,-0.08196696,-0.08489218,-0.0796031,-0.058883436,0.05291193,-0.058412913,-0.021467185,-0.009778034,-0.0064200633,-0.04236187,0.005081008,-0.03551776,-0.030452717,0.02602609,-0.058634,-0.05860315,-0.044331137,0.009701483,-0.030520141,0.017769301,0.075690076,-0.07369649,-0.029141264
0.033892922,-0.041994542,-0.0102602625,0.0061279335,-0.032929003,-0.044960283,-0.04870001,-0.06419843,-0.053612106,-0.003332987,-0.021853372,-0.060714252,-0.01629944,0.0023270766,-0.048604533,0.009761279,0.08043684,0.04353346,-0.03206271,-0.029213276,-0.0447009,-0.06862179,0.029848792,0.00887285,-0.06450733,-0.022539522,-0.057667177,-0.0100604445,-0.029672526
0.012104457,-0.041122667,0.027605416,-0.0471719,-0.050225005,-0.015976558,-0.050069526,0.014430035,-0.007373996,-0.0044526104,-0.035281695,0.03207241,0.01862888,-0.03340989,-0.021602131,-0.053004242,0.022169692,0.009975399,-0.05277925,-0.00022643308,0.0781692,0.009303757,-0.001650073,-0.02310056,-0.0014047981,-0.0039981147,-0.031831224,0.009438553,0.023828967
0.060749028,0.022001587,0.026379146,-0.052548997,0.0043529104,0.032226685,0.011520478,-0.010418094,-0.03517458,0.0032030393,0.042814877,-0.021803472,-0.005123472,0.05044502,0.00805881,-0.04815988,-0.07000377,-0.029872296,0.016550398,-0.020706737,-0.05726642,0.040942054,0.02095005,-0.019849556,0.014649248,-0.028869977,-0.009473642,-0.020972455,-0.009610765
0.04742101,-0.0030804297,-0.07610248,-0.039832372,0.009503436,0.022936825,-0.03729338,-0.08183273,-0.030002868,-0.07363625,-0.02952885,-0.056475956,-0.04120662,-0.012682661,0.04010064,-0.007165521,0.014586186,-0.032050055,-0.04450999,-0.0793738,-0.007953605,-0.034803122,-0.07101774,-0.015899913,-0.028389022,0.0034893875,-0.07394072,-0.025362158,-0.051243562
-0.027749525,-0.0025434962,-0.053045433,0.009705273,-0.06855383,0.031222127,0.009822641,-0.064054094,-0.026670389,0.0059832316,-0.02075711,-0.04715179,0.0022226225,-0.01398116,0.004731152,0.032536615,-0.042836666,-0.047516614,-0.071843535,0.031690627,-0.02721344,-0.076720364,0.030870972,0.035110343,0.033267062,0.0048676883,-0.036751892,-0.06726466,-0.03140597
0.0077097737,0.060034543,-0.025034875,0.07195714,0.01490937,-0.01905551,0.015603567,0.050440785,-0.025012696,0.025215406,0.08497546,0.07872314,-0.00022666251,-0.019236092,0.07181738,0.02423433,0.009564976,0.0501747,-0.031529196,0.05835761,0.024656296,-0.07310331,0.03707892,-0.0006304711,-0.060864825,0.060739543,0.04997508,0.07952685,-0.066201
-0.0024475479,0.029444624,-0.034412157,0.026724398,0.03728631,-0.050024077,0.031515885,0.014781157,0.057862066,0.07850257,-0.014171444,0.05486457,-0.004465483,0.030216843,0.010839172,0.02317088,0.08027209,0.007876004,-0.019383876,-0.008134404,0.054998636,0.011272951,-0.021787189,0.030737152,0.05434541,0.07133739,-0.006164394,0.020552807,-0.04652382
0.010740556,-0.044904754,-0.08487221,-0.07119346,-0.05727732,-0.07699915,-0.034428485,-0.04262458,-0.057234157,-0.058144808,0.02000188,-0.0717451,-0.04702919,-0.058399823,-0.07639719,-0.0078056892,-0.010321039,-0.054930706,-0.048172396,-0.052166637,-0.05476358,-0.05865287,-0.069453835,-0.070346564,-0.04869385,-0.04302022,-0.04561768,-0.06435708,-0.06632741
-0.03618629,0.04096122,0.028643623,0.035660814,0.04073917,0.036151953,0.07784804,0.06313833,0.017957907,0.008337978,0.009165241,0.007475683,0.045707304,-0.002531877,-0.012644213,0.043087844,-0.005308382,0.07218285,-0.041594416,-0.02910944,-0.0033272903,0.016733153,0.012191966,-0.009375369,-0.04112046,0.036062587,0.039487224,0.069787554,0.07754405
-0.014122603,-0.0046158927,-0.029124442,-0.025036143,-0.041031078,0.036623072,-0.069306776,-0.043986194,0.026811821,0.02392877,0.02400741,-0.017964438,-0.044171304,-0.0089634815,0.011865908,0.015537999,0.019543663,0.043834575,-0.0020915556,-0.018741895,-0.045373987,-0.0029998878,0.061869014,-0.041207932,-0.025286704,-0.022769028,-0.045019187,0.036317326,-0.018254047
-0.011411906,0.08808959,-0.01812688,0.00041269488,0.08589294,0.050326765,-0.027811643,-0.0065947496,-0.060417347,-0.039265424,0.013017905,-0.04929109,-0.033198927,0.059506394,-0.06741555,0.02280759,-0.0722109,-0.030435199,-0.020386808,-0.012794148,0.014060825,0.081219815,0.03158204,-0.030557122,0.0038623218,-0.05359193,-0.0006589961,0.0046961354,0.044628054
0.04238891,-0.016537935,-0.041799642,0.031941243,-0.016521387,0.034321744,-0.014605673,-0.041000336,-0.07343943,-0.0010950997,-0.010376279,-0.06744409,0.008361412,-0.045462746,-0.04311506,-0.043417744,0.045024335,-0.07392424,-0.061900936,-0.026026772,-0.03783055,0.008422692,-0.033551317,-0.015670968,0.04000917,-0.0649717,0.0075104767,-0.026020028,-0.033089556
-0.011277056,0.032585744,0.003909491,-0.07126371,-0.0033420532,-0.030108754,-0.044577282,-0.010333109,0.026159924,0.06528152,0.005888232,-0.025746495,0.03503063,-0.012542766,-0.05121007,0.051453408,-0.038897768,-0.035407152,-0.0010629365,-0.018998852,-0.071615145,0.04169524,-0.060571656,0.007281195,0.028779572,-0.06848989,0.05852749,0.0034315274,-0.02289806
0.06609419,-0.06080906,-0.060016092,-0.07526083,-0.064841785,-0.080951706,-0.042594314,-0.028496787,-0.032219723,-0.067549765,-0.049475268,-0.056706578,-0.06541262,-0.049370952,-0.049908448,-0.045627315,-0.08047672,0.0019044068,-0.07786481,-0.055006526,-0.037558172,-0.052937474,-0.06385019,-0.046582315,-0.047756746,-0.053892925,-0.03748412,-0.024670495,-0.036801912
-0.0058939653,0.08810676,0.00047741723,-0.051920973,0.07511873,0.0067373584,0.03335986,-0.06258986,-0.05050835,-0.04132645,0.077170044,-0.00066973816,0.012818879,0.07256572,-0.035347056,0.04225327,-0.03541112,0.06693768,-0.02983262,0.055125285,-0.060525708,0.079200186,-0.015371696,-0.047502413,0.06483875,0.0010259373,0.054695122,-0.023868851,-0.053374656
-0.029763516,0.048817363,0.018146817,0.006409553,-0.0015434448,0.0036807698,-0.0019799818,0.029179709,-0.026732415,0.02990235,0.054059234,-0.06349758,0.02581093,0.046653423,0.059037168,0.060700815,-0.008570209,-0.01716288,0.063941,-0.02570023,-0.023368454,0.030756028,0.002318758,0.010456968,-0.0005899386,0.013527084,-0.0137147745,0.0023720202,0.01079541
0.0077516334,-0.007219224,-0.034322143,-0.025023088,0.009043972,-0.014928186,0.014912599,0.014421446,-0.050558828,0.0625864,-0.0031199923,0.059650805,0.0039515053,-0.04304282,-0.033323385,0.042267837,-5.5137112e-05,-0.07730138,0.015625397,-0.029279623,-0.005244361,-0.054429132,-0.032395337,-0.042916104,-0.0053881463,-0.060487393,0.05803984,-0.009525488,-0.034715027
0.028699407,0.04752929,-0.040476743,-0.047786616,0.02933243,-0.0340971,-0.03767489,-0.029042378,-0.07005535,-0.035296205,-0.030585265,-0.04031336,8.97519e-05,0.055910002,-0.0035339023,-0.06418844,-0.06999433,-0.075894676,-0.04681967,-0.05281209,-0.04717859,-0.020363644,-0.048688736,-0.016659869,-0.05732927,-0.06619667,-0.048799425,-0.0520926,-0.0028338113
0.029602865,0.030562045,-0.005340227,0.020680353,-0.022077382,0.019527625,-0.035298657,0.06976269,0.001637955,0.064948805,0.005821231,0.06467751,0.044051297,0.03743711,0.011222307,-0.06636037,0.045209277,0.06056851,-0.0023787098,-0.045457277,0.055550553,0.008935002,0.0109319575,-0.08148573,0.008186107,-0.021045297,-0.0086201625,0.060623065,-0.003192529
0.04507704,0.0007660169,0.0021550257,0.013574729,0.06307572,-0.06738492,0.006050893,0.003133994,0.06849339,-0.062281933,-0.06372761,-0.064767055,-0.039370127,0.07195622,0.060360022,-0.01617192,-0.049278125,0.019651867,-0.048094798,0.014961343,-0.015024419,0.032051772,0.079721816,-0.030207166,-0.05997275,0.020604605,-0.020553723,-0.018019829,0.023570893
0.0062422096,-0.03450991,0.007043193,-0.027217178,0.048992813,-0.0019686467,0.05112182,-0.0035580825,0.03805552,0.03234711,-0.016514499,0.01423463,-0.058734573,0.03418404,-0.0022011911,0.034848154,0.040418055,-0.06637542,0.0096883075,-0.0027323915,0.004268316,0.0032080235,-0.042918682,-0.025716823,-0.028290082,0.028525012,-0.00060146453,0.031601563,-0.02208359
-0.00613251,0.016519539,0.052389573,0.09232746,0.07665968,0.051717024,-0.060236085,0.024171561,-0.00040259692,-0.010243835,0.039423816,0.017887216,-0.029517332,-0.021683292,0.06266416,0.05246636,0.028695667,-0.037456628,0.033306334,0.022183936,0.077916056,0.0057940595,0.038218535,-0.08385347,-0.04057306,-0.012405031,0.069446936,-0.0027030078,-0.06363559
0.01423083,0.011087093,0.036909293,0.04803874,0.04864219,0.057103246,0.06912521,0.05245485,0.067076206,0.07115579,-0.0051452196,0.061785333,0.07838606,0.08327085,0.063721165,0.03779908,0.052401315,0.010070019,-0.0010561396,0.07802158,0.0640883,0.074219376,0.07229813,-0.0011260007,0.07710725,0.003651791,0.0058693346,0.08515582,0.06553486
0.050141245,-0.01641192,0.027082007,0.034846883,0.053815756,-0.03460893,-0.037866678,0.013886478,-0.017415715,0.052729856,0.039424285,-0.0428818,-0.026699256,0.06527067,-0.014801329,0.06322545,-0.009660233,0.009058509,0.051526617,-0.037237033,0.006164912,0.07608977,0.001569819,-0.0865451,-0.004855264,0.038962413,0.069277205,0.013657359,0.02275722
-0.025453024,0.017320944,-0.06444246,-0.029344674,-0.06560664,-0.05744918,-0.080907695,-0.019522944,0.0013989205,-0.05781735,0.029864302,0.014568125,-0.07838559,-0.06621054,-0.026782423,-0.058439933,-0.067094676,-0.0555494,-0.007952803,-0.055487156,0.043746565,-0.07014819,-0.02712297,0.048866052,-0.031259045,-0.040391244,-0.04009651,-0.014227331,-0.01050983
-0.015859554,0.026229126,0.02853611,-0.02981323,0.013361177,-0.02958118,0.024898507,0.0052532144,-0.08073067,0.052498233,0.006507509,0.016974919,0.07042412,0.0671273,0.005574498,-0.017596884,0.0031439385,-0.07467615,-0.04149126,-0.020195236,-0.0748921,0.017578542,0.008408614,-0.065861546,0.04378999,-0.06292696,-0.027183177,-0.018537443,0.0108676795
-0.0055144103,0.082521394,-0.031108543,0.041685775,0.08011183,0.07533739,-0.045796294,-0.026265448,0.016175453,0.07133828,0.019334752,-0.021643935,0.06507094,0.011427456,0.07624214,0.030059513,0.06037328,0.021512374,-0.0054413886,0.07036263,0.037912738,-0.02169347,0.043361083,-0.054520186,0.010243202,0.030572468,0.07738524,0.048153087,-0.034674004
-0.027959747,-0.052174795,-0.008523736,0.06831234,0.024076905,0.007923065,-0.023155265,0.004610785,-0.05379582,-0.0032530935,0.018080749,0.06534451,0.0017833983,-0.016763749,-0.022929572,0.014281463,0.0650438,-0.0007913617,0.04166965,-0.0013905521,-0.05078156,0.05710304,0.002974422,0.033568565,0.030819602,0.04630966,0.009629213,0.037691865,0.041588634
0.028696053,-0.040058404,-0.009310447,-0.06483659,-0.028975891,-0.021414194,-0.03403166,-0.050515283,0.014954309,0.02741154,-0.022054447,-0.046116315,0.040231768,0.031680156,0.0049365475,-0.033859197,0.0022379872,0.030229071,-0.0534693,-0.029632222,-0.040334877,-0.043205302,-0.036089733,0.022327004,0.03950868,0.03180246,-0.003438666,-0.034550305,0.00045394836
-0.062149346,-0.022864928,0.0130083235,-0.023017783,-0.034143694,-0.02029885,0.03092283,-0.00024923644,-0.065924905,-0.07585234,-0.06683078,-0.020947885,0.0034095147,0.0134728905,-0.03698382,-0.04688452,-0.06908162,-0.0732558,-0.042195074,0.0037057106,0.04192127,-0.05175278,-0.01879897,-0.03789549,-0.024543887,-0.01752527,-0.068479955,-0.07782231,-0.06341509
-0.039906863,0.012461007,-0.017324137,0.0039000018,-0.007209643,-0.008834125,0.010639005,-0.018720122,-0.047569606,-0.01771469,-0.017621594,0.011581845,0.015472644,0.0069845244,-0.034293123,0.026299391,0.053765975,0.045747884,-0.015087006,0.04889294,-0.0031666716,-0.025653247,-0.02046873,-0.035409383,0.022936545,-0.010528441,-0.050064187,-0.00049062824,-0.040340953
-0.06869411,-0.02265388,-0.01689704,0.07340877,0.03852791,-0.051248,0.0065015433,0.020668896,-0.015325712,0.031561024,0.07334166,0.04598329,0.062244605,-0.035945695,0.0019683624,0.070711605,0.04760923,-0.039339527,0.0325574,0.036258258,0.027001575,-0.005729682,0.031737786,0.056389343,0.061360493,0.014535256,0.043295775,-0.013593698,-0.03618042
0.0124521395,0.07577164,-0.05001481,-0.04010205,0.035576176,0.034780115,-0.04594432,-0.0014949646,-0.057211153,-0.015727634,-0.08712187,0.029115073,0.026572814,-0.01406373,-0.018053636,-0.054220088,0.020640604,-0.037954435,-0.0055054603,-0.06025957,0.023461673,-0.0050084023,-0.0350745,-0.02627597,-0.021672899,-0.044583365,-0.077246435,-0.016229294,0.004881335
0.029053515,0.025929315,0.03364666,-0.054525334,0.003771671,-0.01369765,0.028593566,0.046213,0.02834067,-0.05025233,0.04262696,0.07060387,-0.029920202,-0.054534636,-0.008839693,0.069142185,-0.010727367,0.09058754,-0.064470224,-0.07180875,0.04583657,-0.023333238,-0.052596852,-0.06775109,-0.0056498772,0.0009903759,-0.04510663,-0.0083411895,0.0054870546
-0.08964363,-0.009155079,-0.062450778,0.006881341,-0.07306416,-0.039824247,-0.049102187,-0.016826654,-0.05791452,-0.060871802,-0.01848869,-0.003259089,-0.07917625,-0.05929045,-0.054673795,-0.03744589,-0.008259559,-0.060588434,-0.045757268,-0.050310634,-0.043132484,-0.044119798,-0.05808571,-0.03542261,-0.021779502,-0.072744675,0.015662981,-0.062091023,-0.047945548
0.04578494,-0.05451092,0.030498233,0.033529896,-0.058085848,0.013618371,-0.037079215,0.013659059,-0.019950217,0.069379024,-0.015742183,-0.021902846,-0.026437858,0.06331329,0.033075754,-0.030024813,0.016208291,-0.004239545,0.021281239,0.039807666,-0.042854566,0.01200613,-0.00413087,-0.03283813,0.012024719,0.046937756,-0.0077924537,0.026380079,0.06897883
0.13024671,0.08790881,0.09791423,0.09409642,0.0871845,0.085951835,0.08571139,0.085986875,0.0849502,0.10570691,0.087554306,0.078457125,0.08915311,0.08694747,0.08270772,0.086085625,0.08820379,0.09343268,0.08253439,0.07985371,0.083207786,0.082619086,0.09140319,0.08903393,0.08203199,0.0881888,0.08518603,0.08914129,0.08352424
-0.015570292,-0.050381277,-0.020635929,0.009092561,-0.056904975,0.006257656,-0.0022068094,-0.04515674,0.0062951436,-0.0037114143,0.0017027721,-0.041690037,0.075466745,0.045142137,0.00057114917,0.03343853,-0.03138908,0.0041534808,0.053526156,-0.01391287,0.054199606,0.041872125,0.06703934,-0.06219453,0.04879605,-0.002870953,0.031215087,-0.059282076,0.022431694
-0.028727222,0.05357083,0.0089065535,0.015495319,0.01890042,-0.0133798905,-0.042199578,0.019172525,-0.05716082,-0.038692787,0.021187427,-0.067965895,-0.014454133,0.030347237,-0.030015137,-0.0168839,-0.03631975,-0.040488366,-0.063229315,-0.043823738,0.060560443,-0.04656727,0.027034484,0.039530937,-0.024472617,-0.057493754,-0.023258265,0.05568021,-0.0033006684
-0.09603933,0.0729198,0.015882589,0.014822668,-0.019364776,0.03671809,-0.0212701,0.043121375,-0.04485158,-0.014106175,0.0515158,0.044912606,0.062364675,-0.047084935,-0.016820993,-0.0031585484,-0.019499987,0.06043108,0.0016729068,-0.034196347,0.024104709,-0.042940915,0.014765932,-0.044027563,0.021320365,-0.003898411,0.011345068,-0.021164617,0.033018436
0.04840096,0.016451584,-0.042277664,0.04251809,0.017690027,-0.07786038,0.055275932,-0.056166366,-0.062119987,0.026882077,0.047223385,-0.028874213,0.009405841,-0.016239243,-0.006234425,0.009444699,-0.09004427,-0.016662732,-0.025176257,-0.02739191,-0.02016867,-0.024946727,0.03889103,-0.046963543,-0.016448965,-0.0194931,-0.03615639,-0.020136964,-0.009620414
-0.11941977,-0.06560266,-0.051404215,-0.07138961,-0.06959441,-0.073708005,-0.05922665,-0.04584681,-0.07873559,-0.06084664,-0.06623252,-0.02514143,-0.05764632,-0.063193664,0.036447875,-0.045390073,-0.0052601546,-0.069929145,-0.03855904,-0.03776943,-0.06052432,-0.05370795,-0.05164346,-0.069255576,-0.01049438,-0.059854597,-0.06610808,-0.07348063,-0.059738956
0.013852975,-0.02382849,0.0010956962,0.00218285,0.037123386,-0.06999361,-0.07111199,-0.0111805815,-0.01645807,-0.046008192,-0.05870568,0.04921312,-0.074037276,-0.024162507,-0.049197488,0.009979072,0.01158518,0.0003816066,-0.03794718,0.0076993625,-0.014410445,-0.009503254,-0.04796426,-0.063246,-0.03593015,-0.03985899,0.0074091395,-0.020023728,0.0047642565
0.024561692,-0.011722937,-0.0032802906,0.024879554,0.049173146,0.021729669,0.026040921,0.013497431,0.028037794,0.011435606,-0.02277111,0.04210322,0.03968453,-0.021539195,0.03808428,0.031135205,0.054325636,0.01145888,0.065686114,0.018347166,0.036592133,-0.024388148,-0.04793666,0.022035172,0.032144934,0.01912646,0.01381161,0.019016247,0.015214322
0.003240847,0.04705699,0.027773894,-0.00058255676,-0.03938711,-0.019948073,0.04400756,0.036399346,0.045257594,0.036862183,0.04708113,0.0047880323,0.015849872,0.058233935,0.0217274,0.031300757,-0.020637756,-0.045792524,-0.028051844,0.05438129,-0.05193638,-0.075115785,0.04566851,-0.011121128,-0.03085364,-0.037323322,-0.035443008,0.014864222,0.0013739862
-0.058838967,0.037879333,0.06231951,0.01632419,-0.0019162314,-0.003740039,0.02534681,-0.0069022165,0.035156775,-0.092236616,0.062735595,0.06158766,0.010736195,-0.037306715,0.03430895,0.010878454,0.030530676,0.03797165,0.061518405,-0.034775358,0.004799607,0.03682474,-0.020221045,-0.009108642,0.022393167,-0.06919228,0.07656825,0.033992752,-0.022032345
-0.018702576,-0.036178928,-0.045122176,0.028024899,-0.024951154,0.000428935,-0.03135158,-0.014714105,0.029215842,-0.017065207,0.06968769,-0.042118076,-0.066902675,0.020166306,-0.06263917,-0.041716803,0.0017727267,-0.01127768,-0.05552002,-0.05633995,0.0276203,0.031775765,-0.014769883,0.0143808955,-0.015368754,0.0019948294,-0.028800473,-0.036643814,0.07352658
-0.02426541,0.0037395898,0.046342686,0.0771606,0.07560189,0.06550448,-0.014201175,-0.014910128,0.047615778,0.0883278,0.04820945,0.031655725,0.003049304,0.003580857,-0.0069335066,-0.017644506,-0.0021506632,-0.035100255,0.066768415,0.045890268,0.035018835,-0.00881719,-0.03012206,-0.019691674,0.012033315,0.009536224,-0.014196735,0.01715293,0.0692492
-0.013877925,-0.05629678,0.062193114,-0.029177254,-0.057235267,-0.038827993,-0.00170017,-0.01593406,0.05478355,-0.014453824,-0.0658779,-0.0009860332,-0.040409736,-0.026557643,0.04017508,-0.019845491,0.06136747,-2.0973352e-05,-0.06031821,0.007535033,-0.035194103,0.014928612,0.053528644,-0.047931626,0.05525651,0.013161635,-0.069223344,-0.04085656,0.030734302
0.041044723,-0.011392321,-0.010556191,-0.004375818,-0.037447974,0.0036389383,-0.027164055,0.04549307,0.038773857,-0.059528865,0.07010442,0.059315864,-0.010981494,0.0053276718,0.067471124,-0.05573091,0.09287849,0.016555673,0.06339709,0.015595007,0.022955664,0.04289533,-0.03200023,-0.083814576,-0.054032747,-0.0041050753,0.08702249,-0.02032279,-0.026588498
0.037411306,-0.05726866,-0.06659862,-0.055659316,-0.0098631345,0.06585371,-0.07189924,-0.033649564,0.039564326,0.038343783,0.07110213,-0.06860069,-0.05426732,0.035723038,-0.05177918,0.0065673473,0.037227795,0.00059119455,0.014771348,0.024651567,-0.00089788815,-0.05416144,-0.07944867,-0.0725585,-0.019955574,-0.021531552,0.002095217,-0.036299523,-0.052520383
0.016164012,0.012755543,-0.0562987,-0.030848373,-0.02411514,-0.023427255,-0.010102663,-0.0034742297,0.0071475287,-0.011402228,-0.005064701,0.05582378,-0.04519643,-0.025115142,-0.0066366065,-0.001640783,0.0043982333,-0.03174087,-0.011931172,-0.04606263,0.027190851,-0.026279962,0.010333345,-0.0031266927,0.03214655,0.0015519048,0.012473155,0.0036864865,-0.04520073
-0.04506601,-0.015055954,0.018662572,-0.009310421,-0.0410657,-0.02499076,0.04800976,-0.067922205,0.06842376,-0.039123777,-0.06148301,-0.010774183,-0.08085737,-0.017592669,0.055422757,-0.07606912,0.03836293,-0.0146473395,-0.03999487,0.014815052,0.034151662,-0.040512748,-0.010832545,0.056769326,-0.079271585,0.056948278,-0.06530995,0.04343642,-0.049296215
0.048299298,0.06429534,0.034180958,0.028005473,0.05985336,-0.042770863,0.0702657,0.060182925,0.014543319,0.05068566,0.047108218,0.030828334,0.000473526,0.07315298,0.054863907,0.00085748936,-0.07179497,0.051438503,0.034192894,0.06499881,0.06808454,0.055301875,0.044161666,-0.08616511,0.04845553,0.042914435,0.0036633878,0.04460624,0.061058465
0.08734449,0.04666898,0.025820905,0.014736353,-0.046603702,-0.022929002,0.0110542355,0.0014205468,-0.01877454,0.0051874956,0.027615616,-0.026327362,0.041603882,-0.049184814,-0.0012560464,-0.03906658,0.009483112,0.063182615,-0.031092778,0.0077401325,0.02622539,0.02091652,-0.04895706,-0.031712383,-0.052860223,0.027219245,-0.03519156,0.010431025,-0.016936256
0.002081237,-0.04132196,-0.015980097,0.017675428,-0.04937337,-0.033310905,0.01681644,-0.06620016,0.022821214,-0.018065425,-0.06993551,0.00044790187,-0.03318088,0.0023569847,-0.043759797,-0.012458129,-0.041477982,-0.019048315,0.011148486,-0.048472535,-0.023705332,-0.064217575,-0.044906553,-0.07329824,0.03330308,0.043605026,-0.012430259,-0.07534309,-0.03364759
0.020836266,0.025595866,0.019975264,0.041960016,0.07359686,0.015146948,0.054453652,0.07183363,-0.04634807,-0.05232338,0.028678894,0.01992936,-0.048935857,-0.010199244,-0.046396505,0.042961597,-0.0021729427,-0.029688353,0.035260357,0.032069378,-0.045841135,0.026779512,0.0042713527,-0.034194052,0.0023661668,-0.063785784,0.009567441,0.04022114,0.036881343
0.07876616,0.0030515047,-0.03127667,-0.026524544,-0.06275472,-0.03536386,-0.06527761,-0.04644472,-0.04024176,-0.04136082,0.039037768,-0.05975085,-0.01756723,-0.06297405,-0.055046458,-0.057981525,-0.050648574,-0.022034945,-0.026285473,-0.054414757,-0.05545121,-0.05021024,-0.0047336672,-0.008602296,-0.03128061,-0.038294543,-0.015825065,-0.011202531,-0.016686846
-0.03309847,0.0026420967,-0.013471795,-0.046594605,0.03240612,0.009040945,-0.01091905,0.024718719,0.029260367,0.038620826,0.07574241,-0.026044257,0.029223246,-0.04423031,-0.07462743,0.05394063,-0.034185544,0.047513053,0.010004491,-0.032364722,-0.04241538,-0.02262722,-0.018349115,-0.047527757,-0.009310273,-0.03062137,0.029062629,-0.0008153299,-0.023126857
-0.036560994,0.07004453,0.0030162395,-0.010973951,-0.05636021,0.06375916,0.03620378,0.026421102,-0.04422259,-0.05011294,-0.011218328,0.04298295,0.05391722,0.047029737,0.01790269,-0.06057143,-0.009733669,-0.017523149,0.007127739,-0.01327896,-0.05334712,0.030726545,0.02213895,0.060471427,-0.013600405,0.053481694,0.031588983,-0.01787776,-0.016007205
0.036404863,0.021090792,0.0013102627,0.029808056,0.031160096,0.052358218,0.020789366,-0.008029973,-0.016359366,0.0589995,0.05477266,0.008094545,0.043147646,0.0080598835,-0.058130827,-0.0014989872,0.02576667,0.04384498,0.028065097,-0.025328813,0.03164969,-0.015645059,-0.053551394,0.0035381464,-0.042560168,-0.0012062367,0.031184334,0.071073696,0.014897703
-0.041750956,0.016276103,0.04995765,0.0613923,-0.04575614,0.038000487,0.006520026,-0.035776854,-0.050752696,0.048560306,-0.027149867,0.03337155,0.055164073,0.05066039,-0.03458825,0.0063762898,0.0022613138,-0.03169588,0.031887464,-0.04453542,-0.043416522,0.06350406,0.036378462,-0.06563576,-0.002950404,0.030958047,-0.02324108,0.064086676,0.055077825
-0.026690103,-0.057213318,-0.037349757,-0.05762399,-0.036369573,0.019191343,-0.021993287,-0.028456766,-0.0670587,0.015132402,-0.031734455,-0.05028113,0.00015542106,-0.015398243,0.030147392,-0.030412149,0.039225265,-0.06684172,-0.014590853,0.019560657,0.027801618,-0.04109132,-0.065036684,-0.0036212292,0.034037307,-0.026613226,0.0030113142,-0.03636847,0.010548384
-0.06527981,-0.026736172,-0.038326137,-0.042818964,-0.048886806,0.0049284953,-0.028740901,-0.0128718605,-0.07033427,-0.057343736,-0.019787515,0.062493417,-0.0054155723,-0.004087497,-0.027598519,0.009829871,-0.07737771,-0.048504498,-0.0068364996,-0.05831752,-0.06123854,-0.039922148,0.038771987,-0.074926354,0.0481473,-0.08029714,-0.010900841,-0.048433557,-0.055806845
-0.031037467,0.019491281,0.0013010411,0.015040617,0.02992066,-0.031156706,-0.03603177,-0.04026497,-0.057093255,-0.01598062,0.028054344,-0.018841712,-0.0038328618,-0.016571082,-0.03963094,-0.032197606,-0.031194532,0.03286324,-0.018375868,-0.005344292,-0.021782702,-0.048246197,-0.047805488,0.0051102843,-0.042488422,0.025505973,-0.01372495,-0.03877304,-0.047445137
-0.059880808,0.045726907,0.027588692,0.044798035,0.03997691,0.050382886,0.053844187,0.044004805,0.0745324,0.032964766,0.07592877,0.00029584736,0.056935664,0.023810767,0.037133712,0.04008485,0.08345554,0.04489033,0.06174773,-0.034068275,-0.00462019,0.06980939,0.087682374,0.047228213,0.057628226,0.024821004,0.033044413,0.062854834,0.04847248
-0.037565805,-0.010050117,-0.0033278354,-0.03337166,-0.052043118,-0.058856823,0.024537602,0.05921199,-0.0070582465,-0.04576933,0.057533573,0.0556782,-0.07198656,0.0009028308,-0.021760475,-0.03121726,-0.060884636,-0.0069333347,-0.017565634,-0.062289026,0.046359062,-0.043043703,-0.06629416,-0.06775782,-0.07874452,-0.07918042,-0.041267164,-0.0064333784,-0.047090154
0.033209912,0.03108662,0.06609728,0.03899949,-0.030462708,0.07184432,0.067048095,-0.005937445,0.030823408,0.033323754,-0.05775148,0.07393312,0.07469336,0.07997007,0.06884597,-0.016827298,0.045242965,0.030167725,0.016860874,0.07640607,0.07645902,0.04688555,0.08424126,0.010228569,0.055755436,0.08403866,0.034801416,0.04848504,-0.026239794
-0.065879785,-0.014126903,0.076455064,0.022575947,0.077998415,0.008349206,0.07575657,0.04248025,0.058871504,0.05361317,-0.024760898,0.043623693,0.008644988,0.06749106,-0.013196494,0.024367994,0.023291064,-0.06862697,0.07056929,0.028740909,0.07373919,0.035980828,0.0033940165,-0.004983622,0.055504125,0.06551994,-0.05114954,-0.03833805,0.054572456
0.031908985,0.053951696,0.025888361,0.06267686,0.008876995,0.004595973,0.07320788,0.08413051,0.012387684,0.044648837,-0.003202954,-0.033174828,0.042042516,0.08372127,-0.0142180305,0.06696684,0.049430557,0.04456938,0.06925328,0.07626836,-0.027955184,-0.031503346,0.04977102,0.027971378,0.0050114645,0.008537541,0.021539576,-0.080334716,-0.02571152
-0.04070843,0.062425822,0.024095485,0.034400783,0.044591084,0.004754056,0.017793616,0.04762849,-0.023299651,-0.008988201,0.04139366,-0.008404509,-0.01634334,0.024883125,0.036072552,0.03595238,0.038763314,0.055832293,0.03380728,-0.0035633892,-0.04463547,0.06183221,-0.06780721,-0.019886425,0.049657114,-0.03498521,0.063932,0.042002138,0.040152036
0.039690893,-0.0031194189,-0.007868156,-0.025844296,0.020585284,0.08131425,0.066263914,0.060214926,0.064568825,-0.019640021,-0.077403605,-0.07019621,-0.0356394,0.0062465626,-0.059082307,0.053181294,0.023213113,0.04672179,-0.015077216,0.055680975,0.080172494,0.07883045,0.010083715,0.036509763,-0.019320099,-0.017844623,0.01440352,0.082468756,-0.05059246
-0.025683329,0.07074489,0.021191351,0.006274462,-0.0037217005,0.07944844,0.03823396,0.0551999,-0.032027923,0.019281203,0.04623793,0.06201949,0.047129948,0.07345898,-0.012102506,0.008091964,0.054967195,0.024455786,0.022782024,0.02025284,-0.0007315158,0.00017793132,0.033275448,-0.009101892,0.05190662,0.019544596,0.032160223,-0.030606866,0.019940581
0.053811386,0.013759246,0.0734332,0.024111161,0.057665363,0.07361019,0.0637088,0.04648206,0.076245375,0.083564214,0.038914096,0.05942078,0.049258575,0.05079511,0.07880436,0.079206295,0.07385457,0.05909213,0.03632256,0.06420464,-0.009307814,0.067150444,0.07131226,0.061896656,0.08071386,0.082497895,0.0074467277,0.08122356,0.053621918
-0.026446274,0.010906066,-0.03448015,-0.039329376,-0.031239925,-0.04167876,0.021608163,-0.009966261,-0.06082633,-0.07947626,-0.06407867,-0.001881612,-0.0034661968,-0.039918173,-0.011731248,-0.031012109,-0.012461921,-0.08052106,-0.05290124,-0.060532305,0.004598012,-0.030955119,-0.07096425,-0.043945596,-0.07618744,0.0020682511,-0.059828922,-0.06080292,-0.068631016
-0.0150508955,0.048139084,0.017069107,-0.010256062,0.023786638,0.02723392,-0.06277822,-0.051362406,-0.042547185,0.015124618,0.00024102801,-0.046026386,0.034948755,-0.0023811182,-0.033990387,-0.08218232,0.06686203,0.018374387,-0.032238636,-0.03455256,-0.04766644,-0.023073956,-0.015061913,-0.030730745,-0.0059598275,0.0394757,0.02445093,0.045172215,-0.037655164
-0.06201194,0.013147925,-0.070993215,-0.04023785,-0.006248861,0.035919607,-0.029666135,-0.03806863,-0.031732194,-0.07052503,0.0066274507,-0.062388893,-0.046862736,-0.06364304,-0.076246165,-0.05189975,-0.04836035,-0.018628541,-0.04427247,-0.07348316,-0.06932155,0.011047238,-0.058148354,-0.038647626,-0.07835779,-0.08093827,-0.050860826,-0.0747359,0.020510271
0.02370415,0.005651687,0.05049998,-0.03092089,-0.03794537,0.031863406,-0.030413723,0.03717605,-0.010737106,0.009699501,-0.029893544,-0.05814555,0.07079445,-0.01817161,0.06162892,-0.0630327,0.04751093,0.005939924,0.07869213,-0.035811864,0.0019728164,0.05597152,0.044356894,0.0745474,0.046223946,0.07339608,0.06270257,-0.010932163,0.06414901
-0.027390216,0.009625396,-0.01773079,0.033049826,0.064521104,-0.0005706598,-0.06097622,0.0068587326,-0.05340463,0.03946574,-0.035573747,-0.046648942,-0.024147512,0.0014739169,0.084269725,-0.041913986,0.0013941185,-0.0018253936,0.04901821,0.07136899,-0.03732041,0.08239963,-0.020748185,0.060544897,0.027385268,0.08632685,0.028267456,0.08916324,0.052505396
0.007862384,-0.028291477,0.00043888116,-0.023479138,0.040267054,-0.005513907,0.030547976,-0.03917245,-0.04489706,0.053853005,-0.024517713,0.031458016,0.058177177,0.04044018,-0.019611571,0.05401012,0.00044178453,-0.035638344,0.05727602,0.03210283,-0.040289745,-0.03402428,-0.080677174,-0.038711894,0.014070731,-0.038777433,0.04517522,-0.050243717,-0.04903774
-0.06588455,0.07125659,0.022556715,-0.020473998,0.0034723913,-0.06445105,0.039317187,-0.028198995,-0.042620473,-0.07697925,0.053106435,0.06527669,0.032821864,0.0024669394,-0.07843497,-0.08582224,-0.006527138,0.014928387,-0.023561513,-0.076512195,-0.004620043,-0.00385391,-0.08351329,0.00947105,0.044690803,-0.043061566,-0.022426525,0.030486096,-0.07033586
0.064241074,0.080377154,0.065485455,0.05786331,0.05576545,0.07136396,0.05031628,0.07921246,0.06701774,0.053761825,0.080218725,0.0657657,0.055868346,0.053097438,0.041384522,0.05949555,0.077036835,0.045453306,0.0736688,0.07097933,0.06791362,0.07260774,0.043603316,0.07328564,0.06516175,0.052189566,0.07470369,0.05879738,0.049220856
0.050035503,0.009600517,0.05571562,0.06979089,0.041715913,0.07899469,0.025067842,0.048498254,0.07138516,0.03706547,0.023035547,0.0280207,0.036765777,0.035101518,0.069759764,0.0606651,0.04529025,0.052743305,0.051041055,0.07385299,0.04586263,0.015729513,0.08003927,0.055950757,0.052452933,-0.0057382886,0.06426883,0.030982258,0.0031880462
-0.003433448,0.046716064,-0.018935412,-0.025009524,-0.027608544,0.024146128,-0.008479758,0.050118353,0.013301749,0.02060222,0.0039971536,-0.0494265,-0.004951532,-0.03973746,-0.06661894,-0.07983064,-0.033542573,0.02279414,0.0069811335,-0.013096518,-0.034374945,0.02622204,0.013074498,0.05178409,-0.048547495,-0.016269155,0.012551958,-0.07164677,0.07823645
-0.08085609,-0.009621364,0.059983857,0.060388237,0.042598043,0.0526648,0.025856001,0.0017132678,-0.034623746,-0.034655314,-0.04340909,-0.0009028534,0.048383385,-0.005169355,-0.052126918,-0.040765945,0.032629848,0.039374717,0.03814369,0.013142951,0.051912345,0.017770711,-0.06414892,0.009013469,-0.0076803146,0.02495042,-0.067431934,0.03590142,0.030731823
0.054611687,0.010383189,0.0068733213,-0.031387266,-0.035815705,-0.0026468628,0.03226747,-0.05302865,0.03732807,-0.017034639,-0.013536958,-0.041391842,-0.011663795,0.018740468,0.01694377,-0.07280936,-0.03735797,-0.032046825,0.014137206,0.028143674,-0.015108135,0.009174768,-0.014148253,0.044797376,-0.03363552,-0.013919665,-0.04715273,-0.0417948,0.012135465
0.059791412,0.03293191,-0.003555774,0.041725285,-0.02136986,-0.020303776,-0.05898729,0.008591232,-0.019715913,0.017392619,0.003420076,0.009458902,-0.018407974,0.07404217,0.06253924,0.018330542,0.033908408,-0.071827136,-0.009799622,0.06119265,0.0060474062,0.039008927,0.01403864,0.02132231,0.06003644,-0.010725993,0.0011595606,-0.049610935,0.037180405
0.005055883,-0.0017531643,0.071245044,0.036382783,-0.035237405,-0.011395406,0.08218718,0.081164554,0.009187743,-0.019762876,-0.030300116,0.021388067,0.040951498,-0.011414793,0.06320907,0.08179766,-0.061735295,0.027857773,0.023413133,-0.024313947,-0.038468834,-0.023996348,0.02077635,0.02350483,-0.04571313,0.03364006,-0.066031806,-0.03623459,-0.007984451
0.09155146,0.018249767,0.03709455,-0.012978602,-0.005420743,-0.033369146,-0.00023884328,-0.014561364,-0.013665134,0.019929418,0.04769812,-0.037610397,0.058795962,0.02490907,0.008880278,-0.048112996,-0.01265115,0.04636093,-0.01681262,-0.046937674,0.010885378,-0.06774627,0.039112307,-0.053904343,-0.04816087,-0.05344078,0.049808975,6.3302476e-05,0.002858811
0.040473126,0.019906754,0.036571614,0.005997957,-0.014211225,0.05852214,-0.025044924,-0.023641396,-0.033227712,0.000980204,-0.020954482,-0.0057086423,0.022580048,0.071975656,0.05471817,0.034212027,0.027581235,0.014780333,-0.042085346,0.057595793,0.00023843204,-0.070913285,0.056820296,-0.03907432,-0.018383158,0.071845405,0.023032859,0.018825358,0.07772551
0.0010358482,0.069163784,-0.04585443,-0.009991365,0.024637312,-0.050403006,0.028354278,-0.03582282,0.05201359,0.060073417,-0.08189477,-0.06495003,-0.023023967,-0.014115684,0.034074992,0.0036519854,-0.0032007897,0.055610504,-0.04998212,0.06569005,0.07234126,0.07601691,-0.023701988,0.07805196,0.037049,0.07283993,-0.046043634,-0.042325657,-0.02840119
-0.03516586,-0.07951261,-0.08016288,-0.039798457,0.0069443313,-0.0652154,-0.0186502,-0.055983603,-0.0173593,-0.0836185,-0.00088204414,-0.074820936,-0.047406003,-0.0633747,-0.07352241,-0.0545099,-0.013592317,0.03157657,-0.050537698,-0.07038644,-0.07869354,-0.04520797,-0.029457524,-0.07700568,-0.036432285,-0.027484646,0.038354695,-0.0042693666,-0.078649305
-0.006985866,-0.027184224,-0.0058169467,0.07792759,-0.045678712,-0.024365766,0.0070863105,0.012071008,0.015447468,-0.024082076,-0.055378456,-0.019275915,0.086634554,0.011290033,-0.0145909665,0.060107127,-0.014481382,0.00042909363,0.034310296,0.024951365,0.06560885,0.020897489,-0.0282936,0.061769363,0.033676494,0.039786607,-0.03854418,-0.043209832,-0.03181087
0.0011325156,-0.025855893,-0.033286218,0.026270255,-0.015482291,0.07010615,-0.057817824,-0.0015709659,0.002436477,0.056339137,0.019485628,-0.058501974,0.010111567,0.029290035,-0.0072144973,-0.047119003,-0.04595856,0.016442066,-0.04101978,-0.006772832,0.03426978,0.048533756,-0.06093533,-0.06876473,0.027625097,-0.010237754,-0.010144464,0.0073619876,0.05310656
-0.102768295,-0.05565305,-0.001249105,-0.022412023,-0.049351595,-0.05898864,-0.0533344,-0.04576791,-0.0706873,-0.056012034,-0.049908746,-0.037414107,0.008512825,-0.05391279,-0.050556105,-0.028821805,-0.038024954,-0.023076508,-0.06707578,-0.067335136,-0.016001388,-0.017736895,-0.029281808,-0.06873805,0.030016951,-0.057236433,-0.058212534,-0.0460888,0.016521832
-0.023003662,0.08697256,0.021574099,0.055114273,0.06780871,0.05038449,0.06768194,0.08511912,0.0707033,-0.020942213,0.07392487,0.07064945,0.027938439,0.04532289,0.07280246,0.036847644,0.009039891,-0.005507648,0.08062839,0.07078868,0.059968505,0.07972611,0.01880012,0.052459735,0.06540224,0.032010633,0.08279817,0.069048956,0.07080052
-0.082219526,-0.052644808,0.05805127,-0.074508004,-0.010460521,0.02067633,-0.023902876,-0.054737926,0.016814783,-0.020403376,-0.0006468438,0.04951728,0.072073355,-0.0655371,0.02106039,-0.016119314,-0.052696317,0.0017281569,-0.05335644,-0.05001159,0.007953465,0.061027113,-0.014989249,-0.070143655,-0.051393487,-0.082423724,-0.060636863,-0.030486159,-0.002477207
-0.0329436,-0.0029847377,0.08650705,0.020512763,0.061642542,0.05768332,0.06372067,0.03679081,0.034079462,0.06904182,-0.018383961,0.062090866,0.019584006,0.028930334,0.009278573,0.07623473,0.07057639,0.077384405,0.07047025,0.05444458,0.050006174,0.056461323,0.035285547,0.049396638,0.028642407,0.07048198,0.00663119,0.060846575,0.06494663
-0.0056817066,0.030388001,-0.039080076,-0.015499287,-0.033712287,0.04373868,0.05462977,0.06587088,0.043367274,0.05094496,0.037169777,0.013591284,0.033967275,0.020768216,0.05620946,0.05224668,0.04255953,0.0014135711,0.022111094,0.055486463,0.015417253,0.056289993,0.04418693,0.028008288,0.03600962,0.025761567,0.05479215,-0.007914745,0.020679781
-0.031662684,-0.003558298,0.0067635183,0.0019608517,-0.007182765,-0.012970119,0.023026219,0.01557392,0.040670846,0.0007418378,-0.016233066,-0.05016512,0.055148683,0.029428788,-0.04673925,-0.025816957,-0.03172101,0.012709044,0.038875535,0.05258033,-0.034034934,-0.015393894,0.07515515,0.033161867,-0.021591224,-0.06999602,0.0013464018,-0.038945336,-0.024345465
0.052665945,0.025659176,0.034605637,0.05308039,0.009012545,-0.00501809,0.058784217,0.06825159,0.055632174,-0.010621945,0.02249794,-0.024585936,0.029661724,0.059432797,0.011021344,0.015173213,-0.056125984,-0.0049328925,0.067725696,0.043812603,-0.0067305784,0.06524028,0.010849988,0.050412077,-0.067280635,0.06542171,-0.0066009094,0.02944991,-0.060021985
-0.0070708576,-0.08788649,0.05232875,0.033213574,-0.077201754,-0.0063119633,0.050258625,0.05387745,0.0655743,0.019759625,-0.029228663,0.06255789,0.058136176,-0.04969749,0.060005315,0.02087501,-0.047626194,0.022971962,0.008942436,0.018081978,0.028449196,-0.0825677,0.012540383,-0.038228367,0.05812159,0.040614508,-0.07154674,-0.0096426355,-0.029080011
-0.031041864,-0.026215162,-0.078516066,-0.08526705,-0.042905618,-0.07943161,-0.024422169,0.041721918,-0.033206332,-0.065288365,-0.016284436,-0.08150324,-0.05693288,0.04164347,-0.028687974,-0.05722412,-0.005505158,-0.052787744,-0.0017146452,0.062881954,0.020001132,0.03937331,-0.015130386,-0.081103235,-0.016072942,-0.06693972,0.057425983,-0.044074636,-0.06519295
0.06495485,-0.03078209,0.0048452783,-0.044803247,-0.051477652,0.047100343,0.007945331,0.020999538,-0.016413502,-0.00044999883,0.021757998,-0.028593881,-0.051236816,-0.03471612,-0.0384007,-0.061589345,0.04678916,-0.081305884,-0.040033545,-0.025299901,-0.06941126,0.054974403,-0.036853764,0.019108037,0.04546265,-0.04096123,0.021635223,-0.07848731,0.052929137
0.0077697933,-0.08677237,-0.041081123,0.04563915,-0.0733826,0.042272095,0.006617348,-0.08159052,0.04584902,-0.00034062495,0.04397341,0.060472574,0.034952454,-0.056679726,-0.070081204,-0.01619405,0.0037560228,-0.064028345,-0.017715057,-0.048069477,0.054301597,-0.044050004,-0.062196705,-0.06594167,0.023422277,-0.009308254,0.08222311,-0.05172509,-0.06273047
-0.06367376,-0.03956885,-0.018021068,-0.020072205,-0.030067572,-0.012773552,0.0030369065,0.040311597,0.0062938314,-0.023383668,-0.035188835,-0.015530944,-0.043524325,-0.06557758,-0.061532676,-0.025447484,-0.010509664,-0.06935333,-0.055714346,-0.016111663,-0.03205291,-0.01204132,-0.01673889,-0.02434387,-0.051785927,-0.058361392,-0.0015193323,-0.048316915,-0.034076754
0.050296955,-0.055000447,-0.0051584174,-0.07016473,-0.020682694,-0.008184031,0.031779617,0.012470541,0.021106308,-0.015990378,0.0033314885,0.022355998,-0.06573593,0.05602069,-0.003587265,-0.062384587,-0.086048715,-0.028473621,-0.035482436,-0.007620306,-0.0025893277,-0.07077725,-0.028663382,-0.043519117,-0.05635797,-0.025139345,0.018706769,0.015914427,-0.04712144
0.038675055,0.048703507,-0.03551317,0.04431307,0.064363845,-0.053829625,0.05415946,0.025903177,-0.005325841,0.00444213,0.062997244,-0.042172264,0.08228243,0.040075973,0.044097926,0.04811198,0.063041136,0.047141675,0.015382751,0.058445703,-0.048978277,0.05455033,0.06685062,-0.053457074,-0.022234516,0.013050649,0.07941928,0.0031796792,0.019413361
0.05812062,0.06931024,0.091119096,0.025643822,0.018287791,0.07838138,0.05868523,0.0072560897,0.04491924,-0.012633144,0.04951539,0.0149097005,0.035759754,0.012322763,0.006976029,-0.02391583,0.018003622,0.06569639,0.060917787,0.060575277,-0.037504647,-0.040599335,0.06565072,0.052250106,-0.038572915,0.05605413,0.059059087,0.058856905,0.053655777
-0.019283831,0.039177265,0.0783876,0.05643956,0.04384854,-0.0040198015,-0.024049016,0.024982737,-0.0202036,0.042319827,0.04509215,0.060641546,0.060343876,0.027470224,-0.036725692,0.073109396,0.08300064,-0.01469603,-0.025133858,0.01389291,0.059449073,0.05232032,0.038448717,0.036239795,0.057244018,0.05798286,0.0073142927,0.059521087,0.024373263
-0.03344615,0.010440095,0.084656596,-0.029373027,0.012059131,-0.05901036,0.03436524,-0.005698734,-0.0037576954,0.018925266,-0.016175834,0.020295648,0.018277355,0.061245777,-0.023728961,0.06109848,-0.016505338,0.007891502,0.029664984,-0.018686399,-0.018459443,0.02009085,-0.0142928595,0.009315352,0.03843638,-0.0047505056,-0.04804821,0.009374033,0.05090168
0.023791755,-0.0350453,0.011854668,0.0122973,0.024321873,0.011014694,-0.043264713,-0.0022376622,-0.0473471,-0.054793425,-0.037245944,-0.025627991,0.06576757,0.014838956,-0.04012976,-0.017640926,-0.014999189,-0.025974903,-0.034484565,-0.05943011,-0.07005239,0.008565823,-0.009122411,0.037142165,0.04050457,-0.034496535,-0.046514194,0.056605525,0.047287095
-0.0304111,0.004955885,-0.028905459,-0.048696063,-0.05537664,-0.061826408,0.07992508,0.08050422,0.027073834,0.006002534,-0.025951304,-0.026454551,-0.07149109,0.0009404563,-0.06334685,0.012991468,-0.057776146,-0.0389757,-0.034355607,-0.05074423,-0.0585779,-0.057175055,-0.016396984,-0.014999049,-0.061800417,-0.039625768,0.014779955,-0.07791226,-0.07802144
-0.0108851325,0.039228335,0.02777423,0.08689274,-0.04559366,0.029144734,0.065702654,0.077447005,0.042027272,-0.058040574,-0.012059185,0.08107004,-0.05260088,0.06401108,0.053240854,0.047151975,-0.060160708,-0.041102536,0.0431229,-0.042260576,0.034957357,0.067120686,-0.054698873,-0.008520643,0.0014365205,-0.06595437,0.0027624718,0.04478568,-0.05930133
-0.06389473,-0.02422302,0.014238404,0.038211416,-0.031473033,0.014548625,-0.007234019,-0.051449064,0.009637487,0.012126543,-0.07436313,-0.047680944,-0.059153415,-0.025829315,0.037830845,-0.01883314,0.006738061,-0.045956776,0.016805278,0.004074928,-0.011602914,0.0037115084,0.06303814,0.0046575465,0.005307728,0.022929516,-0.043591503,-0.022478461,-0.0030620696
-0.019427357,0.046411674,-0.03603783,0.011710688,0.08154291,0.080520116,0.031223027,0.032717183,0.018884864,0.070311025,0.021482062,-0.04179254,-0.08017798,0.07625997,-0.05274717,-0.066354,0.022766573,-0.030502448,-0.029362975,0.07603957,-0.030639311,0.057223078,-0.072471,0.015759958,-0.022575757,-0.0032897547,-0.00039989612,-0.026020443,-0.00037838137
0.039686475,0.052105658,-0.03193147,-0.06005162,-0.010038495,-0.07561872,-0.014536939,-0.03897456,-0.029198138,-0.048250142,-0.043831073,0.0740188,-0.057734087,-0.07597705,0.08195263,-0.0672071,-0.04498677,0.009613677,0.0071480027,-0.0043700575,-0.020355916,-0.0059362673,-0.04073761,-0.025285657,-0.0067223622,0.04290034,0.073859304,-0.047476444,-0.06905128
0.02304408,0.0020703503,0.023515148,-0.028576992,0.027567543,-0.022488104,-0.024738286,-0.024379306,-0.013372602,-0.059617866,-0.06124558,0.010198729,-0.060578037,0.0693979,-0.014008537,0.06391016,-0.057545274,0.049934648,-0.07528653,0.0767289,-0.058561966,-0.041911334,-0.074741326,0.04341059,-0.06406971,0.044273313,-0.0026602163,-0.017592747,-0.015251708
0.062475186,0.029101359,-0.024627127,0.005736322,0.05161794,-0.06628629,-0.07508725,-0.08375801,0.07061074,-0.023185734,-0.03577599,-0.024676,-0.065598235,0.0056658466,-0.05882369,0.063411765,-0.013343069,0.06458388,-0.07240661,0.049871128,0.07415969,-0.04373458,-0.008985032,0.038927846,-0.06762697,-0.05558548,0.04599654,0.049710147,-0.023474548
-0.052471463,0.027705174,0.007069214,0.07694084,0.059255984,-0.02453432,-0.004537334,0.0028956695,-0.012466009,-0.047274876,0.04227535,0.052551065,-0.034903057,0.057118956,0.009262036,-0.075629,0.04159551,0.076322116,0.05884938,0.051758233,-0.015436465,0.047273714,-0.003941834,-0.0113570485,0.04341354,0.06676315,-0.0069202804,0.032218523,0.02441051
0.022959301,-0.009701761,0.042415213,0.06879343,0.018619962,0.068267934,0.04439156,0.002228959,0.07453524,0.074202545,-0.022661667,0.018769179,0.039257187,0.049246415,-0.0029258812,-0.011141377,-0.007139226,0.046445105,0.051396653,0.024275457,0.048375178,0.043710396,0.027368477,-0.0017556541,0.03762055,0.06320919,-0.06277493,0.058934554,0.042126156
-0.08993196,-0.05360666,-0.056603834,-0.040473714,-0.03871101,-0.046328586,-0.021567632,-0.0027451352,0.057917435,-0.04158833,0.0045097913,-0.0067883176,-0.052017003,-0.047785573,-0.023673072,-0.06926617,0.012785748,-0.031160606,-0.057875216,0.02114711,-0.04619609,-0.061271757,0.043296207,-0.00088804914,-0.015832081,-0.06734664,0.027334752,-0.018760975,-0.07458366
-0.017985737,-0.028756142,-0.050637204,0.0189875,0.02695769,0.035110947,0.007219643,-0.03602034,0.027682662,0.014968877,0.07464888,-0.04034038,-0.06493024,0.033122998,-0.04557374,0.0686764,0.017270174,-0.042650938,0.028288534,0.025674107,-0.008453533,0.04211378,-0.016683813,-0.006744031,0.0076858113,-0.06092011,-0.04984686,0.063957416,-0.06298879
0.039093252,-0.057106048,-0.013680732,0.03855677,-0.015539366,0.031054657,-0.06503729,-0.020525143,-0.056568243,-0.027086018,-0.0015220859,-0.049905192,0.01137313,0.047348186,0.019396748,0.008909637,-0.04465554,-0.017021665,0.07337579,0.073755234,0.009649733,0.0026116094,-0.04234444,-0.006794112,-0.05452994,-0.022822676,-0.02766521,-0.051806226,-0.047141477
-0.073472396,-0.017584661,-0.058301084,0.030061293,0.013906059,0.031274434,-0.057624348,-0.0571306,0.0058931243,-0.06401915,0.03908185,-0.031942077,-0.0004918825,-0.050528128,-0.030238418,0.01796148,-0.07781799,-0.010782454,0.013049387,-0.05480964,-0.03849306,-0.042397436,-0.011217083,-0.060993258,-0.06827539,-0.04799458,-0.035522696,0.056792606,-0.012912528
-0.008194959,0.01914141,-0.009110927,0.01901749,-0.027404247,0.01623314,0.0365506,0.027644088,0.05839702,0.05287608,0.017587092,-0.018206827,-0.025931355,0.024633873,0.011372114,0.009381523,0.060308665,0.023949495,0.0044158013,0.015573144,0.032253727,-0.032584142,-0.012511853,0.064375736,-0.0041921423,0.064274155,0.014021591,-0.013388237,0.062881
0.010155398,-0.04494928,0.08347774,0.0033636796,0.02565475,0.049138498,0.08491188,0.086619645,0.061129477,0.009611985,0.08731234,0.06842581,-0.03626364,0.012726593,0.011111575,0.06336314,0.08716328,0.03430906,0.040328026,-0.074306585,0.046041846,0.03907114,-0.021576198,0.06637752,-0.011249286,0.030863713,0.08582958,0.052163344,0.07949829
-0.04611493,0.0037376997,-0.021831317,-0.02544927,-0.05401871,0.027299622,-0.020773977,0.010630228,-0.015872726,-0.04759872,0.0100473855,0.022127314,0.0038052103,0.04766741,-0.056225035,-0.04054526,0.0004978782,-0.025812633,-0.0014564876,0.009151723,-0.018718533,-0.01918929,-0.0016816255,-0.0072691664,0.015557487,-0.018152392,-0.044474967,-0.060233254,0.0047041806
0.013094628,-0.030658152,0.038366653,0.014173779,-0.022287749,-0.012040816,0.05127231,0.04537484,-0.059613556,-0.014555317,-0.009159322,0.025339881,0.05636649,-0.021779282,0.01810307,0.08463614,0.039488196,-0.019573053,0.040000945,-0.0005238838,-0.00020619911,0.03561005,-0.08294881,0.00165521,0.024444886,-0.017052693,-0.03481433,-0.044890244,-0.035466444
0.001205542,-0.04913274,0.047766972,0.0168192,0.011419786,-0.03933252,0.037559014,0.08120586,0.057803765,-0.04605399,0.013579216,-0.0025990414,-0.07714729,-0.07546961,-0.061851885,-0.071034715,-0.030435584,-0.044788934,0.024232535,-0.07617374,-0.058506023,0.051388185,-0.024525149,0.03173068,0.00561609,-0.00037879765,-0.024131158,-0.05947461,0.081296265
0.074490555,-0.005484314,0.05520922,0.07426997,0.0487385,0.03882415,0.023450766,0.017219627,-0.005428067,0.06049136,0.03465385,0.0169157,0.04000192,0.05382054,0.059706885,0.07979703,0.007222848,-0.0030561844,0.07673826,0.048951767,-0.043593645,-0.05778008,0.08410022,0.028074266,0.040984474,-0.03999859,0.040435355,0.042510305,0.026607398
0.0274446,0.013386707,-0.0416613,-0.02779788,0.024671989,-0.005682808,-0.0005297992,-0.025369374,-0.048936788,-0.0027075943,0.028792731,0.01852557,-0.045715466,-0.00056989,-0.023901992,-0.05035977,-0.017766967,0.0069852145,-0.033178534,0.0633351,-0.059039652,-0.019495325,-0.06938676,0.02922391,-0.0184645,-0.026447799,0.017817872,-0.037693396,-0.058028262
-0.00072410965,0.023496436,-0.0325301,-0.030073488,0.024733832,0.026150635,0.06403778,0.056042876,-0.07054646,0.022595435,0.02346839,0.0015711606,-0.042279225,0.029473612,0.037108634,0.023738043,-0.010314436,-0.015798047,-0.01925946,-0.040616542,-0.016974427,0.07818507,-0.06456518,-0.00180853,-0.042663503,-0.040814403,0.027324818,-0.031540744,-0.0062974994
0.05929208,-0.041716747,0.0379045,0.03639152,0.0022090802,0.054355312,-0.07932874,-0.08643657,-0.076922275,0.05825008,0.041125804,0.005487702,-0.013685394,0.06119609,-0.030031472,0.060590573,-0.01739322,-0.05174089,-0.07325764,0.018480716,-0.03318598,-0.034371827,0.0318326,-0.06397226,0.011757152,-0.04830969,0.018943336,-0.013940964,0.045731977
-0.041904293,-0.017688906,0.0008585114,-0.05060018,-0.011509763,-0.023931997,0.037303634,-0.032348778,-0.05543342,0.011730865,0.063006565,0.03651992,0.06498403,-0.046388116,-0.011882174,0.05861579,-0.024810705,-0.03585655,0.049798515,0.04232204,-0.06628675,-0.065096945,-0.012179294,-0.0046732333,0.07203216,0.00928263,-0.03458987,-0.07789271,-0.061290644
0.03856762,0.06648217,0.005510614,0.026435426,-0.011284329,-0.05103971,0.06006277,-0.018873787,-0.031617388,0.028500125,-0.06555006,-0.057095684,0.023143863,-0.050038584,-0.0031950788,0.001119821,-0.015241038,0.061801627,0.009890234,0.04410238,0.022815377,0.052388567,-0.0022458124,0.056083553,0.05120954,-0.0062901643,0.012111564,-0.006592412,-0.00326688
0.039837025,-0.0049321027,0.008649791,0.044603087,0.06898668,0.063148,0.039720573,0.0078785205,0.0251564,0.09508261,0.028270612,0.036089588,0.0043182345,0.06538296,0.06280232,0.067244455,0.06512624,-0.03594707,0.027610729,0.07152597,0.04875108,0.06739318,0.048633248,0.06077695,0.038276616,0.042658005,0.05928735,0.07742151,0.0013170218
-0.07851178,-0.041979004,-0.072277814,-0.088094294,-0.056715105,-0.06887435,-0.064861864,-0.06252412,-0.07873124,-0.060161956,-0.03597071,-0.07970336,-0.013592206,-0.0633757,-0.027406206,-0.075115636,-0.057681847,-0.06827984,-0.012846768,-0.04145295,-0.07817889,-0.07152426,-0.062580645,-0.06765585,-0.026923612,-0.0028776957,-0.062440787,-0.06739367,-0.078182146
0.003409937,-0.07977314,0.039386634,0.05648895,-0.04986969,-0.040890314,0.07002418,0.04342578,-0.053867992,0.057214394,-0.07193681,-0.018253904,0.0037534942,0.06310189,-0.08170987,0.08412199,-0.07371619,-0.059314422,0.07700085,0.05048176,0.009916902,0.07277663,-0.03012365,0.005237518,0.046400145,-0.019187568,-0.08488674,-0.08249306,-0.019703764
0.018714197,0.052808877,0.035438392,0.017060753,0.004098758,0.062968135,0.07672012,8.568429e-05,0.052796356,-0.06298232,0.032426246,0.07145328,0.043780193,-0.05066301,-0.084212124,-0.06298058,-0.021831611,-0.057303384,-0.059727386,-0.03561212,0.049715683,-0.07544884,-0.016725285,-0.020738125,0.006101292,-0.0821025,-0.018103559,-0.08803393,-0.05687681
0.061979655,0.08703339,0.027420573,-0.055405915,0.03323159,0.081169434,0.07047687,0.040598907,0.032369174,-0.03701924,0.047054064,-0.022473754,-0.06915839,0.08579785,-0.06653204,-0.01263156,-0.02100656,-0.009239663,0.08090729,0.036282837,-0.06934655,-0.047872882,-0.027180985,0.045391914,0.029983358,-0.060604237,-0.076211125,-0.038095057,0.003675793
-0.031754803,-0.0010904071,-0.0006349524,0.034938,-0.0073534013,0.014587808,0.068855286,0.032558955,-0.00748508,0.0024845593,0.022322893,-0.004100526,0.057906117,0.030046059,0.051975477,0.05661235,0.0025222977,-0.005408381,0.025092946,0.033915047,-0.021754164,-0.03780875,0.027641006,-0.023664663,0.028182438,0.013287407,-0.022052167,-0.00072104164,-0.02330985
0.023269594,-0.034697104,0.04711493,0.036079694,0.012197027,0.05356251,0.0047676084,0.027348027,0.048499443,0.03742193,0.03568977,0.004167038,-0.01630713,-0.004500158,0.05584065,-0.02399275,-0.05125109,0.049917478,0.066791624,-0.058492377,0.047565673,-0.027678778,-0.046079826,-0.014196495,0.06873279,0.027429007,0.032097474,-0.060471248,-0.056955107
0.033504948,-0.04434358,-0.012669295,0.008023199,0.009996536,0.027072325,0.016264169,-0.04660068,0.002912553,0.013287564,-0.027836615,-0.03876855,-0.028003115,0.04247089,0.00023121962,0.013256674,-0.036698326,-0.012045108,0.0303097,0.020853523,-0.02403475,-0.020626854,-0.014920204,0.005994126,-0.058937922,0.050229505,-0.0058326083,-0.037727363,0.044578414
-0.023137102,-0.017140985,-0.02310815,-0.041205958,0.017335454,-0.023330668,0.0122224465,-0.032437768,0.001436811,-0.027076904,-0.03303814,0.025833089,-0.037749738,-0.012722896,-0.043746535,-0.010135392,-0.08294757,0.027502744,0.029855218,-0.055779476,0.06691878,0.015348083,-0.004446493,-0.004959837,0.01717307,-0.046809707,-0.033183873,0.05292966,-0.049157932
0.009168242,0.07194985,0.0552481,0.049101334,0.071186036,-0.04487647,0.018582903,-0.0017933475,0.008698664,0.06681676,0.0364115,0.04991313,0.04336851,-0.05895418,0.042884935,0.0014534869,-0.051375326,0.056098178,0.050294556,-0.03319157,0.040883612,0.040984776,0.044669867,0.048617687,0.039216146,0.046089042,0.074075855,0.013926205,0.004815459
-0.017734315,-0.006132279,-0.021679714,-0.064924955,-0.070613086,-0.008665628,-0.03463131,-0.005144997,0.016927449,-0.026195973,-0.019798763,0.03008828,0.0022551424,0.028609121,0.03254397,0.03925289,-0.04612759,0.009127719,-0.06955112,-0.0042505306,0.042702865,-0.018212577,0.024786584,-0.044837147,0.03496018,0.012924027,-0.015987786,0.005917577,0.03326106
-0.048375502,0.00995562,0.013189766,-0.02003791,-0.006354329,0.025492912,0.015551039,0.029496145,-0.018953893,-0.035641793,-0.03172701,0.018235046,-0.00021894331,-0.043089654,0.028093738,0.029248128,0.02756966,0.029695433,-0.04607973,0.024942147,-0.008105112,0.014740658,-0.079468116,-0.05052434,0.016138136,0.0063916384,0.0077573387,-0.03525995,0.034237012
-0.0010931564,0.0069013843,-0.0417096,-0.01708029,-0.012607607,0.054879118,-0.08532501,-0.08691507,0.0151064955,0.05490471,-0.08812075,-0.05957824,-0.0068134936,0.0063181226,-0.020336434,-0.011838996,-0.091419324,-0.027181674,0.011265642,0.062654026,-0.04504965,0.0024728999,-0.024759116,-0.08185578,0.044285,0.05354836,-0.08712946,0.030221345,-0.05066915
0.048072826,0.0107698385,-0.067797236,-0.010852081,-0.009671586,0.023912856,-0.03472701,-0.021863284,0.05960064,0.04956156,0.002261152,0.02462237,-0.014901432,0.045594823,0.053612523,0.017426515,0.004582714,-0.017668786,-0.03433316,0.03787692,0.008440409,-0.007826995,0.055168595,0.03463012,0.033782005,-0.01133273,0.0063736164,0.03221393,-0.03678646
-0.012454744,-0.012938718,0.039052974,-0.061677776,-0.048018817,0.02834811,-0.013118226,0.042036805,0.027863834,-0.014575668,-0.021972807,0.06189208,0.044013202,-0.012876453,0.05298475,-0.05296361,-0.047260698,0.009846136,0.050879803,0.008719492,-0.021424625,-0.01993475,0.039078265,0.046673853,0.054699022,0.016940463,-0.056598913,0.036216825,0.050040007
0.014315162,-0.046722192,0.013606014,-0.049398284,-0.057635926,-0.038581043,-0.06184824,0.03567465,-0.030556256,0.060752284,0.03795245,-0.034177486,0.009257021,0.07062705,-0.03742371,-0.022258367,-0.010934327,0.013820519,0.022440597,-0.002629078,0.013336517,-0.041574597,0.032140397,0.016100869,0.013514135,0.007352159,0.013909681,0.07056829,-0.015821395
0.013021813,-0.00083849404,0.03654426,-0.009783792,-0.02317219,0.08173354,0.05530507,0.037351467,-0.048924137,0.050828263,0.015395977,-0.022107631,-0.014023751,-0.010497122,0.02300008,-0.034107495,0.020554012,-0.02144151,0.0028230217,0.05136041,-0.07223769,-0.030968707,0.0070907464,-0.070199095,-0.053841475,0.010222631,0.03342407,0.005300211,-0.0012160362
-0.030430587,-0.02707404,0.052956317,-0.0024854157,0.031854074,0.025654936,0.036125444,0.0060116323,0.0048405323,0.029896323,0.053487204,0.034704123,0.065114126,-0.06372389,0.011130767,0.05668967,0.059074767,0.038324,0.0004034413,0.06398514,-0.061545536,0.051451575,0.020645829,0.050314125,0.05461806,0.062093902,0.07089396,-0.013013782,-0.034471266
0.006430064,-0.013978696,-0.06813162,0.02371186,-0.045047123,-0.061069563,0.032692697,0.0028347475,0.05192225,-0.08660226,0.012973395,-0.033313733,-0.009029379,-0.00709352,-0.010976348,0.0008075444,0.08077398,0.02907835,-0.016892679,0.020965675,0.0018435606,-0.02610726,0.0026209042,-0.021890916,-0.009026722,0.048384357,-0.041370712,0.00044404247,0.012586881
-0.021842545,0.035291154,0.035414264,0.042487055,0.03380766,-0.0511832,0.0087298015,0.008155024,0.041351434,-0.0225865,0.034197718,0.018548025,0.0071572093,-0.048910104,-0.008220546,0.05996161,0.036072,0.045066807,-0.034065336,0.00073207397,0.0218945,0.063208126,0.028898569,0.0525026,0.019113347,0.039155405,0.049664807,0.025242444,0.047781207
0.05967999,0.07415295,0.022740569,0.01981327,-0.04110635,-0.011532131,0.043406148,0.009220198,0.023363836,0.0480481,-0.066003874,-0.038203824,0.0125724375,0.07531499,-0.034903396,-0.016828109,-0.050941996,-0.029252458,-0.053571142,0.067878194,0.05417908,0.032188896,0.020521823,-0.026649091,-0.058579758,0.011078147,-0.06276555,0.013115768,-0.042941272
-0.023984227,0.018911116,0.027338646,-0.008432216,0.02749758,-0.003560383,-0.028590461,-0.015356284,-0.084003225,0.01703607,-0.024391657,0.0121998675,-0.02817489,0.05686491,-0.033604227,-0.021067856,-0.014125061,-0.0938327,0.027071822,0.00886914,-0.08230955,-0.024101155,0.0553777,-0.057952095,-0.068185784,-0.08183959,0.04658479,-0.036381833,0.014475543
-0.042298887,0.0685906,0.007540087,0.032753166,0.06109768,0.0018691871,0.041137565,0.045487378,0.06991925,0.041187577,0.0062248483,-0.010569944,0.061348036,-0.022858314,-0.010392539,-0.018375501,-0.0055846097,-0.018689815,0.041247632,0.0258711,0.054143135,-0.00595264,0.011559761,0.0020799546,-0.077741995,0.058926273,0.01052418,0.040236954,-0.014873222
-0.08960212,-0.08284226,-0.087660715,-0.087108776,-0.08070338,-0.0791449,-0.08001678,-0.082017265,-0.07593352,-0.082822114,-0.08018703,-0.07550755,-0.08104858,-0.0747147,-0.0793539,-0.08005671,-0.08451522,-0.086869515,-0.07782687,-0.07425658,-0.08008329,-0.0780295,-0.08447834,-0.08414869,-0.07951478,-0.08222637,-0.07764438,-0.07860901,-0.07278232
-0.04868246,0.0756496,-0.058192328,-0.07790104,0.017065678,-0.06704908,-0.024444299,0.021312566,0.019517053,-0.05913263,-0.033777043,-0.011944925,0.011515608,0.02853014,0.059101954,0.04514462,-0.040304117,-0.02117184,0.048725743,0.015220814,-0.05190873,0.079816654,0.049825188,-0.051294047,0.04058436,0.015932554,0.009060747,-0.0030800083,0.0033369563
0.02606696,0.002960906,0.016579354,-0.07609073,-0.04488185,-0.014763243,0.0023435103,0.045173563,0.08157224,-0.0026606512,0.039306957,0.06358095,0.00797918,-0.08358536,0.022344321,0.025947645,-0.063422404,0.04796818,0.035005245,-0.029008498,0.016409045,0.032127198,0.029659154,-0.024812387,0.03361183,0.085665934,0.05475428,-0.044909112,0.03763017
-0.0053455736,0.0075519625,0.01402894,-0.060212415,-0.0256715,-0.02721262,-0.051767148,-0.0576427,0.03355972,-0.050363094,-0.018867826,0.008688075,0.0593276,0.0024413413,-0.04332444,-0.06949776,-0.04240732,0.02660683,0.039915737,-0.045868743,-0.003309422,-0.052423567,-0.055998717,-0.031002633,-0.026348041,0.056691833,-0.06848839,-0.023604007,0.014762777
0.06721176,0.01586218,0.029692322,-0.011061183,0.015391513,0.008763262,0.0034322941,-0.04550196,0.05987664,0.022371693,-0.019786347,-0.010465132,-0.00063614367,0.049742036,-0.041588318,-0.051266495,-0.0076890355,0.019026348,-0.0041010417,0.0445485,0.054540288,-0.028188158,-0.031817958,0.021148583,-0.045983348,0.057811715,-0.039156344,0.01245275,0.013389726
-0.024097722,-0.001175015,-0.06834716,-0.008883347,0.0066400343,-0.06348099,-0.06930509,0.0108377645,-0.06553102,0.053857762,-0.008400396,-0.003985925,0.011455153,-0.010553423,0.050325043,0.01939784,-0.0035649305,-0.0397439,-0.038069643,-0.016305601,-0.0304386,-0.06723227,0.031768978,-0.019454429,-0.057688344,-0.038335454,0.0642545,-0.05084114,0.0059627607
0.105994366,0.08258777,0.09407649,0.08591236,0.07907936,0.0837919,0.07814318,0.07444517,0.06901369,0.06457477,0.065593116,0.06612189,0.078555085,0.075936615,0.06775304,0.07016854,0.07404381,0.08729091,0.073341526,0.07467885,0.078905314,0.011610732,0.0219229,0.081952184,0.0018673316,0.070233256,0.059954684,0.07084212,0.07383901
0.035131164,0.037130006,0.04384895,0.057815462,0.06574768,0.0049720407,0.013999856,-0.029482627,0.050569616,0.03620373,0.006489784,0.048728846,-0.0014234318,0.023973178,0.026425337,-0.0106671015,-0.05462555,0.054492015,0.00957927,0.07499108,0.063216224,0.042453017,0.047771215,0.0014088273,0.018253248,-0.013122193,0.048650123,0.048531137,-0.04838346
-0.05014852,-0.030990219,0.003943801,-0.01860634,-0.02925456,-0.0070875273,0.011726499,0.027463937,-0.016206995,-0.04744894,-0.027521277,0.014878498,-0.045022916,-0.04218002,0.00073000725,-0.0035245563,0.039427105,0.03937897,0.017443571,0.006453727,-0.022402538,-0.021426523,0.0041459897,0.011546478,0.0299497,0.010020317,0.014932346,-0.03747384,0.019219313
0.03689389,-0.041234385,-0.04759925,-0.077124216,-0.03703222,-0.053479213,-0.04452141,-0.03677871,-0.013681834,-0.047298867,0.07412909,-0.017634371,-0.00627236,-0.056551933,-0.033747774,0.005188029,-0.0017013401,-0.04151951,-0.06895875,-0.07060711,-0.035715792,-0.0073462003,-0.067211844,0.03669878,-0.027735963,-0.02412819,0.038105313,-0.022014933,-0.060033496
0.09858253,0.056694213,0.022730295,0.067402296,0.025846982,0.030806998,0.02892929,0.041645084,0.08122973,0.08243071,0.07821741,0.054093298,0.0773808,0.019532632,0.028716628,0.043125317,0.076089576,0.0731903,0.07568261,0.055723026,0.07247468,0.060207684,0.0870554,0.07307159,0.06305797,0.0681658,0.07436706,0.06841056,0.07689181
-0.029739004,0.021412294,0.009121386,-0.019527342,-0.011859963,-0.010090107,0.06853461,0.029019661,0.042352986,-0.018701198,0.00018636158,0.045550223,0.03528333,0.051798377,0.0051215957,0.068444446,0.02018742,0.068291895,-0.020304754,0.008861476,0.04638998,0.003898409,-0.046335552,0.035770636,0.024239102,0.05396424,-0.028451692,0.04833126,-0.012925351
0.062588304,0.06021848,0.055249516,0.050633453,0.06004077,0.018757736,0.05417936,0.061501835,0.075369954,0.055585943,0.03162246,0.0072298395,0.05741572,0.0783144,0.07393338,0.0028365718,0.07393838,0.071191855,0.05437544,0.05822051,0.04046384,0.068556376,0.083137535,0.063778,0.017339844,0.081021115,0.040198203,0.08260685,0.05318188
0.05379712,0.038541067,-0.0064850524,0.07162865,-0.06741242,0.034618538,-0.08356921,-0.08674291,-0.035195004,0.023502626,0.053794954,-0.042275652,-0.024901742,0.03929686,0.04465633,0.054816987,0.03480506,0.011816996,0.018397031,0.057140235,0.04155183,0.077222474,0.025068806,-0.010711534,0.05954236,0.026513427,0.07420144,-0.017456863,0.020653408
0.054348227,0.02683946,0.06498775,0.0130367065,0.030665554,0.025412317,-0.05140538,-0.009826819,-0.00793405,-0.04825482,0.07269762,-0.025638513,0.017784253,0.04539631,-0.010003944,-0.019333664,0.021505728,0.059116125,0.0137418425,-0.032381333,0.0360845,-0.054949462,0.049274124,0.031055523,0.008048761,0.009444054,0.05832651,-0.005802074,0.06077159
-0.04364869,-0.02211225,0.060891945,-0.021595016,-0.036322363,0.009641499,0.029028479,-0.05618666,0.035345297,0.00061656063,-0.038735945,-0.0063106744,-0.070606045,-0.057829123,-0.07483203,-0.004109958,-0.04886469,-0.041238964,-0.06276816,-0.044881053,0.008850007,-0.036384206,-0.072425455,-0.039038274,-0.05362464,-0.08384271,-0.05513026,0.048711285,-0.044098314
0.031292837,-0.060440164,0.061838135,-0.056858517,-0.031851396,-0.067741014,-0.016531,0.0022709894,-0.046020877,-0.028328085,-0.026842074,0.042059246,-0.019258859,-0.029823385,-0.044143647,0.046998996,0.018857505,-0.024070036,0.06527643,-0.073210284,-0.07177416,-0.032740973,-0.056486733,-0.05997592,-0.022357272,-0.054440834,0.056302086,-0.072620034,0.043775063
-0.021830553,-0.01633691,-0.05477523,-0.04518419,0.0004406506,-0.062408525,0.019476924,-0.007786862,-0.021907406,0.0070825624,-0.0046401196,-0.048291136,-0.023791052,0.01644372,0.06063343,0.009830027,0.019023541,0.05609635,-0.0360664,0.04197187,-0.05824568,0.001082035,-0.013713967,-0.06702736,-0.0539589,0.04700648,-0.055407796,-0.03691653,0.004189423
-0.010347524,-0.07312288,-0.058682337,-0.047478545,-0.07966912,-0.073436774,-0.028567431,-0.052326232,-0.01742847,-0.06635449,-0.06941945,0.0021314996,-0.05595623,0.060049538,0.011835721,-0.003155411,-0.04371982,-0.06852721,-0.06958412,-0.06407006,-0.06093093,-0.064202555,-0.054301515,-0.08032516,-0.07226336,-0.03416133,-0.06338765,-0.015558536,0.009215473
-0.07903715,-0.029458934,0.008242761,-0.06239146,-0.024330413,-0.04207278,-0.025773369,-0.008197815,-0.009796831,-0.045143425,0.0030327125,-0.039778106,-0.038681075,0.001552155,-0.018020174,-0.03917001,-0.03499227,-0.030004555,-0.045314636,-0.042623844,-0.054238416,0.013684517,-0.027531734,-0.028229278,-0.016450731,-0.010167258,-0.015204647,-0.0066907327,-0.054815233
0.062951796,0.05978014,0.044077218,-0.030546743,0.04524968,-0.005289213,-0.045120385,0.029697264,0.020605553,0.04129722,0.05186251,0.0012626578,-0.034861982,0.053086165,0.04555943,-0.025815332,0.055326976,0.086607836,-0.015546631,0.033129368,-0.021667372,0.057367086,0.021638982,0.010176184,0.034061607,0.066582896,-0.009786711,0.07576854,0.0033982194
-0.035524372,-0.02867068,-0.055835407,-0.06762751,-0.05427194,-0.0073357355,-0.059163366,-0.0102356095,0.031998698,-0.07511868,0.020962775,-0.0654594,-0.039927028,-0.067176394,-0.023396797,-0.06410266,-0.037413444,-0.0126631325,0.00700098,-0.012749856,-0.01092346,-0.03467557,-0.022628302,-0.0037483377,-0.06392873,-0.047171593,0.029394967,-0.05507741,-0.06363293
-0.076115966,0.04519518,-0.081029706,-0.0356344,-0.050297637,0.035140704,-0.0057306266,0.05256714,-0.0005317083,-0.025883274,0.008065999,-0.025887195,-0.05342776,-0.014717948,-0.03328486,-0.02577846,-0.078591235,0.029406885,-0.024513781,-0.05087275,-0.041963913,-0.043296497,-0.051656563,-0.042717908,-0.032740522,-0.07892664,0.011427894,-0.07106517,0.016208803
-0.085257605,-0.06614451,-0.045391917,-0.052929237,-0.072459646,-0.05900174,-0.047121335,-0.08050442,-0.0457779,-0.017587341,-0.05134617,-0.036613964,-0.06508683,-0.06721083,-0.042086046,-0.009928766,-0.05234385,-0.060554054,-0.07132802,0.033773117,-0.06527788,-0.0344452,-0.05439758,-0.08544006,-0.010953407,-0.06603845,0.0032242748,-0.08179735,-0.04892297
0.051480632,0.078088276,-0.034249358,0.026651252,0.06901704,-0.07355641,-0.07054853,-0.034293883,0.010122306,0.054491423,0.06780236,-0.047440328,-0.036225934,0.083354846,-0.04241067,-0.021451157,0.012840839,-0.014662028,0.08063754,0.069328815,0.015374048,0.08408494,-0.0024811008,-0.062118534,-0.01638161,0.01779783,0.009744766,0.08889347,0.053071607
-0.027947279,-0.028377263,0.04592241,0.044664625,-0.01363484,0.015903467,0.012930477,0.00950391,-0.035037756,-0.0006832587,0.06722304,0.069504656,0.051137317,-0.02446688,0.044852495,0.06799676,0.032062903,0.026373705,0.030188618,-0.02358118,-0.02507684,0.051481877,0.010904801,0.049434397,0.046712182,0.0134583395,0.037353244,-0.058836002,0.029769257
-0.017187241,0.021085696,0.0064973403,0.01687006,0.038950793,0.007882892,0.014539833,0.028371979,-0.014597106,-0.025282044,-0.035415445,0.017349167,0.04573547,0.026798233,-0.057293344,0.058806177,-0.06496262,-0.01087452,0.041189734,-0.07393757,0.018076397,0.017815283,0.020050908,-0.032740097,0.050904136,-0.076996915,-0.02413726,0.041677658,-0.024537537
-0.07244989,0.016243564,0.00094421016,-0.010608358,0.04588465,0.011296147,0.025876116,0.045977667,-0.027908053,-0.014622323,0.013978549,0.042484727,-0.05958755,-0.03177378,0.021760462,0.06726095,-0.02437156,0.021817446,-0.032157067,-0.0052370974,-0.017860398,0.041377142,-0.0848285,0.04432705,-0.010606763,-0.04775068,0.008485147,-0.04906321,0.034662038
0.12057728,-0.038927022,0.022907248,-0.016747415,0.04124768,-0.05554408,0.037506945,0.033208482,0.00862334,0.03294356,-0.055445604,0.0578023,-0.04683546,0.02800771,0.05803486,0.048254862,0.04990218,-0.00090056984,0.017694775,0.03933938,-0.000715885,0.014097649,-0.039006382,0.017261006,-0.03665406,-0.0006967922,0.024495438,0.012250291,-0.027481265
-0.052749235,0.023163198,-0.054401696,-0.021554794,0.022222115,0.009693918,-0.005786713,-0.04251549,0.00065614574,-0.09035536,0.040723857,-0.060698025,-0.0004259408,-0.03455968,-0.031226367,-0.019484006,-0.03619085,0.053556263,-0.019163508,0.0025842532,-0.034564145,0.031213563,-0.027145099,-0.01867368,-0.059475403,-0.055072095,-0.02667773,0.023538657,-0.046605617
-0.0074703605,-0.048750013,-0.07439226,0.00064369943,0.010211032,-0.048990007,-0.023025382,-0.04299202,0.02231092,0.055997524,0.024456406,-0.044307284,0.01134582,-0.033245794,-0.07773016,-0.005416612,0.010223859,-0.03567673,0.03393185,0.020206684,0.008043088,0.017154153,-0.039112598,0.026095996,-0.017094268,0.05522923,-0.014285079,-0.0012568963,-0.041055698
0.0008963499,0.030540586,-0.039057534,0.054399125,0.02262094,-0.063100144,0.020466529,0.04270493,-0.029826652,-0.040179722,0.03472854,0.046853874,-0.04665266,-0.047819287,-0.010684677,0.046122644,0.015807193,-0.075278275,0.032941844,-0.013148768,0.009742302,0.013191811,0.015177414,0.027475527,0.014127539,0.04692535,0.07475858,-0.035106584,0.033072665
0.043097068,0.043979086,0.0428289,0.024415579,0.011972759,0.011817221,0.008139897,0.002651714,-0.04238084,0.029382614,-0.016111245,-0.009765062,0.033549946,0.064382315,0.06731321,0.06514534,0.038798902,-0.062333707,-0.001343366,-0.023559457,0.007328738,0.051129937,-0.011497859,0.019382462,-0.007772476,-0.031302687,0.030069128,-0.04710201,0.04754443
-0.0068067517,0.062914215,0.010120741,-0.055938076,0.047725644,0.057081077,0.032955848,0.023478838,0.022085246,-0.022630231,0.017257787,0.072895,0.0035704463,-0.015950778,-0.002988205,0.0021590092,0.061659332,0.022222128,0.07787394,0.020312155,0.05188529,0.03319991,0.013623739,0.05293249,-0.03745588,-0.028432347,-0.03203889,0.025275491,-0.06950659
0.0032225267,-0.009043968,-0.048963208,-0.060016617,-0.07028667,-0.054225978,-0.054118365,-0.023254054,-0.050607607,-0.0724501,-0.030176213,-0.055256046,-0.036852658,0.019564554,-0.049068745,-0.040332764,-0.058626585,-0.02025824,-0.061984047,-0.03777423,-0.0659566,-0.06044794,-0.0019380046,-0.03020982,-0.018658765,-0.06530965,-0.028998995,-0.0536005,-0.03553292
0.029027387,-0.08589594,-0.023592455,-0.004846689,0.06408917,-0.028784374,0.07795538,0.08163027,-0.037022296,-0.037541512,0.020681608,0.023588065,0.03791559,-0.06415813,0.053148955,0.024359819,0.015404635,-0.0007609133,-0.010184959,-0.045925714,-0.02823077,-0.06706027,0.020760741,-0.0013841494,-0.006950363,-0.0073535573,0.041833434,0.0030982662,0.0627404
0.038040496,0.010701167,0.054682314,0.04994504,0.0003313591,0.03911739,-0.0586096,-0.0013867378,0.04963761,0.0471111,-0.007491065,-0.03688111,-0.0057100346,0.06282709,-0.074150294,0.023466969,0.011279479,0.035272393,0.03700125,0.077587545,-0.018209143,0.06956523,0.060325123,0.069626145,-0.0021951057,0.05678555,-0.0038117433,-0.011194693,0.04041624
-0.079937264,-0.03317543,0.06993093,0.042190824,-0.0055864938,0.008155629,-0.032727137,0.047048617,-0.08272062,-0.0049616704,-0.016122697,0.050223302,0.008570535,0.05946777,-0.026429363,-0.028505603,-0.048938476,-0.029014511,0.0034729198,0.052209932,-0.077042475,-0.007919723,0.0325863,-0.063786626,0.033370607,-0.07466313,-0.034982875,-0.047050644,0.03058573
-0.04842736,-0.015348672,0.012923843,0.04446633,-0.05075604,-0.011215365,-0.015944254,-0.0038993736,0.0028392903,-0.021016868,-0.084682085,0.024621388,-0.06268583,0.024161782,-0.043879915,-0.080886126,0.061166063,0.008210387,-0.009046319,-0.0057739383,0.061998475,0.067017406,0.025881857,0.024393586,-0.054980647,0.031530153,-0.0078286985,0.021116035,0.02963087
-0.051777817,0.053200334,-0.030628407,0.05434067,0.07537837,0.027196012,0.04883612,0.01221359,-0.068699494,-0.0396452,-0.0018408297,0.02732299,0.012997372,0.07647717,-0.013529264,0.02158348,-0.037450742,-0.07271201,0.03558137,-0.043538336,-0.023837328,0.042859796,-0.03740798,-0.06641968,0.03437695,-0.040855676,0.004070856,-0.025818639,-0.03316681
0.036175203,-0.0628538,-0.054875996,-0.01604303,-0.026845433,-0.038454615,-0.06987299,-0.024953324,-0.069091484,-0.039482802,-0.011998378,-0.011639293,0.0069875955,-0.05409552,-0.069225185,-0.072248355,0.025170617,-0.05144646,-0.07539391,-0.045041353,0.07357609,-0.0055624126,-0.01969369,-0.03967461,-0.06672685,0.008152406,-0.031839784,0.009857957,-0.049293127
0.0634698,0.059194475,-0.07440968,0.039080538,-0.058241755,0.024792729,0.025115676,0.013256407,0.016551198,-0.057030756,0.042908,-0.03892128,-0.011800638,-0.026643826,-0.06900254,-0.012702868,0.026837097,-0.036320243,0.035116192,0.030177977,0.01267534,-0.062491395,-0.03380912,-0.008727568,-0.047993653,0.034968797,0.047035847,-0.031107545,-0.062407862
-0.03430179,-0.013075166,-0.0037109423,-0.07664322,-0.06863434,-0.061574776,-0.061951175,-0.041859347,-0.018314907,-0.020605778,0.0188432,0.011029835,0.027922615,-0.048885442,-0.060398944,-0.04143309,-0.05519859,-0.020953935,-0.056450125,-0.013958397,-0.061945364,-0.03440966,-0.04671129,-0.065421216,-0.064960204,-0.046483822,-0.05852256,-0.06158551,-0.035523836
0.025657138,-0.001979914,-0.028354593,-0.02488213,0.012027273,0.008044239,-0.0492025,-0.02016804,-0.00026272933,-0.012575956,0.03432416,-0.0032808848,-0.023319967,0.022316135,-0.040849384,-0.05625835,0.024192523,0.018508589,-0.046438526,-0.021784196,0.003621859,-0.021140682,0.033092603,0.030085687,0.0003937601,-0.052843112,-0.023862608,-0.066969074,0.0065357955
0.03446008,-0.004736847,-0.041386478,-0.03257188,-0.028718123,-0.042878296,-0.01568036,-0.04568894,-0.051746983,0.03867916,-0.013389424,0.035631668,0.034703176,-0.07338256,-0.048874386,-0.031869836,0.050968908,-0.02010666,-0.040417466,-0.062423598,0.013437428,-0.004825797,-0.027661614,-0.0026302165,0.0041082166,-0.050771993,-0.03162164,-0.03359305,-0.04498613
0.04652325,0.021319745,0.03860004,0.058073338,0.024314858,0.078900225,0.06691348,0.08240835,0.015739653,-0.018148568,0.08642003,0.065038145,0.0343134,-0.021980682,-0.03358058,0.046966895,0.016133767,-0.010956307,0.05357349,-0.014737056,0.056666985,0.080642544,0.032201454,0.058360327,0.0025994536,-0.021029556,0.00564294,0.030027935,0.004151796
0.033977803,0.0020791276,-0.03560732,-0.068510205,0.0436447,0.019577352,-0.083602436,-0.07387218,-0.07512858,-0.035679255,-0.03627402,-0.004876706,-0.05025855,-0.057804104,-0.01954202,-0.05425569,0.0047308793,-0.057370935,0.021270262,-0.080293305,-0.036864985,-0.04647584,-0.06472701,0.0028693974,-0.056026503,-0.08725612,0.0351884,0.01076555,-0.01135346
-0.027622234,-0.010370809,0.018302271,-0.077960186,0.018845031,-0.034213908,-0.06337875,-0.06680606,-0.07956331,-0.037566435,-0.07062951,-0.0061411164,0.0019568556,-0.06034377,-0.04845159,-0.002116285,-0.08458056,-0.05735973,-0.059365902,0.036020618,-0.0071695643,0.005287225,-0.039499596,0.075311385,0.06862409,-0.07183903,0.006950198,-0.042274468,-0.050463144
-0.035594903,0.03926019,0.0090771075,-0.04155258,0.037173845,-0.03876202,-0.06683063,-0.051313724,-0.06179965,0.011681462,-0.039257903,0.030897366,0.0132934945,0.02742148,0.013181254,0.025355045,-0.0679631,0.02316922,-0.05946474,-0.028175993,0.024381448,-0.012871087,-0.02263088,-0.020951264,0.07581172,-0.016333558,-0.041408546,0.041896872,0.033636827
-0.0010483697,0.06953835,0.005560944,-0.031601045,-0.051414263,-0.012412998,0.013873424,-0.053256214,-0.06494193,-0.07446559,-0.063039266,0.06388055,-0.07665952,0.012961641,-0.009923387,-0.055694103,-0.02476405,-0.061123304,0.035912465,0.0010227695,-0.075036615,-0.07852147,0.020278616,-0.001539396,0.0070590586,-0.0667034,-0.05698381,-0.055610247,-0.021150932
-0.003439589,-0.010402116,-0.04302533,0.003998357,0.054111455,0.02432124,-0.016304854,-0.02354016,0.0104343835,-0.041661605,-0.025991745,0.029120106,-0.004423363,-0.05183414,-0.043499365,0.041775983,-0.014420107,0.013294741,0.025609802,-0.029013518,0.07387804,-0.027050326,-0.04014412,-0.019807337,-0.06980105,0.016957613,-0.052593425,-0.0023605453,-0.02924009
0.06373606,0.017900672,0.05852623,0.012171548,0.02511394,0.070135385,0.011168488,0.016580695,0.03386918,0.02082676,0.014941896,0.053783916,0.066920966,-0.012691656,-0.023626277,0.061551996,-0.0146668665,0.067956954,0.047931667,0.046446998,0.032685205,0.04101723,0.057157498,0.001148676,0.037088893,0.0047400706,0.039567143,0.02955809,0.0015512983
0.041305125,0.01984132,-0.034618057,-0.0137799205,-0.013598785,-0.020368896,-0.009294644,-0.033267632,-0.019451965,0.0018187966,0.01635432,-0.03440796,0.03071653,0.012541454,-0.021615187,0.0022771487,-0.042396937,-0.045742687,-0.03333482,-0.016796604,-0.01360744,-0.00958363,0.034395467,0.018797532,-0.029823702,0.021988027,-0.05623822,-0.011648211,-0.011579675
-0.03947275,-0.012803325,0.020739304,-0.017714364,-0.029078938,0.025220137,0.0067931646,-0.033223093,-0.039935596,-0.016811222,-0.039387885,0.010260674,0.016907066,-0.011727933,-0.07985439,-0.03997619,0.017907219,0.074391276,0.021499598,0.013266065,-0.048821613,-0.0293215,0.04247514,0.005724456,-0.013360671,0.024251655,-0.011638202,-0.017049722,0.024128709
-0.07688957,-0.055573314,-0.034311917,-0.052640963,-0.058578607,-0.05701945,-0.029516013,-0.02135444,-0.05480698,-0.041558586,-0.032327864,-0.032685213,-0.052078605,-0.05018582,-0.012030044,-0.0014499008,-0.022688687,-0.051573377,-0.029475747,-0.015596982,-0.06036446,-0.034028567,-0.0066452124,0.01723811,-0.017255547,-0.04906559,-0.03779189,-0.06976679,0.02683998
-0.05561553,0.017379202,-0.0013025549,0.008569694,-0.055185676,-0.040533327,-0.047929943,-0.033928167,0.0021586088,-0.04877717,0.031782914,-0.015491541,-0.06665005,-0.015162623,-0.07697833,-0.041869987,0.016713245,0.04813253,0.014942792,-0.011219997,0.0076680086,0.004474514,-0.05892398,-0.058027137,0.03281047,0.04726424,0.030654712,-0.005646842,-0.0297339
-0.052899197,0.032825924,0.0043312153,-0.01358662,-0.0014698447,0.004750852,0.032572016,0.013343199,-0.013610459,-0.07288555,-0.009784046,0.024740117,0.0022902251,0.04331534,0.018317033,-0.02335809,0.0035990095,0.02201332,0.009489401,-0.045476977,0.057149705,0.010625458,-0.0381744,-0.041335963,-0.006621246,-0.018067978,-0.004959904,0.022629311,-0.0050256625
-0.046472862,0.04473982,0.0756247,0.077056974,0.025686013,-0.0022368329,0.04639635,0.05130944,0.017252434,0.069124006,0.0030554857,0.0151025625,0.022511201,0.012999791,-0.015274149,0.05744163,-0.00025868448,-0.020090792,0.054312974,-0.017661903,0.039289817,0.05084905,0.035968073,-0.034997977,-0.017632747,-0.01647217,-0.031697102,0.03363424,0.0030019702
-0.055179693,-0.07698491,-0.030116288,-0.05190264,-0.044340607,-0.0811707,-0.036104184,-0.04380139,1.32337145e-05,-0.09008723,-0.0783821,-0.055189416,0.010517214,-0.0705199,0.025945574,0.011181307,-0.044196613,-0.07577602,-0.0030181264,0.0633325,-0.0650085,-0.026657471,-0.040705964,-0.030699464,0.030305574,-0.052301634,-0.028989043,-0.07919598,-0.017797166
-0.020425286,-0.039057374,0.04516591,0.038711466,0.06441187,0.012182998,-0.03280625,0.045630436,-0.0030000634,-0.05243729,-0.01959607,-0.07036775,0.045782972,0.06320794,-0.06397553,0.07281922,-0.04643557,-0.061870776,0.023247462,0.034061592,0.051846083,-0.0037761843,0.067363754,0.059442297,-0.018266037,-0.020319,-0.04975784,0.04984275,0.04957974
-0.045801993,-0.01266927,-0.03476795,0.00643005,-0.042937618,-0.052627236,0.01658828,0.08164556,-0.07291117,-0.022620069,-0.01766837,0.017452896,0.06622481,-0.020162582,0.039337076,0.024566289,-0.040255085,-0.020597562,-0.008374265,-0.031362712,-0.033402853,0.063628696,-0.032656267,0.06993666,0.028006393,-0.0004760748,-0.039365426,-0.016148018,0.06057582
-0.034079332,0.02790176,0.01770673,0.04350979,0.05980266,0.014366621,-0.043711837,0.07188625,0.014089704,0.009599268,-0.0035593621,-0.030995205,-0.0040342943,-0.051645804,0.03684456,-0.01655743,-0.0015251789,0.023355626,0.060150836,-0.043198727,-0.014819093,0.038899735,0.056112494,-0.032732286,-0.018914433,0.0150420405,0.06365299,0.059471164,0.06393942
-0.0012833169,-0.058810823,0.041932035,0.03555194,-0.009742718,0.073936105,-0.055232104,-0.04625919,0.064783074,0.019063791,0.071821004,0.034141507,-0.025785508,0.019458659,0.068622045,-0.06336356,0.005274737,0.08509318,-0.0048298654,0.055269454,-0.03865064,-0.01903242,-0.030192338,-0.05730937,-0.04413154,0.022930302,0.027787743,0.029611321,0.06834117
-0.030083485,0.015580704,0.00079188455,-0.07170109,-0.049128372,-0.0039809365,-0.07051783,-0.06357892,-0.06815929,-0.07659061,0.046549834,-0.06582871,0.0013364769,-0.05941158,-0.031586334,-0.05684274,-0.07811358,-0.019308915,-0.03228263,-0.07406437,-0.034419,-0.0337292,-0.0073999558,0.0268741,-0.016183093,-0.0654219,-0.0708474,-0.01888505,-0.05517454
0.016409155,-0.07982988,0.0068177106,-0.06419463,-0.06437853,-0.0033213857,0.03626758,0.047533035,0.06980017,0.076676235,-0.01056487,-0.07910656,-0.008566662,0.023281025,-0.014390312,-0.049082063,-0.010335166,0.046407152,-0.06833837,0.071793005,0.0015867562,0.057730164,0.018446527,0.038788024,-0.059550993,0.07183083,0.062106475,0.03140911,-0.013207878
-0.047280867,0.0037708269,0.03612616,-0.054739352,0.037917137,-0.07845267,0.08076477,0.080804855,-0.02742678,-0.06361666,-0.0459305,-0.018218374,0.03736718,-0.018051637,-0.011581984,0.038913436,-0.06722461,0.034202006,-0.042925123,0.06929788,-0.062197194,-0.04605029,-0.01721666,0.019595625,-0.07993474,-0.032902278,0.050553102,-0.0030026278,-0.05905242
0.016422333,-0.01560162,-0.013583292,0.016409453,-0.022809679,-0.060087983,0.058895797,0.0024260676,-0.027497582,0.01486589,-0.056103233,0.050456733,0.053615965,-0.03780749,0.04405873,0.018788077,-0.071187615,-0.03683599,-0.039961446,0.032789383,-0.0047869645,0.0036680144,-0.004859399,-0.059896216,0.015108727,0.002288975,0.01629602,-0.041410103,-0.07151033
-0.043158688,-0.079477124,-0.011975711,-0.05781325,-0.052700277,-0.043695863,-0.043310642,0.012152251,-0.04895914,-0.04322303,-0.054269966,-0.064446375,-0.0024803202,-0.034920804,-0.08371978,-0.0757352,-0.067750886,0.018518625,0.0007956821,-0.029579105,0.014048725,0.032286406,-0.028279886,0.01725523,0.011839531,-0.084930345,0.018650854,-0.08620842,-0.031404577
0.029072331,0.018840004,0.07797837,-0.019001566,0.03355231,0.043935843,0.053154595,-0.010385427,0.020994846,0.011030373,-0.0059169694,0.03339328,0.02421364,0.04317024,0.03439428,0.015679132,0.0675572,-0.032315478,-0.027395414,0.057376385,-0.043733582,0.045248076,0.06771612,0.019522127,0.066444516,0.061011735,0.010159795,-0.0087639075,0.03405079
-0.0050293934,-0.0007918023,-0.01696933,-0.015284862,0.030876495,-0.0022751407,-0.007561728,-0.02071361,-0.022354702,-0.03532142,0.026693664,-0.04344517,0.0028251659,-0.023787256,-0.030803788,-0.009991468,0.024681104,0.006967239,0.03645946,0.008572193,0.071647584,-0.009600493,-0.0785169,0.045110494,-0.012071974,-0.0017354041,-0.021478709,0.0116704535,-0.04599137
0.044052567,-0.012419892,0.054083608,-0.022562785,0.05782686,-0.0344488,0.05290566,0.026226865,-0.038889106,-0.013198961,-0.02959611,0.0097866105,-0.013768227,0.047036294,0.00014019331,-0.027177485,0.0035486894,0.029380227,-0.0028835386,-0.04419491,-0.025018783,-0.010775316,-0.06641256,0.0701214,0.029858515,-0.022056822,0.038792737,-0.017072167,0.044394754
0.054295447,0.070780806,0.056979246,0.07648037,0.056043644,0.037477486,0.043400858,0.06504949,0.07252279,0.07179427,0.078895636,0.049127806,0.08259245,0.06690676,0.06356333,0.05401176,0.059287585,0.07412359,0.07416487,0.05518946,0.046111893,0.07541528,0.073611625,0.021534959,0.05452153,0.07306567,0.07170653,0.07815036,0.07296103
-0.033601385,-0.07557862,-0.0614979,0.034205765,-0.00219688,-0.00012208316,0.06553693,0.063264444,-0.026169239,-0.01404208,0.037836507,-0.022604622,-0.016261218,-0.03348802,0.01049824,0.021539753,-0.056447938,-0.04467407,0.042653035,-0.03608524,-0.063947774,-0.053516418,-0.031039644,-0.06637977,-0.008548243,-0.027018396,-0.076574706,-0.007354329,0.061364245
0.0071059694,-0.053517934,0.017932218,0.039790526,0.065297425,-0.017301366,0.007489115,0.049289055,0.040324196,0.062795326,0.06540151,-0.019093772,0.057243828,0.07282344,-0.03605043,0.051065337,-0.06347782,-0.002393677,0.019965159,0.025982542,0.024489546,0.0023428462,-0.039044216,0.077100694,0.027425263,0.05581642,-0.048086017,-0.025740767,0.023532704
0.019563437,-0.0007884594,0.024099497,0.0076488466,0.07804178,-0.07802337,0.0217383,0.021040583,0.0129968515,0.0054099616,0.071418725,0.06251062,-0.027882615,-0.06572395,0.033817954,0.048608057,0.08097586,-0.031420622,-0.030945541,-0.030834086,-0.033346444,0.06377519,-0.004649075,0.0039940313,-0.023633808,0.016882334,-0.04013178,0.05701667,0.033044122
0.037271995,0.053223357,0.0152859045,0.056013975,-0.0007021007,-0.044926774,-0.040272653,0.014527658,0.008315714,-0.031683557,0.031038592,0.05613835,0.06147031,0.08334383,0.03722979,-0.0032948053,0.07946627,0.042594615,-0.007007071,-0.030176368,-0.062605776,0.02654669,0.022573326,0.03989384,0.072049074,0.062406015,-0.04004237,0.062100127,0.079775706
-0.016187744,0.009425996,0.03448788,0.014433492,-0.039325666,-0.0008844052,-0.0028954248,0.037002623,0.06588623,-0.07152768,0.0060594,0.01674007,-0.050901476,-0.05069372,0.033473752,0.053666376,-0.054945983,0.040758405,-0.028393652,0.057667162,0.04156417,0.013175449,0.0010034604,0.000964832,-0.012846739,-0.0587975,-0.009108842,-0.027088383,0.006458549
-0.07230996,-0.0025956654,0.014794004,0.018103164,-0.057834964,-0.0050336584,-0.0016602711,-0.019292036,-0.03190375,-0.05008901,0.017017841,0.0059448937,-0.058213428,-0.004070539,-0.06561217,-0.02776078,-0.00040344222,-0.04222506,0.03859593,-0.0006525027,0.049711376,-0.057070013,-0.05882795,0.013156445,-0.062583536,-0.0050867954,-0.054190572,0.005704795,0.00013024388
0.02080916,0.03133717,-0.036959387,0.027358636,-0.0051606535,0.021710146,-0.022792576,0.03686724,0.060255397,0.058460888,0.056795605,0.030584954,0.061339904,-0.025884444,-0.024346422,-0.021099748,0.055437826,0.080348395,0.052359473,0.044511918,0.040026143,-0.004317407,0.07279738,0.03566146,0.015818145,0.05463629,0.060948998,0.028487245,0.03806838
-0.0062951418,-0.079514645,-0.05211996,-0.06529452,-0.042734575,-0.076892264,-0.0383392,-0.05500341,-0.061241012,-0.05677152,-0.07016887,-0.007987872,-0.053323783,-0.05217512,-0.06615565,-0.04104578,-0.045004483,-0.037038997,-0.03718753,-0.060783796,-0.0071377493,-0.04802335,-0.06587933,-0.0013939361,-0.06421816,-0.058172233,-0.052564014,-0.05184086,-0.04589616
-0.023945415,-0.063531846,-0.02893136,-0.022554478,0.011632848,-0.046918843,-0.022946114,-0.046058603,-0.030562669,-0.056963366,-0.048522964,-0.011842744,-0.029453775,0.008221697,-0.035221446,-0.030188862,-0.016103921,-0.05894478,-0.024700647,2.8150638e-05,-0.05590331,-0.0013416263,0.006165149,0.026728822,-0.02174696,-0.047391996,0.015800942,-0.009404754,-0.021785226
0.01945363,0.020691821,-0.06838524,0.08795513,-0.0027200254,0.0070704883,0.04153712,0.07003723,-0.0029213752,-0.025911909,0.05691205,0.073108315,-0.055653807,-0.018004278,0.015745196,0.008468439,0.0035525667,-0.02119468,-0.04818894,0.037488043,-0.04230732,-0.053489137,-0.024178118,-0.014173858,0.005639013,-0.01690352,0.02230127,0.028554168,-0.06745098
-0.020240618,-0.07234561,-0.018009862,-0.009395818,-0.051037107,-0.07710139,-0.0042691412,0.02276604,-0.05680221,-0.048945334,-0.028475145,-0.071805805,0.041786738,-0.07113461,-0.039824776,0.054689154,0.038552567,0.010666255,-0.022756767,0.031491064,-0.0791679,0.052138776,0.079821974,-0.009951089,0.011148333,0.014459163,0.04183018,-0.0666059,0.011906231
0.07565224,0.07353925,0.0044399193,0.039857086,0.06966615,0.0649063,0.0689833,0.046381358,0.058071345,0.06744605,0.072398596,-0.0053962823,0.056681857,0.037653785,-0.040574785,-0.039657507,0.013422976,0.005089623,0.059330534,0.016138053,0.036967352,0.0498491,0.05544611,0.063047856,-0.01974605,0.07678631,0.074500985,0.05846988,0.021315657
-0.03161657,-0.0335445,0.008996002,0.0016620278,0.02698004,0.04485196,0.0594705,0.0718525,0.052444637,0.04245584,0.020944923,0.058963034,0.06060159,0.053445093,0.050136846,0.0068724207,0.014002394,0.05754091,0.052341778,0.045851186,0.071365215,0.05594494,0.036162388,-0.08287358,0.048355058,0.019056385,-0.00023838712,0.045855034,-0.048669767
-0.036129113,-0.046285167,-0.028042125,0.004766623,0.0073949485,0.015412221,0.044108894,-0.018091083,0.043554947,0.015501005,0.0057178778,0.015786609,-0.035112664,-0.018008804,-0.040060554,-0.04321608,0.03791405,-0.0033217885,0.013454919,-0.008498648,-0.015588375,-0.01634111,0.056379188,0.0014119482,-0.02075245,0.013128307,0.035975885,-0.0047514057,-0.03472067
0.100833,0.047844622,-0.0077913227,-0.011884575,0.04569059,0.042792354,0.010758566,0.030775376,-0.049326945,-0.017058948,0.033008225,-0.02340266,-0.03747142,0.030915499,-0.019159969,-0.009942332,-0.03265208,0.055495683,0.013379624,-0.040633872,0.029415146,0.01742038,-0.011035216,0.04987037,0.07143447,-0.023852667,0.038347267,-0.005788225,0.0075511187
0.0428481,0.029530417,-0.04482139,-0.052119404,0.026301531,0.025629446,0.022100752,0.03569405,-0.05319919,-0.0065235146,-0.01735134,-0.020549066,-0.033791587,0.0733598,0.013580611,0.04362505,0.02723994,-0.041098513,0.0031525986,0.02030068,0.03855269,0.018520702,-0.076091826,0.032934982,-0.035743106,-0.020001838,0.023563484,0.014596885,0.023079976
0.05096984,0.0143815195,0.07657553,-0.032934967,-0.060920876,-0.008707431,-0.032705873,-0.026452959,0.0453245,0.024855014,-0.050380573,0.012563405,-0.04350049,-0.041284148,0.01809153,0.050937023,-0.057533607,-0.050329898,-0.025601702,0.029372035,-0.020237058,-0.040581536,0.039809834,-0.0018284197,-0.032112647,0.033263322,-0.06917848,-0.03451922,0.08105106
0.0002864589,0.011350248,0.05896509,0.09311149,0.03876157,0.0732906,0.0502881,0.0023111235,0.044693425,0.018199272,-0.0069623864,0.07994239,-0.016294794,-0.06797359,-0.026788147,0.025384406,0.0042848964,0.025881186,-0.063680574,-0.006169965,0.07729047,0.03578995,0.019755723,0.026643282,-0.015884025,-0.013009773,0.027917122,0.06972292,-0.037653625
-0.026216177,-0.0071019456,0.0022437018,0.05072476,0.026540399,0.053479183,0.007143438,-0.053283576,-0.008399607,0.018690567,-0.050826397,-0.005671909,0.02665747,-0.007348456,-0.02704545,0.008821552,0.021534242,0.050413065,0.016770782,0.046155922,0.007655222,0.011212114,-0.01816989,-0.077532664,0.06700714,-0.014877716,-0.016648114,-0.05205634,0.00026584914
0.010172841,0.000911876,0.0004354862,-0.018238304,-0.007030565,0.041218605,0.04019693,0.016786192,0.024377413,0.07806043,-0.02024052,0.052322738,0.007694665,-0.02537911,0.046751145,0.06095904,-0.0788917,0.03522399,0.046506464,-0.0032961546,0.056244843,-0.03397866,0.050601676,-0.014945458,0.033985026,0.0043753902,-0.035632897,-0.047826666,-0.08149822
0.023898384,-0.03671435,-0.028211823,0.002390384,-0.044024605,0.024032239,0.045014463,0.057467625,-0.041209478,0.037546575,0.03156061,-0.06960792,-0.024565628,0.041384146,-0.049737446,-0.080669604,-0.007832725,-0.079709984,-0.03414889,0.017666832,-0.044159442,0.053937167,0.0284812,0.048575994,-0.07794561,0.02688898,0.0045107957,0.039316017,0.080854535
-0.007965634,-0.08090893,0.07840662,-0.06315429,0.017766945,-0.0667252,0.037922613,-0.006122917,0.011815712,0.05218239,-0.035981897,0.049584627,-0.036671594,-0.06390512,-0.04822696,-0.021815527,-0.054320022,-0.057857525,0.0019305949,0.012204727,-0.0052144993,0.032258112,0.050795685,0.011000946,0.042298827,-0.064297184,0.033465873,-0.0021879524,0.07284085
-0.011350394,-0.017647957,-0.025043305,0.04083862,-0.08284362,-0.033466056,-0.07465634,0.0016743093,0.056105398,-0.013611951,0.014784597,-0.022101007,-0.06847954,-0.07610496,0.06524065,0.013385538,-0.029099137,-0.024114972,-0.008431426,-0.004196244,0.07999059,0.031168517,0.037681226,0.043515183,0.05070317,0.04528264,0.044835366,0.04513831,-0.058151737
-0.029247714,0.020792663,-0.02447272,0.07052963,0.053680435,-0.07418075,-0.006125593,-0.027497504,0.0214762,0.07085697,-0.03539994,0.03840972,-0.07853568,-0.017602725,0.007837329,-0.07928813,-0.053729147,0.024532326,-0.022142569,-0.06793023,0.079086885,-0.020185288,0.05396103,0.03986086,-0.070328,0.037705813,0.048359692,0.04217996,-0.06849215
-0.05401148,-0.060757723,0.037209686,0.045981605,-0.06542805,-0.050405383,0.02185646,-0.010817433,-0.017545484,-0.05730516,-0.072100006,0.0051018083,-0.015809482,-0.035413407,-0.026866354,0.0019481119,0.010395872,0.01703478,0.004238999,0.038943965,-0.009766833,-0.0627757,-0.049514294,0.010265716,-0.0028767863,0.06807855,-0.053328134,-0.057489846,-0.042540155
-0.008493046,0.07638252,0.016143141,-0.050446004,0.05550717,-0.07181509,-0.0066308365,0.037800197,0.06696794,0.006291778,-0.014122564,-0.053799838,-0.028965598,0.0015460686,0.015240726,-0.022932496,-0.010054144,0.03593722,0.038413007,-0.013455613,-0.06350264,0.073728986,0.07727756,-0.043230474,0.07957797,0.07682942,0.03092664,0.027886601,-0.0017527521
0.045380086,-0.013029122,0.034573387,0.004578157,0.054025207,-0.014587623,0.03709576,0.05343373,0.016923511,0.045418717,0.046834897,0.06290476,0.018764386,0.07063292,0.019935783,0.024797326,0.0018226136,0.02396867,0.020719308,0.0402316,-0.00049879286,0.0023666664,0.07182681,0.018799307,0.029977633,-0.06327401,0.02130051,0.045569327,0.049283333
0.061140314,0.012366012,0.012975841,0.031265225,-0.018441252,0.029034065,0.033292882,0.0044891825,0.0776537,0.05915862,0.025244132,-0.032171723,0.032678712,-0.02092882,0.050167147,-0.00807215,0.08076915,0.059149355,0.044022333,0.05711663,-0.015548007,0.013574711,0.07248804,0.079990044,0.037530594,0.046932556,0.053202417,0.05369512,0.044608966
-0.057178523,-0.0016818454,0.01994385,-0.036109988,0.004911373,-0.059261665,0.042418115,-0.052826975,-0.0013590048,-0.063479,0.004347259,0.020392269,-0.04756192,-0.02236119,-0.06434834,0.01638356,0.053605165,-0.027471723,-0.036721323,-0.025074521,0.054341257,-0.014566733,-0.03784358,0.06268606,0.06996068,0.022066679,0.006488123,0.040452085,0.007095297
-0.038059376,-0.08112745,-0.028356137,-0.05946289,-0.047959436,-0.059681866,-0.04945906,-0.029030146,0.008969888,-0.01941131,-0.033971224,-0.023535954,-0.054695815,-0.0017578395,0.011647587,0.025848595,0.008653077,-0.03616478,-0.057555206,0.03129437,-0.05978442,0.026158765,0.031484056,-0.040719755,-0.0045589902,0.014905114,-0.034096953,-0.016739495,-0.011582451
0.02237763,-0.017542293,-0.077140264,-0.048273057,-0.05883666,-0.016645636,-0.010197104,-0.05129795,-0.05930454,-0.05457662,-0.032495465,-0.07509549,-0.019788984,0.02211325,-0.079751916,-0.07681447,0.018325826,-0.0012061083,-0.051153626,0.021572065,-0.05301438,-0.013282067,0.0037016743,-0.013410801,-0.018426444,-0.06260336,0.007805835,-0.012829258,-0.053567458
0.07248088,0.048967276,0.06782057,0.022201298,0.025979003,0.05541226,0.067201905,0.039480712,0.06339031,0.032519747,0.07043465,0.07802657,0.037974633,0.07102801,-0.0154189775,0.034326516,0.07529006,0.009139381,0.016468093,0.07007616,0.03353493,-0.0048355046,-0.007979043,0.00527565,0.043605626,0.054298602,0.040086787,0.022461904,0.031296004
0.01666186,0.03699005,-0.0112791555,0.04662523,0.04498819,-0.053184435,0.015226045,0.012272992,-0.052286636,0.015824929,0.026855374,0.053256,-0.009320677,-0.033744864,0.028795104,-0.03414356,0.000816911,-0.03510241,0.021049922,-0.06797546,-0.045001555,0.013442979,-0.06598209,0.019586539,-0.019447248,0.0017846392,-0.018130962,0.019611211,-0.01906138
-0.022194508,0.024705278,0.016684143,0.085364185,-0.0070399228,0.042755853,0.026768101,0.029450111,0.041659333,0.048277706,0.0681735,0.058113452,-0.006633173,-0.0070782034,0.0036563464,0.027392797,0.05953722,-0.03736013,0.077221684,0.03945461,0.033116177,-0.00992255,0.04834509,0.043130085,-0.014534151,0.03946014,0.069562435,0.06693369,0.06476014
0.08743314,0.06277936,-0.042572528,-0.031123666,-0.026384909,0.010333207,0.008853402,0.0101505155,0.010156946,0.07387376,0.030133244,-0.005275859,0.035827868,0.046660848,-0.058835812,-0.028485043,0.035227332,0.064347565,-0.002202375,0.03096474,-0.06988515,-0.02631475,0.05003002,-0.008867433,0.01848508,0.017511748,0.033846483,0.038385976,0.044509105
0.044657268,0.055222478,0.036014814,0.044943456,0.06616091,0.06840889,-0.005696979,-0.03930399,-0.00040211822,0.029065587,-0.0046405,-0.018982839,0.04988475,0.006355112,0.0020106633,0.016149567,-0.029601382,0.004040078,0.024463532,0.015852123,0.030561404,-0.020003924,-0.0070842127,-0.011397685,-0.04833173,-0.051319193,0.0056531625,0.035117112,0.052727986
0.070883326,-0.012958355,-0.06886252,-0.05850308,0.028542038,-0.060759965,-0.046981726,0.011529715,0.0071182796,-0.01285611,0.00045597262,-0.029262733,0.011966412,0.031828776,-0.02830814,-0.012465037,0.010045341,0.00025944354,-0.07197867,0.0399398,0.0022420287,0.032854747,-0.008857817,0.018793564,-0.019922823,0.0015462795,-0.01822139,0.014519835,0.050039522
-0.023302069,-0.062061924,-0.067669846,-0.0846853,-0.041781373,-0.05914438,-0.038582783,-0.05793773,-0.062290654,-0.08244219,-0.07254719,-0.042411998,-0.060590338,-0.036213025,-0.06850735,-0.030298516,-0.029082866,-0.033602044,-0.060636826,-0.026310842,-0.07439983,-0.047516458,-0.0602903,-0.018698264,-0.013163743,-0.028776214,-0.017421175,-0.053623304,-0.069605805
-0.02487607,-0.06094239,-0.037741747,-0.0477213,-0.065647185,-0.034840036,-0.036570996,-0.0541926,-0.06916801,-0.077250384,-0.07828819,-0.030246736,-0.07128305,-0.026914442,-0.066469744,-0.08061723,0.083498634,-0.06746489,-0.053867344,-0.06471915,-0.0074310075,-0.03185931,-0.066928186,-0.06476313,0.06795852,-0.083316274,-0.055661216,-0.038071662,-0.013775436
-0.022025978,0.025611185,-0.012396714,-0.00844506,0.017842017,-0.021553103,-0.013266297,-0.0248217,0.027247205,-0.073368125,-0.008069766,0.06702253,-0.029957792,-0.0342822,-0.055184294,0.00529652,-0.017228961,-0.06862335,0.02543332,0.018149704,0.068248704,0.0030982099,0.029040555,0.006244047,0.0014578189,-0.026852516,0.005617564,0.011353112,-0.06976912
-0.04878246,0.06137394,0.05314782,-0.054059133,-0.0057553384,-0.0542538,0.06554265,0.07827893,0.039822724,-0.0055094883,-0.002549566,0.013450438,-0.0027420039,-0.04466005,-0.0020787108,0.037322752,0.012314928,-0.04794044,-0.004101803,0.049131088,-0.054629896,0.060091805,0.035650942,0.03643644,-0.04430202,0.026795136,0.036137152,-0.0027349244,-0.048775133
0.04683074,0.07105481,0.016483543,0.013700767,0.007370782,0.033998214,0.0625283,0.007569362,0.059632763,0.052630894,0.028176947,-0.03451263,0.060766503,0.05323497,0.050294615,0.03581493,-0.0034635414,-0.04852684,0.01674798,0.009496573,0.057476293,0.05460371,0.031001942,0.082434244,0.06914791,0.03563177,0.00403888,-0.031827386,-0.0035290136
0.05032559,0.003757735,0.034909785,-0.0422069,-0.02980641,-0.027426023,-0.024622662,0.009087089,0.026245086,-0.013639312,0.054683514,0.0041034315,-0.039479304,-0.029990774,-0.040299267,0.036249537,-0.04123192,-0.07998548,-0.047270585,-0.051986802,-0.079259306,0.029450456,0.02025074,-0.05141968,0.037519045,0.017326418,-0.036548324,-0.020874755,-0.015700297
0.014651457,0.008439987,0.011231457,0.047215316,-0.06730099,-0.071127534,0.01867086,-0.018140877,0.06860701,-0.021963822,0.04451463,-0.021329757,0.012339643,-0.063840345,-0.01922483,0.03808979,0.085635096,0.021135364,0.0233285,-0.05352661,0.034321968,0.058878783,0.0027524345,-0.07203211,0.044441294,-0.022482207,0.042508006,-0.0011332986,-0.0791744
-0.017410455,0.088108525,-0.002461833,0.054375734,0.08728828,0.062365126,0.013077901,-0.037875045,0.026559576,0.05590463,-0.0014066674,0.005516577,0.06706657,0.06253063,-0.009923105,0.032180905,-0.00680342,0.032931592,-0.010877114,-0.028354188,0.06998211,0.083800286,0.063283175,-0.054032993,-0.019014422,0.04489344,-0.04440591,0.030111352,-0.007179844
-0.0028615904,0.040927783,0.049467966,0.041444063,-0.06512199,0.052104168,0.037541132,-0.016840136,0.057410676,0.041990083,0.048532635,0.06110785,0.07544394,0.05788913,0.047214936,-0.012487449,0.0382287,0.055220373,0.04487102,0.011844548,0.07479419,-0.021236544,0.038532685,0.05454423,0.038653865,0.06323338,0.006877659,0.073369436,0.049327865
0.08162367,0.03750658,0.066678345,0.024604617,0.011412108,0.030735342,-0.016510703,-0.022379385,0.024541475,0.064279914,0.043951567,0.04428131,0.051365726,0.05629251,-0.020220485,0.047212545,0.06539628,0.036838237,0.012214952,-0.044145733,-0.021516256,-0.035367448,-0.031586513,0.041054863,-0.017422006,0.04925631,0.0043228306,-0.0017797655,0.036528956
0.075897485,0.045828726,0.014642879,0.0062475936,0.06528236,-0.013769054,-0.011092665,0.03967959,0.0071961773,-0.0029370969,0.020977858,-0.043849267,-0.005232197,0.0643986,-0.0039218925,0.057023957,0.025297446,-0.005827303,-0.05198685,0.074131876,-0.03510723,0.049398944,-0.0649268,-0.012943453,0.062681,-0.021661012,0.064212434,0.054337397,-0.058629163
-0.08550091,-0.039817255,-0.07708927,-0.052639205,-0.04643342,-0.06943697,-0.04694843,-0.082070656,-0.059727564,-0.005370963,-0.03614393,-0.03671946,-0.07798776,0.01985209,0.06047581,0.025263337,-0.052595664,-0.073720835,-0.0730894,-0.0019376777,-0.07530154,-0.03524769,-0.073698536,0.0042183273,-0.042155992,-7.448731e-05,-0.072145,-0.071153015,0.030624503
0.042668182,0.07608075,0.0063659484,0.09280969,-0.02818417,0.08332279,-0.02791464,0.05801531,0.08163215,0.07535831,0.08631882,0.08117874,-0.067070514,0.034138836,-0.06461573,-0.02332272,0.06323752,0.031732485,0.059234936,-0.030067544,0.052300654,-0.028428517,0.0073320405,-0.038791813,0.0038903807,-0.017948594,0.040228836,0.03975319,-0.004566633
0.02615863,0.06700371,0.06794241,0.029476365,0.010631903,-0.00058212323,-0.036845,0.048213083,-0.036692277,-0.01928624,-0.001233599,-0.008862533,0.04482308,0.04211588,0.0168954,-0.02582664,-0.049931806,0.015114517,0.045227677,-0.04793582,0.0440118,0.025105929,0.00048011835,-0.004719672,0.055434458,-0.005287594,0.04599556,0.03896523,0.06882382
0.060932096,-0.017265242,-0.03580733,-0.058646914,-0.024902923,-0.072687104,-0.044903386,-0.0599838,-0.068451814,-0.06880439,-0.019966101,-0.07300949,-0.03213123,-0.028909694,-0.058729287,-0.081894,-0.045862716,0.054389615,-0.078379415,0.03738271,-0.014034461,-0.07877484,-0.080162965,0.004997372,-0.07228351,0.036488093,0.01886053,-0.07660873,-0.066006154
0.01677749,0.04991951,0.05547131,-0.03439542,0.048925094,-0.051535185,0.018915854,0.06398921,-0.026761174,-0.07485073,0.0032927557,0.055994876,-0.021075618,0.0201547,0.08083076,0.0529769,-0.037026916,0.023546169,0.07390999,-0.014204609,-0.04221187,-0.021987379,0.06044134,-0.03453119,0.00023330984,-0.006928551,0.05027788,0.041967947,0.06758927
-0.049624667,-0.06546261,-0.034422874,-0.06902151,-0.014828286,-0.06277509,-0.057622157,-0.0707039,-0.077400416,-0.07069279,-0.08019211,-0.038730253,-0.070905745,-0.05213493,-0.054807376,-0.05854818,-0.079141475,-0.08266248,-0.060068727,-0.054891095,-0.029534757,-0.046236005,-0.08498166,-0.081618525,-0.052654497,-0.06558364,-0.06778828,-0.057609513,-0.07791283
0.06400747,0.032916516,0.05003946,0.06686283,0.036062893,0.052068997,0.056939576,0.06206586,0.03734054,0.0043248977,0.049471483,-0.055374976,0.020842873,0.028656326,0.032818753,0.013481248,-0.019038174,0.057979193,0.048936617,0.013185254,0.03677659,0.036001958,0.058520682,0.0067791822,0.028755214,0.009734809,-0.03030777,0.03788643,0.026773106
0.093445584,0.03663616,0.06973778,0.04409195,0.043717816,0.04556189,0.03765369,0.038544618,0.050494637,0.042831607,-0.03434552,0.06269339,-0.009133058,0.03313231,0.050257407,0.039676838,0.037919156,0.0021993772,0.0515493,0.0572113,0.04118999,0.054217357,0.044348598,0.03543349,0.028040376,0.013686587,0.033863023,0.01936685,0.027513757
-0.0028357736,0.060121033,0.087488264,0.0022562176,0.0331812,0.0063975435,0.04723288,0.033951808,0.065521896,0.052917324,0.051190823,-0.041119702,0.04852698,-0.03460661,0.028991831,-0.0016089622,-0.01324753,0.029870052,0.02129012,-0.009831654,-0.06465276,-0.08239346,0.05539041,-0.028482057,0.06731412,0.07861958,0.05356317,-0.08332685,-0.053650156
0.008872898,0.042439044,-0.016783835,-0.00027193013,0.0052123605,-0.03207011,-0.019310147,0.04692729,-0.059439797,-0.04688625,0.053715445,-0.028583601,0.018588074,0.006054556,-0.06592432,-0.06981503,-0.046179168,0.0023261672,-0.042747654,-0.07630171,0.004685021,-0.05198866,0.033162765,-0.038965557,-0.07238423,-0.08771161,0.015112727,0.012064623,0.04503161
-0.0034960702,-0.00650754,-0.04318213,-0.059328478,-0.054584943,-0.02032099,-0.041473642,-0.041030418,-0.033096936,-0.060792044,-0.041568447,-0.051046215,0.022807397,-0.022142492,-0.07490129,-0.02722408,-0.024041153,-0.021790482,-0.060588297,-0.027981337,-0.07843388,-0.0034205327,0.027793355,-0.0241691,0.012519996,-0.04380071,-0.020652259,-0.07815771,-0.055640087
0.02755012,0.06914677,0.078499176,0.030153664,0.04798636,0.08014041,0.077402286,0.063963674,-0.054981913,-0.034644146,-0.024828082,0.059427883,-0.041011326,-0.018780662,0.010191657,0.021436924,0.030730585,0.01412252,0.077114865,0.06441387,-0.052026946,-0.027641773,-0.031057104,-0.029975763,-0.006023708,-0.03925134,0.038514793,-0.030238366,0.060340453
0.03610913,0.024851693,0.006775007,-0.067670695,0.0027662725,-0.03828898,0.075948626,0.07404328,-0.010578604,-0.051285736,-0.08825038,-0.010263837,-0.033116046,0.012247917,-0.041519653,0.040141422,-0.09411524,0.050927967,0.0458214,0.06395131,-0.053567152,0.007855836,0.034052428,0.0347138,0.066274494,-0.0380896,-0.08712949,-0.063204244,-0.008383651
0.05993845,0.041925807,0.07633445,0.07895154,0.06341378,0.08087394,0.03480604,0.063288756,0.051324423,-0.032072265,0.06434215,0.06452644,0.07544431,-0.025433809,-0.043990478,0.083244175,-0.010029205,-0.0025307187,0.03110799,-0.010992889,0.073891185,0.075298615,0.046315234,0.033698868,0.035283405,-0.040316287,0.034156624,-0.022254871,0.0033412508
-0.006651336,-0.009919332,-0.0697847,-0.01134281,-0.00611537,-0.038408972,-0.07983843,-0.045253757,0.044358715,0.023442123,-0.01885579,0.007788874,-0.023600845,-0.033284035,-0.02649711,-0.05558469,0.013435874,0.09229032,-0.052893527,-0.022587754,0.07833923,0.0063540805,-0.043159146,-0.057879336,-0.028405419,0.019528208,-0.034375418,-0.006082454,-0.05667855
0.0045495904,-0.062450837,0.018359976,0.017045682,-0.04487176,0.06904658,-0.004848744,0.019153822,-0.0050951676,0.03444883,-0.0037718457,0.009437656,-0.0016996706,0.07411657,0.047255147,0.023539625,-0.006677831,0.05391074,0.044568885,0.03083439,0.034803066,0.064841926,0.0061662383,-0.08129413,0.018647231,0.066187546,0.03167249,0.0032909308,0.038040105
0.00030514298,-0.025190383,0.009086756,-0.025313182,0.00092093257,0.0016763593,-0.07777653,-0.06873397,0.018731562,-0.025044266,0.0119306985,0.013540813,0.015603344,-0.058239724,-0.04035808,-0.036359735,-0.046607133,-0.004706784,-0.04649905,-0.05382357,0.02433079,-0.059253186,-0.02763043,-0.07702034,-0.03240698,-0.04013236,-0.028753849,-0.05802511,-0.014960197
-0.041713618,-0.032676414,0.012538161,-0.03630364,-0.012835364,-0.047511064,-0.028490672,-0.026573468,0.063506916,-0.055187184,-0.055381782,0.009752652,-0.06636759,0.007187376,-0.020036083,0.002515079,-0.026210854,0.011441365,0.030186195,0.0034901418,-0.010854001,-0.04462038,0.019600559,0.0049091144,-0.06257143,-0.009196558,-0.015297643,0.00089738105,0.038583893
-0.06038118,0.067865185,0.07356359,0.055696566,-0.05273284,0.014382194,0.014221405,0.037351348,0.009245354,0.033854857,0.040956736,0.04064938,0.029583713,0.015904354,0.06588294,-0.03416882,-0.0135845635,0.087525286,0.05196254,0.045615185,0.037144963,-0.014616585,-0.0029007134,0.03067724,0.020398447,0.041312434,0.027971473,-0.02258554,0.028387368
-0.006363259,-0.023308191,0.024075659,-0.052036557,0.0019057513,-0.0017437802,-0.06771241,-0.080038786,-0.04033471,-0.059145022,-0.05094669,-0.011870563,-0.028619848,-0.0153517295,-0.06679684,-0.0020989766,-0.08178658,0.035532173,-0.06397953,0.039903793,-0.032815818,-0.026571086,-0.029113038,-0.049533967,0.036967613,-0.047843244,-0.038888536,-0.062204566,-0.007129539
0.05547752,0.041000556,0.03897869,0.018694127,0.059389662,0.032647196,-0.003174749,0.072912134,0.06595515,0.018651089,0.046869606,-0.0009242633,-0.034189966,-0.0032758059,0.007850033,0.06793715,-0.023913383,0.018060468,0.023038033,0.056926403,0.050946545,0.06391815,-0.03735717,0.04353707,-0.031245066,-0.0013113017,0.06944679,0.039687056,0.023588259
0.00024455794,-0.038749494,-0.05986268,-0.02892365,-0.048643593,-0.06400055,0.002506874,-0.054406494,0.012610862,-0.05858187,-0.050548237,-0.030851861,-0.051656038,0.01741264,-0.030458076,0.018809974,-0.051671606,0.007714172,-0.060067073,0.020781577,-0.0088906,-0.0664569,0.042811528,-0.057899334,-0.06841005,-0.010561965,-0.041492645,-0.04790862,-0.050546803
0.009510119,0.040728502,0.021553375,0.05669227,0.03630568,0.01548027,0.05600464,0.057077777,-0.004375446,-0.0031721825,0.05910465,0.039555676,0.06467983,0.04600334,0.062045604,0.07751379,0.06767594,0.013674137,0.04992441,-0.02370954,0.048630517,0.076082535,-0.032227095,0.039626602,-0.029477013,0.072539724,0.017427927,0.0611999,0.013176806
-0.04681183,-0.022021681,-0.010749446,-0.067400776,-0.048521,-0.0013148088,0.053311784,-0.03888143,-0.043772597,0.034245174,-0.00038181685,0.06624479,-0.04785646,0.047334924,-0.060289092,-0.059085462,-0.0021234683,-0.012498013,-0.04775598,0.06904682,-0.05127014,0.050335977,-0.03621534,-0.005512404,0.04592362,0.00850406,-0.049807638,-0.06902806,0.06790881
0.02060854,0.025577042,0.057620563,-0.07838259,0.0055097737,0.07813462,0.006237928,-0.021531655,-0.024955822,0.033977047,0.040082358,0.033305183,-0.059057824,0.024003845,-0.007933937,-0.013615776,0.0034989577,-0.057287797,-0.058590945,0.022249727,0.03905277,-0.075027876,-0.075029954,0.0012424159,0.045629945,0.034901813,-0.032400373,0.01964022,0.015703604
-0.02192401,0.0033475282,-0.06272123,-0.009256539,-0.023550062,-0.014095697,0.02064547,0.014360733,0.039910533,0.0034772467,-0.046971656,-0.055076495,-0.020306915,0.025893657,0.074248746,0.084942855,-0.020484924,0.019003483,-0.053486593,0.02963699,0.06033214,0.046675675,0.07419601,-0.010591381,-0.048505507,-0.026102923,-0.057143636,-0.04323447,-0.041395452
-0.015605243,0.037970576,0.0020206305,0.07725438,0.02932222,0.029150866,0.0028556776,0.06441803,0.03574631,0.012720962,0.016436797,0.0021671534,0.06403887,0.036844738,-0.009510652,0.042054623,0.040387776,0.050041594,-0.017063757,-0.0075796684,0.036260564,0.07516588,0.057134673,0.05005775,0.056083314,-0.0014717389,0.028975446,0.06486036,0.056965183
-0.12730601,-0.08618134,-0.09379317,-0.09266488,-0.08637625,-0.08481793,-0.08443436,-0.08371086,-0.084855095,-0.10541582,-0.08741943,-0.079626605,-0.08859018,-0.084962755,-0.08065682,-0.08604422,-0.09350273,-0.09288438,-0.081941105,-0.078983925,-0.08233954,-0.08291294,-0.09049944,-0.08711323,-0.08564341,-0.08797593,-0.08611799,-0.089430206,-0.08071731
0.003888602,-0.03535636,0.014333401,0.016447369,-0.024007278,0.020152442,0.0077842316,0.023401579,-0.05773757,-0.020398477,-0.041871246,0.01297488,-0.04470618,0.0058996337,0.0104246065,-0.044113755,0.0021058363,-0.07867643,0.0032545805,0.02013071,0.026483785,0.054623865,0.024929458,0.024857149,0.010414122,-0.019827936,0.029230349,-0.03308172,0.02419816
0.03244971,0.021189,0.07952641,-0.026049977,0.048152745,0.04607385,-0.015996888,-0.045286957,0.018047001,-0.048839122,0.030859169,0.032894395,-0.042533465,0.02864119,-0.056146972,-0.012044388,0.02003221,0.055870317,0.062782206,-0.051152136,0.035399415,-0.015534193,0.054581746,0.057359662,-0.08622852,0.051826373,0.03943124,-0.016418302,0.06461033
-0.04916506,-0.004861323,0.03225041,0.0025536944,0.034706883,0.05746202,0.06131669,0.039842814,-0.03862623,0.01724216,-0.08805366,-0.021297876,0.079853415,-0.031276725,-0.01978361,0.06197008,0.014068636,-0.040572792,0.027597604,0.037100065,-0.0259041,-0.00808845,0.0023220107,-0.0074090394,0.028011385,0.021069128,-0.08693921,-0.080143094,0.042761415
0.0025763947,0.03177124,-0.08374714,-0.0020711378,0.001137637,0.06326454,0.065456964,-0.07628107,0.04564279,0.042348035,0.0069767437,0.07666388,0.0030174456,-0.049429666,-0.064945064,-0.065031186,0.017709486,-0.003936715,-0.017518789,-0.0061260834,0.0082562575,-0.07721119,0.082423165,-0.08253174,-0.045248926,-0.04151829,-0.05161485,0.02294549,-0.059229158
-0.05771489,-0.06472934,-0.04391845,-0.024013251,-0.047061194,-0.0404621,-0.0201689,-0.045980573,-0.016062086,-0.037759814,-0.0105819525,-0.011828057,-0.0608815,-0.07716148,-0.078933865,-0.05751198,-0.03101621,-0.051211886,-0.021101283,-0.06006397,-0.038839713,-0.003603091,-0.043588415,-0.06696824,-0.008940242,-0.042675313,0.013174716,-0.016487556,-0.0045840964
-0.038117018,-0.02699101,-0.07957765,-0.034067295,-0.04547726,-0.05409919,-0.014414232,-0.03309816,-0.025812665,-0.029974682,0.051459603,0.008798623,-0.04104925,-0.03398255,-0.067000635,0.02010455,0.037928537,-0.060386635,-0.040521763,-0.049509957,-0.0037694,0.0012255941,-0.019546276,-0.047820523,-0.030470623,-0.06126507,0.066980414,-0.07076718,-0.07254361
0.003868781,-0.0033772907,0.006368447,0.007871918,0.07052976,0.07302219,0.010374638,-0.013328303,-0.005112233,-0.017119108,0.058029097,0.06089764,-0.036843587,-0.020569392,0.023031283,0.07177168,-0.009845104,-0.034804586,-0.048129495,-0.016714869,0.062282287,0.065036245,-0.017050475,0.032798547,0.035137113,-0.012735943,0.051557265,0.015646163,0.031505324
-0.042261645,-0.006597107,-0.08108914,-0.042073194,-0.0008696438,-0.04303961,-0.07410491,-0.06371239,-0.052851498,-0.068150856,-0.06799026,-0.05442506,-0.049940985,-0.05880785,-0.04981246,-0.039490193,-0.067157306,-0.051451698,-0.019454801,-0.075123064,0.04218188,0.023599835,-0.061513305,0.005720424,-0.042362873,-0.041377082,-0.065377444,0.016468495,-0.07035604
