,arm,beard,bone,chest,ear,elbow,finger,fist,foot,hair,hand,heart,lips,lungs,mustache,neck,nose,skeleton,skull,stomach,thumb,toes,tongue,tooth,wrist,brain,chin,eye
body parts,0.45439154707660434,0.23485386861043323,0.38072069384111873,0.47966148967539946,0.4475230608171057,0.3795110541293578,0.4444052742693201,0.39708940267492565,0.4603548387665164,0.4746222823816796,0.4695513257609383,0.386667213120754,0.4977326400997746,0.44624313815617533,0.29060943455012755,0.4525928473538936,0.4117461593166336,0.35546767641533694,0.44557550919641953,0.4453856016230304,0.33841810686074003,0.5196632825050714,0.3903767265009037,0.2603570848653216,0.36716465305439905,0.521856064944739,0.32800837866184174,0.39508955077993035
