Body Parts,antler,arm,beak,beard,blackeye,bone,brain,bruise,chest,chin,ear,elbow,eye,feather,fin,finger,fist,foot,hair,hand,hoof,horn,lips,lungs,mane,mustache,neck,nose,skull,spot,stomach,tail,tattoo,tear,thumb,toes,tongue,tooth,trunk,wing,wrist
-0.072860405,-0.027272744,-0.040286276,-0.020824708,-0.02580679,-0.019852187,-0.048735008,-0.056705315,-0.061845656,-0.05637553,0.019479936,-0.029270003,-0.017188186,-0.064219266,-0.06295888,-0.05592211,-0.0693111,-0.03274581,-0.07160827,-0.045427997,-0.07902397,-0.035889946,-0.025336294,-0.0035612627,-0.042358894,-0.027576089,0.025378343,-0.028517857,-0.037116613,0.010910295,0.005068958,-0.051583227,-0.04594352,-0.044409167,-0.023644948,-0.052588455,-0.06240815,-0.010303221,-0.031665675,-0.046637546,-0.023135642,-0.053243842
0.04513036,0.03683909,0.022340298,0.040041335,-0.009278035,0.07246426,0.024547612,-0.007674866,0.06795387,0.020446902,0.036966145,0.029523473,0.04362893,0.06349473,0.06822743,-0.05727622,0.04402071,-0.0013685494,0.040133193,0.016281946,-0.016170083,0.015027706,0.04842746,0.06546314,0.023751708,-0.03273713,0.03402723,0.056820348,0.07066766,0.052352056,0.02979424,0.050122023,0.032302108,0.030248415,-0.011947191,-0.017800495,0.05665296,0.019731097,-0.022774404,0.07840655,-0.0013145596,0.043484323
-0.045030132,0.0524099,-0.048974358,0.031438924,0.060426407,0.03584722,0.049106438,-0.010217624,0.0689323,-0.05375097,-0.046016358,0.073599294,0.079643056,0.05719197,0.04817427,0.014590699,0.048055787,-0.019532148,-0.0094377445,0.05611101,-0.021147765,0.05738861,0.055138156,0.001143971,-0.013772828,0.053560898,-0.005490255,0.05998298,-0.03742097,0.022249429,0.028583853,0.012313277,0.065553956,0.061076116,0.07578313,0.032060254,0.018503185,-0.06922588,0.023830233,-0.012297087,0.05953445,-0.019315349
-0.014649509,0.05519364,0.018530553,0.06690116,0.0034234363,0.030193318,0.02451889,0.042169556,0.008815575,0.048346836,0.041403614,0.04222591,-0.019822232,0.06709614,0.010799348,0.046587072,0.019825626,0.036801666,0.059879966,0.03741572,0.031066617,0.05246002,0.014876153,0.0455241,0.058607377,0.014924524,0.054564793,0.044731066,0.016076943,0.0049643996,0.023323415,0.019016162,0.04518821,0.014409827,0.05322826,0.0026324533,0.027539706,0.045750957,0.0559226,0.05262683,0.03488838,0.050478447
0.019833013,0.044710085,0.0054602213,0.033908617,0.023472955,-0.037107892,0.044355012,-0.018839153,-0.03387155,0.018096996,0.060723048,0.01894835,0.027824853,0.05132137,0.062202804,0.04575015,-0.05036629,0.046770867,0.037742954,0.015649917,0.017599473,0.040318307,0.070293866,0.049557112,0.035086274,0.039268218,-0.0055783056,0.025343213,0.04308745,0.065689445,-0.0002658883,0.010967305,-0.002405608,0.005245888,0.006682862,-0.040654816,-0.02549304,0.008323191,0.058802877,-0.0032968253,0.061459668,0.026962563
-0.044165544,-0.03937571,-0.0069378535,0.0702991,0.01134545,0.00073222414,-0.047856282,-0.008522856,0.004159063,0.01116301,-0.005325437,0.012149814,0.034198187,0.032983504,0.05623176,-0.0776963,-0.02023835,0.079391174,-0.060777612,0.01838083,0.04264502,-0.02168782,-0.007715675,0.08073147,-0.06486558,0.023028584,0.06629035,-0.0072635715,0.06546835,-0.07852589,0.018071473,0.049801774,-0.04602791,0.017708099,0.055468645,-0.04545589,-0.060484126,0.06627907,0.04507666,-0.002079812,0.008388112,-0.007236413
-0.037966188,0.019696599,0.0025355606,0.009555167,0.0048589776,0.027289663,-0.0011295627,0.047198854,0.028417585,-0.01945105,-0.028087892,0.041745063,0.06371547,0.04312735,0.002320282,0.040578797,0.015184089,0.019886618,-0.046790563,-0.0018951844,-0.015077904,-0.0014485365,0.029828915,-0.033569552,0.019831048,0.061224885,-0.055985805,0.0024726074,0.029225169,0.07288876,0.010552238,-0.034321588,-0.028408846,-0.0014825681,-0.05549196,-0.042446885,-0.030388003,-0.04502193,0.027233204,0.019876197,0.030747136,-0.059154004
-0.015519337,-0.011572026,-0.02306448,0.024530957,-0.015270683,-0.02319022,-0.06673701,-0.048348706,-0.019195283,0.0021842672,0.009439824,-0.028163956,-0.021463305,-0.04328431,-0.069689445,-0.010159802,-0.034440197,-0.030357903,-0.04184644,-0.032021638,-0.04171169,-0.034705427,-0.003463875,-0.017016008,-0.06398429,-0.04116823,0.02155034,-0.016692149,-0.019430121,0.035653714,0.03006157,0.004410988,0.03196421,-0.03222732,-0.027160563,-0.018958779,0.0071671465,-0.021321049,-0.0025667269,0.019349193,0.033427916,-0.013931774
-0.07087296,-0.0002470724,0.0100519,0.013570044,0.027887046,-0.0104444865,-0.012983689,-0.030588832,-0.03217958,-0.0002966488,0.0065806764,-0.028369397,0.020619035,0.0070470446,-0.03721215,0.018951956,-0.019696785,0.023222523,-0.017213417,0.0076322188,-0.006377846,0.018023264,0.027232733,-0.06691164,-0.056745593,0.03712837,0.04927624,0.009708547,0.0034492202,-0.021080017,0.026970567,0.004657935,0.06090921,0.01968748,0.0038155504,0.014667868,-0.079164684,0.02549322,0.0014383672,0.029929629,0.011932663,-0.027095508
-0.025029901,0.030562859,0.020220436,0.030136626,0.031438548,0.081468746,0.05027111,0.07307433,0.07516715,0.04556375,0.060937203,0.023984034,0.055194706,0.05506969,0.048129786,0.018170523,0.05035104,0.06282472,0.023203678,0.064182036,0.0054157767,0.05294628,-0.0054846103,0.07280987,0.06479039,0.05430888,0.023520991,0.028907428,0.033447236,0.03292233,0.04934792,0.07063531,0.028138733,-0.00579597,0.05830528,0.07015047,0.031720687,0.07387447,0.041450474,0.03340062,0.011675736,0.033865668
0.07241487,0.07693915,0.046159312,0.08376303,-0.0015082901,0.021397978,0.06752299,0.075226955,0.03934828,0.050062288,0.017858757,0.042977348,-0.025443139,0.040130347,0.07477686,0.0056774667,0.003381412,0.033121783,-0.0065638553,0.0021551098,-0.011573014,0.086722694,0.012985175,0.032533575,0.082527556,-0.037221953,0.041394223,0.035487134,0.052625287,0.0852134,0.012648726,0.050070696,0.07640055,0.07502543,0.0071511217,-0.003157787,0.050599802,0.036917914,0.04813599,0.017130608,-0.0020043885,0.01452297
0.0013291015,0.07287493,-0.021357954,0.0014264841,0.08037256,0.033074122,-0.009514281,-0.03459128,0.046120994,0.029523987,-0.013470245,0.08082528,0.03891665,0.08199345,0.069635786,-0.04673125,-0.08638213,-0.03782258,-0.017617125,0.09123363,-0.07397773,0.08611388,-0.020576855,-0.051708642,0.045060392,0.07562494,0.06959591,-0.0070598107,0.0133036105,0.016431918,0.036539886,-0.0644247,0.067773044,0.023687601,0.049393363,-0.041417178,0.0043647247,0.009108328,-0.017384537,0.023267211,0.041089606,-0.06566398
-0.049759883,-0.022344228,-0.049150717,-0.02653491,-0.014462238,0.026995156,-0.04514087,-0.06881337,-0.004387407,-0.04477118,-0.056498952,-0.0054178485,0.026057474,-0.014380095,-0.016366271,-0.01749289,0.022739803,-0.04357329,0.021522027,-0.018436192,-0.028397374,-0.01374535,0.038464945,-0.07085012,-0.05284621,-0.060310606,0.018343892,0.00532479,0.050336026,-0.061550513,0.03430999,-0.011715283,0.034035612,-0.007089919,-0.042461865,0.017835543,0.021888366,-0.018987697,0.034887854,-0.05211288,-0.04462615,-0.056642797
0.035316896,-0.025043294,-0.031605005,0.045176636,-0.033194207,0.04025894,-0.029790148,0.04493786,0.037033807,0.046128932,0.026878731,0.042152967,0.033048365,0.06712356,-0.02862058,0.06883111,-0.027942598,0.0046697864,0.023506733,0.007677883,-0.036597345,0.028155383,0.015405335,0.02670098,0.018863693,-0.06582478,-0.020005701,0.012542893,0.009816887,-0.0010585763,0.077679455,0.044237964,0.021304209,0.023130331,-0.004849531,-0.005894404,0.042664506,0.00015525789,-0.041846182,0.05080217,-0.022427924,-0.004047821
-0.059189886,-0.06016554,-0.009665597,-0.06428733,-0.012850906,-0.0791954,-0.08608913,-0.06317437,-0.008237195,0.032946236,-0.04987104,0.0569181,-0.006228185,-0.022303997,0.066699795,0.04072313,0.0072564767,-0.0072199563,0.016058734,-0.038813703,-0.008577766,-0.02025842,-0.0038818908,-0.08232036,0.017614938,-0.028078174,-0.028221203,-0.05504236,0.026319653,-0.014848485,0.033892985,-0.07965426,0.067891054,-0.031748444,-0.0020396325,-0.029007459,0.022329118,-0.084943466,-0.085282594,-0.012264352,-0.008909595,0.022971807
-0.07797047,-0.0033533892,0.015496193,-0.03441838,-0.053989485,-0.040832218,-0.04448493,-0.08050083,0.01522507,2.1788968e-05,-0.0611963,-0.025149014,-0.030350441,-0.03463809,-0.040264558,0.011406273,-0.048404284,-0.06271607,-0.030065738,-0.04481536,0.0030849858,-0.01445658,-0.037098866,-0.04477451,-0.051170707,-0.0050070104,-0.053374805,-0.034500137,-0.010657819,-0.020306252,-0.0012781328,-0.04874199,-0.020955317,-0.0032270742,-0.03243184,0.016815247,-0.046559215,-0.04154924,-0.024628848,-0.02037791,0.014677875,-0.022045046
-0.05796622,-0.053425115,0.017676413,0.04807414,0.05335493,-0.038895816,-0.053555448,-0.044678822,-0.040123027,-0.027416429,0.03275106,-0.0060833907,0.04441968,0.0008387878,0.07608801,0.008375293,0.01882624,0.02589468,-0.0011382583,0.03854683,0.0072940886,0.016633281,0.0636944,0.059793323,-0.08216482,-0.009825748,0.05305737,0.024827508,0.053711884,-0.03670883,-0.01245691,-0.070930116,0.048856393,-0.03221075,0.0002532711,0.015605941,0.0053230743,0.014814209,-0.034618527,-0.0036010563,0.031470533,-0.018895937
-0.04670824,-0.024887938,-0.040448613,-0.0031884706,0.0043654256,0.0046621896,0.02615976,0.0385968,0.053483676,-0.011483396,0.06034685,0.015146324,0.061802484,0.03271577,0.04351588,0.068707965,-0.004091607,-0.048118718,0.026721805,0.018127525,-0.04544207,0.015062116,-0.024905233,0.006017457,-0.026351638,-0.06612323,0.01366581,0.026344217,0.054641332,-0.05842589,0.003036048,0.0070284447,0.060046658,0.05310415,0.007216016,-0.016842585,0.04273601,0.05210645,-0.0048958603,0.043034986,0.05937488,0.027598815
-0.013629608,0.010446654,-0.016325772,0.05949179,0.02252854,0.026012925,0.0147883445,0.044635363,0.046177547,0.00827379,0.053198304,-0.06322663,0.0031804803,0.060693573,0.03831476,0.0048727714,0.06286418,0.02418868,0.0060460037,0.035343885,0.012612809,0.047551405,-0.026398933,0.023798855,-0.03375633,0.053230707,0.035295557,0.029289285,0.0072054695,-0.067075364,0.032920364,-0.053026143,0.009357774,0.02268495,0.055202704,0.05181743,0.01486732,0.047633663,-0.04553812,-0.08502601,-0.039281484,0.05193298
-0.010365501,-0.049890038,-0.03214595,-0.05768775,0.027192207,-0.055981338,-0.042966582,-0.023685114,-0.054073986,0.051575243,-0.014730556,-0.057538554,-0.061217275,0.0135355005,-0.038652066,0.013175577,-0.041090686,-0.04643744,-0.011566827,-0.023380343,-0.0011968657,0.010056178,-0.06374251,-0.028519971,-0.025576854,-0.051911432,0.0064578867,-0.06484781,-0.049168423,-0.052117392,-0.007187363,0.0051198862,-0.0052245655,0.016891897,-0.012205565,-0.013696683,-0.012098532,0.007245121,-0.045287944,0.02522548,-0.054290894,-0.049905565
0.018337665,0.02445731,-0.047184046,-0.018313847,-0.0546509,0.026114441,-0.031710606,-0.03689086,-0.032605734,-0.01179474,-0.0051227375,0.0313958,0.0507513,-0.060715664,-0.002653315,-0.056157067,0.009761891,-0.053497627,-0.016328007,0.01529016,-0.022271272,-0.051101007,0.031286985,0.023800764,-0.011025842,0.029069306,-0.047098864,-0.029903613,-0.009550265,-0.041024275,-0.003818856,0.024697881,-0.03187435,-0.043322183,-0.04576595,0.006926492,0.028474312,-0.017937457,-0.017567663,-0.023894992,0.0329771,0.013077964
-0.00527114,0.0804485,0.074361555,0.06724105,0.07878818,0.02236712,0.029791191,0.02955387,0.052040227,0.0273584,0.08758791,0.055711344,0.04707413,-0.005425876,0.021336092,0.0070098494,-0.044950966,0.029278025,0.038915355,0.035760943,0.029495364,0.022015784,0.0182522,0.039766338,0.049922418,0.017881835,0.07004231,0.06827486,0.07099758,0.03898707,0.05000987,0.021928033,0.057562474,0.076038666,0.016951943,-0.031597566,-0.051551674,0.05204116,0.079606116,0.03910489,0.0067709447,0.0357745
-0.028668795,0.015219103,0.016355194,-0.022995003,0.03466166,-0.020569118,-0.0071763643,-0.031516965,-0.03775534,0.027706703,0.021187609,0.019245742,-0.020851767,-0.008774423,-0.020053165,0.068519,-0.04206816,0.015990868,0.041898496,0.0007428468,0.0089013055,-0.042367302,-0.04982803,0.020347886,0.022184873,-0.042440236,-0.00707784,-0.011745573,0.036277007,-0.020473711,-0.05247652,0.04264591,-0.019154534,0.03755688,0.09696233,0.03891627,-0.048726056,-0.039010335,-0.011820057,0.0257723,-0.04454663,0.0017817905
-0.049121775,-0.0061276066,-0.04388118,-0.03608906,0.03419654,0.017457359,-0.03510381,-0.04383361,-0.0016805809,-8.135546e-05,0.0186951,0.07057974,0.01844061,0.011596736,-0.04814003,0.025029812,0.0066257827,0.014687469,-0.049542088,-0.04250003,0.0051751323,-0.026524482,0.001686767,-0.0628828,-0.053313103,-0.039519135,-0.043867275,-0.04039044,-0.013369899,0.05843098,0.01518872,-0.04540596,0.009990692,-0.008886121,-0.01752436,0.014258399,-0.050393492,-0.053176165,0.0037801058,-0.043689873,-0.020615872,-0.046359558
-0.018492075,-0.039671704,0.03340398,-0.052369915,0.052499916,0.004600842,-0.05348398,-0.028218096,0.046014532,-0.06823629,-0.06781946,-0.0914408,-0.05685444,-0.012523144,-0.027121155,-0.04997754,-0.03244805,-0.059463877,0.0065657874,0.013892357,0.032063298,-0.025828144,-0.08279855,-0.08247871,-0.08246655,0.006359371,-0.014923272,-0.074382,-0.061503835,-0.07386436,0.017732153,-0.02764052,-0.013744575,-0.003073074,0.031040447,0.0013911297,-0.0687443,-0.08460411,-0.083570436,-0.081613794,-0.026597003,-0.051933397
-0.039130084,-0.0069160652,0.085704446,-0.057029106,0.048599433,-0.029620014,0.02724219,-0.028894944,0.03707979,0.024290536,0.038171187,0.051191617,0.044904593,-0.07964502,0.05810799,0.005051535,0.0051002693,0.027311195,0.05889881,0.0060238247,0.007219163,-0.023360139,-0.043977063,-0.0815497,0.0125626,0.052638456,-0.033098847,0.0663804,-0.077004775,0.017528608,0.04567845,0.04199236,0.03848732,0.074630775,0.00091927435,-0.0024570962,-0.012826542,-0.007491386,0.039336875,0.029218076,-0.0665668,0.07117935
-0.045105755,0.033934057,0.011583492,-0.0642803,-0.023890674,-0.017663548,-0.08356529,-0.07371655,-0.05052757,-0.028199343,-0.043730613,-0.041879535,-0.04439617,-0.054383572,-0.067803286,0.024600876,-0.049560636,-0.058298286,-0.020567253,-0.04841595,0.008786311,-0.018642118,0.07869708,0.05256448,0.033024214,-0.0046720537,0.0056298575,-0.0627963,0.012140482,-0.07516923,-0.022126408,-0.013049681,0.057833795,0.0069556152,-0.039066777,-0.028188849,0.024993215,0.04030503,-0.04517069,0.05616841,-0.07892171,-0.061959557
-0.007140793,-0.0018378668,-0.0430278,0.0019746698,-0.023525547,-0.036351766,-0.082945734,-0.063832134,-0.054182384,-0.044783786,-0.013502556,-0.07698285,-0.03850753,-0.054177064,0.013781787,0.0037624168,-0.010870063,-0.01870758,-0.059426658,-0.04068693,-0.044853248,-0.02430906,-0.05274399,-0.0007040335,0.034650907,-0.02573714,0.0034464062,-0.052288923,0.045633867,-0.055859044,-0.053855747,-0.048823956,-0.06926888,-0.03685696,-0.07354288,-0.03635219,0.0045558964,-0.07131059,-0.03342089,-0.056804046,-0.036445007,-0.048903637
0.057622217,0.014459989,0.029090932,0.018270541,0.03014568,0.09735973,0.03828155,-0.061223503,0.05625585,0.07050327,-0.0022335951,-0.01172454,0.039915208,0.032385424,0.05949678,-0.0061136615,0.058806248,0.07406915,0.040141433,-0.0036491265,0.046108976,-0.027062122,0.02190262,0.02243259,-0.017234651,-0.04499662,-0.004907312,0.0421711,-0.011273709,0.0012932897,0.07769685,0.06959134,-0.022459485,-0.038924623,0.010571376,0.021634562,0.06626843,-0.06703812,0.012367759,0.07302692,0.03986017,0.04197368
0.056894742,0.06908034,0.029601036,0.04080407,-0.046244934,0.03591743,0.08164535,0.038810343,0.05785573,-0.002951608,0.04200167,0.047369055,0.03638249,0.031146638,0.066719815,0.048981324,0.03302453,-0.061357502,0.03273066,0.0768627,-0.051460434,0.062003374,0.06991455,0.0091191875,-0.02062502,0.069591224,0.057397217,0.005011961,-0.07478668,0.07923983,0.050978452,0.035011563,0.04908495,-0.0034526854,-0.04739186,0.05649954,0.032488067,0.03036955,0.021148311,-0.019426031,0.06745761,-0.0112771755
-0.0774887,-0.057444815,-0.017149057,0.052084435,-0.0007944432,0.023810193,-0.06052888,-0.054907598,-0.056091387,-0.002889784,0.043517947,0.019370243,-0.044391636,0.076234475,0.041304912,0.01083044,-0.052665837,-0.0009776909,-0.027503278,-0.03662577,0.016852498,-0.007072463,-0.040544286,0.02653334,0.027825307,-0.07259387,-0.013987626,-0.010800688,0.009206825,-0.025323942,-0.050908603,-0.058610465,-0.03730113,-0.06807624,-0.032682765,-0.080365226,-0.011228348,0.011257867,-0.039617013,-0.0026238558,0.030139003,-0.0023034674
0.029384736,-0.0090621,0.04325661,0.045979474,-0.063468665,-0.009168449,-0.03648893,0.082471885,0.049990095,0.043056507,0.022631042,-0.028572105,0.01989663,0.02966573,-0.06869915,-0.039895527,0.00073927746,-0.035338197,0.02744527,-0.054888885,-0.04960765,0.05305489,-0.042151894,0.03757312,0.0635933,0.06434405,-0.04542628,4.0023183e-06,0.024115738,0.004022479,0.005614707,-0.0027454633,-0.0364015,-0.05032671,0.0053612078,-0.03651857,0.00998455,-0.029184297,0.006197126,-0.067191444,0.059690982,0.029296376
-0.083849706,-0.07959333,-0.07444003,-0.06005143,-0.034942396,-0.004752734,-0.00015146319,-0.037255637,-0.064187236,-0.058187544,0.016114458,-0.009926056,-0.02654641,0.049496666,-0.07748391,-0.053966064,-0.016144074,-0.085455,-0.012305307,-0.076005414,-0.081254676,-0.06687572,-0.06484182,-0.058826514,-0.08128152,-0.07307971,0.011089538,0.0317572,-0.044261526,0.017251072,0.035623305,-0.04942913,-0.056496654,-0.023926672,-0.038797006,0.036295496,-0.04630353,-0.02610705,-0.070236996,-0.04694976,-0.022496436,0.044611126
-0.030388173,-0.026989458,-0.03684685,0.08635352,0.020580016,0.05974693,-0.013293174,-0.004495699,0.0030840912,0.041170165,-0.043935377,0.0703877,-0.042585418,0.08847652,0.07551239,0.027090404,0.07781888,0.06481667,0.09409256,0.006705831,0.062210325,0.09079955,-0.022936583,-0.07326054,-0.036039975,0.08267197,-0.029384186,0.018993579,0.027533831,0.049160503,0.067726016,-0.0281016,0.056711253,-0.0014474521,0.023858875,-0.0039625126,0.08487187,-0.07807723,0.05852011,0.022133728,0.08754363,-0.01628868
0.03806435,-0.06580493,0.058739588,0.01906915,-0.045200497,-0.0011241846,0.00687657,0.068040155,-0.05163134,0.033665806,0.065981425,-0.06588264,0.047169454,0.0155967055,0.059172958,0.07430939,0.06602874,0.04936646,0.06645301,-0.005787991,0.07745043,0.04876507,-0.05049902,0.07332382,0.027844137,0.0098274695,0.012018193,0.074206516,-0.02180636,0.053780522,0.053422753,0.066539414,0.07757206,-0.033644248,-0.074428044,-0.033070084,0.040457655,0.036418915,-0.046576373,-0.05954808,0.06261319,0.00033144123
0.0628303,0.07869681,0.06966062,0.011490713,0.049918845,0.0149565,-0.048906136,0.014343287,0.044643536,0.042958003,0.007399334,0.054969676,0.06794208,0.03673988,-0.04018883,-0.0382789,0.04010163,0.044430457,-0.010864122,0.029177893,0.040200513,-0.028706705,0.023274777,-0.057961352,-0.04890508,-0.023353266,-0.040097024,0.0820956,-0.07606713,0.059009835,0.022852557,0.06968507,-0.023387633,0.028379695,0.00810375,0.016714267,-0.025230689,0.03769546,0.019990407,0.021091484,-0.03108962,0.021168392
-0.035763636,-0.052956484,0.05341462,0.019000504,0.009080977,-0.027234748,-0.019743808,-0.012393208,-0.04285574,0.049860496,0.008169894,-0.00016552427,-0.029804742,0.011448737,0.018064976,0.029631125,0.052779775,0.06157251,0.06989674,0.015197686,0.06407512,-0.012268604,-0.0029469095,-0.02411531,0.0076372693,-0.05117141,0.009323272,0.029531207,-0.033114236,-0.067603484,0.05979631,0.023613572,-0.008919961,0.030834246,0.058299366,0.04842625,0.046239566,-0.041318797,0.0081912745,-0.049269777,0.02105428,0.03058449
0.08925656,0.03660014,0.08827647,0.051918317,0.025599893,0.019489812,0.07741298,0.064453125,0.05433069,0.067641206,0.08290634,0.057967864,0.08520494,0.02746164,0.048333403,0.050304487,0.08327804,0.07776125,0.09345922,0.01574313,0.0876283,0.04694044,0.06641574,0.05160003,0.06169875,0.023592003,-0.0010698475,0.08284711,0.08120575,0.069018506,0.09868369,0.052598476,0.071953,0.038779538,0.06559686,0.08612997,0.08096899,0.042589493,0.007371365,0.08541565,0.084122114,0.080081634
-0.00033215331,0.016831946,-0.024602583,-0.024908045,0.0019983805,-0.0144692175,0.030639008,0.028328748,-0.02544912,0.00869191,0.016673198,0.019692603,-0.032122415,0.06162056,-0.033389278,0.0071194996,-0.05648929,-0.03345321,-0.018179586,0.0052996106,-0.032106772,0.08299748,0.055198506,-0.005601022,-0.036607195,0.05254161,0.044416822,0.017436031,0.06485317,-0.0327673,0.066058695,0.04274888,-0.057068344,0.0477366,0.03790139,0.041403577,-0.040896885,0.07034307,0.028989628,-0.039882522,0.0015141885,0.011068772
-0.01557453,-0.052307975,0.040653355,0.028672786,-0.0616666,-0.022103475,-0.059879564,0.025784906,-0.02207421,0.009534322,0.014800511,0.0151515985,-0.023553297,0.040421765,0.066963665,0.018802764,-0.03741554,-0.016633205,-0.012593011,0.048958436,0.030122332,-0.061208755,0.009804524,-0.02397522,0.010688219,-0.04421375,-0.015109094,-0.034744486,0.022411622,-0.056869756,0.04346682,-0.011268796,0.011539406,0.07855799,0.015382233,-0.026824854,-0.008846699,0.02544423,-0.009740234,-0.04611095,-0.005819011,-0.01290157
-0.023333551,-0.054803714,0.055084426,0.0029861652,-0.018519804,-0.012354349,0.024071822,0.0024039836,-0.013367947,-0.033236627,0.0660364,0.008527972,-0.0033280686,0.01810869,0.051567774,-0.029315872,0.022714648,0.023606827,0.0010452899,-0.0037999647,0.03270106,-0.044638567,-0.024986798,0.0014807982,-0.0021016367,-0.0560754,0.006472157,-0.020524481,0.04910583,-0.008271375,0.004899714,0.06713723,0.054541025,-0.051286146,-0.04314051,-0.010420403,-0.003036229,0.0010185156,-0.0049276655,0.05202292,0.07354392,-0.025184162
0.010174291,0.007854112,0.05786691,0.016179096,0.02110857,0.0050166342,-0.0031924204,0.019287528,0.013525852,0.057021055,-0.0045561213,0.033442363,-0.0013606984,0.012846029,-0.032527145,0.014032218,-0.014284884,0.021479597,0.007364005,0.021562263,0.03550451,0.00701303,0.0137301665,0.044946406,0.019168008,0.025948243,0.03294169,0.05050707,0.01338301,0.023271285,-0.010275876,0.06960232,0.0035386523,-0.04450756,-0.02337825,0.04352403,-0.015895937,0.010904052,-0.021332135,0.011020804,-0.010746282,0.065565795
-0.036956463,-0.013900123,0.015957644,0.0026358422,0.057323977,-0.017155072,0.054299727,0.023009283,-0.0753035,-0.024487402,-0.014314883,0.02759276,0.016102152,-0.03353724,0.0017821485,-0.023764692,-0.0077844667,-0.0137844095,0.013360449,-0.022129526,-0.021174142,0.0034516111,-0.02937355,-0.06441181,-0.0218206,0.026462013,-0.008706876,-0.0011588897,-0.041171193,0.06321336,-0.012910159,-0.00026853665,0.01583218,-0.060525957,-0.081375524,-0.013340403,0.0019627833,-0.022571115,0.0015305406,-0.05083958,-0.0059299828,0.008438914
-0.07927032,-0.07598144,-0.06953961,-0.074527025,-0.05683106,-0.014647098,-0.05046086,-0.07321013,-0.02831578,-0.057314284,-0.040303152,-0.060401708,-0.0051355273,-0.05688033,-0.013598295,-0.07662675,-0.0676957,-0.04175808,-0.049839303,-0.054053687,-0.08974317,-0.053527873,-0.0723677,-0.06788475,-0.060807437,-0.068615906,-0.068181336,-0.05503721,-0.022839347,-0.051414177,-0.021965006,-0.017516445,-0.063668855,-0.025647968,-0.06173778,-0.04020317,-0.056127608,-0.05589577,-0.058415867,-0.05663121,-0.07026343,-0.060273863
-0.027217126,-0.098154545,0.019942345,-0.08557514,0.012587955,0.0061308946,-0.048787408,0.019016502,0.00076474115,0.032489676,0.026703626,0.026916645,-0.0019091638,0.023789627,-0.07964269,-0.04764162,0.03261251,-0.014394666,-0.028633216,0.08331093,-0.018534055,-0.09124212,-0.08004188,0.05255906,-0.058578636,-0.0891064,-0.022308549,0.019949574,0.009231261,-0.03736375,-0.056683555,0.063620545,-0.085278355,0.03227098,-0.02223684,0.00837161,-0.014251056,0.042688355,0.031648308,-0.089206316,-0.07707687,0.04254807
-0.019091863,0.028015738,-0.03021093,-0.060673036,-0.016680842,-0.010855712,0.016806157,-0.016775921,0.009180169,-0.012188361,-0.05078194,0.026640428,0.014935981,0.033615146,0.045934245,0.06141136,0.03818727,-0.00019435101,0.053678434,0.012172227,0.044987824,0.07826462,-0.0069885207,0.016098652,-0.0044040456,0.0055817957,0.028020866,0.03777628,0.012347163,0.045744427,0.014203876,0.019495295,0.06113946,0.02032073,-0.024654005,0.07037621,-0.035274714,0.047028746,0.020187484,0.033480827,-0.050002936,0.03152605
-0.060233086,-0.003944977,-0.05961765,0.014914284,-0.067467704,-0.047383368,-0.027512949,-0.045019276,-0.045908798,-0.07561434,-0.05266991,-0.053903878,-0.060388714,-0.031348452,-0.061850082,-0.017186882,-0.06527706,-0.07144114,-0.063411556,-0.017190438,-0.0748031,0.015087738,-0.059547566,-0.057438064,-0.04963199,-0.04260147,-0.0429641,-0.067169234,-0.06496175,-0.049542945,0.019631706,-0.068295695,-0.025080822,-0.02182837,-0.052871563,-0.04379755,-0.06670224,-0.070714734,-0.019104939,-0.06528493,-0.051449735,-0.068904154
-0.07768553,-0.022534976,0.0170598,-0.058280118,0.015869388,0.022815434,-0.07791879,0.00011950871,0.05321407,-0.05426363,0.029363267,0.020041473,0.04271072,-0.06536194,0.060428858,0.040584195,-0.06291114,-0.09118659,0.01498391,-0.014017957,-0.07151303,-0.01673511,-0.037653618,-0.029261459,-0.04078826,-0.004998668,-0.05344116,-0.009457708,-0.051260646,-0.06783437,0.021801993,-0.00049330486,0.04358419,0.056036055,0.0045321733,0.0018218211,-0.025796795,-0.04594534,-0.05091991,-0.0735313,0.020361139,0.0029608803
-0.043825258,0.0026758898,-0.060623072,0.02800374,-0.004077906,0.045892138,-0.06713906,-0.07494352,0.0042621344,-0.048221637,-0.0017718888,-0.08369407,0.0010068446,0.051343553,0.041004524,-0.023721932,-0.031717196,0.0019427225,0.013634491,0.014046465,-0.034010567,-0.031636413,-0.03098137,0.045276973,-0.0049808845,0.017365031,0.050671823,-0.07623482,-0.022095826,-0.07429092,0.04639665,-0.009976992,0.05000032,0.041519478,0.0017591678,-0.021419665,0.06484118,0.05269511,-0.036088966,-0.008316473,0.07140511,-0.023553949
-0.007167054,-0.0047018933,0.055446446,-0.00083510455,0.016724404,0.019676266,0.026421301,0.031623613,0.00075159356,0.05061554,0.02223485,0.060500987,0.05699417,0.0195685,0.0018243885,-0.0022321225,-0.055076387,-0.0076274103,0.016829865,-0.010369735,-0.069001436,0.029316813,0.009165223,-0.0061667245,0.054379802,0.04093383,0.015846137,0.06788302,0.020758206,0.069038786,0.030936224,0.011656959,0.03856829,-0.0018327978,0.0576244,-0.003164815,0.011079293,-0.07220188,-0.00591726,0.03033855,0.0586255,-0.03735869
0.036120307,0.08528278,0.026172977,0.0858725,0.061860383,-0.014857635,0.0091359215,0.06114823,0.06875406,0.05635339,0.051363297,0.046330914,0.031615604,0.030115075,0.07684121,0.083265305,0.05092425,0.0323297,0.08014217,0.055335376,0.015837327,0.08885609,0.07230237,0.057247575,0.041581884,0.08679037,0.077443205,0.036221717,0.07100694,0.07791903,0.059874628,0.026082586,0.08418161,0.04042673,0.05622345,0.06897835,0.061314728,0.039661143,0.0372688,0.042348817,0.08089004,0.05394645
0.07812161,0.021972978,0.018206762,-0.0034830414,-0.04683104,0.024866085,0.03341348,-7.995624e-05,0.02576277,0.035918888,-0.030196859,0.047762133,0.03426915,0.034988973,0.018454814,0.0057374085,0.024628304,-0.007073974,0.018334199,0.05019291,0.03012749,0.021415057,0.033201486,0.042904466,0.038115192,-0.008071182,-0.025063833,0.034856144,0.04778868,0.01371786,-0.07168531,0.054925214,-0.015674332,0.06617456,0.04228438,0.030385474,-0.012721582,-0.007999804,0.05873539,0.053748306,0.021605143,0.048610725
0.07809659,0.07463705,0.07980261,0.080724284,0.05540975,0.084270544,0.087112665,0.068205945,0.070423506,0.08104234,0.06254327,0.079855196,0.08032119,0.079428025,0.07021275,0.09022924,0.080961,0.09365592,0.087359264,0.07223592,0.09016375,0.07458943,0.06970235,0.050592903,0.066367626,0.060222298,0.035736147,0.07381044,0.07686897,0.07427667,0.07460415,0.07020908,0.072472304,0.07439792,0.093316145,0.080203444,0.08053958,0.07046704,0.07322952,0.082118094,0.07831785,0.07455698
0.0041949395,-0.011248699,0.08525147,0.03105694,0.07167985,0.09687171,0.076810464,0.028610164,0.021520672,0.060336545,0.07000062,0.07061411,0.01211544,0.07895329,0.058080845,0.087846726,0.07913474,0.089059934,0.09002062,0.053621657,0.07698357,0.05979779,-0.013752291,0.04513558,-0.010519166,0.02583566,0.05771931,0.036192246,0.056659214,0.01718446,0.056754783,0.068859145,0.06406945,0.075881235,0.0871821,0.082799174,0.039195724,0.05900336,0.05819329,0.045690186,0.04889039,0.07835988
0.056412406,0.05790215,0.049911983,-0.01347996,0.045107543,-0.08034097,0.023008639,-0.027693613,0.026750287,-0.0256507,-0.04011508,-0.049951505,0.045332354,-0.09088226,-0.008901824,-0.008067459,0.07894214,0.052026708,0.063196234,0.03838842,0.06443911,0.026682844,0.07477212,-0.040524572,-0.07076655,0.017556237,0.066729404,-0.03844407,-0.07809613,0.0017575627,-0.05205423,-0.019916084,0.065590724,0.018887313,0.048623886,0.07222986,0.06741838,0.07228432,-0.04651238,0.048383817,0.030769706,0.01565133
-0.028271448,-0.046362672,-0.04989548,-0.08256582,-0.034619126,-0.03742258,0.014486694,-0.049208634,-0.042526126,0.013932579,0.051120564,-0.03609903,-0.05787158,-0.073109485,-0.010092201,0.048034586,-0.08695384,-0.060144283,-0.071906276,-0.04572289,-0.07792282,-0.066378325,-0.021694697,-0.044046465,0.015903763,-0.0670306,0.03655939,-0.08082132,0.029701127,-0.06982913,0.014192876,0.06270657,0.01669675,0.017025372,-0.0657739,-0.062651396,-0.08188541,-0.072986975,-0.02429007,0.0037398974,-0.061115064,-0.07668054
-0.04784913,-0.0044311495,-0.008249689,-0.013245928,0.013324213,0.014058056,-0.0054836776,0.016884847,0.009677193,-0.020936413,-0.025791612,-0.04952788,0.06521487,-0.007367293,0.03116646,-0.005464558,-0.03076703,-0.010573243,-0.024823252,-0.0023876692,-0.07876499,-0.044708855,-0.011388099,-0.040089775,0.028258739,-0.017680414,-0.012369912,-0.04631258,-0.012739657,0.005535116,0.03939153,-0.003703358,0.0126274275,0.061395165,0.012537896,-0.04009609,0.021597598,0.015740046,-0.03420195,0.01294799,0.024243845,-0.062279228
-0.023901716,0.0252262,0.06514208,-0.07500413,0.011230278,0.045269914,0.018410213,-0.06493174,0.002771184,0.006210655,0.009761411,-0.047837965,0.05436026,-0.0019698697,-0.047129676,0.051296894,0.021321945,0.015287308,0.02261904,-0.030376546,-0.031109545,-0.039671395,-0.003721324,-0.02926549,0.024980316,-0.052204855,0.059189085,0.011396336,-0.010607543,-0.06323237,0.03755928,-0.036991026,0.056940265,-0.07871736,0.026453353,0.010510816,0.05998515,-0.043664426,0.017945949,0.035229553,0.032039642,0.01796522
0.08315954,0.07083149,0.060418475,0.07114676,0.005980428,0.050245147,0.041863564,0.04052559,0.07188013,0.052144583,2.2406772e-05,0.016889716,0.037503157,0.05830514,0.06801536,0.08681833,0.042000942,0.033698495,0.04627639,0.03839513,0.07791831,0.07521601,0.057326816,0.033097535,0.07551951,0.04552179,0.009136585,0.032063454,-0.03979602,0.078639485,0.0684776,0.05943326,0.021922622,0.03309751,-0.0037082513,0.053575702,0.049064707,0.037350327,0.047990214,0.07644747,0.068989545,0.01940126
-0.06897749,-0.085566804,-0.0427212,-0.08298938,0.078177795,0.053688515,-0.008133805,-0.0625692,0.036018748,-0.0011920964,-0.034842946,-0.052832846,-0.063146174,0.030009061,-0.016924901,-0.002660212,-0.05594858,-0.013231456,0.00086104276,0.028956922,-0.046398807,-0.08194606,-0.034875937,-0.025643466,0.03607554,0.0007134498,0.05652417,-0.061339222,-0.059164423,-0.05408926,0.010680957,-0.021607812,-0.057572808,-0.07281201,0.030768672,0.004957462,-0.010810334,-0.04477052,0.06413432,0.031901147,0.059642624,-0.071472466
-0.0285002,0.059367485,-0.008575487,-0.0017483408,0.040690865,-0.0680589,-0.021636358,0.028581921,-0.05951527,-0.03389249,0.006685736,0.0027297481,0.0076779127,-0.022191683,-0.06705354,0.021482037,-0.059396558,-0.035589773,0.005879799,-0.05596829,-0.0292083,0.033521492,0.022545313,-0.054173864,0.00027051137,0.070643954,0.039558522,0.0035229116,0.0033728338,-0.021646742,0.02975843,-0.0008063702,-0.031555966,-0.0060676057,-0.05957903,-0.0652715,-0.032674395,-0.038672484,-0.027940769,-0.056300156,-0.06398399,-0.0087400945
0.06399069,0.053788908,0.033281885,0.019196354,0.05252159,-0.010774565,0.038472522,0.02588913,-0.039388902,-0.040114302,-0.016607247,0.0122218765,0.04066525,0.006332958,0.053374216,-0.016865931,-0.0008504401,0.051239025,0.0062664296,0.028189877,0.023178665,-0.050388712,-0.005089559,0.05190434,0.049527865,0.05376895,-0.06115528,0.040965084,-0.0010521712,0.008587517,-0.0002850206,-0.020492213,-0.04346753,0.04537889,-0.059444673,-0.0064595905,-0.049705606,-0.038156334,-0.060657658,-0.021194564,0.07501654,0.0134626245
0.011387946,-0.07817906,-0.039467104,-0.080813795,-0.0037803398,0.0084094405,-0.0071976907,-0.020113261,0.016843371,0.021669263,-0.07555198,-0.0165223,-0.025885843,0.008750229,-0.062385716,0.013551264,-0.043884374,-0.02662975,0.01822229,0.014764078,-0.057389915,-0.079400696,-0.042691182,-0.020410683,-0.017036462,-0.08022593,-0.030565687,-0.024664914,-0.012653344,-0.0019448309,0.017675554,0.021517698,-0.05826684,0.02895612,0.0021757414,0.005352693,0.019215025,-0.017248333,-0.035496913,0.0153232375,-0.021324022,0.044644862
0.034540847,0.07012211,0.051298596,0.061650462,0.0711109,0.055647872,0.042217903,0.05117672,0.009656179,0.044594314,0.06680852,0.053669292,0.032969218,0.044961035,0.05902498,0.03629971,0.0635545,0.03642869,0.035363752,0.0642473,0.070253015,0.028871216,0.058341414,0.054606702,0.037812315,0.06624189,0.03246635,0.07246072,0.0027680923,0.052348528,0.045701772,0.06476939,0.068665974,-0.0073484154,0.041488074,0.067171544,0.050341107,0.048543565,0.021033358,0.04847088,0.061452914,0.04888116
-0.0402332,0.079005755,0.01349291,-0.031121347,-0.023723798,-0.0087210545,0.04756396,-0.057540357,-0.014022686,-0.034561347,0.011866892,-0.02844907,0.030758804,-0.012690332,0.009078441,-0.028796699,-0.042751294,-0.047603894,-0.017467462,-0.07708526,-0.044409856,-0.012631866,-0.02889809,-0.058988962,-0.018254621,-0.03672532,0.0017009721,-0.040170886,-0.014383693,-0.04303654,0.046033792,-0.027669774,0.05949769,-0.06061191,0.0125223845,-0.035481688,0.03865129,-0.04623815,-0.0474143,0.06372111,-0.065471746,-0.02972855
-0.013253645,-0.010753078,0.043981615,-0.0037253893,0.015547147,0.051236577,0.04866227,0.015421406,-0.04575487,-0.018896308,0.037269574,0.023424556,0.03736352,0.033431567,-0.026466643,0.0094800545,0.023097016,0.0516418,0.010882251,0.010959108,0.037302356,-0.0013864802,0.0155981295,0.018948045,-0.01021085,0.04967695,0.010235674,0.038565874,0.010437642,0.0142381415,0.07072042,0.015751034,-0.0145713305,0.058130827,0.0026546712,-0.002738302,0.036208414,0.026524834,0.018834334,-0.007688309,-0.0051466613,0.041852616
-0.04264366,-0.023696583,-0.054848913,-0.0056724106,-0.02010155,-0.08729293,-0.07064993,-0.0059807925,-0.05899721,-0.05568282,-0.026092071,-0.058658786,-0.044272453,-0.019813053,-0.016513107,0.03442187,-0.056646604,-0.021413563,-0.04400608,-0.07463701,-0.04191558,-0.04306111,-0.007383884,-0.05311479,-0.07081235,-0.043993432,-0.01579836,-0.058033854,-0.02092456,-0.06544258,-0.051741287,-0.06952713,0.020675538,-0.075045176,-0.02660125,-0.014763611,-0.013539847,0.028805403,-0.028388992,-0.047479812,-0.04398834,-0.05240996
-0.06044782,-0.0026410462,-0.036659293,-0.03258237,-0.061367646,-0.027425388,-0.08272953,0.053126764,0.004307674,-0.06546253,-0.056191545,0.015421767,-0.049536467,-0.047554556,-0.03235962,-0.03703892,0.010603727,-0.06849616,-0.06625332,-0.006279733,-0.060309403,-0.056767803,-0.013848021,0.05813528,-0.03466956,-0.061387494,0.038648427,0.008720923,-0.016342647,-0.049487457,-0.050636787,-0.025560545,-0.036949366,-0.002204623,-0.06044446,-0.03329222,-0.072375685,0.072412424,-0.025951458,-0.087594435,-0.07031883,0.007167379
0.07932105,-0.01961858,-0.026722452,0.009128304,0.05482873,0.069500804,-0.019418519,0.046299722,0.038630754,0.078822,-0.018243728,0.0710022,-0.002097118,0.05290303,0.071865834,0.07123167,0.07468362,0.0701441,-0.008129226,0.08605178,0.0735649,0.025872588,0.043482155,0.013497776,0.051254816,-0.0576489,0.029780462,-0.023987385,0.059139833,0.06490295,-0.003237995,0.044551212,-0.00785287,0.0737047,0.020439912,0.039426077,0.034936517,0.03516012,0.06267195,0.08789944,0.06774346,0.037097856
0.0325755,0.055501107,0.016284764,0.00018779926,-0.027061818,0.084909804,0.06262019,0.048733506,0.069471344,0.0729391,0.037268344,0.020053336,-0.011864974,0.073226646,0.05430439,0.03781953,0.026902385,0.081867315,0.013169208,0.019674856,0.052218765,0.016804036,0.04443699,-0.004819537,0.072675385,0.038499456,-0.056995627,-0.032419894,0.010687669,0.06833846,0.024524707,-0.004767286,-0.06667982,0.0703131,0.09570442,0.007205626,0.0165895,0.022113387,0.026940366,0.01265436,0.07351547,0.010395862
0.017169198,-0.07053073,0.0021519247,-0.06839841,-0.034987345,0.038539916,-0.00040260615,-0.059915975,0.04313375,-0.026766043,-0.04554127,0.003381407,0.024548225,0.015203584,-0.036475584,-0.056213956,0.023125527,-0.03620393,-0.00466489,-0.016678028,-0.01363209,-0.05878288,-0.06286797,-0.05231988,-0.048226416,-0.076349236,-0.038432915,-0.011339674,0.002952723,-0.07011369,0.0060852803,0.011093917,-0.030303376,-0.016629018,0.017081056,-0.026322506,0.053206176,-0.023893045,-0.025746023,0.019592294,-0.051778633,-0.016627213
0.034657445,0.024127495,0.036237363,0.032367945,-0.041559044,-0.008186565,0.03512676,-0.02846065,-0.0201881,0.04761222,-0.0095761735,0.011864758,0.0163543,0.02738845,0.01807771,-0.0033822416,0.022400504,0.056568068,0.03175428,-0.020841764,0.023926565,0.00020395998,0.012389094,0.0043709017,-0.031352643,-0.044533942,-0.05254576,0.0043534567,0.041996658,0.0106560895,0.037621163,0.0066041215,-0.03429562,-0.025023408,0.05230043,0.016614141,0.006525939,0.036656193,-0.0053181383,0.045836765,0.06197166,-0.024083504
0.045243368,-0.066291556,-0.013155278,0.00045127116,0.012169708,0.03306236,-0.037439924,0.0034548182,-0.008663657,-0.03607528,0.03085396,-0.046323538,0.031544134,-0.03316166,-0.055429876,-0.0057532955,-0.080737524,-0.05961731,-0.05279787,-0.02003847,-0.08197875,-0.014519874,0.067394495,0.034910563,0.03601232,-0.021079814,-0.020250654,0.008006914,0.018284801,0.021891521,0.003956444,0.012257106,0.056235407,0.0011619226,-0.0012217382,-0.07428689,0.043345902,-0.034595728,-0.08202904,0.01633442,0.022329418,0.029151417
-0.03920951,0.011010824,0.023576768,-0.04583803,-0.057151843,-0.043609165,-0.02133034,-0.017617721,-0.02607891,-0.010122174,-0.019839754,0.031581733,0.009398337,-0.05154809,-0.034204878,-0.0147588225,0.004030371,0.029071227,-0.030721279,-0.039349247,0.012098063,-0.034728903,0.064303756,-0.06270422,-0.053932723,-0.031403475,0.05128714,-0.03301019,-0.021481926,-0.018453637,0.015455359,-0.07345016,0.0424487,-0.047658335,-0.026755814,-0.0038139443,-0.035278097,-0.007748143,0.034266647,-0.02062089,-0.027060313,-0.069557324
0.0038404672,0.017404545,0.046701472,-0.02192913,0.03634338,-0.024513606,0.06303342,0.022495046,0.026649734,0.037999474,0.06342331,0.0087120645,0.0068317074,0.006313458,-0.022826694,0.046269197,0.0175706,0.06151263,0.034186553,-0.043830182,0.033757668,-0.0035920073,0.0033054808,0.035336275,-0.005559129,0.0064170724,-0.048176378,0.032906175,-0.002762651,0.049400054,0.05677534,0.046194848,0.023893205,-0.053798724,0.03686019,0.013432709,0.019569224,0.005043338,0.040389508,-0.021137686,-0.045467556,0.038223073
0.08363901,0.014519936,0.040100157,0.016300341,-0.025992524,0.06408811,-0.017550401,0.017859869,0.06203297,0.022185393,0.004313928,0.051131587,0.059413478,0.014508788,0.05250218,0.0033048857,0.0005507902,0.04960294,0.009490228,0.047470417,-0.019448409,-0.0077247354,0.02302888,0.012766271,0.013308627,0.04912531,-0.04993223,0.031414736,-0.0008236198,-0.0047591575,0.02344072,0.014486314,0.006862749,0.021345869,0.020383053,0.004185194,0.06495266,0.0056654755,-0.01658112,0.039423063,-0.001608773,0.019730767
0.0048096357,-0.012440521,-0.024457343,-0.07503758,-0.038188256,-0.02493563,0.011631665,0.049597844,0.061480563,-0.036358196,-0.024273574,-0.039447565,-0.011114561,-0.021283483,0.029423214,-0.018285481,-0.01912805,-0.069927566,-0.009200124,-0.018515935,0.0026999589,-0.007949099,0.02963011,-0.0058226096,0.023256544,-0.05649214,0.015585152,-0.061285984,-0.044409357,-0.057207286,0.02013217,0.008617302,-0.037326463,0.027576644,-0.048701454,0.019682474,0.05828638,-0.007823718,0.025750361,-0.060967367,-0.029470894,0.035526104
0.06029012,-0.05301564,-0.07208405,0.009760482,-0.0035648914,0.01122538,0.0011743344,0.05107282,0.014172937,0.041695364,-0.007181944,0.032016512,-0.035714958,0.020220004,-0.008607196,0.019751566,0.0056089596,-0.042442292,0.005874987,0.07326273,-0.07055481,0.023446836,-0.052533887,0.070983715,0.041666586,-0.020869322,0.039155573,0.044152066,0.04206106,-0.025727196,0.07443373,0.07539292,0.03440019,0.029457733,0.026895003,-0.051777065,0.07163039,0.07001742,0.0035183413,-0.020214913,-0.020613939,-0.07611891
-0.03228339,-0.0063341656,-0.057153907,0.059621427,-0.062245652,-0.06960298,0.042783283,0.049909763,-0.049162135,0.009486976,-0.02282084,-0.04315051,-0.0206018,-0.041138884,-0.0596793,0.0049130367,-0.0387044,0.0012397099,-0.0421377,-0.036904063,-0.027529053,-0.047046416,0.060164288,-0.06787352,0.05218408,0.020378025,-0.022149764,-0.020286432,-0.040845018,0.008708528,-0.059365872,-0.008153891,0.0003457293,-0.07587793,-0.0032288756,0.038375653,-0.030518157,-0.013430663,0.0035514508,0.027956797,0.0025676952,-0.032152273
-0.049626805,0.014906999,-0.029423568,-0.015048408,-0.03869058,-0.043171532,-0.024424016,-0.03582939,-0.059163135,-0.041966397,-0.03598943,-0.03916147,0.003159422,-0.04374932,-0.03364395,-0.07938284,-0.0574858,-0.06619103,-0.029606398,-0.00507367,-0.058887333,-0.032158185,-0.040772814,-0.02498199,0.044203486,-0.050291125,-0.06974083,0.030871952,-0.0051578116,-0.0047685183,-0.05134829,-0.0055916673,-0.05685934,-0.0414805,-0.07064962,-0.044701178,-0.031913444,-0.06181307,-0.038782455,-0.024247827,-0.028434865,-0.03960474
-0.02619944,-0.052591756,-0.031081136,-0.06677362,-0.03385591,-0.08532146,-0.049643688,-0.030192282,-0.015862046,0.06357152,-0.063801035,-0.05597161,-0.01981601,-0.086817406,-0.004474832,-0.02065027,-0.032390434,-0.068258785,-0.031644855,-0.02611564,-0.053707797,-0.08117703,0.050265636,-0.032340635,0.08375958,-0.046438757,-0.029487493,-0.037949413,0.048863534,-0.058294553,-0.015771242,-0.010140229,-0.07304067,0.05721322,-0.03944507,-0.026687669,-0.0483565,-0.0016609402,-0.06605666,0.06087948,0.0008996637,-0.040013295
0.031996932,-0.0052398155,-0.011990141,0.04700163,0.08215308,0.061817188,0.03859199,0.009952685,-0.02765757,0.05067537,0.07401274,-0.05655562,-0.004273704,-0.002276808,0.041625872,0.050030734,0.0083275875,0.04602892,-0.013550339,0.09207839,0.029400019,0.040042456,0.014352936,0.059041515,0.045060672,0.06408614,0.07513775,0.034215834,0.0045473347,-0.009874391,0.025651624,-0.021885145,0.0751717,-0.00074748497,0.027197417,-0.012384201,0.00053047313,-0.009154507,0.018848147,0.02576054,0.054458924,0.050994784
-0.07601291,-0.04970041,-0.05188638,-0.071172,-0.057468135,-0.07173295,-0.059487864,-0.076911196,-0.07125668,-0.06791616,-0.061395865,-0.0822546,-0.07783541,-0.076126695,-0.07506222,-0.020480324,-0.08445225,-0.08702041,-0.06998439,-0.069821216,-0.06772952,-0.060620517,-0.07625735,-0.07279195,-0.06661576,-0.07225579,-0.056137096,-0.06929222,-0.06639699,-0.06474852,-0.06088904,-0.077075094,-0.08065052,-0.020212742,-0.06617049,-0.08127394,-0.077254355,-0.072573826,-0.027417542,-0.072866604,-0.06549636,-0.07373914
-0.032627743,-0.05061905,-0.007735899,-0.05642426,-0.049376212,-0.010255153,-0.07313658,-0.029475864,-0.057790577,0.07308251,0.072679974,-0.026839864,-0.05958078,-0.016168552,0.018522045,-0.06543685,-0.061354082,-0.07075727,-0.077851504,-0.0019947537,-0.0687218,-0.050404627,0.06530334,-0.04198314,0.08068685,-0.0134368315,0.012040968,0.011195841,-0.015803676,-0.040589716,-0.00068866427,0.041288495,-0.072954886,-0.035154823,0.012118279,-0.010373416,-0.05054172,-0.043009482,-0.071177,-0.010316627,-0.014124465,0.014765458
0.04467348,0.024103003,0.029494151,-0.038225204,-0.064820096,-0.01876377,-0.022046164,-0.042049136,-0.029674517,-0.057491176,-0.06949334,-0.068970524,-0.00082611485,-0.033178695,0.011380793,0.06098229,-0.06381945,-0.023589695,-0.03591333,-0.04930804,0.003586369,-0.056166276,-0.05350058,-0.018571954,-0.061148673,-0.008891612,-0.05400611,0.010583121,-0.0513548,0.033315264,0.0040849415,-0.0012199949,-0.04949731,-0.05523716,-0.0680863,-0.041417707,-0.061154433,-0.06052771,-0.054620773,-0.01607503,0.035205673,-0.020224135
-0.044722043,-0.007095488,-0.052505594,-0.018062947,-0.0371024,-0.008769243,0.007858695,-0.042381946,-0.008095206,-0.02596136,-0.068260744,-0.061780117,-0.06603183,-0.005331728,-0.032036934,0.028918004,-0.03759359,0.0038086702,-0.0049756775,-0.020341478,0.02682,-0.05306491,-0.06076514,-0.057499312,0.008697367,-0.024748165,-0.0020207642,-0.04890275,-0.061201017,0.007644205,-0.0023221166,-0.06275503,-0.046072796,0.01834575,0.0487634,-0.03971612,-0.05586504,-0.020126143,-0.04445887,-0.05689707,-0.020670123,-0.059428856
0.019586373,-0.01736154,-0.036315437,-0.03183121,-0.035953283,-0.022786377,-0.047050755,-0.0427556,-0.0188221,-0.040017758,-0.054317072,-0.05314954,0.014893749,-0.045993764,-0.049536783,-0.07592691,-0.03196198,0.0026181184,-0.041893877,-0.035736687,-0.04174526,0.019960703,-0.044201378,-0.024557294,-0.03553416,-0.0033944983,-0.0004996471,-0.065707,-0.056254186,-0.04833562,0.0071163895,-0.05190643,-0.028853895,-0.0075841015,-0.0418228,-0.02318179,-0.0022343325,-0.048323438,-0.02846456,-0.043161523,0.005855567,-0.06204627
0.016308848,-0.08048949,-0.008655929,-0.02421656,0.014154117,0.026326915,-0.050367747,0.03844976,0.0066093095,0.031518433,-0.015921703,-0.017236203,-0.04389434,0.01261764,0.028253058,0.02144879,0.014689774,0.032171268,0.026031485,0.007695462,0.04456076,-0.025991453,-0.05907644,-0.041661844,-0.013644685,0.040720012,0.006668583,-0.048971374,0.019516638,0.010327754,0.070377365,-0.013021393,0.05033836,0.046951436,0.00088459236,-0.0012905399,0.007574131,0.011231033,0.01790383,-0.016010927,0.036344938,-0.008127302
0.052175246,0.02397824,0.03028294,-0.018883692,-0.010954841,-0.002750978,0.0027394113,0.03874461,-0.02403034,0.011232489,-0.029375808,0.058627013,-0.045315538,0.04646187,0.036327623,0.04408185,0.058037028,0.00027206034,0.045355015,0.07449585,0.059407994,0.05152779,0.03185452,-0.0035964034,-0.011721711,0.009362975,0.021419391,0.02486524,0.060130738,0.01928953,0.022238484,0.0007832028,0.033954516,-0.07252437,0.026561221,0.06488573,0.060529158,0.027958611,-0.0029798704,0.02708425,-0.011905846,0.051030196
0.062396865,0.0576217,0.047739405,0.0027419243,0.070296906,-0.009155958,0.05511391,0.02261374,-0.059059218,-0.07404479,0.03434827,-0.0028959166,0.026948335,0.0051160734,-0.039482523,-0.056930456,0.040806938,0.07183967,0.0013383916,-0.00065762317,0.04686791,-0.0828271,-0.027020797,0.0340596,0.0010390865,-0.034133438,-0.034292836,-0.041762013,0.034804743,-0.00954568,-0.02612577,0.047841318,-0.005915565,-0.022294955,0.060383707,-0.04097531,-0.06341162,0.039380442,0.04344797,-0.03677524,-0.055697117,-0.050846405
0.043368533,0.049272515,0.0127663445,-0.041277803,0.054947343,-0.005281766,-0.01285885,0.0490448,-0.059532452,0.019888228,0.038777813,0.0838321,-0.07246088,-0.052918714,-0.02817158,-0.026429925,-0.00964828,0.022738257,-0.0711304,0.04979904,0.022518577,-0.026640562,-0.00021596187,0.03937532,-0.015104536,0.020904917,0.07562724,0.0045367437,-0.023674747,0.05458585,-0.012219766,-0.0050046393,-0.038491957,0.015997875,0.0026851208,0.034287784,-0.04810785,0.007660592,0.013723828,-0.010586613,-0.013850674,0.060963854
-0.043327782,-0.011421348,-0.04456732,0.041590396,-0.0131221535,0.009241478,-0.01798504,-0.028870074,0.026910493,-0.03757135,-0.029151341,-0.014529214,0.005229796,-0.036921076,-0.026427412,0.06826515,-0.062301353,-0.015492317,0.009164027,-0.041718945,-0.06888593,0.044039693,-0.044413295,0.0014537539,-0.010101919,-0.023794616,-0.0650847,-0.06722439,0.020033237,-0.026750533,-0.03936357,-0.0049292725,0.0019195946,-0.026575267,0.019337649,-0.052694213,-0.059872,-0.036751974,-0.027484585,-0.05378063,0.0068764575,-0.053557184
-0.01247629,0.043796673,0.027290046,0.0397119,-0.016822098,0.021224173,0.02682304,-0.040546276,-0.039661344,-0.01915951,-0.0025090922,-0.054439496,0.06075457,-0.0053633447,0.0493072,0.0034308445,-0.008141425,0.06481551,-0.04720128,-0.04256676,-0.00037526365,0.029793235,0.050244518,0.006514007,-8.394579e-06,0.051498804,-0.036199544,0.01677107,-0.009323697,0.054723382,0.023256764,-0.03067679,0.026140686,-0.06531566,-0.020598978,-0.023784209,0.03540781,-0.030415926,-0.012491412,0.025668528,0.0093673635,0.012767869
0.022402126,0.061760534,0.058383945,0.022117732,0.06461351,0.05736546,0.016480075,0.023404088,0.07451809,0.06994325,0.037909396,-0.03447474,-0.038858883,0.048355192,0.06642903,-0.024290197,-0.015856443,-0.031678725,-0.013076711,0.07498192,0.0058595897,-0.025997585,0.0064208237,0.06865687,0.030275295,0.008073788,0.07274806,0.056784518,0.03298928,0.03673197,0.024114968,0.07010549,0.052251153,0.0772049,0.008841648,0.047913212,-0.060899638,0.037471533,0.06611537,0.07783126,0.05035529,0.06872008
-0.0065604486,0.0034177534,-0.020652764,-0.011295912,-0.055962563,-0.010599137,-0.037276715,0.018181855,-0.03260572,0.017053189,-0.011750341,-0.02258803,-0.08234626,-0.023086123,-0.027188767,0.052197132,0.05605125,-0.012291368,-0.037851773,-0.0053617544,0.024447432,-0.049971014,-0.04692793,0.013908204,-0.052835997,0.007393152,0.014953011,-0.041857254,-0.037483767,-0.06876776,-0.0064162356,0.0067234733,-0.034553923,-0.037961517,0.034807853,-0.025234083,-0.052619122,0.074030794,0.038357604,-0.031941812,0.052888297,-0.00656991
-0.011524135,0.046973504,0.0246888,0.05729397,-0.051234435,-0.073249884,0.035012368,0.06333904,0.018467119,-0.034145165,-0.026459193,3.623726e-05,-0.030444637,-0.013025375,0.061124448,0.020018458,-0.017975114,0.0090778945,0.00014966687,-0.02358168,0.035867475,-0.021692362,-0.017341075,-0.055003114,-0.032052927,-0.030029835,-0.069452725,0.05528569,-0.05077731,0.01790307,-0.065785736,-0.01631486,-0.0012269758,0.0059279464,-0.022396939,-0.016291866,-0.031962786,-0.009039829,-0.05066113,-0.018879404,0.03304446,-0.004727289
-0.049295116,-0.011502106,-0.034915894,-0.05876315,-0.046916086,-0.047294784,-0.05919705,-0.058542125,-0.053206448,-0.049601365,-0.061165266,-0.08131371,-0.05552692,-0.08608942,-0.035278764,-0.029668534,-0.043540884,-0.0798542,-0.041025966,-0.024965215,-0.0065137628,-0.04839804,-0.06518466,-0.05434635,-0.06660257,-0.054485347,-0.05678242,-0.040815674,-0.013653942,-0.077178605,-0.05077739,-0.04855269,-0.043084245,-0.04817179,-0.047740836,-0.07466796,-0.071673356,-0.07754958,-0.022279106,-0.06421884,-0.045960918,-0.06272992
-0.046381515,-0.072886586,-0.06891221,-0.07743362,-0.06303263,-0.08890061,-0.082131565,-0.04729173,-0.069600984,-0.06304157,-0.041130185,-0.073149554,-0.0010878511,-0.07247324,-0.05986937,-0.020403983,-0.07376544,-0.060855266,-0.07662866,-0.06693646,-0.08970328,-0.06820848,-0.05266239,-0.06566269,-0.07012449,-0.06607771,-0.043928314,-0.06074422,-0.016516648,-0.07010341,-0.027180651,-0.04226625,-0.03737825,-0.047801558,-0.04380661,-0.06638124,-0.057019643,-0.063341305,-0.063021965,-0.07789412,-0.06869363,-0.067191094
-0.0036181444,0.049879614,0.0036218115,0.061241705,0.014550144,0.007476384,0.04894409,0.00064100325,0.015082677,-0.04006238,-0.026657553,-0.021890365,-0.007517041,-0.021186432,0.0056220926,0.022069916,-0.0403986,0.009923227,-0.011700394,-0.03561818,0.0045536463,0.040962495,-0.01556239,0.0028887296,0.04680692,-0.041981027,-0.008854931,-0.034372196,-0.0044815363,0.0079270955,-0.06795898,-0.047833845,-0.011902662,0.0076241144,0.005517742,-0.023764247,-0.035093836,0.007815283,0.027804157,0.01828091,-0.0323219,-0.04337724
0.05152873,-0.037909772,-0.030878903,0.037375998,0.008208881,0.022159418,-0.014215766,0.059844818,0.043952797,0.035105716,-0.013114761,0.029330546,0.0015741931,0.034870293,0.0057733012,-0.00024438446,-0.026253918,-0.032846853,0.037354708,0.040238205,-0.057652466,0.020037768,-0.027448522,0.038419317,0.032280907,-0.03738907,-0.0077331774,0.04653778,0.038944867,0.044821758,0.015782725,0.042691384,0.05752715,-0.03485794,8.981248e-05,-0.022168482,0.039152775,-0.0021144534,-0.004130129,0.034498714,0.038920254,-0.00037721783
0.0017143807,-0.0026607306,0.032029785,-0.043624237,-0.050584175,0.09735732,0.06466654,0.03427274,0.07863453,0.018363558,-0.050216883,0.0007344857,0.05127752,0.0035699562,0.032334942,-0.031346556,0.043569617,0.022618905,0.06677082,0.034134816,-0.016048213,-0.028433496,0.036796257,0.057840586,0.050986294,0.06109452,-0.055120457,-0.0032764866,0.00029002808,0.00069326523,-0.0064926553,-0.021168938,-0.014453985,0.04521286,0.018813752,-0.03677191,0.0426754,0.06521805,0.03680296,-0.021707522,0.024686076,0.043531016
-0.04563589,-0.06777203,-0.06967741,-0.07889756,-0.055647228,-0.033989232,-0.05456296,-0.06424199,-0.037770808,-0.068179816,-0.03150774,-0.07359249,-0.05648086,-0.08055947,-0.070224166,-0.053551808,-0.07401078,-0.043821495,-0.067295976,-0.07108171,-0.08033697,-0.06795529,-0.07626874,-0.074546784,-0.06332213,-0.071361005,-0.06172094,-0.045420267,-0.056172874,-0.07102342,-0.014443397,-0.04950312,-0.052811075,-0.033608083,-0.067654595,-0.07505053,-0.05910319,-0.07237388,-0.065382406,-0.059476037,-0.06684427,-0.07164298
-0.06673738,-0.029715803,-0.015641637,-0.052605078,-0.02305866,-0.011389579,-0.023748858,-0.054958425,-0.05259558,-0.044795,-0.07027185,-0.009833989,-0.022043234,-0.013699939,-0.0036330435,-0.0039994605,-0.076652125,-0.043246683,-0.0240137,-0.017517775,-0.027525458,-0.036524657,-0.06048807,-0.07031701,-0.028390603,-0.0019209557,-0.061845668,-0.05570914,-0.04182655,-0.058310412,-0.051948376,-0.06814629,-0.06980745,-0.023965094,-0.024158575,-0.06391666,-0.07247561,-0.06880498,-0.02004075,-0.060467012,-0.026742753,-0.038746424
-0.016383136,-0.009777325,-0.035498958,0.06916343,-0.0009880817,0.04005335,0.009427585,0.017676044,-0.05279197,-0.052081525,0.052222107,-0.033011172,0.02464267,-0.002599258,0.07132742,-0.06915218,0.015654363,0.044159215,-0.05693303,-0.06801916,-0.027681848,-0.06830018,0.023353351,0.0188139,-0.0053061135,0.0275479,-0.021583099,-0.018603312,-0.007096429,0.047992613,-0.04256027,-0.032112025,0.043693863,-0.05195115,0.00503878,-0.027673647,-0.05547607,0.0021033185,-0.031470817,-0.031204063,0.031164894,0.049069602
0.013479441,-0.018075692,0.023717673,-0.021346057,-0.07211883,0.06174936,-0.034144156,-0.015776917,0.048329875,-0.044724505,0.018761242,0.059274826,-0.017050032,0.023669109,0.04952964,0.02046445,0.035736736,-0.058646765,0.0048057716,0.029241025,0.005192951,0.015806595,0.0036319545,0.049113024,-0.033290055,-0.05037009,0.044391364,0.06653137,0.03504871,-0.017887453,0.013566713,-0.013460489,-0.0481268,0.047359996,0.017790472,-0.0002702298,-0.03273564,0.04029798,-0.07425448,-0.026109913,-0.058911808,0.03513484
0.01888448,-0.012184878,-0.051517304,-0.025226858,0.008162483,-0.04407804,-0.06936971,0.038235433,-0.059844404,-0.011645017,0.030572308,0.04730361,-0.049971364,0.028813872,-0.045368865,-0.06535198,-0.07567818,-0.07159104,0.029532934,-0.040135365,-0.05054041,0.00075161085,-0.056439906,-0.021968244,0.002658548,-0.052352335,0.047115248,-0.046616353,-0.008227587,-0.00815307,0.053153176,-0.00842555,-0.03956987,0.06231608,-0.0055452245,-0.07426789,-0.007158545,-0.045487672,0.014874764,-0.0016218049,0.036523923,-0.034035202
-0.056567848,0.022902535,0.017574389,0.043907493,-0.021792501,-0.009525062,-0.0035482775,0.005707105,0.01373692,-0.060831673,-0.075140655,-0.033602104,0.0025292318,0.0044463887,0.03329922,0.016223747,0.06812388,-0.016398905,0.07248406,-0.042893745,0.036154233,0.031333357,-0.014501946,-0.046115145,0.04672573,0.06413971,-0.024608381,-0.0058717635,-0.019501122,-0.0017762678,0.0006521517,0.035450015,0.04424907,0.030026855,0.03948412,0.05855656,0.043465797,0.03243703,-0.046097714,-0.0041409517,0.051652543,0.035037715
-0.011980752,-0.027658062,-0.014124536,-0.04034023,0.01976037,0.020272648,-0.07323981,-0.024238262,-0.04337886,-0.028010959,-0.02596444,0.0027872182,-0.008493342,-0.016674288,-0.037450027,-0.03425076,-0.05905427,-0.044873565,-0.005125127,-0.012104447,0.02802877,-0.043445308,0.016704062,-0.029381376,-0.0072357035,-0.02324763,-0.014191988,-0.06364015,0.0027339952,-0.041711707,-0.039291743,-0.055946164,-0.044909015,-0.03324865,-0.032878898,-0.005560566,-0.034243435,0.028763492,-0.06776125,-0.0047231014,-0.024348397,0.024995668
-0.06917856,-0.013675968,-0.06832262,0.06756875,0.0008739361,-0.016179595,-0.07082961,-0.041759886,-0.041516747,-0.024367752,0.037529185,0.020018792,-0.022644473,-0.018745909,-0.023905344,0.043054964,-0.016522687,0.01846371,-0.072354086,-0.045519356,-0.013754152,-0.02631715,0.042313047,0.027406525,0.037902348,-0.04734608,0.009395197,-0.013074254,0.053385004,0.047166903,-0.0262463,-0.055364456,0.021343509,-0.069022775,0.0060414327,-0.025747675,-0.059896354,0.013009553,-0.04050498,-0.052550238,0.004918,-0.005152184
0.061043065,0.020660762,0.0745399,0.052994862,-0.0397789,-0.0052438723,0.059167005,0.04309083,-0.0022577473,0.048035115,0.027808275,0.067460015,0.009121865,0.036893852,0.041757848,0.028885625,0.06455819,0.0545665,0.06269597,0.07189694,0.05902238,0.028017525,0.02117059,0.06726746,-0.002114281,-0.041729037,0.06741115,0.008574688,0.06555804,-0.011479314,0.04865621,0.05882364,0.0401567,0.03954032,-0.0034287323,0.009812779,0.03517613,0.035992857,0.07949784,0.062293194,0.039552372,0.023625536
-0.023181798,-0.000831849,0.013470369,0.0551716,0.04718103,0.0630677,-0.009742583,-0.05154941,0.05588208,0.0053806705,0.049317557,0.0037123824,0.07808009,0.036825396,-0.027973264,-0.098859474,0.007991419,0.06868121,-0.030167488,-0.031664684,0.019335318,0.035776086,0.045727674,0.051110275,-0.041749977,0.052047823,0.055916924,0.016788246,0.07393746,-0.059625916,0.039247148,0.017828062,-0.015261629,0.047783203,-0.0887591,0.005841424,0.02353962,0.04571685,-0.0154181225,-0.014344065,-0.051745407,0.009822471
0.048061583,0.013750042,0.029538397,-0.010759913,0.047949553,0.026594056,0.0017734448,0.04133531,-0.0396495,0.024220165,-0.03173267,0.049472347,-0.004262698,0.036152385,0.041652024,-0.019181687,0.048895556,-0.054893717,0.01225528,0.054341435,0.06250362,0.013251036,-0.021513643,0.0552898,0.06695726,0.021961374,-0.00578492,-0.0055516316,-0.021178463,-0.026751377,0.028093137,-0.017274963,-0.0021870635,0.061120987,-0.043942537,0.00019288562,0.029693624,0.024652228,0.015078715,0.005453996,0.030146971,0.023130085
0.012199423,0.020405184,-0.026047906,-0.03325376,-0.033872433,-0.06847001,-0.042519268,-0.038256157,-0.041094158,-0.031343825,-0.05006639,-0.03694881,-0.051535234,-0.018135494,-0.026607903,-0.045301504,-0.022594146,0.02233364,-0.0513925,-0.0007695556,0.009625465,-0.03995265,-0.021174911,-0.060871538,-0.06374576,-0.03853489,-0.040541854,0.008958585,-0.03925932,0.010697989,-0.060198247,-0.034767903,-0.061189942,-0.019007938,0.0072800703,-0.009515733,-0.06715269,-0.04645691,-0.043475408,-0.045427576,-0.050161023,0.0074436953
0.04678114,-0.027327122,-0.07147336,0.043046273,0.0016656406,0.01277242,0.01873771,0.0073242956,-0.05375702,0.028248044,0.0019982962,0.04156887,0.0038378644,0.011420109,0.04443113,0.0038798964,0.043848976,0.011606368,0.024733666,-0.00086929055,0.01816134,-0.037399337,0.021736696,-0.0010727142,-0.0016987746,-0.039442696,-0.04443699,0.0040167747,0.0038319773,0.05173422,-0.01786335,0.025377622,-0.046832517,-0.022049757,0.0027242969,0.048342224,0.067498006,-0.012700071,-0.06346641,0.053210963,-0.012738421,0.0066888677
-0.08829642,-0.06957442,-0.07558335,-0.023528324,-0.059963807,-0.020491602,-0.068345234,-0.03382019,-0.040644657,-0.075785086,-0.0625954,0.0014081359,-0.07329772,-0.032223355,0.042717803,0.020939011,0.024599312,-0.009327939,-0.039429445,-0.055055883,0.025806867,-0.02040423,-0.04654557,-0.0077939443,-0.073319845,-0.05842896,-0.065729484,-0.07071712,-0.018804314,-0.02848497,-0.040999405,-0.04342822,-0.009371084,0.0038209308,0.009260309,0.02247453,-0.0244427,-0.014079325,-0.010522854,0.007233992,0.045274843,0.0006433387
0.059978094,0.059133783,0.047788084,0.021185774,0.045927413,0.06569776,0.052859742,0.04098487,-0.042321134,0.0067365593,0.0657002,-0.00783074,0.02672,0.0051104883,-0.0050357804,0.023022316,0.007330622,0.040133927,0.028274057,0.053006463,0.01759812,7.435235e-05,-0.01906267,0.0335035,0.0634094,0.029520188,0.0018355208,0.05187742,0.041212674,0.025158621,0.020987457,0.023452738,-0.026895307,0.018227387,-0.010709084,-0.01801008,0.05302452,0.030713493,-0.012431652,-0.026522458,-0.033562742,0.0026885958
-0.03878425,-0.063035466,0.04264486,-0.074803665,0.02337012,0.009695452,-0.019579705,-0.06917371,0.013578082,0.004034011,-0.06717644,-0.025043443,0.06943725,0.0053629074,-0.06820799,-0.020676628,0.011358664,0.049826834,0.037598636,0.02257238,0.061691146,-0.025680734,-0.06688564,-0.065201916,0.029246805,-0.06743816,-0.026236694,-0.07913863,-0.038994025,-0.083768465,-0.0023368937,-0.07738136,-0.022297295,0.015078971,0.0122111,-0.010819477,0.047943104,-0.067264,-0.030329209,-0.08761517,-0.080779,0.011635489
-0.039136592,-0.007390369,-0.037084993,-0.059446763,-0.016073486,0.005097585,0.0003519838,-0.0034034916,0.00031032503,-0.011822101,0.013950167,-0.010552239,0.0011778144,0.034869738,-0.0317969,-0.0010102426,0.036982656,0.014240987,0.018860891,-0.03115726,0.030847926,0.014386989,0.045742456,-0.024328984,0.018956276,-0.03975418,0.04039582,-0.016551815,0.017699795,-0.020041738,0.017839875,-0.007087313,-0.03711242,0.0143906465,0.027316991,0.07379489,-0.02921515,-0.013965247,0.059508175,0.032347742,0.057349164,0.041521627
0.034124684,0.068509825,0.0043964246,0.03409825,-0.06516651,0.049499433,0.05785239,0.07581979,0.06460326,0.056102406,0.04763627,-0.025498664,0.05838398,-0.02455795,-0.02727179,0.05518933,-0.004839673,0.04128964,0.031080257,-0.085023776,0.0569289,0.047580097,0.0062798075,0.0155611755,0.023627803,0.037680246,-0.06762744,0.012748816,0.008382356,0.023099095,0.044270936,0.027060432,0.006401959,0.011002537,0.02614967,0.0067063514,-0.036278397,0.049623676,0.028594565,-0.009852864,-0.081824385,0.070455045
0.029274218,-0.028658524,0.011069461,0.07279403,-0.07424558,0.046237033,0.025788916,0.046486583,-0.061462577,-0.00017277483,-0.041443806,0.08458397,0.040692143,0.05664454,0.0549635,-0.009302809,0.05556954,0.011765995,0.082167424,0.036125425,0.025093399,0.032644622,0.06909969,0.05402191,0.022425642,0.025730656,0.047155175,0.036380682,0.030832494,0.05835841,0.017676182,-0.048701756,0.016882587,0.055211138,0.05715164,0.013864494,0.026612554,0.045219555,0.059585433,-0.025522543,0.022131667,0.069258735
-0.08315887,-0.077756695,-0.0812558,-0.01565538,-0.013635998,-0.0799558,-0.077817924,-0.073504835,-0.06787639,-0.08356773,-0.047628675,-0.028343543,-0.021381937,-0.026029015,0.017269436,0.041504733,-0.025301687,-0.05000795,-0.05671386,0.083845824,-0.08290228,-0.061553206,-0.034132693,-0.06872354,-0.066651545,-0.0029907199,-0.03801381,-0.053524967,-0.06718449,-0.047511257,0.049246926,-0.025805604,-0.009309369,-0.069377534,-0.0679439,-0.013992082,-0.06846919,-0.063006915,-0.049102657,-0.07155159,-0.079332866,-0.029130068
-0.04521459,0.055632204,0.06658508,-0.028458081,-0.026106842,0.008037562,0.017434515,-0.019177264,0.03047675,0.018713528,0.056443054,-0.0151895825,0.080027014,-0.008860199,-0.051267102,0.015681354,-0.036387462,-0.025757292,-0.063638404,0.015578983,-0.020300468,-0.06575772,0.034409177,0.011374088,-0.026023109,0.0051204585,-0.022057008,0.009718332,-0.05633251,-0.034119103,0.006040839,-0.07402966,-0.054778486,-0.035878614,0.0055141663,-0.03753092,-0.058284692,-0.0119069945,0.08116641,0.018085312,-0.06427251,-0.00640461
0.00843105,-0.0048115663,0.029777927,0.015010287,0.07825008,0.001179387,-0.0063890405,0.037130803,-0.0023909975,-0.032368276,-0.009575696,0.014972649,-0.009070887,-0.043343518,-0.016507555,0.0074112043,0.007192478,0.0026519177,-0.044049524,0.091957964,0.042505845,-0.088713236,-0.022240592,-0.06454087,-0.06999032,0.053692162,0.06694848,0.02385138,-0.062624775,0.05192615,-0.0022747708,-0.06636102,0.08445841,0.011805711,0.04877254,0.004193461,0.010206447,0.0045121806,-0.05569714,0.033533886,0.037627995,0.04858546
0.022539994,-0.060058564,0.016161475,-0.024876991,-0.050066326,0.027297186,0.008348518,0.016701156,0.011835153,0.0036101514,-0.03884956,-0.09019964,-0.015425549,-0.006028934,-0.07144489,-0.028326012,0.04230527,-0.027035585,-0.030450093,0.017219152,-0.029027471,-0.041146826,-0.07901927,0.019712487,-0.036404144,0.01667554,-0.017051613,-0.026670195,-0.05631674,-0.05906256,0.03426154,0.016554823,-0.04012942,0.008090883,-0.014522409,0.04547266,-0.03130735,-0.029888706,0.022420818,-0.038560268,-0.071835384,0.0040125856
-0.06908407,-0.055545706,0.0076437467,-0.04707385,-0.018367354,-0.029333297,0.04664931,-0.02491775,-0.07248957,-0.054010473,0.031068895,-0.05050338,-0.0026874281,-0.030489316,-0.05577653,0.018305838,-0.06260582,-0.057371434,-0.025352012,-0.058718413,-0.074136555,0.0026118767,-0.039873734,-0.044733077,-0.017674495,-0.03278665,0.006909914,-0.04565232,0.039664067,-0.04828022,-0.022578662,-0.046678286,-0.05661969,-0.04699579,0.008077666,-0.011983499,-0.06787396,-0.03650301,-0.05201526,-0.026395068,-0.04750238,-0.05809338
0.040970862,0.06741235,0.055131093,0.078972615,0.048458114,0.024092104,0.07307218,0.05434924,0.043629136,0.06882595,0.002519755,0.059796147,0.0502142,0.06826192,0.03886027,0.061260037,0.07785673,0.054403428,0.048365593,0.032744385,0.07833633,0.07659492,0.077503316,0.06500028,0.06099892,0.044116084,0.06326918,0.074020125,0.06479591,0.073405385,0.069430076,-0.008399235,0.0713749,-0.03009934,0.07217591,0.07576699,0.06797304,0.06254522,0.06418904,0.058576927,0.066643186,0.043032892
0.020563554,-0.055097435,-0.046967287,-0.033494078,-0.04360649,-0.023427958,-0.032343287,-0.0076344083,-0.072725564,-0.06312651,-0.020427063,-0.022273991,0.011073142,-0.03833939,0.041014634,0.00067116995,0.00035522948,-0.021828499,0.00014022828,-0.05107937,-0.009092859,-0.038821287,0.019859023,-0.020126585,-0.040261466,-0.012311165,0.028877543,-0.029872632,-0.07372491,-0.03415636,-0.0390357,0.0127961,-0.036305383,-0.021645345,-0.03262335,-0.009203109,-0.027571626,0.00030207782,-0.031942356,-0.04968381,0.04260825,-0.036625706
-0.025293663,0.07585888,0.052218847,0.05343995,-0.035722017,0.010032595,0.040141527,-0.07654988,0.049539723,0.06831351,0.036164396,-0.05583433,0.056283686,-0.09167695,0.043058917,-0.0035507027,0.027582113,0.021460308,0.040396616,-0.08720222,-0.0046678158,0.06354037,0.008326018,0.015423497,0.07774287,0.008865221,-0.032237902,0.061169915,-0.020401895,-0.018246083,0.04083072,0.046106856,0.040373508,-0.013854915,-0.03101991,0.012281349,0.008652032,0.03232931,0.022832934,0.070064075,0.062901184,0.008468039
-0.02875288,-0.033797663,-0.037241366,-0.06779216,-0.018516462,-0.08360258,-0.06503029,-0.057057418,-0.04122792,0.018460477,0.0021048735,-0.0055358494,-0.045535658,-0.011874822,-0.03327592,0.06871453,0.011076965,-0.032309465,0.0014343559,-0.055623807,-0.028930437,-0.05594301,-0.013264255,-0.042871464,-0.022347094,-0.036339626,0.034306232,-0.04422777,0.05118506,-0.045286812,-0.051874384,-0.05137984,0.015979886,-0.04868498,0.007910839,0.044120368,0.037625823,0.03121135,-0.0148772085,0.0080841705,-0.034640975,-0.010957896
-0.052497692,-0.077095,-0.008129206,-0.032315426,-0.021114765,-0.041123897,-0.052512236,-0.052318506,-0.039245896,0.00051364704,-0.0069072885,-0.050570093,-0.03490078,0.006770478,-0.0484356,0.07566623,-0.024454748,-0.036234044,-0.049995646,-0.025671227,-0.03165751,-0.01032938,-0.038780592,-0.0071948944,-0.045044526,0.046613064,-0.052738972,0.0696162,0.0029079162,-0.05237279,-0.03807808,-0.027597232,0.0018676504,-0.0379956,0.051341426,0.027236048,-0.0711407,-0.033323884,0.056081254,0.050891466,0.035482284,0.015315785
-0.010365159,0.0057258136,-0.043583885,-0.056088116,-0.022262514,-0.017065825,0.007782809,-0.04397512,-0.07076997,-0.048561256,-0.056987382,-0.051977336,-0.06518328,-0.057866983,-0.00913449,0.00081983476,-0.08766449,-0.0866898,-0.059442807,-0.057285473,-0.09230328,0.0358654,-0.055449944,0.038175065,-0.036222026,-0.0215372,-0.00019121585,-0.05002036,-0.051731538,-0.012587148,-0.028366433,-0.057607368,0.0034433177,-0.061164074,-0.037080415,-0.07050327,-0.026035618,-0.012724439,-0.050238743,0.03442303,-0.039392505,-0.07622405
0.086986154,0.094700456,0.05839568,0.07762522,0.05402102,-0.003939754,0.05883535,0.08019348,0.07196778,0.07668704,0.0479211,0.083581045,0.077643126,0.06420278,0.019400246,0.011073015,0.07287723,0.05117207,0.0845914,0.088958904,0.026741577,0.09020963,0.035495628,0.07608345,0.086730994,0.051715266,0.041373286,0.07425254,0.07777082,0.037365876,0.006167648,0.081728004,0.05864066,0.03456456,0.03834003,0.070007116,0.076008655,0.08141889,0.07092707,0.040172346,0.022337079,0.075396806
0.047769245,0.09081811,0.074685186,0.07944963,0.07074523,0.12225589,0.08576843,0.042877764,0.072593056,0.0698038,0.070937164,0.039074488,0.08023119,0.080566585,0.067582935,0.08449119,0.07136453,0.09621139,0.082326576,0.04935698,0.08998966,0.08101751,0.07354869,0.058661338,0.06328374,0.07671983,0.0439848,0.065859534,0.08090529,0.07369446,0.09312147,0.047913816,0.06346697,0.0527312,0.07936768,0.07331264,0.07093202,0.050678957,0.026256911,0.082671165,0.07663046,0.060890067
0.028958326,0.04689466,0.015386042,0.07458486,0.07130699,0.10321979,0.08117406,0.02798171,0.050706178,0.055882625,0.06844579,0.033040162,0.0210729,0.061053913,-0.00054645096,0.060644895,0.0027096532,0.032846957,0.03793833,0.05042105,-0.0031135844,0.06525077,0.031151574,0.053820435,0.046090774,0.056374215,0.074933685,0.03719393,0.03135182,0.026325429,0.056133226,0.041119702,0.019186381,0.020973908,0.044679105,0.0645157,0.035909656,0.009588649,0.03434981,0.064944305,0.035375018,0.015397926
0.07898937,0.007890042,0.05311998,0.004376652,0.024485895,0.01809775,0.04879004,0.015591608,0.0075617507,0.06421604,0.058318697,0.08051423,0.045640815,0.05124955,0.0076459097,0.017164573,0.03765591,0.035040814,0.049225952,-0.023063714,0.03322352,0.035193063,0.00035030794,0.020819895,0.028152453,-5.499097e-05,0.040882237,0.07079717,0.054925505,0.034546975,0.085650764,0.064381614,-0.0021265373,0.014730171,0.04711368,0.0665225,0.058144618,0.07019772,0.037201982,0.044928104,-0.023677155,0.00031965115
0.02439238,0.013180102,0.07118967,0.011619544,0.06351826,0.06645441,0.029841999,0.056899156,0.02688263,0.045392405,0.0028815274,0.038898196,-0.008678276,0.032416657,0.06665964,0.020003382,0.067777336,0.035279304,0.042381763,-0.017724054,0.042274207,0.02432206,0.046699937,0.0274686,0.034605797,0.024550851,0.036586273,0.013753399,0.041678227,0.0728462,0.028490098,0.03530864,-0.008361716,0.02453147,-0.001346466,0.06830648,0.0034626354,0.023621121,0.037074436,0.049521104,0.067495294,0.051897228
0.06417372,0.047656767,0.052946195,0.061529953,0.052586947,0.054611586,0.06976151,0.07395767,0.04200162,0.05125209,0.048067436,0.06341545,0.072924644,0.07142574,0.06042785,0.059096728,0.051176295,0.04371886,0.06751853,0.068371244,0.049913246,0.04732968,0.04928842,0.04589301,0.06653678,0.038055174,0.045470096,0.052515715,0.043442346,0.0629273,0.058154434,0.04446492,0.06820666,0.046344828,0.021694949,0.057106122,0.070238784,0.07042186,0.054638434,0.03517903,0.04474475,0.059520587
-0.009490836,-0.0569943,-0.035507344,0.03931681,-0.01307133,-0.022499792,-0.01215845,0.018530982,0.00795076,0.055699952,-0.07824542,0.036379535,-0.009383157,-0.03705588,-0.0023311377,-0.0047673886,0.0853702,-0.04414156,0.033300698,-0.019724738,0.0626508,0.03081091,4.3751203e-05,-0.029173365,0.016385857,0.02218069,-0.03450781,0.06662756,0.030666657,0.07207696,-0.024605785,0.010912389,-0.03801174,-0.00070147327,-0.050260264,0.06990876,0.0030154472,-0.052729864,-0.080821134,-0.033234246,-0.011473103,0.049901474
-0.007934694,0.00627737,-0.007213947,0.05969342,0.00049568585,-0.0073309573,0.020550357,0.017061716,0.017201044,0.016473874,0.021969855,0.0012167763,-0.030191742,-0.0320095,0.03980752,-0.03601209,0.025608366,-0.0014341765,-0.013434572,-0.017203446,-0.011705904,0.03655511,0.015363858,0.03118303,0.030754227,0.04333702,0.002991556,0.028475031,0.050145112,0.019127967,-0.0676217,0.043990772,0.0172719,-0.0058719935,-0.024477374,0.0057563614,0.049531158,0.0017279803,0.014874336,0.03469468,0.030904748,0.019370165
-0.01170664,0.017964205,0.030650962,-0.046313997,0.021926375,0.0015490873,-0.054057155,-0.048775084,0.04842971,0.078970015,-0.0319436,-0.0896466,0.07026722,-0.07277755,0.054742932,-0.029007707,-0.072936796,-0.015073363,-0.08100797,0.0006290534,0.0013534345,-0.0073993118,0.015561687,-0.07774054,0.024841204,0.012467117,-0.028298186,0.055126462,-0.06660081,-0.052850045,0.014537399,0.020589953,-0.06591222,-0.04811571,-0.020075357,-0.07950366,-0.04753213,-0.08342256,-0.085549615,0.02723416,0.07688944,-0.00879756
-0.05280168,0.057809632,0.023732455,0.030940954,-0.013891573,0.08786697,-0.008722658,-0.05599849,0.076635085,0.014566875,-0.048765827,-0.06344172,-0.044772353,-0.05642601,-0.011968879,-0.019739233,-0.033540063,0.08266173,-0.071820095,-0.041874934,-0.01722797,-0.028916206,0.00955985,-0.043414563,-0.056288797,-0.0063012056,0.014780272,0.0035673378,-0.031423483,0.062242214,-0.031919606,-0.059808183,-0.053086482,-0.024539243,-0.053999674,-0.004217728,-0.07276617,-0.057509925,0.0034105377,0.01823578,0.033159953,0.04695542
-0.070565134,-0.058020063,-0.055665925,-0.049014192,-0.04686664,-0.029880054,-0.024467997,-0.06378691,-0.060961246,-0.04727332,-0.04808411,-0.02677633,-0.0381041,-0.041888565,-0.057104368,0.0034757114,-0.0673173,-0.060346518,-0.025170954,-0.05773938,-0.052013867,-0.06467912,-0.048866037,-0.047893327,-0.0147747,-0.053934462,-0.043035407,-0.05408595,-0.05871669,-0.051052563,-0.057900537,-0.034148183,-0.051352773,-0.07167968,-0.057485893,-0.028663693,-0.05314511,-0.051387765,-0.041256104,-0.028995672,-0.04946479,-0.064950116
0.083949074,0.05935,0.061842497,0.057406586,0.0029519193,0.07127349,0.04101156,0.057157375,0.02044529,0.07410308,0.03842725,0.053853214,0.0024234527,0.048659,0.02951035,0.058258306,0.07002187,0.07774567,0.072402604,0.02842232,0.074103415,0.029634131,0.053908765,0.065862164,0.04965094,0.06757278,0.03201274,0.060032416,0.08067547,0.05326961,0.001905747,0.034785874,0.05026794,0.03337812,0.06062096,0.040489424,0.06289167,0.05620267,0.04621253,0.08638989,0.042958327,0.06134288
-0.015437796,-0.05903102,-0.008265914,-0.024112213,-0.023743823,-0.047786146,-0.022688389,-0.03985548,-0.048061363,0.014679825,0.011298181,-0.08669368,-0.049614757,-0.053526748,0.017350981,0.018927269,-0.059568662,-0.012960341,-0.027289292,-0.024309501,-0.0070305606,-0.052133832,-0.078781165,-0.032600563,-0.021396091,-0.05721594,-0.038145166,-0.0072982037,-0.03344052,-0.026938537,-0.043459415,0.022024138,0.014792112,-0.012983495,-0.049031194,-0.052367166,-0.057587624,-0.026575074,-0.04458466,-0.006055471,-0.0033816034,-0.060519367
-0.087706126,-0.018018838,0.039696578,-0.06552321,-0.058346573,-0.024886586,0.05314209,-0.02583309,0.06470125,-0.06790396,-0.017201012,-0.019767607,0.021265134,-0.029618958,0.033014126,0.0019442539,-0.0341499,-0.022153825,-0.04614833,-0.03244464,-0.044283018,-0.03466285,0.05295053,-0.056926616,-0.0806917,-0.024126776,-0.023878,-0.030375393,-0.0032126617,-0.040777817,0.00043181173,0.01435759,-0.01738286,-8.03397e-05,0.0139743555,0.03275101,-0.06064776,-0.03249587,0.05929696,0.030900944,-0.04256584,0.04187551
-0.047244158,0.024268966,-0.004683551,-0.016835945,0.0025339078,0.015190738,0.08043918,0.028992943,0.069975525,-0.0042376285,0.04677202,-0.024154153,-0.00054941484,0.012464936,0.012443363,-0.02487178,0.04634927,0.0077243485,-0.012983455,0.028586723,0.004777612,-0.03561315,-0.064622216,-0.07314469,0.055027418,0.01943459,-0.014817034,0.046725493,0.00073740934,0.07988467,-0.0043258136,0.033651933,0.031843763,0.047828346,-0.047522057,0.07264649,-0.047533307,0.04533763,0.024842918,-0.033604164,-0.06964238,0.007899159
0.068762176,0.037507765,0.036150057,-0.05410493,-0.06124148,0.0051285233,-0.028372332,-0.019080484,-0.023816586,0.024271429,-0.04964866,-0.012697827,-0.00086667266,-0.005028134,-0.037856538,0.036310874,0.0089679845,0.037163023,-0.043420333,0.040106386,0.05132257,-0.020591544,-0.008603426,-0.00010984736,0.00016815196,-0.04432558,0.021147285,0.049611602,0.0049660276,0.023648763,0.012399667,-0.033649515,-0.010491662,-0.07233859,-0.010269413,0.018837718,0.05040431,-0.034644358,-0.032276176,0.03417518,-0.08191466,-0.026964242
-0.063342765,0.007188962,-0.06669112,-0.03055455,-0.021315604,-0.06498524,-0.06295637,0.08276366,-0.07293519,0.003946717,-0.04059076,-0.08885353,-0.060177468,-0.07196448,-0.0058836136,-0.0077676433,-0.052905865,-0.03117179,-0.044521123,-0.0030301241,-0.038314167,-0.048478004,-0.035147797,-0.07652559,-0.06892127,-0.03828374,-0.007549402,-0.056104522,-0.077250436,0.008759619,-0.016947761,-0.016933545,-0.060901336,-0.07880085,-0.062019248,-0.032904234,0.027498856,-0.03468995,-0.08417695,-0.005603791,-0.051772743,-0.027101412
-0.011407521,-0.011229629,-0.019420115,-0.053891737,0.0012282641,0.009228373,-0.01811582,-0.04420235,-0.004580214,-0.04441525,-0.05492885,-0.056071956,0.00091847347,-0.054176085,0.004818765,-0.03335685,-0.052802205,-0.023964604,-0.04299005,-0.059355117,-0.02576201,-0.04696224,-0.06389674,-0.054207705,-0.061118536,-0.06509108,0.017285457,-0.05441494,-0.050164077,0.026301214,-0.06844011,0.0066155014,-0.022533203,0.038236387,-0.067826584,-0.052289765,-0.03726051,-0.0016215177,-0.06734376,-0.026966821,0.02191873,0.023154244
0.03291771,0.059403118,-0.039919954,0.017510643,-0.058603603,0.054550268,-0.04832056,0.04353247,0.025138218,0.044164915,-0.0015058275,0.011756623,0.0016111523,-0.077825904,0.019833911,-0.061945014,0.025151363,-0.03127668,-0.016539566,0.024817092,0.03131009,-0.043352865,-0.044844218,-0.015301331,-0.051354676,-0.07658887,0.026201583,-0.057190705,0.067106344,0.02930548,-0.05170042,-0.039559558,0.006072505,-0.059616305,-0.06833816,0.04434178,-0.014486127,-0.015760193,-0.0701575,-0.0047539356,-0.05921959,0.023576884
-0.05561409,0.050949093,-0.0427527,0.04176404,0.06326626,0.01901166,0.03898869,-0.07617332,0.024377977,0.009118756,0.074754424,-0.06353274,-0.018617833,-0.08051888,-0.0129265115,-0.022447236,-0.055357486,0.017036954,-0.04733959,-0.011748894,-0.03551713,-0.051138874,0.0152569115,-0.057309244,-0.0138691915,-0.036360182,0.06483023,0.017386016,-0.0030287264,-0.028797396,0.05564903,-0.016862275,0.050793905,0.028820971,-0.036730587,-0.07139517,-0.056198623,-0.004653197,0.035643436,-0.052291613,0.008082419,-0.067030594
0.02272603,0.03247054,0.06344217,-0.023551356,0.043877553,0.033663616,0.017924452,0.03485222,0.0632058,0.040781274,0.028507104,0.028371561,0.04622615,0.04744499,0.030673789,0.061050184,0.024740437,0.055222876,0.05499783,0.029299885,0.039184485,0.04269807,-0.020420196,0.024774423,-0.008192511,0.04397759,0.04860355,0.04547,-0.038329355,0.023663579,0.06301018,0.058292888,0.022848623,0.048472557,0.027122919,0.06277931,-0.00987614,0.045273554,0.010309917,-0.016253363,0.035607453,0.050116345
-0.023455456,-0.06732755,-0.042186476,-0.041346543,-0.055389415,-8.260822e-05,-0.053591285,-0.031915456,0.061591674,-0.011056526,-0.03972279,-0.056724478,-0.03919977,0.013730082,0.03905285,-0.034898262,-0.030063644,-0.0360899,-0.041292917,-0.059168488,-0.014205157,-0.06791681,-0.01562758,-0.019151034,-0.024307465,-0.07846601,-0.041944016,0.003556253,-0.051925085,-0.049055092,-0.036172614,-0.015853576,-0.031916685,-0.06377407,-0.036128376,-0.039193388,0.0021146194,-0.048730373,-0.017944656,0.006315153,-0.060561843,-0.035909936
0.07430818,0.043266837,-0.052029386,0.029645687,-0.07691495,-0.03083902,0.050245408,0.042199127,0.05988791,-0.07039119,-0.020920193,-0.02441587,-0.03771575,0.0317024,0.013110362,-0.012197205,0.0030394546,0.001681497,0.0068476815,0.002785464,0.012729625,0.04000364,0.010499897,0.008316717,-0.08540042,0.04094089,-0.07196547,-0.06517248,-0.07309432,0.056390785,-0.012119587,-0.017467612,0.006762724,-0.002059088,0.060745884,-0.03617408,0.05530107,0.046276573,0.03758871,0.07589751,0.064973734,0.014172279
0.01436134,0.058706056,-0.038557738,-0.010066477,0.0075502717,-0.0054673473,0.036817018,0.07181945,-0.07018643,0.013823196,-0.06748853,0.046258934,-0.055370092,-0.012875125,-0.042626478,0.025533149,-0.015706751,-0.07333644,-0.021838995,0.020385757,-0.041296396,0.061806608,-0.02245448,-0.04099819,0.05073071,0.0630185,0.047171317,-0.018988738,0.013531961,0.03516254,0.07221886,0.058708526,0.0321049,0.022458637,-0.022229638,-0.027912548,0.04683883,0.022454688,-0.02036078,-0.01004267,-0.042141933,-0.072882466
-0.015515772,-0.018180177,-0.05948206,-0.030070353,-0.0028735937,-0.007726286,-0.03817366,-0.051131435,-0.051816035,-0.056001436,-0.056676086,-0.06676523,-0.03507737,-0.061978824,-0.071900554,-0.06128355,-0.049879387,-0.02071481,-0.062209934,-0.03916245,-0.07381187,-0.017657662,-0.05426886,-0.043033004,-0.03407433,-0.040960215,-0.040357694,-0.041377086,-0.042792108,-0.050156683,-0.072462074,-0.025106808,-0.055126097,0.012066419,-0.023842204,-0.05752902,-0.008490754,-0.06384913,-0.07128446,-0.047841325,-0.06339484,-0.038482647
0.02966855,-0.019073995,-0.01595659,-0.038045496,-0.031276237,-0.057599984,0.033521302,0.006333606,-0.06399782,-0.060647607,0.06555471,-0.040620103,0.01068976,0.0059304656,0.03599366,-0.04841366,0.04211711,-0.01939054,-0.02109703,-0.025298202,0.005470989,-0.016278543,-0.055968698,0.023225501,-0.078550726,0.018018378,-0.059837427,-0.00055183156,-0.06198606,-0.004483977,-0.08157378,-0.019818049,-0.053376958,0.010433849,-0.010023327,0.026916876,-0.04885338,0.0350699,0.010152786,-0.08331184,0.010141644,0.041929845
-0.05641456,-0.0055333762,-0.03256196,-0.028193563,-0.0725966,0.009080494,-0.03222714,-0.07369818,-0.059214123,-0.041407775,-0.06787035,-0.07335524,-0.023259282,-0.051021907,-0.02950197,0.0054662027,-0.07347522,-0.08043779,-0.063597225,-0.07169077,-0.04673599,0.01820271,-0.022758093,-0.049336284,-0.047329303,-0.0106865205,-0.07416521,-0.0597784,-0.06406548,-0.06290646,0.0077060484,-0.031315975,-0.02834118,-0.07822173,-0.06273425,-0.059752125,-0.035970204,-0.06389326,-0.068873234,-0.03436455,-0.031621303,-0.0588769
0.07364634,0.04855111,0.019966133,0.05117506,0.02548087,-0.025272802,-0.025144113,0.047498964,0.0454854,0.038158342,0.007994501,0.024378333,0.029952291,0.03496485,0.07299275,-0.066084385,0.05014626,0.0721878,0.041271158,0.06982604,0.07806936,0.059436027,0.002626054,-0.00010611398,0.041052215,0.043577638,0.013086967,0.009612193,0.037121233,0.03993659,-0.073219724,0.026344273,-0.017246522,0.016808689,0.086276844,0.028123783,0.04108679,0.04595997,-0.0019669156,0.05763078,0.03874518,0.0045761466
0.037172366,0.010888609,0.088537045,-0.02588678,0.02568293,0.05672941,0.046481535,-0.0067102443,0.075700685,0.0085488865,0.012649304,-0.057526775,0.029065367,0.01943837,0.05341148,0.0017719951,0.008325505,0.08562267,-0.007632413,0.028357629,0.01643315,-8.810226e-06,-0.053652085,-0.021078536,-0.00413872,-0.017173843,0.01743976,0.04053183,0.008546726,0.048439227,0.036086194,0.030781368,0.004846935,0.0275282,0.028509095,0.048327476,0.011860565,-0.060314577,0.016681671,0.07305226,-0.055665877,0.06318871
-0.039474122,-0.015570514,0.0011029129,0.06418835,-0.014570894,0.024021903,0.033558886,0.0093953675,0.024566842,-0.05357255,0.021253686,-0.030519098,0.022803802,-0.020812657,0.063325845,0.03149996,-0.048515987,-0.026507298,-0.025847776,-0.051233105,-0.026323028,0.029644972,0.065040186,-0.016469905,-0.06188718,0.011822128,-0.05720776,0.04381791,-0.07269667,0.034463555,0.061303798,0.06693598,0.003593598,-0.02705776,0.039670687,-0.06585401,0.0019548743,-0.03241114,0.062471278,-0.04826347,0.07205452,0.011955805
0.03565601,-0.041950975,0.051972773,-0.06386289,-0.073908515,-0.04218047,0.016525874,0.060229965,-0.03038115,0.018451119,-0.026011659,-0.00016975625,0.02573087,0.056572292,-0.031370696,0.037974082,0.00034354295,-0.009657684,0.015435074,-0.030125318,-0.0070632696,0.010446235,-0.071684614,0.02309068,0.009373102,0.038501367,-0.037116297,0.001292084,-0.025373809,0.040979296,-0.0721617,-0.020353904,-0.068031885,0.016409256,-0.014826343,0.07384783,-0.046333034,0.06803276,-0.032768615,-0.054403313,-0.004165553,0.030289434
-0.00687579,0.020925663,-0.034166917,-0.03212381,0.039538164,-0.015257627,-0.037694056,-0.058489397,0.0018385027,-0.054666974,0.028733317,0.023196198,0.019192172,-0.019403646,0.01940618,-0.03215713,-0.058380824,-0.012889973,-0.021211082,-0.021200592,-0.01878244,0.04966649,-0.030762665,-0.009294509,-0.031239811,-0.032741856,0.0018908696,-0.026738402,0.029847845,-0.023923784,-0.065348834,-0.06831357,-0.00876517,0.0019939276,-0.012354925,-0.04434489,-0.008617374,-0.02773884,-0.038434207,-0.025920289,-0.048525963,0.0053565446
0.06758057,0.04180231,0.047166467,0.007218757,-0.052068904,0.0074351234,0.026861785,0.03762274,-0.043243267,0.020964524,0.018783577,0.009730374,-0.030074192,-0.027452726,0.01639706,-0.010865237,0.027602918,0.058446907,-0.0012399481,-0.022331765,0.06207687,0.019698748,0.06191803,0.041496154,0.015592048,0.034944862,-0.017047916,0.010058254,-0.05831924,0.04509417,0.07133712,-0.03296029,-0.041774314,-0.05422865,0.026243947,0.04925314,0.021489864,0.0050053727,-0.013273247,0.044436425,-0.009646694,-0.019365042
-0.014097155,-0.04485781,-0.019903947,-0.0467034,-0.030102238,0.010897482,-0.013800329,-0.04984106,0.0381402,0.05709515,-0.025136538,-0.011845864,-0.028417483,0.009767996,-0.006388514,-0.02315601,-0.031938195,0.038231853,-0.011800064,-0.0031902306,-0.0004002002,-0.033700407,-0.03756789,0.004622488,-0.06090705,-0.03809966,0.053098872,0.0021795137,-0.03927019,-0.052682668,0.015463144,0.05140966,-0.04796542,-0.025333175,-0.03551548,0.01749241,-0.058935307,0.0004244726,-0.036472093,0.029565549,-0.037321486,0.035820857
0.032109153,0.031510077,0.0783329,0.040698245,0.071123734,-0.013195267,0.006661201,0.0061654137,-0.05895083,-0.012828098,0.055135187,-0.058710884,0.038076084,-0.040416658,0.06060722,0.0063924924,0.020845704,-0.0023185185,0.0010413459,-0.004860068,0.06455907,0.02715632,0.0050082207,0.050583918,0.034050494,0.02794112,0.054136362,-0.023270622,-0.04469666,-0.001471591,-0.033856265,0.06869197,-0.003037709,0.045434043,-0.018774798,0.01883395,-0.03175606,0.0075536612,-0.054749012,-0.08652915,0.042405784,0.03193666
-0.0497172,-0.0709967,-0.07012559,-0.0823704,-0.06337507,-0.051786125,-0.07789873,-0.0660055,-0.06854679,-0.055251114,-0.060720053,-0.02097706,-0.057909776,-0.0503436,-0.06197188,-0.0335569,-0.04515242,-0.067127235,-0.0070922123,-0.048244838,-0.032377485,-0.03857181,-0.03779242,-0.06525306,-0.060661443,-0.06269586,-0.05918686,-0.04304767,-0.053335987,-0.070887595,0.056540914,-0.03780083,-0.058771465,-0.04426341,-0.04118,-0.056319118,0.022734836,-0.071363054,-0.041794706,-0.0015748654,-0.007909051,-0.0515012
0.024279345,-0.07866662,0.03215863,-0.0140239345,-0.017666249,0.007959087,-0.007429837,0.05702542,-0.04913066,-0.0056665707,-0.01691372,0.007226015,0.036972184,0.067413196,0.032072995,-0.03688075,0.042610623,0.033842023,0.020721586,0.035848808,0.059353095,-0.025463752,-0.053221207,-0.01113536,0.028565435,0.039507598,-0.0052244784,-0.047692284,0.045132224,0.01867273,0.010652082,0.039892912,0.013513022,0.013003563,-0.014565833,0.07676567,0.064250894,0.009231185,0.06744054,-0.067204565,-0.04680395,0.0102646025
-0.031431638,-0.061801326,-0.00042243482,0.00059881964,0.025927167,0.007844293,0.013999205,0.0031892878,-0.0071074273,0.004781261,-0.011613857,-0.008166873,-0.020870892,0.018547319,0.004302323,0.043872245,-0.032550935,0.048638646,-0.0030207168,0.0053219902,-0.0034556678,-0.020902963,-0.03342947,-0.018551867,-0.0038782477,0.0002138189,0.0077955374,-0.022852076,-0.005568848,-0.04372291,-0.008788758,-0.0011567668,-0.04241956,-0.02551422,0.015108939,0.010842303,-0.0025129893,-0.018115912,0.0067131557,0.01694562,-0.0071135713,-0.02703487
-0.059003223,-0.03840416,0.012699386,-0.0015111993,-0.0009806709,-0.012133561,-0.05803659,0.050599802,-0.022249274,-0.04982168,-0.06563487,0.021590123,-0.005602935,0.042119328,-0.010076123,-0.031382795,0.045707673,0.028644752,0.030197177,0.023504017,0.011403708,-0.060088977,-0.03950017,0.026002653,-0.03348453,-0.05019357,0.03907887,-0.03497779,-0.05189029,-0.03752894,-0.04215327,-0.0071873623,0.023729188,-0.026728539,-0.03599595,0.076714784,0.04351762,0.020321647,0.023000127,-0.03651005,-0.0020186154,0.028884195
0.007601662,0.03253192,0.054350134,0.02297557,0.018505478,0.01284317,-0.0022609301,-0.034488223,0.023422591,-0.03648401,0.012450656,-0.034281086,0.057263065,-0.029592866,0.032065686,-0.030392278,-0.017145734,-0.0017614801,-0.031068567,-0.013435766,0.011865687,-0.012934435,0.008930386,0.013243182,-0.010756482,-0.014091266,-0.032932285,-0.015600971,-0.028393583,0.002047686,-0.046105336,-0.0490963,0.02061798,0.014907842,0.024436066,-0.04268854,-0.004336674,-0.028447023,-0.031010691,0.0099988645,-0.013471563,0.012224782
0.011644929,0.039387137,-0.013128409,-0.04098575,0.02475961,0.02004037,-0.018903594,-0.034873523,-0.075186424,0.024807189,-0.025865909,0.022460846,-0.0467781,0.021344697,0.017933255,-0.02830695,-0.017795863,-0.013161405,0.00038000732,0.01661476,0.031587355,-0.04585692,-0.026197914,0.0044624847,0.0067719887,0.034265537,0.039691992,-0.038415167,-0.033154707,0.019689282,0.014726308,-0.07017494,0.02280449,0.030494861,-0.092987426,-0.010568523,0.004598676,0.0002472515,-0.05793221,0.00019483786,0.042771533,-0.00023607934
-0.0724449,-0.037027664,-0.025997223,-0.046585917,0.0011943576,0.039006107,0.0027863462,-0.05837428,-0.038485523,-0.0818442,-0.032537334,-0.081879936,-0.009945808,-0.027132094,-0.032722764,-0.05906653,-0.041518472,-0.025815211,-0.0604664,-0.078294635,-0.051190633,-0.025044002,-0.04774172,-0.056102194,-0.056874674,-0.011689173,0.01896283,-0.06297743,-0.06540336,-0.04233302,0.057818875,-0.06563063,-0.0053598844,-0.05586363,-0.050798886,-0.011025667,-0.040746775,-0.06207119,0.01605308,-0.075877704,-0.035703942,-0.069322586
-0.06899442,-0.020607814,0.010926532,0.062572934,0.05126813,0.057456955,0.05982348,-0.061479893,0.05854897,0.028560279,0.0030568375,-0.034312706,-0.025719564,0.060860325,0.030176045,0.049156286,0.008435875,-0.025438452,-0.0037557113,-0.041899282,0.034241896,-0.025924856,0.038512114,0.06675227,0.056704044,0.023828272,-0.021663314,0.069315836,-0.04481774,0.062551685,0.022409964,-0.084880516,-0.023842214,0.058011245,0.044589214,0.051840156,-0.025333572,-0.05894163,0.019480167,0.024212923,0.02768488,0.06611279
0.01404699,0.013106609,0.0096320035,-0.01393464,-0.006274174,-0.008586312,-0.0040571624,0.013062634,-0.017497562,0.03565236,-0.008739384,0.072669834,0.048731003,-0.005937775,-0.047297288,-0.0046139923,-0.07278273,-0.04160945,-0.02291817,0.03236023,-0.045194834,-0.054112248,-0.052033707,-0.07257394,0.047336213,-0.0035767967,-0.078898475,0.06084392,-0.051882394,-0.01014034,-0.05443456,0.04808163,0.03852846,-0.023065595,0.009241512,-0.0548773,-0.042929802,0.027565949,-0.019405857,0.02919894,0.00037394554,-0.070155926
-0.011778602,0.020222617,-0.008320647,0.034878306,0.0675866,0.017946431,-0.029967641,0.012649064,-0.057918254,0.058896914,0.052840006,-0.00088747096,0.03889298,0.053052068,-0.0022551478,0.060428463,0.002847045,0.017272422,0.056072623,0.0018495762,0.022773137,0.03226229,0.07915603,-0.021045994,-0.0072821393,0.037144408,0.020532692,-0.024646621,-0.048319057,0.007996258,0.032398537,0.030382827,0.0393492,-0.017283477,0.06322091,0.02005527,0.07422103,0.04626195,-0.029150868,0.064693406,0.042817216,0.06657556
0.04827747,0.038011182,-0.007397292,0.028166423,0.038742594,-0.0068329787,-0.031154683,0.014375662,-0.0033183028,0.056323912,0.036565945,0.013863062,0.00816073,0.020526463,0.030903118,0.05234288,-0.012993995,-0.012112748,0.06819532,0.026138028,0.018985787,0.03927634,-0.05977867,0.020220697,0.068106174,0.04828994,-0.06131398,0.03445084,-0.023393266,-0.002008576,0.035303857,0.058147557,-0.017419279,0.055620573,-0.01385266,-0.013335045,0.046624,0.0251079,-0.006729875,0.009983347,0.03974473,0.016146759
0.015404693,0.00012302258,0.02854233,-0.04421549,-0.04063441,0.019206565,0.012026549,0.072431944,0.03197874,-0.07015976,-0.05885053,-0.033345032,0.032192778,0.058373585,-0.072347455,0.020207178,-0.0025556919,-0.07315875,0.043601878,-0.02948681,-0.010036482,-0.06290521,-0.004695892,0.010061198,-0.012635898,-0.05241536,-0.05302113,-0.08259499,-0.012577862,0.023304226,-0.0043176347,0.014753531,0.044951048,-0.0024449683,-0.034468517,-0.04797508,-0.0051335488,0.012377036,-0.06034463,-0.035832413,-0.052879322,-0.02655389
-0.0034627968,0.0114665935,-0.048218716,-0.018783642,0.022169095,-0.033439334,-0.015675895,-0.013565087,-0.053808704,-0.027850524,-0.029645152,-0.06105433,0.029071935,-0.027299976,-0.034303192,0.030621614,-0.020373153,-0.03570519,-0.024895499,-0.021828612,-0.0050156065,-0.01632072,0.0034439866,-0.010699457,0.046148557,0.041110188,-0.06518784,-0.0065955506,-0.047405872,-0.010820457,-0.027644215,0.013985428,0.036340985,0.027169049,-0.051327754,-0.055216935,-0.017478395,-0.013487181,-0.0026877047,-0.040367845,-0.035090625,-0.006710778
0.0025238064,-0.02528926,-0.053033613,-0.07533282,-0.016318912,-0.05322628,-0.038999874,-0.02734614,-0.015984265,-0.05255168,-0.056771073,-0.035161756,-0.059912093,-0.06606773,-0.057914153,-0.06189358,-0.073368,-0.082317166,-0.050728805,-0.01814521,-0.060671136,-0.01135303,-0.06128809,-0.06974903,-0.056102004,-0.032344006,0.0036477514,-0.053870533,-0.02945421,-0.037275787,-0.05297858,-0.026502747,-0.057865623,-0.018272681,-0.0014845271,-0.05716709,-0.06349588,-0.067448534,0.014522022,-0.07006043,-0.05502244,-0.06598717
0.07353278,-0.012772359,0.055582277,-0.018825376,0.047811512,0.04506103,0.04091709,-0.0034512638,0.011890121,0.039129566,0.08025178,-0.035786636,0.05651556,0.05833723,-0.067893334,0.056814577,-0.046610173,0.019629866,-0.017690696,-0.020259093,-0.0443164,-0.0023319798,0.032141034,0.08302862,0.029300785,-0.022854866,0.075178504,0.017229868,0.06505034,0.05302825,0.08153399,0.080855586,0.06486064,-0.06292473,0.0042592394,0.039788634,0.003638125,0.08303965,0.08323522,0.077401824,0.032215975,-0.05287078
0.0072242334,-0.0228587,-0.083518185,0.025535258,0.051080756,0.07238131,0.053981796,0.032166343,0.061487444,0.021810103,-0.05371788,0.0129102,0.02746296,0.021002168,0.0605648,0.023127584,0.04367104,0.022184338,-0.014814822,0.037473593,-0.060543887,0.078964084,0.022705335,-0.034992628,-0.018715316,0.024904026,0.010020746,-0.014410399,-0.028129231,0.06607484,-0.010612243,0.017515834,-0.02827754,-0.07295915,0.029450595,-0.004929471,0.080914415,0.046074316,0.07820143,0.00016843833,0.032828946,-0.025179373
0.030565135,0.037043337,0.009953694,-0.009567528,0.008686502,0.020601543,0.04021208,-0.051608365,0.038627557,-0.012968228,0.00043741736,0.057162806,-0.011487903,0.03521779,-0.008616857,-0.0037875269,-0.03430302,0.02181908,7.643698e-05,0.002029799,0.024145534,0.026987337,0.03497761,-0.059085187,0.0075750034,0.042731643,0.042458694,-0.029170752,0.017223999,0.03762572,0.022021867,-0.059951637,0.034986824,0.041124463,0.027864814,-0.020188453,-0.043173265,0.04536222,0.061264306,0.027731858,0.000786055,-0.039464854
-0.035640854,0.052590895,0.021658394,-0.05635875,-0.0786992,0.019826781,-0.014291484,-0.047610924,0.054680686,0.00025052266,-0.0726132,-0.023781428,0.0052871173,-0.0032276402,-0.041584417,-0.07965405,0.028044252,0.040969167,-0.03773186,-0.015501921,0.06439321,-0.020975923,0.065506086,-0.049283177,-0.05982735,-0.030574223,-0.05500689,-0.054673497,-0.0690579,-0.01655536,-0.033947602,0.03481993,0.034602396,-0.017382959,0.037415687,0.0053139883,-0.06099225,-0.04474608,-0.0060118833,-0.0073723025,-0.0057290606,-0.04982432
0.02817138,-0.005893795,0.06459973,0.02910795,-0.027011774,0.04228696,0.016523885,0.053857155,0.04849016,0.010265048,0.016407143,0.039434724,0.008948466,-0.013528186,-0.060206577,-0.039204467,0.052694455,0.036650892,0.025439443,0.055221383,0.050845128,-0.06236335,-0.07360677,0.05087454,0.06061857,-0.035549026,0.048567224,-0.00043773025,0.004649446,-0.04709194,0.028188229,-0.023812326,-0.028819377,0.053185426,0.042649712,0.040415343,-0.011650004,0.047873434,0.02130334,0.06275011,0.027756782,0.04383215
0.06686292,-0.012953286,-0.0027144717,-0.052809596,-0.027849559,-0.059318747,-0.007577049,0.016458718,-0.03222571,0.06981964,-0.039380994,-0.0029045793,-0.049929235,-0.084095344,-0.051956404,0.031038787,-0.011171068,0.030880095,0.008101078,-0.014998365,-0.012904193,-0.0015961627,0.039020337,7.1873845e-05,0.042037174,0.0056340112,-0.026567098,-0.035362307,0.009159373,-0.039886847,-0.058953226,0.060151324,-0.024308877,-0.040687967,-0.04358474,-0.021175278,0.02438304,-0.0318682,-0.032935303,0.07545471,-0.070064574,-0.029060703
-0.026232203,0.01006411,-0.01150857,-0.060082126,-0.015490667,0.0101882005,-0.017410602,-0.020483645,-0.04170983,0.00858127,-0.018204244,-0.031197214,-0.029671108,0.016348258,-0.050708,0.017831594,-0.063972354,-0.06243655,-0.060250286,-0.0028741925,0.00036289482,-0.05208412,0.044255245,-0.06424258,0.02509553,-0.07484294,0.06968119,-0.009235736,-0.05303816,-0.03669061,0.050075755,-0.019630771,0.0449567,-0.019398443,-0.055630047,-0.02474859,-0.04872114,-0.011456995,-0.018350635,0.015939552,-0.039410416,0.032857735
0.053850733,0.015078699,0.009088149,-0.012344885,-0.05448209,0.0045226556,0.05032263,0.031557176,0.005264003,-0.033039447,-0.0556798,0.026252097,0.024156839,-0.006538161,0.01947992,-0.045999706,0.031648852,-0.052507278,0.009759634,0.021521034,0.016212592,-0.0034163038,-0.019873725,0.0034984217,0.027370969,0.00083615346,-0.0027347896,0.014878865,-0.060329836,-0.0021091641,-0.020960823,0.038087387,-0.010714513,-0.033938188,-0.019440478,0.03209286,-0.009521429,0.0023936136,0.016670987,-0.0050936984,0.022259645,-0.0035733776
-0.023488136,-0.042507228,-0.05387025,-0.021334987,0.026656114,0.0018451522,-0.015057724,-0.0004967801,-0.0056117214,-0.013123797,-0.03399308,0.020788034,-0.040684443,0.021319838,0.041726355,0.041153587,0.044084664,0.03605715,0.040720582,0.017266901,0.0031322765,-0.04340885,-0.023311835,0.05665176,-0.035128847,-0.046917506,0.027647702,-0.02375894,-0.015666759,-0.048770625,0.021631429,0.038934674,0.06154385,0.041760992,0.025716767,0.031085594,0.011804328,0.021517461,-0.008571104,-0.005572488,0.037916165,-0.012014518
-0.004440901,0.07355285,-0.036604874,0.015522981,0.019262448,0.06870699,0.007117447,-0.034877747,-0.006206688,-0.03721752,-0.0019846323,-0.018470379,0.032364152,-0.035286,0.04303702,-0.08314656,0.027303867,0.01961742,-0.0142875295,-0.012209173,-0.02371209,0.05644392,0.03961623,-0.018137205,0.017433217,0.076793276,-0.05208647,-0.016814504,-0.003650554,0.01024484,-0.015549558,-0.036668405,-0.047555294,-0.028051466,-0.013803725,0.034589052,0.016425429,-0.0036668738,-0.045561645,-0.020439493,0.03169567,-0.007901125
-0.009623883,-0.062563166,-0.06726271,-0.06616998,-0.0366067,0.007614385,-0.049819034,0.07234385,-0.041688796,-0.013989083,0.002962887,-0.041102502,-0.04201902,-0.012625272,-0.01547305,0.027572723,-0.01371066,-0.059160836,-0.0679236,0.023115125,-0.06688628,0.0032012945,-0.07344612,0.0074114185,-0.07393056,-0.06747559,0.004585699,-0.012580543,-0.0036271785,0.010963706,0.013051508,0.07172793,-0.019280374,-0.0011049773,-0.072170414,-0.033831097,0.005287755,0.008273096,-0.06475252,0.0066161733,-0.050857097,-0.0465461
0.08511231,0.053565152,0.027823405,0.017563865,0.07595266,0.035719074,0.072092466,0.03704206,0.0668795,0.042186633,-0.020571787,0.06935218,0.06121911,0.03860206,-0.020873042,0.027545841,0.07691119,0.08346897,0.08461104,0.039030116,0.08852349,0.046267685,0.044563252,0.06622254,0.081275254,-0.020557385,0.051709265,0.040673845,0.027945228,0.0023556796,-0.0367253,-0.031714465,0.07655371,-0.0036160625,0.074900344,0.080688685,0.07897068,0.072262116,-0.061216276,0.056111585,0.011684039,0.072991274
0.053349726,0.06883897,0.048592113,0.0746008,0.07225248,0.05267346,0.048131306,0.052747145,0.014788705,0.07640281,0.07670337,0.07080983,0.07277243,0.06536288,0.06083446,0.07295057,0.06338372,0.052059304,0.068336196,0.06072991,0.042527173,0.052657243,0.066243626,0.06932313,0.0706258,0.056048546,0.056322206,0.07971338,0.06546379,0.0795528,0.04381013,0.06276493,0.07999807,0.064788684,0.04090997,0.028949887,0.054596804,0.07441825,0.07757507,0.08830685,0.08321057,0.036263127
-0.072550245,0.0040519084,-0.00093715254,0.015549764,-0.07704076,-0.042789657,0.022267636,0.0013356208,0.005887991,-0.04763408,-0.049505558,-0.08174509,-0.014046295,0.03872403,-0.05593232,0.03225902,-0.01146472,-0.017870143,0.008831012,-0.09162573,0.02074708,-0.009666785,-0.062141873,-0.079097785,-0.006829127,-0.013431497,-0.078242,-0.03508945,-0.05953898,-0.0019036388,0.045745257,-0.030530816,-0.012155007,0.0046081357,-0.0008095387,0.01189166,-0.00058616785,-0.05495223,0.02728336,0.0037118415,0.017788282,-0.022167372
-0.034861844,0.047035683,0.061514813,0.029136576,-0.03040138,-0.021185184,-0.037321936,0.034844335,-0.07300241,-0.014704682,0.008488794,-0.015146007,-0.049604803,0.017063115,-0.015051916,0.054087475,-0.04481633,0.015076786,0.023968829,0.013736409,-0.015408097,0.022636088,0.068374895,0.004284971,0.05999504,0.057751734,-0.0058776424,-0.06999813,0.0050226655,0.013847585,0.014998897,0.008385684,0.024481995,0.05163809,-0.04849636,0.017817313,0.010243875,-0.0452528,0.04497913,0.062843755,-0.0051629418,0.017967805
-0.06809092,-0.015454986,-0.08456998,-0.027672801,-0.03862485,-0.07365019,-0.077594884,-0.059718747,-0.054088686,-0.073211126,-0.04477336,-0.08579262,-0.08239585,-0.077699,-0.05125022,-0.09350189,-0.07895335,-0.07249888,-0.08480124,-0.08812421,-0.09165604,0.025977137,-0.042712525,-0.080989614,-0.07123294,0.02707908,-0.03944786,-0.07183013,-0.0810519,-0.042132407,-0.06231758,-0.06905404,-0.06424552,-0.07256888,-0.045250174,-0.06333884,-0.07173732,-0.077879995,-0.081983216,-0.07388592,-0.020037988,-0.07080698
-0.026125895,-0.020357948,-0.06343206,-0.027808387,0.03579209,-0.06225378,-0.059115205,-0.004368285,-0.05246366,-0.03409625,-0.066826105,-0.08583823,-0.08437545,-0.022176847,-0.06532908,-0.021936802,-0.089494094,-0.07883325,-0.06669633,0.0036298924,-0.041045453,-0.064275354,0.06731805,-0.027995428,-0.051464997,0.035688724,-0.03325208,-0.07227551,-0.07112974,-0.033556722,0.0074713062,-0.020223398,-0.056254074,-0.07755974,-0.033515677,-0.08057651,-0.0784463,-0.07046072,-0.0839041,-0.039143886,0.02292649,-0.080144376
-0.009098178,-0.062040705,-0.062046953,-0.041466035,-0.027075386,-0.031929642,-0.03343599,-0.018762225,-0.033860635,-0.063497625,-0.04691598,-0.07160897,-0.060461305,-0.045225173,-0.049642734,0.01691824,-0.048318215,-0.01686187,-0.018761955,-0.0513606,-0.03312255,3.0397937e-06,-0.045805138,-0.02821761,-0.064532064,-0.01666862,-0.019350015,-0.0558778,0.0043493593,-0.03704965,-0.030697733,-0.04938229,-0.035081737,-0.07106706,-0.01428023,-0.035026822,-0.04086277,-0.051069442,-0.044725914,-0.026744543,-0.029790936,-0.07272764
0.013058178,-0.06774814,0.018434891,-0.013027168,-0.07543616,-0.027013717,-0.049186643,-0.02279124,-0.009379787,-0.006834434,-0.025212174,-0.0028957373,-0.036234636,-0.042567722,0.055797152,0.03098672,0.0037543545,-0.035474483,-0.03172997,0.038935166,0.011123559,0.017881753,-0.049690086,0.067878515,-0.0068794736,-0.021434931,-0.054068614,-0.02395087,-0.025372947,-0.07346177,-0.046246912,-0.022396164,-0.014118362,-0.0003074589,-0.041389305,0.0067967153,0.014761026,0.045560762,-0.057154424,0.017480686,-0.006172785,-0.0520165
-0.054290242,-0.018275537,0.006850331,0.020567259,-0.021708947,0.02073671,0.03843407,-0.05019038,0.035224464,0.02101898,-0.011761396,-0.0076370686,0.032173805,-0.023498537,0.014057546,-0.0430103,-0.0074500176,0.007520114,-0.033777602,-0.019657057,-0.054789633,-0.021924552,0.04218489,-0.008648755,-0.033168085,-0.014012467,-0.06017344,0.009860468,-0.013697501,-0.0062650684,0.014348892,-0.027870944,-0.014018677,-0.022119898,0.011606617,0.0052426425,-0.024612313,-0.020642657,-0.0034242116,0.021281024,-0.050889194,-0.028806593
-0.011789212,-0.029220201,-0.03523669,-0.044369385,-0.04541067,-0.0622697,0.0052673537,-0.044738263,0.034869883,-0.04967807,-0.06313673,-0.062361013,-0.07816329,-0.07247808,-0.06464934,-0.040757414,-0.013672007,-0.02214639,-0.04276882,-0.03514653,-0.036925085,-0.04976788,-0.04645356,-0.051209416,-0.07479327,-0.089472786,-0.034951158,-0.037046622,-0.016226135,-0.0559211,-0.029585663,-0.04377237,-0.048266023,-0.027072301,0.024638142,-0.035749704,-0.006946161,-0.0749973,-0.068636864,-0.019377386,-0.05265861,-0.071851104
-0.091568686,-0.018837325,-0.08747459,0.054628216,-0.017483952,-0.08157559,-0.0679361,0.010133722,-0.06936793,-0.080825664,-0.07554862,-0.0073913247,-0.08617135,0.055863492,-0.039287448,0.0005599565,-0.005950896,-0.061511002,-0.09104259,0.06486043,-0.033869237,0.01595389,0.041388888,0.0146525465,-0.07770144,0.07018524,0.04828281,-0.084306926,0.056195907,-0.010644093,-0.0613279,-0.07732636,-0.011564477,-0.03014634,0.028672965,0.0247278,-0.07857861,0.048840757,0.08243259,-0.060144052,-0.014392262,-0.07658141
-0.00885587,-0.043965112,0.023432547,0.0036906814,-0.03741937,0.046203587,-0.03303976,0.03989058,-0.03606521,-0.013119873,-0.058840655,0.08930395,0.0457936,0.09153938,-0.03576586,0.059227023,0.035933115,-0.030731294,-0.058573566,0.0136867,0.025309963,-0.06632215,0.0075600306,-0.018143192,-0.007121202,-0.08322966,-0.02050628,0.010327151,-0.032835867,0.05369708,0.06494668,-0.0011645972,0.038955644,-0.021983642,0.06790663,-0.0077427654,-0.06437467,-0.03644463,0.064710446,-0.021245832,-0.026720101,-0.014171171
0.025454234,0.022358268,0.052288625,-0.016372945,0.037252843,-0.08260188,-0.0119427,0.055472642,0.061806027,0.077159785,0.03825343,0.046319306,0.052173086,0.04406945,0.046743,0.03990587,0.02677883,0.053502202,0.059507925,0.057247914,0.08271615,0.022242127,0.023314182,0.05025774,0.042794093,-0.02159252,0.026635146,0.05190235,0.031656496,0.040765442,0.021738546,0.06435005,0.0025221442,0.051037304,0.044934444,0.039517447,0.014528373,0.021443905,0.057703085,0.06600977,0.04158379,0.053121347
-0.036007624,-0.060489543,-0.079193555,-0.06303308,-0.06251439,-0.022399113,-0.0684911,-0.070625536,-0.037419677,-0.074438676,-0.06877273,-0.080812514,0.0063981335,-0.06433673,-0.052663505,-0.09356896,-0.046230458,-0.03318353,-0.07495963,-0.07003041,-0.030614352,-0.037998598,-0.029653406,-0.060211327,-0.045167036,-0.06954182,-0.06945597,-0.07258848,-0.0468691,-0.05298388,-0.043837532,-0.076763585,-0.06254443,-0.06447605,-0.089719616,-0.07467773,-0.064790465,-0.05956234,-0.018095786,-0.08364955,-0.06313286,-0.07359047
0.027992511,0.03565603,-0.008328484,0.0011675972,-0.029356007,0.030472388,0.07053167,0.017071547,0.033039607,0.05493325,-0.018096792,0.039698143,-0.01914334,0.02094146,-0.036355376,0.055393845,0.005899467,0.0045273937,-0.05874298,-0.014356198,0.0082982695,0.06968473,-0.023533985,0.0034510263,0.03436985,0.06941594,0.053440984,-0.026468305,-0.06763208,0.040793967,0.004152294,-0.029675122,0.042638607,0.008982705,0.055039335,0.014565708,-0.057955585,0.060828682,-0.014761042,0.011405461,0.064376615,-0.020093512
0.001582084,0.021050503,-0.0080889305,-0.0424736,-0.023972122,0.04812911,-0.023728613,-0.068262115,-0.05262944,-0.046050977,-0.041268576,-0.0064535798,0.019841349,-0.015550543,-0.069899715,-0.044810027,-0.029175106,-0.01511773,-0.028723368,-0.0068206955,0.021285776,0.0012464069,-0.0038477555,-0.04391028,0.01670959,-0.017226323,-0.030820204,-0.05592581,-0.028554456,-0.042559657,0.016127072,-0.0534133,0.021778978,-0.015451596,-0.06277109,-0.054804333,-0.019890688,-0.026580151,-0.021381756,0.018916724,-0.04356038,-0.027498787
-0.05994944,0.096842915,-0.033517864,0.08710141,0.015254219,0.031009886,0.041720025,-0.058553092,0.0039583095,-0.05593289,0.048432693,-0.049750343,-0.057261284,0.026588691,0.024914982,0.020712474,0.022507137,0.016515102,0.019946352,-0.026692158,-0.038414825,0.09047298,0.047461677,0.008961092,0.014524037,0.0799584,-0.03909522,0.008339662,-0.04082612,0.04525636,0.03679869,-0.009965969,0.08517518,-0.047902882,-0.017935462,-0.008831318,0.006682921,-0.046674784,0.028718278,0.036517818,0.05576845,-0.06501317
-0.06702362,-0.06805745,-0.023988962,-0.05895326,-0.053850435,0.037953224,-0.06257107,0.0042853844,-0.004020933,-0.025703922,-0.028896052,-0.032961275,-0.0067105056,-0.03132421,0.01161695,-0.016704218,0.050551947,-0.051328257,-0.012911459,-0.009149926,-0.042510767,-0.052178226,-0.038180616,-0.03991525,-0.0075294417,-0.010177489,-0.06142821,0.01443842,-0.07066157,0.01489767,-0.003940338,0.041627772,-0.021921683,0.061769105,-0.059924856,0.028115563,-0.012611957,0.033945993,-0.047839556,-0.04282479,-0.022325112,0.029313833
0.024448536,0.05548561,0.032039817,0.007061521,-0.0007215576,-0.08302341,-0.06441736,0.08077402,-0.054281797,0.024887294,-0.008220361,0.026368018,-0.0039924122,-0.04297864,-0.013954062,0.0057338728,0.034158505,0.050540246,0.058196213,-0.0118015325,0.067405626,0.035574477,0.05595342,-0.03460942,-0.024543231,0.056288283,0.0044402904,0.014232935,0.014400213,0.020550868,-0.03385332,-0.00957714,0.00606626,-0.021951178,0.0028209023,0.07219779,0.041539956,-0.04557158,0.017088644,0.033694014,0.040223442,-0.010556606
-0.0370837,-0.04697395,-0.07705349,-0.022499386,-0.045489956,-0.035813384,-0.0524211,-0.03785958,-0.03409265,-0.056721155,-0.047695983,-0.05855679,-0.06580526,-0.04735753,-0.048324626,0.007356028,-0.03774638,-0.0012883967,-0.0375663,-0.047586262,-0.011043536,-0.03733369,-0.062351264,-0.025927974,-0.029318739,-0.03687739,-0.04322469,-0.048125573,-0.0535914,-0.029412726,-0.09050635,-0.042923104,-0.025379473,-0.07695116,-0.0561172,-0.016782992,-0.020349279,-0.06388399,-0.05505472,-0.0488436,-0.045667972,-0.07075859
0.02077416,0.09466916,-0.051807646,0.087239645,0.035074163,-0.023187757,0.026954798,0.066581346,0.021230731,0.063784055,0.010743428,0.016741224,-0.04556661,0.04128076,0.075130805,0.010715058,-0.028841913,-0.06998475,-0.00041064993,0.024760716,-0.02371209,0.0912807,0.004687088,0.013795539,0.03245582,0.08381086,0.058105566,0.052841485,-0.024175227,0.058106523,0.019290965,0.008525925,0.07041826,0.063601956,-0.011147528,-0.0055453316,0.022362512,0.030026281,0.0065387757,0.07041385,0.039851017,0.041196216
-0.030821927,0.0015871063,0.031735525,0.019966949,-0.01559558,-0.04990851,0.010315523,-0.04168031,-0.018481687,0.02339576,-0.015599285,0.014000518,0.021699795,0.04595376,-0.002979932,0.086643584,0.018001799,0.026465163,-0.032694086,-0.033286776,0.0024604558,0.046820223,0.012863762,0.02801914,-0.0067847855,-0.042075977,-0.003070671,-0.014327925,0.017243808,0.059975304,0.042243574,-0.023622276,0.038048256,0.006657402,0.006850114,0.018354638,-0.039482653,0.030377662,0.017932568,0.06294323,-0.002639619,-0.044390608
-0.00986028,-0.039677482,0.040604606,-0.008746697,-0.06965529,0.033935957,0.020932807,0.020676987,0.016438711,0.02720814,-0.005689289,0.040756218,0.059481908,0.003153838,-0.012192907,-0.04598,0.036190156,0.037585177,0.019179815,-0.020529522,-0.0045407717,-0.0094063645,0.018948497,0.014952832,-0.0012471828,-0.03897178,-0.04254439,0.0075393543,0.048027992,0.027265036,-0.047889166,0.04081255,-0.0035184573,-0.060673434,-0.03766255,0.062397983,-0.029253699,0.042307366,0.0382713,-0.027884174,0.045737304,0.05276096
-0.069482416,0.0010927814,-0.010244135,0.01084054,0.02587174,-0.0013616652,0.03067284,-0.02101088,0.008569761,-0.035167646,0.006394305,-0.013116979,-0.054943237,0.0077932994,0.0055058934,-0.041972227,0.048388034,-0.005273326,0.01336948,-0.013451833,0.02648901,-0.054899886,-0.026320893,-0.00085574837,-0.026685083,-0.006433124,-0.0030837741,0.033717684,-0.0434396,0.0018758837,-0.018350154,-0.011146677,-0.05761206,-0.0065082265,-0.015150157,0.0058359387,0.006439937,-0.013347624,-0.034111187,0.019142233,0.0016755601,0.012565585
0.013965696,0.057802845,0.038416702,0.0125584295,-0.03520875,0.06754114,0.020565588,-0.052345697,-0.008901252,0.011435687,-0.04079732,0.020241788,0.0017752219,0.04459832,-0.032130543,0.06466142,0.014929993,0.06597999,0.060157664,0.02791976,0.021350138,0.011483004,0.024020027,0.02274948,-0.03545013,-0.03863337,-0.008178387,-0.008470008,-9.6218304e-05,0.027558027,-0.060945377,0.04637876,0.06423496,-0.02482848,-0.030111691,-0.006676978,-0.008248217,-0.009913262,-0.027616503,0.07532366,-0.03466217,0.032586463
-0.0031513574,0.025070062,0.0018122097,0.0039867507,-0.006016805,0.008547542,-0.026511673,-0.034634955,0.025537554,-0.012668453,0.01952295,-0.009948954,0.071470834,-0.008323852,-0.047033895,-0.03929454,0.014075469,-0.050251275,-0.052456632,-0.010559244,0.027504198,-0.0076895296,-0.04734014,0.008565094,-0.020338569,-0.025033314,-0.069889046,0.06114555,-0.07648309,-0.03897559,-0.05451598,-0.014101773,-0.04310194,0.03661836,0.0757924,-0.062841795,0.041883808,0.02926896,-0.032732252,-0.06406479,0.030391723,-0.03875474
-0.0016877208,-0.010420904,-0.01821542,-0.056548215,-0.028290264,-0.013381254,-0.04338854,-0.028362967,0.040497623,0.00024606774,0.0130645335,0.0034243376,-0.0010520046,-0.039578304,-0.040461775,-0.04253229,-0.02978893,0.0037575068,-0.0016353317,0.0045839036,-0.03839507,0.03745449,0.0018521735,-0.06802116,-0.039979246,-0.04243694,0.018177174,-0.03947123,0.012247087,-0.03625258,0.008505171,-0.011711232,-0.009569489,-0.004919219,0.06005743,0.03572017,-0.008113974,-0.042564873,0.010459646,0.054802313,-0.031743564,-0.03621972
0.031003635,-0.075582266,0.025907245,-0.057244945,-0.044998027,-0.0667532,-0.059933525,0.0015106507,-0.05177448,-0.051914625,0.039582916,0.06480331,0.0032821237,-0.011846242,0.036459543,0.011685733,-0.005491948,-0.029658232,0.008922859,-0.0088147,-0.03035818,-0.07256035,-0.0054961364,-0.050801452,0.017103394,-0.08086075,0.04319864,-0.07115238,0.02092372,0.019248627,0.028673725,0.08115213,0.0478088,0.058823384,0.05093462,0.018430507,0.015949667,0.032288812,-0.03574427,-0.011337189,-0.04865308,-0.02746555
0.094209865,0.09205996,0.09119428,0.08488567,0.033009075,0.03060554,0.08667015,0.06268184,0.079406,0.08287338,0.08993475,0.09023958,0.08889675,0.046918448,0.07031606,-0.01085896,0.09190714,0.097387075,0.09354783,0.03580704,0.08482612,0.08649529,0.07640178,0.08365106,0.07158795,-0.039828528,0.075641215,0.08573063,0.083698615,0.08378806,0.043145146,0.08500511,0.076139815,0.07886785,0.094622746,0.08682322,0.08417117,0.085281424,0.08610556,0.034801606,0.074646845,0.082283586
-0.024115767,0.024575608,-0.03436345,-0.05047303,0.047671158,-0.014204283,0.021362323,-0.047875624,-0.0005446769,-0.05802056,0.028136529,-0.037379477,-0.012763421,-0.004024331,0.0008724737,0.015973706,-0.0076095206,0.07777968,-0.010119944,-0.018052565,-0.04309897,0.04739909,0.071386635,-0.06798112,-0.0464073,-0.023777537,-0.005320633,0.0011308771,-0.048682783,9.5682044e-05,0.0077676075,-0.01762584,0.011109319,0.0036310013,0.024295526,-0.014366293,-0.044207327,-0.054376654,-0.065685995,0.05245314,-0.020625442,0.002163892
-0.05861012,-0.063395545,-0.044724297,-0.01429906,-0.0626547,0.005195363,-0.04940332,-0.06556564,-0.030451098,-0.04431546,-0.034695834,-0.014240817,-0.029155206,0.0050714207,-0.06607812,-0.04893648,-0.017011369,-0.041202057,0.04083116,-0.04129873,-0.04786257,0.009796074,-0.06393301,-0.07286035,-0.0073485547,0.054888435,-0.057594426,-0.076063395,-0.05031926,-0.06284882,0.057395052,-0.038258426,0.009863705,-0.059683118,-0.076546416,-0.04939645,-0.04251188,-0.029616006,0.024118684,-0.030803848,-0.008601324,-0.056014206
-0.010173711,-0.018802606,-0.029635875,-0.021737764,-0.08227691,-0.048322875,0.05032905,0.03982109,-0.0560967,-0.03914569,-0.046116654,-0.0034783422,-0.04283102,-0.0021583852,-0.037333496,-0.021181302,-0.014838486,0.051648967,-0.018610312,-0.09214793,-0.009653717,-0.0141708655,-0.053654917,-0.053046506,0.04546137,-0.07526902,-0.07813564,-0.024926482,-0.021989468,0.05679597,-0.06510238,0.01366624,-0.0712862,-0.027259098,0.034108818,-0.019882187,-0.049884025,0.012194285,-0.011461737,-0.009928448,-0.030017115,-0.049733397
-0.0014557631,-0.018158112,0.08613061,0.082615875,-0.031262875,0.070393875,0.02372022,0.002736123,0.058359977,0.074298665,0.008763835,0.049440876,0.08152619,0.09079288,0.074095644,0.026052142,0.07543164,0.08743699,0.040205695,-0.0017615913,0.087638974,0.017585112,0.028735848,0.055026405,0.0025699027,0.019688452,-0.06321368,-0.019360915,0.03813001,0.0052472386,-0.060734615,-0.029353103,0.02789946,0.05792948,0.075999506,0.07582744,0.016726088,-0.031281263,-0.075195886,0.011490595,0.078036785,0.071958855
-0.027983775,0.016093295,-0.0037528425,-0.054257818,-0.047565732,-0.05547974,-0.0668536,-0.004445845,0.027740287,-0.06315023,-0.04530961,-0.042421643,0.030460643,-0.04488387,-0.034250326,-0.03553071,-0.02655958,-0.06932218,-0.025314113,-0.050056674,0.01793673,0.044601273,-0.007449665,-0.01484252,0.0023941079,0.013910645,-0.052728094,-0.011974004,-0.062469665,-0.04200842,-0.02740386,-0.048005458,-0.0062887343,-0.060984213,-0.0038417932,0.0028220306,-0.05532695,-0.025852768,-0.025684562,0.02039243,0.022836776,-0.05527417
-0.019364364,-0.042263575,0.028245516,-0.041304965,0.035806984,-0.04401937,0.005122947,-0.024656681,-0.02463852,0.020936947,0.009504615,-0.042911258,0.00024045657,0.04713258,0.0047269994,-0.03316475,-0.032562565,0.044656217,0.04886936,0.048100166,0.033094697,-0.025667293,0.006732072,0.018564785,-0.039782327,-0.02662457,0.0215468,0.035279676,0.045654114,-0.062220152,-0.040621452,0.04162253,-0.05798431,0.03228264,-0.05173675,-0.0042561223,0.057666358,0.00095757435,0.011190262,-0.02228117,0.005223814,0.011934188
-0.07388549,-0.045899972,-0.047435343,-0.020133343,-0.037238277,-0.021371517,-0.028371379,-0.01065844,-0.002034822,-0.060598433,-0.0032009103,-0.02319624,-0.06574963,-0.03579169,-0.04806794,-0.038948774,-0.04725763,-0.066882975,-0.07574948,-0.035528816,-0.067067206,-0.05050901,-0.069120884,-0.039846048,-0.040800795,-0.043525197,-0.0058794417,-0.0549213,-0.042721897,-0.073344566,0.006141898,-0.060220215,-0.03876575,-0.016977813,0.028618814,-0.009847183,-0.069331385,-0.03402548,0.0024102295,-0.05870694,-0.047798693,-0.055008225
0.023717174,-0.033905838,-0.019956978,-0.05450255,-0.009587111,-0.013359414,0.030326866,0.0073202383,-0.002612187,0.017137768,-0.055943478,0.0062633385,-0.014549557,-0.027324324,-0.013546785,-0.042570174,-0.04442066,-0.042706255,0.020061681,0.018266147,-0.0042081205,-0.032368395,-0.03236407,0.044861417,0.011772822,-0.011786798,-0.004677167,-0.03854766,0.03407669,-0.0023994404,0.0010777867,0.006706383,-0.064111635,0.0013140287,-0.08006593,-0.008334233,-0.024052953,0.0016594995,0.027160136,-0.022483403,0.014446154,-0.009400833
0.049627993,0.0026117463,0.046383124,0.0001146709,0.049570914,0.009073752,0.0022763675,0.08063564,-0.005516497,0.052843075,0.06615376,0.04175654,0.06490163,0.08138954,0.018956436,0.0029788255,-0.050042238,0.034051325,0.06255841,0.05615841,-0.042483494,0.023554921,0.020354323,0.039187256,0.04639428,0.047726914,0.06607929,0.008134739,0.04745772,0.012572008,0.06078239,0.049235187,0.025753211,-0.0040082615,0.074391834,-0.029101634,0.0640631,0.035449073,0.04602546,0.05789169,0.047364112,-0.012405683
0.0019784607,-0.06552922,0.019504758,0.022148445,0.019586189,0.034798715,0.038209382,0.015001789,-0.010365139,0.0012326108,0.06802312,0.036224443,0.031710617,0.040657908,-0.014123198,-0.00095905137,0.032633513,-0.015644137,0.024625126,-0.020333849,-0.021474194,-0.029363137,0.023191316,0.030021135,0.026599774,-0.030068012,0.0069740354,0.025219027,0.028190488,0.033205245,0.0128116235,0.050632473,0.07756667,0.022377238,-0.02628194,0.05848224,0.06301833,0.037667714,-0.001952471,0.013603576,0.060954172,0.0587746
-0.039331846,-0.008821159,-0.019954253,-0.017206632,-0.012494386,0.04339895,-0.009276118,-0.035536695,0.025704823,-0.008319591,0.048720308,0.0068964707,-0.042134166,0.08540535,-0.05714463,0.03600082,0.0075836,0.059049524,0.029774033,-0.057220545,0.03805306,-0.027620897,-0.0040821177,0.005437791,0.03933535,-0.0048267394,-0.018430179,-0.023413863,0.02340712,0.0046487805,0.05154199,-0.014218468,-0.040636785,-0.03893929,-0.048672136,-0.03388159,0.0018057248,-0.033927016,-0.0010571058,0.0037369046,-0.05907713,-0.021645036
-0.002692742,-0.0009909025,-0.058431923,-0.020178402,-0.054343928,-0.09284146,-0.036362953,-0.048177414,-0.019661432,-0.07585375,-0.007922598,-0.07414472,-0.032701965,-0.0094572315,-0.007547203,-0.043959975,-0.039942484,-0.032562286,-0.062268436,-0.052768894,-0.07536778,-0.005257065,-0.020973634,-0.026156228,-0.046075072,-0.03348406,-0.047487378,-0.05884441,-0.067451485,0.007499586,-0.07915659,-0.07161989,-0.06463016,-0.040834647,-0.078386195,-0.06539616,-0.061553307,-0.057328947,-0.016629657,-0.061527133,-0.05534994,-0.05246213
-0.013910552,0.042868733,0.0060958983,-0.027085986,0.037536193,-0.022502795,0.012108134,0.029373461,-0.00018484397,-0.012905805,0.053660166,-0.035092004,0.004852749,0.023923023,-0.013745053,0.03863802,-0.06439924,-0.036143444,-0.017586404,0.00957238,0.0037507608,0.05663042,0.027272789,-0.013268382,0.036248982,0.035865586,0.022918083,0.0052331616,0.06653713,0.029457068,-0.028902309,0.02469782,-0.026597718,0.03555575,-0.050066896,-0.053294923,-0.06448178,0.06810716,-0.0051416596,-0.07102618,-0.04059317,-0.022788413
0.074974336,0.09840367,0.09136772,0.08691727,0.08237203,0.12810105,0.09123857,0.08785226,0.0766473,0.086646356,0.09000805,0.09137755,0.08845768,0.0922144,0.08118843,0.10595736,0.09217128,0.101760395,0.09471461,0.09208039,0.0995686,0.0913095,0.08368206,0.083679445,0.08501699,0.091955595,0.07991982,0.08570426,0.083997235,0.08688257,0.10770184,0.08572589,0.08600657,0.078759715,0.105601974,0.08721104,0.08514794,0.08507732,0.0855252,0.092128195,0.089355126,0.08225466
0.024935115,-0.0054146587,-0.04421065,-0.03422025,0.015134753,-0.012808888,0.0063114534,0.04434259,0.070412956,0.012829656,0.028439714,0.05486866,0.048503973,-0.0017203377,0.059625648,-0.042198274,0.016178314,0.04210604,-0.026300844,0.0395682,-0.045652527,-0.0053047417,-0.019860419,-0.024513371,0.028756144,-0.013772018,-0.042516805,0.040825944,-0.05880996,0.03677571,-0.04582928,-0.021008613,0.023393659,-0.012233003,0.024869513,0.013577431,0.057602026,0.048118986,-0.019062236,-0.0194377,-0.01945323,-0.014250627
0.027426502,-0.02709721,0.013790785,0.0032421642,-0.06976488,0.047161564,-0.013969178,0.02734475,-0.025617346,-0.039354526,-0.02043739,0.06522309,-0.043819275,0.025507225,-0.066606194,-0.03391494,0.07777033,0.07607822,-0.041951466,-0.051604602,0.04290433,-0.04458522,0.052873887,0.03821166,0.01679367,-0.036314063,-0.04719276,0.03199364,-0.056091864,0.046435438,0.04078704,0.041547358,-0.0359185,-0.02059375,-0.04572696,0.04401958,0.022338334,0.005396229,0.04586678,-0.01227301,-0.06707828,-0.04083364
0.016364455,-0.014493877,-0.0026565893,-0.025976768,0.030591775,0.048876233,-0.009047948,0.061289255,-0.014075281,0.015072483,-0.049491983,0.033546716,-0.06399046,0.049661636,-0.027041346,-0.020514669,0.034667116,-0.03711798,0.011385532,0.07243885,0.06658484,-0.045440078,-0.048679944,0.053795796,0.040905,0.05025345,0.019659312,0.021026364,0.022692038,0.0028823456,0.027208004,0.06653542,-0.030673701,0.063433416,-0.04172685,0.029840456,-0.023714531,0.030046852,0.010824087,-0.037912775,-0.02915836,0.04866884
0.008140019,0.08498261,-0.07933754,0.008250704,0.026384361,0.06835276,0.060690507,-0.021523321,0.07333493,0.0249871,-0.062029265,-0.03350647,-0.026206467,0.010172381,0.0038855707,-0.029997973,-0.04259594,-0.019684875,0.018121883,-0.018600652,-0.058435287,0.03260295,-0.055106647,-0.010167336,0.057975404,-0.039880645,-0.060552187,-0.057999406,-0.034671925,0.062903404,-0.05470733,-0.06380077,-0.06259051,-0.067170195,-0.028042434,0.027476605,-0.0064750067,-0.057617363,-0.023374153,-0.030841788,-0.0016372589,0.004690652
-0.029728724,-0.0747042,-0.075358495,-0.06539383,-0.06169875,-0.056026284,-0.070456564,-0.06961762,-0.064390324,-0.06917499,-0.04786428,-0.04198285,-0.06611822,-0.042088762,-0.056015518,-0.046771105,-0.052953187,-0.03921084,-0.062256712,-0.07787621,-0.059985135,-0.04239696,-0.050078545,-0.07445672,-0.06967241,-0.06924929,-0.029799063,-0.069142565,-0.050211478,-0.036354017,-0.028706996,-0.07744555,-0.042253356,-0.043964643,-0.056420837,-0.061825275,-0.062814176,-0.04312654,-0.04015443,-0.017796766,-0.051528603,-0.065911345
-0.027155852,-0.026293974,-0.04729522,-0.044328824,-0.045976344,-0.035568252,-0.039762616,-0.041852105,-0.04582561,-0.06789314,-0.0028321021,-0.038468875,-0.037339002,-0.03652641,-0.059637472,-0.08826735,-0.05153425,-0.02809299,-0.04034179,-0.048973925,-0.062403727,-0.045686707,-0.073389076,-0.040411137,-0.012709653,-0.012271774,0.0005051429,-0.01723557,-0.065353245,-0.037209015,-0.062390283,-0.013679663,-0.07779625,-0.04188095,-0.031962913,-0.03586519,-0.035309974,-0.01486005,-0.036903914,-0.067645386,-0.043984525,-0.041939043
0.06007466,0.009832614,0.035865974,0.039532453,0.016864762,-0.0020999752,0.02881731,0.045025993,0.015284285,0.03972076,0.040395476,-0.030380378,0.06250789,-0.009659051,0.04592668,0.05353734,-0.014742577,0.029813604,0.03340491,0.036119185,0.022511318,0.029504776,0.014125067,0.064717144,0.06765055,-0.00866618,3.4369863e-05,0.017734377,0.044238668,0.02655896,0.020353379,0.036599223,0.05535161,-0.012370019,-0.0066781472,0.003353422,0.049748685,0.030717738,0.009515949,0.037625458,0.02819373,-0.00038184226
-0.031367067,-0.087509975,0.033160817,-0.028127726,0.056408867,-0.028910227,-0.00982882,0.0015335178,-0.06729877,0.00861531,0.010055527,-0.034567855,-0.024929557,-0.0015165362,0.046356276,0.07669573,0.08094619,0.036819782,0.052504797,0.0034761585,0.039866634,-0.078285344,-0.05563545,-0.005332635,0.04261394,0.007191196,0.028319208,0.023329193,-0.059937473,0.03910169,0.028213918,0.08185565,-0.068279505,0.043152023,-0.0061164396,0.07319779,0.0111974,0.06991176,0.048190318,-0.0041340105,0.01608945,0.05968308
-0.013764826,0.012146829,-0.061231714,0.019125015,0.034406405,0.015385996,-0.019279506,-0.01955075,0.039071627,-0.032511435,-0.011473782,0.014593338,-0.03999771,-0.018646115,-0.034200612,-0.06316601,0.05779999,-0.05046496,0.024970438,-0.01664181,-0.03432575,0.05167955,0.03611455,-0.04031034,-0.01611431,-0.004249482,0.02996685,0.017629843,0.024905967,0.021413527,0.041377425,0.005245767,-0.0010518903,0.001994529,-0.024022907,0.0036480827,0.040573068,0.00988069,0.0017391163,0.017005743,-0.02074357,0.025687784
0.069402546,-0.026987782,-0.0135231465,-0.042034212,0.046795174,-0.027542429,-0.034954444,-0.052665696,-0.004042837,0.030135974,-0.060480006,-0.026007283,-0.07773216,0.009640481,-0.023420885,-0.03062461,0.002280295,0.0397106,-0.0045636604,-0.04349493,0.026541732,-0.049989574,0.07112134,0.030361183,-0.056221217,-0.042888626,0.050715987,-0.04280488,-0.060644872,-0.08243941,0.020934822,-0.056639805,0.018881902,0.0017569917,0.026526537,-0.058871534,0.03183619,0.045479935,-0.06710423,0.018401086,-0.025899393,-0.014559807
0.04510732,0.03796938,0.060167808,0.031898882,0.08220347,0.044943918,0.07480364,0.034715064,-0.008854428,0.04125811,0.07778694,-0.033087984,0.072736844,0.0330549,0.073823884,0.042812344,-0.04448258,-0.0010337582,0.029593663,0.09214547,-0.003777655,-0.015338777,-0.0671668,-0.0023207315,0.045666583,0.08185899,0.07871541,0.06866882,0.008257608,0.07330752,0.013863492,0.055768203,0.07250058,-0.062038552,-0.0056680264,-0.051954746,0.036983322,-0.06754347,0.04992039,0.058013115,0.04969648,0.050704647
0.049435128,-0.050650787,-0.028586388,-0.059987202,-0.0134225255,-0.098297894,-0.053015877,-0.0048640063,0.022719668,0.022334531,-0.039700154,-0.03283928,-0.033632543,0.017120732,-0.012910587,0.06234156,-0.046429668,-0.03562103,-0.02376703,0.0044245142,-0.032591853,-0.022105036,-0.026945462,0.027054876,0.026115218,-0.05253189,0.036528375,-0.008979361,0.035150517,-0.04146751,-0.031207312,-0.02422659,-0.025659762,0.053491578,0.04290243,0.0016951973,0.011367287,-0.009617298,-0.0072328504,-0.011770065,-0.04553722,-0.037154477
-0.0343903,-0.028194025,-0.04942013,0.061898682,-0.023014344,0.015668763,0.08077659,-0.04834286,-0.02951164,-0.005746573,0.052502695,0.023406297,-0.05382977,-0.018122485,-0.03791243,-0.04376885,0.028899971,0.031220272,-0.062980115,-0.049600232,-0.018479662,-0.05660831,0.04041318,0.013255141,-0.043595616,-0.06519094,-0.009042554,-0.035716996,0.013099038,0.029314008,0.008867028,0.0679483,0.018530222,-0.07741148,0.04826213,0.002015786,0.0037930373,0.02074891,-0.008998891,0.046539262,0.0053959605,-0.00074532133
0.021894427,-0.04682588,-0.047980014,-0.026896087,-0.07631518,-0.028479518,-0.032102324,-0.01266713,-0.074730806,-0.062944904,-0.063408114,-0.062148433,-0.028103983,-0.028526826,-0.07042394,0.037373006,-0.015644543,0.021478584,-0.072194375,-0.0126075465,0.031820796,0.033826564,-0.059108503,0.011522568,-0.009926745,0.012084399,-0.07394665,-0.068799116,-0.048432413,0.008293621,-0.05811066,-0.08417685,0.043503072,-0.029021086,-0.00809049,-0.06287481,0.038433068,-0.036322244,-0.00019308881,0.0034828095,-0.072686285,0.034122024
0.029546404,-0.04528667,0.014108755,-0.036899764,-0.013330245,-0.04298366,-0.010835242,0.003413379,0.025551446,-0.02459875,0.06367339,0.017292071,-0.0031097692,0.0007502384,0.019098818,-0.04624864,0.028117353,0.05560677,0.011219419,0.0011387417,-0.033477712,-0.020145837,-0.004277159,0.011106358,0.0035231372,-0.07323882,0.037348844,-0.024143176,0.029237697,0.0021942484,-0.041044887,0.008219238,-0.043162033,-0.019171068,-0.032782625,0.042221814,0.014755814,0.031229546,-0.015802398,-0.0069580446,-0.046912704,0.018894838
-0.08255986,-0.049866587,-0.080934316,-0.055533238,-0.07815876,-0.07321578,-0.06640464,-0.08329309,-0.077542745,-0.084589764,-0.08492115,-0.08862325,-0.07729415,-0.08410813,-0.025221,-0.047729082,-0.084621534,-0.019517966,-0.08501757,-0.092117004,-0.07837488,0.018839514,-0.008243599,-0.08314475,-0.07110819,-0.074625455,-0.05809281,-0.08372212,-0.081514336,-0.066977836,-0.037282445,-0.084662996,-0.056725413,-0.07884319,-0.040778175,-0.06319395,-0.07635212,-0.08332411,-0.08339798,-0.0038542214,-0.03518174,-0.08174892
0.04882371,0.07757294,0.025699615,0.05949655,0.056636713,0.027277948,0.017751519,-0.018101305,0.073971145,0.067746416,0.06383607,0.07273694,0.063359246,0.029215172,0.07408974,0.03493222,0.062211625,0.028393248,0.08301389,0.08075523,0.032828692,0.07607173,0.03659226,0.06199939,0.021951584,0.051091578,0.061586406,0.05825275,0.03526457,-0.022273483,0.028618315,0.078657694,0.034730867,0.07354989,0.05327605,0.055169936,0.06669898,0.06822055,0.06918346,0.06783391,0.03161994,0.041388728
-0.028990138,-0.07091988,-0.02896155,-0.012879914,0.049979936,0.025404088,0.0024282,-0.029089836,0.009235743,0.020704895,0.0014971672,-0.016481625,-0.037882388,-0.014117782,0.04702547,0.06526501,0.036797974,0.0050118654,0.0517191,0.028685812,0.01977773,-0.0032601596,-0.029538782,0.02986408,-0.0015965684,0.04084348,-0.023060614,0.002603495,0.028570956,-0.0025206902,0.025996903,0.06790541,-0.034084447,-0.045931898,-0.04693321,0.04197961,0.0011230396,0.029210387,-0.0056822742,-0.05339757,-0.022753626,0.009282948
0.004242672,-0.009162086,-0.042967107,0.003821625,0.038929783,-0.03819842,-0.019719306,0.0027736009,-0.03420972,0.039783005,-0.0034006631,-0.038322292,-0.047428135,-0.025776196,-0.05613715,-0.030090988,-0.07215454,0.01902557,-0.053287134,-0.07411031,-0.031451702,-0.028745372,-0.016564995,-0.06770414,-0.061271723,0.037875496,-0.0043310644,-0.051723327,-0.052398365,-0.035131775,-0.033101533,-0.039060004,-0.045474946,-0.06647304,0.0072840652,-0.06399592,-0.049418878,0.005566685,-0.036226343,-0.045193553,0.038498726,-0.03220005
-0.042645164,0.021386405,-0.031549152,-0.017349774,-0.059577975,-0.02394907,0.073479824,-0.061502088,0.025296643,-0.02358314,-0.059069376,0.011382376,-0.0188271,-0.053186517,0.054345936,-0.06346343,0.012790883,0.0062403334,-0.047290225,0.0030749354,-0.050981093,-0.008408415,-0.04854396,-0.0045579313,-0.02075641,0.030733835,-0.0590966,-0.009232317,-0.048427317,-0.0028921738,-0.073724076,-0.014906669,-0.058983758,0.016584745,-0.044976864,0.0103793815,-0.06002389,-0.03500667,-0.0030357765,0.002936847,0.014275065,-0.031574875
-0.007812401,-0.021151243,-0.022947628,-0.028313661,-0.029671652,0.03273893,-0.050727174,-0.0051985816,-0.068780884,-0.025909295,-0.058318093,0.0007824234,-0.07552394,-0.02735689,-0.052744396,0.011991442,-0.009032824,-0.047602616,-0.019836662,-0.050173517,-0.0023814575,-0.055929855,-0.062220663,-0.0048738318,-0.034081686,-0.02669675,-0.056014746,-0.010259236,-0.031489316,-0.060570985,-0.0040325285,-0.00084070355,-0.03229573,-0.06888588,-0.026604667,-0.025941126,-0.055577658,0.021640472,-0.043609448,-0.052791644,-0.05729274,-0.038947005
0.064817585,-0.006986155,0.0062844004,-0.0009056302,0.042832322,0.019062318,-0.0062028705,0.016502092,-0.005376861,0.012588735,-0.034038376,-0.020217419,-0.051087216,-0.05001427,-0.027832663,-0.06557697,-0.0028621312,-0.0017305877,0.012068024,0.00836937,0.05743357,-0.061434098,0.02246489,-0.004890419,-0.02265886,-0.045613952,0.029863758,0.03424829,0.058212627,0.060893636,-0.015762825,0.03679526,0.020576598,-0.015175029,-0.03378312,0.030471826,0.011751812,-0.052112836,0.008455856,-0.004806112,0.028787015,-0.048917104
-0.060736075,0.0061291317,-0.008258638,0.021151384,-0.016553609,0.014216668,0.01453638,-0.0013486833,-0.027726557,0.0579972,0.013181842,0.025281308,0.050049204,0.024819972,0.02359666,0.004002363,-0.058492035,-0.057970896,-0.039260693,-0.014626559,-0.0635167,-0.017716238,-0.0012979173,-0.012884246,0.0361901,0.032756094,-0.0060156817,0.06877762,-0.005727733,0.037156533,0.03493826,-0.007229285,-0.040075846,0.02876712,0.06442229,-0.060739063,-0.05692722,0.041413788,0.02737753,-0.0052407435,0.026016723,0.036624927
-0.016979659,0.01581121,0.030421529,0.019090327,0.022800395,0.09010876,0.052732836,-0.011232985,-0.036660567,-0.006379174,-0.0070026796,0.01625881,0.018698795,0.045193337,0.0036481677,0.043627404,0.023957167,0.048497662,0.009854906,-0.047200967,0.06634409,0.03150822,0.022716608,0.017868116,-0.03026322,0.05638831,-0.03435342,0.029305413,0.045610853,0.0024902737,0.078445695,-0.009348311,0.017607931,-0.074227296,0.021858498,0.02402849,-0.032978795,0.008506662,-0.008213082,-0.019681115,0.03283271,-0.00066766416
0.00296514,-0.006049307,-0.024227131,0.006058546,0.0010684778,0.07763973,0.053013045,-0.004228615,0.06834816,0.037485972,0.021626236,0.007715191,-0.015389055,0.053653862,0.040829986,-0.039812602,0.04201627,0.02863257,0.011370242,-0.011811476,-0.0048920237,0.046579026,-0.01783854,0.012208565,-0.024604892,-0.0035959512,0.042317215,0.03173252,-0.030298322,0.04184523,-0.049844254,-0.0023558727,0.011716365,0.021391021,-0.021893103,0.014199731,0.008407489,-0.041940663,-0.0147760175,-0.0011830813,0.06232101,-0.013007802
-0.000705013,-0.045596555,0.038165983,-0.029513437,0.06370948,0.0017467313,0.029886821,0.035617806,-0.009795887,0.044073723,0.016558548,0.016076501,0.018003345,0.0685628,-0.05729585,0.03531123,0.052685525,0.023209311,0.06637364,0.0025653362,0.047407705,-0.009573278,-0.0453124,-0.0092771035,0.008431256,-0.0835639,-0.0453052,-0.005636943,0.03593393,0.04032134,-0.005132061,0.07353001,-0.00832203,-0.029434247,-0.011171129,0.06258102,0.07178826,0.028155714,-0.008396495,0.03776895,0.0019388695,0.004366693
0.015884444,0.04269219,-0.0084620975,0.010015995,-0.04991239,-0.022750586,0.0071390606,-0.030471543,-0.07330038,-0.017115159,0.004647094,-0.04092537,-0.03284335,-0.025528135,-0.024881234,0.03902703,0.0043178513,-0.028440727,-0.06735492,-0.050820924,-0.04376817,-0.026740566,0.04824412,0.025301902,0.034126703,-0.034241468,-0.061323233,-0.03629205,-0.065816954,-0.03698872,-0.05809233,-0.02988374,-0.013060346,-0.066917464,-0.08095625,-0.07524626,-0.04228854,-0.057069626,-0.024209712,-0.002652396,-0.05709422,-0.03718695
-0.041745514,-0.04827166,-0.0051708724,-0.022300463,-0.011357804,0.0009461396,-0.0003728807,-0.012476427,0.056271706,-0.007898241,-0.014701761,-0.0005536872,-0.005967408,-0.0058242525,-0.03072998,-0.05494149,-0.0098110875,-0.01339693,0.0046697278,0.008770059,-0.013636806,-0.035104573,-0.0060200985,0.00018654639,-0.044677604,-0.04300864,-0.013308592,-0.03729549,0.033797536,-0.025520146,0.036171414,-0.021356104,-0.062382765,0.044341926,-0.0065815332,-0.010272386,-0.056311917,0.025483279,0.002886948,-0.02972037,-0.0013250889,-0.023110623
0.07814618,0.027908847,0.049499147,0.022241838,0.04747982,0.06606849,-0.04251088,0.05943345,0.03746073,0.070926845,0.03330169,0.035461873,-0.01634513,0.058905553,0.05842154,0.048220664,0.0561364,0.041815173,0.0524422,0.06865401,0.08218808,0.040982813,0.05182331,0.056586087,0.047562715,0.03849709,0.04101793,0.043625943,-0.019472772,0.011951306,0.076705925,0.048222177,0.020600112,0.057474226,0.03980905,0.019744834,0.025275795,0.033351153,-0.018307319,0.06540909,0.056603696,0.053690836
0.027359411,0.04328259,-0.034961615,-0.013300374,0.02161835,0.016208695,0.055203214,-0.07109151,0.053578172,-0.023131188,-0.01097558,-0.05587402,-0.04868385,-0.06391172,-0.03573503,-0.08243309,0.0004956344,0.023533732,0.049615137,-0.057461374,-0.034100052,-0.009552318,-0.047071096,-0.032517835,-0.07037193,-0.02075278,0.019774852,-0.033015117,0.009823605,-0.07087666,-0.06344311,-0.03527674,0.017166669,-0.03277522,-0.02698301,-0.007488142,0.053077705,-0.04821823,0.050198007,0.024009833,-0.016137332,0.0017080794
0.021962091,0.057212237,0.015552228,0.07709839,0.04411229,0.054292716,0.055615764,0.046839543,0.0735004,0.060693845,0.029582407,0.039062925,0.0036135947,0.055070568,0.06523428,0.0029549857,0.023485143,0.028032478,0.07005906,0.046416085,0.0008979976,0.060907178,0.036736898,0.055713825,0.021039424,0.025386322,-0.027830455,0.051986463,0.012520399,0.058690716,-0.021259218,0.06543303,0.02366509,0.055502567,0.05342866,0.03152719,0.0562919,0.060594827,0.014314782,-0.02612298,0.07493806,0.04440144
-0.011476193,-0.041217428,0.052841138,0.058616355,0.064057395,0.0030010748,0.03557301,0.015984576,0.065864645,0.030313183,0.012711853,0.024855586,0.05707161,0.059272483,0.043181848,0.048931062,0.042187504,0.012247694,0.0032899086,-0.007677238,-0.038139485,0.03471136,0.051769804,0.007487585,0.026419662,0.036012717,0.019652748,0.07760914,0.0076155183,0.052201267,0.018989902,0.046884358,0.07205,0.027003331,0.073073074,0.07606751,0.06240261,0.0034202905,-0.021901108,0.06716591,0.010717501,0.026920252
0.013218785,-0.01729107,0.026763082,0.06849066,0.08089194,-0.05260062,-0.015217378,0.057000317,-0.048020523,-0.03131643,0.071521945,0.07590785,-0.023906264,0.03018939,0.05261925,0.049702693,0.08487781,0.03436509,-0.012347074,0.09214509,0.053833224,-0.04135473,0.034361105,0.07611376,-0.0026613483,0.05307183,0.071187034,0.04100092,0.07986059,0.043209363,0.04044566,0.050318114,0.0745777,0.026006047,-0.0607531,0.08072274,-0.034724522,0.022918064,0.052251678,0.03277995,0.023081852,0.031295557
0.02516501,0.06429888,0.07158122,0.05376683,0.038245127,-0.02414215,0.049680065,0.023313541,0.025083283,0.004008753,-0.045075618,0.03013651,0.017518515,-0.0026441137,0.042988934,-0.07840802,0.045229953,-0.053653866,0.0374343,0.043095604,0.045637306,0.04488608,0.050489657,0.032323632,0.0375932,0.06619096,0.0399395,0.06480699,0.017607063,0.01321299,-0.042059045,0.03636099,-0.024023093,0.06811224,-0.01957814,-0.031429097,-0.021016486,0.03487632,0.061882388,0.018500919,0.063690834,0.044941336
-0.0009188623,-0.041322086,0.067735024,-0.014677519,0.019071681,0.0634652,0.07550877,-0.01305804,0.04011515,0.045017604,0.072319955,0.042213976,0.0764094,0.040535945,0.07765473,-0.028126413,0.04237592,0.07275557,0.055799805,0.06303918,0.052148823,0.051358875,0.02285694,0.037255317,0.07019936,-0.0066214725,0.06725363,-0.0019011201,0.08147699,0.0019354421,0.024962831,0.04051601,0.07817644,-0.0010583524,0.046611845,0.047694273,0.055603277,0.05764246,0.07416806,-0.01803888,-0.046836216,0.0060697086
0.014807739,0.010137597,0.04298011,0.06579845,0.04059168,0.038386866,0.063026056,0.024978764,0.046752326,0.0405934,0.06918937,0.023774268,0.047620114,0.077157676,0.02404785,-0.011770439,0.028676022,0.0522403,0.04117382,0.053573854,0.052322526,0.034147106,0.021827921,0.06470049,0.052048054,0.035829112,0.06840037,0.013935248,-0.00717704,0.075833425,-0.003604837,-0.0488621,0.031323787,0.07584708,-0.026448874,0.030584242,0.054651584,0.057440482,0.026702695,0.021179952,0.0056609386,0.072968215
0.05616779,0.011549527,0.067660324,0.0664823,0.035491705,0.05942509,0.011344927,-0.0055562016,0.03827677,0.060954396,0.063219815,0.062286332,0.0310895,0.071171716,0.072483934,0.0867658,0.07236165,0.080916755,0.06379453,0.0515981,0.077635214,0.05525531,0.06839448,0.031035936,0.048886012,-0.023236578,0.061394222,0.060887158,0.03980729,0.040767353,0.09889416,0.050106294,0.06776852,0.058998603,0.08170731,0.06762642,0.06882185,0.046586048,0.036345627,0.078670315,0.03206417,0.047638316
-0.080505125,-0.051800612,-0.061043043,-0.04190493,0.0012455177,-0.034525454,-0.060633954,-0.02998819,-0.05876352,-0.05470412,-0.024016676,-0.04133551,-0.05058162,-0.048334006,-0.029259602,0.034058712,-0.029556261,-0.010838492,-0.03701491,-0.0009778148,-0.03175183,-0.024087604,-0.02568293,-0.05456049,-0.07515199,0.016998062,-0.027356839,-0.055980954,-0.036773305,-0.0234787,0.0015460181,-0.056267396,-0.061284523,0.038628213,-0.01640995,-0.03668446,-0.042496026,-0.056015447,-0.065183744,-0.056093246,-0.04478514,-0.041449565
-0.07946536,-0.039421864,-0.063202254,-0.06804307,-0.08238194,-0.054754276,-0.013021284,0.013410809,-0.060436044,-0.054996148,-0.08848886,-0.08670281,-0.073934875,-0.07548823,-0.078467555,-0.01234401,-0.05578306,-0.0800713,-0.03195432,-0.09214358,0.0067598843,-0.03955475,-0.07567791,-0.08368689,-0.061027713,-0.064550325,-0.07978877,-0.05225472,-0.08152183,0.007320169,-0.060057025,-0.07188072,-0.06455896,-0.07554174,-0.04643935,-0.06084537,-0.06779301,-0.08387042,-0.08590186,-0.055889647,-0.051889196,-0.0064368946
-0.01749198,-0.061041072,-0.05202642,-0.022359915,-0.06621716,-0.05303191,0.062864214,-0.07939482,0.015507343,-0.010051263,-0.031204702,-0.05418015,-0.043665286,-0.055945598,-0.026321037,0.03989563,-0.057692938,-0.035153598,-0.04588901,-0.031241627,-0.027289527,-0.044162963,-0.057352003,-0.061508067,0.028462641,-0.05664439,-0.075271085,-0.009492031,-0.019487794,0.04629272,-0.027050985,-0.0115105705,-0.02522288,-0.020949319,-0.045758244,-0.08277388,-0.022382913,0.019005412,-0.024442725,-0.03288441,-0.02261158,-0.04909632
0.021522656,-0.04312518,0.0033533734,0.060863104,0.07944697,0.020329686,0.026193177,-0.06884244,-0.0010158595,0.044446427,0.023461262,-0.037665695,-0.05111439,-0.0047261845,-0.027845833,0.076701656,0.08587106,0.09238464,0.043122284,0.027673965,0.09237618,0.00162086,0.06770462,0.062155396,0.051615827,0.017150205,0.07578248,-0.06148728,0.015911248,0.009638537,0.051739987,0.018944345,0.056342714,0.03233755,0.034534767,0.07561309,0.025464388,0.023348626,-0.043848667,0.081150815,0.06494212,0.041284747
-0.0205594,-0.0297796,-0.023008296,-0.042050265,-0.08004794,-0.002730798,-0.056784946,-0.034282383,-0.014612993,-0.048528474,-0.061072953,-0.015392899,-0.057417303,-0.030786054,-0.06612584,-0.028865783,-0.05141943,-0.07159587,-0.025440682,-0.029071417,-0.018246302,0.07545088,0.059421077,-0.004375931,0.026055211,0.018262593,-0.04065542,-0.019289346,-0.031774085,-0.032904677,0.009100641,-0.069231525,0.01674247,-0.012140745,-0.03672618,-0.03157735,-0.07398416,-0.052157883,0.018531304,0.0785332,0.05385528,-0.008328508
-0.060547475,-0.014835563,-0.003011637,-0.05560984,0.028183412,-0.051626332,-0.03740342,0.022030896,-0.023934066,-0.03606208,-0.014350808,-0.058898803,-0.05334427,-0.02372682,-0.06489434,0.031357475,-0.033067685,0.0015921233,-0.046869643,-0.04990909,-0.042345803,-0.04224759,-0.044305064,-0.054336637,-0.0034037428,-0.004738858,-0.04534819,-0.03442297,-0.063442536,0.030809019,-0.08060972,-0.06313002,-0.07711536,-0.046648875,0.047522016,0.03885692,-0.056580037,-0.0063762176,-0.06136803,-0.015368918,-0.0023572177,0.0020781392
-0.031193947,-0.002782095,-0.044294167,-0.034731172,-0.07380276,-0.08233183,-0.032964524,-0.033294924,-0.028052213,0.0604113,-0.08672268,-0.010179363,-0.04804606,-0.09230645,-0.025373466,-0.061822694,0.009311969,0.010766092,0.013850226,-0.046559762,-0.00082989526,0.02796351,0.0589903,-0.027070511,0.038424082,-0.0031145674,-0.07705899,0.033078525,-0.07970544,-0.06530307,-0.07409457,0.0049038227,-0.0608105,-0.027938217,-0.09313945,-0.01563474,0.02095924,0.06711108,-0.036241494,0.030778907,-0.052830897,0.001849646
0.058197692,0.074443966,0.0587392,0.075563915,0.080492444,0.039962348,0.051298168,0.06524572,0.07234758,0.06922288,0.07921249,0.077505976,0.061637912,0.06768148,0.06383334,0.056073535,0.06572582,0.05847936,0.07565593,0.09180446,0.0565792,0.07490661,0.05562693,0.08130908,0.08241475,0.08555144,0.074500866,0.06460158,0.08122747,0.06237636,0.03913469,0.07614422,0.05847665,0.07528198,0.047124214,0.07808857,0.07247383,0.0794151,0.07715887,0.054333825,0.059171434,0.06973515
0.07333695,0.0742484,-0.00013201412,0.06481393,0.04184017,0.014855287,-0.04385187,0.06301578,0.00891952,0.05672752,0.0251151,0.038541794,0.030625591,-0.013405969,0.023266532,0.06674254,-0.017639682,0.018518278,-0.046602126,0.041406374,0.0005738665,-0.00034882827,0.03360352,0.048669156,0.06790858,0.04321833,0.023681073,0.024921149,0.056396563,0.060379043,-0.016509736,0.038863536,0.006025714,0.053449888,0.06663764,-0.041573025,0.04516244,-0.013849402,0.016192237,0.076431796,-0.0045804745,-0.012967957
0.052703295,0.03543543,-0.0100178765,0.015634052,0.043809555,-0.056588348,-0.008519082,-0.0077979774,-0.028234668,-0.014642392,0.048454948,-0.0031071727,-0.015720189,-0.040062565,-0.007491598,0.05509002,-0.02156322,0.048167016,-0.048400436,-0.0018330667,0.0031830154,-0.04677152,-0.0027728851,0.021436157,0.022087337,0.009671181,0.0032152433,0.054886714,-0.008188893,0.028248742,-0.06028696,-0.03903771,-0.015658116,0.016745297,0.06204731,-0.03729678,-0.043194704,-0.027802859,-0.020377487,-0.057272945,-0.0009235698,-0.052687734
0.018540688,0.00069785723,0.017846841,-0.007835123,-0.039570898,-0.0009097864,0.019138992,0.06340845,0.014493082,0.042418573,-0.003353218,0.03730481,-0.014830927,0.04903412,0.002251911,0.055092264,-0.0021535915,-0.0003967204,0.028906284,0.05665201,0.04828215,0.03244497,0.024145983,-0.009935457,-0.03524267,0.005020513,-0.041999996,0.02410947,0.0010924008,0.008049048,0.079733,0.035254333,0.0415449,0.06399879,0.07180282,0.0044078827,-0.031425834,-0.047254074,0.052152477,0.0142543325,0.05266569,0.019854931
-0.00092691893,-0.018263739,0.04454684,-0.0018532058,0.06014001,0.02683169,-0.025131896,0.030761676,0.024327295,0.004806085,0.019160185,0.054919917,0.03025043,0.050812207,-0.03265516,0.018670188,0.03746663,0.040918514,0.044745848,0.032799434,0.023214957,-0.041250214,0.00890124,0.023568409,-0.0063195196,0.051656734,0.046719592,0.03712033,0.057229593,0.037986178,0.056102756,0.052411843,0.02427892,0.03149728,0.052633088,0.07142733,-0.010060163,0.040731378,0.025000855,0.055239536,0.04812081,-0.0016842831
-0.015328242,0.00422473,0.03798581,0.009414485,-0.025802484,0.018179907,-0.046461426,-0.022737496,-0.033986516,-0.025715416,0.06470157,-0.074491024,0.010663903,-0.034335848,-0.05147203,0.0034446244,0.017437233,-0.016398802,0.013572611,0.017144715,-0.020650052,-0.011129251,-0.071684964,-0.027179593,0.045793958,-0.020441951,-0.05853532,0.037258513,-0.0068088537,-0.07330661,0.034867357,0.041832246,0.007485247,0.04994442,0.0058980444,-0.029308477,-0.054767895,0.04353386,0.039011825,-0.007983436,-0.05026779,0.031578463
0.04119885,0.004517542,-0.0055765486,0.012556956,0.065533504,-0.041720252,0.0060047633,0.04203249,-0.0023904704,0.076427504,0.04898336,0.039900433,-0.02835045,0.028571546,-0.021275999,-0.04034057,-0.02381162,0.0022083777,0.05129052,-0.00015453686,-0.012920399,0.005119605,0.059411958,0.008333811,0.07888016,0.017807394,0.07589986,-0.006905012,0.078622304,0.057286322,0.026578553,0.050711367,0.054996215,0.015383045,-0.04416619,0.029528866,0.04479216,0.06717116,0.0051062847,0.044230133,0.043186735,-0.0012943877
0.051742956,-0.025147066,0.036175847,-0.0052636643,0.06540808,0.033552572,0.059956387,0.07787139,-0.000877986,0.049422387,0.04655226,0.05307586,0.015131671,0.062296014,0.0021700582,0.04365716,0.054542266,0.07077109,0.0433457,0.05001328,0.04276987,-0.02120118,0.009542981,0.033911325,0.03430738,-0.04802007,0.053044077,0.035321325,0.06477641,0.03504584,0.03949729,0.053335167,0.02274916,-0.015641855,0.060777333,0.054308962,0.04589969,0.06492114,0.05417881,0.038758233,0.016470933,-0.011884535
0.04649668,0.035822846,0.0512403,0.059508342,0.0184485,0.0691034,0.06730906,0.055838153,0.06921397,-0.025993042,-0.006098696,0.010054034,0.05726653,0.047840074,0.033085216,0.07630459,-0.0001602068,0.048794545,0.06558512,0.025021048,-0.0027811867,0.045591522,0.06817418,0.033151183,-0.0014769466,0.010912811,-0.0010040819,-0.027287593,0.07972605,-0.032576833,-0.013807546,0.007730659,0.02164971,-0.07787365,0.017468834,0.050364953,0.028510604,0.013478155,0.05087337,0.04428485,0.036706533,0.05829048
-0.002938693,0.09323009,-0.03109733,0.06838241,0.082346655,-0.011232601,0.043312114,0.039102253,-0.04315961,-0.005271815,0.053017735,0.057131797,-0.028518535,-0.020848513,0.044598494,0.030968511,-0.032481287,-0.03368819,0.0029808239,0.091952845,-0.04946954,0.088846415,0.017117308,0.03552123,-0.025463946,0.08967076,0.079646274,-0.03214954,0.002684596,0.029006075,0.02028658,-0.0406036,0.085177094,0.03841536,-0.021482287,0.016014583,0.02421141,0.042938955,0.082302794,-0.05775001,-0.053192496,-0.078446835
-0.041321907,0.023420813,-0.04393461,-0.073999286,-0.038500052,-0.04172144,-0.026039068,-0.031720005,-0.060550075,-0.03286491,-0.07835178,-0.035971686,-0.07624886,-0.070642106,-0.0553696,-0.041567914,-0.06322171,-0.05821366,-0.07198982,-0.042777367,-0.027341004,0.034596328,-0.0655261,-0.07651442,-0.07329662,-0.047726683,-0.022219103,-0.038725525,-0.07517335,-0.05915405,-0.022525197,-0.035958026,-0.07740565,-0.06903808,0.009974375,-0.06831557,-0.04159557,-0.015237776,-0.047588825,-0.061091993,-0.082484476,-0.060825907
0.0027928588,-0.035500176,-0.03688308,0.02155279,-0.02224798,0.02840823,0.060648996,0.026613407,0.065454155,-0.0062664226,-0.025849175,0.02067989,0.030877737,0.005956068,0.052418232,0.033983137,-0.0015458802,0.028150635,0.027673975,-0.037447184,-0.020682715,-0.029483607,0.012091248,-0.0049979957,0.021771692,-0.04126833,-0.02720963,0.03232822,0.009982136,0.059743334,0.04101791,0.05230599,0.020081677,0.03848163,0.10490204,-0.03687147,-0.05003073,0.015023056,0.0415544,-0.047238424,0.019462906,0.0016885708
0.04152756,0.05905631,0.07206867,-0.03517041,-0.0048579555,-0.05384234,0.010574166,-0.028514346,-0.01220973,-0.038936976,-0.0050184126,-0.016722087,-0.02659711,0.025119325,-0.035585452,0.019482782,-0.061018378,0.035123963,0.023396438,-0.004642333,0.05433922,-0.054212734,-0.026703391,-0.052738335,0.0033170658,0.002692853,-0.055152938,-0.02848615,-0.03656025,-0.009069958,-0.015999433,0.035600014,0.011616928,0.016353242,0.02093418,-0.032441083,-0.07453013,-0.05852224,-0.071405455,0.024601925,-0.063469335,-0.0080195
-0.026341282,-0.067375146,-0.010868281,-0.04863159,-0.048829675,-0.08513452,-0.054075137,-0.045757454,-0.011907993,0.00058617233,-0.017751787,-0.009282484,-0.018898247,-0.051667977,-0.015167792,-0.0326227,-0.037074678,-0.06217561,-0.047463324,-0.03829639,-0.037018903,-0.056452237,-0.043395147,0.0190914,-0.0300255,-0.016658016,-0.026270162,0.0021201654,-0.0065466207,-0.030049272,-0.02485143,-0.0011070952,-0.026029024,-0.009491097,-0.0036819403,-0.051923763,-0.040067464,-0.0059479983,-0.04483174,-0.04330253,-0.020692257,-0.0056423824
0.066759795,0.09340908,0.030015506,0.07983798,0.08034526,0.00639036,0.066618785,0.044387784,0.054348044,0.050857395,0.041960016,0.0695896,0.05943961,0.06600076,0.06862216,-0.06103471,0.045543086,0.013232854,0.073555976,0.090278104,-0.0004857211,0.09076701,0.054279167,0.071857594,0.07491037,0.08365691,0.06883759,0.061223537,0.02574267,0.052721277,-0.05376316,0.051448222,0.06942979,0.078761324,-0.042668868,0.05920695,0.07861992,0.06710175,0.08228465,0.051196747,0.01194425,0.07438888
0.013445155,-0.020881401,-0.049295396,-0.06076817,-0.050221797,0.010792707,0.054159284,0.026954507,0.06523471,0.042093806,-0.06705139,-0.07891685,-0.035573334,-0.08745735,0.03812857,-0.050553348,-0.0061518704,0.006162126,0.03384342,-0.051106762,-0.035241447,0.036239117,0.004733647,-0.082033806,-0.08224072,0.039253034,-0.06993411,0.01830491,-0.034409232,-0.0145067,0.08969943,0.018125338,-0.046146058,-0.002264558,0.0072782976,-0.03832081,0.03466641,-0.08263838,-0.08246191,-0.0017828585,-0.02730712,0.030678902
0.023923535,0.011218933,0.04195611,-0.024474407,0.013612385,0.008298594,0.035840075,0.01205287,-0.029664189,0.0154071385,0.045226797,0.018572066,0.03295466,0.012602593,0.0014498043,0.033330236,0.037472922,0.047826715,0.022826184,0.028851599,0.029016381,0.060026947,0.021410652,-0.005410998,0.020280516,0.0050020767,0.05096679,-0.010184271,0.024543818,0.023855358,0.029103845,0.020134082,0.008347576,0.052512154,0.05715573,0.047252912,0.038253617,0.007000242,-0.008105066,0.013958829,0.015991447,0.04765322
0.04281405,0.024319813,-0.027409745,-0.01459936,0.021190165,-0.026194189,-0.027452836,0.068504006,0.056746658,0.036756173,0.047609013,0.04764297,0.020773863,0.068717,0.0064518675,-0.016470887,0.036043376,0.04602526,0.014989874,0.040134188,0.030469393,0.025002912,0.0062336074,-0.0089109605,0.04895785,-0.0041942196,0.021490846,0.03982293,0.053799603,0.054905716,0.07116119,-0.0010427869,0.010039645,0.046707284,0.052715715,0.054243896,0.025044171,0.033877708,0.006317151,0.047695503,-0.009663104,0.043335553
0.03382595,0.04219169,0.040358603,0.017753556,-0.024627566,-0.038478084,-0.016566478,0.056336194,0.06674485,0.025857342,0.030553393,-0.048021547,0.06317264,-0.07381672,0.041565027,-0.012944138,0.014146608,0.011843569,0.015286213,-0.020297837,-0.018334098,-0.008690364,0.015914021,0.04469774,0.050130267,-0.029820666,0.0139469085,0.049746502,0.045778263,0.056340247,-0.05845144,-0.008728645,-0.01879589,0.03137132,0.0022113684,0.0036558146,-4.191671e-05,-0.029025069,-0.07621347,0.04381316,0.012610168,-0.03840022
-0.0388352,-0.048899904,-0.013900313,0.014403281,0.075136766,0.024754707,0.025695853,-0.019067617,-0.006361961,0.0004905923,0.042598497,0.026595281,-0.049336206,0.0044644126,0.03718965,-0.023837255,-0.026974445,-0.044584446,-0.0057083536,-0.03136312,0.0020441685,-0.007988128,-0.08118449,0.020738933,0.021531863,0.04136142,-0.04692657,0.04564578,0.0016975143,-0.01426786,0.01942583,-0.026600488,-0.026042085,-0.00086396304,0.05732346,-0.042519785,-0.036011692,-0.013079617,0.04556362,0.011072266,0.06888051,0.0087609645
0.041744173,-0.09597836,0.07163284,-0.08029067,0.031504426,0.0066002416,-0.072178535,-0.00943922,-0.028538186,0.06479199,0.04845963,0.034819704,0.026490126,0.021412214,-0.018660663,0.03713568,0.029712068,0.051228374,-0.054586183,0.03488297,0.038127974,-0.09082653,0.038159803,0.056034543,0.019938631,-0.077370204,0.053647224,0.039575085,0.034479342,-0.055043086,0.03848303,0.06549767,-0.05927078,-0.0008037126,0.05069276,-0.046634704,-0.0154181495,0.033779282,0.028193293,-0.040539287,-0.034467794,0.070021525
0.03439055,-0.024541248,-0.060665626,0.033723176,-0.026488911,-0.03631961,0.01178604,-0.011366749,-0.062257934,-0.07839363,-0.008904969,-0.028419802,-0.020692814,-0.04563521,0.013753454,-0.044700634,0.0056108106,-0.06494967,-0.052773174,0.030458836,-0.037400056,-0.016760632,-0.05274798,0.06046744,0.0069185793,-0.030412056,-0.01625487,0.035238165,0.0071036685,-0.03807103,-0.01959744,0.045801654,0.048712384,0.008843306,-0.044247262,0.0054893014,0.030771662,0.049117908,-0.037072066,-0.002882647,-0.03969594,-0.036126852
-0.010282586,0.042493097,-0.034301296,-0.04380078,-0.007892567,-0.033306617,0.033058155,-0.018831065,0.04393471,0.024000864,-0.045342527,-0.01568189,-0.029158976,-0.08491328,-0.01641627,0.056805257,-0.06059834,-0.06456586,0.01790386,-0.029615788,-0.06657264,0.016309133,0.07225015,-0.06809098,-0.00773293,0.073485054,-0.038427047,0.05250551,0.027328622,0.035102487,-0.039374672,-0.039829288,0.031580932,-0.051378384,-0.067015074,-0.05504689,0.03489938,-0.022734467,-0.0067046336,0.034680035,-0.057239886,-0.002266793
-0.05797239,-0.064417586,-0.053540487,-0.06576059,-0.008486679,0.08832773,-0.079991035,-0.06778262,0.06468803,-0.032581363,0.020058705,-0.04144453,-0.049263593,0.015455849,-0.043334104,-0.01893825,-0.07091608,-0.037492685,-0.016167648,-0.046891186,-0.052676074,-0.017419918,0.00684351,-0.003426366,-0.07633245,-0.05218962,0.00965269,-0.072012834,-0.012016928,-0.077375956,-0.015825616,-0.008159316,-0.05205521,-0.07771344,0.027315896,-0.036741883,-0.01838928,-0.06596541,-0.02921676,-0.052602887,-0.041788314,-0.055752728
-0.0027011128,-0.00013602091,-0.07721295,-0.054648604,-0.06988976,-0.04948559,-0.053717498,-0.010780309,-0.01696843,-0.042461436,-0.036270656,-0.047592174,-0.010209448,-0.04738468,-0.05082982,-0.045926124,-0.041048855,-0.038774513,-0.062301237,-0.014942422,-0.06978661,-0.05328847,-0.019784357,-0.041049175,0.01336814,-0.03485751,-0.051786985,-0.05708603,-0.027752852,-0.035129085,-0.04017504,-0.029960535,-0.046017148,0.021347111,-0.033156253,-0.034228634,0.013163134,-0.035181265,-0.019172143,-0.044574626,-0.05872042,-0.049517132
-0.08414721,-0.067435995,0.014042797,-0.012777565,0.019480877,0.07145122,-0.028813822,-0.077942066,-0.0068466864,-0.0066618123,-0.012536786,-0.034827553,-0.037268937,-0.028176386,-0.03569183,-0.060707558,-0.048074022,-0.035204217,-0.057719417,-0.038907975,-0.06168108,-0.06588474,-0.06986377,0.009353317,-0.03814197,-0.056537725,-0.017764786,-0.055768117,-0.044806182,-0.08393746,0.00792166,-0.04121813,-0.041380785,-0.0134026185,-0.019717416,-0.040676743,0.0068793367,0.004505878,-0.010709626,-0.06634042,-0.038567096,0.0024775155
0.0012556491,0.011319142,-0.029229924,0.066490695,0.025022307,0.019193698,0.026222501,0.019378431,0.0069727106,0.050789554,0.04980899,0.050995257,-0.058738906,-0.03521074,0.008208859,-0.040937126,0.023806082,0.06576377,-0.038652673,0.00080135005,0.034008645,-0.03391376,0.04387076,0.026166925,0.06543905,-0.061983578,0.058839627,0.045851607,-0.054430902,0.036501087,0.047187652,0.071668275,-0.059739154,0.001877033,-0.014691792,0.019860886,-0.052549694,0.057359263,-0.030113323,-0.005208248,0.002778394,0.022000661
0.02423365,-0.066103995,0.05437015,0.039126687,0.072429724,0.07133519,0.06427083,-0.0017214557,0.058906056,-0.014812249,0.009095352,0.056929063,0.020259833,0.011804125,0.02404767,0.05088758,0.0856318,0.030645179,0.06923581,0.050304897,0.06645987,0.058262557,-0.0108592305,0.06636464,0.015019849,0.061238274,0.06474436,0.035957307,0.06957424,0.006380043,0.034688912,0.07631692,0.048835877,0.065550804,0.06736809,0.06984283,0.05076414,0.03302612,0.034925412,-0.015422152,0.02411809,0.063733675
0.078707024,-0.056602933,-0.047960766,0.0061881132,-0.018959165,0.077317014,-0.030043319,0.025635496,-0.0058644777,0.028690122,0.010342445,0.028649393,-0.00697423,0.087260105,-0.031156436,0.007910966,0.05293514,0.011103613,0.04736204,0.08031643,0.06639713,0.067444034,0.062161114,0.031674683,0.061990574,0.051076517,-0.0033153524,0.062703855,0.011406219,0.030142538,0.04848445,0.042010203,0.064539336,-0.07806257,-0.03192764,0.022367414,0.068442605,-0.0153553,-0.06907549,0.032684814,0.041679054,-0.031392574
-0.014614486,-0.070713736,0.015409242,-0.0027470398,0.01964427,0.03531742,0.015197325,0.014028475,0.02069686,0.03377807,0.00082745234,0.01224156,0.006265623,0.024546359,0.022031255,-0.059531227,0.0054809204,0.07623821,-0.018555041,0.012428979,0.04410115,-0.024931425,0.048981357,0.015055688,-0.051969074,0.03223157,0.042680416,0.048192695,0.053912375,0.039791837,0.0526486,-0.014316595,0.016504223,0.06629896,-0.004257705,0.06731457,0.052580155,-0.009378244,0.012848158,0.018751066,0.052056197,0.047631286
-0.07080903,0.006249305,-0.046471655,-0.01727076,-0.061682586,0.06552157,0.0057504014,0.020860443,0.028707225,-0.03735926,-0.04668897,-0.046721317,0.03581256,-0.06045052,0.010721073,0.058017466,-0.03648531,0.029881105,-0.049885105,-0.022063218,-0.04907039,-0.04911924,0.03659543,-0.033181652,-0.00018073895,-0.045380376,-0.07329955,-0.009735337,-0.03965971,-0.023232609,-0.06473327,-0.029734936,1.976486e-05,-0.014424395,0.026899025,-0.03419689,-0.03636937,-0.069553465,0.0065363166,-0.07324833,-0.004698797,0.025299603
-0.06680205,0.05943917,-0.07094793,-0.012651548,0.003970584,-0.04025377,-0.05208772,-0.012713369,-0.051066305,-0.056501254,-0.026715253,0.00103675,-0.056615043,-0.06169326,0.053481583,-0.05960759,-0.07293412,-0.017403105,-0.07701298,-0.015596341,-0.054068357,-0.073408365,-0.02680923,0.034387443,0.059117097,0.031353917,0.039756488,-0.036848146,-0.059592217,0.046090916,-0.079332635,-0.077977754,0.040220864,0.013055221,-0.05111966,-0.004162999,-0.07340204,-0.013021689,-0.06317983,0.0109950965,0.03853045,-0.051445965
-0.026753709,0.039767597,-0.031920128,0.02891157,-0.02687866,-0.030209847,-0.08201009,-0.017490549,-0.036261093,-0.0660574,0.013971105,0.012949768,-0.066177025,-0.004762556,0.035154793,0.059933543,0.014503802,-0.027574329,-0.08774405,0.022890031,0.008117712,-0.05880687,0.067925274,0.021904858,-0.06789994,-0.019743664,0.056298796,0.016169868,-0.057494808,-0.027456086,-0.02769472,0.027856251,0.00067836145,-0.060971435,-0.0033161358,-0.048438076,-0.084558405,-0.06625764,0.053750984,-0.044674587,0.046898834,-0.0548597
-0.009983102,-0.017192034,-0.024969716,0.0023342415,-0.0019152579,-0.03298604,-0.024618708,-0.05975182,0.01684958,-0.031031523,-0.02559916,-0.041795634,-0.028908344,-0.035096,-4.1986546e-05,-0.0084248055,-0.028494133,0.0036265345,-0.03810198,-0.004898084,-0.012603824,-0.009879647,-0.0004845321,-0.053306095,-0.013699095,-0.0032200501,0.017537586,-0.06269018,-0.0584983,-0.017769374,0.007693972,-0.020113317,-0.03834605,-0.049055103,0.026203867,-0.05166197,-0.05898657,-0.027794126,-0.022056969,0.005109806,0.024520535,-0.06524503
-0.016940678,0.031744327,0.056557853,0.03976167,0.07223406,0.06760107,0.08167831,-0.043997195,0.06700549,-0.0049957684,0.06322737,0.03449915,0.064507015,0.012959813,0.0609704,0.045963228,0.058055714,0.046815068,0.020756565,0.050234128,0.054238223,-0.02127976,-0.018313583,0.07883496,-0.03209136,0.021086646,0.04465589,0.050037846,0.033626456,0.01657114,0.07513774,0.015179956,0.015511243,0.06485648,0.0651508,0.06250129,0.05107586,0.05917407,0.081452504,-0.026423743,0.029755121,0.07137157
0.017887937,-0.07470637,0.011267654,-0.0014641817,-0.081610076,-0.029300358,-0.04458609,-0.020970935,-0.033211987,-0.06708292,-0.023708176,-0.027603932,-0.016395373,-0.05089628,-0.040332414,-0.071087554,-0.043737642,-0.036178093,0.004295427,-0.09164686,0.014844223,-0.0038199106,-0.013554295,-0.035296585,-0.060586687,-0.05202791,-0.0714771,-0.03589653,-0.0152477985,-0.027421745,0.08569115,-0.04595371,-0.05460822,0.020841049,-0.018790873,-0.020157676,-0.06976438,0.015457253,-0.017705144,0.014037175,0.03408335,0.038888775
-0.049297515,0.0142493155,-0.03204284,-0.0614684,0.08124662,-0.04410214,0.021327315,-0.022373876,-0.051281113,-0.0617374,-0.016012225,0.0755493,0.0130968,0.024645189,-0.035128605,-0.032061297,-0.036221836,-0.034285184,0.0080547165,0.09209278,0.004425347,0.0317832,-0.05719372,-0.040029857,-0.02339547,0.07173211,0.070758365,-0.04778309,0.016400192,-0.015342922,-0.014060006,-0.06604978,0.029436933,0.025614552,-0.009074388,-0.048299853,0.008706148,0.0024251302,-0.03565113,-0.073699035,-0.048027154,-0.01597485
0.060780894,-0.02956264,0.020049058,0.025776928,-0.07588111,0.0049380576,-0.0010600277,-0.02835719,0.04338568,-0.07753531,0.017911283,0.06278493,0.04695159,0.0027706132,-0.061404645,-0.024484301,0.011024543,-0.047232196,0.0070060645,-0.08751453,0.02716149,-0.011418971,0.0048244074,0.049376663,-0.07961589,-0.02195946,0.027708005,0.028937045,0.031012934,-0.023068635,0.0019183111,-0.061404783,-0.015842738,0.06874266,-0.066444896,0.023196409,0.06524722,-0.00019904066,8.06015e-06,0.004014295,0.07870658,-0.036729395
-0.02734844,-0.027597802,-0.0023937302,0.0069851386,-0.051867656,0.023922447,0.0149469245,-0.009563057,0.05661842,-0.03464071,-0.032243565,-0.011223241,0.036622174,0.03526537,0.021447048,0.05295629,0.049366917,-0.03645615,0.05732615,0.06849346,-0.016890237,0.06575091,0.027095227,0.053081248,-0.07739288,0.0290369,-0.028373668,-0.0115724625,-0.048124544,-0.039662115,0.028777258,0.018185852,0.016173735,0.04803586,0.008051606,0.07322495,-0.031952664,-0.06430134,0.06641793,-0.009186813,-0.0280479,0.07218043
0.06104036,0.071819045,0.07035543,0.06513177,0.0038782803,0.033185847,0.03182288,0.076619424,0.068475485,0.078499496,0.06256762,0.049492314,0.07209877,0.0656259,0.07453688,0.061166223,0.013952373,0.08959804,-0.00935685,0.05704393,0.07527597,0.0053644255,0.06475471,0.018146308,0.035027362,-0.01234171,0.064154856,0.061738487,0.03998516,0.060937237,0.07874817,0.07246283,0.042317428,0.007058788,0.08752843,0.02158862,0.01202395,0.0553628,0.055067353,0.05328364,0.060650013,0.058115028
0.07095075,-0.013937585,-0.0676535,-0.05233881,-0.07736701,-0.03308175,-0.04773248,-0.032342885,-0.062466737,-0.039176054,-0.072704494,-0.022611007,-0.0627135,-0.042738754,-0.045718163,-0.046584044,-0.042775687,-0.039559357,-0.05730759,-0.059070233,-0.045846634,-0.061014954,-0.05286053,-0.011664622,0.021584373,-0.05856916,-0.07468791,-0.06791416,-0.043969307,-0.053496186,-0.026591979,-0.068292126,-0.06961407,-0.068698354,-0.07795723,-0.054934688,0.054229848,-0.06525023,-0.06606195,-0.056264162,-0.057013735,-0.040450893
0.029560816,-0.017945847,-0.029076127,-0.05707889,-0.01405241,-0.014168846,-0.02115609,-0.01625853,-0.068668954,0.039357714,0.03685745,-0.010681839,-0.024439964,0.037389256,0.052569076,-0.009113371,0.008642019,-0.037365865,0.05681438,0.010248114,0.015275772,0.08343881,-0.06294596,-0.016880484,0.035396777,-0.00373377,-0.046672057,-0.013250864,0.06432514,-0.0045446698,-0.032046057,0.037395243,0.042108603,0.024745315,0.019049741,0.020143531,0.05989724,0.033289544,0.015434176,0.0085837385,-0.070022576,-0.033579085
0.012359595,-0.031133125,-0.06800935,-0.040796887,0.08159782,0.0513146,-0.0486198,0.005595434,0.017469931,-0.036733188,0.03650666,-0.038446326,-0.034194104,-0.0043832366,0.0063644242,0.042696405,0.011918482,-0.03441802,-0.04213711,0.09212355,-0.043729614,-0.03347785,-0.0709412,0.015256833,0.007377914,0.03160016,0.065617785,0.017830543,0.00013725428,0.010604179,0.0022868973,0.010661545,0.04603385,-0.07535308,-0.043496028,0.003234755,-0.029663876,-0.033894133,-0.037180785,-0.048514422,-0.07114659,-0.07437057
0.048204966,0.019667841,-0.046912827,0.03790314,-0.050272603,0.018083507,-0.036835384,0.0034574566,-0.02011371,-0.013097877,-0.046104092,-0.031261723,0.011041586,0.052146018,-0.0030586752,0.05248141,0.058862567,0.038577337,-0.024576815,-0.051981017,0.030092614,0.054655433,0.0060600447,0.009824027,-0.078821234,0.06613509,-0.061212335,0.02018387,-0.06983977,-0.015999181,0.053215183,-0.01789373,0.024880772,-0.07181169,-0.01291293,-0.020761766,-0.0073979516,-0.036274906,-0.027487326,-0.07194083,-0.03474099,-0.021015517
0.0098247435,0.01879566,0.07744119,0.040540215,0.027765378,0.03523313,-0.01427988,-0.004175281,0.071108125,0.041271396,0.05942539,0.04569731,0.068903685,-0.014991774,0.0657026,0.070731565,0.025620705,0.06711359,0.041208204,0.015747067,0.05412672,0.06050699,0.06663427,0.033079732,0.0199096,0.0697898,0.043844778,0.038745623,0.02148899,0.034263425,0.04422847,-0.042025816,0.07020928,-0.036721207,0.006023363,-0.009382107,0.052798346,0.053735383,0.01943193,0.01136284,0.051964097,0.042668533
-0.052192226,0.06820232,0.021871563,-0.022966975,0.036318153,-0.0119133135,0.04179587,-0.03390569,0.02228904,0.0044993674,-0.0548352,-0.0050767646,-0.0036913028,0.009688777,0.0076793064,0.009522056,0.034575835,0.015615267,0.047984984,-0.011894783,0.05091928,0.078526385,0.020723067,-0.033009417,-0.027551437,0.054536212,0.053768422,-0.014189544,-0.06323533,-0.03755308,-0.00805635,-0.022096986,-0.009788098,0.068571605,0.065045536,0.0629481,0.010056253,0.01551767,0.010699094,0.025068406,-0.050438084,0.05371107
-0.05301088,0.03001657,-0.001605345,0.01945523,-0.052776895,0.03701516,-0.018483942,0.01222743,-0.013015397,-0.006846813,-0.02346336,-0.029069025,-0.023176756,0.03851053,-0.016179953,0.071369916,-0.042585548,-0.030088287,-0.030745013,-0.014710293,-0.01759086,-0.031088952,0.020722885,0.008575025,-0.030950721,-0.0012032401,-0.049727317,-0.0488917,-0.060607165,-0.029149745,0.04033664,-0.06741867,-0.0044063395,0.043165874,0.003828198,-0.047548503,-0.027611153,-0.020821214,-0.026584065,-0.04873211,-0.044464827,-0.011582947
0.0040184553,-0.026175246,0.023149597,-0.05697632,-0.048968576,-0.01542875,0.042579748,-0.03677062,0.059422467,0.010691765,-0.0028260986,0.011983753,-0.038216975,-0.03094072,-0.069359004,0.045210473,0.056939118,0.011772553,-0.0161226,-0.03262761,0.07025896,-0.03390265,-0.0532708,-0.05518893,0.036269523,-0.06279518,-0.06733393,0.026799224,-0.005214909,0.07514837,-0.03583697,-0.028049551,-0.043798964,0.025595134,0.07002357,0.027077375,-0.0150956875,0.0058513028,0.004470513,0.054090362,-0.061242383,0.05614585
-0.0502971,0.027633872,-0.063046366,-0.03559494,0.012106921,-0.057758022,0.04233244,-0.04547325,-0.03025696,-0.01935096,-0.060640197,-0.0056289434,-0.066377476,-0.025379306,-0.009168656,-0.01895545,-0.033089902,0.0170866,-0.08724995,-0.04199812,-0.01141251,-0.040038608,0.075321734,0.014947898,0.042631168,0.040849317,-0.029872308,-0.051082272,-0.028081827,-0.040762223,0.0056704455,-0.07031891,-0.0045691687,-0.036371436,-0.03775793,-0.03903232,-0.054723885,-0.04038194,-0.012473685,0.043527782,-0.047086753,-0.021815278
0.042547654,0.01513562,0.0172411,-0.06305512,0.02249515,0.0034618217,0.061999176,0.05510162,-0.022153117,0.01107241,0.011732531,0.03885565,-0.04172921,-0.011192586,-0.029220171,0.011821413,0.002160433,0.023692552,-0.06316081,-0.00089346117,0.06225173,-0.06348804,0.005289326,-0.04099657,-0.00486662,-0.059223756,-0.035492893,0.022847867,0.018471753,0.070043,0.015706375,0.015135772,-0.04462163,-0.021141434,0.011696681,-0.024455793,-0.063946456,-0.06544299,0.059399765,0.05348398,-0.033756435,-0.02765383
0.00577958,0.0088105695,-0.049190138,0.02408849,-0.0016572877,0.04469237,-0.0056503545,-0.0109441085,-0.0040801023,-0.036759157,-0.044724435,-0.038472798,0.0032130315,0.0072452766,0.0029108196,-0.006666463,-0.02835842,0.0069277585,-0.029954256,-0.0622899,-0.039109826,0.044238705,0.029612483,0.0037770297,-0.0186014,-0.03062803,0.0064104004,-0.069808945,-0.006741482,-0.0054243165,0.029617026,-0.024498569,-0.0409472,-0.06441861,0.009200764,-0.044054195,-0.0002514792,-0.023466969,-0.034712892,0.004501744,0.04848865,-0.050633155
-0.086316586,0.07075766,0.007107955,0.059915457,-0.00424049,-0.012115208,0.05689102,-0.08118556,0.068124466,-0.034562305,0.066050805,0.028804116,0.03276638,0.0065089623,-0.02928114,-0.071552664,0.036080603,0.0066868556,-0.038223837,-0.032889716,-0.030413616,0.05677934,0.04769931,0.053374168,-0.044806752,-0.0248574,0.028818222,0.008704307,0.07636582,-0.014743458,-0.0058778077,-0.014834686,0.029169684,0.07879568,-0.024600012,0.022567943,-0.043784853,0.08081353,0.08564484,-0.012440921,-0.08311169,0.07051741
0.035983246,-0.0248754,0.06241617,-0.03256652,-0.035957318,0.004528419,-0.004932627,-0.04863158,-0.06231585,0.030779418,-0.0019097083,0.016795473,0.023156367,0.016253972,0.018021876,0.01784163,-0.005990584,0.073396765,0.019116787,-0.0008506159,-0.015529829,-0.008390631,-0.011160985,-0.016906125,-0.029125594,-0.0093055125,0.02252661,0.032310568,0.017449653,0.050978415,-0.026211126,0.0096257785,-0.030456029,-0.011672625,-0.0054917997,-0.025381405,-0.014787095,0.01825966,0.059022576,0.039454434,-0.013147883,-0.058850683
0.04251086,-0.06677902,-0.055402257,0.045158334,-0.06505011,-0.059441138,-0.06942463,0.034929525,-0.06488968,0.0632734,-0.07742859,0.026262624,-0.07997173,0.0074056135,-0.0029205258,-0.023508744,-0.02696086,-0.021930223,-0.0334483,0.020543486,0.013709039,-0.042163167,0.058770783,0.015144401,0.05689515,0.048340708,-0.07661402,-0.03659461,-0.014579505,0.021865778,-0.069580406,-0.035871193,-0.05496978,0.03417865,-0.016725998,-0.07468195,-0.002153175,0.013169848,-0.06208629,0.040161323,-0.005606979,0.05089181
0.04868882,0.041083295,-0.045150194,-0.0014746663,0.030547768,0.05804186,0.0072492715,0.024255473,0.024671081,-0.042692594,-0.005320515,0.037263896,0.0689627,-0.040803,0.0334361,-0.05153527,-0.0028975504,-0.03013264,0.0046459287,0.01205726,-0.068184406,-0.053801868,0.04970344,0.071850844,0.024061272,-0.048818722,-0.012654273,0.04383785,0.040842894,0.035520535,-0.04714124,-0.044432737,0.0022368303,0.02943774,0.03191588,0.0075084725,0.023487382,0.013293565,-0.007690771,0.025882816,0.011367843,0.005024929
0.004303226,0.06545738,0.058978304,0.07256178,-0.016854115,-0.026397591,0.0651524,0.030845482,0.06144346,0.0676677,0.053742472,0.062861644,0.08178653,0.056823306,0.058319874,-0.028924415,0.059915762,0.042496428,0.066778295,-0.059006024,0.005434474,0.06554368,0.07860418,0.02563233,0.0058139586,0.04350858,0.00896453,0.03478928,0.071327515,0.06436099,0.030953461,0.04085039,0.055485934,-0.04435334,0.013127145,0.07321331,0.07274432,0.06339688,0.059567194,0.07633023,0.079386435,0.06638026
-0.05850393,-0.051819865,-0.01642556,-0.058075164,-0.078495,-0.0815632,-0.07462426,-0.05165055,-0.06713042,-0.003096721,-0.07016376,-0.04378402,-0.031221285,-0.06678916,-0.03742487,-0.04045938,-0.049998034,-0.09198513,-0.053220652,-0.053214073,-0.045902174,-0.046093818,-0.07935136,-0.07719296,-0.015538695,-0.03311255,-0.0779772,-0.024114043,-0.06548529,-0.053396966,-0.065425985,-0.015003508,-0.05895281,-0.0366481,-0.07030591,-0.06978417,-0.07733503,-0.061814878,-0.057383094,-0.06628604,-0.06962167,-0.056187432
-0.06311877,-0.053452298,-0.041117113,-0.042975657,0.04544122,0.0032157034,-0.020623645,-0.061482597,0.058979325,-0.017247763,-0.0116335545,-0.05761435,-0.0045487783,-0.061145976,0.066294126,-0.060976204,-0.035053674,-0.03429035,-0.0020090893,-0.017122142,-0.06475047,0.064287715,-0.042068038,-0.027582336,0.057452414,-0.005103056,-0.022675,0.04885543,0.00494179,0.0051380517,-0.028020471,-0.03059897,-0.008461671,-0.046807494,0.060753435,-0.038594592,0.03928398,-0.040579252,-0.012701269,-0.058781065,-0.030498372,-0.0011498061
-0.04101373,0.040476456,-0.019335115,0.055840295,0.072538964,0.064898826,-0.011299274,-0.040437963,0.02399182,0.025838608,0.07387846,-0.05095573,0.05546224,0.031227173,0.026832981,0.029890416,0.06121555,0.057926163,-0.06863183,-0.041297488,0.060932707,-0.08673878,-0.048550494,-0.039397415,-0.02636884,-0.08408262,0.011113969,-0.027719956,-0.016120039,0.024956433,0.039710972,0.036777124,-0.05063526,-0.07772702,2.1106425e-05,0.056497026,0.03949655,-0.039039996,-0.063479714,-0.087338984,-0.025554884,0.03430123
-0.03895653,0.020874731,0.041802086,0.06199859,-0.036005437,-0.06922923,0.037240013,-0.075162865,-0.049917314,0.06971458,-0.018715415,-0.055429038,0.027657835,-0.086659215,0.07953002,-0.0051710266,-0.030328939,-0.027210714,0.072372906,0.019583689,-0.015704332,0.049054537,-0.045937244,-0.03761353,0.07289237,0.0051693916,-0.07604518,0.03228868,-0.009199468,-0.07063736,-0.048523463,-0.019601759,0.03705167,-0.0030594545,-0.09313624,-0.010500001,0.07267558,0.069698274,0.026529929,0.07730693,0.053668857,0.030357054
0.05853139,0.0457503,0.057344712,0.0458769,0.075641826,-0.030296711,0.050332066,0.06736956,0.033746816,0.065573215,0.06709796,0.046178773,0.068534896,0.040917568,0.009642027,0.046615385,0.05021729,0.029762903,0.04007333,-0.010407559,0.065593444,0.022721922,0.06504645,0.052168757,0.057845198,0.017374266,0.07178831,0.06130931,0.06579847,0.05101621,0.044535458,0.02866762,0.052972354,0.062122904,0.0364946,0.05531416,0.026587144,0.045794774,-0.004695782,0.061455473,0.043633483,0.068423964
-0.049525097,0.020861186,-0.038788904,-0.030654123,0.03010112,0.029336385,-0.048465416,-0.053831566,-0.029626219,0.018339988,-0.047544666,-0.027309023,0.0077248258,-0.054357294,0.009459469,0.037951868,-0.06902779,-0.0127203455,-0.0012775073,0.003326546,0.0022626754,0.027687114,0.07166098,0.004241844,0.0470374,-0.022583863,-0.043907534,-0.013488014,-0.02142125,-0.074354544,-0.044599306,-0.07862096,0.046677813,-0.007959357,-0.065151505,-0.054366678,0.008032401,-0.045288112,0.018495858,0.072570756,-0.0009044051,0.030281624
-0.027826775,0.01359062,0.0060113454,-0.05979212,-0.0215405,-0.04671032,0.0054732384,0.020223092,0.00093523803,-0.030543104,-0.0008998541,-0.012220112,0.00373029,-0.023815336,-0.02730985,0.07022414,-0.05857482,0.004091745,-0.032305863,0.025798619,-0.015864762,-0.029131344,-0.038651194,-0.008374139,0.0065313955,0.027897423,0.007896678,-0.012190876,-0.008450499,0.014737481,-0.029736793,0.0006457798,-0.054055832,0.018318005,0.015333223,-0.031662457,-0.0713094,0.019372972,0.008973614,-0.05912337,-0.01628372,-0.039567098
0.0061628,0.07903184,-0.06648093,0.016481629,0.047305543,0.02024293,0.064445525,0.01817897,0.0730064,0.037983887,0.004981929,-0.00818871,0.03680712,-0.033953175,-0.030797968,-0.056244325,-0.030723486,-0.028125139,-0.009011059,-0.05791051,-0.08014568,0.008238193,0.03011934,-0.032969613,0.0017097571,0.035892185,-0.023827292,0.0674265,0.03723551,0.048283197,0.033074282,0.014844343,-0.054159604,-0.0511821,-0.079755574,0.011543613,0.009025079,-0.07247325,-0.033392705,0.048276175,-0.033263464,0.03731848
-0.014736921,0.024743073,-0.046196077,0.049072463,0.050576136,-0.027883379,-0.005850286,0.055976182,0.02441887,0.043198347,0.05141399,0.056058474,0.011773893,0.035356604,0.059700824,0.03437961,0.010476909,0.033860482,-0.0021604365,0.007324998,-0.0019513965,0.023525061,-0.060254484,-0.005077056,0.0067790356,-0.06931092,0.043380372,0.06451332,0.078856386,0.060605973,0.038187988,0.0022491356,-0.031549536,-0.0032599557,0.032243837,0.009450625,-0.042302646,-0.06366595,0.038965575,0.021049758,0.06739005,0.032346513
-0.0219503,0.030224644,0.0012515073,0.03500903,0.032173403,-0.019638088,-0.034542467,-0.040425047,-0.0022067942,-0.020100426,0.014791773,0.018356724,-0.016361201,0.015819527,-0.049853295,-0.042054325,-0.004865185,0.00062442233,-0.02913628,-0.009674889,-0.007749484,0.013716795,-0.0075624357,-0.0076009603,0.010631363,0.027863428,0.019453257,-0.04129947,-0.035712894,-0.047614228,-0.080766805,-0.026963655,-0.025565527,-0.05555486,0.03578305,0.022450816,-0.019759392,0.018018467,0.009254276,-0.029738756,-0.059634283,-0.020867243
0.0222777,-0.003979097,0.021769652,0.012091259,0.004620043,0.011866455,-0.02816713,-0.064089455,0.014601914,0.014643821,0.0068492745,-0.0017109157,0.03932676,-0.011528303,0.007530507,-0.026892476,0.021608239,-0.0076776235,-0.030071663,0.035338502,0.01643762,0.0034297656,0.025353568,0.03938858,-0.046097483,0.038428042,0.022413153,0.023824487,0.005140774,-0.0053342576,-0.004549342,0.0052530672,-0.027717447,0.060161933,-0.0005525243,-0.026804678,-0.015285755,0.009621418,-0.0011909825,0.00017916382,0.026002346,0.03156573
0.052820522,0.012001018,0.06835222,-0.053030185,-0.058700886,0.042006724,-0.01751547,0.025339788,0.02348998,0.030325366,0.02146963,0.028401565,0.036922093,0.015919236,-0.01997252,0.013643925,0.0073989276,0.017874967,0.03117278,-0.009935003,0.012712777,-0.060009845,0.02625419,-0.009380589,-0.08637654,-0.017054696,-0.013931492,0.06739865,-0.013238872,0.07139591,-0.007199715,-0.051960006,0.04958922,0.040701177,0.007033226,0.05860145,0.055411227,-0.042428166,-0.051688973,0.00799492,-0.024143972,0.07813541
0.023614718,0.01890371,-0.017768748,0.009653217,0.000723269,0.03505102,0.011145592,0.03156474,0.0016165253,0.02500758,0.0134012755,0.0049018944,0.059832945,0.012078858,-0.05051268,-0.077535845,-0.027116092,-0.022994904,0.037891068,0.015006656,-0.0021290963,-0.037872978,-0.045590203,-0.016068686,0.039538804,-0.02471131,-0.014844762,0.014637259,0.02565989,-0.015631583,0.029126527,-0.045858588,0.0010424306,-0.015377139,0.030370789,0.004990251,0.025774129,0.028366683,0.011618957,0.023629144,0.01133666,0.01885178
-0.0144486725,-0.011621786,0.033190202,-0.026644146,-0.02707088,-0.04448197,0.031280596,0.044778936,0.00040504802,0.045183644,-0.0047160205,0.006489721,0.042264972,-0.04496432,0.04623478,0.034343936,0.057511233,0.020480612,-0.064313725,0.0362199,-0.0064020045,-0.08136021,0.07101095,-0.021417914,-0.009641283,-0.033040214,0.0052215396,0.058422707,-0.02322926,0.06153671,0.005809357,0.02660483,0.006563234,0.021925518,-0.039394557,-0.018872486,0.0036957134,-0.012624225,-0.018202875,0.060042117,0.020295087,0.059507318
-0.07776295,-0.038618226,-0.033565838,-0.05741798,0.028747723,-0.01967971,-0.07445953,-0.022482235,-0.07032815,-0.04160236,-0.047973655,-0.014579587,-0.04558244,-0.005160125,-0.062064826,0.04770092,-0.039283235,-0.012702368,-0.06163643,-0.054808173,0.024746068,-0.05647959,0.034555208,-0.03451457,-0.06124911,-0.06761057,-0.01769823,0.024148814,-0.050301556,-0.02792162,0.012898428,-0.03732668,0.015750026,-0.0032660214,-0.066131994,-0.06813426,-0.044975266,-0.067784265,-0.04079894,-0.071559496,-0.03240581,-0.039332133
0.040381383,-0.015863331,0.0429776,-0.04634254,-0.038759112,0.013113515,0.07720189,0.040382136,-0.037255146,-0.0073104315,0.027633803,-0.020195715,-0.027825573,-0.049693998,0.0082804775,0.037820704,0.059645087,-0.014548775,0.011460908,0.022777922,-0.0059128883,-0.021480402,-0.024197025,0.028380083,-0.03177254,-0.010921614,0.03742619,0.001811584,0.033609085,-0.036892936,-0.025737375,0.07915807,-0.023309438,0.042548947,0.0424963,0.037573338,-0.063014984,0.011113398,0.052749656,-0.030366478,-0.07037891,0.03575672
0.063517556,0.052659426,0.018093687,-0.000526372,0.03883567,-0.0544441,-0.07427226,0.07252779,0.024298908,0.05689871,-0.022982014,0.045414187,-0.070544,0.013114758,-0.030943165,0.030037835,-0.018609073,-0.04287225,-0.02658167,0.06630892,0.008017716,0.011838667,0.07283301,0.064586446,0.04844483,0.009042604,0.06923438,0.04798215,0.01199472,-0.043323666,0.027160613,0.06841769,-0.062100373,0.040506378,0.016662234,0.050970744,-0.006819825,0.0023965752,0.010039856,0.03967666,0.057076648,-0.023193976
0.048751734,0.022350535,0.07900569,0.027354997,-0.04237434,0.025864894,-0.0024799218,0.048267614,-0.040250745,-0.012681475,0.056645427,-0.017045628,0.044802595,-0.009225651,-0.030608209,-0.0020787765,0.044312295,0.05032896,-0.027758224,0.01836987,0.03382833,-0.039529298,-0.01847372,0.060951807,0.037043806,-0.012622921,0.03563788,-0.029519744,-0.019046368,-0.03022609,-0.024676844,-0.06296461,0.008922666,0.052839227,-0.0014751374,0.0069651734,0.0004853306,0.072499275,0.03388143,0.04068245,-0.014498569,0.030668488
-0.009925804,-0.0009373611,-0.06769687,0.028003328,0.04405626,0.026040325,0.021773897,0.007408313,0.0063942955,-0.027065877,0.041834936,-0.0046964632,-0.038010452,0.009889629,-0.038124006,-0.017496863,-0.046363533,-0.0032130277,0.05267939,0.006091671,-0.042063866,0.061698817,-0.03202357,0.0047982335,0.002697709,-0.034810375,0.056753334,-0.022355333,0.05133202,0.024557877,0.064292565,-0.011424242,-0.015217626,-0.036571942,0.03425117,0.015717292,0.062419523,0.027178556,0.07286475,-0.002151711,0.06527254,-0.056343745
-0.007845451,-0.005444813,-0.0128137125,0.049313907,-0.023559747,-0.016929137,-0.048256088,0.010570354,0.0591922,0.048727408,0.060042955,-0.037619546,-0.013541458,-0.063681684,0.07983273,0.061346374,-0.0051437025,0.03314836,-0.01427737,0.0017902877,0.0046482002,-0.018390404,0.07250872,0.007275594,0.01115033,0.027140165,0.044988804,0.05148012,0.037670728,-0.013861362,0.03346257,0.016724616,-0.03775543,-0.0011434659,-0.03098882,0.021170657,-0.025530456,0.038269266,-0.047932226,-0.0054102903,0.04525529,-0.06372604
-0.050518803,-0.06836759,-0.007291708,-0.047418002,0.014556778,0.056904748,0.0135897165,-0.020485226,0.045271415,-0.031058503,0.011948223,-0.009306466,0.056006696,-0.012007136,0.006289734,-0.009130006,0.026247326,-0.011491616,-0.026572268,-0.010590219,-0.045436062,-0.0042042634,-0.006551374,0.0027802556,0.033446305,-0.06380397,-0.008220056,-0.022021543,-0.021945547,0.04092079,0.002880708,0.046383478,0.044946056,0.0032324942,-0.056793418,0.042754587,0.023136593,0.016272707,-0.07792071,-0.031762306,0.007976262,0.039707266
-0.030058293,-0.04809712,-0.008974298,0.04388732,-0.08076951,0.036029298,-0.0517963,-0.027148126,-0.04578809,0.03895611,-0.019465812,0.041270718,-0.054119244,0.016382236,0.024559675,0.019453278,0.03360918,0.025877913,-0.03700502,-0.09174632,-0.009576168,-0.029851539,0.018214166,0.047487773,-0.021609955,0.01354401,-0.06599798,-0.0032882446,-0.012145022,-0.016760483,-0.0011160083,0.035322342,0.02679,0.013166457,0.034951217,-0.009017374,-0.011383219,0.024436593,0.008586519,0.02980207,-0.03724567,-0.026528213
-0.086772226,-0.08271333,-0.08360901,-0.07810598,-0.07732908,-0.09934291,-0.08386044,-0.08256464,-0.07216245,-0.0799881,-0.083867334,-0.085965164,-0.08305038,-0.08226957,-0.07371169,-0.07640998,-0.086587094,-0.089646704,-0.086574316,-0.08872039,-0.084366724,-0.08409683,-0.074934,-0.08061244,-0.08214109,-0.08370504,-0.075619124,-0.079118945,-0.07948869,-0.080556214,-0.09552696,-0.08181365,-0.077595875,-0.07774995,-0.09006483,-0.075984366,-0.08089445,-0.0816828,-0.07701577,-0.08177299,-0.0790131,-0.078880064
0.0054464773,0.024257388,-0.083633006,0.079203315,-0.064056054,0.03655141,-0.04988841,-0.03185016,0.050974205,-0.00089302735,0.013626529,0.005193371,-0.078256436,0.030441562,0.07542402,-0.066960186,0.06835566,0.0010035044,-0.08694522,-0.015457208,-0.045414336,-0.043057833,0.013971352,0.08275222,-0.04145198,0.057819333,0.03281,0.037687086,0.019112838,0.04746983,-0.02340197,0.0096023325,-0.013584958,0.005474664,0.045830265,-0.044296905,-0.07624061,0.0052757803,0.05460476,0.028805885,0.081424154,-0.033727597
0.058032073,-0.054318286,0.008677908,-0.042866606,0.038517524,0.012766869,-0.07722131,-0.024409883,0.023182334,0.027414214,0.053650487,0.014063231,-0.02270373,-0.032701746,0.03118474,0.039908983,0.0059692548,-0.07331113,0.012779909,0.038947884,0.0057192766,-0.017309755,0.01907139,-0.008149293,0.045608692,-0.010921247,-0.0028875936,0.04278704,0.07729592,-0.04564875,-0.031563595,0.04966511,0.038978558,-0.007602796,-0.05650022,0.004038067,0.06956043,-0.042454045,0.016221287,0.06931575,0.0035631487,-0.024389856
-0.014796814,-0.0404392,0.0143376365,0.011963882,-0.02208659,0.021844197,-0.028469736,0.022166098,-0.03311034,0.04929789,-0.031265352,-0.027424488,-0.0027563798,0.018909646,0.0037106904,0.06501435,-0.041816615,-0.02711208,-0.02182319,-0.04033892,0.01725223,-0.021351762,0.034836933,-0.025080584,-0.023262685,-0.02751181,-0.0068826694,0.030137273,-0.022911366,0.019799639,0.060379345,0.040467225,-0.0004423708,-0.077553764,-0.004108579,-0.0139318565,0.030397525,-0.054565076,-0.04857144,0.020657435,-0.058094926,0.011932918
0.038536772,0.017095193,0.03549259,-0.019748842,0.03903626,-0.06547497,-0.006053077,0.028060786,-0.014397929,0.038595278,-0.017749975,-0.021268114,0.029613378,0.0293694,-0.005685364,0.05617715,-0.0046621845,0.037374675,0.044100292,-0.0016474556,0.051480092,0.026525466,0.01683258,-0.0042046127,0.018097078,0.03967179,-0.0024621808,0.014434753,0.011738775,-0.037306715,-0.01825102,-0.0036621303,-0.012545383,-0.03249861,0.006508859,0.03026497,0.043822512,0.032428984,-0.027123518,0.00836778,0.044263035,0.026420372
-0.05140722,-0.040890854,0.028183168,0.046461318,0.041874975,0.0072730733,-0.08463963,-0.07660432,0.043033853,0.030657038,-0.008876841,-0.06664179,-0.021916915,0.07481393,0.029959116,0.013359264,-0.07535483,-0.017138992,-0.036929794,-0.07933637,-0.03374556,-0.05414787,-0.013962919,-0.018267417,-0.04385799,-0.061630648,0.059596956,-0.03863834,-0.0034284093,-0.051360905,0.024433669,0.05338857,-0.04503087,0.056868482,0.054111958,-0.06987045,-0.061830413,-0.0695689,-0.083274476,-0.029788358,0.073630944,-0.042427637
0.06835559,0.036002304,0.08249459,0.07424913,0.079006195,0.11648549,0.079044744,0.07946937,0.061485186,0.080923125,0.07675451,0.07933257,0.0697252,0.080947444,0.069562055,0.08883991,0.08822405,0.09693386,0.08332252,0.08572461,0.090151675,0.0716174,0.06785272,0.07865665,0.029243987,0.08863522,0.07500857,0.074530534,-0.024593053,0.07949227,0.09973177,0.07586172,0.07261166,0.07202,0.08933542,0.0788332,0.080842495,0.07994079,0.058281884,0.04914839,0.08179178,0.07299421
0.03802472,0.053260084,-0.0057969647,0.04657715,0.06810518,-0.010177688,-3.9852395e-05,-0.00044718597,0.008528535,-0.00625752,0.035886653,0.017714664,-0.0048618023,-0.021083977,0.020085448,-0.025011254,0.017387938,0.014746367,0.013874234,0.05069484,-0.040856414,0.045722254,-0.04115859,0.019263458,0.020959662,0.030376326,0.04201943,0.005585716,0.039582707,-0.0039116913,-0.04064443,0.03586194,-0.0066956296,0.015575051,0.010506665,0.029271279,0.047200434,-0.012841881,0.0221324,0.016401734,-0.00490693,0.048073173
0.040091533,-0.041289788,0.005763172,-0.03163878,-0.019459222,-0.013325308,-0.0063326317,-0.00653704,-0.032874502,-0.009653873,0.015736451,-0.03714221,-0.015055621,-0.027197924,-0.03718131,-0.022044737,-0.019478908,0.016253429,-0.028412927,0.022749469,0.016040523,-0.036530633,-0.053328317,0.009112095,0.0062637893,-0.009857566,-0.024817836,-0.03442928,-0.050383728,-0.008077269,-0.051062025,-0.02382647,-0.051556632,-0.022327354,-0.0030545143,-0.022822313,-0.015801609,0.01713535,-0.027306663,-0.014834101,0.012661748,-0.023539051
-0.07506872,-0.08377097,-0.05705262,-0.065888874,-0.03563354,0.059734885,-0.07138634,-0.03972345,0.020187479,-0.016208468,-0.07110604,-0.054904275,-0.074788876,-0.02366639,-0.050283868,-0.0074070594,-0.013499938,-0.014950828,-0.024647918,-0.028534321,0.0004866622,-0.0587106,-0.054629177,-0.023898123,-0.029795649,-0.03686055,-0.022107521,-0.07224072,-0.04478977,-0.050396003,0.043494698,-0.0554741,-0.06609233,-0.029984951,-0.037264474,-0.010217121,-0.011020334,-0.022180472,-0.038092848,-0.03541852,-0.032078695,-0.06536683
0.07034195,0.06151354,0.06759699,0.07615725,0.014546097,0.0907299,0.047559466,0.07393401,0.06354595,0.073042855,0.060808256,0.056992874,0.074932486,0.058612455,0.07405384,0.074993744,0.068415664,0.05980373,0.073867545,0.07115867,0.07262204,0.048655562,0.03532674,0.07646425,0.07515166,0.055609137,0.028298818,0.0647107,0.023833076,0.07548833,0.06851956,0.08204464,0.06288074,0.019880805,0.01428249,0.0659997,0.079494126,0.08267181,0.050202794,0.048584156,0.070608705,0.063623756
0.03366404,0.023586879,0.032646578,0.03870819,0.04741497,0.0028249095,0.06417771,0.05145067,-0.024075394,0.06817747,0.071059115,0.05147966,0.072694875,0.058641423,0.04076858,-0.0009891388,0.04061895,0.010441752,0.06620806,0.042466898,0.016716916,0.057651646,0.07039798,0.06383102,0.04238885,-0.017210443,0.0728819,0.062395472,0.0752285,0.040056996,0.035467695,0.024705311,0.078361444,0.00549516,0.016777184,0.04335578,0.06310888,0.05307269,0.046827752,0.057429325,0.06440107,0.056280702
0.038191058,0.014764868,0.056947757,0.0697579,0.062275283,0.04046381,0.04719107,0.04491478,0.070170365,0.08030378,0.047656573,0.06170217,0.058388326,0.0710379,0.057992976,0.079779886,0.046875764,0.016398862,0.07037447,0.08034219,0.061240997,0.050058067,0.05452348,0.07312417,0.02538582,-0.003607193,0.04364571,0.06455449,0.06251073,0.004502923,0.081960425,0.074547544,0.06006987,0.05576791,0.059743304,0.067014776,0.048192766,0.040838353,0.055549186,0.043658946,0.044306308,0.048469134
-0.0057401084,0.013588002,-0.057569016,0.05078126,0.050117623,-0.03130075,0.0046214266,0.01803247,0.054605257,-0.080642976,0.052857168,0.0560133,-0.041715685,-0.009880336,0.046377588,-0.0058541484,0.010551886,-0.06056645,-0.032523654,0.0196526,-0.0421517,-0.012437645,0.08032306,0.008798092,-0.085258976,0.044727005,0.0044084424,0.018906992,-0.007373994,0.010771745,-0.04818429,0.00479338,0.0008654326,0.028636904,0.04852983,-0.004307102,-0.057728164,0.0020823234,0.027717624,-0.03260734,-0.020658698,-0.005209004
0.0089518335,-0.049542163,-0.0292119,-0.023485934,-0.009808202,0.051217604,-0.070602916,-0.06515009,-0.00400964,0.030076234,-0.013893133,0.06478691,-0.012696409,0.062576175,-0.063328736,0.006333895,0.007407311,-0.06472036,0.05779701,0.028380673,-0.0051627373,0.0044670324,-0.00073451345,0.05524353,-0.04894881,0.054821543,0.051566537,0.009472067,0.006048794,-0.05673769,0.020855116,-0.030477121,0.048013683,0.026158262,0.03410449,0.0059867133,0.033048175,0.029386332,0.008402031,0.060611866,-0.06540655,-0.06667886
0.05790676,0.050638456,-0.054631025,-0.040713254,-0.027356742,-0.021033008,0.047109094,-0.017048078,0.03625273,-0.029028784,-0.028958464,-0.019374229,0.028387988,0.018685058,-0.05389896,0.01482731,-0.03838597,-0.016165521,0.035067447,-0.02005611,-0.0044321944,-0.012062408,0.061971646,0.047635384,-0.041761,-0.010960703,-0.003405264,0.0259923,0.008003223,0.028048974,0.057679046,0.00065012637,0.0032291869,-0.0153577365,-0.072458036,-0.036501057,0.023468055,-0.024587281,-0.03903844,0.04714393,0.05389933,0.006101165
-0.0074961684,0.004040243,0.034359045,-0.08024993,-0.00041981097,0.057867307,-0.006174457,-0.05862445,0.053067107,-0.027698925,-0.063107595,-0.078279674,-0.06358486,-0.03301073,-0.06496247,-0.044379912,-0.06494746,-0.036373347,-0.045284692,-0.035286125,-0.031304725,0.01451366,-0.06923478,-0.07457515,-0.0021027434,0.056535948,-0.029748099,-0.042963754,-0.07594051,-0.06795662,-0.015115128,-0.016783219,-0.05955922,0.018830094,0.040787876,-0.074015506,-0.014508936,-0.038836475,-0.065604925,0.05650745,-0.048514895,-0.009757182
-0.020295715,-0.03918133,-0.03696241,-0.00444956,0.011978108,-0.0030190044,-0.051218472,-0.04880191,-0.06445553,-0.017164841,-0.008750737,-0.028158825,-0.03823747,-0.019640183,0.015667476,0.035119846,-0.021292526,0.0074893334,0.02243032,-0.035306953,0.0036920442,0.0007131685,-0.02267267,0.016112603,-0.08253702,-0.065347195,0.059927374,0.004604309,-0.029122056,-0.0029207552,0.0071886084,-0.046990767,0.036140475,0.051630177,-0.027904551,-0.011086114,0.0016702022,-0.0005327095,-0.020530123,0.040822353,0.0014046661,0.011262567
-0.049848903,-0.05556057,-0.007404672,-0.079052776,-0.06466227,-0.0075226524,-0.048002455,-0.06997161,-0.03663647,-0.075841896,-0.0708082,-0.054517895,-0.006910431,-0.056021985,0.05269125,-0.0042026057,-0.060188867,-0.0151948985,-0.053985335,-0.067563884,-0.014187067,-0.013663618,-0.055719107,-0.015723737,-0.05183748,-0.04971927,-0.03997495,-0.04863523,-0.068313845,-0.05219935,-0.04519074,-0.0745045,-0.037169512,-0.06706669,-0.07441373,-0.07376374,-0.035844736,-0.014372445,-0.026692834,-0.06774903,-0.04078651,-0.048494153
0.016763045,-0.016364314,-0.047412846,-0.004164522,-0.044512328,0.04774171,-0.03744428,-0.05532846,-0.05633565,-0.06548095,-0.018818649,-0.018861504,-0.020964684,-0.0062593175,-0.011834257,0.008437549,-0.021251861,-0.014253544,-0.0124902185,0.011974169,0.030172966,-0.03782495,0.017466387,-0.03608977,-0.048465434,0.032174375,-0.028653001,-0.012163223,-0.03773735,-0.038005266,-0.016477179,-0.07256639,-0.020574572,-0.05430916,0.006108861,-0.024234744,-0.025400942,-0.028282855,-0.04807508,0.0033407887,-0.015012528,-0.045265507
0.0024519614,-0.00878451,0.031523917,0.010108148,0.0034622196,0.019756684,-0.039910194,-0.023806764,0.011567832,0.012872078,-0.005822891,0.023959694,0.012570123,0.016661467,0.013514748,0.0008700823,0.028891016,0.033931267,0.0022581941,0.05914298,0.0507276,-0.016261378,0.053460073,-0.037688352,-0.0063075963,-0.007697005,0.022105778,0.05514033,-0.04198842,0.027805017,0.0069239396,0.026027786,0.022104805,0.03518375,-0.032845106,-0.010154228,0.016694982,0.0029639972,0.046257667,0.0064550196,-0.039605215,0.016825434
-0.0018712651,-0.0490737,-0.04006635,-0.024767237,-0.059383504,-0.005827697,-0.05073232,-0.04840748,-0.045193106,-0.03609113,-0.06564739,-0.03885121,-0.072907075,-0.07168821,-0.049605817,0.022057945,-0.017028956,-0.037716094,-0.049219478,-0.05194288,-0.012569391,-0.062836155,-0.05439714,-0.05450116,-0.031476103,-0.042780075,-0.07592291,-0.04203581,0.0406892,-0.04157956,0.01829695,-0.03403541,-0.021515692,-0.038534373,-0.015744934,-0.035421133,-0.045042753,-0.03852515,-0.07212578,-0.06433461,-0.00081819535,-0.06997289
0.02230645,0.0040033553,0.07001475,0.027347075,-0.03456805,-0.06388981,0.018985944,-0.06637919,-0.017495172,0.048213452,0.039437618,-0.061946094,-0.03629661,-0.0039498056,0.008213299,0.007355934,0.0384614,0.009503913,-0.03903512,-0.034643937,0.0868394,-0.046817854,-0.061378103,-0.06426617,-0.02423764,-0.028664654,-0.010635225,0.027747074,-0.04825422,-0.024659475,-0.074101485,-0.06419492,-0.08274904,-0.0347175,-0.0514369,0.023736898,-0.024915239,-0.061133616,-0.020732874,-0.04684733,-0.05524176,0.07005555
-0.0018495718,-0.004229495,-0.062679574,-0.022056885,-0.06366105,-0.07747192,-0.062418103,-0.07654219,0.0005586025,-0.07485605,-0.043007396,-0.078079626,-0.041219756,-0.08838311,0.01159644,-0.08288802,-0.059519056,-0.05822556,-0.07111614,-0.072819516,-0.06988894,0.0023318762,0.011791381,-0.07234259,-0.079160556,-0.025571708,-0.041980214,-0.07700092,-0.071082965,-0.045954276,-0.05487686,-0.012059998,-0.0050905966,-0.07447035,-0.026386343,-0.032225624,-0.069973916,-0.073212355,-0.0026534728,-0.06698233,-0.05241578,-0.053919278
0.043816667,0.07854171,0.04039557,0.054890513,-0.0051623886,0.022884797,0.058020424,-0.0072825504,0.076576784,-0.041419316,0.027876446,0.015334255,0.07649099,-0.032845564,0.07819603,-0.010914959,0.081073344,0.023746423,0.094768114,-0.024786292,0.05226362,0.09137716,0.006630944,-0.06917963,-0.017542496,0.08211217,-0.073893666,0.06584798,0.009902663,-0.00033588556,-0.033359688,-0.052877363,0.07334515,-0.0013603846,0.008887592,0.07897265,0.08532203,-0.012752438,0.013794977,0.014426741,0.07577169,0.07639901
-0.026176361,-0.050817914,-0.050118085,0.068737805,0.07198401,0.010323964,-0.040934518,-0.024605025,0.01348562,0.06496159,0.033481725,-0.058432035,0.014561595,-0.0015294959,-0.07149874,-0.054160003,0.027028233,0.060906317,-0.008193477,0.030365106,0.026355285,-0.007557839,-0.019849705,0.03608206,0.034604765,0.012402333,0.031228758,-0.011984501,0.015361927,0.006501564,0.022550277,0.005078586,-0.0007891831,-0.04463945,0.07030773,0.021973336,0.043989625,-0.0014728581,-0.010091294,0.03536342,-0.06572329,-0.0064355396
0.005029418,0.06700997,0.0031298476,0.009568769,-0.0076556285,0.034253884,0.024317198,0.071387395,0.017031733,0.0035952239,0.014567733,0.0008072957,0.0038992495,-0.022882335,0.012993846,0.04025033,-0.015434696,-0.022474881,-0.02427439,-0.007242141,-0.015107441,0.013920378,0.035125367,0.04826115,0.058581978,0.02172784,0.010810486,-0.024273425,0.018464217,0.050115746,0.0022750022,0.04497537,0.010266819,-0.017144842,0.04088736,-0.012777938,-0.0023630701,0.026023852,0.035924546,0.049962785,0.02979938,0.038720272
-0.00060010696,0.06981069,0.04841419,-0.037056316,0.03616491,-0.06307524,-0.02879686,-0.016594693,-0.015927069,-0.017973704,0.055657465,0.009184179,0.03615615,-0.07898244,-0.047118995,-0.0658393,-0.0007893017,0.05395405,-0.04139535,-0.016408931,0.008467984,0.009270475,0.023113493,-0.053506628,-0.026742125,0.015356058,0.034337204,0.035956718,0.03238356,0.04822265,-0.035931155,-0.040330585,0.020309081,0.05278558,-0.06488027,-0.0023162505,-0.023681562,-0.020797823,0.04067654,0.015580252,0.030404354,0.04619374
0.020297522,0.009776885,0.004420278,-0.024389472,0.020569367,-0.022307813,-0.01709592,0.06332532,0.01792495,-0.035775222,0.028800074,-0.056566242,0.070814565,-0.048121393,0.0038908054,0.029877981,0.03127866,0.07065895,-0.002981414,-0.024564095,-0.0010250639,-0.051005937,0.052250892,-0.041761626,0.0020832093,-0.015474742,-0.01986719,-0.031876277,-0.009446448,0.008324823,-0.07134705,0.009775241,0.0067552887,-0.04833028,0.068369016,0.060683444,0.00672291,-0.008216858,-0.0043455013,-0.0058230106,0.005930987,-0.05243076
-0.02101776,0.0372878,-0.052017063,0.02682783,0.008946735,-0.07499144,-0.04077185,-0.029628422,-0.028576327,-0.013780857,-0.06302155,-0.051265568,-0.04749969,-0.019584004,-0.0074177263,0.03893416,-0.054046847,-0.05673863,-0.051318932,-0.015779367,-0.03790967,0.04370003,0.005443847,-0.023636613,-0.014297973,0.016985025,-0.0029885855,-0.041195314,-0.063713565,0.028365653,0.016914513,-0.033123374,0.027808676,-0.0242081,-0.073589854,-0.046212215,0.008698422,-0.039789602,-0.046215095,-0.018896338,-0.019157156,-0.058516044
-0.05228852,-0.02864813,0.041949887,-0.0438503,-0.0471124,0.015407835,-0.0028202566,-0.0124128,0.055962604,0.05817524,0.021917664,0.042003542,-0.01973559,-0.0471248,0.018468577,-0.018271493,-0.025261661,-0.010619421,-0.013425733,0.06066224,0.01834746,-0.027347645,-0.053568587,0.0054132827,0.002699373,-0.018381262,-0.061367266,0.014753054,0.012053208,-0.0013091969,0.008577451,0.07182357,-0.049161565,0.032761756,-0.01720627,0.0122208325,-0.0336672,-0.0034420849,-0.006991182,-0.020288914,0.0010105249,0.0562557
-0.048643272,0.06425061,-0.057293378,0.04835094,-0.0028163951,0.03501697,-0.05958746,0.02355957,-0.044684883,-0.08279986,0.022620846,0.0012682407,0.065855205,0.009402307,0.005729354,-0.04976966,-0.04527178,0.009919905,-0.06288714,0.03105373,-0.06793082,-0.0038128549,0.050421257,-0.00945909,-0.017143602,0.007974611,0.007703424,-0.071182676,-0.009626668,-0.06559766,-0.07024522,-0.07505192,-0.041764364,-0.036334552,0.033389073,-0.03368888,-0.05548212,-0.054984763,0.053253304,0.012933851,-0.02463647,-0.024299629
0.0068512503,-0.002508986,-0.053444516,0.04477985,-0.00050265156,-0.01072829,0.062603176,0.072061844,0.055274107,0.023967491,0.05170796,0.04191815,-0.069862194,0.01462201,-0.049435098,0.027425632,0.009078969,-0.0134268915,0.0012007231,-0.024849635,-0.031055745,-0.053666484,-0.075020336,-0.04349586,-0.042977758,-0.05024581,0.037521176,0.080161296,0.013819284,0.081789665,-0.038891464,0.05254913,-0.0068204594,-0.02618517,0.038111094,0.03506414,0.015726537,0.03923171,0.012823285,0.055175763,0.032606836,-0.039110065
0.02942261,-0.04055362,0.04155133,0.0577988,0.038177233,-0.0031506359,0.011705559,-0.014952629,-0.037586465,0.045879055,-0.021130932,-0.011940132,0.04284159,-0.003629994,0.07287724,0.04967389,0.05702562,0.038974553,0.024870811,0.0065441825,0.037117455,-0.007979527,0.0027342718,-0.06872373,0.055384383,-0.026640559,-0.07316339,0.044844862,-0.0050294516,0.04152161,0.07222329,-0.0006111958,0.05245648,0.022635838,-0.014749261,-0.0070424597,0.07677435,-0.023550611,-0.019855306,-0.041552804,0.08330831,-0.015308304
-0.020384537,0.035350524,-0.04813997,-0.024779316,0.014833485,-0.030282354,-0.0530539,-0.06171915,-0.055046182,-0.047347542,-0.0362943,-0.05009054,-0.0396065,-0.05396935,-0.021463288,-0.025055466,-0.041979697,-0.05896171,-0.0383214,-0.058907524,-0.021052592,-0.018095056,0.0021627538,-0.039192006,-0.062191322,0.041583292,-0.02710481,-0.0385194,-0.014781982,-0.044884957,-0.07069095,-0.065565534,-0.02952755,-0.06204623,-0.059928432,-0.039521422,-0.056817897,-0.026927317,-0.030047545,-0.040156078,-0.03618144,-0.062057745
-0.024208277,0.007770134,0.037280574,-0.06988932,0.019136118,0.058814336,-0.024966164,-0.03633967,0.04486455,0.06416116,0.07709741,-0.06441654,0.01842476,0.04172245,-0.067616515,0.019641543,-0.06557734,0.00016629348,-0.005507737,-0.010292624,-0.04188015,-0.061923772,-0.038544722,0.06416254,0.07146759,-0.06818339,0.07498079,-0.030886522,0.07277841,-0.013286081,0.06366504,0.08127156,-0.019376982,-0.040672958,-0.026293866,-0.037059832,0.02323745,0.08024044,0.079978585,0.021525744,0.01722786,-0.04007241
-0.010556598,-0.013989606,-0.05230584,0.0058409874,0.06480986,0.03641046,-0.051336993,-0.018570196,-0.02236106,-0.012692915,0.057530332,0.013035618,-0.050392374,-0.03368372,-0.011533194,0.03934783,-0.07324266,-0.026823394,-0.07019343,0.041710824,-0.08131679,-0.037366927,0.056534365,0.07569059,-0.023896953,-0.024478458,0.051069375,0.064966984,-0.03994744,-0.017658282,0.04889558,0.08235956,0.048020333,0.055191536,0.05650173,-0.08005854,-0.04876195,0.010890331,-0.016091837,0.0262388,0.016523276,-0.07957985
-0.053033195,0.0059417835,-0.029467473,0.016940936,-0.04418338,0.0018676126,-0.013499997,-0.076839834,0.041313298,0.009036597,-0.044972748,-0.060941312,-0.0008485883,-0.0045169573,-0.047573313,-0.038173888,-0.060274422,-0.008211309,-0.032067053,-0.027743155,-0.059520345,0.0035426938,-0.023204532,0.030685015,0.010985687,0.05651805,-0.025182707,0.003715055,-0.0390353,-0.036276877,0.053284314,-0.015502692,-0.060406294,-0.051207665,-0.037239168,-0.070965,-0.06958674,-0.016921613,0.025271965,-0.006172156,-0.012807706,-0.028359713
-0.08787595,0.023088917,-0.08776909,-0.004042682,-0.050696734,-0.09075598,0.03299821,-0.060346838,-0.07165195,-0.08470255,-0.08463728,-0.03533033,-0.08267932,-0.06620759,-0.05415295,0.0013695579,-0.042964466,-0.060809422,0.059957225,0.013769601,-0.06730097,0.0733955,-0.080646046,-0.08297957,-0.06042582,0.045031454,-0.052094743,-0.080122404,-0.070911616,-0.033431668,-0.054041337,-0.04844649,0.035784516,-0.0725354,-0.05147455,-0.057477936,0.027840031,-0.029792482,0.026590485,-0.064491786,-0.07993805,-0.08173625
-0.04545864,-0.03204341,-0.051032927,0.009072661,0.05952106,0.0010874046,-0.04756464,-0.04680522,-0.04463015,0.06789098,0.00097124337,0.020651631,-0.05968738,-0.002425304,0.0059491564,-0.041672837,0.03697307,0.05092466,-0.03686423,-0.01011044,-0.015709866,-0.0318882,0.064033344,0.059618335,-0.04742362,-0.0038542647,0.07103744,-0.034679845,-0.072530515,-0.02734297,-0.0047203046,-0.02184298,-0.0006937459,-0.029851392,-0.02476164,0.049787626,-0.0358547,0.05266303,-0.044044934,0.033515222,-0.0037896866,-0.01621116
-0.026620172,-0.063183285,-0.038041133,-0.044993266,-0.08092022,0.047932766,-0.035511225,-0.041381054,-0.024371495,-0.03585606,-0.061195645,-0.04370315,-0.07311667,-0.04438575,-0.009382266,-0.014848302,-0.025776466,-0.06655194,-0.050761107,-0.04437852,-0.025237137,-0.014057603,-0.053951528,0.0019102516,-0.06720071,-0.0651257,-0.0766885,-0.06091129,-0.07781397,-0.07976819,-0.023994086,-0.039558247,-0.041341994,-0.054353822,-0.053498134,-0.05733759,-0.022257902,-0.025271956,-0.07685939,-0.021704162,-0.04630292,-0.05560248
0.02276629,0.0027690732,-0.010499408,0.07797891,-0.012429072,-0.045252427,-0.0052019362,0.04269087,0.041405592,-0.08260842,-0.01898347,-0.02044849,-0.034515426,0.015731005,-0.052782293,-0.081693776,0.057875983,0.08647215,0.00035791742,0.04623331,0.084675066,-0.04918702,0.009949271,-0.030504849,-0.046209835,0.005458666,-0.058803238,-0.039475475,-0.035896275,-0.055117797,-0.034927707,-0.06750695,-0.051679213,-0.027494807,-0.0029193794,0.061423812,-0.031734217,-0.05029839,0.02031128,-0.021841066,-0.012258665,-0.039361402
0.011166056,-0.06158343,-0.005812028,-0.06420687,0.025785696,0.009121943,-0.06459256,-0.061659556,-0.07166315,0.010019255,-0.0022645444,0.008287657,-0.0005425542,-0.020130603,-0.065170415,0.020654907,-0.03153978,-0.0067790453,0.017317256,-0.044034563,-0.05360005,-0.07596072,-0.03107474,0.0033897671,0.007963844,-0.017274681,0.047730573,0.05771092,0.046266865,-0.041351154,0.022957481,0.0031145723,0.0076591717,-0.036669962,-0.07937884,-0.07120697,-0.01121757,-0.068522714,-0.07540721,-0.0414519,-0.06790343,-0.026768355
-0.01653832,-0.02670633,0.006545442,0.019925203,-0.00061225647,-0.021397796,0.015049221,0.057747003,-0.04615888,0.011094787,0.035416123,0.025484812,-0.009139471,0.026656073,-0.047091972,-0.03643281,0.013021352,-0.012668553,0.04070237,0.03742772,-0.010897037,-0.037102696,-0.035844725,0.052134443,0.009599505,0.0052321414,0.0077263024,0.06373213,0.053208765,-0.010221562,0.030966444,0.031462044,0.00622823,0.00039887466,-0.044692095,0.008720001,0.06284885,0.045542847,-0.0029638696,-0.017006747,-0.021740284,0.018729568
-0.02997674,-0.020017155,-0.016111588,-0.0307079,-0.030704362,0.023482028,-0.0142675815,0.057741385,-0.058482647,-0.040093742,-0.063946314,-0.008927828,-0.038308203,-0.010707561,-0.019947821,0.029962182,0.026300384,0.027774984,-0.013786214,-0.06628546,0.06448713,-0.060416736,0.008522879,-0.022331145,-0.06889123,-0.019460656,-0.04263315,-0.042644985,-0.06541124,0.009934921,-0.024325231,-0.05394075,-0.007620222,-0.0477294,-0.021323143,-0.014160015,0.022026988,-0.0410726,-0.07245055,-0.038088992,-0.041761976,-0.017132139
-0.05819668,-0.004540881,-0.06765761,-0.052780595,0.011432389,0.05288606,0.059551124,-0.0149086565,0.0473629,0.025918948,0.02449981,-0.013865778,-0.068204924,0.04147451,0.051645186,0.0020594187,0.04089728,0.011721204,-0.005637435,0.044847958,-0.061219692,-0.060894348,-0.01681762,0.040055428,0.020359065,-0.0015928808,-0.025338328,-0.05318901,0.044842083,0.018099174,0.059896156,0.04900982,-0.06856302,0.041859943,0.00037035425,0.02534961,0.025367443,-0.0092251655,0.081703946,0.048315316,-0.035813205,-0.030911727
-0.00254646,-0.04290197,0.02577888,-0.07257343,-0.035616074,-0.008903424,0.005983636,-0.075224996,0.022425808,0.02788478,-0.074322455,-0.022510825,-0.003959828,-0.04824249,0.059735063,-0.008778296,-0.06802335,-0.080672465,0.052978694,-0.023047283,-0.051145617,0.040862046,-0.040770963,-0.069130406,-0.017166736,-0.04505695,-0.0008380616,-0.05742449,-0.03405076,-0.07349159,0.002081137,-0.06539642,-0.0679922,-0.029250685,-0.038399752,-0.08346282,0.02457514,-0.08078081,-0.083912626,-0.04256978,0.020112514,-0.034775518
-0.036301766,0.06595375,-0.041713767,0.02240985,0.042278487,0.0009017066,-0.042110294,0.019932883,-0.059279837,0.014710148,-0.0039471383,-0.020636361,-0.044690594,-0.029094577,0.005563547,-0.083716966,0.015758298,0.054532427,-0.059120853,-0.057761967,0.03205511,0.009648497,-0.008128686,-0.05049521,-0.018658645,0.030271517,0.0188626,-0.014290248,-0.0097797625,0.06292745,-0.07978548,-0.064565614,-0.076488525,-0.042316753,-0.022114027,0.03259435,-0.06652273,-0.047001086,-0.02558606,-0.07002179,-0.059217818,0.050501257
-0.049606968,0.037066754,0.031731952,-0.0012044155,0.0029727514,0.029515028,-0.019918073,-0.021223998,-0.044761933,-0.02547015,0.001367988,-0.010560151,-0.010605988,-0.032975066,-0.0066645895,0.0412994,0.019066017,0.0055102804,0.061334796,-0.041055694,0.038013548,0.017872946,0.0244731,-0.03994318,-0.018665776,0.0035396398,0.012589404,-0.017470475,-0.059338104,-0.030160286,-0.028756665,-0.019182097,0.023774179,-0.04406085,0.00059791084,0.03693463,-0.009767883,-0.04062338,0.035658017,0.012278337,0.0153722,0.06449105
-0.040517032,-0.08891878,-0.03482939,0.070588835,-0.066533946,0.01037392,-0.040128216,-0.01528374,-0.016081175,-0.022856073,-0.057651475,-0.03976082,-0.060621805,-0.077604696,0.039803848,-0.07271362,-0.045021728,-0.060177717,0.03534475,-0.032594107,-0.062205825,-0.03767698,-0.07217521,-0.0018243714,0.010572738,-0.012375447,-0.028939003,0.04890488,0.078864716,0.02523344,-0.03534688,0.020125588,-0.025508149,0.006021018,-0.041448124,0.042991392,0.04189973,-0.056439646,-0.014867894,0.022152713,0.038582444,-0.056108862
-0.066766225,-0.019930994,-0.035237573,-0.057508003,-0.010804027,0.010783899,-0.028770339,-0.035132717,-0.04278001,-0.06877752,-0.00039477638,-0.058612134,0.037947256,-0.040934853,-0.04656148,0.010427141,-0.05446741,-0.037486654,-0.044972364,-0.049207896,-0.0050779823,-0.04854114,-0.012366039,-0.029729847,-0.065263905,0.06943164,-0.013779004,-0.058280494,-0.046473034,0.01796081,0.0291776,-0.06102358,-0.044428732,-0.043025553,-0.01959082,-0.054217312,-0.04912943,-0.045785382,-0.065584615,-0.0035107045,0.04298148,-0.071431726
0.040922802,0.046930388,-0.051496465,0.020754682,-0.034337718,-0.012070359,0.04649962,0.061528645,0.045226905,0.07050242,0.051093694,0.08675947,-0.013447386,0.08205901,0.054052312,0.018544642,0.081751734,0.044819236,0.040588763,0.08453017,0.035119526,-0.036787115,0.032100197,0.030683119,0.06115078,0.060805917,-0.018264163,0.030004095,0.07913578,0.073315054,-0.013372651,0.067604005,0.041544706,0.022878865,0.06972007,0.08102091,-0.014320531,-0.005581958,0.031342007,0.036472213,-0.040563934,0.047468584
-0.031649258,0.025184372,0.0018182329,-0.03211151,0.03315418,0.028391207,0.03247517,-0.0074812956,-0.010374277,0.030491216,0.033952065,0.0384291,-0.038677696,0.011405623,-0.015950814,-0.0021480606,-0.009991443,0.041232113,0.0052735964,0.013293795,0.013421582,-0.04022266,-0.026057327,0.022076085,0.030907951,-0.012006167,0.016834615,0.02008291,0.03376397,0.013545269,0.034307167,0.014609849,0.0057021338,-0.008870166,-0.00095077406,-0.002196521,0.0059039,0.015017109,0.01598386,0.0002513427,0.011115798,-0.0011835429
0.048426744,0.03470378,-0.0008271044,0.0075087594,-0.00021667776,-0.079303496,0.054839347,0.03076934,0.022766316,0.016542386,-0.04410656,0.00040208147,0.020476826,0.019073019,-0.06616434,0.0530136,-0.02555058,-0.052062172,0.009263425,0.02609191,-0.039292697,0.027569585,-0.03216442,-0.02199996,-0.02072117,-0.014284959,-0.06115224,-0.018446185,-0.037589476,-0.027029963,-0.041576106,-0.0211202,0.015749302,0.03384481,0.020759666,-0.0059439535,0.00772982,-0.035936423,-0.026169637,0.0030880799,-0.022134826,0.017943466
-0.039331365,-0.02956932,-0.0464507,-0.037510537,-0.06536477,-0.06251142,-0.04750778,-0.03816769,-0.023099372,-0.04921054,-0.063282065,-0.035464037,-0.04170592,-0.061074045,-0.049973216,-0.054893803,-0.056369193,-0.08437379,-0.05196438,-0.060226675,-0.062306747,-0.050523642,-0.02061331,-0.048330054,-0.043212455,-0.038169358,-0.03652555,-0.06339009,-0.046002023,-0.032083906,-0.02550718,-0.07405499,-0.029763866,-0.029470822,-0.010099378,-0.04608839,-0.055997297,-0.035982467,0.01038671,-0.05449343,-0.014827399,-0.046392385
0.0658382,0.031305607,0.05143784,0.043972403,0.026340684,0.011661104,0.013948773,-0.084276594,0.041043505,0.021348119,0.037012786,0.059068184,0.02883174,0.032497067,0.006626533,-0.014659462,0.039494216,-0.0021856271,0.06429563,-0.08102248,0.027963256,-0.0039305673,0.07160413,0.07822039,0.005124802,-0.0433078,0.061378162,0.034391176,0.004374036,-0.052691396,0.02178835,0.0168822,0.05026454,0.021444088,-0.03494198,0.056688536,0.03347098,0.014060082,-0.06257869,0.0060387384,0.018732555,0.05393949
0.05544532,0.038695022,0.032427505,0.028154409,0.006277492,0.02270787,0.0083545735,0.051439993,0.026538495,0.012536686,0.05351843,0.003620889,0.052422367,0.04010641,0.03389442,0.008524216,-0.007593995,0.025868027,0.035395995,0.00064584205,-0.045511983,0.058827512,-0.017504513,0.019298425,0.025689505,0.007143071,0.034177788,0.024476478,-0.061396744,0.030556722,0.069073044,0.036818124,0.0068546073,0.03432083,-0.023137799,-0.013917096,0.013756327,-0.0064567975,0.022990018,0.027843174,0.023267893,-0.02576913
-0.015337625,0.016187537,0.01968675,0.02710018,-0.048072144,0.033700373,-0.042992104,0.021690037,-0.010356747,-0.009514146,0.012242564,0.018159127,0.025063671,0.0597108,0.058554377,-0.021869576,0.048179273,0.030543296,0.039454352,0.020676853,0.044386603,0.07514888,0.027237372,-0.0048803985,-0.06544295,-0.0033539443,-0.0036824225,0.0024200752,-0.0096208295,-0.043043513,0.016502973,-0.03797656,-0.02305536,0.026433414,0.0494492,0.07380826,0.05774487,0.056142215,-0.041261323,-0.071165025,-0.033768162,0.05677153
0.0022462988,-0.033088535,-0.009149509,-0.03655042,-0.0043590004,0.014622539,0.028737063,0.010352722,0.021210462,0.020610854,-0.069925465,-0.03781867,0.019052539,-0.028714478,-0.039624255,-0.05652357,-0.049035657,0.0018604046,-0.07550048,-0.028700355,0.003523134,-0.06703218,-0.035979204,-0.016409429,-0.018544447,-0.057458147,0.027026553,-0.082696676,-0.01465946,0.06411657,-0.044551384,-0.006179923,0.016238531,-0.029535001,0.038271405,-0.06666011,-0.00999403,-0.011837507,-0.05288,-0.016369747,0.07767775,-0.05590752
0.032957107,-0.0017792325,-0.029923601,0.02015298,-0.014067864,0.010705018,0.027778625,0.069229536,-0.023477245,0.029946571,-0.015256716,0.038705565,-0.01793856,0.01665597,-0.047651056,-0.043896068,0.0622501,0.0077496436,0.00031571052,0.011183228,0.038678885,0.010749163,0.06533705,0.0606546,0.024062045,0.03895381,-0.016615577,0.0077836546,-0.041162137,0.06057282,0.042187575,0.05998232,0.07672085,-0.03501153,0.04365321,0.06702389,0.017927554,0.04504165,0.03869428,0.051873077,0.024905462,-0.035396762
0.06229253,-0.006296533,0.06979681,-0.0073866704,0.023278372,0.035672434,0.07512352,0.059541944,0.001371508,0.0014394766,0.06756873,0.07781035,0.068083644,0.06711559,0.062175512,0.008098818,-0.0011673113,0.011973421,-0.03504777,0.015380861,0.020133873,-0.05886586,0.06679076,0.05772623,0.082464315,0.012936576,-0.044275492,0.07117844,0.077963695,0.044662617,0.05071742,-0.0055007893,0.078018546,-0.024206221,-0.012555569,0.006737233,-0.05146326,0.0026327295,0.014251923,0.08077677,0.058526315,0.052062478
0.0022887483,0.023020333,0.05462076,-0.01925648,0.042793516,-0.002757522,0.00418803,-0.067771345,-0.035343148,0.017067406,0.007965426,0.051854853,0.05216097,-0.006155834,0.029185737,0.0377625,-0.009965244,0.0028016528,0.027489884,0.054096486,0.041331455,-0.026858397,-0.017845705,-0.021406995,0.031605992,-0.011056257,-0.024273599,0.017863499,0.0028767048,-0.008424309,-0.038057365,0.0313306,0.049559206,0.069170274,-0.040979065,0.019938909,-0.021574048,-0.031024747,0.022616198,0.005301805,0.017113848,0.04797604
-0.012673216,0.023744546,0.024598386,0.0385793,-0.059229363,0.016132638,0.008323011,0.04887494,0.018323557,-0.05468365,-0.040885333,-0.03783559,-0.037467334,-0.053609226,-0.046651635,-0.039150186,0.0126364725,-0.0017925543,0.0058566094,-0.013875077,0.02306619,0.033976857,0.009386344,-0.06997931,-0.08468098,-0.009988066,-0.02976021,-0.024373358,-0.008962766,-0.020878805,0.08322828,0.064242594,0.06536194,-0.017617153,-0.077939376,0.032542884,0.027203737,-0.056713022,0.02570972,-0.03649261,-0.050356846,0.024301339
-0.006295638,-0.04712097,0.025487186,-0.0632647,-0.023778241,0.010813209,-0.03963257,0.03803595,-0.024326203,0.07536563,-0.055980507,0.04060577,0.014028902,-0.010224893,-0.054520767,-0.07738323,-0.018996555,0.03076147,-0.043115985,-0.012019987,-0.05867878,-0.08487704,-0.020239072,0.0101571325,0.0495177,0.013936956,-0.061748106,0.04527704,-0.018026315,0.0025108526,-0.012232469,0.01734733,-0.06393655,-0.021261308,-0.04279151,-0.0052962196,0.04113465,-0.031196628,-0.041956197,0.010744912,-0.0006216698,-0.017681092
0.007522498,0.053965967,0.028951831,-0.0799383,0.07327351,0.02332202,-0.016412111,-0.035933692,0.06642389,0.05255061,0.07582486,0.045300733,-0.016089903,-0.008264439,-0.07397369,0.015047902,0.011948312,0.016457016,0.072091214,0.0032858138,0.032300398,-0.007785354,0.013611527,-0.041724592,0.027960446,0.053543456,0.07463658,0.056847803,0.06412196,-0.021274,0.07674708,-0.008498892,-0.039849885,0.078417316,0.06449965,0.059734605,0.045482952,0.063018925,0.05398085,0.038940284,-0.062387858,0.07287443
-0.021628553,0.002099708,-0.014742082,-0.044467103,0.028865978,0.025141044,-0.009407711,0.05310365,-0.014838563,0.024271151,-0.022576319,-0.06541727,0.06314844,-0.04990943,-0.052436706,-0.07275748,-0.007110904,0.027651878,0.023862619,-0.027363986,0.012825648,-0.0474558,-0.07951624,-0.045728717,0.06826131,-0.027843725,-0.06460158,0.05549468,-0.05435838,0.011346952,-0.014832785,-0.05693867,-0.06808959,0.06451622,-0.046630673,0.013728831,-0.022155218,0.00983704,-0.03993659,-0.045101937,0.025147539,-0.0106007075
0.0048162006,-0.004868614,-0.0012503904,-0.0029676934,-0.036350507,0.0096970145,-0.0091141425,-0.006156622,-0.028622791,0.0538536,-0.004505868,0.03765494,-0.05621527,-0.045275044,-0.04092699,-0.03808213,-0.01510667,-0.08955215,0.0049719024,-0.00043779527,-0.019351987,-0.020039897,0.019870525,0.025458742,-0.028033417,0.046448156,0.0030413882,0.06759894,0.03190151,0.052314173,-0.0027548263,0.038168017,-0.012069449,0.047418512,-0.073881045,0.04048638,-0.023304757,0.0013030104,0.014373285,-0.023357479,-0.0047804234,0.0642683
-0.04702268,-0.030409334,-0.080307774,-0.020878553,0.027208712,-0.045448124,-0.034040753,-0.032279033,-0.052990235,-0.054826308,-0.01380822,-0.023950115,-0.058814093,0.018909734,0.07292739,0.04437188,0.004567753,-0.058956053,-0.07992255,-0.052758686,-0.037756156,0.03393235,-0.041425698,-0.00010130607,-0.071050406,-0.06824793,-0.03417872,-0.053381007,0.006743091,-0.030215867,-0.0690296,-0.063577615,-0.011555439,-0.06504062,0.008534021,-0.042749807,-0.015918998,-0.009156971,-0.011100843,-0.08879283,-0.056756705,-0.0702405
0.057367057,0.032551926,0.016584357,0.03813762,0.06862207,0.033879805,0.008827266,0.029054336,0.051641516,0.06567947,-0.0118797235,0.06499486,0.006996432,0.0782695,0.05126053,-0.05929575,0.040253557,0.06950043,0.041345514,0.07773702,0.04648909,-0.020369006,0.044170823,0.03531441,0.013458744,0.06990186,0.05794203,0.0519777,0.060417145,0.03489352,-0.012013003,0.038010634,-0.021456609,0.062023703,-0.022099659,0.07564282,0.061659083,0.06796489,0.059095375,0.057352435,0.02001756,0.053873125
-0.006743937,-0.055784997,-0.008438104,-0.011983863,-0.054353237,0.06902463,0.029008383,0.0023804605,0.0022610307,0.0024405676,-0.03819732,-0.03269496,0.016285421,0.028505307,-0.023913369,0.042087384,0.0358969,0.035315365,0.034262493,-0.051100437,0.006809334,-0.05527571,0.0014192773,0.008772758,-0.065476984,-0.049212534,-0.0006086778,-0.059586015,0.0078438055,-0.017270401,0.051710766,0.0049072183,0.011519176,-0.055275347,-0.041680202,0.0623342,0.029457958,-0.015073131,-0.03934655,0.0024922753,-0.0013997342,0.0059835208
-0.017988116,-0.032347593,0.014648372,-0.03904512,-0.04580929,-0.031011965,0.0099381665,0.05890203,0.03420032,0.021469282,-0.04376742,-0.018981863,-0.025357893,-0.005584227,-0.04727786,0.048960224,0.022852782,-0.0020486184,-0.032879286,0.013170209,0.0069562527,0.0497497,-0.034910474,-0.0037154783,-0.024003467,0.033759877,0.008842783,0.010303401,-0.035673145,-0.024541123,-0.0038659298,0.022729475,0.014940666,-0.028915182,0.013234716,0.018779391,-0.031137764,-0.039246645,0.026728813,-0.004487491,0.0010927304,0.0037824046
0.06754268,0.02404884,0.075606845,0.07353436,0.06758236,0.05602723,0.07157415,0.046662025,0.06943692,0.08149686,0.055406705,0.085047945,0.05832318,0.07485619,0.05967632,0.07289357,0.084584326,0.03483709,0.07641894,0.08410749,0.08525565,0.039847646,0.062473062,0.075805396,0.05393214,0.05956451,0.056435738,0.081943154,0.07747422,0.055197246,0.038503926,0.07758842,0.075751364,0.07467442,0.064419635,0.07480822,0.054127675,0.078731366,0.0771952,0.07639721,0.060213096,0.07157038
-0.062365793,-0.024712365,0.001433949,-0.0010912464,-0.050047874,-0.079923056,-0.016965404,-0.034753326,-0.061023943,-0.047301557,0.043771353,-0.007608491,-0.047494933,-0.025234355,-0.062252123,-0.0018954655,-0.029081373,-0.008368278,0.02705618,0.015690342,-0.03929278,-0.01929643,-0.052837107,0.023549236,0.013706843,0.009578276,-0.038332954,-0.049190428,-0.05643378,-0.06357713,0.0021387462,-0.023759658,0.053793732,0.0062255356,-0.0036532853,0.010751761,0.012955228,0.07013254,0.08458163,-0.0026097419,0.050980948,-0.06319961
-0.034534004,-0.0025620204,0.056518,-0.07011406,-0.0069377185,0.07187737,-0.03304074,-0.052817475,-0.013321069,0.07995426,-0.023107087,0.004291065,-0.031044794,0.039428066,-0.049130175,0.0786109,-0.06146064,-0.002862079,0.034248814,0.0033875683,0.048228975,-0.003959337,-0.008600106,-0.02481121,0.04206472,0.067902006,-0.05254671,0.024727385,-0.04867693,0.038698085,0.084866114,0.035915513,-0.0031335955,0.075419515,0.03623456,-0.012972358,-0.011952819,-0.032035273,-0.03160213,0.070278205,-0.05198266,0.041166805
0.052843392,0.0061919,0.03630266,0.027998587,-0.079170614,0.047084883,0.042251334,-0.036409292,0.009513431,-0.034908332,0.020232024,-0.06850503,0.08144189,0.06255246,-0.07478866,0.0029498765,0.008318621,0.093527324,-0.019882882,-0.09211614,0.027956238,-0.04484144,-0.005025371,0.05370302,0.065535255,-0.08980488,-0.07977095,0.032712445,-0.03727078,0.021125095,0.02535579,-0.0017935766,-0.058289412,0.045728896,-0.03323677,-0.053742364,0.0074099535,-0.018244592,-0.003385332,0.005942264,0.067684814,-0.0135795055
-0.047868498,0.0154649215,-0.008508572,0.042145595,-0.06188066,-0.015309705,0.008898994,-0.05611845,-0.041671705,0.020339284,-0.040799316,-0.002147168,0.036543876,0.01892726,0.0038748959,0.03982963,0.042061787,0.030846702,-0.031877823,-0.0017636311,-0.004245378,0.0200713,0.07284328,-0.016629878,-0.022149686,0.030055393,-0.013917517,0.0027818612,-0.0677273,-0.043254294,0.0381412,-0.03120595,-0.004950215,0.01967926,0.047157887,0.0069490573,-0.0739986,0.07374509,-0.0070188018,0.014705888,0.029165927,0.06465903
0.06884637,0.024573132,-0.020699676,-0.008364641,-0.02551394,-0.079628386,-0.047699515,-0.040776245,-0.019283528,-0.045293182,-0.03307174,-0.021452786,-0.0008552704,-0.046201464,0.02712087,0.007063196,0.016895497,-0.016413251,0.028734792,0.0013933948,-0.017515535,-0.004553224,0.04334051,-0.0025508036,-0.0077372645,-0.008312188,0.02937968,-0.049914315,0.0016025782,0.0010134202,-0.004088453,-0.034834825,0.0159081,-0.034862828,-0.06352571,-0.008724926,0.028849296,0.02107331,0.005091249,-0.021895606,0.03605231,-0.020629017
-0.08637185,-0.05191854,-0.047677197,-0.0473172,0.02950606,-0.0057514776,-0.054693818,-0.05170017,0.053812247,-0.051685628,-0.054990325,-0.029009974,-0.05549559,-0.014828808,-0.05585245,0.070154056,-0.028649285,-0.051833346,-0.040693395,-0.054933257,-0.010725526,0.0031832552,-0.06172384,-0.058088753,-0.004033986,-0.026407085,0.019082258,-0.06494596,-0.06004599,-0.057779428,0.02201633,-0.015195375,0.04166171,-0.03628215,-0.018179825,-0.040172458,-0.036893073,-0.04225749,0.0015920454,-0.061286416,-0.056115504,0.0042897468
0.073407784,0.02654479,0.03976956,-0.02549291,-0.022679666,-0.017061593,0.025709504,0.075752206,0.032104943,0.03877075,0.0059914533,0.06860673,0.046361536,0.044714745,-0.026513197,0.018916992,0.0043197093,0.029622965,0.010669382,0.06933066,0.040670563,-0.038541462,-0.007559125,0.03836164,0.06957462,0.05392777,-0.01926986,0.019493183,0.048092302,0.04629767,0.011404718,0.059614148,-0.026946984,0.0609278,0.04369456,0.0012145474,0.03052559,0.067767836,0.021720717,0.032301497,-0.024694044,0.03263568
-0.086059056,-0.06046091,-0.065832175,-0.055035137,-0.04202892,-0.009591517,-0.051853452,-0.08055652,-0.07132737,-0.06730572,-0.05322079,-0.052348107,-0.0734742,-0.07141604,-0.05137292,-0.05928955,-0.08028737,-0.06513533,-0.048220668,-0.07975695,-0.07197178,-0.06315136,-0.06497321,-0.056270294,-0.064732485,-0.06353746,-0.04047152,-0.05854281,-0.030274753,-0.057510503,-0.06681964,-0.072398864,-0.03951853,-0.06628162,-0.02934132,-0.07875851,-0.05111887,-0.07503096,-0.06588215,-0.047633238,-0.030463511,-0.06967357
-0.03246552,0.0049801352,-0.050062764,-0.014068443,-0.04474468,0.013261537,-0.0030393063,0.00705132,0.020274634,-0.029421778,-0.020910516,-0.04660607,-0.027888343,-0.024230234,-0.059932478,-0.07667771,-0.059711892,0.01807438,-0.045856327,-0.046232894,-0.07624288,0.002989877,-0.046938915,-0.027414681,-0.020981295,-0.006360388,-0.044030227,-0.03675353,-0.007137392,-0.016119793,-0.05232421,-0.041703746,-0.06638449,-0.021963062,-0.0042236005,-0.036187463,-0.018491242,-0.04424282,-0.01990102,-0.031100005,-0.047120403,-0.016126983
0.018446842,0.055024024,-0.004044136,-0.07041317,0.0026635607,-0.026641974,0.03261393,-0.048856437,-0.06343625,0.0027172707,0.022084009,0.058817178,0.044232946,0.013261831,-0.06394811,-0.014806772,-0.05036196,-0.010536531,0.009575597,-0.0044100764,-0.02483556,-0.063107766,-0.05400854,-0.060630832,0.003558702,-0.0678219,-0.045768738,-0.048892975,-0.0050101215,0.015366721,-0.042263206,-0.04782643,-0.024863098,0.05292097,-0.020040264,-0.016067069,0.018819746,0.014369914,0.07557448,0.016338162,-0.06609312,-0.0462017
0.060838904,-0.036492676,-0.061506025,-0.058662053,-0.031857196,-0.02020885,-0.0036698421,-0.011918302,-0.061140202,-0.0036590071,-0.052748412,-0.032550666,-0.073982224,-0.050981287,0.026252713,0.027597623,-0.067754306,-0.07896745,-0.04112641,0.010145813,-0.04947367,0.0151363835,-0.06714781,-0.02076856,0.05030881,0.0051649758,0.046219993,-0.06265708,0.041635316,-0.026705937,-0.022609543,-0.029810557,-0.07909056,-0.06303989,0.020658275,-0.07998436,-0.023411611,-0.043318205,-0.027864182,-0.06443292,-0.0095018875,-0.06461777
-0.007863767,0.013916865,0.06065833,0.06345299,0.06699208,0.10799565,0.068956755,0.027247889,0.0657989,0.07036458,0.062910415,0.08572764,-0.031472575,0.073254265,0.004238509,0.020063125,0.07712233,0.06801843,0.07511434,0.08431949,0.07686976,0.029112088,-0.024897572,0.039044876,-0.013468065,0.006931851,0.05760839,0.0725931,0.06367874,-0.00787231,0.09866238,0.07486843,0.03699695,0.05602018,0.060430605,0.0713545,0.024233276,0.05793703,0.0762607,0.015783183,0.024622846,0.06738466
-0.07561973,0.01183469,-0.05160358,0.012556322,0.08206017,0.03481515,-0.07641319,-0.03340557,0.026636805,0.031927187,0.03684925,0.036396503,-0.060258076,-0.02574447,0.055251494,0.038536835,-0.06473995,0.034662656,-0.028984005,0.092132665,0.024339639,-0.021096153,0.050432716,-0.0062328745,-0.007734636,0.049208436,0.077796474,-0.040851794,-0.023101546,-0.065421775,0.03252864,0.005625964,0.06361265,-0.007025152,-0.023927119,-0.04052784,-0.002433106,-0.0099387,-0.01578587,0.022991503,0.06233842,-0.028520377
0.054379202,-0.0338662,-0.036942247,-0.044992585,-0.0032639655,0.01622143,-0.014982095,0.020398566,-0.020613866,0.0078650825,-0.045190495,-0.010695476,-0.03580061,0.011953322,0.002101105,-0.043994676,0.0032988002,0.004226647,-0.042081807,-0.0078223385,-0.014739327,-0.0009330099,-0.025198502,0.027568677,-0.005985277,-0.020698998,-0.03836713,-0.040835578,-0.050247278,-0.050530273,0.01279154,-0.033546157,-0.054147802,-0.029351052,-0.0132364305,-0.015057867,0.050721504,-0.055721078,-0.05501748,-0.05417938,-0.026915548,-0.012809672
0.014143314,0.0019348927,0.055161964,-0.004012273,-0.014384655,0.05556671,0.041398738,-0.029184427,0.04277408,-0.031768873,-0.002685206,0.009508411,0.011836191,-0.0013073162,-0.022982132,-0.025909016,-0.005550383,0.04322481,0.050633904,0.028646268,0.04273335,-0.047498953,-0.00490632,0.039053787,-0.0076663196,-0.017705727,-0.0018639303,0.009210482,-0.024906551,0.012538904,-0.002055341,-0.04118305,0.011667193,0.030528594,0.01220303,0.039983436,-0.04493913,0.027218845,0.06391757,0.0006143459,0.009801284,0.029725298
-0.019779382,0.038806144,0.013411647,-0.004616199,0.031930838,0.032129996,0.041572876,-0.038333,0.026403427,-0.041650165,0.05506856,0.008731143,0.06529166,0.014005519,-0.010546868,0.04304589,0.011163813,0.03591778,-0.0045756046,-0.024976995,0.009993427,-0.0030736355,0.027178794,0.011017601,-0.037342776,-0.03525894,-0.0014667074,0.053589355,-0.0025223063,0.05935386,-0.009678546,-0.042480547,-0.0160127,0.05046278,-0.004743795,-0.023986567,0.005847279,-0.032231994,0.0128685,0.031941168,0.014917768,0.021607678
-0.009805182,-0.0872576,0.043974936,-0.0062566893,0.040178757,-0.0066826157,-0.05494136,-0.050858006,-0.026151601,-0.08115344,-0.06888746,-0.040161572,-0.006272695,-0.08044452,-0.052516658,-0.06805383,0.026908107,0.03573823,-0.036788255,-0.00023492755,-0.027936015,-0.061186858,-0.032444894,-0.02378226,-0.037295487,0.008291057,0.041127667,-0.06812748,0.015638832,-0.075441346,0.045760404,0.013804715,0.065189496,-0.051633354,-0.06256422,0.0040215435,0.04288654,-0.03709926,-0.06401583,-0.005586547,-0.020281106,-0.06481855
0.03178412,0.035686508,-0.005649063,-0.011191002,-0.005770715,0.074647374,0.042419698,0.028340515,0.07662103,-0.024323205,-0.026304852,0.0011519865,0.013202039,-0.0033053022,0.05595397,0.004969438,0.043309975,-0.04176239,0.022796674,-0.014059528,0.019362506,0.07945346,-0.05767837,-0.005533927,0.0041905316,0.038129464,0.04086706,-0.07034062,0.012276947,0.029059997,0.029781964,-0.013357702,-0.0016741559,0.017960522,0.05110195,0.03846018,0.02178894,-0.012989391,0.0017656811,-0.039139416,-0.0016299448,0.016226094
0.052047633,-0.030754674,0.026969757,0.001350697,-0.039020274,0.02706259,0.047641724,0.06361132,-0.0144600915,-0.032265212,-0.00064638985,-0.026264094,0.06529775,0.057730798,0.032610282,0.013582163,0.059100505,0.047079276,-0.015493363,0.049570043,-0.015468775,-0.06283626,-0.015512643,0.032910213,-0.014605057,-0.009141373,-0.02639717,0.04662391,0.02510791,0.039889645,-0.045392286,0.057179093,-0.054134697,0.046567176,0.049030464,0.032362167,0.019743873,-0.0067110076,-0.018020572,-0.02960562,-0.02915155,-0.013428311
-0.045168176,0.040896498,0.013094029,0.039280497,0.011366378,-0.013311124,-0.0013285899,-0.05202382,-0.059744228,0.013131436,0.071285196,-0.053957034,0.030489737,-0.026412807,0.04028882,-0.075624496,-0.065874815,-0.0014019571,-0.033558294,-0.041508954,-0.048641216,-0.035648804,0.02480904,-0.050703846,-0.015580763,-0.033401024,0.007829709,-0.020073794,-0.0077221594,-0.0043586628,0.0033987293,-0.05003282,-0.029493362,0.06475744,-0.03620071,-0.06933688,-0.034902815,-0.07493807,0.0123250745,-0.05477725,-0.059042603,-0.01828558
0.048301592,0.07780938,0.07451847,-0.006725894,-0.0010404984,0.062472727,0.07397584,-0.00903699,0.07205828,-0.009402103,0.07196199,0.014919835,0.058758505,0.06605469,0.066435665,0.048458952,-0.02678951,-0.020411609,0.050121862,0.008711103,0.0141696185,0.034795072,0.057898227,-0.029805293,-0.07270947,0.028007764,0.033172794,0.0801805,0.0028813658,0.06939238,0.046254206,0.02199267,2.1137259e-05,0.027484585,0.040267285,-0.013094586,-0.01919872,0.005354486,0.063641384,0.029072687,0.044723418,0.0644996
0.017884532,0.06261786,0.0034013747,-0.081606336,0.037794378,0.04962038,0.04329808,-0.07496089,0.031699575,0.02569531,-0.05937053,-0.0222568,0.014193912,-0.024356479,0.01058606,-0.07483112,-0.05762308,-0.02435,0.0025006498,-0.027526923,-0.031185772,0.04864941,-0.0032254308,-0.017867593,-0.002782307,0.04090953,-0.006959587,-0.03681722,-0.06688692,-0.035116907,-0.06297197,-0.004416289,-0.06766636,-0.021101829,-0.042060617,0.015658893,0.029016852,-0.043992367,-0.070778936,0.042539053,-0.0591196,-0.053085554
0.04188428,-0.033007164,-0.0707146,0.03990876,-0.020369839,-0.07185768,-0.040395897,0.07513532,-0.06016331,-0.08493221,-0.062003177,-0.014082061,-0.03587612,0.039431423,-0.020204086,-0.045026124,0.031683326,-0.00056929066,-0.015605873,0.033823445,-0.07692128,-0.01905449,-0.017430177,-0.0804817,0.019048383,0.027712364,-0.054370664,-0.07462762,-0.015755996,0.070943706,-0.03356497,0.012746254,0.069542415,0.03662773,0.012406323,-0.0619606,0.0052513434,-0.08190678,-0.04258858,-0.0032017296,0.01674498,-0.073106706
-0.06662332,0.04869519,-0.059254035,-0.021679757,-0.011475355,-0.019620236,-0.029862387,-0.056500133,0.055912133,-0.00870298,0.042932305,-0.03173124,0.02947651,-0.080234215,-0.014696767,-0.041990858,-0.011004756,0.006993455,0.012791936,-0.046125352,-0.054224826,0.007874602,-0.026948119,0.06907431,-0.025164459,-0.044358246,0.04492826,-0.07144512,-0.0057764035,-0.06980769,-0.059252962,-0.022502055,-0.03018623,-0.0017337414,0.018509964,0.050746094,0.015047767,-0.036394626,0.01552784,0.018562604,-0.043537427,-0.03414418
0.023487119,-0.060668916,0.01538844,-0.06731823,0.0053852084,-0.052766092,-0.056304708,-0.011029394,0.019285023,-0.013476659,0.007150528,0.0004521022,0.0097784,-0.0011333588,-0.0043539605,-0.011412422,-0.013666756,-0.04477752,0.020042554,0.030965723,-0.060657285,-0.04907015,-0.060817648,-0.0031778275,-0.027987534,-0.045950297,0.06997874,-0.000515275,-0.011812763,-0.05198506,-0.010630417,-0.0124258865,-0.03887528,0.070206985,0.026192902,0.020077573,0.03272418,-0.009791211,0.014325445,-0.02840896,-0.047333088,0.002232397
-0.013817446,0.0014069377,-0.04552955,0.02676308,0.034510147,-0.063369974,-0.06995801,-0.050006606,-0.057950847,-0.014402032,0.026088616,0.036864277,-0.075864084,-0.069767185,0.063197404,0.031762745,-0.002498663,-0.0023077342,-0.05864673,-0.023487004,0.0044130883,0.067935064,0.03178029,-0.04286062,0.0382392,0.061185487,0.06768595,-0.014100817,-0.0500126,0.0042993426,-0.052104548,-0.011658125,-0.005694363,-0.039765585,-0.03845438,0.03841974,-0.0054338286,-0.04249919,0.015217656,-0.014232074,-0.015031945,-0.001041777
-0.0019553495,-0.003424498,0.047796,0.04876278,-0.04151106,-0.0073259766,-0.00910479,0.034029264,0.0615328,0.039993636,0.03402767,0.036909293,0.066026986,0.01889804,0.06989329,-0.010945123,0.023184739,0.062108893,0.04963785,0.054936215,-0.0052492237,0.0365691,0.05839172,0.06570857,0.06835476,0.015000882,-0.04212309,-0.02418791,0.06001858,-0.007032244,-0.044862837,0.027304217,0.017073194,0.05472753,0.0585466,0.041632507,0.07435374,0.045463163,0.054595284,0.035305217,0.07347206,0.050114922
0.075513616,0.018475702,0.061795697,0.037140522,0.03687051,0.031876992,0.063473456,-0.0063242265,0.011440617,0.020570166,0.027613271,0.02589337,0.021416012,-0.02191117,-0.0064650252,0.09720465,0.0499761,-0.019440388,0.049183592,-0.0018750349,0.077127144,-0.036300533,0.030043947,0.009063925,0.062588125,-0.018307377,0.012713497,0.05261733,0.03869678,0.075336516,0.06260418,-0.03110112,0.04159518,0.016726343,0.043215737,0.0143222,0.044518415,0.02301279,-0.013759956,0.060511205,0.031376846,-0.0066838185
-0.056414835,-0.055769578,-0.044113778,-0.00043042938,-0.015766349,0.019673824,-0.042228356,-0.033708673,-0.022559265,-0.049742695,-0.054251537,0.06665403,-0.059535123,0.01577512,-0.0494083,0.031433553,-0.043894783,-0.018907432,-0.030899797,-0.07310309,-0.03132365,0.034927763,0.012493091,-0.053592965,-0.06953531,-0.07167132,0.049520127,-0.007467706,0.045657605,0.012661411,-0.010750623,-0.08370963,0.0062700137,-0.07827077,-0.027686665,-0.027755056,-0.05149439,0.03861321,0.07230959,-0.037702113,-0.0004048505,-0.07275362
0.012444089,-0.001121348,-0.018404966,-0.0089182,-0.064146854,-0.07515,-0.06314308,-0.03655787,0.04770098,-0.025661081,-0.0022425286,-0.047580082,0.016625347,0.0006231857,-0.009733522,0.026394583,-0.06057011,-0.067360096,-0.018427134,-0.001733364,-0.03487349,0.042586703,0.0016034362,-0.03404933,-0.016725305,-0.005036686,-0.028615471,-0.023894852,-0.011852183,-0.046333075,-0.053622086,-0.07358723,-0.008461028,0.06054847,0.036236268,-0.037647687,-0.016927073,-0.019973198,0.0057185944,0.017420983,-0.02172804,-0.041403804
-0.07078424,-0.030545667,-0.048493676,-0.036820725,-0.026977958,-0.11074683,-0.01141971,0.024946153,-0.077838145,-0.0155911725,-0.045001917,-0.0061174566,-0.06978054,-0.029642442,-0.0073660025,-0.05532621,-0.025479028,0.013822283,0.024732158,-0.034032326,0.01787008,-0.05133373,-0.06833737,-0.046775073,0.010236777,-0.0122549115,-0.03702857,-0.054459766,-0.030035196,-0.070899874,-0.06285883,-0.055179067,-0.07235424,-0.018051375,-0.078997746,-0.0012829694,0.005815206,0.016871905,-0.048946366,-0.06031296,0.011027699,-0.026931098
0.07691465,0.014268712,0.049411237,0.040484156,0.0032648947,0.05863888,-0.00068739057,0.060276035,0.056561124,0.051739573,0.042107586,0.01695972,0.052618194,0.05041285,0.015393635,0.06865263,0.0471037,0.071977675,0.07059154,0.043119796,0.048003335,0.0035065173,0.04498469,0.06377307,0.05861323,0.073181756,0.06392899,0.064221494,0.062432498,0.05712453,0.06514527,0.03293182,0.04039547,0.030307347,-0.012224874,0.04785864,0.07411653,0.0065980665,0.038056657,0.06557954,0.06754427,0.048632234
-0.0061572916,6.128643e-05,-0.015287951,-0.01356616,0.036622394,0.067489795,-0.012742825,0.0127065135,0.054710247,0.011356427,-0.027840048,-0.0036779062,0.012681503,-0.006038568,0.037146002,0.0027759892,-0.059905782,-0.009584005,0.06013034,-0.005221676,-0.010569272,0.06795506,0.01234819,0.01557296,-0.035880733,0.00052889757,-0.008399665,-0.0074720187,0.013999198,-0.01900927,0.02271822,-0.001029954,-0.007008698,0.017720174,0.009208344,-0.019105475,0.030352518,-0.0036555796,-0.025691546,-0.0034261062,-0.029115565,-0.0203049
-0.008538799,0.01259103,-0.03866533,0.039968025,-0.00685417,0.016284946,-0.016581813,-0.00093432167,-0.00038159025,-0.016648194,-0.016044563,-0.039906427,-0.022093948,0.02848927,0.033895284,-0.007957221,0.055786278,0.016145516,-0.019733977,0.015515681,-0.029087212,0.041588396,0.013742474,0.031866208,0.00021194831,0.031611025,-0.0115267085,-0.060371198,0.011233326,-0.028220631,-0.066650294,-0.007715603,-0.020164931,-0.006656545,-0.020637216,0.02654972,0.034921397,0.016944338,-0.020626336,-0.016845763,-0.019002683,-0.0028257077
0.024229059,-0.019176396,-0.0043519493,0.06262171,-0.068795495,-0.015983485,0.044072427,0.050593,0.026600923,-0.0071112416,-0.057279956,0.024536962,0.007280136,0.03697344,0.02440758,-0.074993975,0.038991082,0.054468196,-0.01625826,-0.022933017,0.02802905,-0.0058969455,0.06475874,-0.031754926,0.05315477,0.059830703,-0.052071977,-0.027875405,0.02429042,0.05638913,-0.03821594,-0.031107446,0.073561534,0.029324634,-0.055251107,0.053063177,0.049809955,0.04105058,0.02765123,0.014742305,0.074677445,-0.012279712
0.016782738,-0.020847468,0.050660744,0.03580057,0.030061632,0.051326644,0.01329501,0.02472974,-0.03742802,-0.032763265,0.0070181107,-0.010698899,0.00847064,0.035712466,0.015582872,0.049785305,0.04501673,0.05535876,0.010688378,-0.031104684,0.018111374,-0.012684678,0.028331,0.034638606,-0.0339612,0.0072888643,0.0066797864,0.037756506,0.0041092206,0.015255508,0.010491579,-0.015516273,-0.002803507,-0.06487739,0.02998261,0.020994186,0.03548731,-0.051814932,-0.039898083,0.0021945864,0.021986257,0.020434568
0.07927407,0.04841091,0.028925227,0.012427695,0.059601784,0.08508048,0.040136922,-0.073696174,0.008248953,0.024545616,-0.024712292,-0.021246003,-0.0067618093,-0.03691383,-0.017417416,0.0025534579,-0.027524486,-0.029542556,-0.0071241334,0.062549,0.023238983,0.0023349165,0.020618018,0.061987862,-0.0043750317,0.050698098,0.060382377,0.040148254,-0.010110008,-0.043350257,-0.011805396,0.014340448,0.016690977,0.051656883,0.025672149,-0.034181878,0.0010976823,-0.010024823,-0.020346979,0.054976374,-0.027658226,0.009876819
-0.08244841,-0.010778682,-0.05971894,-0.041032862,-0.073645756,-0.08403962,-0.04535303,-0.05803123,-0.053692523,-0.04687422,-0.062533885,-0.05637727,-0.04766891,-0.069346234,-0.05563881,-0.06564987,-0.07564765,-0.08589529,-0.072452895,-0.07282229,-0.066839464,-0.040055413,-0.06420024,-0.06557844,-0.046206772,-0.043559197,-0.060120765,-0.041206006,-0.04928013,-0.036410082,-0.085360184,-0.056512102,-0.0710636,-0.038915806,-0.05453373,-0.06908013,-0.06648688,-0.05937826,-0.07280071,-0.07131386,-0.07316756,-0.064342484
-0.06949017,-0.017229425,-0.03865094,-0.027906079,-0.07133209,-0.03186495,-0.032377355,-0.057344086,-0.043677714,-0.050322033,-0.03139984,-0.026486985,0.046767805,-0.0689821,-0.021197462,0.0051411698,-0.05320545,0.0036923874,-0.057054397,-0.07107498,-0.057656158,-0.008219252,-0.019735554,-0.044281874,-0.025536159,-0.056148924,-0.04624771,-0.046852272,0.012413848,-0.06089456,-0.028623443,-0.074802,-0.03283181,-0.0689337,-0.03188283,-0.04589865,-0.056908485,-0.056567345,-0.032123268,-0.048371993,-0.065950885,0.007456716
-0.05106081,-0.056637526,-0.08724354,-0.054529674,-0.08237536,-0.007805087,-0.07516005,-0.032597605,-0.016637444,-0.023660894,-0.08579162,-0.084013954,-0.082513414,-0.029895842,-0.062074725,-0.042909257,-0.07219173,-0.081352234,-0.077570654,-0.09214274,-0.07477404,-0.066860154,-0.008790493,-0.08303009,0.015248857,-0.07410881,-0.07979398,-0.08157279,-0.06844022,-0.04903497,-0.037616234,-0.027730666,-0.08415482,-0.07884989,0.046130907,-0.07494813,-0.07298227,-0.08280445,-0.084949195,-0.00025265716,-0.059644755,-0.07553547
-0.030026572,-0.08270742,-0.0734932,0.025291944,-0.031333555,-0.03367008,-0.055582296,-0.005650417,-0.06370633,-0.0765387,0.015980052,-0.07255829,0.048683222,-0.033897918,0.0098267505,-0.040771764,0.049099233,0.028418774,-0.04453778,0.022992386,-0.066837646,-0.051286314,-0.08237128,-0.0061274283,0.042254467,0.061986215,-0.07813745,0.0031535074,-0.0122246295,-0.048145432,-0.033343412,-0.02251348,-0.034947865,0.034192238,0.038610026,-0.025858099,0.031236911,0.008299079,-0.04899241,-0.06808487,0.04603104,0.00405763
0.062489033,0.068321556,0.033009477,0.07050247,0.030278921,0.011018022,0.0825376,0.06322,0.06828741,0.045231316,0.05864941,0.022448119,0.05920455,0.025879582,0.063531205,0.066089846,0.041131582,0.034307286,0.051406667,-0.018224886,0.047136232,0.055785116,0.028362192,0.067332506,0.061195824,0.0828326,0.012189655,0.056932006,0.019283175,0.07474447,0.01522754,0.013924631,0.022058625,-0.00540145,0.04010505,0.067342415,0.02078489,0.061039187,0.0329039,0.07663614,0.05397611,0.065836884
0.008884467,0.040950622,-0.017102377,-0.06577292,-0.0065453295,-0.03310288,-0.029600127,-0.046595383,-0.058019925,0.026830422,0.03842553,-0.017182702,-0.04887102,-0.021300962,-0.065154746,0.023150329,0.010641112,-0.033911042,-0.033488914,0.033718217,-0.03954025,-0.025767801,-0.03061157,0.005693127,0.014232093,0.036330946,0.048561037,0.0066944007,-0.0037001702,-0.0499716,0.03795539,0.019427342,0.016940156,-0.0004711923,0.04057049,0.018507674,-0.011810994,-0.036875114,-0.011608072,0.039412733,-0.03340574,-0.06510863
0.011951633,-0.042812325,-0.08068855,0.005099378,-0.042169243,0.04110445,-0.070500605,-0.041311145,-0.032720976,0.015827883,-0.035633244,-0.04341719,-0.03987917,-0.0049377494,0.037936192,-0.020345721,0.0009094967,-0.015727283,-0.0042348695,0.030522352,-0.07311392,0.03113656,0.044558395,0.030601963,0.03556709,0.025004674,0.030772636,-0.06710337,-0.014082745,-0.06001661,0.05662561,0.005741429,-0.034252923,0.046005987,0.019152561,0.07029566,0.035409592,-0.02767487,-0.06065044,-0.016357694,0.046269506,0.0013438151
0.00778558,0.09780297,0.01230675,0.08671721,0.04819166,0.033337627,0.07747337,-0.0046659335,-0.008860966,0.046893373,0.07945522,0.055091,-0.063499525,0.056485254,0.079805665,0.019522436,0.019966876,0.042150605,0.0675832,0.03753182,0.05736307,0.091216736,0.029515004,-0.0044593266,0.013147856,0.08773959,0.04414401,0.06561984,0.05036073,0.072932005,0.09180105,0.04164401,0.08576343,0.012543898,-0.0123389345,0.026353061,0.046227038,0.05485226,0.025524791,0.053889576,0.07380911,0.042912558
0.0351631,0.05325662,0.07594451,0.027765408,0.017456977,0.08312848,0.04019233,0.05102476,0.07467547,0.07114353,0.010450975,0.0554481,0.04517487,0.051774614,0.066011354,0.06705859,0.059485376,0.040850952,0.08412697,0.0764498,0.044124745,0.07015233,0.04986957,0.075772606,-0.01658866,0.047474388,0.025599914,0.06687761,0.05006594,-0.0054607578,0.06733445,0.07664516,0.062910736,0.06338229,0.027190082,0.052679993,0.05983548,0.07261392,0.05536189,0.07406507,0.04598627,0.054090515
0.008934983,-0.037731662,0.044582732,-0.016699594,-0.009457702,0.027940532,0.0048950943,0.031445175,-0.009338779,0.043093037,0.03633685,0.0015739774,-0.01682838,0.03069074,-0.02417483,0.06418945,-0.030049758,0.057667565,0.06688532,0.014178161,0.026948534,0.019880496,-0.036093727,0.025186164,0.00225674,-0.022034833,-0.044218898,0.006764437,-0.012327649,0.017801855,0.04276916,0.040530857,-0.0422637,0.05398223,-0.0019040849,-0.037306882,-0.002880808,-0.035874434,0.020309718,-0.03198096,0.017679201,0.013635136
-0.016886285,0.009481588,-0.01876688,-0.008663721,0.01143645,0.015879618,0.06890143,-0.050019618,-0.008369957,0.03607577,-0.022601066,-0.021212297,-0.07115586,0.048225686,-0.03427507,-0.07688921,0.031207062,0.008294693,0.017630123,0.027209979,-0.010306825,0.028536571,-0.029162373,-0.033550188,0.035953045,0.024572402,0.010281929,-0.010077312,0.012868721,-0.0050650635,-0.017738258,-0.020447124,-0.07203104,-0.024276456,-0.032093138,0.008901855,0.045559667,0.0029502336,0.05386145,-0.030081838,-0.024246704,0.061148033
-0.010638323,0.05512619,-0.0065885764,-0.025666611,0.052168556,-0.05352982,-0.06699647,-0.037712563,-0.06390456,-0.068891704,0.04594148,-0.07434468,0.009475886,-0.04462463,-0.07014542,-0.038663283,-0.051482756,-0.028028885,-0.051201742,-0.06200134,-0.032999262,0.007812827,-0.036783017,-0.052593853,-0.07297847,-0.0009715623,0.05130455,-0.0010871787,-0.079227574,0.0017008627,-0.0645342,0.006460179,-0.022067094,-0.033724498,-0.062293503,-0.03740789,-0.040563855,-0.0058271037,-0.031648237,-0.010996222,-0.07697889,-0.06351766
0.010344316,0.03920353,0.061089277,0.07209042,0.0021426198,0.06018738,0.04128553,0.016437242,0.077477895,0.027110955,0.032578427,0.0056404094,0.03436343,0.017335607,0.07422092,0.020243248,0.011843348,0.034828845,0.02912848,0.049629994,-0.004065916,0.025753118,0.048360676,0.052030545,0.010501304,-0.027144074,0.0012545128,0.03938112,0.07476511,-0.039649874,0.076381505,0.03183167,0.013203562,-0.0105415955,0.0032356095,0.015110215,0.033936426,-0.040015254,0.010845595,0.04472771,-0.028344942,0.0027717592
-0.027231675,0.02742774,0.060224812,0.019824984,0.04512865,0.0884994,0.063673444,0.02662696,0.04695955,0.047682732,0.052226134,0.045260657,0.064230226,-0.011371081,0.040947527,0.019589862,0.04316519,0.01776482,0.04471082,-0.00525265,0.055089615,-0.027308239,0.033735767,0.03165314,0.025224913,0.05959342,0.039661564,0.07106552,0.04596134,0.052933652,0.06960363,0.057445172,0.017018763,0.035984438,0.046420425,0.04656627,-0.00040061722,0.049528286,0.046472024,0.029159278,0.03012195,0.04586983
-0.0928875,-0.07849245,-0.090291746,-0.059835088,-0.082347535,-0.04693861,-0.03169968,0.017532215,-0.079172306,-0.08229633,-0.08296324,-0.08798057,-0.08846203,-0.08691595,-0.061450455,0.055722103,-0.09099566,-0.05709714,-0.09268825,-0.09215019,-0.091863535,-0.072010905,-0.04107392,-0.08312846,-0.080864385,-0.058869615,-0.0794731,-0.08531649,-0.080990456,-0.06534434,-0.029819472,-0.059425183,-0.07776071,-0.07880017,-0.01602232,-0.08541624,-0.08444651,-0.08099239,-0.08134384,-0.07826589,-0.05105115,-0.082221866
-0.07059837,-0.0025302859,0.011284837,-0.044258617,0.019372366,-0.016313642,0.04018822,0.030694516,0.013155502,-0.06967354,-0.027495708,0.075485624,-0.016685573,-0.032180082,0.026459498,-0.036435753,0.035744037,-0.016783753,-0.016915116,-0.055419948,-0.00947087,-0.029822143,-0.029890591,-0.08061201,-0.07138963,-0.05397587,-0.060663816,-0.060442615,-0.054884877,0.06490447,0.012091562,0.018442327,-0.027853686,-0.022713073,0.03912111,0.016241573,-0.07135315,-0.08046303,0.051769745,0.020720243,0.024683123,-0.058073282
-0.06990583,-0.07007206,-0.05985743,-0.045834433,-0.038740914,-0.07516802,-0.07033374,-0.052949492,-0.045038212,-0.069342926,-0.048931997,-0.07640775,-0.0660248,-0.07207189,-0.022463843,-0.075151496,-0.05209349,-0.06978025,-0.06080754,-0.08497203,-0.08545796,-0.019268876,-0.06384729,-0.067967795,-0.080852196,-0.05378047,-0.038816523,-0.059016503,-0.07471808,-0.03961503,-0.079604544,-0.054531664,-0.06856362,-0.074476905,-0.03856396,-0.03816162,-0.061555833,-0.07272638,-0.08213559,-0.0631703,-0.0657032,-0.053267486
0.012175569,0.056052994,0.056891218,0.018545339,0.05179141,0.018357253,0.04880414,0.01467518,0.015493037,0.06413403,0.046533875,0.014895351,0.051381998,0.036520384,0.060693443,0.08242011,0.030644454,0.06069878,0.0054811575,0.021035543,0.05182907,-0.009509001,0.034382477,0.045458972,0.0017798928,0.012911724,0.031585325,0.040690757,0.04971955,0.06121392,0.06540142,0.033131313,0.030062476,0.019745687,0.062428083,0.06299287,-0.026742944,-0.0041064452,0.06327944,0.04070002,0.02781282,0.036227252
0.0013181602,0.06631425,0.022679199,0.034718666,0.032151233,0.017455438,0.04902452,0.011989556,-0.0018460068,0.013062276,0.06761119,0.023301879,0.04558703,-0.0070212767,0.026128206,0.0077570435,0.041114938,0.02766126,0.03725656,0.034265783,-0.0044787875,0.057120826,0.019566163,0.04800788,0.047800828,0.059224617,0.02795475,0.02635372,0.06693489,0.0116439015,0.0066499715,-0.019521492,0.03148355,0.015384009,0.06916844,0.057739154,0.064821966,0.03119396,0.05579068,0.019260865,0.03231011,0.027810814
0.011997987,-0.09684617,-0.026633509,-0.029898308,0.05451447,-0.050393865,-0.010020234,0.07033189,-0.07825766,0.031659342,-0.012349841,0.041797508,-0.07505548,-0.053997833,-0.049504947,-0.001724901,-0.031074315,-0.055822384,-0.07092137,0.08295602,-0.040102955,-0.089743584,-0.06355853,0.061722014,0.065824196,-0.038892414,0.012561147,-0.017631918,0.057300325,0.05700451,0.020437904,-0.0024468068,-0.0236341,0.01228309,-0.07710453,-0.07445865,-0.035723615,-0.027604321,-0.083879456,0.00490192,0.030425701,-0.028829273
-0.041154962,0.03231034,0.022127831,0.0026452313,0.04039628,0.02974722,0.047686145,-0.0030366308,-0.018032636,-0.05973117,-0.02357647,-0.0138030285,-0.031341784,0.045229673,-0.04639865,0.045869295,0.012307035,-0.014845268,0.0565207,-0.0134856375,0.0070918286,0.018064745,-0.07286362,0.042791437,-0.038660955,0.013438306,-0.008014428,-0.04227073,0.003236549,-0.053613696,-0.034688674,-0.066733815,-0.046421703,-0.06412484,-0.03656658,0.020645067,0.032717656,0.0033602035,0.0047607087,-0.0055577755,0.009698049,0.021587757
-0.020195985,-0.043465428,-0.020288093,-0.028653543,-0.05367237,-0.033448216,-0.05299052,-0.06069944,-0.054810904,-0.025652023,-0.0014021595,0.00080293184,-0.058804184,-0.057798527,-0.04651173,-0.053407427,0.027627444,-0.024696901,-0.028870832,-0.0126066515,0.018958922,-0.051621716,-0.03558345,-0.02800053,-0.014801726,-0.010853804,-0.04498418,0.035653982,0.0003842488,-0.016957812,-0.014080204,-0.026549159,-0.05312088,-0.02522534,-0.03956506,-0.0075062322,-0.054776624,-0.044389103,-0.035402928,-0.0032455176,-0.059925992,-0.039514832
-0.043929644,-0.019128427,0.031437565,0.061625667,0.04353521,0.033991285,0.049793195,-0.056427848,-0.03750441,-0.02521226,0.034017727,-0.023712207,0.0579513,-0.025775515,0.029064361,0.0376657,0.04285227,0.045025133,-0.022026349,0.0058300607,0.019496681,-0.03384478,0.023033556,0.035768874,-0.032789353,-0.062416326,0.016067415,-0.013520022,0.04689502,0.053974163,0.021479167,0.009672165,0.041380472,0.002615645,-0.0026621656,0.07432722,-0.0017034193,-0.03870536,-0.039110888,0.050542954,0.028791605,-0.03110576
0.04686501,0.008286531,0.0067245252,0.0108832,0.012598808,-0.046184056,0.00027410657,0.03459686,-0.023753913,0.03644668,-0.0075759003,0.052815262,0.022272537,0.00036996,0.022279495,-0.06894465,-0.04997704,0.054513365,-0.0046291826,0.061849117,-0.019146988,-0.0451857,-0.031474166,0.031456772,0.07979189,0.010414517,0.04454458,-0.03617157,0.03158635,0.051048968,-0.02114776,-0.020848228,-0.076191485,0.07753773,0.057578612,-0.006209513,0.025078533,0.03884854,0.071014956,0.055424217,-0.011529229,0.044181444
0.041498322,0.059689015,-0.07860682,0.05153944,0.07268927,0.002295847,-0.0003140766,0.018124955,0.04272729,0.002829948,0.07130257,0.06881495,0.034978263,-0.07488437,-0.021966761,0.01956876,0.012367221,0.065273374,0.024293378,0.050350554,-0.078464665,0.04427013,0.013527945,0.04457795,0.06647112,-0.008599214,0.03340937,-0.04862261,0.082340725,0.002962061,0.035037894,0.01787519,-0.027639195,-0.076363176,0.07486997,-0.025227826,0.053045,0.04067788,0.045799892,0.031187378,0.007823964,-0.05516314
-0.005690018,0.012257512,-0.011842021,-0.053583857,-0.051880017,-0.059096638,-0.05164165,-0.010810447,-0.020327166,-0.036577947,-0.0070338286,-0.036898956,-0.029506795,0.022910476,0.036781806,-0.011017408,-0.0757865,-0.039950155,-0.011903075,-0.0511529,-0.049073085,-0.026901977,-0.06702527,-0.03449474,-0.054560225,0.03600772,-0.06437563,-0.021714333,-0.056668825,-0.05873723,0.015388545,-0.013254683,-0.07091353,-0.02791077,0.057077322,-0.054125696,-0.059594113,-0.04807696,-0.019297328,-0.06695526,-0.05652609,0.007652628
-0.028624123,0.055790026,0.013835931,-0.047558177,-0.033375915,0.0030996725,0.0692077,0.0037858095,0.059923045,0.046940282,0.06453596,0.03125994,-0.012204816,0.061862286,0.05155357,0.011441003,-0.014419438,0.021860674,-0.04043918,0.03166884,0.02399663,-0.0038386164,0.032267272,-0.007795081,0.022589732,0.05422827,-0.01178948,0.011677269,0.014874115,-0.02830621,0.070124604,0.03810957,0.035887256,0.058439508,0.03074623,-0.07438644,-0.05430469,0.037209995,0.037944093,0.036380187,-0.0073136375,0.06887029
-0.024394814,-0.0028986759,0.040747736,-0.026081493,0.05855575,-0.031758692,-0.013157406,-0.037897624,-0.005484521,-0.046944797,0.028739195,-0.013526336,-0.050251573,-0.05090167,0.0026133456,-0.032347452,-0.018736864,-0.010790837,-0.043792635,0.0044255606,0.017983126,-0.033171926,-0.058302447,-0.0104509955,-0.003194268,0.027108999,0.00071347103,-0.005043148,0.027010743,-0.014848347,0.005560161,0.046704125,-0.055524867,-0.038506586,-0.03266891,-0.039760817,-0.02245107,0.014340034,-0.07259136,-0.07171771,-0.001059524,0.045165587
0.040572245,0.045385286,-0.008959878,0.012755825,0.0068265987,-0.05797158,-0.027193608,-0.031865593,-0.012706195,-0.0554329,-0.039888356,-0.011739257,-0.017293997,0.005180598,-0.03357987,0.023256745,0.03457971,0.030661246,-0.02814627,0.022570226,0.05849853,-0.010521014,0.043887746,-0.0053267838,-0.013588767,0.0004472687,-8.346386e-05,-0.022915196,-0.02686208,-0.035367385,-0.056541275,-0.05706163,0.038961105,0.018065512,0.06078781,-0.036595874,-0.0015548463,-0.016634667,-0.03915248,0.025027031,-0.03510512,-0.041422155
-0.010303447,0.009999726,0.035754766,0.0019010119,0.015181368,-0.014189535,-0.004759049,0.030106446,-0.04731832,-0.0023721505,-0.005457526,0.044619974,-0.021267489,-0.009936673,0.01932577,-0.013861902,0.054450944,-0.008823884,-0.013543167,-0.0052988087,0.04282073,-0.00076403545,0.023603953,0.0006012416,-0.060959216,0.033954788,0.06098667,0.017712874,0.0059495266,0.012019333,0.037300218,-0.01420419,0.0020656555,0.039124038,0.079232305,0.01574623,-0.064915195,0.061924152,0.05809009,-0.021415863,0.022145951,0.01740056
0.036312703,0.025035037,-0.050803896,0.039385017,-0.061180398,-0.015379621,-0.024832271,0.025197754,-0.009288189,0.038272154,-0.042376406,0.04818716,-0.039732143,0.020021157,-0.06993577,0.057503123,-0.033466995,-0.035726193,0.027350772,0.00043085546,0.018266637,0.012714179,0.014396048,-0.0016936084,-0.020735113,0.052182343,-0.00273538,-0.006437796,0.040052384,0.02672045,0.012874154,-0.05458813,-0.030167058,-0.042252783,-0.016009336,-0.04937485,0.0452884,-0.057099115,0.010435262,0.049500164,-0.03297851,-0.046237346
-0.004505099,0.029888438,0.027460502,0.046506684,0.0028519519,-0.006503168,-0.04433971,-0.0015663579,-0.0038787567,0.0040047565,0.064706385,0.014978345,-0.025708443,-0.0057124356,0.04523947,0.07328679,-0.022771148,0.019467982,0.0010813056,0.027884386,-0.010791656,0.05367861,0.056211114,0.0077873697,-0.03478035,0.053442013,0.035169277,0.0020283826,0.053550128,-0.0003865179,0.0486017,0.024820004,0.00019868216,-0.0068508303,0.06921963,0.051052723,0.02784931,0.00630577,-0.00033752798,0.0365867,0.008248812,0.013406751
-0.06587565,-0.042019106,-0.050849713,-0.07735261,0.020320915,-0.052406248,-0.055867273,-0.0122742755,0.00010695381,-0.03562055,-0.0061689466,-0.07514606,-0.05478975,-0.06679329,0.0005886832,-0.0137108,-0.06863289,-0.08380119,-0.043488335,-0.051296793,-0.06704994,-0.031306066,-0.054472003,-0.04793296,-0.06489862,-0.017496541,0.002837472,-0.051150173,-0.05152165,-0.012920404,-0.012698947,-0.06744646,-0.07575554,-0.052711427,-0.100727946,-0.060515042,-0.06337151,-0.046721753,-0.040241517,-0.06487827,-0.042166814,-0.055550635
-0.028603422,0.012769043,0.07033949,-0.016611,0.044133905,0.031634524,-0.010403896,0.076372735,0.03481032,0.048324406,0.05444385,0.037592936,0.058729015,0.075868264,0.011119992,0.08057931,0.020116685,0.01241179,0.054999456,0.029685142,0.029847266,0.041007828,0.049512733,0.025838975,0.008527888,0.026928948,0.07420751,0.023928212,-0.036259577,0.005579456,0.09602155,0.06338021,0.07457094,0.021411115,0.019178897,0.052767143,0.001699035,0.07085119,0.04531824,0.036454573,0.056744605,0.056311924
-0.021464543,-0.03445046,-0.050469823,-0.008940233,-0.05711202,0.010797085,-0.056537427,-0.032283,0.02724382,-0.060188547,-0.08690651,-0.04740134,-0.02705757,0.029755993,-0.05661912,0.014522294,0.029687343,0.00041356208,-0.0788819,0.012132576,0.013101417,-0.008199816,0.009051983,-0.03854097,-0.058481157,0.0597399,-0.026068773,0.010289624,0.016048584,-0.060476407,-0.05104141,-0.07836416,0.040240236,-0.034469627,-0.0019822924,0.015532957,-0.04240472,-0.03756539,-0.013977244,0.039652918,-0.030667616,0.04611054
-0.0050321035,-0.045676485,0.07202317,-0.009751243,-0.031339012,-0.0103771165,0.000465612,-0.059607264,-0.02147388,0.001072423,-0.04569685,-0.0022978017,0.07440415,-0.018948412,0.0045843753,-0.04769272,-0.022890572,0.036628727,0.06683892,0.034047056,-8.387706e-05,0.0021769847,-0.03699082,-0.0313327,0.020970475,0.045806855,-0.07146523,-0.043923713,0.019394705,-0.059383977,0.02758546,-0.048907835,0.028487138,0.006676643,0.036838226,-0.07537561,0.020675585,-0.07403471,-0.07415101,-0.023696186,-0.0030809399,0.057507575
0.025916848,0.057646815,-0.013667977,0.0031217306,0.081754364,0.052023306,-0.06431311,-0.025758335,0.04870182,0.017567823,0.051511507,0.020413142,-0.04810264,0.08973987,0.037744515,-0.034965076,-0.017589813,-0.010569325,-0.016484328,0.09197023,-0.012937236,-0.037007615,0.0043438603,0.045830823,-0.0703402,0.0740927,0.07923573,-0.012938019,0.041505832,0.06432146,0.06430758,-0.027349466,-0.0027654667,0.07884939,0.015016658,0.019571157,0.023173315,-0.020925444,0.032866664,0.04068178,0.015154253,0.01236478
0.058338895,0.01958556,0.024041114,0.048025824,0.019396508,0.018523607,0.032081142,0.029067291,0.052588355,0.054012634,0.03929518,0.058495753,-0.013544009,0.057112034,0.07568543,0.02358811,0.046475094,0.047709085,0.05259229,0.057338603,0.07344849,0.0280293,0.058828622,0.051332455,0.035772167,0.01592057,-0.013428926,0.058403853,0.033297557,0.028079633,-0.015302291,0.011648271,0.047461048,0.0604265,0.031412583,-0.00037799263,0.032512933,0.0073422254,0.03223767,-0.012378484,0.07443276,0.07654673
-0.094198935,-0.097624525,-0.09093954,-0.08691256,-0.07908039,-0.12743743,-0.09023766,-0.08744784,-0.07832537,-0.08625266,-0.08915756,-0.09102689,-0.086817846,-0.09200178,-0.08066492,-0.10446877,-0.09193975,-0.10130891,-0.09420251,-0.09183717,-0.09943959,-0.09089756,-0.08288749,-0.08318408,-0.085595615,-0.09127532,-0.07757108,-0.085399985,-0.08304814,-0.08572163,-0.10614968,-0.08519432,-0.08519575,-0.078219324,-0.104447044,-0.08670109,-0.084258206,-0.084734984,-0.0839657,-0.092094585,-0.08788915,-0.08169804
-0.063150726,0.017955847,0.0025253177,0.0061269337,0.06902798,0.09592095,0.04103983,-0.06575519,0.060372125,-0.04316433,0.052115098,-0.00039324153,0.03982514,0.022506893,0.01504652,-0.014459228,-0.019827994,0.017990682,-0.0026719118,-0.025409969,-0.03954208,0.06395386,0.053610113,-0.049472198,-0.06303404,0.05326256,0.0010119254,-0.026174033,-0.023403928,-0.018885635,0.07275301,-0.041181188,0.030251084,0.023790529,0.040113505,0.010633983,-0.014844054,-0.0050532985,0.016813328,-0.038093697,0.0013447874,0.027919255
-0.09164267,-0.048164688,-0.058765326,-0.059476115,0.019770151,0.030113047,-0.049653664,-0.081613,-0.07162727,-0.053148452,-0.056545015,-0.09094923,-0.07974576,-0.069119796,-0.013953032,0.0310831,-0.06259355,-0.008578687,-0.03906418,0.0094255535,-0.006634753,-0.029363126,-0.06114906,-0.07525957,-0.082603574,0.057433806,-0.03270446,-0.07739011,-0.08211829,-0.073488645,0.03695369,-0.07694037,-0.052125044,-0.07883463,-0.04791705,0.006255768,-0.050070863,-0.08438013,-0.08495517,-0.024508594,-0.0024631864,-0.08066025
0.03242256,-0.02704151,0.017566442,0.027167102,-0.024307836,0.034647122,-0.010976344,0.054753352,-0.0017289304,0.049792685,0.06813555,-0.025723938,-0.048657138,0.042870507,0.01734837,0.021466421,0.0069201184,0.039629996,-0.037974045,-0.019505052,0.03832864,-0.035921775,-0.01848222,-0.05214719,-0.025464728,-0.055506926,-0.04158794,0.04693888,0.075866535,0.0101040965,0.0077987825,-0.039811116,0.04729226,-0.024615122,-0.016374478,0.036246724,-0.033235557,-0.030101031,0.0036065283,-0.06810424,0.0335064,0.062125444
0.035402067,-0.056974936,-0.048422914,0.011248833,-0.07132252,0.01831947,-0.060931176,-0.056261204,-0.063773625,-0.020679882,-0.0698228,-0.027967293,0.019560616,-0.042583883,0.027477635,-0.015399993,0.057857692,-0.01591302,-0.00022405223,-0.011018898,0.007555408,0.07005719,0.060988836,0.020814775,-0.019928312,0.048218973,-0.07118673,-0.030197116,0.067598864,-0.03614003,-0.03758929,0.02441977,-0.075430736,-0.039580137,-0.020632487,0.049679115,0.009315816,-0.0508126,-0.053393092,-0.058263935,-0.013401165,-0.009353377
-0.03051705,-0.013025547,-0.043814328,-0.024771722,-0.055937093,0.008869148,-0.005944623,-0.02146473,-0.0011061977,-0.06571346,-0.034662582,-0.045782927,-0.018909033,-0.055765387,-0.048582394,-0.052444752,-0.028906005,-0.059007153,-0.0582615,-0.02786413,-0.053578746,0.014243244,-0.039348096,-0.02243907,-0.02036776,0.016258093,-0.06884126,0.017567055,-0.052434325,-0.02686872,-0.04501906,-0.028098973,0.02583594,-0.07144988,-0.07663903,-0.05174235,-0.059144977,-0.051353477,-0.04836065,-0.07124669,-0.037529394,-0.038744785
-0.06351951,-0.04382122,-0.028867679,-0.030801168,-0.006687988,-0.016329583,-0.081402056,-0.05646449,-0.05619876,-0.023705246,0.021969642,-0.045541797,-0.047100868,-0.04541228,-0.00041955902,-0.058080185,-0.016475959,-0.0550782,-0.072446376,-0.03685087,-0.059916396,-0.015963474,-0.015574297,-0.016572032,-0.030984242,-0.017141068,-0.048970368,-0.023306571,-0.06729495,-0.03767486,-0.029759007,-0.03154544,-0.025931485,-0.06287734,-0.06757525,-0.06251607,-0.01319612,-0.04199303,-0.04867535,-0.02402949,-0.060655694,-0.052054074
0.047516804,0.015536603,0.050113592,0.0541493,0.030062374,0.017445302,0.009084227,-0.03088183,-0.02340558,0.064776905,0.01686984,0.035051756,-0.006258508,0.033013575,0.011248544,0.051778696,-0.013143382,0.03611497,0.01465803,0.03419843,0.014028482,0.022245966,0.054761045,-0.0007619152,0.0070753135,-0.027483989,0.031037064,0.007696462,0.01584327,-0.006382544,0.049278293,0.0388124,0.053258155,0.04083951,0.05545128,-0.052053075,0.01818667,-0.029300353,0.045777593,0.06151344,0.028575292,0.012143411
-0.034109097,-0.010446686,-0.043257784,-0.040023025,-0.046278212,0.015603007,0.01965357,-0.05136102,0.0037818542,-0.04998867,-0.077606186,0.0077443807,-0.02391915,-0.028444864,-0.057299525,-0.06145841,-0.01507808,-0.010391026,-0.055813476,-0.06532044,-0.06239166,-0.05864594,-0.039953038,-0.055231515,-0.074092954,-0.08646421,-0.062194727,-0.045075018,-0.06771842,-0.057026673,0.047953602,-0.055011872,-0.025663184,-0.073924646,-0.046502728,-0.06153211,0.00043462694,-0.078637674,-0.07726241,-0.068230525,-0.055997796,-0.062630735
