,alligator,ant,butterfly,caterpillar,chick,crab,dinosaur,dragon,duck,eel,fish,fly,frog,jellyfish,lizard,lobster,mosquito,moth,octopus,ostrich,owl,peacock,penguin,rooster,scorpion,seahorse,shark,snail,snake,spider,turkey,turtle,worm,dove,dragonfly,flamingo,goldfish,hummingbird,ladybug,pigeons,seagulls,swan,woodpecker
non mammal,0.30843526088413864,0.3267254713079687,0.2633142140049891,0.25113484039330747,0.35844224930303903,0.2734305287758979,0.38616359106331355,0.25929832591031243,0.3114308526764634,0.2651691072640574,0.39100811554432924,0.3270152854309708,0.3236442495615318,0.33240655311808953,0.36370484990142304,0.2711323616973196,0.3332155933646378,0.27498881361225114,0.31818657716866494,0.353933025307439,0.29481273631780525,0.2887697027725078,0.34275242321580834,0.22957624261477583,0.210226857570454,0.3551655412145298,0.3253117509879333,0.33078633071552677,0.36736109369657655,0.31288269571457383,0.25778682683115306,0.30638708225953637,0.2324073944167917,0.2782739450488386,0.2524676277802338,0.2515001979258763,0.26500273411399,0.3339721785565304,0.20484289738333616,0.309455647545531,0.24426698434093974,0.2790530510422786,0.321061397804158
