,bag,barbecue,basket,blender,bottle,bottle cap,bowl,can,can opener,chopsticks,cooler,cork,cup,fly swatter,fork,funnel,jar,knife,match,measuring cup,nutcracker,plate,refrigerator,rolling pin,spatula,sponge,spoon,teapot,thermos,toaster,toothpick,ladle
kitchen items,0.3109759334287505,0.2619642950763619,0.28663243015836315,0.34055461540625287,0.3007457220903822,0.2224403152001727,0.26605649401336384,0.10403698422718088,0.3767131967030337,0.3261979091091821,0.21368436532824897,0.16231066404108963,0.267773924038178,0.19149275557760348,0.22098402389995198,0.13071062402384848,0.2425869725774964,0.3671432660621974,0.18993547575424097,0.2483953466300458,0.19658678239749094,0.35565437485856044,0.3536204364425357,0.24209580285039767,0.38974090467214073,0.23001811420832552,0.28000808214879536,0.219933414484637,0.24936911549707108,0.33113348044539115,0.26916110701133,0.3930586628631174
