Kitchen Items,bag,basket,blender,bottle,bowl,cabinet,can,can opener,chopsticks,cooler,cork,cup,drawer,flask,fork,grill,jar,kitchen,knife,ladle,measuring cup,nutcracker,plate,refrigerator,rolling pin,spatula,spoon,straw,teapot,toaster,toothpick
-0.059592467,-0.051805638,-0.050562955,-0.04441126,-0.018615887,0.0046562413,-0.052894123,-0.040299978,0.039646138,0.008985344,-0.029898075,0.02007912,-0.02050186,0.00015101263,-0.03075743,0.01513679,-0.024707826,0.0095748,-0.07501907,-0.043829955,-0.021617116,-0.013509089,-0.020880125,-0.032288924,-0.040116966,-0.012784352,0.016953051,0.010773195,-0.013487778,-0.069648445,-0.00086608436,-0.04302794
0.01495553,0.035395347,-0.021962041,0.008779718,-0.027752317,-0.005663804,0.048610438,-0.016997872,-0.05029056,-0.010382464,-0.00037658474,0.04579281,-0.039866846,0.04678485,0.03906708,0.024443936,0.03533542,0.057962675,0.021725712,0.003148156,0.032207884,-0.07531476,0.039791483,0.032438762,0.056048788,-0.0067369207,0.006309092,-0.0072691003,0.03607654,0.038992368,-0.000544305,0.049147803
0.06271734,0.016620707,0.04435748,-0.0555317,0.0013613562,-0.007570725,-0.038788818,0.016104328,0.0141965775,0.07625436,-0.014142679,0.013432422,-0.060485516,0.05973478,-0.043729555,0.03040748,0.048941888,0.05770646,0.008117017,0.06027674,-0.057190757,-0.07507308,0.06453153,-0.0028525528,-0.051025536,0.03213402,0.024175897,0.05932702,-0.049495656,0.04444518,-0.0079079475,0.038231708
-0.029292742,0.07182022,0.049484894,0.042346645,0.048856623,0.068119496,0.046062116,0.049467783,0.06762383,0.03141427,-0.0046959775,0.054882836,0.052380472,0.038345933,0.024436193,0.045056257,0.033688225,0.05947955,4.6553436e-05,0.06567675,0.049310822,0.014520312,0.02770735,0.046718583,0.06287726,0.014058071,0.053860825,0.047998723,0.06487303,0.034529455,0.04995698,0.06185005
0.024000164,0.040336993,-0.057273146,0.06572198,-0.018006094,0.046440464,-0.042086557,-0.03542823,0.033079904,0.042421345,-0.032192875,0.01947215,0.02095571,-0.011484845,0.0076162894,0.02506253,0.02635015,0.020312719,-0.003291646,0.01739662,0.06391435,0.05009935,0.047705874,0.008052077,-0.04167031,0.048415475,0.039924044,0.014970521,-0.034778476,-0.00055558316,-0.03448201,0.06078654
0.065599635,0.024588538,0.0630185,0.055892102,0.061132,-0.042843338,0.044922058,0.05312098,0.07076608,0.0024653906,0.030759046,0.030749613,0.057265345,0.05303079,-0.0062982677,-0.07841207,-0.056979045,0.07642173,0.075460844,-0.03402312,-0.0052794274,-0.013697473,-0.04935298,0.044519395,0.015316405,-0.012570957,-0.0013126994,-0.015933024,-0.011951505,0.070833586,0.035829257,-0.07624449
0.024395175,0.014764387,-0.014338868,0.033905093,-0.012043809,0.059022106,0.043367814,0.019779444,-0.021060983,0.013923765,0.04823146,-0.008258952,-0.00269869,0.0057115387,0.027258534,0.064722,0.006306771,-0.038608104,0.0075168787,0.042379707,0.02993405,-0.076204725,-0.03520644,0.008377474,0.033297732,-0.049728338,-0.013787344,-0.012485883,0.043181416,0.00061112095,0.0066324132,0.058377977
0.029577935,0.0088879485,0.0038752332,0.053494863,0.0058499807,0.022182785,-0.015168284,0.02263528,0.03457756,0.008391195,-0.022859795,-0.01739951,0.020196445,0.06188937,0.022752382,0.019564081,0.012061581,-0.011960829,-0.006501842,0.022342097,0.034088545,0.046749167,0.016417984,0.03198753,-0.03155444,0.05312963,0.039915964,-0.01855801,-0.031945854,0.029422326,0.04696241,0.040249314
-0.02682151,0.04941996,0.024317743,0.05720894,0.039961755,0.037119906,-0.03445192,-0.013155995,-0.053671055,-0.072331354,-0.021672817,0.005806949,0.027970912,0.010946051,0.0077584744,0.035758246,-0.028810462,0.024476515,0.007626491,0.025418421,0.05015424,0.01171754,-0.0055469535,0.008619103,0.040852364,-0.0017205201,0.034704477,-0.019174818,0.030320514,0.047954217,-0.03285936,-0.022885421
-0.041918553,-0.02912973,0.021658696,0.02275084,0.042135857,0.026630057,-0.07166447,0.05782018,0.06741799,0.059927784,-0.0048294505,0.06986089,0.041848257,0.008920162,0.018711843,0.03648528,0.013539079,-0.011668443,-0.024872424,0.051399253,0.07073941,0.05365481,0.00932791,-0.027033424,0.060041644,0.061660204,0.06390756,0.07242412,0.052060787,0.019714609,0.025096122,0.08033424
0.053054746,-0.005483428,-0.04745668,-0.016603684,0.040065113,-0.051609118,-0.0037233212,0.018276373,-0.008244534,-0.03296102,0.019681988,0.008456127,-0.062117152,-0.012671544,0.043202806,-0.020712469,-0.0065787644,-0.005563178,0.039209995,0.028586641,0.045959204,-0.057362746,0.033476435,-0.016635602,-0.059591785,-0.03911077,-0.01939097,-0.024393188,0.033585962,0.008809409,0.022372004,0.03581572
0.0010601754,-0.0143250525,-0.038292497,0.03263464,0.048058126,0.06451738,0.018876854,-0.008977311,-0.0076936525,-0.04584161,-0.015029213,0.031908453,0.0019654247,-0.071269184,0.05797055,-0.07737322,-0.07806031,-0.04205877,-0.009383454,-0.07634876,0.020002995,0.031260587,-0.07508356,-0.022501066,0.002358736,-0.046994444,-0.068600655,0.05226292,0.06724238,0.031994604,-0.009548332,-0.03963415
0.013685946,0.029959243,-0.022404835,-0.01993171,-0.009243604,-0.025275659,-0.014349599,-0.023878753,0.011246543,-0.02957355,0.038666073,0.015274355,-0.03732722,0.0024712181,-0.0020544643,-0.015345647,-0.0053296397,-0.008133635,0.033113655,-0.043891277,-0.012441993,0.02726408,0.021113815,-0.07250063,0.013850396,-0.0092749,-0.0026349265,-0.009734866,0.030697742,0.036984254,-0.045744676,0.005224151
0.0004759907,-0.014482236,0.01939934,-0.062262274,0.023310997,-0.027091922,0.013914635,0.10224737,0.073115945,0.009244164,0.013365702,-0.0016323385,0.034701344,-0.030153647,-0.0035775688,-0.055825133,-0.012645718,-0.04880537,0.030105963,-0.05668272,-0.045447398,0.05445166,0.015054026,0.018345445,0.0020317596,-0.040577132,-0.066194475,-0.064801775,-0.021630963,-0.019573193,-0.016438138,-0.028484961
-0.0906146,-0.0025165936,-0.030433932,-0.07505706,-0.086455815,-0.063696735,-0.024599276,0.036340524,-0.07228459,-0.07653303,-0.0232231,-0.06965279,-0.08950682,-0.03646658,-0.07649277,-0.0842686,-0.087691456,-0.078607276,-0.08764071,-0.054917112,-0.08592062,-0.08091204,-0.062999316,-0.07976089,-0.082799874,0.037826344,-0.082041435,-0.080761425,-0.0734696,-0.0782791,-0.077010326,-0.08802809
0.0052949623,-0.012694411,0.007414207,0.050612684,-0.0065532555,-0.0037078834,-0.0072410386,0.02273276,0.006877708,-0.03811783,0.02520398,-0.004257815,0.00600916,-5.2012874e-05,0.057507336,0.04666605,0.04047614,0.016221441,-0.008034964,-0.022526776,-0.029234488,0.05290684,-0.00310796,0.01543966,-0.013669274,0.036564745,-0.032287907,-0.048359863,-0.013483614,-0.053564876,0.013995952,0.00856666
0.005425445,0.03722677,0.039529707,-0.05925226,-0.04361478,0.03350343,-0.0151684955,0.00964895,0.055429414,0.061584033,0.050861735,-0.054833483,0.0056147943,0.025590675,-0.0067234067,-0.0028880753,0.08387333,0.0024434254,-0.0108824,-0.040270127,0.0073324447,0.029514026,-0.02040262,0.0226742,0.010912493,0.06896582,0.04249296,0.011403708,0.020085769,0.00958678,0.048770454,-0.007930632
0.049898054,0.06436951,0.03398395,-0.030842192,0.07039319,0.031745426,0.07922561,0.051936276,0.05725312,-0.0356695,-0.014802525,-0.008700627,-0.04438567,0.03076711,0.06456578,-0.04389285,0.0532828,0.02318989,0.061435215,0.018693099,-0.011767163,-0.02665924,0.048620448,0.003489787,0.047772072,0.03857094,0.070934854,-0.051084988,0.06984903,0.06496851,0.010914465,0.051699247
0.01858312,-0.02987809,-0.03157951,-0.06144243,-0.031604014,0.020886248,-0.049451772,0.06795191,0.013092128,-0.015974762,-0.0014666726,0.041665148,0.01715005,-0.058462437,-0.047371935,-0.0054896376,-0.010792092,0.032679927,0.053223852,-0.01959443,0.007910504,0.012541357,0.007544898,-0.07874,0.0342061,0.04135429,0.07695975,7.8121986e-05,-0.04828737,-0.06334636,0.0394031,-0.06544172
0.053485718,-0.02014629,-0.046114955,0.0023296352,-0.001944846,-0.06724569,0.016361747,0.05513612,0.038401026,-0.041437604,-0.07175529,-0.034192998,-0.0764244,0.01176435,0.03069551,-0.054531906,0.0043592895,-0.058800116,-3.244269e-05,-0.051347457,0.016561558,-0.0663212,-0.051448718,-0.02425725,-0.044004403,0.054725103,-0.00915468,-0.054882407,-0.03858315,0.046010803,-0.060243208,-0.017064318
0.05015005,-0.022435905,0.004732727,-0.0087760575,-0.03543368,-0.019795178,0.027296377,-0.017606132,-0.029610759,0.033427875,0.0071274852,0.032876775,0.011492609,0.02451576,-0.026290346,-0.052414525,0.017382672,0.0067014247,0.00020370686,-0.00088741886,-0.0020845956,0.0033452422,-0.0593805,-0.043156378,0.036434855,0.03735198,0.050745506,0.036081545,0.057495516,-0.0060591376,0.034369547,-0.019640677
0.06872661,0.020190747,0.07187319,0.02679282,-0.009599614,0.06372218,0.023811221,-0.023287054,0.063096836,-0.014437955,-0.0018397305,-0.03362564,0.061664693,0.07700178,0.061078496,0.07107173,0.069971,0.06303947,0.07162231,0.049801573,0.06769183,0.076701224,-0.021047326,0.07920279,0.06118608,0.064404644,0.0634242,0.0327041,0.024729488,0.06219719,0.07752025,0.03319423
0.003018948,0.010928282,0.011277583,-0.024294892,-0.011534872,-0.00458672,0.03864426,0.00094628276,-0.014189563,-0.054935176,-0.014735275,0.03972755,-0.027635626,-0.006892385,-0.04188965,-0.032346994,-0.011570452,0.06664126,0.020798966,0.016363146,-0.024117444,0.039868046,-0.010293265,0.04374409,0.05144591,-0.030099137,-0.049184043,-0.031441923,-0.0459371,-0.025379378,0.0056312364,-0.07621375
-0.01261039,-0.033166017,-0.010847246,0.06994954,0.019085018,-0.024677685,-0.051446673,-0.024667047,0.039123885,-0.0028458894,-0.03756855,-0.037988555,-0.029011186,-0.01434293,-0.01711893,-0.023601132,0.0042525805,-0.02181336,-0.04322615,-0.049929153,-0.054780524,0.026153684,-0.036942188,0.020004448,0.035207726,-0.05256362,0.0069825687,0.029780604,-0.04498725,-0.030004106,0.04185032,-0.04203167
0.018080436,-0.041581474,0.00014230488,-0.016408969,-0.04856084,-0.008850747,-0.06428348,-0.056323394,-0.07316101,-0.06748094,-0.020547332,-0.07768521,0.05287687,-0.04339889,-0.03703713,-0.033998046,-0.063699566,-0.023113295,-0.0038254801,-0.06422199,-0.039310582,0.038288735,-0.08424654,0.014464406,-0.036671553,0.024024328,-0.037372023,-0.008508607,0.0054323836,-0.028787881,0.0027827562,-0.075123444
-0.033378597,-0.0045960248,-0.04932951,-0.031371363,0.05810835,0.03904845,-0.07215535,0.05834542,0.06560951,0.05646104,0.010009384,-0.060942523,-0.040013116,-0.038448036,0.030253876,0.0353869,-0.0026355304,0.048073452,-0.04314327,0.055814162,0.060371343,-0.011966883,0.003124981,-0.00793059,-0.017538328,0.023236115,0.02013683,0.07955741,0.06191478,0.0012255413,-0.015239223,0.05702104
-0.067317635,0.018244358,-0.027448833,-0.043732483,-0.029797662,0.045158625,-0.024360375,-0.010191671,-0.07636298,0.02493136,-0.02658302,-0.05229951,0.01963729,0.051043436,0.044082757,0.032352813,0.047975544,-0.011850787,-0.041586675,0.033861876,0.024597626,0.011350639,-0.04119805,0.024546139,-0.053553026,-0.017760653,-0.011479622,0.020408643,0.059548687,-0.054036494,0.039929252,-0.014448728
-0.018797815,-0.05952527,-0.023840705,-0.026926355,-0.05914217,0.019611219,-0.010427443,-0.04810006,-0.056152124,-0.02017346,0.024083382,0.03692388,-0.060251508,0.003811827,-0.05399792,-0.027789922,-0.047263507,0.01517688,-0.030339794,-0.058447264,0.018351564,0.021878464,-0.06836722,-0.07129704,0.03612692,-0.018143978,-0.047060825,-0.07119053,-0.056605246,-0.059918217,-0.0015720091,-0.045482278
0.023006624,0.03934072,0.033315424,0.0017709329,0.068472624,-0.031769462,0.006724849,-0.039249983,-0.041559335,-0.030011544,0.033146694,0.054021616,0.0740114,0.008909026,0.016931957,-0.032312818,0.0046199406,0.043001883,0.036104877,-0.060041104,0.0020238946,0.043016654,0.06733893,0.011177337,0.06420372,-0.04186861,-0.028806109,0.03988234,0.024156345,-0.030806737,-0.044236027,-0.022143735
0.02049487,-0.05350643,-0.05877788,0.015138252,-0.015149641,0.06801963,0.06285159,-0.04174495,-0.06612306,0.0013404819,0.025415959,0.046717778,0.038772877,0.02281218,-0.02145102,-0.06188291,0.021670971,-0.045912124,-0.030777741,-0.04041107,-0.00307476,-0.012894463,-0.020500015,-0.0362488,0.012366595,-0.012691447,-0.06218703,-0.04572072,0.048721924,-0.028543713,-0.031146897,0.04278648
-0.050547007,0.08622292,-0.042274512,-0.06531317,0.053409547,0.07432018,-0.032284636,-0.051994186,0.01792107,0.07283948,-0.04644227,0.04531807,0.025331022,0.01516587,0.059326436,0.04539891,-0.060163412,0.030651633,-0.070415445,-0.0024193851,0.06092951,0.014258398,0.0059374594,-0.037294313,-0.07645868,0.025068449,-0.055160586,0.06518369,0.062918715,0.05832333,-0.028851807,0.01792865
-0.0034039186,-0.0013566979,0.012179648,0.032756433,-0.044814706,0.039272785,0.050854076,-0.048312742,0.023918036,-0.0039785723,-0.056577064,0.03499923,0.06465594,-0.004786749,-0.033308856,-0.008348776,-0.0074178297,-0.034380868,0.0037375016,-0.04851035,-0.044085097,0.05319413,0.016589006,-0.03890422,0.032068435,-0.0016270517,-0.0061580627,0.014485226,-0.026293546,-0.053805556,-0.041656956,0.038609184
-0.0017326002,-0.07411051,-0.0055764597,0.014098408,0.036118034,-0.052640237,0.05182335,-0.013466689,0.044484466,-0.062034942,-0.04726409,-0.052444477,-0.016640078,0.079953104,0.033409256,-0.07061295,0.06647783,-0.0071457033,0.0027883002,-0.027616583,-0.045905877,0.027074585,-0.05527093,-0.021642126,-0.032247845,0.018127518,0.041818254,-0.057032127,-0.069371566,-0.01594267,0.03141059,-0.04551215
-0.015170236,0.08913024,0.08367489,-0.027327761,0.044981588,0.04863982,0.016772287,-0.0071311626,-0.03539064,-0.0321628,0.054482717,0.020663192,0.08024498,-0.024470937,0.058262113,0.034638118,-0.011243396,0.08575689,0.03353331,0.029966746,-0.020930737,0.0792649,0.08447749,0.035058994,-0.05212565,-0.006536779,0.019547183,0.038142115,0.060463563,0.04686716,0.026734505,0.070362024
-0.03589227,0.048018437,0.061164774,-0.051205024,-0.050731193,0.07569306,0.06331941,-0.03980252,-0.047489963,0.03515746,0.0376656,-0.0723266,0.06180725,-0.00032964878,-0.046165254,0.06794723,0.016518993,0.022355981,-0.05234437,-0.014214485,0.022341894,0.05919367,-0.016687153,0.03603781,-0.053594954,0.006729264,0.0028822073,0.07489011,0.035725877,0.07787845,0.06304791,-0.054442704
0.025616506,-0.024689613,0.033795383,0.016837973,0.059448738,0.05292396,0.022281924,0.0334841,0.048348896,0.03443217,0.018935073,-0.06927935,0.03215671,-0.005973328,0.042976588,0.018928746,0.005481831,-0.0074331937,-0.024834968,0.025490189,0.06412908,0.04214064,0.028858513,0.047499914,0.013815928,-0.05627823,-0.0471364,-0.052334387,-0.037577048,-0.0069310903,0.026310688,0.02731498
0.043974023,0.001936568,0.06359336,0.0383467,0.023479559,0.067290455,0.046712026,0.053807255,0.054752547,0.009396825,0.0015738667,0.0018852405,0.04806251,0.027243653,-0.047178607,0.058452237,0.0540491,-0.0131988255,0.06273357,0.0393226,-0.0030838596,-0.034381326,-0.012604673,-0.03434203,0.016505675,-0.05298784,0.04157301,0.06608341,0.05620766,-0.02074061,0.065462746,-0.032642674
-0.035062347,0.011373757,0.06715173,-0.003689608,0.0032219037,0.038601033,0.052791987,-0.056274198,0.07058822,0.05796926,-0.038845208,0.021646218,0.07933767,0.060816344,-0.011309943,0.07598637,-0.05059066,0.07402236,-0.01035553,0.07262705,0.041266486,0.079692125,0.062387995,0.063120954,0.04339839,0.0752806,0.06566662,0.07906715,0.050500255,-0.002872437,-0.032508917,0.06460506
-0.01576896,0.027823687,-0.00033557566,-0.05632758,0.004381814,-0.047059994,-0.052368704,0.0044638785,-0.007465312,0.021969408,-0.059269182,0.077886134,0.059079885,-0.061782934,-0.019738315,0.008497714,0.019729609,-0.039825212,0.029080465,0.01578558,-0.056272577,0.026736256,-0.067111924,0.04748938,-0.048903342,-0.04990742,0.0169517,0.014332099,0.0035186461,0.06940256,0.002304756,-0.040932056
0.0562493,0.006748213,0.035724133,0.04669874,-0.045864232,-0.043575305,0.036158007,0.016554544,-0.050303243,-0.029242635,0.016381897,-0.068098456,-0.07089111,-0.03396634,-0.015269193,-0.022378907,0.0066227894,-0.060531944,0.024683503,-0.011285691,-0.02995076,-0.067196906,-0.078412026,0.025833499,0.028419185,-0.017214037,0.061568398,-0.05558716,0.06639138,-0.035726327,0.061114926,-0.011246212
-0.05272346,0.039938543,0.08137188,0.0026793128,0.014343324,-0.014226413,0.013139635,-0.023891328,0.0056329095,0.035931922,-0.013291582,-0.061339438,-0.012444399,0.045804974,-0.0009252436,0.03231934,0.0018201375,-0.054778017,-0.05072052,-0.009041867,0.007921298,-0.021619188,-0.020985546,-0.0059779594,-0.025629155,0.015341362,0.044325657,0.040570993,0.02603445,0.031039063,-0.040321648,-0.030077606
0.036681052,0.057498265,-0.0042504165,0.028514346,0.054272424,0.067716405,-0.045973852,-0.01794553,-0.000889111,0.00014428601,-0.0040882905,-0.022660527,0.06292519,-0.0018440064,0.05035781,0.03578573,-0.03741085,0.042764746,0.036191527,0.021117505,0.016009415,0.069544494,-0.022127315,0.03557453,-0.043319207,0.06262681,-0.025805894,0.054459874,-0.0128092,-0.035204705,0.00307592,-0.008760397
0.04854331,-0.09262373,-0.08475622,-0.07214773,-0.081717394,-0.008639528,-0.028838757,-0.06770228,0.01755196,-0.03172676,-0.009310604,-0.0027175897,-0.058359765,0.0019022491,-0.07602475,-0.023115426,0.079113536,-0.07297461,0.049182832,-0.033371136,-0.05166719,-0.047940876,0.005545801,0.051419076,-0.032406926,0.002959071,0.009574717,-0.03613476,-0.07311821,-0.061579715,-0.03325314,-0.02474813
-0.048590317,-0.07673472,-0.037407093,-0.061155166,-0.0726822,-0.03987663,-0.0655391,0.04538768,-0.041611824,-0.06597148,-0.043614715,-0.040497314,-0.06159056,-0.058110062,-0.06896997,-0.06006773,-0.056118075,-0.03652691,-0.06182306,-0.06590052,-0.06442648,-0.0643643,-0.060470328,-0.07663483,-0.04494402,-0.07701773,-0.03450792,-0.059206497,-0.05928735,-0.028195921,-0.062207635,-0.06545882
-0.086745925,-0.02863681,-0.05891461,-0.029033532,-0.04453713,-0.06205422,-0.008073068,0.006846364,-0.07608282,-0.061769996,-0.008024632,-0.07435721,-0.036659747,-0.0069555035,-0.011692571,-0.032522026,-0.081419036,0.0027791813,-0.08289049,-0.053649053,-0.087779716,-0.06772954,-0.05767243,-0.06918181,-0.07295053,-0.034642026,-0.07867336,-0.046883307,-0.06949571,-0.015916783,-0.06861029,-0.018975701
-0.0077328235,0.0057154144,0.027097136,0.056423265,0.05306294,0.061564893,0.0069598295,-0.061036814,-0.06134839,0.02102813,0.014169376,0.06420183,0.04576389,0.0013076712,0.05218241,-0.01444793,0.039629363,-0.039550543,0.007732594,0.025288856,0.05096278,0.03273377,-0.040360287,0.06815951,0.044474207,0.06715435,0.043723483,0.017457796,0.062225327,0.074393,-0.06405292,0.054106124
0.020073347,-0.019867757,-0.002004453,-0.05258125,0.00990839,-0.036568124,-0.029949281,0.02369465,-0.01371715,-0.017491007,-0.041799042,0.03614136,-0.041031823,-0.038556136,-0.029563863,-0.06721686,-0.019919224,-0.04699396,-0.004520478,-0.042301584,-0.031932686,-0.041169155,-0.05805841,-0.06395668,0.009020456,-0.0065774354,-0.0017495226,-0.0601433,-0.047075573,-0.03331732,-0.03143977,0.034879737
0.02133701,0.041556105,0.06359308,-0.016260615,0.026556153,0.020745125,-0.037455596,0.01778344,-0.058333535,0.050383523,0.08103622,-0.005758743,-0.0481197,0.0020486107,0.029149791,0.000760686,-0.034485124,-0.03910169,0.02460305,-0.04675369,-0.02245411,-0.026472084,-0.048241857,-0.0028969466,0.028847365,0.012273962,0.02829796,0.067453876,0.05949396,-0.03503226,0.038520753,-0.014529433
-0.0642513,-0.0024692651,0.015428723,-0.044907432,0.012224378,0.057395454,-0.023946198,-0.041510407,-0.06504517,-0.014439865,0.046780147,0.07320019,0.02773868,-0.014000607,0.077452086,-0.0761186,-0.08075529,-0.032912575,-0.034230035,-0.083642945,-0.05549419,0.040979072,0.005690602,-0.04890826,0.039429888,0.05081259,-0.039115228,-0.04320692,0.06863964,-0.04096391,-0.06781139,-0.005964305
-0.0748577,0.009171753,0.03055792,-0.021536516,0.030044572,-0.080967896,-0.016045306,0.0071176947,-0.02264702,-0.06674357,0.08590235,0.04612031,-0.009048088,-0.030481014,-0.067850195,-0.06723151,-0.0042644115,-0.024463935,-0.056327946,0.04811775,-0.06237764,-0.031469136,0.029058186,-0.04173257,0.042571038,0.027355934,0.010721216,-0.050005488,-0.002149335,-0.040391527,0.008918621,-0.025163613
-0.011512702,0.03547659,0.08542076,0.053110577,0.056190178,0.08109508,0.0058921166,0.064468265,0.008635187,0.055110406,0.07700183,0.029284617,0.0907015,0.041495256,0.0744679,-0.019719884,0.017877797,0.08771881,-0.041976776,0.016012967,0.06408413,0.07880289,0.061542246,-0.0033281143,0.020629162,0.019047242,-0.005063952,0.052062817,0.07553228,0.03724766,0.018664574,0.05574973
0.067344,0.06658154,0.06219256,0.040274918,0.026147967,-0.011849767,0.04513088,0.06472546,0.029707288,-0.0033270207,-0.034926455,0.010832562,0.052302744,0.05029303,0.031992808,0.012082863,-0.02150503,0.01879526,0.046436816,0.035653934,0.013402252,0.057823207,-0.018251222,0.038616605,0.06382731,0.037919685,0.0068295696,0.020552715,0.031818647,0.029246092,-0.0020077166,0.0009061083
0.052145105,0.08803814,0.07988221,0.05317687,0.08205258,0.08133818,0.08731066,0.07660494,0.021354606,0.062503,0.08125598,0.0769677,0.08609151,0.064375065,0.069208026,0.07693083,0.074641764,0.08770607,0.0732124,0.077563755,0.06545291,0.064384185,0.06744453,0.09156572,0.06741009,0.06251279,-0.01055609,0.06425467,0.07766575,0.058244944,0.07021578,0.065823585
-0.051978327,0.04831812,0.05125392,0.06458816,0.072033525,0.07543153,0.053286698,0.06330269,0.016484529,-0.031315036,0.028603384,0.05609409,0.06732283,0.06943607,0.05094826,0.07365134,0.004535396,0.049273357,0.0011756038,0.05706343,0.047871914,0.060395267,0.028541552,0.078599624,0.054051254,0.066687234,0.01565424,0.072177,0.03731839,0.015611314,0.032968864,0.037749395
0.0072664386,-0.06731288,-0.00829852,0.052713256,-0.07198801,-0.017890362,0.031092914,-0.04376525,-0.0003266857,0.07078437,-0.045022056,-0.022488486,0.05473051,0.07103052,-0.07508053,0.07025568,0.069316655,0.0016177647,-0.0048209787,-0.005068948,0.003663487,0.018467838,0.07948245,0.06996106,-0.06114188,0.053384818,0.042153172,-0.00955284,-0.069078416,-0.0071961875,0.05962222,0.0023281572
-0.069776736,0.037533134,0.015450782,-0.07163676,-0.05778991,-0.00155958,-0.060278907,0.005927637,0.063727595,-0.057916556,-0.060289886,0.0106904255,-0.06850971,0.047944948,-0.0062367767,-0.08060196,0.04138503,0.022045609,-0.07764576,-0.038123224,-0.048496414,-0.04452212,-0.06327333,-0.04143857,-0.010200797,0.0148890065,-0.06304823,-0.0403735,0.023693636,-0.047537584,-0.017744673,-0.046281513
-0.026772166,-0.03267429,0.016638553,0.046833776,-0.040560212,0.013118695,-0.045278683,0.048070233,-0.017864091,-0.022360755,0.032804515,0.06096203,-0.029426733,0.019527115,-0.008158028,-0.019092303,-0.011527005,-0.025197193,-0.013515138,-0.032000553,0.00525128,-0.032116134,0.022212489,-0.018215787,-0.02494602,0.041096624,0.0035325508,0.009847308,0.035017602,0.01861418,0.004958192,0.00022907562
0.062172733,0.026602948,0.049001217,0.060277447,0.028360376,0.052272223,0.011773667,0.017842954,0.034002393,0.058745176,-0.018096875,-0.08100609,0.07807246,0.021281825,-0.026251795,-0.0429315,0.05563763,-0.0013404094,0.012601165,0.029259518,0.0074263765,0.06954548,0.070171654,0.044364076,0.054414272,0.025589513,0.074877724,0.045972437,-0.035741646,-0.06094209,-0.058341607,0.06350102
0.082127996,0.0680786,0.072116874,0.05775941,0.06650556,0.017164288,0.09236576,0.033686608,0.05211878,0.029658442,0.05696994,0.0410316,0.0526888,0.06052977,0.070163354,0.060283065,0.06600701,0.027789485,0.05309903,0.03971952,0.050818115,0.045193546,0.042455215,0.07263379,0.06927195,0.043986846,0.030002523,0.027402872,0.05410653,0.0663034,0.054348443,0.060299993
-0.0011505967,0.038787432,0.022871027,0.043822642,0.011449111,0.04745449,-0.04025821,-0.004025673,0.057384644,0.023040777,0.038874213,-0.044804588,0.040477317,-0.0191466,-0.0070021967,0.02796397,-0.03374529,0.035296533,-0.03672374,0.054188948,0.035580806,0.03599668,-0.0053764787,-0.055160906,0.034988347,-0.009111471,-0.0290254,0.062384464,0.06157096,0.035160773,-0.010644631,0.02346585
0.01632426,-0.060126655,0.037143864,-0.054183826,-0.04253144,-0.07337428,0.04405661,0.023704406,-0.06659518,0.025185186,0.030191643,0.009880843,-0.06641145,-0.024688348,-0.002574153,-0.042727564,-0.0703511,-0.052454446,0.030847324,-0.027862608,-0.06947343,-0.01383387,-0.05847894,-0.023537429,-0.00019079595,-0.08033138,-0.05312231,-0.054675262,0.018904699,-0.039649382,0.005664551,-0.034591485
0.051996693,-0.005648003,-0.04026379,-0.020730302,-0.0033765703,-0.07436298,0.007466918,-0.046219528,0.03010099,-0.04183504,0.056947753,-0.009573643,-0.08469179,-0.044521578,-0.011493631,-0.06493766,0.03620812,-0.09312871,0.061267935,0.08040128,-0.014046042,-0.079211704,-0.07850828,-0.044678755,0.009420183,-0.0042018294,-0.07467311,-0.05940851,-0.055390693,-0.07463501,0.019323528,-0.01759893
0.005871184,-0.041510563,-0.004268212,-0.060801275,-0.06952539,0.042236477,-0.036248323,-0.011219217,0.0174853,0.029206812,-0.064091265,-0.018852247,-0.005219623,-0.05317061,-0.015545294,0.005118294,-0.06721221,-0.025366863,0.024900574,-0.00036592645,-0.0173084,-0.033747084,0.042748798,-0.023266872,-0.0038191027,-0.013976079,-0.021790667,-0.017014485,-0.037015658,-0.014613025,-0.0043857107,0.019037155
0.04918519,0.05787977,0.044449843,0.07073763,0.06493312,0.047000136,0.060953096,-0.0754137,-0.005391631,0.03507951,0.06444544,0.06579724,0.034707338,0.03447864,0.06049285,0.05526031,0.07099495,0.0449839,0.06784936,0.05725716,0.042788774,0.009773242,0.033894334,0.043380518,0.047477797,0.030687237,0.039260305,0.07414204,0.07022191,0.017473802,0.058201335,0.028500745
0.037310377,0.013338544,0.033291854,0.014892229,0.014614844,0.05946305,0.02666529,0.0054856623,0.048255634,-0.0044872123,-0.020918574,-0.026995337,-0.008368575,0.04911632,-0.004886482,-0.03603282,-0.06244549,0.014678559,0.048194725,-0.04344226,-0.054549642,-0.030849462,0.010977814,-0.039333303,0.052247956,0.0045344247,-0.033940453,-0.014090979,0.007921069,0.06052692,0.057635278,-0.02099273
0.04528828,0.04322217,0.04040848,0.008312397,0.04086262,0.03497538,0.021633724,-0.06379956,-0.0145980595,0.023844667,0.044671685,0.055793,0.027907513,0.0028050814,-0.020025838,0.047420178,0.050655197,0.010543568,0.048465237,0.03686271,-0.022348106,-0.024937857,0.013615074,0.023595098,0.049730062,-0.00888643,0.03290948,0.037609436,0.00095213536,-0.007363577,0.050227236,0.065557644
-0.06731917,-0.051886644,-0.06135121,-0.037896298,-0.036307003,-0.03705535,-0.08998135,-0.027025428,-0.041490357,-0.0068681794,-0.02961635,-0.028846575,-0.018263454,-0.075052045,-0.055304967,-0.008540744,-0.014255375,-0.04911284,-0.063187554,-0.057210136,0.012048611,-0.01967241,-0.042334326,-0.04468691,-0.058878817,-0.010358304,-0.048134983,-0.055013973,-0.02113473,-0.012857064,-0.008160256,-0.04083555
-0.025303839,-0.07277025,-0.018195251,-0.02841643,-0.003807147,-0.056365386,-0.039666668,-0.009596052,-0.06576893,0.023926761,-0.0076044276,-0.03596137,-0.05382984,-0.03442603,0.014132787,-0.078496546,-0.08041237,-0.001680078,-0.02084276,-0.059395842,0.0060483124,-0.02540153,-0.07630328,-0.067450136,-0.03785897,0.0561547,0.014431715,-0.052221242,-0.038268864,-0.059504487,0.06023886,-0.055926442
0.07205937,0.05113366,0.03886262,0.013854121,0.024510661,0.07884173,0.087869145,0.013235308,0.07264685,0.057135023,0.06209293,0.027460799,0.08379215,0.055288933,0.034677666,0.06029873,0.07432891,0.08452567,0.054075435,0.036353767,0.05582847,0.064187415,0.019953059,0.07174713,0.037221953,0.04200712,-0.020023143,0.018808799,0.06526187,0.06675186,0.059498247,0.05463542
-0.061675046,-0.0118609695,0.024352862,0.06659785,-0.01070166,0.052192837,-0.006100354,0.011890728,0.024906483,0.02853525,0.049138773,0.0052033393,0.03165781,-0.06681613,-0.008931133,-0.012654254,0.06302092,-0.031566035,-0.04033444,0.063802816,-0.0016380963,-0.057537004,0.057867445,0.07255199,-0.032974698,0.0042691454,0.024800599,-0.021025728,0.041833606,0.0051520024,0.05254941,0.027256213
0.001882491,0.048755173,-0.042391367,-0.057213735,-0.039324876,-0.031196881,0.042010482,1.3733616e-06,-0.034357045,0.0020644143,-0.004945886,-0.04522172,-0.03994132,0.048128624,-0.07101577,-0.017936984,-0.0035896087,-0.025070867,0.013064707,-0.0209888,-0.0356149,-0.0068180393,0.01879749,-0.0327771,-0.0039939205,-0.004486925,-0.011438115,0.0023629614,-0.049827036,-0.031643078,-0.034175146,-0.01402076
-0.034374963,0.042634152,0.036402352,0.04237755,0.008176858,0.02619426,-0.02258559,-0.016578158,0.018856626,-0.040625658,-0.043112256,-0.009283095,0.056447722,-0.038414363,0.0361458,-0.0024831763,0.030676492,0.045738026,-0.047123738,-0.029844597,0.02541822,0.026343761,-0.011250281,0.013246002,-0.045639142,-0.01941333,0.014899166,0.03122339,-0.0023532286,-0.021668363,0.03328324,0.005448545
0.05009262,0.018512974,-0.041835602,0.050067946,-0.055293895,0.020427419,-0.026759319,-0.036254834,0.065363385,0.07165202,-0.020094499,0.049205072,0.037949044,0.007029701,-0.0022607287,0.030989602,0.050164428,0.053232033,0.017109204,0.049419656,0.0658402,0.071898974,-0.04215847,0.027769111,0.013817539,-0.0788509,0.026305001,0.03568052,0.031056765,0.07106873,0.063857846,0.015115302
-0.0044991593,0.02041389,0.05896855,-0.005102999,0.004170111,0.0639745,0.006028873,-0.050312728,-0.004961874,0.016600154,-0.0425204,-0.0665479,0.047082312,0.02883526,-0.034727268,-0.010807719,-0.005865106,-0.05797971,-0.03550972,-0.008333897,-0.0017581484,0.07370134,0.02706717,0.016772954,0.04974864,0.08175921,0.060064368,0.036476523,0.0038560939,0.002740833,0.0327857,0.057641823
0.03293284,0.033939816,0.012010799,0.008647966,0.04790759,0.029660234,0.046737462,0.011396442,0.048113335,0.03350458,0.01138223,-7.3525654e-05,-0.052307885,0.04727592,-0.010161127,0.059948035,0.05544674,0.060919225,0.042907827,0.058240477,0.032612912,-0.006837099,0.043113127,0.05611746,0.021006927,0.0426414,0.015047416,0.067076795,-0.058234144,0.061197065,0.056597214,0.014102314
0.05332129,0.036414366,0.0600575,-0.02700744,0.0013684226,0.06841272,-0.06434846,-0.013485265,0.037305985,0.05126771,-0.0006171504,0.04729226,0.016729131,-0.050152067,0.023439331,0.023812775,0.009028226,-0.019482583,0.06588081,-0.0048525557,-0.04672427,0.028693039,-0.021910293,0.06359131,0.02989771,-0.025795426,-0.022488963,0.033898782,-0.023642711,0.028419543,0.05380544,-0.021810135
-0.0033047022,0.06530608,0.009563093,0.042368416,-0.047877878,0.025702652,0.029253984,-0.016586998,0.012401194,0.073099814,-0.057279956,0.010458898,0.028288685,0.014679567,0.05170445,0.05172764,0.004351567,-0.011000979,0.0038144374,-0.0075747985,0.060116198,0.014125333,0.0031378006,0.05228649,-0.051615614,0.033251546,0.05930449,0.07049807,0.07038349,0.06240825,0.07780895,0.012862592
-0.0688992,-0.06685075,-0.009118793,-0.046126913,-0.06493189,-0.0716442,-0.020483818,0.054931503,-0.082082875,-0.07602428,0.011296108,0.032554515,-0.0503584,-0.0836298,-0.06613069,-0.06081844,-0.03329579,-0.077637486,-0.07015142,-0.08178652,-0.08215332,-0.06405504,-0.003567593,-0.052494723,-0.053942263,-0.07855185,-0.08407203,-0.08188787,-0.05579654,-0.017064946,-0.05669532,-0.0696817
-0.0553514,-0.045192007,0.022082547,-0.037398223,-0.00475204,0.038761865,0.0015248497,0.009184822,0.01978232,-0.0069468543,-0.043700933,0.03385153,0.04548105,-0.06739859,0.04628373,-0.060136057,-0.05017299,0.013940025,-0.0649328,-0.045131423,0.042354483,0.080372974,0.07132306,-0.020528756,0.026377285,0.07200781,-0.052367397,-0.037324768,-0.024097394,0.06839078,-0.04353394,0.08035133
0.06183477,-0.0042841067,0.015888095,-0.021111239,-0.02790471,-0.0035470782,0.013552114,-0.07190442,-0.001812177,0.014384095,-0.04811296,-0.022313803,-0.02244195,0.0021826131,-0.026509149,0.012966806,-0.01971794,-0.03535989,0.05608895,-0.01348961,0.024311272,-0.030924447,-0.05802865,-0.01325386,0.039233863,-0.03964507,0.024392791,-0.035887662,-0.03434495,-0.008936215,0.053904925,-0.037153
-0.07074288,-0.043759625,-0.021306852,-0.0698297,-0.039694447,0.027051574,-0.072332524,-0.013748809,-0.07857425,-0.07608337,0.06175027,-0.05333996,-0.021424055,-0.07163146,-0.048208613,-0.0751731,0.059002787,0.025436362,-0.054146178,-0.07147873,-0.06958407,-0.06481253,-0.028313607,-0.02192373,0.026202207,-0.074620776,-0.058313806,-0.063700095,0.023250613,0.043186262,-0.013668134,-0.066193864
0.0053389845,0.021614289,0.07001542,-0.06313836,-0.063103974,-0.029765498,-0.005559488,0.018847918,0.01940426,0.05371261,0.047901656,-0.043967802,0.017271705,-0.04258428,-0.0030209934,0.03294555,0.08070914,-0.026201911,0.036778565,0.04460284,0.028747145,-0.0036067697,0.052756514,0.051971585,-0.026252715,0.03698911,0.053678207,-0.014920672,-0.045555416,0.005862131,-0.006979888,0.030196263
-0.07823175,-0.07329806,-0.08026927,-0.07058887,-0.07757231,-0.074446686,-0.07293005,0.03782002,-0.017651659,-0.0705069,-0.06639511,-0.07260173,-0.07116642,-0.048894234,-0.078400634,-0.065288305,-0.071224555,-0.07402065,-0.08126888,-0.07274682,-0.055987217,-0.06055162,-0.0746962,-0.073351406,-0.067258894,-0.07749469,-0.074348785,-0.07019597,-0.0728531,-0.073725104,-0.07247454,-0.07746342
0.05768291,-0.026476203,-0.08376781,0.00010564797,0.015782395,-0.021276146,-0.012495227,-0.051793117,-0.03332458,-0.06256379,-0.049609195,-0.020559134,0.011457663,-0.021550106,0.025923802,-0.06477713,-0.017499195,-0.0008702734,0.015881449,0.0022354552,0.016974991,0.037708584,-0.076648794,-0.016412852,0.065136954,-0.070525326,-0.020150637,0.026564894,-0.070535794,-0.02987365,0.07123938,-0.08324985
0.02511392,0.039139822,-0.030520938,0.026201697,-0.03697987,-0.05073953,-0.04881346,-0.08396898,-0.051132564,-0.019749459,-0.057688862,-0.037805684,-0.0053641954,-0.015032785,0.029318463,0.027497424,-0.07282411,-0.009598974,-0.04634034,-0.043834608,-0.017910961,0.036797754,-0.0010549823,-0.045353558,0.008740657,0.018531587,0.015204844,0.013158448,-0.05940149,0.021631366,-0.06743833,0.010565538
-0.014223888,-0.010792225,-0.028538989,-0.007886896,0.0014932466,-0.046162248,-0.038320627,0.010523224,0.036583565,-0.034084897,-0.027938543,-0.022935912,-0.046534896,-0.032623883,-0.025759598,-0.051735528,0.0043186108,-0.010117621,0.0068674763,-0.0040493403,-0.043824412,-0.037256654,-0.012480409,-0.039213583,0.0063909516,-0.011723414,0.0073132007,-0.0691211,-0.043360673,-0.026372503,-0.052038,-0.010669326
0.04316182,-0.057342242,-0.045508824,-0.018431257,-0.05921328,-0.057126664,-0.052813817,-0.01845372,-0.06216965,-0.04924158,0.038020007,-0.062559076,-0.024428062,-0.046157088,-0.021040063,-0.0755308,-0.061112408,-0.08245145,-0.03908656,-0.063687235,-0.017066218,0.00080492813,-0.023528812,-0.058128484,-0.00961295,-0.022691311,-0.031257432,-0.05667022,-0.06495452,-0.05960484,-0.01845306,-0.042958852
0.054458696,0.013917368,-0.072706304,0.022343144,0.0570073,0.0065047774,0.030569676,0.008735688,0.0109775,0.04072618,0.056076813,0.0670941,0.060264852,0.0020801679,-0.010613885,0.024449242,-0.008296083,0.0070882477,0.044572074,0.06242548,0.008367091,-0.05384372,-0.035119798,0.06782328,-0.029637353,0.0043062633,-0.07028614,0.04346975,-0.010595461,0.043982934,0.01084606,-0.019623177
0.04624494,0.031969734,0.013479345,0.04055004,-0.018847028,0.06117562,0.09474157,0.057989366,0.06912904,0.015091181,0.006722998,0.02179489,-0.010731431,0.043896776,0.022085723,0.049549058,0.06704589,-0.033576738,0.060233008,0.017835282,-0.009643681,0.01659612,-0.0027477553,0.066115595,0.060100745,-0.0006730372,0.00929131,-0.0037866593,-0.014865831,-0.0056069936,0.06624211,-0.00059601787
-0.055607457,-0.0038009528,0.03333358,-0.048581813,0.004718131,-0.07009576,-0.076313026,0.013409941,0.028507335,-0.03436388,0.04194529,-0.016570512,-0.04997265,-0.019635206,-0.007879108,-0.028621042,-0.0075459066,-0.018474853,-0.03690087,-0.049207583,-0.053336885,-0.036076415,-0.046321496,-0.054205302,-0.049745273,-0.046847604,-0.039296087,-0.07017193,-0.028568808,-0.031067498,-0.018261516,-0.043511316
-0.003420228,0.009382638,-0.05471213,0.020883081,-0.037569482,-0.036416445,0.022648122,0.07750747,0.04789923,-0.0350197,-0.012487281,0.03754491,-0.021039352,0.050223276,-0.033051644,-0.050119206,-0.017239569,-0.0036722962,-0.021351893,-0.05043993,0.0067310235,0.05337167,0.066208154,-0.008662644,-0.06506046,0.033991076,-0.03663976,-0.037777983,-0.06871476,-0.008574753,0.047753412,-0.04605569
0.029377522,-0.0013002877,-0.0084800795,0.067630515,-0.05120445,-0.030995565,-0.0028939766,-0.029361822,-0.026490899,-0.06074806,-0.0488504,0.044930298,0.02257819,-0.06352447,-0.04829157,-0.029134592,-0.016780926,-0.021743841,0.007713692,0.014968422,0.009340623,0.023453757,-0.024631092,-0.037279166,-0.0049707536,-0.018498521,0.0076206373,-0.06737253,-0.011046114,-0.07039738,-0.06363609,-0.05961598
-0.040865365,0.022598993,0.007978278,0.061491784,-0.022446508,0.06383899,0.04134127,-0.062147364,-0.043394383,0.020358799,-0.033903077,0.04333284,0.0334807,0.059728198,-0.004500365,0.071139306,-0.0013171366,0.045592107,-0.06346088,0.012292747,0.031684063,0.015246807,0.06737808,0.025053617,0.014472149,0.014364281,0.040491752,0.0612423,0.032641564,0.06418937,0.00029131197,0.03536115
-0.0027710532,0.06186179,0.0643463,0.05942873,0.0042606248,0.08037629,0.01806205,0.023293508,0.04982105,0.011649633,0.06971164,-0.06601612,0.028875498,0.08248286,0.002973459,-0.009450114,0.058930375,0.069813184,-0.007899954,0.014700481,0.054286465,0.03652244,0.006797088,0.032004926,0.07077842,0.051715005,0.012584796,0.053132523,0.074925646,-0.022419786,0.058603756,0.07193313
0.050366662,0.030588219,-0.05986418,0.01167103,-0.08674035,0.03677879,-0.042849485,0.008714294,0.056929898,0.07694014,-0.042376544,-0.0656592,-0.04280497,0.034531467,-0.080739915,0.08265534,0.08340683,-0.0038395354,0.052535884,0.075437576,0.021568017,-0.05167869,0.06651705,0.06933746,-0.05294422,-0.03298099,0.081460975,0.07753147,-0.05811713,-0.07377492,0.05614485,0.065809056
-0.034747876,0.046846345,0.0054025063,-0.0614058,0.021305747,0.022912571,0.0036389437,-0.025406783,-0.028503988,-0.019986393,-0.009261071,0.036821622,0.009425725,0.045533776,-0.038860023,0.026004983,-0.05908556,0.03286819,-0.009619701,-0.031543635,-0.010373367,-0.0213696,0.0041515986,0.027106743,-0.02994908,-0.04585736,-0.022620885,0.008347413,0.003336171,0.024803232,-0.05233091,-0.057632938
-0.0223703,-0.08005817,-0.056562737,-0.02763415,-0.030647598,-0.038825937,-0.02322369,0.04749578,0.009440426,-0.053063698,-0.040237024,-0.012039743,-0.04545784,-0.020467436,-0.034465667,-0.056157388,-0.049170233,-0.03529623,-0.035407837,-0.04060916,-0.08353675,0.0058825486,-0.06795763,-0.024351226,-0.021600168,-0.048444815,-0.07380716,-0.034402363,-0.062261865,-0.031726934,-0.022350011,-0.04417385
-0.07803033,-0.08445136,-0.024881091,-0.045494374,-0.07361339,-0.06167126,-0.09072397,-0.037579626,-0.063944034,-0.068442434,-0.056132916,-0.07202403,-0.066303425,-0.034898896,-0.07533142,-0.049012534,-0.07617317,-0.031717412,-0.07665336,-0.07228154,-0.04838373,-0.008108472,-0.055387318,-0.08483742,-0.06509085,-0.06429755,-0.031518493,-0.06155632,-0.060806297,-0.06253712,-0.051935215,-0.06940055
-0.044484805,-0.047897313,0.027121343,0.038605306,0.013421284,-0.03943475,0.006857747,0.018516207,0.014139817,0.037115466,-0.028586145,-0.037264258,-0.054458432,0.041176744,-0.05806541,-0.006471577,-0.05714689,0.015792144,-0.034552738,-0.007157806,0.026561651,-0.0017671058,0.015132439,0.008576047,0.015800927,-0.010690944,-0.0027629987,0.0016999308,0.011281186,0.049639042,-0.011273249,0.0067294305
-0.02092175,0.01997163,0.040819474,-0.06563384,-0.006411453,-0.0004518163,0.018629635,0.027948366,0.00842234,-0.05266688,0.016729495,-0.020198686,0.0019958082,-0.041147422,-0.031141005,-0.05662923,-0.04666793,0.024094692,-0.052967776,-0.036313277,-0.04936801,-0.035927363,0.059195247,-0.0145070255,0.055239715,-0.05163876,-0.078141466,-0.05610448,-0.007734302,0.0240143,-0.019150084,-0.049151752
-0.01677577,0.0043972065,0.027728343,-0.026804028,-0.034317143,0.010140846,-0.003550565,0.039011538,-0.0073094014,0.021324417,0.028438205,-0.004476891,0.013938665,0.018644396,0.04588026,-0.04067127,0.06319537,-0.05747078,0.01660007,-0.039300445,0.0015113009,-0.055131458,-0.07259853,0.006309581,0.016962027,-0.016058331,-0.058816392,-0.009126861,-0.024165515,-0.05608376,0.068810314,-0.021968288
0.0037653272,-0.054513384,-0.052190088,-0.0480283,-0.04847522,-0.029882215,-0.05754037,-0.021715533,-0.0672553,-0.06327969,-0.027430968,-0.010564904,-0.038618587,-0.05746311,-0.04672838,-0.050005876,-0.033700734,-0.04888066,0.029659295,-0.061810195,-0.08587596,-0.04450621,-0.05969256,-0.06436415,-0.04584679,-0.06274393,-0.026653681,-0.031149736,-0.052210435,0.0016074891,-0.03864897,-0.07554362
-0.037348516,-0.037041064,-0.047996454,-0.055267442,-0.026435843,-0.02681864,-0.054879867,-0.088385895,-0.07330039,-0.054669533,0.028471898,-0.041614044,-0.033473194,-0.051739093,-0.054834284,-0.016685396,-0.023087567,-0.06787559,-0.022111004,-0.023390986,0.0011891178,-0.058461297,-0.062431514,-0.040459115,-0.06464562,-0.056031127,-0.033138808,-0.0153793115,0.013158641,-0.06694111,-0.020477092,-0.051564116
-0.010960711,0.006227198,0.038141303,0.054074433,-0.04073869,0.03826315,-0.054769758,-0.07097263,-0.03172579,0.063279234,-0.0043410333,-0.055741884,-0.050965685,-0.015893867,-0.06274534,0.04268663,0.01102797,-0.024317378,-0.0022373493,0.049180415,-0.036551487,-0.050728075,-0.06684532,-0.05393907,0.044541243,-0.019149566,0.03163615,0.035954088,-0.009631527,-0.023523588,-0.070502274,-0.019603811
0.037894074,0.053121824,-0.02159323,0.025253354,0.056593403,0.04972235,0.013960344,0.0212652,0.039957363,-0.022108447,0.04407208,0.078103445,-0.025774349,0.05292265,0.04653698,-0.023998601,-0.0246052,0.023886643,-0.0007111717,-0.027345171,-0.0011983191,-0.02840047,-0.007824754,0.03315094,-0.010428413,0.087311275,-0.020020954,0.020028563,-0.026803879,0.03754813,0.035548512,-0.039983805
-0.07840592,-0.017140094,-0.021429785,-0.06255746,-0.070982374,-0.05315524,-0.00238991,-0.0015951267,-0.031724233,-0.06066029,0.0134916855,0.030769156,-0.08061353,0.022324564,-0.030706238,-0.03526907,0.044910252,0.017371515,-0.056410927,-0.006074896,-0.062021837,-0.043883473,0.010323128,-0.038567834,-0.059518337,-0.06062773,0.03025227,-0.03176019,-0.008046263,-0.0028746333,0.036183625,-0.04613238
-0.03181718,0.052964326,0.057872616,-0.048713163,0.012413099,0.0544261,-0.04618697,0.011985745,0.028460152,0.015002383,-0.03266106,0.050962582,0.07639451,-0.067583516,0.066325106,0.006726441,0.032072876,0.018307835,-0.004071826,0.013380278,-0.03409828,0.059300087,-0.06949815,-0.016053353,-0.061029207,-0.038961593,-0.041696183,0.020951148,-0.05369275,0.01601194,-0.04952417,-0.04061964
-0.034065694,-0.0072511146,0.02510161,-0.026376318,0.0025086345,-0.03010945,0.036293633,-0.047119197,0.010677533,0.011163399,-0.033881743,0.052770298,-0.05282929,0.029280672,-0.0028686158,0.047509268,-0.013211726,-0.034968812,-0.0050751446,0.05149561,-0.010901138,-0.04690987,-0.037277665,-0.0130947195,0.008984774,-0.07147741,0.015030654,-0.00031992357,0.06013246,0.049243197,0.0021652486,-0.034507
0.02974126,0.00881054,-0.027889555,-0.03528414,0.08068259,0.03209123,0.027483683,-0.0038321647,0.043405987,0.061970785,0.06116319,0.07277212,0.021431841,-0.013848895,0.07735421,-0.0313188,0.04808519,0.05753042,-0.016656464,0.0048335977,0.052982852,-0.025001168,0.016657831,-0.06537556,0.06250978,0.002788333,0.05902194,-0.03747508,0.024947926,0.049518216,-0.05702495,-0.051451277
0.019536303,0.06952213,0.05962565,0.028274177,0.03969668,0.038087305,0.071607016,0.03544911,0.040765554,0.052005813,-0.002658487,0.016155418,0.017256003,0.07896919,-0.03894374,0.036873616,-0.05428875,0.04124675,-0.019066779,0.049072552,0.06332685,-0.010136521,0.06229803,0.017755598,0.033674683,0.052418355,0.0292232,0.007660773,0.042065836,0.052117404,-0.03937288,0.048943825
0.057919465,0.018850647,-0.005323047,0.0418082,-0.041871678,-0.042337194,0.04161498,0.008712235,0.02882457,-0.015013329,-0.009299543,-0.06616179,-0.039417237,-0.028573602,-0.025384022,0.017324446,-0.052858025,0.005973721,0.057248916,-0.028532377,-0.034914814,-0.062444214,-0.047075544,0.046669394,0.014415044,0.020732986,-0.012367688,-0.019558983,-0.014933877,0.024061864,-0.04064251,-0.061507348
0.06535443,0.008404571,0.043776408,-0.059117556,0.045285963,0.02001009,0.023824004,0.055607848,0.057603654,0.05825687,0.02836636,-0.003006844,0.010743441,-0.031635053,0.064485155,-0.023739873,0.01615829,-0.00994207,0.027917586,-0.011381737,-0.036183257,0.019991886,-0.046883635,0.027468633,0.07654129,0.05433941,-0.008226295,0.038192086,0.0046159006,0.0124919955,-0.017449046,-0.005260562
0.0024138805,-0.03349385,-0.061732713,0.0009048373,-0.03275321,0.010391471,0.011969731,0.010740157,0.005372389,0.0045644064,-0.061127294,-0.06442202,-0.012081366,-0.060770486,-0.017183593,-0.04724858,-0.038055226,-0.02834906,-0.06479716,-0.030056283,0.0011615963,0.0031397156,-0.017548082,0.030259255,-0.048395038,-0.06368252,-0.03727769,-0.037543017,-0.061887775,-0.03971077,-0.049838383,-0.0142003335
0.0436303,-0.004779743,-0.06572231,-0.04006284,0.038584564,0.026859084,-0.0011917909,0.0026706306,0.027906667,0.022996522,-0.0043848217,0.01711829,-0.030456088,-0.0146368295,-0.025472587,-0.005250376,0.05624951,0.04381718,0.048253987,0.060053747,-0.019886032,-0.07558152,-0.03942033,0.02053354,0.0092457,-0.0026795184,0.003953572,0.00013021754,-0.04462912,0.0059835115,-0.0024920076,-0.0066637546
0.0022105076,0.018537711,-0.050944697,0.066144355,0.014644037,0.014102744,0.039915465,-0.0048356163,-0.000532832,0.02936319,-0.023252407,0.06049377,-0.054874234,0.07261126,0.059779882,0.024202766,-0.054100253,-0.010801198,-0.003834571,0.0751325,-0.016900873,-0.05855613,-0.0509776,0.05086159,-0.05810996,0.034151603,0.020904735,0.031597205,0.05142176,0.020843461,-0.032560054,-0.033533543
0.060219515,0.021750994,0.007967467,0.04030461,-0.0024998714,0.007561121,0.016123455,-0.060845666,-0.0032572618,0.011092565,0.06849959,0.005388888,0.0095083695,0.036056336,0.0313032,0.028142275,0.038882427,-0.029862124,0.071189284,0.009243718,0.048865438,-0.03983377,-0.053653944,0.015620481,0.03024354,-0.03364035,-0.0089057,-0.019692613,0.01752218,-0.003520317,0.00016471058,-0.009625954
0.05841259,-0.059061553,0.05123268,0.008198579,0.005983244,-0.010700049,-0.08285916,0.0012005777,0.04160274,0.058348455,-0.015548993,-0.07827498,-0.0064555923,-0.0648981,-0.057090756,0.029333567,0.03200587,-0.031155808,0.04245384,-0.007621961,0.014075942,0.022754537,-0.019599304,0.027413761,0.012874565,0.023948604,0.0065452475,0.009439478,-0.05520416,-0.046039946,0.049135197,-0.027677229
-0.0412566,-0.04082743,0.04463466,-0.06568912,-0.034133885,0.01937119,0.029517656,-0.02453175,0.07725353,0.063319206,-0.06989477,0.05004676,0.037767444,0.063386165,-0.04195523,0.020017779,0.014064135,-0.0031236054,-0.019745734,5.9993155e-05,0.065277986,0.07988943,-0.028674742,-0.0092215035,-0.024310416,0.07351531,-0.034417827,0.06948426,0.0077028833,0.046306875,0.025929606,0.04383745
0.055907365,0.05024526,0.005074432,0.042434275,0.020373613,-0.031306926,-0.013659593,-0.045555074,0.008193631,0.034496505,-0.026231207,0.027911944,0.050392903,-0.002382806,-0.006995616,0.080673695,-0.004834764,-0.023358295,0.018736111,0.04658247,0.0706727,0.06473255,0.030594941,0.041463677,0.007351616,0.013851165,0.051520552,0.049923,0.04148275,-0.049973812,-0.00585763,-0.023654556
0.03496759,0.030235711,-0.014744605,-0.00892698,0.051355995,-0.049330436,0.018402487,0.020567976,0.046001595,-0.06163091,0.04099465,-0.039429426,0.028131042,-0.0072282264,-0.012756442,0.006420487,0.03455528,-0.018677423,0.08187712,0.051406987,0.048831597,0.04039528,-0.028740592,0.06445594,-0.03801605,-0.0053696055,0.05091869,-0.055616975,-0.024341112,-0.063549764,0.008531287,0.07131816
-0.0015354217,0.019064348,-0.007155432,-0.047631875,-0.048238713,-0.020141827,-0.06827726,-0.02789757,-0.03797981,-0.012056794,-0.07072579,0.0028993576,-0.021979123,-0.027505381,-0.06705163,-0.014949693,-0.042139504,-0.045027543,0.009292745,0.018725637,0.029843662,0.011225584,-0.08418988,-0.040269822,-0.037857708,-0.02432357,0.04599297,0.0123414835,-0.035762545,-0.036717985,0.0030380061,-0.027699448
0.008686628,-0.054441746,0.080168925,-0.068018,0.009216148,-0.054565508,-0.0218232,0.030221509,-0.01965993,-0.024839232,-0.08264947,-0.07185982,0.0100307735,0.024319027,-0.062840335,0.020516643,0.050143737,-0.040907126,0.011828157,-0.06940183,-0.026426107,-0.030430626,-0.0641947,0.050950214,-0.046073183,0.010393908,0.029999502,-0.012396411,0.02194615,-0.070824035,-0.04688962,0.029821115
-0.012325726,0.034696255,-0.064855665,-0.0527143,-0.08706654,0.05648761,0.053033188,0.031439736,-0.012322197,0.026476787,0.06076001,-0.081745036,-0.082642555,-0.023427887,-0.07570474,0.017965728,0.03769842,0.022416616,-0.019001797,-0.042995833,-0.021976518,-0.069785096,0.08129996,0.04284159,0.008371459,0.063151866,-0.06101621,-0.05976002,-0.049708642,-0.047477204,0.03712346,-0.016241437
0.048311815,-0.005677258,0.028500684,-0.020189144,0.010323136,0.001203489,0.02216626,-0.008452997,0.016785719,-0.030015593,0.012883934,-0.06599151,0.049698245,0.02134519,-0.06454641,0.025745332,0.03184949,0.047380306,0.056671336,0.017828986,0.028487217,0.07124202,-0.041278075,0.016437294,0.058969323,0.02439882,0.05982969,0.020633265,0.03578851,-0.021368314,0.057761613,0.0400732
-0.05822617,0.012261361,7.7375655e-05,-0.03193622,-0.020303851,-0.028567443,-0.03829692,-0.013692795,-0.05202202,-0.034198366,0.029407278,-0.0040475936,0.004385657,-0.023500653,-0.011677565,0.041944206,0.007021161,-0.007280348,-0.053094517,-0.049821593,-0.017664716,-0.0112428535,-0.02311875,-0.032577205,0.048810564,0.00600636,0.025255222,-0.031839762,-0.002565007,0.027698407,-0.007926639,-0.011964894
0.05406235,0.022397252,0.08086858,0.070169404,0.066320255,0.07200719,0.0799349,0.08578079,0.07990982,0.07211416,0.059057616,0.023298705,0.06666428,0.07049151,0.0596816,0.034397762,0.08141908,0.07267797,0.07319139,0.071788326,0.06944825,0.052688785,0.05573589,0.07259828,0.064783074,0.046436194,0.07270407,0.061741184,0.04630842,0.071734905,0.06451575,0.07976129
-0.009195547,-0.04507826,0.017076835,-0.043374535,-0.014426605,-0.06333958,-0.01771065,-0.025940502,-0.0089420825,0.044869494,0.03488065,0.048457507,-0.011833034,-0.046085577,-0.05965778,-0.070683226,-0.062440258,-0.07079636,0.008394648,-0.012282096,-0.058616918,-0.0055176103,-0.029110044,-0.009624534,0.00358416,0.029744169,-0.04192595,-0.05361521,-0.022784458,-0.018412556,-0.060565654,-0.071456686
0.049904108,0.074910454,0.028990654,0.04065659,0.05915286,0.061251804,0.025309674,-0.028553953,0.02658911,-0.045045104,0.017276311,0.06449428,0.068947494,0.056748472,0.06270716,0.065002196,0.025376527,0.057119902,0.052476663,0.06820496,0.05424996,0.057541095,0.001630022,0.047716502,0.033454143,0.07306223,0.042166725,0.049897116,0.06540948,0.003746853,-0.0030313504,0.051512543
-0.053431123,-0.010232983,-0.070327364,-0.038022142,-0.036558606,-0.00024209548,-0.05008112,0.07148662,0.050115377,-0.043799456,-0.030931722,-0.04848351,-0.013557675,0.005507907,-0.03042522,-0.025871122,0.00919404,-0.0005271746,-0.075392306,-0.040428918,-0.025736038,0.013262811,-0.027517559,-0.041675165,-0.063880175,-0.015375078,-0.06993277,-0.018477987,-0.030751554,-0.036278002,-0.05630541,-0.04841341
-0.048966747,0.038768664,-0.007919007,-0.007071846,0.042767443,0.04572016,-0.042512678,-0.007502119,0.046695817,0.003364842,0.0031341452,-0.046701342,0.038834818,-0.0030361726,0.07026615,0.033450432,0.027430797,0.042320225,-0.04044256,0.058705095,-0.01176514,0.06095251,-0.009506719,-0.027163243,0.007984718,-0.00048741675,-0.030111235,0.061235774,-0.022490934,-0.015975032,0.065741666,-0.04406934
0.006372994,0.0012213149,-0.003681343,-0.056504082,-0.005023604,0.015690284,-0.013060874,-0.057641834,-0.077448644,-0.02092149,0.05729613,-0.01931661,0.003648685,-0.0040614964,-0.0086608315,0.05891223,-0.014345965,-0.00055487314,0.0020312427,-0.058599316,-0.053587355,-0.011451403,-0.050387558,0.030987108,0.03970221,-0.0602458,-0.033519015,0.016046913,-0.0125029925,-0.029756451,-0.0731638,-0.053692937
0.061975513,0.06117533,0.003549011,0.07083826,0.08359525,0.07558279,0.046989758,0.040905643,0.07742027,0.072589345,0.02591442,0.067420326,0.08019814,0.0017548404,0.06664958,0.064115286,0.058794376,0.0458363,0.04998404,0.058222238,0.0845468,0.0841147,0.048455235,0.056399014,0.07831556,0.05575354,0.07162545,0.04634085,0.04899698,0.056214925,0.04609624,0.0891279
0.03536197,0.08408936,0.0898221,0.03788419,0.075695515,0.07531203,0.09564109,0.0024640504,0.044855405,0.059122164,0.09532358,0.07092093,0.08239811,0.06600474,0.06962605,0.07666365,0.07829637,0.08697749,0.07493885,0.07730262,0.086198494,0.012436295,0.07905263,0.082661375,0.07506097,0.047656257,0.07933272,0.079886265,0.06695579,0.07581078,0.057562448,0.067142986
0.055034485,0.056442913,0.0725111,-0.00539606,0.046308443,0.03217804,0.04244745,0.04896297,0.045310315,0.019552257,0.06292342,0.06111025,0.06432363,0.06905744,0.012832719,0.0043715457,0.075169995,0.04904755,0.025801865,0.0439709,0.05993855,0.031257264,-0.016873805,0.06672195,0.06820368,0.0065570753,0.06822561,0.055186942,0.03251621,0.024431752,0.04929881,0.046720497
0.078827284,0.03719288,0.0447067,0.05880973,0.077476196,0.037997566,0.08380729,0.02719484,0.053419225,-0.042924587,-0.049107105,0.019151734,0.034532227,0.07147409,-0.002222854,0.017610779,0.03163504,-0.014674084,0.072986186,0.030674491,-5.5195822e-05,0.029297052,0.03565483,0.030602263,0.07732858,-0.016777707,-0.048256915,-0.017884305,-0.035780665,0.0213503,0.045963228,0.056707993
-0.0008832792,0.018572595,0.04312015,0.03785166,-0.020044876,0.0005378178,0.06440339,-0.021599777,0.032746147,0.020478992,0.049915787,-0.015283712,0.042862803,0.035378527,0.054639023,0.049606543,0.026073907,0.046158236,-0.034388423,0.046153862,0.071490504,0.032580927,0.047992703,0.04695592,0.0041216025,0.003850956,0.056025874,0.03332617,0.0026929253,0.043610483,0.030408459,0.031105835
0.07284668,0.03862347,0.08276264,0.048186567,0.06406629,0.05424752,0.035509713,0.022132048,0.062064316,0.059084438,0.04721491,0.040490188,0.061447162,0.027742984,0.058592632,0.070868775,0.055897743,0.034853768,0.07627089,0.06204936,0.07784642,0.028501317,0.06366848,0.049428754,0.031942733,0.01904095,0.073863946,0.03512368,0.05803749,0.07356694,0.070761845,0.05823854
-0.016110001,0.007990225,-0.061835054,-0.07675041,-0.042975254,-0.036105562,-0.017543832,-0.025493093,-0.030782921,-0.012354849,-0.04732851,0.029473033,-0.063371696,-0.06991909,-0.049849678,0.0057027326,-0.03453411,-0.0314809,-0.024760485,0.024289656,-0.051437043,-0.055201598,0.0030382944,-0.029918557,-0.034987736,0.049349245,0.03783325,-0.04656569,-0.067500345,-0.078162335,-0.06898788,-0.04799487
0.011087486,-0.013668994,0.0004745897,0.037960075,-0.010065578,-0.02002565,0.023438243,-0.05977912,-0.020471724,0.001617233,0.0014099702,-0.030407488,-0.026127856,0.05331919,-0.0022463342,-0.022835843,0.042684685,0.02197585,0.0025512236,-0.012607895,-0.0049358006,-0.02613379,-0.011888201,-0.02795467,0.033254847,0.039664213,-0.0053820866,-0.00567936,0.0030523506,-0.0007208212,0.02362045,-0.0015256823
0.08401762,0.05056057,0.026703658,0.05175047,-0.029004645,-0.06840897,0.03689629,0.017329255,0.031882506,-0.06887528,0.031716734,-0.07412992,0.0010087829,0.0030820612,-0.057064276,-0.07767539,-0.024071278,-0.013327724,0.07292679,0.024703022,-0.05590918,-0.036277752,0.006378036,0.0031169574,0.06739644,-0.04358268,0.04677806,-0.019540302,0.051417515,-0.020825183,-0.030578043,-0.08384816
-0.049410906,-0.012567357,0.0023135694,-0.009334498,-0.04027354,-0.050288044,-0.05099396,-0.018077407,-0.046197228,-0.017596861,-0.043012593,-0.052302565,-0.0533862,-0.036216214,-0.044482637,-0.02634272,-0.03529236,-0.019356847,-0.044233464,0.076158814,-0.021174353,-0.083307184,-0.00664148,-0.0035238157,-0.08106771,0.01925503,0.02201782,-0.035323456,-0.021410383,-0.072193,0.0029851107,0.04183971
-0.06969125,-0.040082283,-0.020551056,-0.0573666,-0.056041427,-0.02544862,-0.04062277,-0.036530714,-0.051224317,-0.066862874,-0.04920709,-0.031811155,-0.012455911,-0.026114348,-0.048196092,-0.051488303,-0.03380499,-0.05703342,-0.055358462,-0.021709688,-0.032054614,0.005949207,-0.039761923,-0.0499821,-0.011993283,-0.02833551,-0.011910786,-0.055421744,-0.039219085,-0.047200866,-0.04300884,-0.015735045
0.028398102,0.06262215,0.07582547,0.06818098,0.024319116,0.07727079,0.03706493,-0.03813126,-0.024182593,0.035031468,0.05894457,0.018929258,0.047128674,0.081496626,0.040001746,0.056202587,0.07316028,0.063916154,0.04450452,0.05567389,0.069568865,0.023544831,0.008240418,0.057519175,0.022715388,0.063163966,0.045775857,0.016473237,0.023680605,0.029330157,0.049889434,0.064696774
-0.028891817,-0.03385327,-0.06863728,-0.042029943,-0.046524618,-0.05579459,-0.04883412,-0.030424071,0.035567343,-0.062125415,-0.052286953,-0.07502927,-0.05530474,-0.05862777,-0.076374285,0.018553857,-0.047434893,-0.046822302,-0.050527148,-0.0033612398,-0.055467967,-0.03840887,-0.07005201,-0.041943945,-0.019935548,-0.04131784,-0.03575479,-0.03371632,-0.030109491,-0.04718157,-0.012326648,-0.058968022
-0.04200692,0.07690075,0.008927071,0.04227325,0.01904095,0.0065973974,-0.022907373,-0.004631086,0.054820534,-0.012546416,-0.0027519618,-0.015695795,0.032183036,-0.020645373,0.052406084,0.055072337,-0.0546161,0.0042763813,-0.041662216,0.005244381,0.014420543,-0.0029014982,-0.0032829863,-0.012233994,0.05727503,0.06889267,0.010918298,0.015214462,0.041122817,0.02033329,0.015876807,0.047468796
0.00040032095,-0.048879836,-0.008538072,-0.039359692,0.044457383,0.0821017,0.04316646,0.07283616,-0.035448592,-0.038235255,0.06202959,0.04461079,-0.01684623,-0.02856642,-0.054490086,-0.016735256,0.048308272,-0.03118102,0.027666034,0.037018906,0.030011594,-0.032897,-0.07049109,0.023803763,0.013433348,-0.013682843,0.025811862,0.025111087,0.01802872,0.056730878,-0.041849576,-0.02854813
0.071860105,-0.009125601,0.040970024,0.037097834,0.05318205,0.041559733,0.022379676,0.05338483,0.07821997,0.023970837,-0.054066513,0.030747967,0.031836502,0.037594665,0.020399896,-0.07490014,-0.07582182,0.00095427834,-0.02092425,-0.0016196285,0.045220837,0.038926706,0.04057987,-0.0023862459,0.0014733406,0.04023686,0.008220465,-0.021335658,-0.06606017,-0.013620084,-0.06291684,0.028676014
0.024374297,-0.056447644,0.07089171,0.008781453,0.024571713,0.06519735,0.0738724,0.024234414,0.030992953,0.06661997,-0.05019055,-0.052186657,-0.039499175,0.07979665,0.03402429,0.029644294,0.016282996,0.04395072,0.0016204612,-0.031107383,0.03197871,-0.0536016,0.06352052,0.007439259,-0.029461743,0.020014532,0.024561064,-0.021241667,-0.04226882,0.0073613212,0.03699735,-0.0062212804
0.037662607,0.028129524,-0.053756453,0.02783637,0.048880428,-0.055198874,-0.011455687,-0.053272698,-0.065957434,-0.036213484,0.07111893,-0.026018213,-0.033820115,0.0063041956,0.043191183,-0.04228605,-0.02112537,-0.023387909,-0.013506075,-0.01215464,-0.043560676,-0.062172465,-0.040621754,0.018921174,0.021250354,-0.06052468,-0.060116183,-0.066064306,0.030956907,0.014143475,-0.060116865,-0.060868908
5.383956e-05,-0.01700508,-0.041170467,-1.5038661e-05,0.0065560243,0.0357981,0.04195428,0.019425316,0.028857246,0.056973934,0.030461432,-0.0040224264,0.013936031,0.06448986,-0.04249544,-0.0059469873,0.07659969,0.08533768,-0.016198408,0.011238775,0.02662996,0.023660388,0.005396282,0.03358245,-0.041481044,0.06340907,0.056947365,0.038243026,-0.02325775,0.0012432447,0.0763007,-0.07715686
-0.015915336,-0.052762616,-0.055911604,-0.057299457,-0.035279945,-0.0033368156,-0.01010873,-0.010639387,-0.048487626,-0.047327366,-0.012193365,-0.044372886,0.037790783,-0.085063145,-0.060158942,-0.02601983,0.054868024,-0.032929763,0.008921848,-0.05307189,-0.041835696,0.06617186,0.021056598,0.061233405,-0.042723425,0.060628746,0.011324172,-0.03185952,-0.074573584,0.051420983,0.030135753,-0.02559813
-0.01705084,0.03277727,0.056449138,0.029873777,0.0318135,0.033561695,0.029928774,-0.0099632535,0.0050443914,0.018109597,0.019008359,0.046304796,0.051307917,0.0031953235,0.017967973,0.026397482,-0.016459338,0.022343813,0.020708516,0.03259815,0.001135902,0.077516496,0.026897356,0.023229027,0.024326582,0.050687823,0.021634972,0.040249705,-0.0094066765,0.012411171,-0.013632775,0.024194052
-0.04207271,-0.030148927,-0.03312512,-0.05646785,-0.05191018,-0.044371072,-0.012710757,0.0050673466,0.007296569,-0.040342644,-0.08179568,-0.048070464,-0.05591696,-0.018511796,0.0027311,-0.04629913,-0.03823909,-0.013366539,-0.048507635,-0.0039359615,-0.051762488,-0.051384095,-0.0013208083,-0.060071766,-0.034489635,-0.03587779,-0.006496251,0.0053048683,-0.051625904,0.012600096,-0.0142579125,-0.037326798
-0.053292938,-0.009607267,-0.029245617,0.0052097314,-0.08245026,0.020829614,0.023560567,-0.02602799,-0.075596616,0.025984408,-0.025070513,-0.054525387,-0.040740605,-0.026367288,-0.05848037,0.01711694,-0.08169384,-0.09022816,-0.077818096,-0.03989727,-0.061605163,-0.074557796,0.055207744,0.0052469927,-0.053587724,-0.0023907006,-0.040085427,-0.03717615,0.020922408,0.008742402,-0.031150986,0.020686379
0.062810026,-0.022788618,0.010621748,0.0017736459,-0.06148591,-0.04969437,0.063448615,-0.033074394,-0.046234526,-0.07135227,-0.019786691,-0.060649645,-0.060187045,0.052649654,0.010889162,-0.054894444,-0.07688839,-0.014495666,0.050497502,-0.01157516,-0.04806489,-0.04417245,-0.06962309,0.004463883,-0.032308158,0.0027160055,0.03011795,-0.03870627,-0.003989944,-0.07010403,-0.016528115,-0.063872635
0.016220672,-0.027061636,-0.048285298,-0.062301718,-0.03478698,-0.05074057,-0.07482176,-0.0431692,-0.059217628,-0.051251654,0.005026618,-0.0036283215,-0.037736904,-0.051548183,-0.060033314,-0.044479758,-0.032637157,-0.011343207,-0.0031419208,-0.055171344,-0.058817707,-0.03154151,-0.058437485,-0.050924804,-0.04891897,-0.059642557,-0.046671454,-0.02012066,-0.0570464,-0.054639775,-0.055087447,-0.053957086
0.082816966,-0.086531855,-0.05440118,0.020457607,-0.0097370995,-0.01995345,-0.05938604,-0.0057156226,0.045783382,0.06279798,-0.009631034,-0.003401341,-0.017913442,0.041649602,0.0549598,0.020534296,0.016556954,0.03564261,0.07527431,-0.024135118,0.04932595,-0.009992445,-0.03525184,-0.014224744,0.0076846005,0.0237943,0.058712177,0.014267513,-0.038562104,-0.043725714,0.06442626,0.00964538
0.021935904,-0.052672558,-0.024807557,0.0060628834,-0.07671484,-0.057674274,0.03629345,-0.03399034,-0.070052296,-0.06656772,-0.029328128,-0.058244087,-0.04809648,-0.040885426,-0.038904212,-0.047163427,-0.04035053,-0.072789975,-0.006301611,-0.07477666,5.5175104e-05,-0.061801184,-0.072539,0.020069843,-0.03590798,-0.022915998,-0.042075858,-0.064029835,-0.032353032,-0.045966115,-0.071972094,-0.06397064
0.06339313,0.0702641,0.0045147478,0.034005124,0.03899314,0.061116565,0.03964149,-0.0120002,0.009154271,0.023192896,-0.06068878,-0.016288936,0.072747596,0.009639221,-0.0039356514,0.042958252,-0.021703053,0.06404868,-0.0031215083,0.05447584,0.048113625,0.053237773,-0.0102683,0.05422616,-0.022168864,-0.024686363,0.030730784,0.061417516,0.05974986,0.03235137,-0.033010934,-0.06502124
0.044381414,0.04639126,0.018021427,-0.014038442,0.019078694,0.048607074,-0.01044736,0.029568555,-0.03495015,-0.043659598,0.054402124,-0.04275242,-0.0043649715,0.008714836,0.009919805,-0.0011501162,-0.051591966,0.036903672,0.040037453,0.07490204,0.0011581674,0.01181349,-0.010427276,0.02640569,-0.06565109,0.02313051,-0.007126834,0.018472737,0.02876961,-0.027949752,-0.02702323,0.02951824
-0.05524228,-0.0063948156,0.00120663,0.06762885,0.03462656,0.019018983,-0.08528259,-0.020657334,0.0527081,0.004798366,0.019956883,-0.06781753,0.07084143,-0.06091132,0.06624158,-0.013227932,0.030617263,-0.030458676,-0.078322366,-0.06628382,-0.016436733,0.048520833,0.052897535,0.02843468,-0.062905565,-0.06800941,0.018692592,0.018682767,0.06431349,0.07084978,0.032776948,0.017465718
-0.059882477,-0.045538306,-0.08657761,0.010100757,0.0027982716,-0.06596984,0.04258895,-0.01745889,-0.069667004,-0.0487954,0.04924639,-0.032647587,0.0018118395,-0.078016005,-0.042236663,-0.014212768,-0.019423636,0.015982363,-0.018391473,-0.031287495,-0.038218375,-0.043776106,0.023416536,-0.069082424,-0.052090876,-0.015603517,-0.059746396,-0.023331245,-0.035705976,0.042127237,-0.073640145,-0.015258405
-0.041457858,-0.035308354,-0.07209497,0.061753068,-0.061955668,-0.04521289,-0.06613195,-0.032772508,-0.05910757,-0.054548044,-0.019381694,0.0060389508,-0.08050902,-0.03353927,-0.012291517,-0.004490472,-0.046570648,-0.015109337,-0.018975697,-0.014178409,0.03223108,-0.03920953,-0.03142184,-0.04254177,-0.027319157,-0.04187965,0.011261868,-0.030367581,-0.013509635,-0.011015301,-0.0020437816,-0.0022397593
0.00618733,0.016047655,0.052250393,0.0624108,-0.014954877,-0.00021341057,0.072578005,-0.08307873,-0.052784514,-0.06046701,-0.051297758,0.025062911,-0.009003997,0.07033788,-0.022064146,0.041351184,0.041034274,0.0037025174,0.029231844,-0.035278376,-0.050131217,-0.025831867,-0.035469517,0.03368975,0.010322056,-0.052255854,-0.03683874,-0.0007802564,0.023511197,-0.014816687,-0.046330176,0.004182865
-0.01264391,-0.021686967,-0.03520192,-0.03895928,-0.007027505,-0.023535768,-0.032020517,-0.07073845,-0.06029231,-0.058514666,-0.07369215,-0.027648931,0.005166533,-0.06707397,-0.017832119,-0.01780713,-0.029817251,-0.014562874,-0.020257294,0.02401685,-0.018493194,-0.06772566,0.008361261,-0.0121763665,-0.053543977,-0.049358517,-0.014799693,-0.03704718,-0.058632758,-0.04593547,0.0070468117,-0.0013822439
0.021133611,-0.017238088,-0.069154665,0.069638066,-0.015102746,-0.0054717767,-0.02134586,-0.033153284,-0.061294913,0.042342994,-0.013235793,-0.045170136,0.01925204,0.02291543,-0.039915368,0.060238834,-0.06124624,-0.0021770445,0.01753263,0.061279956,0.053072818,0.04017122,-0.01663914,-0.03484628,-0.0062209433,-0.020855734,0.034152847,0.07035254,0.047279112,-0.07063624,-0.06766531,-0.049557332
0.07379051,0.0033321485,-0.008002107,-0.054199174,-0.011731638,0.043383773,0.07040033,-0.021044796,-0.04713961,-0.041207064,0.0030061128,0.05573679,0.015989872,0.02703759,0.021324541,-0.03820397,-0.001394946,-0.07632679,0.07667419,-0.051341217,-0.02969535,0.008601913,-0.067924105,0.0519507,0.044371355,-0.05270913,-0.03304382,-0.028252948,-0.0044686636,-0.04871492,-0.03130634,-0.07395658
-0.038573805,-0.07245456,-0.063596435,-0.072164826,-0.061173435,0.06373682,-0.014473434,-0.05074615,-0.07780276,0.01117003,0.047525067,-0.027570212,-0.020109173,-0.042102914,-0.06939933,0.0023435536,-0.043554064,-0.021067532,-0.02193142,-0.026248869,-0.0041956054,-0.017915733,-0.074324824,-0.004585624,0.02032499,-0.03982417,-0.05894667,-0.036067314,0.05323761,-0.07396555,-0.056941193,0.035377756
-0.0019759086,0.016452191,0.018501448,-0.0071694865,0.008215818,0.04292319,0.024784166,0.040378142,-0.05101693,-0.028832719,0.009767451,-0.014969772,0.011912193,-0.0037649088,0.0022649192,0.013459583,0.0031850918,-0.033847015,-0.0058620297,0.02463205,-0.0015499876,-0.014355488,-0.04782132,-0.0021373658,0.010706002,-0.016881766,0.00900859,-0.00456378,-0.027876712,0.017314667,0.013374437,0.0025274127
-0.03198867,-0.0275504,-0.045248054,-0.055138286,-0.03543882,-0.024300028,0.008923451,0.065640435,-0.015175919,0.045231055,-0.014305997,-0.0046099937,-0.02539815,-0.016833195,-0.017388364,-0.026732365,-0.027384674,0.0019561648,-0.005330617,-0.008656254,-0.037880965,-0.0351643,-0.018087065,-0.0052974285,-0.044506945,0.003373256,-0.069360815,0.002859516,-0.04423896,-0.011380059,0.041108638,0.015360769
-0.0020249917,0.03121052,0.017868003,0.04438881,-0.015416212,-0.010967457,0.008415427,-0.028596785,0.03600241,0.033462953,0.03109441,-0.043015454,-0.030608043,0.061031897,-0.0060213837,0.053887572,0.026781052,-0.029578723,-0.06553412,0.012137329,0.04073093,0.054800734,-0.0051525105,0.048832815,0.06709278,0.02172181,0.07092704,0.026658127,0.00663292,-0.01025274,0.06375778,0.020526784
0.040032018,-0.0044674478,0.013341681,-0.02290942,0.019927055,0.04246065,0.017736543,-0.0055288845,0.043996196,0.028214905,0.02355612,-0.034232393,-2.253434e-05,0.0035194263,0.038410544,-0.018274412,0.050829105,-0.032335375,0.03741461,0.019233005,0.011522633,0.050778106,-0.056992903,0.04123663,-0.04180476,0.046557866,0.025885632,0.040105015,-0.013253734,-0.034853734,-0.039962724,-0.062893435
-0.05013714,-0.06564664,0.030901367,-0.056120586,-0.057867303,-0.03606313,0.0037829452,-0.022780443,-0.028190894,-0.024456589,-0.013606499,-0.053425923,-0.035481825,0.01628376,-0.052068282,-0.029910482,-0.061242335,-0.07207407,-0.05421973,-0.04441479,-0.0431093,0.027448637,0.021898746,-0.0101599,0.011644972,-0.03399071,0.03545172,-0.017337166,-0.06624354,-0.042195085,-0.056471124,-0.016005637
-0.0062316256,-0.01598075,0.004901059,0.0062453332,0.03556411,-0.055992037,-0.013047096,-0.034306023,0.0094930995,0.005187,-0.005519476,-0.034341853,-0.029366763,-0.018019704,-0.028732084,0.052947763,0.061642103,-0.009622121,0.009717881,0.07686986,-0.014838369,-0.007575933,-0.030968485,-0.050523065,0.041814934,-0.06078794,0.039882608,0.07576744,0.059522208,-0.069249384,-0.07595173,0.0548098
-0.08008825,0.0722785,-0.031217612,-0.04841929,-0.0170578,0.014496489,-0.07036227,-0.006138939,-0.049177933,-0.06948581,-0.0216696,-0.07779091,0.0031907675,-0.08219046,0.04828011,-0.04027166,-0.02437592,-0.050557073,-0.07826047,-0.077181846,-0.028558575,-0.04324544,-0.071434125,0.027101228,-0.02910179,-0.060346056,-0.07830423,-0.054493077,0.07917998,-0.037047658,-0.027245726,-0.016808484
0.023155292,0.040466692,0.014990876,-0.043279186,0.05992275,0.019202363,0.026649684,0.00040713657,0.061073363,0.0154855875,0.07201377,0.069597974,-0.029249387,0.061895277,0.06608075,0.07896493,0.07862627,0.07747223,0.0065406244,0.018265948,-0.020918729,-0.042681765,0.038638826,0.022899903,0.07388893,-0.009789135,0.042100642,0.029074263,0.0096347965,0.04085313,-0.025269369,-0.015378113
0.039668847,0.048655443,0.02881973,0.068346106,0.016651206,0.019068219,-0.022846198,0.01998996,-0.024145324,-0.0082363,0.07082672,0.055621482,0.023306042,0.0035572783,0.06343535,-0.0032149288,-0.02450041,0.034273427,0.041462533,0.051952586,0.025828158,0.0511043,0.024151929,0.029475622,-0.021987423,0.030332081,0.062298983,0.06207382,0.03423617,0.01928395,0.026099052,0.020358237
-0.061952602,-0.03311357,-0.030707298,-0.034776926,-0.08145473,-0.0022153128,-0.03340919,-0.01771143,-0.06264458,0.04784905,-0.006338682,-0.07783168,-0.016970597,-0.01596941,0.05365773,6.103768e-05,-0.011906698,-0.047328766,-0.067789085,-0.00523123,-0.0044916216,-0.007843452,-0.016766552,-0.017514726,-0.07305656,0.038989555,-0.068413556,-0.0556049,-0.055313513,-0.070007496,-0.030321613,0.026767472
0.05369952,-0.049449265,-0.03790904,0.0083144,0.029294653,-0.028960325,-0.086034186,-0.013228282,0.02847908,0.05729431,0.004560577,0.028901761,0.036656052,-0.006929488,0.045186825,0.040353835,-0.0404996,-0.0021614875,-0.0024806054,0.0080187,0.041085348,0.0027992767,0.011963031,-0.022365516,-0.009395593,-0.012918099,0.027163064,0.02956202,-0.007579594,0.04474328,-0.03814613,0.019772058
-0.02023526,-0.04656669,-0.03580758,-0.056131367,-0.05708822,-0.04735113,-0.054499093,0.0106644,0.025536643,-0.063349366,-0.017357498,-0.040511258,-0.018107546,-0.065325074,-0.04449594,-0.07726646,-0.060463354,-0.040887285,-0.053849988,-0.06392753,-0.059727445,-0.0071890336,-0.0053920164,-0.033523533,-0.03515249,-0.056338128,-0.04606413,-0.04457593,-0.073316,-0.017495317,-0.047883965,-0.045891255
-0.0016066595,-0.039969064,-0.06498379,0.048855927,0.01369578,0.021615377,-0.01924893,-0.018163195,0.013212634,-0.038631633,-0.027117642,-0.048573796,0.08860963,0.054690544,-0.026564518,0.076355785,0.031378586,0.025036223,-0.031917073,-0.021062814,0.053839397,0.07293118,-0.06665007,0.026025739,0.073068425,0.06798891,0.029939476,0.04917239,0.068056114,-0.07238105,-0.06878976,0.04246971
0.013608859,-0.03669131,-0.039168082,0.072971664,0.062489353,0.07796843,0.030881748,0.040596686,0.046990763,0.047676954,0.048733883,0.072074525,0.067581564,-0.07373736,0.071271285,0.02223939,0.056436274,0.048011005,0.028530642,0.049256586,0.035421945,0.022500953,0.08382117,0.08191247,0.024697112,0.020153558,0.06914557,0.05616991,0.04574245,0.066300415,0.066547975,0.059322916
-0.026595429,0.04071922,0.0119387265,0.0433498,0.035993468,0.033346348,0.056672398,-0.0481819,0.060351957,0.038784347,-0.046123028,0.012305451,0.06322458,0.04781473,0.005673233,0.041198757,0.022560673,-0.0021118626,-0.011219932,0.047807775,0.049823746,0.07813984,0.037467457,0.0430677,-0.045483336,0.067702316,0.05873719,0.06142689,0.045267142,0.05736768,-0.0002153553,0.051701695
-0.069674954,-0.02904773,0.035345525,0.063191816,-0.027822766,0.033711437,-0.0140222255,0.04015617,-0.078805566,-0.008418154,0.031147761,-0.07290277,0.0048455326,-0.0097142495,0.050799426,0.03188885,0.0031000967,-0.06015747,-0.06767239,-0.023171904,-0.061327614,-0.066218525,0.007011414,-0.0060482486,0.01615964,0.015809104,-0.0045878543,-0.018584922,0.05028612,-0.0041831033,-0.07398773,0.0013215636
0.027611792,0.081051975,0.037374984,0.0141278235,0.034178972,-0.04171041,-0.008649943,-0.0062678135,0.022466624,0.04065286,-0.0006619431,-0.03325523,0.018087681,-0.019966198,-0.013473353,0.0118054515,0.01356819,0.0042307703,0.039306358,0.00805395,-0.025178969,0.012934445,-0.0047048037,-0.025385022,0.013555482,0.05620085,-0.015436771,-0.000100955156,-0.030342352,-0.06562403,0.039100315,0.024720222
0.017272899,0.041810475,0.017293777,-0.06420842,0.030598663,-0.048689336,0.012642604,-0.050684858,-0.050475374,-0.06365265,-0.042524923,0.045322128,-0.0058631557,0.019033112,0.036059465,-0.053569213,-0.021218207,-0.021591345,-4.7636167e-05,-0.05943144,0.019805303,0.054262944,-0.015656356,-0.04605277,-0.0036164508,0.00083866453,-0.038023956,-0.046676572,-0.054805353,-0.07206483,-0.060840163,-0.03850953
-0.08015433,-0.02773236,0.02721855,-0.05469488,0.083508044,0.046731673,-0.049001798,-0.014548481,-0.018986246,-0.0740771,0.024451807,0.014541928,0.07809367,-0.033263393,0.06919978,-0.06671759,-0.0795492,-0.07365015,-0.08152451,-0.0738632,-0.08251664,0.054911546,-0.03569984,-0.04659175,-0.0587859,0.023346357,-0.07485063,-0.05503919,0.059072595,0.071821064,-0.07560148,-0.04953149
0.020260599,-0.015926147,-0.012619585,-0.031919416,0.0043246495,-0.015861487,-0.04276104,-0.04504949,0.0023207692,0.048051104,-0.026773356,-0.050383765,0.04729839,-0.0031057692,0.060882054,-0.022470096,-0.040709436,0.023221212,-0.01652999,0.040921792,0.032980867,0.058088075,0.016227674,0.0023170575,-0.026347695,0.06000287,0.07406787,0.04111641,0.040758073,0.03376735,0.022103045,0.030496987
-0.030837782,0.010849475,0.07122005,-0.033005908,0.010417446,0.06112425,0.03815056,0.01790478,-0.011168805,0.041340053,0.08045057,0.03006063,0.03664643,0.056796372,0.038476568,-0.026945218,0.052332554,0.040701058,0.025988773,-0.022399822,-0.0026357537,-0.015547051,0.030736465,0.009211215,0.025104491,0.05963435,0.022320822,0.042714454,0.033151235,-0.027658544,0.03611465,0.039590858
0.018902399,0.031088468,-0.04596889,0.036419757,-0.04330589,-0.016925827,0.055891518,-0.07935491,-0.056064766,0.058839876,-0.023233686,0.029696286,-0.014743046,0.022547722,0.035704155,0.037332587,0.021405114,-0.010654401,-0.01788923,0.05378375,0.06654955,-0.058923054,-0.006738517,-0.02223646,0.058979277,-0.014890346,0.06662707,0.051547695,0.03917319,0.0382304,0.044335116,0.047655422
0.06449516,0.02112575,-0.027500527,-0.047819264,-0.0032109988,-0.04528974,0.012055847,0.06204875,0.008038816,-0.041788194,-0.018166916,0.015541703,-0.060010504,0.074568294,0.04683623,-0.044369087,-0.006236585,-0.028976202,0.042235155,-0.032851435,-0.044819634,0.005621283,-0.043438282,-0.042802203,-0.019645242,-0.0044065374,-0.025511105,-0.06173347,-0.07343483,-0.0059382664,-0.005203637,-0.049133793
-0.02051276,-0.014998096,-0.019940475,-0.03567597,0.06968579,0.024651924,0.033700794,0.03895128,0.03011706,0.048826132,0.06323772,0.06568773,-0.04060394,0.021569476,0.06821784,0.026271194,0.042173896,-0.010031354,0.050665442,0.069685526,0.045537714,-0.019630184,0.038965914,0.008554492,0.027168129,0.05394966,-0.031746764,0.03326462,0.0038487783,-0.024290012,0.005578811,-4.4323995e-05
0.052583992,0.05994556,0.050221216,0.060443196,0.06961405,0.05704698,0.08432685,-0.051868264,0.07401807,0.023677107,0.025552245,0.07067155,0.06363078,0.076031394,0.069688916,0.03273656,0.066305675,0.08480145,0.060051046,0.076970145,0.07621893,0.05635626,0.079170026,0.050273817,0.045548733,0.074823864,0.05470009,-0.009692958,0.05464331,0.06833457,0.06380512,0.06007
0.07490406,0.026662266,0.049258076,0.041601695,0.038519472,0.016853584,0.018168535,0.014480417,0.060590666,-0.0334618,0.00016901926,0.060025923,0.005682283,0.017561728,-0.014624553,0.019551052,-0.04448132,0.011487347,0.061695535,0.036796905,-0.02644926,-0.01718727,-0.025878645,0.04989336,-0.032405015,0.06112731,-0.04069975,-0.022405526,0.068000056,0.02791406,0.010078231,0.050199963
-0.083691336,0.006472617,0.066593505,-0.04591392,0.06580532,-0.053563602,-0.057238914,0.009064383,-0.008521835,-0.009447113,-0.08107607,-0.004164919,-0.0156625,0.0712717,-0.004649625,0.0018132449,-0.06709029,-0.0056048287,-0.05932548,0.024232514,-0.057480894,-0.046135046,-0.07032848,-0.0010101072,-0.025808409,-0.06703799,-0.07266882,-0.066124216,-0.0016105633,0.006126344,-0.07880161,0.079086326
-0.06892002,-0.090060964,-0.08046031,-0.057622742,-0.075149626,-0.068927504,-0.065374844,-0.09836666,-0.080906585,-0.06855297,-0.049111437,-0.05758893,-0.058135457,-0.06610822,-0.04294651,-0.06386389,-0.056729622,-0.031954713,-0.073751934,-0.053672384,-0.056673687,-0.0684621,-0.038522124,-0.079500996,-0.04760528,-0.06695157,-0.020522231,-0.06454347,-0.0776789,-0.043721166,-0.0555262,-0.07273063
-0.048589755,-0.08513865,-0.047802866,0.023508362,-0.043581076,-0.051424485,0.046224304,-0.041112788,5.398721e-05,-0.07162805,-0.03052246,-0.026586432,-0.075640425,-0.040493976,-0.048840735,-0.076697156,-0.028303523,-0.016781349,-0.03837276,-0.062906064,-0.056457248,-0.06151152,0.0062183053,-0.05200878,0.06469991,-0.08338853,-0.08039875,-0.05446406,-0.05656395,-0.047010683,-0.040960398,-0.08137336
-0.025578804,-0.047139104,0.00804553,0.056370925,-0.058008034,-0.03871491,-0.072962955,0.016699178,-0.06261611,-0.052939508,-0.064918086,-0.06848609,0.0031114686,-0.03503531,-0.020322433,-0.003687042,-0.05182217,-0.032011982,-0.034964345,-0.040607423,-0.054594614,-0.05537889,-0.06813175,-0.04377277,-0.06302127,-0.05924979,-0.066697046,-0.0433866,-0.03694437,-0.05296905,0.030325403,-0.0661642
0.06886137,0.0527502,0.027754357,0.03102309,0.020663787,-0.06117077,-0.0292307,0.013933776,0.009211712,-0.05554932,-0.026418641,-0.013729013,0.018491084,0.024640568,-0.047760945,-0.007971153,0.04545737,-0.0062675443,0.048720393,-0.07592488,0.008867933,0.040512312,-0.0022932398,-0.06181627,-0.067317195,0.04156192,0.014008806,-0.030817978,-0.0011914754,-0.01023166,-0.006882776,-0.05026616
-0.01669603,0.021475948,0.014886054,0.0012334586,0.022013921,0.0011034539,8.9495086e-05,-0.01303075,-0.015409436,-0.015965922,-0.005696348,-0.026735855,-0.008348703,-0.0053112684,0.046504468,0.010250866,0.016909631,-0.009490691,-0.04173684,0.026114536,0.006009118,-0.032790165,0.068855114,0.0058627743,-0.0011805515,0.03493161,-0.0049238866,-0.022310037,-0.021385554,-0.023595843,0.036396287,0.03370438
-0.0018722329,-0.030468574,0.07015247,0.037226483,-0.0068695894,0.032018185,-0.059468962,-0.028185893,-0.054506764,-0.075279795,-0.059693497,-0.07922192,-0.053757627,-0.033289146,0.013418993,-0.00198787,0.05051175,0.009285043,0.024514977,-0.07234321,-0.08817936,-0.05890485,-0.02631404,-0.02398832,0.074503444,-0.06428438,0.023441158,-0.044428386,-0.05957078,-0.073137715,0.055377234,-0.012824825
0.015462771,-0.07558703,-0.034511693,0.06294275,0.0064528394,0.061858807,-0.03017457,-0.0032127327,0.030523123,0.04535331,-0.028091649,0.012340348,0.04404944,0.045405418,0.009885816,-0.012110496,-0.004792102,0.027009413,-0.0077484576,0.04244308,0.009533014,0.009311315,-0.043781903,-0.011643821,-0.04567604,-0.040901173,0.03713064,-0.020880867,0.06596808,-0.066891626,0.063289165,-0.004458224
0.033136297,0.034669288,0.03396612,-0.032544706,0.01785602,0.01550474,0.02355374,0.045299876,-0.027522814,0.019242119,0.03816388,0.0437815,0.0441393,0.05484319,-0.07973626,-0.012637266,-0.0119704185,0.028739538,0.057941716,-0.03138441,0.019663202,0.033138007,-0.008537405,0.08501805,0.024564926,0.026927209,-0.053459574,-0.037325256,0.010304684,-0.04453783,0.031992503,0.02769652
0.04434239,0.027397161,0.0076056705,0.0097698225,0.03900201,0.05336794,0.0571803,-0.024178123,0.01722322,0.010150872,0.0028824573,-0.054093517,0.021054503,0.06358575,0.035543207,0.037116215,-0.016629161,0.04064179,0.028262693,0.021000316,0.007280031,0.06470806,0.06039201,0.05871195,0.020549357,0.04637252,-0.0032446014,0.014492819,-0.018302158,0.022802591,0.004276491,0.0019276359
-0.061571192,-0.07728087,-0.05504738,-0.052468915,-0.07702177,-0.07129939,-0.07036052,-0.07113417,-0.06339395,-0.03834609,-0.09170902,-0.06785505,-0.06757792,-0.080179565,-0.056775473,-0.06128031,-0.075964704,-0.08577843,-0.07451939,-0.07013617,-0.043846615,-0.023009205,-0.02313084,-0.08079132,-0.063605055,-0.047455188,-0.046854645,-0.07346677,-0.028271716,-0.009532317,-0.055605926,-0.07179816
0.06853474,0.031059597,-0.057957683,4.9256534e-05,0.01774567,-0.061823644,0.04627716,0.0060872626,0.020229587,0.015370903,-0.000102815546,0.07466636,0.0056809066,0.026574703,-0.00853628,-0.02167562,-0.0011421451,-0.06894568,0.008117055,0.037883323,0.058667827,-0.06223496,0.015229262,0.020795662,-0.050336882,0.074128404,0.039193157,-0.025917407,0.02998151,0.01945003,-0.04716426,0.07227881
0.013183088,0.01416233,-0.018883621,0.010613018,-0.001245976,-0.006420551,0.00014700108,0.08476112,0.07442761,0.006122748,-0.047226366,-0.012607414,0.005229855,-0.046854384,0.006204881,0.012232707,-0.0010451722,0.0030585867,-0.01066413,0.0053190435,0.030762577,0.048385076,-0.050217345,0.017379489,0.022270318,0.020581119,0.035495833,-0.019530026,0.049097355,-0.0048425808,0.006008099,0.019850794
-0.062130425,0.05474554,0.05040077,0.029640451,0.023129806,-0.029133977,-0.048598617,-0.046092667,-0.030489603,-0.054188676,0.008216125,-0.05443916,0.0076423036,0.020078307,0.057264365,0.01952704,0.030620605,0.012353109,-0.03552024,0.0017132178,-0.015790764,-0.038881566,0.060324166,-0.061148945,0.053564504,-0.043097857,0.045812424,0.012501284,0.05517185,-0.007971436,0.007602576,0.040384557
0.019264618,-0.026819713,-0.008121166,-0.03619097,-0.07992144,0.07427003,-0.006789059,0.014381829,0.042121544,-0.037085615,0.0205638,-0.037989028,0.0041664066,0.051050346,-0.07074877,-0.033137333,0.0061840117,-0.0730218,0.05525424,0.035321858,-0.009339195,0.012621361,-0.06157349,-0.0012999693,0.06150072,-0.02247086,0.023237113,0.04144269,-0.008291941,-0.02937175,0.07207753,-0.026983052
-0.075873144,0.014843103,0.057067044,-0.062128175,0.05513328,-0.025675492,-0.045947123,-0.02121828,0.037317287,0.037303496,-0.009009043,-0.0407149,-0.011361107,0.060386825,0.038943246,0.042626433,0.013128373,-0.047391944,-0.071421586,-0.0416498,-0.06396963,-0.048586056,0.014115928,-0.06075581,-0.02364216,0.019268142,-0.07120265,-0.049587455,-0.020719383,-0.03678935,0.05025557,-0.029126704
-0.072815254,-0.041930564,-0.052252516,-0.059842065,-0.051595826,-0.051286615,-0.008234337,0.040065,-0.035067465,-0.05265389,-0.06039985,-0.033649515,-0.043875895,-0.032792985,-0.06958846,-0.06794433,-0.021698501,-0.072028615,-0.0422552,-0.051448487,-0.052997537,-0.058387723,-0.06725488,-0.046601832,-0.07259054,-0.06569003,-0.06082657,-0.04463286,-0.07388925,-0.04147904,-0.046424586,-0.07018874
-0.005765614,0.06609222,0.057897292,0.041809235,0.032553777,-0.011958785,0.01621113,-0.0012564177,0.031545263,-0.05334992,-0.026273761,-0.011417841,-0.03035205,0.03730734,0.070972845,0.02745768,0.017510194,0.067237124,0.009508043,0.05249757,0.03493847,-0.040704146,0.008411917,-0.041501157,0.021797474,-0.06393114,0.0030849397,-0.021739416,0.062658556,0.068904206,-0.016442813,-0.010268057
0.0003852031,0.03651483,0.05400325,0.05277836,-0.0194475,0.03697623,0.02197496,-0.012905069,0.056901794,0.031754423,0.009595432,0.017630637,0.047256462,0.037658557,-0.0065419897,0.06742716,0.020538155,-0.004319974,0.0100281155,0.028973855,0.06094831,0.04177071,0.0059654224,0.023022182,-0.008098137,0.053610183,0.015138793,0.005825379,0.0033352154,-0.00037007223,-0.0029924824,0.047394607
-0.04109055,-0.005963769,-0.01072282,-0.020623337,-0.05336547,0.023928175,-0.014240111,-0.00087646244,0.0038526538,0.041102305,-0.037326194,-0.04646519,0.03918398,0.013662607,-0.06411029,0.040809415,-0.027881648,-0.0109567745,-0.0138591435,0.050175622,0.023205502,0.059462253,0.0006334729,-0.018368756,0.028765872,0.0050222008,0.012012375,0.069476165,0.019465908,-0.0074895183,0.02635436,0.018934885
-0.0732254,-0.023503937,-0.023179527,-0.02373457,0.010612138,0.04928029,-0.00022490796,0.031219212,-0.010117775,-0.051706918,-0.035542436,0.058047388,0.01540472,-0.005910466,-0.029280009,-0.01641142,0.039789278,0.023645649,-0.00585873,-0.048790134,-0.061219987,-0.05095954,-0.040883992,0.00944688,-0.04505375,-0.067585014,-0.06939144,0.015000607,-0.057425283,0.054413434,-0.040962994,-0.0405543
0.002203742,0.033491805,0.075271875,-0.05446289,0.07029747,0.013254285,-0.00088244915,0.01357454,0.06850877,0.061284322,0.00042336044,0.081179276,0.05824672,0.04869036,0.0036087204,0.050141044,-0.040095348,0.06256927,0.0049137664,-0.0057972646,0.062111087,0.04054758,0.055507384,0.023216428,0.032370746,0.06883087,0.00925645,0.05289588,0.020744747,-0.054056812,-0.029012801,0.045031287
-0.06747055,0.01878476,-0.014939995,0.0021552613,0.027160214,5.0545045e-06,-0.018816879,0.057386965,0.06604419,-0.037688192,0.03726817,0.041426316,0.00617169,-0.07634595,-0.018575532,-0.0315666,-0.044615574,-0.0235803,-0.05066002,0.016782776,-0.05257764,0.007257017,0.022900384,0.057284977,0.011568355,-0.0287126,-0.024181122,-0.036690395,0.007088511,-0.057183556,-0.06507135,-0.028059721
-0.0030074415,0.019494832,-0.02755183,0.0020150237,-0.030695029,0.015632354,0.038888514,0.06354301,0.029552829,0.022558883,-0.03011085,-0.0030199569,0.015997943,0.0010116422,-0.020573389,-0.019659245,0.02905795,0.039858717,-0.060460005,-0.0022903793,-0.015756337,0.023211567,0.036471818,-0.008421668,0.011196119,0.0030024236,0.0030486684,-0.012137876,-0.013746277,0.025491258,0.0024244187,0.026931731
-0.00901984,0.023985295,-0.0047251736,0.014551282,-0.07324752,0.06082612,-0.0333915,0.005341222,-0.0578262,0.06566095,-0.08802815,-0.0004776126,0.0016193003,0.03093423,-0.06866493,0.00832068,-0.052476123,-0.02581738,-0.026403863,-0.03137673,-0.051933423,0.025861237,-0.033573885,0.05507132,-0.056207594,0.035560377,-0.03416545,-0.015376548,0.05499595,0.06902464,-0.029879997,0.055498905
0.04911783,0.0021379192,0.008593799,0.07068221,0.034315728,0.041861277,0.042112466,0.059031367,0.08159941,0.07615951,-0.013829905,0.045844812,0.06450164,0.004544413,0.023079574,0.08423377,0.05802795,0.011296355,0.058644403,0.08442411,0.07225489,0.05945404,0.08478462,0.07839099,0.027197307,0.087458774,0.08319816,0.08193033,0.060942423,0.057513762,0.06252374,0.08781009
0.013576779,0.0065623643,-0.008685788,0.013081024,0.0027802293,-0.059119448,-0.06725242,0.033779558,0.05236663,-0.02942617,-0.006962019,0.01914358,0.006756498,-0.035326496,0.0021996503,-0.010026177,0.032796957,-0.069081396,0.035754193,0.03194756,-0.060109884,-0.023851441,-0.0057448857,-0.020739501,-0.022009624,0.0684991,0.013560703,-0.029479688,-0.060658187,-0.03945437,-0.05696934,-0.020302264
0.001601075,-0.04694287,-0.07230216,-0.01021793,-0.05167074,-0.025556985,-0.04115669,0.029613853,-0.0015846989,-0.070002355,-0.07090231,0.023634668,0.041494228,0.0046151495,-0.046153314,-0.061448593,-0.078601256,-0.024358736,-0.00096839597,0.0077417935,0.02015601,0.054743823,-0.049422406,0.038102437,-0.06400223,0.036043696,-0.048302267,0.012881816,-0.010025182,0.040257238,0.018926237,-0.027093971
-0.07614983,-0.027461244,-0.016232282,-0.07539338,0.032196064,-0.02606892,-0.02963088,0.03320139,0.024214208,-0.0141449105,-0.008447051,0.044017337,-0.021414625,-0.056628104,-0.038782462,-0.05683818,-0.032672144,-0.00946955,-0.067383185,-0.029997172,-0.059482094,-0.007904819,-0.05956687,-0.031059219,-0.057517845,0.008320042,-0.05987454,-0.011974879,-0.060161754,-0.022538187,-0.030335458,-0.045719806
-0.020803757,-0.022806015,-0.0056601427,0.039917678,0.069229886,-0.017926004,-0.057253756,-0.013518479,-0.051780365,0.0041867923,-0.008167811,0.0007929339,0.028683161,0.010054336,0.0054745506,0.022847328,0.01946416,0.031827275,-0.024810161,-0.04082967,0.011178981,-0.026148919,-0.040207114,0.06053853,0.004036237,-0.0036139074,0.03148576,-0.014424616,0.05993491,-0.0072554676,-0.011214913,-0.06193987
0.0020781814,0.039633773,0.027630309,0.013086092,0.034617543,0.0025808308,0.07681723,-0.039091166,-0.030467052,0.074207805,-0.022424147,-0.014821126,-0.034189582,0.04603999,-0.013031801,0.0378415,-0.028865457,0.011473848,0.045543868,0.07156553,-0.047434635,0.0093515655,-0.036004405,0.046226513,-0.033771824,0.027326267,-0.025041856,0.057115573,0.03460823,0.02750154,-0.04785934,-0.0036815905
0.06769329,0.019627415,0.04010659,-0.050959837,-0.03527885,0.023383979,0.047035832,-0.071126044,0.009909746,0.0020592571,-0.0028937778,-0.07574661,0.0137368515,0.040997125,-0.016811358,0.008879475,0.019975001,0.024061684,0.0678257,0.004807191,0.016548853,0.01965404,-0.013991565,-0.010958929,-0.06244866,-0.05919382,0.010868815,0.020148272,-0.0047587487,-0.057557687,0.036656324,-0.028532753
-0.08671209,-0.056018688,-0.045472406,-0.052754086,-0.036784407,-0.04762315,-0.08403753,0.064050384,-0.004845935,-0.053945906,-0.03257131,-0.024458885,-0.050843086,-0.051233463,-0.022446575,-0.04178934,-0.047424525,0.017976185,-0.08521827,-0.049269266,-0.04915983,-0.027597068,-0.017305559,-0.08281995,-0.029357716,-0.0076920874,-0.013366379,-0.03137236,-0.040721357,-0.05785224,-0.0053968206,0.00034643535
0.015025739,-0.036320776,-0.030640954,0.0032219593,-0.021276377,-0.011133527,-0.020185057,-0.09153479,-0.060292635,-0.014541517,-0.0024962819,-0.03280284,-0.00053364976,0.011354091,0.040946268,-0.02380302,-0.030741898,-0.014303399,0.030423714,-0.034746446,-0.055658773,0.025984634,-0.0075043873,-0.020735048,-0.029575,-0.017352497,-0.021529604,0.017164849,0.016577814,-0.04499936,-0.011907366,-0.032278568
0.017675208,0.06190374,0.030434368,0.013502527,-0.013662085,-0.038144227,-0.020051247,-0.0031380097,-0.04688709,-0.06415231,0.053130414,-0.06981746,0.023775471,0.0009983572,-0.006246372,-0.065778285,0.04442175,-0.01389063,-0.0032477556,0.018962273,-0.048950765,0.0092109125,-0.05799116,0.0057274383,0.06060075,-0.00023708158,-0.006719044,-0.038052913,0.05911469,-0.013426931,0.04228167,0.02277819
-0.083459996,-0.08963192,-0.052652825,0.002090046,-0.06963845,-0.013329285,-0.053547394,-0.024088208,-0.043516975,-0.044782974,0.017128441,-0.016734816,-0.058541156,-0.06439521,-0.060876492,0.05124027,0.05038879,-0.025860744,0.052279927,0.0070329625,-0.055875573,-0.061928518,-0.0148604,-0.02694773,0.033758257,-0.06493674,-0.056369454,0.021934507,-0.068791054,-0.069560654,-0.01797461,-0.02398032
0.0210684,0.06926633,0.04048364,-0.032781933,0.0024174163,0.012703586,-0.030784063,0.02944156,-0.010586269,-0.0069135684,-0.06289419,0.04146272,-0.034762047,0.021605559,-0.052880667,0.06257524,-0.022905957,0.06297944,0.04593383,-0.0054175416,0.0027456174,-0.030124413,-0.07622216,0.022638457,-0.061274644,-0.06950794,-0.008023464,0.019297594,-0.033082303,-0.0013236422,-0.042766348,-0.0019334431
0.053364683,-0.06286126,-0.060005885,-0.044759084,-0.07592196,-0.068159886,-0.013616795,-0.083347544,-0.047534745,-0.019424343,-0.049747303,-0.07081392,-0.058982387,-0.024822874,-0.027246533,-0.048344128,-0.03928058,-0.05809518,-0.04777741,-0.04649391,-0.034989577,-0.028895618,-0.0069478615,-0.076197654,-0.05594662,-0.05168338,-0.020128876,-0.060653303,-0.060485516,-0.052183867,-0.040505182,-0.049646016
-0.018393354,-0.039527286,-0.028174287,-0.008345411,-0.034992304,0.01685649,-0.020549979,-0.0061644344,0.024231961,0.017395476,0.00033737358,0.0031255758,-0.05363438,-0.021757232,0.0027875004,0.056136567,0.010416684,-0.041604172,-0.0365999,0.0009225711,0.028917728,-0.067378856,-0.021173703,0.044222735,-0.02813252,0.057919633,0.057523664,0.020349152,0.062549576,-0.008668411,0.02480135,0.015487533
0.044188704,0.094534606,0.092365555,0.07603471,0.088864975,0.08549163,0.09776537,0.10285441,0.07670436,0.0760592,0.1027922,0.08165738,0.09459173,0.08913282,0.080389775,0.0846804,0.0876427,0.09604227,0.08547768,0.084666796,0.099263184,0.06589756,0.0863485,0.09800809,0.08045091,0.087283626,0.08467875,0.08373237,0.08250971,0.079557784,0.078300424,0.09019456
-0.030894274,-0.030798595,-0.043423664,-0.027099064,-0.08265786,-0.018422423,0.0077573033,-0.0024707385,-0.022260394,0.06106706,-0.04554605,-0.078138,-0.082645364,-0.058313034,-0.067359306,-0.014733365,0.009438872,-0.055138122,-0.05567012,0.015104493,0.012877926,-0.06369879,0.04208975,-0.019553281,-0.016127365,-0.018916184,-0.015871668,-0.0027038977,-0.01933899,0.03456364,0.070496015,0.016108893
-0.06874267,-0.06381655,-0.056398846,0.0608272,0.022014694,0.0073328996,-0.03189622,-0.009030141,-0.07113401,-0.075812034,-0.01756419,0.01096348,0.06307924,-0.019547323,0.011443312,-0.04121854,0.026752649,-0.06670613,-0.043619193,-0.04879152,-0.05681753,0.06880961,-0.04111329,0.0014243553,-0.020079184,-0.04384773,0.004983106,-0.042229436,-0.056811865,-0.02299789,0.03375977,0.036563475
0.0014203668,0.008443689,0.038250756,-0.030803395,0.02315045,-0.041519508,-0.011934868,0.035461087,0.041966863,0.02496229,-0.017514896,0.019500412,-0.015755385,-0.027457796,-0.006055701,-0.0076542734,0.013824792,-0.0601927,0.052299116,0.04743333,-0.028266476,0.021338746,-0.013793318,-0.02582837,0.011475522,-0.04663007,0.008137293,0.04337373,-0.034880754,-0.025445633,0.0094075035,0.008232577
0.0035779336,-0.010944216,-0.051067095,-0.06567615,-0.042657368,0.06198666,0.030318802,-0.07612935,-0.081068546,-0.05366189,0.058602624,0.07686945,0.013503731,-0.038014732,0.011642967,-0.07275715,0.019523429,-0.026028223,-0.008474275,-0.070690945,-0.04366779,-0.025812207,0.03907279,0.012997498,-0.047963418,0.035004232,-0.048611168,-0.070951976,0.04530412,-0.0068617715,-0.02855731,0.06951513
-0.07373706,-0.07793203,-0.06896112,-0.06861725,-0.066173606,-0.06490609,-0.035956055,-0.08312216,-0.04311416,-0.05369556,-0.070935816,-0.021362616,-0.07874104,-0.059245516,-0.034993205,-0.06620184,-0.07431236,-0.07976143,-0.08082764,-0.06102321,-0.07274849,0.026776861,-0.039340656,-0.052784104,-0.069505565,-0.0056976643,-0.055200435,-0.056147914,-0.06269284,-0.047021724,-0.06813053,-0.06744148
0.049878176,-0.016233819,-0.024950746,0.037202455,-0.012524705,-0.02049095,0.008239756,-0.030080954,-0.01666867,-0.01449289,-0.033056043,0.062410973,-0.026236422,-0.038172524,-0.007337445,-0.06605261,-0.02229809,0.021464597,0.019338036,-0.019163128,-0.04568805,0.03939567,-0.046113063,-0.07376182,-0.057004806,-0.04283457,-0.051653165,-0.003090512,-0.05953986,-0.03858604,-0.02314647,0.014890247
-0.014193012,-0.036386065,0.04940183,-0.0059110955,0.00013026506,0.011475422,-0.034245078,-0.061573394,0.007718542,0.002023654,0.008656361,0.02019209,0.039496794,-0.0033433929,-0.014206475,0.036553495,-0.019688606,0.043565884,-0.016228227,0.012907572,0.008256491,0.05828675,-0.0007078503,0.013028526,0.03204912,0.023353036,0.028120276,-0.00040392784,0.058421683,0.052824274,0.022033134,0.004872569
-0.0124033615,-0.026769174,-0.03513813,-0.07373277,0.06261304,-0.015946781,-0.056148265,-0.0063766073,0.07176495,0.057878386,0.024332117,0.058732986,0.012926934,-0.0164561,0.003429736,0.053226072,-0.0051824637,-0.05360327,0.0016041565,0.07044902,0.014003234,-0.031217095,-0.035225797,0.036947664,0.022388533,-0.058132276,-0.044802018,0.06221751,0.014275094,-0.068327434,0.0077965027,0.03925609
0.049310468,-0.010696276,0.025401775,-0.030591277,0.0073004225,-0.01393464,0.06718037,-0.0055352366,0.043943476,0.007701035,-0.084649645,0.054407444,0.0036505305,-0.00035440785,0.05442282,-0.046578817,0.0044421633,0.00761113,0.0416769,0.0036383844,0.008389151,-0.009983156,0.05488581,0.03612981,0.0693794,0.052926183,0.05558414,-0.05735118,-0.009674334,0.06459562,0.070849285,0.051111203
0.007172209,-0.016478324,-0.03658115,0.05499897,-0.001784349,-0.06125264,0.028607372,0.048292257,-0.028333668,-0.060914334,-0.01915404,-0.0032384968,0.031814262,0.05003299,-0.057034567,-0.04408186,0.012353749,-0.017881002,0.043143902,-0.018648176,-0.008593988,-0.042413175,0.015371213,-0.02131741,-0.025754008,-0.028691655,0.0017181259,-0.0031279097,-0.018545385,-0.036060844,-0.029851919,-0.037547328
0.05227212,0.043806322,0.019226562,0.04063392,0.052078586,0.07891335,0.040194716,-0.0149433315,0.022276154,-0.030836625,0.03910624,-0.024688885,0.025055254,0.045225583,0.060769655,-0.017557057,-0.056701906,0.080547184,-0.003281357,-0.02254442,0.068943635,0.047393557,0.06815282,0.027634952,0.036938585,0.080339566,-0.028787566,0.058770023,0.041581273,0.033224966,0.005013753,0.067737035
0.0063152453,-0.03214699,-0.050804242,-0.028885975,-0.053276144,-0.04520006,-0.03684119,0.05845973,0.0388339,-0.054048393,0.0076254536,-0.047460433,-0.052731317,-0.0158014,0.0010500653,-0.03191959,-0.07254152,-0.03596014,-0.031098448,-0.035791487,-0.028191922,0.014805109,0.00676564,-0.043408748,-0.0077125863,-0.020635849,-0.058956247,-0.051812228,-0.048399527,-0.05524978,-0.05347124,-0.035781216
0.08876996,0.011036548,0.0024578134,-0.04989908,-0.031009512,0.03329623,0.0027650476,-0.008247605,0.065694265,0.07672181,-0.05050497,0.009115155,-0.053930566,-0.070724085,-0.040321324,0.08326102,0.08762931,0.027451359,0.08737293,0.021521252,0.082729205,-0.06491108,0.0774255,0.09195242,0.073940404,0.07694229,0.08307501,0.025269654,-0.040921487,-0.0661855,0.07851937,0.07516019
0.055858966,-0.011706939,-0.031110689,0.040551357,0.012132882,-0.03780318,0.03189054,0.017764043,0.04909731,-0.04551858,0.024496317,-0.008363599,-0.054121215,-0.01154497,-0.07099864,-0.028212061,0.050189815,-0.027290113,0.04644729,-0.04521783,-0.009960275,-0.00021212031,-0.009415464,-0.034449182,-0.026490176,-0.04724925,-0.019204674,-0.05941294,-0.036576282,-0.05658405,-0.06797687,0.021346819
0.029293863,-0.018947706,0.014233594,-0.042983126,0.014046307,0.016753893,-0.016765488,-0.093953505,-0.052491188,-0.03191217,-0.045718893,-0.06314445,0.047589652,0.03289343,-0.041612975,-0.015853178,-0.061955363,0.050566573,0.03985063,-0.06586536,-0.0024765145,0.031820603,-0.0038754283,-0.00017825185,-0.0077717905,-0.017736787,-0.019114457,0.029767457,0.006177186,0.006538587,-0.045892145,0.008030812
-0.0025244486,-0.070690185,-0.048269648,0.015967984,-0.061829515,0.02239411,-0.010720917,-0.06409886,-0.03082494,-0.032374695,0.026443994,0.039824404,-0.016821722,0.008570493,-0.027645849,0.026747197,0.024273546,0.0059120753,0.0007667983,-0.012201562,0.04262493,0.02891202,-0.023454864,0.031150036,0.04062999,-0.005542124,0.018073196,-0.050770875,-0.020656563,0.043345667,0.0027829502,-0.071404174
0.012150293,0.054421224,0.06832708,-0.06553951,0.080973744,0.08232294,0.05367262,0.03782807,0.045328364,0.044078365,0.0024860357,0.072734304,0.06962394,0.0233773,0.016378606,0.01850907,0.029161932,0.023204034,0.032009978,0.025047682,0.054181274,0.06819171,0.0750309,0.0557555,0.035001416,0.058553927,0.06889974,0.072922915,0.07251651,0.06337387,-0.031804644,0.079089776
-0.027118975,-0.019057723,-0.011215135,0.008688694,-0.034757286,0.012096231,-0.04744766,-0.03638328,-0.071590185,-0.021235919,0.010934256,-0.055389825,0.0048594624,-0.06527096,0.0046615936,-0.0009106809,-0.026303327,-0.06267615,0.029639829,0.017087469,-0.00838901,-0.036727905,-0.006079297,-0.00794305,0.006420166,-0.030542722,-0.044593353,-0.041276958,-0.06496548,-0.04197504,-0.015719032,-0.023655292
-0.07361049,-0.022757035,-0.06662137,-0.040942788,-0.047693543,-0.027267812,-0.038857576,8.57615e-05,-0.008774717,-0.05427739,-0.017524606,-0.06940951,-0.037711665,-0.06941787,0.019274106,-0.07733226,-0.033044785,-0.04682352,-0.064422324,-0.03318492,-0.017210323,-0.019144142,-0.060155705,-0.029497104,-0.04605833,-0.05962,-0.07345367,-0.06785831,-0.07353788,-0.04760196,-0.05473782,-0.05623337
0.021883681,-0.03358085,-0.03102888,0.056780078,0.022512944,-0.06375027,-0.03421836,-0.0717492,-0.024101688,-0.035423778,0.0030025316,-0.022719728,0.0044974023,0.023104934,0.010509466,-0.05695203,-0.061397538,0.0022910435,-0.0063674226,0.010850354,-0.04994653,0.025639653,0.007181299,-0.05798299,0.04329343,0.057210326,0.021473298,-0.03864649,-0.006411028,-0.06251618,0.02103141,0.017917292
-0.060171966,-0.030179897,-0.045310345,-0.0065474072,-0.010229659,-0.018131398,-0.0024721154,0.02638607,-0.04194723,-0.06458038,-0.07208202,-0.046906866,-0.047320645,-0.029038228,-0.05625887,-0.024818854,-0.06373111,-0.04485412,-0.04146775,-0.04333049,-0.006654317,-0.04842052,-0.068696976,-0.011987815,-0.049100794,-0.06692523,-0.04088237,-0.030947773,-0.060469083,-0.054807156,-0.038435698,-0.06990878
0.05707557,-0.028652277,0.013250872,0.00195437,0.03961543,-0.028694062,0.03860554,-0.020029686,0.015496618,0.0018001829,-0.011362781,-0.055716883,0.020769455,-0.023966597,0.019835819,-0.038451757,-0.018564384,-0.0047269203,-0.023724018,0.00683535,-0.057690732,0.0062361225,0.042253204,-0.017967291,-0.05267331,0.05588944,-0.06757048,-0.037192006,0.029185554,-0.024002949,-0.022839235,0.03256062
-0.05234596,-0.024447026,0.009921845,-0.012180113,0.023794912,-0.009837999,-0.011196356,0.0038270208,0.07550556,-0.055816513,-0.01856624,0.058368295,-0.06823504,0.0338882,0.036142074,0.023506781,0.06399201,0.017249621,-0.03862306,0.037172362,0.04387299,-0.0791086,0.021394337,0.02806792,0.07641106,0.0107840495,0.0059465263,-0.040287003,-0.023207089,0.027209682,0.045860946,0.031206466
-0.022688866,0.044649348,0.029458389,0.043149937,0.034074444,0.009678718,0.06780548,0.047141593,-0.019654911,0.027681865,0.008982745,0.04635984,0.023022646,0.017915055,-0.002974507,0.055202752,0.028671576,0.014592683,0.052602015,0.05416684,0.054082926,-0.056281015,-0.047601756,0.050769556,0.0014793113,-0.007381832,0.04307377,0.05338371,0.032306172,0.03276608,0.03235782,-0.024759654
-0.013338587,0.0038910366,-0.012041923,-0.0032559829,0.059202366,-0.032861173,-0.0625782,-0.013590215,0.06175611,0.030811533,-0.07816954,0.010784375,-0.05779951,-0.027869444,0.026131542,0.009010661,-0.06786348,0.018642552,-0.014383803,0.07260763,0.023695517,-0.014250643,0.06070665,-0.011037509,-0.065257095,0.043075535,0.030005548,0.02672964,-0.06399634,-0.041114897,-0.03299215,0.014552063
0.0038562159,0.010523089,-0.0005015331,0.0210492,0.03287017,0.008764825,0.055857632,0.023843259,-0.012116261,-0.011713755,-0.07909677,0.022317868,0.04151487,0.061566684,0.04826738,0.014970421,0.022768376,0.06418333,-0.011846068,-0.009684136,0.045576394,0.034473825,-0.004426265,0.047383387,-0.055412605,-0.007821102,0.0037095568,0.049325828,-0.05619617,0.06909414,0.019448863,-0.03781306
-0.06782075,-0.060702257,-0.074849255,0.0059726727,-0.06186112,-0.05771293,-0.019154593,-0.07685853,-0.04369745,0.0009397872,-0.06202713,-0.018671809,-0.0024032872,0.03199399,-0.035363935,0.007924288,-0.03981004,0.024311062,-0.026155759,-0.044810843,-7.071715e-05,0.0492262,0.060447574,-0.06413023,-0.014139234,-0.037369598,0.047305647,-0.009572305,-0.0714973,-0.0012121169,-0.06680955,0.02998469
-0.02160475,0.015429704,0.024645273,0.04725306,-0.043440163,0.028089797,-0.017196175,0.040659033,-0.005817939,0.007183475,-0.08113899,-0.053362265,0.0059300656,-0.005727713,0.021268718,-0.009622816,-0.030389827,0.0020226121,-0.031286325,0.021560272,-0.011868347,-0.00249078,0.024568645,0.00736658,-0.05513354,-0.00059737836,0.013452177,0.014116982,0.022297053,0.019758914,0.036508955,-0.0014143584
0.08035006,0.07299569,0.026465422,0.06768129,0.04956621,0.05518251,0.08165155,-0.08066579,0.0008071985,0.052097436,0.05028378,0.034557372,0.04424877,0.055531975,0.04246028,0.05121516,0.032094732,-0.011051848,0.057131574,0.06801829,0.023407176,0.020087443,0.046109736,0.07299164,0.017648267,0.041932873,0.03624658,0.044203065,0.05628783,0.0334368,0.029383479,0.032702707
-0.009555509,-0.025594572,-0.02153474,-0.034439728,-0.06418582,-0.013861006,-0.08502195,0.0019331896,-0.020608533,0.04790954,-0.08675328,-0.061543982,-0.023457387,-0.015102335,-0.07449619,0.016137583,-0.030227298,0.029799953,-0.019143997,0.03443965,-0.01833151,-0.009841679,0.011367234,-0.040246386,-0.01962428,0.068971954,0.022146724,0.042155445,0.031308904,-0.04863792,-0.008770107,0.02743352
0.051490065,0.03672701,-0.046012092,0.037163176,0.016156802,0.066084616,0.05029252,0.03255746,0.061973386,0.06787999,0.0010106288,-0.0010368644,0.0379763,0.016106904,0.046300065,0.02731989,0.077841036,0.056749932,0.04943324,0.06171592,0.053110637,-0.008785739,0.04969881,0.062129434,0.021500804,-0.04152544,0.025324073,0.06684431,-0.035423864,0.012990267,0.031235693,0.052971132
-0.03650091,0.04510203,0.0508102,-0.050090093,0.05629528,0.06753763,0.012538033,-0.03587881,-0.06915441,-0.0046118866,0.0038649458,-0.04106966,0.06483143,0.03492459,0.060798112,0.044394493,-9.781262e-05,0.08988294,-0.047412608,0.051202428,0.04606297,0.018078374,0.045846473,-0.040823434,-0.018806424,0.015353216,0.00065694295,0.06592417,0.007240997,0.06285206,-0.06287284,0.05903619
-0.07463339,0.05953164,0.011066563,-0.058102116,0.06972704,0.07595363,0.074476235,0.032772075,0.007633689,0.0071212184,-0.010473171,0.050813112,0.031022638,0.0020178703,0.06752549,-0.028703481,0.009581252,-0.057793487,-0.046249233,0.031674314,0.020601042,0.012315663,-0.06418707,-0.04335125,0.00378282,0.043161094,-0.033409838,-0.038912747,0.03850754,-0.058478225,-0.012463163,0.04991313
0.03641825,0.06302674,0.0038733275,0.06874159,0.06717894,-0.025344709,0.0467919,-0.079810366,0.022594469,0.068945125,0.0067177764,0.03267897,0.031026715,0.06612602,0.059759036,0.064035974,0.009858043,0.018219998,0.034036003,0.06874935,0.03783451,-0.036653254,0.047197744,0.028955404,0.046675444,0.041377075,0.060479898,0.024677886,0.030781524,0.06355272,0.029421778,0.022962037
-0.010045951,-0.009677576,-0.0054911342,0.06910187,0.06506791,0.01516007,0.025956584,0.04113283,-0.018898977,0.009549312,-0.00022042303,-0.062001668,0.05208397,0.034990307,0.007746414,0.07784962,0.070334285,-0.003784239,-0.016754258,0.0041877306,0.09011856,0.045552578,-0.013406497,0.014776411,0.060467154,0.037036695,0.07264656,0.07800944,0.07942173,0.060754478,0.06436462,0.07709666
0.013178687,-0.005670579,0.004023794,0.033430528,0.05406471,-0.039442714,-0.051166415,-0.019539768,0.07521304,0.034938674,0.028967531,0.05747765,-0.029394582,0.048165742,0.027348502,-0.026907846,0.041631386,0.032982484,0.016226247,-0.0018760948,0.021122169,-0.012779009,0.06365049,-0.042965587,-0.05849258,0.010776272,0.010641312,-0.012912563,0.044560667,-0.025674446,-0.009428843,0.0631491
0.06721925,0.0785136,0.07521275,0.06926922,0.071555436,0.07506574,0.080260865,0.087805,0.06336552,0.032684878,0.093024,0.028060704,0.06639392,0.082259275,0.071882,0.060417708,0.06218967,0.024153775,0.052208908,0.06367513,0.07757776,0.07334745,0.05593857,0.08919334,0.026726242,0.073007435,0.030438447,0.034161124,0.0675175,0.03127444,0.048506595,0.06444083
-0.051764242,-0.039291516,-0.031281307,-0.040093742,-0.024684247,-0.013552398,-0.051278867,-0.052108113,-0.056441978,-0.006542754,-0.07268348,-0.00875878,-0.063793525,-0.016805213,-0.06214967,-0.03439747,-0.03737018,-0.04636129,-0.00068253145,-0.014279982,-0.07098751,-0.06849302,-0.019638905,-0.03164031,-0.061960343,-0.0698666,-0.052134793,-0.039854012,-0.045195673,-0.026271757,-0.027062442,-0.034198582
0.013499342,0.048148777,0.069126174,-0.007044219,0.06270245,0.067713514,-0.041990392,0.03909998,0.01779968,0.048120733,0.015210695,-0.05105428,-0.04347587,-0.06451389,0.07843517,-0.03201072,0.04263566,-0.018667074,-0.020097308,-0.04655192,-0.05322771,-0.0038424172,-0.045821458,-0.039566256,-0.00310398,-0.0026881676,-0.06840589,-0.04436358,-0.07535957,-0.03261777,-0.00022084014,-0.075211264
-0.031000419,-0.08700966,-0.086131886,0.001492464,-0.08809495,-0.021564998,-0.0670423,-0.055260945,-0.026270617,-0.07124206,-0.079543434,-0.05908947,-0.077858806,-0.085291184,-0.06351345,0.035977453,0.004617795,-0.08559071,-0.025102038,-0.06704721,-0.055624485,-0.077599764,-0.021737985,-0.018496206,-0.045707718,-0.08149189,-0.071741395,-0.058027066,-0.053572826,-0.055080358,-0.011912087,-0.07126579
0.012689584,0.05884269,0.05572786,-0.06063962,0.006668201,0.058989134,-0.048016373,0.003750441,-0.01750375,0.069110334,-0.017890465,0.06252608,0.074130215,-0.020712605,0.05204308,0.06441589,0.027065685,-0.031625886,-0.03240722,0.07814085,0.03423478,0.009026928,-0.053651024,0.051822964,-0.04577484,-0.039980754,0.055336386,-0.018351177,0.023996463,-0.06754332,-0.060111962,0.038642384
-0.054617696,-0.020063255,0.034248848,0.038088493,-0.03400065,-0.03849646,-0.062361192,-0.033310745,-0.051830407,-0.047853973,0.03190556,-0.018415058,0.011937107,-0.026103077,0.0033564372,0.014400381,0.054360118,-0.07240556,-0.03921208,-0.03354976,-0.043899454,-0.02877734,-0.07304485,0.06201741,-0.013926334,0.002650866,0.009406552,-0.01944686,-0.011286283,-0.05824077,-0.007038633,-0.0062337634
-0.043204863,0.00871787,-0.028908907,-0.04970536,-0.006884427,-0.03836761,0.0019518317,0.053926952,0.042880412,0.044474587,0.012954327,-0.0105554275,-0.0026955726,-0.044223625,0.03828204,0.02131123,-0.0051555736,0.03563566,-0.053886503,-0.019958239,-0.013296528,0.0032124943,-0.03536282,-0.0402498,0.013641234,-0.022018261,0.005672064,0.0075736926,-0.053160146,-0.029374545,0.033510525,-0.060640123
0.038175233,-0.010298564,0.037609298,-0.049260773,-0.042434562,-0.060350437,0.06391007,-0.04452899,0.0013232101,0.04933887,-0.052773084,0.042744238,-0.053320512,0.010725559,0.027718347,0.018571015,0.049010463,-0.025983116,0.0067293122,0.038437124,-0.056112695,-0.07293066,0.05441048,-0.04615678,0.048529696,-0.044093225,0.0055814744,0.033582516,0.021048723,-0.06892896,-0.027574353,0.025063634
0.061994683,0.06014136,0.03788919,0.07031979,0.066150635,0.056800682,0.06339314,0.05738427,0.06445259,0.072748214,0.06607383,0.066045105,0.06046851,0.051639155,0.0770567,0.062840424,0.06628137,0.05044006,0.07262267,0.059489697,0.060998656,0.05113067,0.048867427,0.04194206,0.058396563,0.043017946,0.065680556,0.034297053,0.064470895,0.054185927,0.06314518,0.07173332
-0.029584022,0.06219083,0.03213217,0.06957252,0.054511644,0.030729147,0.02328055,0.0049256077,0.05830392,0.014140256,0.0025085914,0.05724861,-0.004886514,0.07323913,0.026276847,0.014835221,0.032802258,0.077890955,-0.057420157,-0.004496447,0.042608056,-0.012934187,0.04982415,0.06683852,0.008619726,0.060633365,-0.001038357,-0.037119716,0.06183261,0.043422047,0.06714734,0.044773307
-0.014544278,-0.029216846,-0.027515855,0.049448133,-0.016690224,0.029305361,-0.069668435,0.0730453,-0.051611643,-0.05169473,0.027275834,-0.0005421165,-0.025843931,-0.08083763,-0.049701165,-0.023211021,-0.010530812,-0.020399554,-0.0316827,0.010059566,-0.05629798,-0.079736106,-0.046341266,-0.056487847,-0.0041215722,-0.07271807,0.009647241,-0.017371265,0.021401642,-0.05439887,-0.05159609,-0.03579555
-0.02577174,0.05709966,0.0072035384,0.020847602,0.01002597,0.03150848,0.0412948,-0.078711905,-0.05386534,-0.04898521,-0.03994264,-0.0059971046,0.0026287376,0.051635016,0.027119862,-0.0043835375,0.0036205607,0.02153373,0.025352977,0.027333552,0.013841569,0.00084818323,-0.006142207,0.042786296,0.0104837185,0.0037165282,0.037443448,0.02508738,-0.0049970937,-0.009084084,0.007604493,0.00018835506
-0.038343593,-0.004775872,0.028041061,0.025737932,0.011170392,0.008475883,-0.025080139,0.0563817,0.007082267,-0.03528069,-0.025297528,0.022109643,0.014132156,-0.029784782,-0.0136344135,0.039289203,0.0077440464,0.03428003,-0.003423214,-0.043832637,-0.005856855,-0.03539994,-0.039180133,0.037676234,0.019439334,-0.030820219,-0.048232067,-0.00888874,-0.03067836,0.033785027,0.03543034,0.027498318
0.033942755,0.015559772,0.032415263,0.0014959697,0.0072956323,-0.0017929126,-0.04847524,-0.023483118,0.049531348,-0.02050245,-0.049492806,0.0005342996,0.01306835,0.05817407,-0.026702406,0.05380199,0.045220286,0.024589755,-0.014579466,0.07331661,0.044635646,0.067330986,0.012074669,0.048880056,-0.017543199,0.02775551,0.07241657,0.046444226,-0.056704,0.009628222,0.053985294,-0.022462845
-0.027116487,-0.044061158,-0.024237595,0.027663296,-0.052654296,0.04424468,0.032344196,0.019727107,0.0020205823,0.047543187,-0.042642668,0.02276243,-0.0025578144,-0.009870374,-0.06267981,0.05290989,0.015746959,-0.041995447,0.011657386,0.008798836,0.005721493,-0.037911426,-0.07228426,0.03984048,0.0024262017,0.04686437,-0.04112677,0.03466898,0.051381387,0.044343505,0.06130811,-0.005285694
-0.0058631287,-0.032687683,-0.029868953,-0.039293285,0.0056149345,-0.023161026,-0.015473393,0.07921453,-0.030717237,-0.076238014,0.0092517445,0.011140456,-0.0030684092,-0.009911264,-0.061315335,-0.026651261,0.0036097001,0.01321306,0.057417974,-0.019522447,-0.009006178,-0.06462823,-0.00915835,0.018214244,0.031944614,-0.04293094,-0.051753975,-0.006523397,-0.018222466,0.036143288,0.028113224,0.014374192
-0.0060024844,0.06269844,0.038184226,0.066145025,0.018562017,0.046108924,0.059124596,0.021654073,-0.017416425,0.067972966,-0.07005153,-0.061192863,0.003093808,0.06538453,-0.0619081,0.07791837,0.027385531,-0.020956855,0.03239346,0.044154864,0.06218057,-0.001521624,0.071284264,0.042877577,0.019455303,0.028225096,0.06605594,0.072609596,0.036197297,0.011615234,0.03019965,0.062338617
-0.03453178,-0.022872642,0.0069461386,-0.028011188,0.018736646,0.008352122,-0.031683873,0.03103391,0.024594327,0.011590458,0.07746212,-0.037518535,0.041324764,-0.058087688,0.0035979555,0.007518053,0.040049598,-0.044141985,-0.03910134,-0.047379557,0.01102952,0.05210479,0.05508803,-0.025334036,0.011521809,0.0322079,0.047658503,-0.051833548,0.03719259,-0.034202687,0.0672365,0.027196342
-0.03856246,0.0077290665,-0.08901425,0.060942955,0.023401411,-0.023913033,0.0023841192,-0.04124614,-0.049292117,-0.07653859,-0.04088254,-0.046548367,-0.07629288,0.01788309,-0.014501202,-0.046566747,0.0068174135,-0.08112735,-0.05805376,0.005820692,-0.08427194,-0.05735603,-0.058903374,-0.075109996,-0.060835164,-0.07028976,-0.073657036,-0.06326638,-0.079914875,-0.054196365,-0.07596703,-0.040808573
-0.03473704,0.011493671,-0.04317625,-0.030788874,-0.037956372,-0.048949443,-0.060616218,0.0064216326,0.00073680165,-0.03697017,0.010448586,-0.012008058,-0.02333615,-0.07126046,0.05972233,-0.028564617,-0.009115923,-0.01700208,-0.06321931,-0.035347275,-0.02105085,0.0027167632,0.06884171,-0.021579368,-0.027878653,0.02979783,-0.054476183,-0.050084893,-0.05580959,-0.00901553,0.07408681,-0.023622293
-0.016501393,0.020985188,-0.076483645,-0.010655038,-0.040525217,0.0038685065,-0.024757922,-0.040392704,-0.04825116,-0.05895649,-0.08519497,0.048003823,-0.06120801,-0.068593726,-0.038746044,-0.0032602695,-0.060814396,-0.033492204,0.00633438,-0.053481497,-0.012637487,-0.014092131,-0.07368361,0.015737757,-0.06870063,0.008523353,-0.07331206,-0.05315995,-0.039395493,-0.06624305,0.004201181,-0.06852777
-0.048163142,-0.04154958,-0.053479563,-0.046796586,-0.04041165,-0.018360568,-0.047822952,-0.083688326,-0.038055457,-0.046498314,0.03985315,-0.04162713,-0.06046114,-0.038496323,-0.013712337,-0.043021485,-0.008643591,-0.024021648,-0.019911848,-0.06738155,-0.038130373,-0.00840413,-0.030903498,-0.05720899,-0.036347635,-0.021510819,-0.030446578,-0.028281363,-0.025406431,-0.068946816,-0.030450521,-0.004468963
0.07770068,0.05505068,0.061188947,0.06456593,0.04914286,0.04365427,0.044090245,-0.082795605,0.07345377,0.07636267,-0.001065451,0.06272908,0.0027315826,0.016894437,0.07611384,0.06811828,0.045769352,0.06255683,0.068253644,0.07642501,0.06290412,-0.0027008643,0.08225094,-0.010433391,0.05737315,0.054653477,0.07714072,0.070763975,0.044924628,0.0750284,0.061440278,0.07947638
-0.0041086636,-0.04640509,-0.062317874,-0.022810502,-0.06851021,-0.051313605,0.019898634,-0.047125526,-0.07386636,-0.066093765,-0.055793215,-0.03793756,0.008965975,-0.06755341,-0.029995868,-0.05552193,-0.050844766,-0.016751314,-0.0105729345,-0.01514999,-0.05984689,-0.016594945,0.051405217,0.008480118,-0.041562553,0.07349229,0.032514933,-0.044504385,0.02120304,0.019329634,0.021668235,-0.059345957
0.05021768,0.07026311,0.0519275,0.06420989,0.060525108,0.053118438,0.020444,0.07543204,0.05528065,0.0637455,0.08075863,0.06447581,0.036601234,0.008483108,0.068118505,0.048974197,0.07085259,0.05208441,0.041690852,0.05444368,0.041465845,0.030605784,0.02652331,0.009199854,0.03958363,0.06216699,0.060785696,0.07133721,0.054858226,0.011934231,0.043711126,0.07896971
0.049147196,0.03735451,0.03438251,0.04171147,0.03416803,0.005714175,0.00912238,0.044306047,0.03211501,0.034599707,0.056815166,0.072460406,0.010327175,-0.027799027,0.032937817,-8.035902e-05,0.024234133,-0.05792089,0.039222285,0.04658117,0.017970586,0.02824367,0.015474623,0.043112993,0.004368379,0.028720316,-0.0012506878,0.0059221275,-0.0075873756,0.034298446,-0.003967077,-0.0083438875
-0.06227546,-0.018277038,0.062221363,-0.05884858,-0.013854118,-0.035957962,-0.0035881219,0.0053990767,-0.018187745,-0.026818778,0.03466655,-0.023151375,-0.044889346,0.021962738,-0.070406094,0.030047348,-0.058272164,0.07624552,-0.041679163,-0.055116065,-0.008098083,-0.06337834,-0.008406308,-0.06826056,0.016792258,0.08033126,-0.04177838,-0.016439283,0.022567794,-0.009281177,0.02474274,0.022787092
-0.067255236,0.07950495,-0.0204725,-0.029352114,0.06786025,-0.024499888,-0.04655351,0.025055893,0.038119096,0.034259845,0.00784486,0.069408655,0.00056962454,-0.022345595,0.051997453,-0.017134508,-0.023307608,0.012111183,-0.052642424,0.011692494,0.018230008,0.024396751,-0.040056307,0.034860585,-0.05258492,0.017379975,-0.07308556,0.0080626,0.03584083,-0.0619013,-0.025588142,0.021983411
0.009984705,0.007064776,-0.08668946,-0.012211947,-0.001727803,0.023249587,-0.017783327,-0.047006637,-0.06744307,-0.04190567,0.044136517,-0.060656227,0.049947638,0.01948955,0.011861601,-0.042022787,0.0045434404,-0.0024074155,0.0013383636,0.003299898,0.06694776,0.05493382,-0.044064905,0.026357487,-0.059363663,-0.030199472,-0.03707709,0.03529532,0.042909548,0.00561117,0.019454956,0.029664958
-0.005277801,-0.024776923,-0.07989315,0.017724466,0.01001046,-0.048281346,-0.009755243,-0.00049391435,-0.012028708,0.033926368,-0.0047534574,0.039103262,-0.06086308,-0.022809507,-0.05369896,0.015781239,-0.028562667,-0.018799951,0.02489274,-0.05738999,-0.046937805,0.013088574,0.016656188,-0.06471724,0.05691451,-0.04775625,0.036958944,0.0057009165,0.027173473,-0.026038611,0.017387548,-0.011574244
0.01813001,-0.038574018,-0.015625097,-0.022734284,-0.036664672,-0.05211765,0.040021945,-0.042414878,-0.016135003,0.016359381,0.023731688,-0.055279244,-0.044328716,-0.024058262,-0.017276432,-0.030087223,0.033225477,-0.044118572,-0.01776175,-0.01458375,-0.031141335,-0.03757348,0.023476062,-0.046730716,0.0024700596,-0.05026925,-0.04393289,-0.045540776,-0.035544872,0.035290807,0.041908856,0.0023851462
-0.056754056,0.04950023,-0.02428979,-0.05070237,-0.03706808,-0.0673559,-0.0559996,-0.06450316,-0.05200541,0.043926686,-0.06091857,-0.07073635,-0.07302468,0.07042774,0.063820764,-0.0026493361,-0.055857748,-0.04836699,-0.060118027,-0.0179412,0.028628357,-0.05635112,0.0020782242,-0.070689425,0.019030938,-0.0226757,-0.0091030495,0.059091873,0.04987026,-0.077267624,-0.023168422,0.019756049
0.046581503,-0.021812461,-0.04096246,-0.026051058,-0.07754026,-0.056901343,-0.019409891,0.06694604,-0.0032959667,-0.0055744424,-0.058174036,-0.0021265,-0.036668003,-0.026510742,-0.052698743,-0.06912022,-0.027594117,-0.060268924,-0.02318344,-0.023572603,-0.03888802,0.02689721,-0.038962763,-0.07306967,-0.048287194,-0.036799118,-0.033102695,-0.07318166,-0.031647973,-0.05466341,-0.023121938,-0.043182846
-0.027158627,0.020828662,-0.02772564,-0.032804206,-0.07236854,-0.044307858,0.022273444,0.02489828,-0.04431282,0.024759265,0.059844732,0.016062532,-0.044839147,0.051360004,-0.054064468,0.049595784,0.013233343,-0.0154856965,-0.023718378,-0.0037243029,0.039172538,-0.065638095,0.04748571,-0.026813064,-0.006929409,-0.022151062,0.0072447513,0.027336782,-0.06739335,-0.0027759366,0.005511449,0.0024834808
0.02877011,-0.040166043,0.013707671,-0.06278441,0.029335605,0.003551883,-0.01114646,-0.00024726285,0.02261019,-0.030602908,0.037717022,0.05539108,-0.00023491505,0.036874868,0.03306911,-0.056920618,0.04851529,-0.04496536,0.0023696544,0.0029362931,0.046301313,-0.029486958,-0.05450045,0.044257082,0.017442385,-0.004832448,0.00057429186,-0.011777933,-0.0021788764,0.067542166,0.07672722,0.015938124
0.026846608,0.058070045,0.022534369,0.061945964,0.07915702,0.073073156,-0.061413202,0.020500042,0.027287109,0.06994066,0.00045827692,0.04592684,0.009617874,0.0723267,0.062280368,0.07297855,-0.026480163,0.06222508,0.05971105,0.080455236,0.04332766,0.044024933,-0.0054092775,0.008927793,0.052674275,0.071468905,0.04960287,0.07695565,-0.026028367,0.05866738,0.039408207,0.030374445
0.041973412,0.025517587,-0.0068873246,-0.01148677,0.006476273,0.026781904,0.066782646,0.027101593,0.039005257,-0.014584564,0.00601412,0.033990514,-0.0034747734,-0.0010005974,0.0037471845,-0.059057433,-0.01655338,-0.03717504,0.03800652,0.036904056,-0.016372835,0.054830175,0.041209128,-0.033034634,-0.0068423487,-0.056178067,-0.04896852,-0.012341877,-0.04289144,-0.006258732,0.010895498,-0.011846974
-0.022890026,0.05041707,-0.04933991,-0.06995019,-0.0078103114,0.028293278,-0.024924804,-0.030019391,-0.034791626,0.03488483,-0.047764737,0.037012022,0.038173217,-0.064956605,0.054103877,-0.0048746946,0.01916897,-0.017148703,-0.03479424,-0.021477733,-0.009651038,0.056243304,-0.010466418,-0.033030715,-0.023059126,0.05383463,-0.04811927,-0.028085846,-0.004164201,-0.002539654,0.042807616,0.037744246
-0.023567965,0.004037266,-0.022006031,-0.028108165,-0.017065914,-0.0042645573,-0.057876658,-0.015705146,-0.08124237,-0.031187624,0.022452494,0.015004433,-0.034472518,-0.012637589,0.0007238444,-0.02690095,0.022890572,-0.07295018,-0.020462409,-0.06052399,-0.004068049,0.025870718,-0.0085318405,0.0092973905,0.01456587,0.020297145,0.0110460445,-0.009262405,0.024853092,-0.03095309,0.045229737,-0.019580927
-0.059660625,-0.028938325,-0.049330782,-0.025622625,-0.045420226,-0.008482249,0.0041346927,-0.04923328,-0.036167182,0.015414504,-0.02395428,0.028404444,-0.075180985,0.06555795,-0.06262283,-0.050184783,-0.029680824,-0.022184828,-0.05554528,-0.053818703,0.008475787,-0.05789893,-0.07140893,-0.08588357,-0.03135496,-0.0073117823,-0.07214012,-0.07244063,0.040876593,-0.010776536,-0.056218874,0.016749548
-0.06060912,-0.032655682,0.037155718,0.037835427,-0.031766277,-0.021987,-0.042096153,-0.04804998,0.035257462,0.018389884,-0.063046336,-0.0024004455,-0.007833093,0.025763705,-0.06486429,0.04491308,-0.042825207,-0.0039032921,-0.05958087,0.07850575,0.014041377,0.02434343,0.022426993,-0.02590196,-0.007392298,0.03653111,0.004383981,0.053172164,-0.033690378,-0.069826536,0.056948338,0.020514064
-0.044539705,-0.006149629,-0.019324942,-0.029397491,0.038062695,0.011100612,-0.07833235,-0.03893874,0.05102487,-0.020599393,-0.035566498,0.03129739,0.017916815,-0.03345837,0.044484593,0.03426129,-0.03894243,0.019122971,-0.08140344,-0.0398922,-0.004123731,0.047398664,-0.03624816,0.034293693,-0.04823458,0.014943308,0.0148927225,0.042914044,0.031080442,0.02541496,-0.031098804,-0.014608106
0.0643633,0.02801486,0.0645086,0.064807065,0.0061905794,0.05087252,0.014903687,-0.026314966,-0.038218316,0.07220502,-0.044517998,0.008203673,0.0412061,0.058802407,0.051424693,0.06003857,0.0549379,0.032892637,0.049226616,-0.039116573,0.04322107,0.05286521,0.036519926,0.044837195,-0.07029854,0.016686542,0.04860132,0.07906137,0.057928607,-0.055566505,0.041904498,0.04446644
0.0078123505,-0.0879422,0.0019573823,-0.06490538,-0.081088774,-0.032256067,0.07741989,-0.014665365,-0.017620478,0.040546596,0.05003255,-0.019292276,-0.002048354,0.039544236,-0.020637503,-0.07339701,0.03976991,-0.0016072354,0.04260923,-0.067377105,-0.059787195,0.04307292,-0.05135011,0.079431854,-0.021165485,-0.054074537,-0.012928097,-0.063897766,-0.0597254,-0.009293558,0.007921708,-0.005372229
0.01607815,0.02157589,-0.073697716,-0.0005135322,0.019403372,-0.057487626,-0.020226488,-0.049951084,0.034891307,-0.059755877,-0.033732213,0.059341025,-0.07920421,0.021639315,0.013297845,-0.075071804,-0.03238727,-0.004028347,0.013252788,-0.020436028,-0.049957234,-0.07996566,-0.051670004,-0.068897314,-0.029955462,0.0013286296,0.035174105,-0.05855222,-0.03443122,-0.047967587,-0.040576972,-0.055363417
0.07091306,-0.016998773,0.036057238,0.06360816,-0.019293858,-0.055321947,0.06595396,-0.037624743,0.031264696,0.028400196,-0.0015881006,-0.055785455,-0.03278001,-0.004396952,-0.037219666,0.016201422,-0.033823688,0.009331585,0.05601764,0.043921284,-0.026855398,0.008263477,0.033099025,-0.08041476,0.058548685,-0.0044708336,-0.024122402,0.035453953,-0.011134138,0.020398498,0.05329074,0.059916664
0.019602116,0.0070679523,-0.027041044,0.022223677,0.04378338,0.045416817,-0.025530156,-0.063228734,-0.025164697,0.022527764,-0.03921433,-0.019775504,0.08451514,0.044276185,0.03808438,0.025530532,0.009511929,0.052950744,0.04037877,0.060944695,0.03659589,0.07253951,0.0014288191,0.04468146,-0.017170293,0.06912524,0.06471679,0.07330779,0.061108813,-0.03570017,0.0028490622,0.06807811
0.0010459747,0.05642844,0.008782461,0.06507631,0.044209227,0.042617876,0.00970058,0.017957164,0.024449928,0.012597217,0.0421237,-0.0049513616,0.029299622,0.022303088,0.012944379,0.027053561,0.035673562,0.059035785,0.0006213099,0.002050981,0.07767989,-0.05753394,0.07848333,0.050270934,-0.050323702,0.055899933,0.049965184,0.035464928,0.05734392,0.052982148,0.054264605,0.059323106
0.023148628,-0.06607092,-0.044555634,-0.051706854,-0.07072783,-0.06104748,0.00541452,-0.02639488,0.0035845335,0.05086057,-0.05944232,-0.028266523,-0.06107627,-0.02402319,-0.05740272,-0.05039774,-0.025794774,-0.08209777,-0.049404778,-0.052791275,-0.0749482,0.013270916,-0.06782292,-0.043190006,-0.032189067,0.010527766,-0.068518646,-0.05773535,-0.055685945,-0.07234907,-0.007373794,-0.033098962
0.06349327,0.04721891,-0.06031308,0.070169546,0.05183383,0.02050266,0.05260909,-0.05649762,0.031967066,0.061199393,0.007818013,0.019653747,-0.008954026,0.048447005,0.053034935,-0.02355912,0.008190752,-0.04214074,0.0024164582,0.0717178,0.04698865,0.052855793,0.04667514,0.0029977772,0.026383948,0.025160607,0.05834983,0.02556889,0.047920886,0.05585589,-0.045371797,0.058759168
-0.011670866,-0.0018919755,-0.05987568,-0.022063669,0.066574864,0.049961153,0.011883455,-0.017465936,-0.041188907,0.017069368,0.034600966,-0.009801109,-0.013448517,-0.06866599,0.0027220247,-0.058596525,0.05947286,-0.05532321,-0.03116826,0.05232333,-0.020014422,-0.007932306,-0.059089344,0.014114635,0.025735332,-0.011381008,-0.015448288,0.026898876,-0.001742969,-0.04550275,0.04040966,0.016249519
-0.029462729,0.008326113,-0.07170597,0.041044943,-0.028287916,-0.0672981,-0.03376229,-0.09818352,-0.08155894,-0.0075742574,-0.04258434,0.03425957,-0.034177974,-0.06797276,-0.052324183,0.06112464,-0.05276498,-0.060808055,-0.042114932,0.01787793,0.008076908,-0.033268705,0.05582122,-0.021009086,0.056698214,-0.030441228,0.041391652,0.004523879,-0.055489942,-0.00252171,-0.07473595,0.026151827
0.03938442,0.044987768,0.014380418,0.03136525,0.002509758,0.017100979,0.060535625,-0.03512644,0.017317649,0.05775761,0.02219791,-0.038064413,-0.011573487,0.03481033,-0.022569522,0.07542636,0.00016725669,0.013501431,0.040447082,-0.017644359,0.06708856,-0.0028554695,0.06691703,0.048020333,0.04397604,0.055179656,0.019705052,0.062921956,0.05445076,0.02995849,0.044159252,-0.01843542
0.09057761,0.0832591,0.07149283,0.05734405,0.088277966,0.08199054,0.034463968,0.049888965,0.08260689,0.07706634,0.07424044,0.044185854,0.08540407,0.07831816,0.08062134,0.08136966,0.07965422,0.09074837,0.087196164,0.075798616,0.09411863,0.082257755,0.07848047,0.028984109,0.08185066,0.07640023,0.084530786,0.08108827,0.07398234,0.07616047,0.0756468,0.081201814
-0.005117933,0.005472305,0.01259056,-0.01004087,0.0055307313,-0.024878152,-0.006652496,0.008102134,0.02003756,0.021502651,-0.0022096199,0.03760218,-0.04898008,0.009454382,-0.012944903,0.0013342717,0.036678843,-0.03547615,0.0101460535,0.015166168,0.022134805,-0.03597104,0.001765299,-0.022816572,-0.028639646,-0.03271881,0.0257101,0.027876649,0.0278369,-0.011777174,0.051301308,0.0026975193
-0.057717126,-0.0031543092,-0.016516877,-0.06714514,-0.026204158,-0.007846567,0.031129532,0.054092053,0.072301365,0.028527172,-0.037847273,0.044943027,-0.009562891,-0.07153042,-0.026019782,-0.010636002,0.04105044,-0.011632018,-0.039359033,0.04307718,-0.010356709,-0.015762145,-0.011000643,0.0124681415,-0.036593404,0.043858618,-0.060908325,-0.032845397,-0.013455448,-0.055297483,0.07462076,0.031599212
0.03184705,-0.008033548,-0.009722215,-0.044222333,-0.06693182,-0.03304572,-0.06052541,-0.052859854,0.00978724,-0.06754749,-0.038539875,-0.07726132,-0.07309813,0.037336923,0.026902845,-0.023185262,0.015097565,0.03943027,0.021179795,0.059174173,0.02091911,-0.067628145,-0.027865482,-0.04050719,-0.07729867,-0.011247615,0.05653556,-0.02665588,-0.015493659,-0.003625516,0.04223338,0.015324954
0.01096038,-0.0043299957,0.042992353,0.06753419,0.035650335,0.055947967,0.0389652,-0.0027318809,0.017031437,-0.019823596,-0.010744577,-0.030762963,0.043572344,0.028680872,0.052856468,-0.03257545,-0.001089349,-0.02118725,0.0002597341,0.043724213,0.009619766,0.049642734,0.03130981,0.042355917,0.03424756,0.07623163,0.019154536,0.03214607,0.013090847,0.06813523,0.07266317,0.05868512
0.007407645,-0.003668251,0.017986711,0.037969805,-0.04748902,-0.027014025,0.028279187,-0.027163101,0.027263718,0.023980109,-0.053440608,0.006996711,-0.046273217,-0.022879222,-0.02520991,0.028163323,0.014528928,-0.027284306,0.008110875,0.033170924,-0.0033153063,-0.08478483,0.010978491,0.00047730186,0.0020235137,-0.04621055,0.06437656,-0.04698025,0.022282632,0.005047966,-0.022558736,-0.032987025
-0.058903474,-0.08211757,-0.053592272,-0.009176634,-0.06099303,0.02623879,-0.022237254,-0.023426065,-0.067461036,0.0051277583,-0.07369419,-0.04812129,0.025745401,0.04338131,0.07422851,0.006756662,0.06212885,-0.07803279,-0.04186841,-0.020392386,-0.05705069,-0.020363774,-0.01913181,0.035515513,-0.08032177,0.013644019,-0.064352214,-0.060588986,0.03151485,-0.014565644,-0.009770785,0.07356967
0.017284933,-0.03495369,-0.03824445,0.0711681,0.038715545,-0.054380007,0.06221374,-0.0033757393,0.05148924,-0.02998711,-0.037965056,0.02460794,0.048685256,-0.009420502,-0.033063672,-0.063732296,-0.02197334,0.051641922,0.019348992,0.054038584,0.059918135,0.052170824,0.08114881,-0.036079645,-0.06079253,-0.047355913,0.033442494,-0.015896237,0.030140722,0.020484308,-0.043811534,0.058131915
-0.0467027,-0.02054364,-0.044397287,-0.0338715,0.031240579,-0.038263824,0.025005879,-0.008444316,0.03539702,0.015147503,0.00924912,-0.009596411,-0.015246764,-0.013970578,0.06761608,-0.0546016,0.0008687396,0.0067007104,-0.04350719,-0.04718537,-0.047861233,0.024184572,0.0068135806,-0.038569476,-0.05710904,-0.062948465,-0.06941263,0.011084893,0.06450295,-0.030786725,-0.022454536,0.020792233
-0.019744484,-0.06704743,0.088465005,0.026173098,-0.02318342,-0.05803243,0.044373274,-0.00026357756,-0.0024862834,-0.0017764627,0.054182377,-0.03557416,-0.044129718,0.00961982,0.05876117,-0.005212868,-0.0708436,0.025902558,0.023209525,-0.06478186,-0.010255394,-0.0029437696,0.05156804,-0.041095894,-0.036352996,-0.0047696135,-0.010498241,-0.01605412,-0.03881756,-0.03790723,0.044721857,-0.05284247
0.03607716,0.036791775,0.02346801,0.073462866,0.039502986,0.06144994,0.08360442,-0.006380859,0.014212391,0.045016926,0.00077196356,0.019966096,0.061517008,0.086719826,0.0759769,0.076851115,0.07376162,0.06452601,0.033176024,0.04409225,0.06972565,0.07144484,0.04093984,0.07959798,0.038461067,0.083094925,0.06038954,0.07335152,0.05171938,0.07325211,0.07053159,0.028551837
-0.05306202,-0.042397127,-0.04612786,-0.06834047,-0.044363324,-0.058913223,-0.052021682,-0.08461623,-0.06574545,-0.054312892,-0.09281969,-0.08105328,-0.05994024,-0.07538519,-0.07710534,-0.041181806,-0.06015152,-0.081728704,-0.08427214,-0.079629496,-0.076727755,-0.0014732841,-0.044507157,-0.005366606,-0.07050286,-0.053482212,-0.033337586,-0.057339054,-0.021422056,-0.047474414,-0.04752959,-0.03778195
-0.09036425,0.0716798,0.045495804,-0.022535507,0.05312448,-0.022390176,-0.024885122,0.043894045,-0.04124535,-0.06762955,0.033304196,0.049317494,0.059894633,-0.06219571,0.06026063,-0.0812315,-0.08632515,0.0024376195,-0.087542936,-0.0491528,-0.06968226,0.04361972,0.0042082183,-0.0863768,-0.08326318,-0.012873309,-0.082699984,-0.057457842,0.034731403,0.043595992,-0.069658816,-0.06804947
0.073964305,0.0055314023,-0.03812818,-0.012651505,0.006407627,0.071991175,0.09066436,-0.013581921,0.02600507,0.06523735,0.0020944234,0.06255816,-0.014624261,0.056574892,-0.036607556,0.04730716,0.039388288,0.07848312,0.083940886,0.06313791,0.083913125,0.022728762,0.059281185,0.018633043,0.06922502,0.017418576,0.07531799,0.059508897,0.0047712023,0.057236068,0.06304575,0.051054783
-0.002819234,0.009678332,-0.042318568,-0.015073948,0.059702937,-0.04901103,-0.01266175,0.012441628,0.020996029,-0.05587779,0.090039745,0.04896845,-0.045514293,-0.037569873,-0.002908317,0.028437184,0.04252372,-0.053940687,0.010795562,0.038521536,-0.039774965,-0.064794526,0.05930803,-0.023133952,0.051648058,0.00833392,0.031583466,0.0231437,0.05573009,0.068691194,-0.0005238728,-0.04094323
-0.048876148,-0.011840248,-0.029984655,0.055376448,0.005692575,-0.017949723,0.0136657525,0.026428672,0.0046757087,0.0074733645,0.0038293642,-0.0030836612,0.043521386,0.03447121,0.017131347,0.04564625,-0.025777152,0.0510124,-0.041254405,0.031477947,0.017610645,0.025200402,-0.05274523,0.054875024,-0.0322361,0.023757461,0.008617101,0.027272329,0.06298324,-7.579574e-05,0.012772246,0.0051382473
-0.07248421,0.054125905,0.07580931,0.032601185,-0.012630219,-0.015758136,-0.013297488,-0.05874523,0.015653111,-0.004269138,0.06383089,-0.014065138,0.032672983,0.05841364,-0.011449007,0.021451477,0.0041144146,0.075652495,-0.06637253,0.023771105,0.06604684,0.052776273,0.018724233,0.015541766,0.043229915,0.0143621685,-0.023297546,0.030296385,0.07072763,-0.009933853,0.011431532,0.061443612
-0.006642699,-0.044815633,-0.025355414,-0.011223679,-0.015677975,0.069787174,-0.017173866,0.05260864,0.0046107853,0.016725965,0.01166004,0.026694989,0.038083747,-0.04871028,-0.031931058,0.014086656,0.025184488,0.0070276177,-0.022003448,-0.04550246,-0.009613039,0.017322248,-0.049186733,0.015452555,0.020911383,0.017603857,0.00053156924,0.025248634,-0.011560016,-0.035223402,-0.026156371,-0.013851795
-0.0014615271,-0.04078,-0.0590708,-0.04603797,0.067975126,-0.018065987,0.022775576,-0.08234736,0.021621274,-0.07693826,0.0054681576,0.07276474,-0.024081891,0.004899629,0.06405879,-0.057399724,-0.006780955,0.069204,0.014309594,0.05031392,0.0033677022,0.020968108,0.0771527,0.005350579,0.026417423,0.05735372,0.04636799,0.0447063,-0.012011975,0.0015922615,-0.05400456,0.047860544
0.055733655,0.021015964,0.0456163,0.028984359,0.06597051,0.080963224,0.010362221,0.05764052,0.0784302,-0.014704046,-0.022790069,-0.0017034478,0.032686733,0.050240394,0.055059846,-0.029466987,0.06424984,0.08364859,0.049585048,0.042166155,0.037293077,0.023894647,-0.0046606925,0.0862511,-0.054405186,0.07879596,0.031889036,0.0752813,-0.016964477,0.07782221,0.07619278,0.067784846
-0.06579159,0.0097313635,-0.04671283,-0.032707937,0.016131097,0.021159986,-0.032154158,0.03874906,-0.0015072933,0.04879715,-0.038381174,0.0119745815,-0.009781441,-0.019092936,-0.0072521186,0.058070917,0.005489655,-0.025684759,-0.037925538,0.037613574,0.04242888,0.030771662,0.01786544,0.009049881,-0.014687921,0.010848,0.028997866,0.02727502,-0.0082509,-0.01391138,0.02259116,-0.020015974
0.031591933,0.030637937,-0.008774818,0.006064201,-0.029883726,-0.012480829,0.01566617,-0.016770458,0.025251713,0.04634904,0.004778172,-0.004657401,0.0189524,-0.010767425,-0.071568914,-0.060801014,-0.0020942327,0.01981858,-0.021311672,0.03073309,-0.0050279615,0.0006758645,0.018126067,-0.023711383,0.023136618,0.02839065,0.03755844,-0.00057915156,0.0098160105,-0.045205783,0.0027136467,0.0059611415
-0.09063222,-0.057010032,-0.0069454443,-0.07125797,-0.08894479,-0.084842525,-0.011180237,0.022123318,-0.0805216,-0.07577716,-0.034497347,-0.07387296,-0.08905205,-0.03570912,-0.0810378,-0.06705622,-0.08783781,-0.094613515,-0.08763174,-0.05479535,-0.09846172,-0.08330066,0.06442006,-0.08583376,-0.08391484,-0.03460622,-0.08449841,-0.08345753,-0.08138912,-0.07734921,-0.07869625,-0.08346372
-0.02406172,0.009816351,-0.0041247867,0.041343305,-0.01472753,-0.041778002,-0.030808726,0.053609833,0.008424865,0.0054738075,0.01823002,-0.013680173,-0.038057476,0.02622187,-0.035812844,0.008065434,0.0064281137,0.006981804,-0.052131,0.01472126,0.0038911982,0.0010182348,0.026323086,0.057148844,-0.013267273,0.0067169867,0.004989599,-0.013988687,0.025135098,0.052016277,-0.010104579,-0.022120785
-0.038010895,-0.02380745,0.035441566,-0.018893883,-0.01816808,-0.017716773,-0.018284235,-0.0020969198,0.031724423,-0.050730176,0.0046315235,-0.028569305,-0.009351416,0.048304804,-0.021441028,-0.015944252,0.016263595,0.027492091,-0.025765002,-0.036763337,-0.019609863,-0.07200656,0.059728295,-0.02539043,0.0116074765,0.035297275,0.06929656,-0.0016872418,-0.028707445,0.012431853,-0.037976783,0.041695364
-0.014465968,0.07414688,0.031821072,-0.013997869,0.028959518,-0.07057746,-0.016182266,0.055672035,0.054863982,0.039798632,-0.023114294,0.057545118,-0.026208898,-0.041156966,-0.026462745,-0.03424311,-0.043841504,-0.05631327,-0.026440639,0.05705761,0.016247472,-0.012039144,0.07064506,-0.06543082,-0.07290809,-0.033695605,0.008363682,-0.033730607,-0.07337119,-0.02764028,-0.07078922,-0.024401177
-0.020758081,-0.026535096,-0.025559876,0.060833894,0.058643527,-0.025927199,-0.073999345,0.033815395,0.032972228,0.0017126438,-0.015361152,-0.01442506,0.016533867,0.020438652,0.015815573,0.035593003,-0.010975629,-0.022369726,0.0121917445,0.051133975,-0.056879375,0.011874549,0.0025484257,0.04536913,-0.03347185,0.053966027,0.040826272,0.019589245,0.009064481,-0.032957055,0.0006217878,0.02371797
0.05009792,0.054630883,0.08530036,0.0719615,0.068756185,-0.027986567,0.033507336,0.042301036,0.025603632,0.01579672,0.06133685,0.04583998,0.023515418,0.021495018,0.07243188,0.019256344,0.06223255,-0.003274468,0.07284506,0.020148987,-0.041727573,0.02207866,0.06189251,0.008915284,0.06276776,-0.055159185,-0.044300653,-0.052804638,0.015267287,-0.059222683,0.07580768,0.04827603
0.07048831,-0.012368045,0.017601462,-0.009584512,0.06303333,-0.019377442,0.05835787,0.04303172,0.075573176,0.06906584,0.060609106,-0.041982457,-0.040683825,0.05407007,-0.056103,0.066068836,0.078925386,-0.04261702,0.06979378,0.025172928,0.0032507305,0.020800978,-0.036867313,0.015626252,0.07392543,-0.032921333,0.05586545,0.057351865,-0.029614493,-0.07341115,-0.049036544,-0.016265392
0.024075989,0.044426214,0.06389836,0.060370866,-0.05989382,0.029375877,0.04903442,0.033766687,0.009085397,0.040772535,-0.032527592,0.04989232,0.01035565,-0.05153393,-0.07626722,0.058621023,-0.03621271,-0.054305397,0.015075132,-0.020907901,-0.07381478,-0.034499206,0.057955727,-0.012344396,0.017005669,0.0406504,0.008028965,-0.0133786,0.0017842809,0.05208432,0.050998375,0.027235681
-0.025338432,-0.018615188,0.0044993437,-0.009081517,0.020939093,-0.019695273,-0.06076984,-0.06694139,-0.057396445,-0.06442102,-0.08429187,-0.020640971,-0.0027491166,-0.074504115,-0.050832994,-0.030645268,0.042802624,-0.06769872,-0.0068050157,-0.02762599,-0.036100447,-0.066273764,-0.00067136966,-0.03839801,-0.046655826,-0.08161408,0.030074883,-0.030304184,-0.035115957,-0.0616335,-0.031165501,-0.042548593
-0.07278628,-0.08742358,-0.045815416,-0.05400678,-0.06523629,0.030733213,-0.062457066,-0.009161797,-0.07301799,-0.001923451,0.021986496,0.050623212,0.00625494,-0.06643302,-0.020593964,-0.008313702,0.008596631,-0.075026095,-0.018067427,-0.015216484,-0.06156477,0.021355307,-0.04843918,-0.015051765,-0.05026352,-0.011282893,-0.019758381,0.022822898,-0.0038508638,-0.029555954,-0.027306443,-0.030274784
-0.030544061,0.01606393,-0.038151465,-0.06845884,0.022728577,-0.036878545,-0.08589041,0.001654148,-0.027072014,-0.061994262,-0.03142434,-0.008060738,-0.06512209,-0.036705557,-0.038811766,-0.0046934322,0.027822541,0.0074311267,-0.033338856,-0.048704542,-0.037080314,-0.072703235,-0.04036343,-0.014835401,-0.017290777,-0.035848502,-0.0426024,-0.0055660056,0.027703,-0.046095423,-0.031758852,-0.010199343
-0.07874134,-0.0812227,-0.0847379,-0.073506355,-0.08374454,-0.0790499,-0.08308366,-0.08955523,-0.07698494,-0.07283074,-0.08439142,-0.073392145,-0.08779786,-0.08263663,-0.07799538,-0.07776142,-0.078785084,-0.08881463,-0.07737123,-0.07824402,-0.08718091,-0.082377054,-0.077610284,-0.0824791,-0.0767773,-0.08111841,-0.079566106,-0.07850463,-0.076715365,-0.0737258,-0.071741864,-0.08448654
-0.035271373,0.0016754157,-0.066053405,-0.06512346,0.019111117,0.0331885,-0.008997922,-0.021987652,0.005186992,-0.059393175,-0.012507209,0.07383634,0.011630755,-0.023478087,0.07687757,-0.05937393,-0.03693552,0.05495674,-0.06024767,-0.05719109,0.020919533,0.007764435,0.0011353086,0.016125776,-0.02447584,0.048100974,0.013300277,0.006973118,-0.059593808,-0.05525531,-0.020557063,-0.003033857
0.010615764,0.07973254,0.020273503,-0.04220507,0.040958256,-0.0027474675,0.027743194,0.053649686,0.029346736,-0.03889225,0.057083033,-0.02766731,-0.024377016,0.0015272752,0.006920688,0.021180954,-0.06356625,0.051177874,-0.016005617,-0.023761451,0.016992178,0.006210537,-0.033668164,-0.018868392,0.06608392,-0.026186014,-0.059081685,0.052061707,0.04674363,0.005410572,-0.07867389,0.01533271
-0.049708594,-0.033115864,-0.03515284,-0.044584747,0.0013552658,-0.015832165,-0.019196888,-0.020054253,-0.0010963025,-0.009143681,-0.042103115,-0.0034177857,-0.039617926,-0.06549995,-0.010530468,0.049265135,-0.029011555,0.0041667554,-0.018351743,-0.019324502,-0.030791814,-0.070964955,0.021394769,-0.01735525,-0.037833214,-0.06536721,-0.009776191,-0.03573638,-0.022332221,-0.015117212,-0.051583156,0.0067892424
0.012611778,-0.012362469,-0.05127049,0.05556147,0.014780333,0.007227447,0.012965731,-0.074728094,-0.03814216,-0.04643394,-0.02490758,0.030334573,0.030045088,-0.024469713,0.015309931,0.022687579,0.051971365,-0.027385093,0.028466405,0.020582799,0.0054018134,-0.030145036,-0.047783736,-0.0086335875,-0.003930371,-0.062690176,-0.017881189,0.014828112,-0.010997712,-0.020012407,-0.01955944,-0.06297249
0.0027548035,0.0077586095,-0.041705832,-0.02179892,-0.019565122,-0.027888328,-0.05795638,-0.053111654,-0.0459387,-0.043673728,-0.079308495,-0.034877565,0.042463478,-0.049978305,-0.038871527,-0.04777922,-0.018721329,0.043097332,-0.017446892,-0.03663959,-0.045326076,-0.00023785332,-0.06137919,-0.025643904,-0.059840016,-0.06454099,-0.032177303,-0.007761914,-0.06663768,0.020663481,-0.027063267,-0.06513452
0.048542593,0.07948615,0.046939693,0.0681785,0.079479575,0.07905575,0.073644854,0.0370801,0.043129787,0.059611794,0.08083841,0.07570709,0.08214128,0.056141447,0.010713615,0.07491565,0.06529513,0.07687163,0.07879228,0.07966598,0.08055716,0.009525759,0.06923041,0.07159104,0.03467012,0.040797178,0.053115446,0.070701495,0.06616341,0.06569684,0.07553762,0.07531833
-0.016212607,0.023834199,0.039710887,0.022721345,0.022165747,0.027911395,-0.036757305,-0.03737347,-0.030787442,-0.0069021415,0.00976557,-0.008226137,0.05783237,0.018492244,0.038198385,0.0021607743,0.0006417444,0.07120864,0.009577368,0.04711493,0.024983697,-0.0041109426,-0.006239276,0.003446986,0.038563024,-0.03957208,0.015007931,0.0064809574,0.027360896,0.019523742,0.046219163,0.03619885
-0.033886924,0.016321493,-0.022986358,0.027887853,-0.04222136,-0.004749441,-0.014776008,-0.018483095,0.025375083,-0.021710418,-0.009206253,-0.039508123,-0.026276946,-0.01824648,-0.033222955,-0.042377688,-0.018755812,-0.012214585,-0.05399842,-0.008093513,-0.014689925,0.02505471,0.059130926,-0.049211424,0.045680504,0.02202987,-0.03482296,-0.05031662,-0.06369249,-0.058100376,-0.05602441,-0.030169668
0.010841205,0.02096131,0.066701174,-0.053460956,-0.015350277,-0.019296369,0.02025726,0.056824382,-0.050432205,0.009621573,-0.023331797,0.046394967,0.021248167,-0.0295841,-0.054703917,-0.030731868,-0.010454395,-0.02148396,0.025873356,-0.0042663733,-0.051056735,-0.053405304,-0.03892141,-0.02119776,0.004998488,-0.062087886,-0.053318504,-0.06430899,0.0025132976,-0.022274448,-0.060723886,0.024803387
0.07735542,0.020929039,0.05311829,0.063463874,0.06988645,0.046185505,0.08892193,0.038904827,0.002548259,0.042471297,0.08928192,0.063005194,0.068735726,0.05892692,0.028624963,0.047881924,0.06533366,0.06292575,0.07778982,0.0397146,0.05538785,0.036572374,0.06880531,0.06143644,0.016236013,0.041474395,0.045359224,0.04268464,0.06672635,0.06468918,0.051152177,0.042894527
-0.061080284,0.019364478,-0.03109897,-0.03834117,-0.013620074,0.030320665,-0.03357187,-0.062082175,-0.018836841,-0.030134026,0.05904667,0.025439966,0.007690636,0.04744329,0.014927666,0.024398327,0.0634853,-0.012429088,-0.02642933,0.03807604,-0.0030693572,-0.058891416,0.041703615,0.04091047,0.012859649,0.04099447,0.018250765,-0.033984575,-0.012654362,0.058691025,-0.057778105,0.027364459
0.05139124,0.05146422,0.06874111,0.03379078,0.07329949,0.06859447,0.06934754,0.05551464,0.05165717,0.03246034,0.0837361,0.06238098,0.046134673,0.07153301,0.043743785,0.050819427,0.042765226,0.05736355,0.07848494,0.051069733,0.021264743,0.047594782,0.04702789,0.08129785,0.0785104,0.030771237,0.027266424,0.06737613,0.04642602,0.03732563,0.050052952,0.05375241
-0.01824566,-0.012837011,0.011671915,0.06994273,0.06992863,-0.07887059,-0.039875425,0.03530902,-0.013767391,-0.047618937,0.050108686,0.077025145,-0.03729418,-0.047968492,0.055846088,-0.053425312,0.0023421217,-0.07051918,0.007322118,-0.023342764,-0.00015594946,-0.008555378,0.06895938,0.006713169,0.044999044,-0.049056683,-0.07063563,-0.053778682,0.058134027,-0.006384834,0.05373758,-0.058352202
0.028301677,0.026809186,0.0461334,-0.04395702,0.04485429,-0.0037979311,0.047799774,0.058565658,0.012838801,-0.07112062,0.06871915,-0.03685374,-0.06060546,0.05774698,-0.00023816974,-0.05923222,0.044934314,0.013698763,-0.0036148387,0.055260647,-0.011412049,-0.0637639,-0.016074443,-0.054964986,0.05849714,-0.06786481,0.027325181,-0.0048305807,-0.06077221,-0.036096897,-0.0007935363,-0.03136234
0.015888441,0.030546913,0.07626885,0.07293343,-0.07620283,-0.04609539,0.060796432,-0.048223827,-0.079333104,-0.07050088,0.07428431,-0.023863781,-0.02938217,0.05868841,0.002445172,-0.04605795,0.064968675,0.010454759,0.010081542,-0.05764393,0.007083505,-0.0078189615,-0.05927264,-0.04696133,0.06774669,-0.03738167,-0.027044099,-0.061223984,-0.04222505,0.072695985,0.04803312,-0.029989675
0.006103259,-0.013430989,0.01769189,0.025346074,-0.043943323,-0.019660626,-0.08381169,-0.005057514,-0.052035123,-0.008286028,-0.061993618,0.03942708,0.009256084,-0.058596406,-0.004347452,0.032210123,-0.07902623,0.0016136918,0.0077284877,-0.036965854,-0.035280313,-0.030488044,0.0021397832,-0.065205455,-0.06725136,-0.04944131,-0.05812556,-0.05247496,-0.01228507,0.013739957,-0.06302752,-0.052891817
0.03341474,0.0046868594,0.036350187,-0.074582405,-0.016850226,0.025109962,-0.006055336,-0.05867554,-0.019505417,0.04453048,-0.0660151,-0.047488675,0.011650214,0.020734252,-0.041749164,0.033228256,0.0116444295,-0.026998298,0.021852026,0.019258019,0.022953412,-0.056193992,0.024122933,-0.009243778,-0.061446868,0.0073842946,0.057973474,-0.0014236451,0.012535619,-0.013500233,-0.065872796,0.016965324
-0.06794957,-0.05545355,-0.075376846,0.025122873,-0.03716873,-0.0628413,-0.07115987,-0.08204933,-0.052923083,-0.014133319,-0.021183573,0.048254322,-0.069406934,-0.05525634,-0.05882794,0.029718332,-0.07115695,-0.070889,-0.081772715,-0.062103868,-0.00726433,-0.020911919,-0.08149431,-0.0042866534,-0.019035574,-0.008316443,-0.06260309,0.013288102,-0.026977893,-0.044190284,-0.07447651,-0.044133894
-0.052888725,0.041571286,-0.036539182,0.009998686,-0.0055986275,-0.008426543,-0.009160343,-0.08284052,-0.007933298,0.05781734,-0.04346963,-0.031822663,-0.011771035,-0.003800031,0.027764302,0.012966339,-0.002292534,-0.0069470243,-0.06350873,0.0020359089,-0.029350553,0.0056415466,-0.05382159,-0.013061305,-0.052989505,0.012824855,0.022039926,0.01810671,0.010295672,0.0064380784,-0.014138263,-0.021761302
0.059058458,0.0176725,0.049155433,0.010406978,0.07634772,0.041205667,0.056181367,0.042245645,0.06177623,-0.00017459881,0.05648219,0.04045207,0.022299135,0.054053176,0.014088364,0.011011738,0.059585188,-0.054273512,0.06335666,-0.0028529468,-0.025588863,-0.025095422,-0.019090021,0.051803462,0.03489129,-0.048329417,-0.008463596,0.016641852,0.035320483,0.003844126,-0.040795933,0.0014534966
0.0049814875,0.024330763,-0.026092593,-0.019868629,-0.062450524,-0.06902651,-0.0070887627,-0.030814186,-0.077145316,0.050862044,-0.010322352,0.030932134,-0.06649562,-0.027288534,-0.052864112,0.026288144,0.018173318,-0.07502569,-0.02361801,-0.02073403,-0.069543906,-0.037512813,-0.05944988,-0.021247003,-0.024296047,-0.06808254,-0.049287677,-0.046612717,-0.056750856,-0.068336755,-0.02702154,-0.069774315
-0.00979394,-0.027824828,-0.067382045,-0.0138348965,0.01969198,-0.009550697,-0.061178826,-0.08721794,-0.0406747,0.0054778703,-0.02029423,0.020659782,-0.0014219088,-0.071536586,-0.02119842,0.067088835,-0.010741646,0.01189803,-0.039758068,0.038490023,-0.039092734,-0.04043217,-0.0026283534,-0.0480343,-0.03700682,-0.056232486,-0.00016273033,0.045079615,-0.045515306,0.010450909,-0.056044728,-0.012200404
-0.01272727,-0.0665267,-0.045885194,-0.07010482,-0.07128369,-0.07673049,-0.06847454,-0.08341606,-0.068928815,0.040153824,-0.06792098,-0.06972003,-0.04621905,-0.0071270624,0.0119159045,-0.05058207,-0.049680218,-0.068769015,-0.07923279,-0.066861,0.006332746,0.04004969,-0.016867857,-0.009656452,-0.050872702,0.013091025,-0.015970796,-0.051224437,-0.03829502,-0.07134234,0.0022365856,-0.029744655
-0.07201168,0.05663037,0.05421131,0.0019595132,-0.060527354,-0.049771477,-0.06513913,-0.01629846,0.028369544,0.072890796,-0.043667257,0.060229346,0.007697655,-0.0072492845,-0.054093376,0.08403237,-0.04809884,-0.061763305,-0.05103493,0.07009384,-0.024006581,0.0076240767,0.08537935,0.0061129676,-0.07842436,0.07999744,0.064421274,0.07573483,0.047397245,-0.049885005,0.00018577164,0.05344377
-0.006716315,0.0741237,0.0029016738,-0.026879406,-0.015382466,0.003110101,0.012894104,0.010077656,0.023082132,-0.027227748,-0.0043813772,0.06372892,-0.03923534,-0.018474204,0.018144721,-0.029332902,0.065821156,0.019801015,0.029723167,0.06444656,0.030214304,-0.055725597,-0.022030959,0.061889987,0.0423321,-0.018412555,-0.025976487,-0.021429002,0.07045605,-0.051783796,0.037735824,0.0016121949
0.037869703,0.02585463,0.008911832,-0.007805076,0.009262084,0.028937088,0.008883171,-0.0024189919,0.046846066,0.05842395,0.014611345,0.07835105,0.025679305,0.0640634,0.010711539,0.039621614,0.014646252,0.046655104,0.041365467,0.01861444,0.042493906,-0.035584114,0.046538107,-0.00813678,0.03789846,0.058781188,0.06172312,0.0081903925,-0.021971758,-0.0025211747,0.044477094,0.07952155
0.050558295,0.0056337398,0.035069562,0.019369664,-0.0050971583,0.023900012,-0.03272322,-0.08283879,0.025639672,0.041134797,0.007464094,-0.038985122,0.0357964,0.0077756355,-0.015223029,0.037590597,0.020723298,0.053415366,0.022953847,-0.0033131798,0.0021628833,0.062089164,-0.008937314,-0.008646264,-0.04538467,0.050339922,-0.013470177,0.04344751,0.017007655,-0.0037138152,0.05289066,-0.015731063
-0.024586398,0.010265557,-0.04324799,0.042469177,0.0010320524,-0.02717684,0.026328335,0.06857249,-0.0642088,-0.016129961,0.077698074,0.01753262,0.022544868,0.041115563,-0.004216719,0.021729866,-0.012891641,-0.016767321,-0.016057132,-0.044536725,-0.00887307,0.0452577,0.051425792,0.025037298,-0.038046498,0.025555758,-0.051986817,-0.028225692,-0.000862649,0.016732892,-0.0075149876,-0.055747174
0.012290553,-0.06223109,-0.033224113,0.009034916,-0.05936371,-0.005111956,-0.04551689,-0.09022709,-0.062066555,-0.016956124,-0.04888419,-0.005752467,-0.038373508,-0.04398783,-0.054169185,0.013481627,-0.018734835,-0.045095075,0.029874396,-0.037159473,-0.07292634,-0.07456946,0.020470869,-0.018692557,-0.029404463,-0.01285745,-0.053681664,-0.049180754,-9.411533e-05,0.0155567685,-0.039049853,0.015104192
-0.014044047,-0.0035110803,0.0015193813,-0.01822461,0.036118828,-0.033170745,-0.019108973,0.07605834,-0.06829272,-0.054609556,-0.01671107,-0.014688211,0.013776399,-0.065600246,0.0034999277,-0.035823934,-0.045719013,-0.015091396,-0.0012324696,-0.04342545,-0.061599214,-0.019261992,-0.023184087,-0.023915447,-0.06441812,-0.038671818,-0.07782535,-0.051986374,-0.031648956,0.0036362591,-0.06973299,-0.042689342
0.06987103,0.06676172,0.07689455,0.040457334,0.03769116,0.025732988,-0.047802135,-0.06341046,0.0025541985,0.06956868,0.04069096,0.020761043,0.047283888,0.04403113,0.07034993,0.033140406,-0.020856587,0.04370898,0.07027773,0.06029303,0.035943497,0.07391661,0.07258195,-0.008600955,-0.027831107,0.06519649,0.07248031,0.008885382,0.03858004,0.07197243,0.03731312,0.048917644
-0.05486868,0.0059362473,-0.032166265,-0.0018998957,0.016816307,0.016061278,-0.05782125,-0.03355378,-0.0069292146,-0.04937449,0.05069474,0.03860869,0.0004236009,0.02069691,0.0010887709,-0.051300686,0.00962425,0.060049884,-0.06237543,0.015918663,-0.011002621,-0.047998432,0.043587312,0.03407106,-0.009326693,-0.03546288,-0.03707083,-0.033209253,-0.052571096,0.062441453,0.046197083,-0.045796312
0.053335436,-0.021608815,-0.05215263,-0.032699,0.04832627,0.06437807,0.042065747,0.025237076,0.01638435,0.05139754,-0.009457141,-0.006294299,0.061916817,-0.05207173,-0.03147801,0.024939787,0.0730774,0.04947106,0.069470055,0.0112994015,0.027492158,0.022314057,0.0066069295,0.08390936,-0.064029634,-0.06757933,0.041870147,0.060479064,-0.010306856,0.07381009,-0.062669635,0.015643552
-0.0071711186,-0.0691518,-0.0590674,0.014438227,-0.04653156,-0.06848488,-0.039898966,-0.098556064,-0.06651774,-0.045478396,-0.029446317,-0.055756155,-0.06939878,-0.02313482,-0.035881907,-0.0336865,-0.043260884,-0.06023848,-0.032472745,-0.056364402,-0.0071987826,-0.0006687624,-0.02603862,-0.06288506,-0.055734128,-0.046888746,-0.014778061,-0.030522969,-0.05344439,-0.05957709,-0.06238264,-0.07624249
0.022810787,0.008053261,0.032373186,-0.034393273,-0.013815082,0.016718162,0.07163378,-0.0033229922,0.05418936,0.065438315,0.030031364,-0.016715275,-0.016746597,0.061580017,0.03996249,-0.05401822,0.049641307,-0.07586061,0.04774493,0.054039918,-0.0007537533,-0.013881723,-0.05361449,0.054493185,0.07835157,0.042633846,-0.027324468,0.020877369,0.01777993,-0.047380183,-0.06180438,0.0772025
-0.023237169,0.08172505,0.036638472,0.06510419,-0.037081674,-0.06813394,-0.009319659,0.073089965,0.027851664,-0.05334227,0.034657374,0.022863215,-0.061062373,0.033251923,0.063088626,0.009926563,-0.026157677,-0.034109205,-0.035440464,-0.0020354816,0.0016843398,-0.044502996,0.021623563,-0.069595076,0.062018786,-0.02264759,0.0016459693,-0.01747818,0.018466227,-0.0079634,0.06907734,-0.070575796
0.036143444,-0.051402833,-0.032084994,-0.054929506,-0.06774053,-0.04008251,0.01240239,-0.02745181,0.022658952,-0.040808838,-0.0586704,-0.011524069,-0.02362563,-0.030069329,-0.03792626,-0.062285334,-0.06764516,-0.04531058,0.0006166186,-0.0008109534,-0.0038501965,0.026081653,-0.03333095,-0.034470595,-0.035160467,-0.008521202,-0.054011498,-0.060649257,-0.0073554157,-0.07667477,-0.051250506,-0.009849468
-0.04929946,-0.07962154,0.0041581085,-0.07520542,-0.06898738,-0.01626886,0.0046956884,0.003599462,-0.028203832,-0.05989954,-0.047857095,0.06505738,-0.08137598,-0.016068159,0.041959595,-0.07999665,-0.03391364,-0.040499665,-0.029925656,-0.070042334,-0.06035479,-0.058773693,-0.00843895,-0.040991597,-0.075424895,0.022423148,-0.0660207,-0.081253484,-0.051793106,-0.023098225,0.051532056,0.029045813
-0.048766773,-0.033166017,-0.03528096,0.034701042,0.04789693,-0.0179316,-0.0072938884,-0.07187223,-0.031463046,-0.00694932,-0.08605601,0.04546896,0.045900393,0.028435657,0.008687437,-0.022005554,0.06855862,-0.01791915,0.055232134,0.015135292,-0.037331764,-0.005979232,0.0022969586,0.01211858,0.017665332,0.006904921,0.0009899167,-0.0030786407,0.017118812,-0.03470033,-0.0004379179,0.014710707
0.015136676,0.034668352,-0.03369157,-0.011276137,-0.042654857,-0.07113137,0.010442179,-0.012318559,-0.072490446,-0.06862633,-0.07138363,-0.025709152,-0.029106056,-0.026543537,-0.07658679,-0.046816055,0.062773444,-0.06485591,0.04417081,-0.07147019,-0.056923933,-0.044339918,0.006184552,-0.048889805,-0.06370775,-0.040547226,-0.03377266,-0.06595121,-0.04450655,0.008341049,-0.052676283,-0.05542678
0.02458052,0.04532369,0.012405986,-0.012110944,-0.011852179,0.018823441,-0.0062312745,0.0015175956,0.0024841668,0.030470684,-0.046810362,0.047411606,-0.0030658732,0.024433382,-0.06391483,0.018009424,-0.06133048,-0.011941073,0.04300637,-0.0068815625,-0.02317521,-0.032623556,-0.013105712,-0.06293763,0.0038226543,-0.04167287,-0.03539422,0.028421411,0.008431465,-0.052761942,0.007026095,0.0050687105
-0.022484716,-0.038509786,0.003632771,-0.071111575,-0.034135196,-0.028197896,-0.04002754,-0.027339108,-0.07776112,-0.0032513742,-0.0679349,-0.0005503159,-0.06981938,-0.07831271,-0.07441683,-0.032080356,-0.07473679,-0.026405592,0.009109451,-0.013739203,-0.048462927,-0.03338174,-0.013058069,-0.05988179,-0.0025083225,-0.06080323,-0.022503601,-0.017144201,-0.06710231,-0.012131741,-0.05839318,-0.005536459
-0.01688943,-0.022059929,0.020184139,-0.006787551,-0.008924671,-0.015760897,-0.0073083085,0.08218524,0.0057938537,-0.009997699,0.019271089,0.026711168,-0.027560819,-0.026112946,-0.007619004,0.0011662083,0.023256086,-0.014269054,0.0472368,-0.005634154,-0.041229628,-0.05817541,0.0267273,-0.03828605,-0.05324366,-0.02770341,-0.055591747,0.014350453,-0.054775897,0.008401008,0.03330732,-0.01573812
-0.05229095,-0.039185353,0.056888197,-0.04074958,-0.033750817,-0.049714394,0.03395849,0.0425294,-0.068612106,-0.024072552,-0.010848989,-0.057475757,-0.06351423,-0.06649621,0.009237494,-0.064534955,-0.01253847,-0.031094635,0.03622182,-0.051555183,-0.08134983,-0.07260928,-0.008837005,-0.05072227,-0.027410042,-0.0676729,-0.060356323,-0.06303452,-0.060128182,0.013203974,-0.050766386,-0.06293221
0.057123963,0.08315715,-0.046671905,0.06514813,0.039972145,0.024589615,0.038835455,-0.00626647,0.052946884,0.025452457,-0.010011226,0.06859149,0.020709734,0.0513482,0.0147606125,-0.07464669,0.0177689,0.016966566,0.033252608,0.07811745,0.007759447,-0.054976057,0.032906465,-0.028930213,0.03476027,0.042945825,0.031960156,0.029663589,0.04122721,0.04133576,0.07157743,0.08027148
0.033424325,-0.06808973,0.048472423,0.03597842,-0.014811636,-0.032508213,-0.043627433,-0.018173706,-0.032324556,-0.063007385,0.018837765,-0.016205883,-0.010500044,0.03476019,-0.066838756,-0.04382496,-0.008980172,-0.026465358,0.026805902,-0.079112984,-0.03344196,0.0077833915,-0.0010086643,-0.007870127,0.03687863,0.018722728,0.048785277,0.015241286,0.0018816275,0.049522106,0.017159658,-0.07191449
0.04808894,-0.080997415,-0.043772735,-0.05509216,0.016750308,0.004320418,0.0034975861,-0.05037103,0.021172477,-0.025104295,-0.040134113,-0.03470316,-0.06462382,0.0036285338,0.0735083,-0.048245117,0.020951593,0.05992833,0.050180186,0.031995308,-0.026582677,-0.023310686,-0.032926507,-0.060886484,0.059444465,0.023611665,0.003817982,-0.018885184,-0.07891515,-0.04532324,-0.008770601,-0.06162633
-0.047615867,-0.039515674,0.0009543058,0.017430637,0.0067520193,0.061782744,0.048165593,-0.06258964,0.026469989,-0.020411983,0.003629219,-0.0032093078,0.06752674,0.05977702,0.041868724,0.037943088,0.029409366,0.05282353,-0.020815892,0.0038881104,0.04575174,0.083140835,0.051611785,0.016967243,-0.013803575,0.034789655,0.06747615,0.07421105,0.039151188,-0.009030464,0.010507702,0.036701847
-0.06798275,-0.0680549,-0.06343163,-0.06726575,0.006725527,-0.010282348,-0.04399875,-0.001670005,0.013159011,-0.04851756,-0.051720012,-0.01806024,-0.08094366,-0.04574573,-0.02344014,-0.07199892,-0.0485104,-0.03422568,-0.05815973,-0.023052258,-0.06170028,-0.056281295,-0.047995888,-0.03075625,-0.048180513,-0.067053676,-0.048748095,-0.04248607,-0.020254072,-0.0118623795,-0.029826175,-0.02342996
-0.03250953,-0.007386459,-0.022846442,0.016787408,-0.021604216,-0.024297269,0.037130117,-0.049337275,-0.0680802,-0.016261866,0.005789207,0.010687917,-0.04210628,-0.020652313,-0.0042459825,-0.040982332,0.00063980196,0.011169895,0.026414003,-0.03474299,-0.08373957,-0.060594708,0.030690866,-0.022745024,-0.007321066,-0.023785345,-0.04585633,-0.032559883,-0.0416639,0.02649957,-0.045456085,-0.045255233
0.033160076,0.027398087,-0.015609292,0.005327497,0.06064472,0.062342055,0.039531015,0.041625958,-0.004340708,-0.0028107692,-0.028361151,0.035324126,-0.030297615,0.048155893,0.060483865,-0.03632382,0.065417856,0.06025525,0.024738006,0.056841787,0.04426427,0.010611831,-0.008706348,-0.0324988,0.00776386,0.03158743,0.017409785,-0.006248688,0.0139196655,-0.04109592,0.041896477,0.053911597
-0.031219687,-0.03204923,-0.009439457,-0.018440235,-0.028783409,0.037657138,-0.02632574,0.037554674,-0.056311227,-0.050917614,-0.049362317,0.016427545,-0.005586446,-0.035624757,-0.038352873,-0.05725337,-0.008014683,-0.06349506,0.020140441,0.0033279294,-0.045723267,-0.032797273,-0.0024672707,-0.0036612407,-0.032909326,-0.02770101,-0.032552153,-0.050496366,-0.054309346,-0.05111358,-0.051259663,-0.035141803
0.051374562,-0.040227782,-0.052594684,-0.05216372,-0.04637433,-0.05006489,-0.025548209,0.062464483,0.033564337,-0.037923884,-0.078230254,-0.006649413,-0.030521886,-0.02735156,-0.040795527,-0.01931333,-0.06999735,-0.04187774,0.031053428,-0.01250662,-0.052856486,-0.015572591,-0.02559973,-0.039909564,-0.06611849,-0.06092817,-0.047905795,-0.040438123,-0.027113711,-0.021193,-0.026739955,-0.06882539
-0.04753299,-0.06533211,-0.057882637,-0.027689723,-0.06239437,-0.055307146,-0.05643658,-0.076648034,-0.058226492,-0.013307163,0.039627712,-0.052997034,-0.056862302,-0.018194312,-0.005251545,-0.062721916,-0.03740396,-0.0627283,-0.079832524,-0.047248736,-0.053830225,0.016192386,-0.028401973,-0.052380387,-0.063998945,0.015225891,-0.038448084,-0.053302277,-0.01821523,-0.062037244,-0.062038537,-0.035442818
-0.05021269,0.040204335,-0.034654148,-0.012675876,0.001959088,-0.017780265,-0.04977737,-0.023070991,0.028731681,0.059285063,-0.024510745,0.011785544,-0.04383527,0.009839084,-0.052989066,0.026562342,-0.025214285,0.023746243,-0.07161289,0.03285044,0.019901112,-0.0035837553,0.048243545,-0.07661812,-0.043701895,-0.006926319,-0.01246371,0.05340361,0.007090987,-0.07789187,-0.07027767,0.008225425
-0.0059969476,-0.029586278,-0.03537443,0.0031807057,-0.012406495,-0.045241904,0.004250684,-0.01692764,-0.028929887,-0.04808654,0.037393592,0.044704057,-0.04384667,-0.01751478,0.012053184,-0.014284083,0.017985793,-0.038223557,0.0096146185,-0.0012044996,-0.014395286,-0.025752151,0.019146683,-0.018073142,0.051366348,-0.038096897,-0.03019354,-0.06001521,-0.046161212,0.041229215,0.008283972,0.004025638
-0.03109706,0.049251005,0.036050696,0.008293529,0.031444922,0.052753728,-0.015309423,-0.022526804,-0.063803926,0.057032276,-0.0129373735,-0.051326234,0.077104755,-0.019408206,0.058757275,-0.0026434297,0.0031170603,-0.054228168,-0.015114658,-0.011169814,0.0006321061,0.07830843,0.048170835,-0.037293047,-0.05698892,0.06296674,0.034719247,0.033444233,0.01648521,0.07307581,0.0452939,0.038564358
-0.07149041,0.04008562,-0.021286594,0.014737284,-0.030394679,-0.023343753,-0.0008801692,-0.07402398,-0.030001761,0.035437733,0.016343225,-0.026175914,0.008991551,0.010786846,0.054756902,-0.0059174616,-0.06046206,0.05610247,-0.07370227,0.012270058,-0.015470017,-0.0435288,-0.07045791,0.026701871,0.021514954,0.07191938,0.039196,0.016003162,0.06854695,-0.066930585,0.03992342,-0.0038486195
-0.06386829,0.024573617,0.012579789,0.0096665695,0.08093353,-0.061337344,0.008812094,0.029174311,-0.0044659963,-0.0109206,0.033891995,0.07563549,0.021141963,0.05559313,0.02507409,0.024396842,0.0238692,-0.022955263,-0.05810814,0.048546113,-0.01090422,0.021919293,0.03653525,-0.030506363,-0.031200785,0.044390652,0.051011015,-0.008189915,0.07035345,0.0404097,-0.040673107,0.055759043
0.034111395,0.011774328,0.020764943,0.04563385,-0.040996682,0.056965444,0.024407193,-0.031160748,-0.009936313,0.07106242,-0.06307551,-0.042068828,0.046106074,0.015068004,-0.050536603,0.024420206,0.057822417,0.037049387,0.036635388,0.026684104,0.053925503,0.04065826,-0.038721014,0.040105086,-0.067366816,0.026761694,0.055538047,0.072828434,0.021889087,0.0643643,0.052169513,-0.009452654
0.017125795,0.047623746,0.03761068,0.06479002,0.0028187914,0.04511533,-0.054060683,-0.025144247,0.030506391,0.029699488,0.005472611,0.03838199,0.034183096,0.01725872,0.020389957,0.05370955,0.03575527,-0.026710726,0.0142207155,0.06232448,0.02546442,0.03458839,-0.0478916,0.044599604,0.030919982,0.06858184,0.03735187,0.06421823,0.055114727,-0.027724769,-0.020055035,0.02640963
0.07654732,-0.010662312,0.027772028,0.0003861176,0.049285725,0.027522383,-0.010785987,-0.0038717152,0.042219453,0.024592012,-0.0640304,0.008210648,0.0020645952,0.018064393,0.0010727239,-0.040156115,-0.071621045,-0.008079249,0.07158802,-0.03194935,-0.019997645,0.03762443,-0.021046763,0.07454674,-0.070772745,0.053605698,-0.010864836,-0.033651,-0.06498577,-0.061039153,-0.06334114,-0.021688037
-0.050969608,-0.013144732,-0.044250213,0.029684972,-0.02130943,-0.025633572,-0.046326417,-0.02136373,-0.057669196,-0.05110896,-0.025016043,-0.08082545,-0.005065803,-0.076114506,-0.058453027,-0.06467541,-0.03299996,-0.0026714464,-0.07081183,0.020242661,-0.061380863,0.02792973,0.037305433,-0.052354477,0.060090087,-0.077797696,-0.013708678,0.041186694,-0.046937615,-0.030470427,0.008485065,-0.034818813
0.028698208,0.036020495,-0.015457226,-0.013006464,0.050826702,0.03187369,-0.05233649,0.03015546,0.0129899345,-0.03159443,-0.058461007,-0.06294505,0.07283012,-0.041215837,0.07388195,-0.002967003,0.054717008,-0.057676066,0.0061297733,0.022660904,0.044492267,0.054483872,-0.022570468,0.02779836,0.0019727852,0.04099388,0.016215846,-0.0051108287,0.0040908726,-0.0650259,0.037748087,0.025003599
0.04260601,-0.028033989,-0.01271041,-0.0003123416,0.022910813,-0.06950002,-0.04026358,-0.039254103,0.008977898,-0.005923499,0.026913716,-0.07402852,-0.03479651,-0.023591075,0.0022310745,0.0027569483,0.07207916,-0.03565928,0.029964864,0.008714962,0.0007172919,-0.0257832,-0.075569324,-0.023788346,-0.048395514,0.045085274,0.013467502,0.016295778,-0.00012465162,0.014954824,0.032739263,0.024942806
-0.038447555,-0.040895544,-0.01870816,-0.06976343,0.02661299,-0.025193715,0.023566209,-0.013663219,0.02222261,0.028459132,0.0509099,0.024259467,-0.022860566,0.039658036,0.054059092,-0.02799292,0.04359179,0.021840498,-0.044720214,-0.041464783,-0.056057915,0.045816064,-0.037192088,-0.0061854697,-0.0022144755,-0.039593134,-0.026578609,-0.011920199,-0.043549974,-0.022211934,-0.005494515,0.017116662
0.0052993177,-0.056985244,-0.08837432,0.015511553,-0.037504397,-0.033432722,0.03210326,-0.07420277,-0.019497113,0.047038417,-0.06855939,-0.02330615,-0.08927181,0.020363992,0.020133855,-0.025257515,-0.07006765,0.041222535,-0.0006446891,0.047075376,0.07432957,-0.063913375,0.0064556836,-0.038905777,0.03138949,-0.0103870435,0.073763706,0.047300078,0.02853255,0.033196554,0.028191067,0.015287171
0.04626008,0.043924924,0.036053393,0.020266809,0.040566515,0.02197729,0.085102014,0.008080019,0.06483543,0.040730894,-0.039824896,0.038554374,-6.357792e-06,0.0020714188,0.013126329,0.030008532,0.052732617,0.0058402773,0.0737648,0.028796883,0.0039302506,-0.010458463,0.06378326,-0.00039048918,0.030541742,-0.028688306,-0.0048937486,-0.008449053,-0.026661409,-0.008231913,-0.007691738,0.052665535
-0.0025953073,0.03514302,0.060524,-0.014122125,0.01641289,0.04728172,0.023779644,-0.08001809,-0.017358363,0.05849135,0.058273815,0.05627415,0.07109414,0.038980752,0.01755895,0.031782653,0.03901317,0.0332001,0.017756853,-0.014327699,-0.04291083,0.014094549,0.028288897,0.0059838905,0.034028478,0.039292246,0.03232987,0.02590119,0.046884514,0.0075216526,0.038060967,0.050596416
0.036626242,0.01931171,0.065905586,0.029829476,0.016819362,0.0454119,0.02522926,0.014643377,0.018145462,0.017797908,0.02440549,0.01516736,0.027321918,0.04893337,-0.020618983,-0.016891304,0.040014293,0.024439355,0.034382172,-0.009605205,0.021638913,0.048488848,0.0041595623,-0.014363633,0.059250887,-0.016927078,0.05713582,0.026341919,-0.024926914,0.008921509,0.0016656519,0.05918291
0.027951151,0.077890314,0.02960172,0.055515032,0.07110874,0.070972934,0.068157494,-0.05270517,0.049527206,0.05683602,0.071006626,0.03917906,0.06727852,0.07614843,0.0754254,0.06364212,0.07288805,0.066804044,0.023548082,0.07249026,0.06570122,0.06538024,0.031524196,0.08891204,0.070468456,0.078522705,0.033691946,0.06674664,0.044184655,0.055633903,0.017439367,0.06288443
-0.014844877,-0.06295818,-0.03221304,0.0037868223,-0.0497376,-0.06628783,-0.020560458,-0.06517628,-0.07359659,-0.024961028,0.033722848,0.045810357,-0.064379975,-0.007740624,-0.065384276,-0.028745761,0.017923724,-0.095682696,-0.021712143,-0.037967652,-0.029829906,-0.053108085,0.027544403,0.06986522,-0.045781408,0.044948127,-0.06724558,-0.06346972,0.076667,-0.062968135,0.033033624,0.084905446
-0.03834761,0.03260965,0.02468041,-0.027563116,-0.048441358,0.055670783,0.02986565,0.020807547,-0.013855359,-0.04810546,0.060455143,-0.010464304,0.026085017,-0.050661355,0.04980148,0.022085411,-0.0066698343,0.05305096,-0.0015533828,0.05466635,0.017451067,0.0228067,0.028178954,-0.03309549,0.0439926,-0.02952668,-0.013185405,0.0292624,0.024207972,-0.057442,-0.041039035,-0.00372352
0.024501773,-0.000656907,0.07661202,0.04220499,-0.010212974,-0.0073811547,-0.022715926,0.00038751223,-0.0625563,-0.035811007,0.082044624,0.028931635,0.05072629,0.01365349,-0.0049064243,0.058065794,0.08339667,-0.008804895,0.030802703,-0.069651216,0.0026203042,0.019807026,-0.03700757,0.06956088,0.054014973,-0.052686613,-0.013724596,-0.036400784,-0.011135682,0.027717093,-0.014047779,0.015398811
0.08600201,-0.021183746,-0.027239326,0.07232497,0.052140404,0.02935087,-0.034050483,-0.024129376,0.07905042,-0.0020082889,-0.02810762,0.009716747,0.053499974,-0.005189763,0.07016417,0.041764755,0.051520955,-0.0125122825,0.07980905,0.0818622,0.08758962,0.06530483,-0.020639928,0.07375471,0.030620314,0.07670559,0.08307567,0.07133596,-0.05492794,0.033819746,0.013931152,-0.0021433036
0.016432445,-0.069290474,-0.041440435,0.034426536,-0.038215842,-0.06450956,-0.016836813,-0.03987524,-0.007478972,-0.035003055,0.014523424,0.011632395,0.018683448,-0.023759807,0.018025205,-0.057724804,-0.022527356,-0.07189934,-0.014564667,0.0119034685,-0.0215848,0.045511942,2.4975148e-05,-0.055426132,-0.0067373505,-0.015097618,-0.03898429,-0.011837187,0.023511194,-0.04774488,0.026177507,-0.033871416
-0.030060742,-0.035793852,-0.03672352,-0.04112559,0.004608311,0.045377843,-0.06429386,-0.011666093,0.005467783,-0.0050834073,-0.007286119,-0.0400339,-0.011215202,-0.031689137,-0.03248456,0.029679045,-0.06994465,-0.03569694,-0.03787346,0.025096508,-0.011619702,-0.042442057,-0.020930974,-0.02544672,0.012916537,0.000751491,-0.029812645,-0.0037352452,0.022423066,0.040898014,-0.0072277714,-0.00672913
0.047861807,0.0018793923,0.0016590994,-0.050136793,-0.00085185183,7.651486e-05,0.039055996,0.08958641,0.0028653352,0.03528775,0.04633541,0.04860312,0.01725427,-0.051895406,-0.04722279,-0.03332396,-0.047402356,-0.013246785,0.07619623,-0.0143837165,-0.04180128,0.028513841,0.02770596,-0.0013782891,-0.03303307,-0.014230152,-0.07574086,-0.05744204,0.03016764,0.036567193,0.022514718,-0.022822468
-0.080135584,-0.041060958,-0.04265753,-0.026816,-0.03389149,-0.02386325,-0.005043138,0.07574565,-0.00090522994,-0.06264166,-0.012426802,-0.01210394,-0.07004651,-0.043554857,-0.040718824,-0.060480624,-0.03327668,0.011258203,-0.044486627,-0.06819517,-0.073246226,-0.0681686,-0.050056096,-0.06346674,-0.03573554,-0.032421604,-0.063500986,-0.06167067,-0.025476912,-0.046952594,-0.009080451,-0.07587417
-0.020626182,-0.020281931,-0.011755514,-0.015567434,-0.05530116,-0.015478224,-0.0062189973,-0.015383655,-0.037517782,-0.040278304,-0.06161798,-0.009037987,-0.031811405,-0.027620433,0.031106384,-0.057001933,-0.033759408,0.0144862365,-0.045571905,-0.051015906,-0.037459157,-0.02578854,-0.03674187,-0.038329072,0.0048631453,-0.03072754,-0.041634303,-0.023909176,-0.059478283,-0.008966505,0.0039747674,-0.01284457
-0.0060595456,0.051634554,0.058699653,-0.06998959,0.02047922,-0.061733317,-0.0105662355,-0.03261741,-0.0327052,-0.05470378,0.043393165,-0.040238943,-0.056478664,-0.020292494,-0.032306362,-0.023928965,0.064629324,-0.063776836,-0.06693895,0.04863907,-0.019058028,-0.037429173,-0.061963487,0.015840234,0.07858962,0.026792318,-0.028320739,-0.06130223,-0.0024150282,-0.0032393867,0.054819852,0.032578267
0.03143061,0.010655676,-0.006531111,-0.03651226,-0.008712897,-0.049531426,0.0386518,0.014567132,-0.03232096,-0.027162496,-0.09189949,-0.026191672,-0.046916667,-0.031939983,0.031293284,-0.07220882,-0.070136,-0.08685692,-0.02829544,-0.029824167,0.01438366,-0.015378097,-0.07138285,-0.020863404,-0.009347032,-0.05021184,-0.03845839,-0.04197346,-0.044831436,-0.03484626,0.042426527,-0.041267663
0.058843296,0.076189004,0.08207792,-0.012167061,0.063877136,0.07795166,0.07821098,0.09363886,0.04019749,0.02082306,0.07246721,0.04808418,0.07499946,0.03994284,0.02428517,0.022202525,0.07438426,0.021735143,0.08028053,0.053955693,0.06001393,-0.040405452,0.0031364497,0.0668339,0.062359065,0.008013942,0.052154258,0.012745526,0.044379428,0.06272192,0.067107104,0.055679355
-0.0045065084,0.051861674,-0.04670772,-0.021642651,0.059414387,0.041876044,-0.01148867,-0.033387795,0.02602238,0.06764828,-0.008546399,-0.01929575,0.05586176,-0.031984944,0.055775248,-0.05455596,0.004107689,0.030888751,-0.028196288,-0.0072721094,0.06902436,0.059876855,0.04739024,0.05037862,-0.009312926,0.03360095,0.012176917,0.041275926,0.042022437,-0.03777019,0.06439845,0.016298305
0.07148934,-0.018890249,0.019884853,-0.015837392,-0.03900461,-0.026949076,-0.025301682,0.0227367,-0.013587803,0.037170853,0.00730174,-0.012342358,-0.04116737,-0.009418396,0.013587766,-0.04922895,0.031569935,-0.0371465,0.05282266,-0.0010612956,-0.053860344,-0.028780444,-0.013985212,-0.04732022,-0.008959772,-0.01678686,-0.018574197,-0.0032086533,-0.057573974,-0.04151325,-0.008118377,0.010724334
0.0081663085,0.0007201043,-0.014520562,0.05446078,0.017842669,0.03528904,-0.019437019,0.01763849,-0.018479802,-0.0036247459,0.06275526,-0.0078039467,0.052663147,0.024583315,0.0202465,0.006810572,0.018145034,-0.014238315,0.012090321,0.047968533,-0.019866176,0.06603558,0.028961571,-0.0031394167,0.02051953,-0.0025575175,-0.022288542,-0.0049248226,0.009712313,-0.03458647,0.044312034,0.03517996
0.025241893,0.06869209,-0.03189587,0.05969471,-0.011783459,0.008452485,0.06438452,-0.08725814,-0.050690427,-0.032915607,0.055449773,0.00180135,-0.022498608,0.05740234,0.025311932,0.04907476,0.023168456,0.038064603,0.0011945696,0.009280039,-0.012659033,0.024137493,0.065778166,-0.014721258,0.018522354,0.021101035,0.01849561,0.0029098648,-0.044204757,0.016656982,0.026137613,-0.043306414
0.06952775,-0.036505032,0.039535895,-0.04258938,-0.06552058,0.01692623,-0.059917655,0.00890037,-0.02042152,-0.046159185,-0.0030159988,-0.04031302,0.058739882,-0.05222612,-0.06704417,-0.018968314,-0.07882334,-0.029841157,0.0629712,-0.0655104,-0.026589228,0.051420614,0.071292214,-0.042681236,-0.06875669,0.07845176,0.007231631,-0.032434907,-0.04070197,-0.03772518,-0.017077645,-0.05557699
0.08561995,-0.009299866,0.039020713,0.054977342,0.01924875,0.046299323,0.08713946,0.06535793,0.05658665,0.07420867,-0.041077305,0.073030576,0.002187657,0.08874342,-0.065770775,-0.016886666,0.07075751,0.022298293,0.084709756,0.08321089,0.06932674,0.05539829,0.031788286,0.001502393,0.038125396,-0.014620873,0.0767738,0.038377114,0.073494226,-0.04020639,-0.003423464,0.083704956
-0.00869994,0.033745896,0.058353893,-0.05762816,0.022622043,0.042311784,-0.061161716,0.054572515,0.03289698,0.042860597,-0.03515138,-0.008644342,0.040435437,-0.054501146,-0.020028735,0.016074039,0.006262739,-0.0072131306,-0.033322413,-0.03183711,-0.04643671,0.055572525,0.01986467,-0.052503444,0.053978425,-0.028132146,-0.00046097417,0.05220334,-0.007935356,-0.002848952,0.05259603,0.024892122
0.043876007,-0.005997689,0.054965597,-0.041105725,0.03814704,0.016514724,-0.0349573,0.011390094,0.054503094,-0.035741456,0.011661795,-0.045184143,0.0017864176,-0.064467974,0.00027644404,-0.07109071,0.036235586,-0.011424998,0.013402812,-0.016161505,-0.048687425,-0.0020242927,-0.03523102,0.015028018,0.017134856,-0.0118126245,-0.0076612486,-0.06243637,0.060695414,0.02827543,-0.00043885605,0.016529333
0.062086552,-0.06798957,-0.046863686,0.055097103,0.046560887,-0.043313216,0.026089873,0.040967736,-0.012413318,-0.04972992,0.017380942,-0.04221327,-0.055209875,0.03042028,-0.048663292,-0.015355035,0.0053577144,0.009867776,0.07162776,0.06065969,0.0086999945,-0.0073852926,0.038139246,-0.021406617,0.018080788,-0.047462404,0.03676115,0.032383475,-0.055556647,-0.04896759,-0.05269853,0.041614726
-0.013905511,-0.038396657,-0.047787737,0.05130035,-0.0049806866,-0.04396774,0.0150254825,0.019061975,0.059424188,-0.01049445,0.036139447,0.056063592,-0.031936057,0.011123738,0.048199832,-0.027339265,-0.037863243,0.06007787,-0.04010264,0.020313881,0.037881598,-0.044756513,0.039167654,-0.03398209,0.0006120435,-0.014299142,0.033710077,-0.0052081076,0.04216614,0.00960128,0.017699078,0.020112485
0.000703364,0.049478907,0.057043727,-0.06868858,-0.03487711,0.01542925,-0.067033984,-0.021040699,0.017012509,-0.010002927,-0.027683496,-0.015738351,-0.01028703,0.0017303749,-0.054752167,0.014643528,-0.044243667,-0.05031781,-0.038910806,0.05080946,0.037183624,0.010388327,0.06299498,0.0145626385,-0.044044763,0.033527028,0.013581813,-0.074989736,-0.05015066,0.02955903,-0.04034709,0.033205092
-0.056244463,-0.06298704,-0.06282817,-0.05115155,-0.009060012,-0.059135195,-0.084225856,0.023815349,-0.0051686713,0.007328387,-0.07756294,0.04156143,-0.009803952,0.072962865,-0.03749079,-0.051895957,-0.0028252318,0.050828747,-0.035454746,-0.0669312,-0.016918592,0.052310545,0.02129433,-0.011692091,-0.060367577,-0.0016214731,0.0020848978,-0.057269998,0.009856821,-0.06722029,-0.054330923,-0.016850246
0.018742928,-0.01613072,-0.034838986,0.024729483,-0.03923693,-0.025048252,-0.07364884,-0.010465037,-0.002002097,-0.0069929115,0.02824263,-0.047712527,-0.02068575,-0.06503886,0.07105769,-0.0029437062,-0.03257604,0.010749159,-0.022922536,-0.020597247,-0.047487352,-0.028958412,-0.029324258,-0.07733365,-0.03819594,0.02340156,-0.058480017,-0.05088362,-0.012623891,-0.036179464,-0.013182795,-0.012079811
0.020141067,0.07243085,0.040481232,0.050633997,0.059789248,0.02138493,0.026016641,-0.0034654632,0.059453953,-0.026777623,0.03932715,0.06284469,0.023293227,0.049648736,0.05641276,0.05169037,-0.008312652,0.015329106,-0.033317126,-0.008635103,0.05608287,0.07080786,0.071366616,0.04175541,0.012033958,0.018845767,0.06787354,0.046653043,-0.030352527,0.04040853,-0.032952018,0.03722562
-0.019791786,0.07712005,0.06323416,0.066349074,-0.0049925745,0.063853316,0.036874905,0.068444364,0.049834426,0.07005812,-0.049882744,0.018470896,0.04735933,0.057256185,0.029636465,0.06511179,-0.021434354,0.040283512,-0.061843235,0.0628426,0.08110771,0.052425843,-0.020818813,0.038978778,0.0051507843,0.0048001083,0.06284952,0.07470007,0.061525464,0.05233028,0.034024343,0.05103224
0.030980455,-0.023146722,-0.025720011,0.019640706,-0.0030044853,-0.025057424,0.06490195,-0.00093863596,0.01001441,-0.02622948,0.06660601,-0.013984881,0.014877917,0.006325644,0.047621112,0.021604713,0.0084889615,-0.034319244,0.011621068,0.023489036,0.015108309,0.04811286,-0.02796297,0.06090105,-0.011947162,0.026984781,-0.030029647,-0.046912253,0.04024954,0.026627472,-0.051105186,-0.027328135
0.05546045,-0.023034161,0.051171586,-0.03840526,0.072375536,0.019636627,0.04213896,-0.0051277345,0.017606065,-0.07262614,-0.018554252,0.03992063,0.059314482,-0.03318803,0.024963938,-0.034100864,0.020678498,-0.0082738325,0.0427086,0.0031669552,0.039177235,0.056931693,-0.0008228715,-0.06629319,0.054081418,-0.0752382,0.00266452,-0.036940604,-0.021906106,0.052384194,-0.009515579,-0.02058052
-0.000503673,-0.03535657,-0.06959734,-0.016769167,-0.05664138,-0.055555947,0.038474493,0.021176849,0.0078624915,0.031178912,0.033624973,-0.05886253,-0.075555086,-0.015636923,0.031331073,-0.05666988,-0.059291523,-0.059018135,-0.058406204,-0.04522848,0.020598568,0.023400186,0.020221649,-0.0475936,-0.029611375,0.006915082,-0.023001429,-0.06327904,-0.030246532,-0.03199479,-0.04461308,-0.020665007
-0.027243078,-0.05197781,-0.052076813,0.05797868,-0.0133082885,0.036737006,-0.0102259945,-0.017470082,-0.053245988,-0.020766769,-0.071400866,-0.030184483,-0.046840932,-0.042955063,-0.025467321,-0.054900605,-0.03168913,-0.060599733,0.049350098,-0.026651295,-0.06538666,-0.03367402,-0.065162145,-0.05156773,-0.05949908,-0.046945844,-0.044758946,-0.027892096,-0.052043695,-0.067943186,-0.032757666,-0.061588056
0.053780098,0.06950651,0.07430117,0.03659689,0.046986483,0.06097437,0.07226404,-0.0274596,0.03799072,0.04172167,0.006199053,0.03803,0.055739384,0.06942986,-0.0015912073,0.042517588,0.069715545,0.06300466,0.054192685,0.035574947,0.046341274,0.04297846,0.052020743,0.021290284,0.024683347,-0.023989469,-0.006528663,0.050584435,-0.0050886706,0.044273343,0.04115855,0.03845573
0.044776015,-0.0052353586,-0.004217183,0.047939792,-0.06446339,0.026512563,0.030728236,-0.03086595,-0.008204276,0.028791353,0.001337749,0.009304469,-0.0021727039,-0.029964576,0.015640622,-0.04368992,9.598631e-05,-0.043906666,0.052896354,0.012303248,-0.014182189,-0.0056595677,-0.033520475,0.022905752,-0.020690912,0.02057158,-0.028945746,0.0080749225,-0.04985811,0.037217174,0.02498207,-0.012322359
0.08046843,0.053765625,0.044625845,0.033673696,0.030155517,0.055753354,0.03380032,0.033394597,0.062322665,0.04395823,0.016766597,-0.006074974,-0.011871508,-0.010881269,0.053548053,0.0215267,0.027442878,0.059990678,0.038066726,0.051087406,0.03465239,-0.055994794,0.011750767,0.027051914,0.06606117,0.05118568,0.016441628,0.0016918697,0.038820513,0.007082353,0.054976057,0.026328208
0.057719532,-0.044357225,0.00055569015,0.06119604,-0.01863792,0.018829199,-0.010711083,0.069200404,0.010328307,0.020770026,-0.0006089618,-0.073745854,-0.0019252606,-0.01808948,-0.06872687,-0.05941963,0.004305073,-0.062952735,0.05337495,-0.034606688,0.021654166,-0.030568263,0.01980469,-0.03345368,-0.06887626,-0.057269923,-0.035939567,-0.042017657,0.048136443,-0.05110805,-0.056013927,0.025499498
-0.009151865,-0.0011629213,0.017926985,-0.03025267,-0.018987352,0.047315266,-9.889668e-05,-0.06903326,-0.06784564,-0.033210363,0.02685549,0.037889075,0.048134882,-0.024126628,-0.019950803,0.007983844,0.012379753,0.028349293,0.04464859,0.017694604,-0.027991164,-0.025505047,-0.010630697,0.01785996,-0.024714481,-0.05828685,-0.06951676,0.048474018,0.007412887,0.03965958,0.035454657,-0.035172105
0.055862557,0.042564426,0.058161877,0.03798416,0.032099217,-0.0033596635,0.041861337,0.017979212,0.009676673,0.023986675,0.025578406,0.0057092467,0.0411241,0.05595956,-0.020287355,0.046989236,0.042809248,0.055320825,0.059617866,-0.024515562,0.018436458,0.04105462,0.05001635,-0.004248297,0.056707483,0.024277745,0.072027564,0.027535101,0.019132802,0.04975382,0.05014534,0.048621513
-0.0497576,-0.045942053,-0.056219645,-0.042591263,-0.049669363,-0.063225165,-0.0060558375,0.03354985,-0.041079078,0.016831024,-0.039820023,0.0008831351,-0.0759363,-0.048093963,-0.029723305,-0.06341951,-0.0355477,-0.038718063,-0.056863513,-0.048595827,-0.07851202,-0.06745636,-0.035387415,-0.079755776,-0.009294988,-0.013957706,-0.023811854,-0.072981894,-0.03639032,-0.047636125,-0.05284895,-0.004168747
-0.039052535,-0.07402384,-0.027490208,0.008292206,-0.04324884,-0.008801689,-0.08133079,-0.07461592,0.0145687135,-0.042253226,-0.080434255,-0.032677513,-0.045445267,-0.033497274,-0.06439623,0.015327793,0.0039639436,-0.021649547,-0.053313453,-0.046085693,-0.013924443,0.04136593,-0.018876392,-0.058271755,-0.042016074,-0.04097396,0.036893766,-0.04176555,-0.07334361,-0.0510099,0.016920788,-0.065358415
0.0031646886,0.004301269,-0.012683926,-0.03547042,0.05792926,-0.0091155395,0.051476113,0.0044464683,-0.0008279888,0.035404146,-0.030223064,0.04229797,0.0033501997,0.018669052,0.017962625,-0.065993965,-0.052303232,0.08693735,-0.052439764,-0.03455346,0.04938173,0.034641013,0.018528866,-0.04281547,0.009048256,-0.02420735,0.016150123,0.049869984,-0.038711,0.045375593,0.0369,-0.08205405
0.002816578,0.07194852,-0.05294928,-0.06743509,-0.0793808,-0.04064389,-0.07610513,0.04736405,0.046257976,0.05795517,-0.057752058,0.052580085,-0.02553742,-0.060703304,-0.06153727,0.029205808,-0.06854695,0.0075242682,0.011708093,-0.021612037,0.00770701,0.015870132,-0.07857138,-0.048624784,-0.06262213,-0.023422942,-0.018783115,-0.030713988,-0.067210555,-0.025864849,-0.021257512,-0.039760433
-0.026403692,0.015621291,0.014999301,0.039248608,0.027500246,-0.0029835657,0.0615199,-0.010720842,0.04749878,-0.027035797,0.027180245,0.062584706,0.07152144,0.059874456,0.02112679,0.022730963,0.016849749,0.058636088,0.016740706,0.026457999,0.05412522,0.08118151,0.027461438,0.047155328,0.06807985,0.010316953,0.029723413,0.034556594,0.047878455,0.06977921,0.023914803,0.038386047
0.01068413,-0.0288633,0.05434287,-0.05601572,-0.088865146,-0.0020567847,0.02306389,0.01756457,-0.05385379,0.024500309,-0.059487168,-0.0702601,-0.073859684,0.056963306,-0.08071079,0.044739235,0.053113285,-0.056555897,0.025309386,0.03289053,-0.043871418,-0.063152164,0.05771989,-0.020068342,0.038944505,0.011248776,0.060367327,-0.008474163,-0.07454403,-0.07482404,0.061436284,0.031580735
0.050933704,-0.006971632,0.07972439,-0.06613561,-0.020908395,-0.04381044,0.048991084,-0.008702618,0.028249335,-0.004834284,-0.002576481,0.021061162,0.0116468705,0.012078766,-0.017219244,0.028519731,0.059935827,-0.059036914,0.0282046,0.0028654307,-0.061431587,0.04813898,-0.032024346,0.003548114,0.049713567,-0.02282763,0.002917182,-0.060437523,0.04031613,-0.076457664,0.066646874,-0.015950186
-0.045335617,0.050484143,-0.005868551,0.014782051,0.01706868,0.07316513,-0.015320693,0.0443372,0.026808383,0.023724448,0.0300617,-0.009619619,0.043959815,-0.058710862,0.06835439,-0.040108986,0.037989426,-0.04392663,-0.05291353,-0.0016662746,-0.057402447,-0.0052708345,-0.0029370715,0.020240562,-0.038908876,-0.039754916,-0.044248436,-0.024558399,0.04727284,-0.0017849685,-0.057510506,0.028575074
-0.009553862,0.08761461,0.06864613,0.07143652,-0.00027033707,-0.031406894,0.06981756,0.057638235,0.08204062,0.0676862,0.056342725,0.00684302,-0.013279549,0.08502728,0.050365735,0.07672666,0.025227373,0.074745834,-0.02281828,0.080218226,0.028792543,-0.04268539,0.046927303,0.07742625,0.059305932,0.057533953,0.04647952,0.06803875,-0.009821862,0.043675844,0.07523288,0.04274191
-0.033983145,0.017245457,0.03478004,0.02720947,-0.011960194,0.050786432,0.026929354,0.043680742,0.012811796,-0.058479972,-0.034242976,0.011435354,0.03595293,-0.010018832,-0.03399267,0.0016075774,0.0047757733,0.011863231,-0.029458847,0.022162642,0.026320063,0.06313868,0.027778849,0.041117784,-0.04370249,-0.051405035,-0.050878394,0.050781094,-0.051283367,-0.003372903,0.046815764,-0.027695345
-0.016817786,0.061677005,-0.008768622,0.00914087,0.01279549,-0.05153345,0.052800912,-0.037166953,-0.045918487,-0.020056099,-0.045676693,0.04931808,-0.020158935,0.057377204,-0.015460073,0.03402585,0.028512634,-0.06430672,0.017707765,0.0053450703,-0.034658633,-0.033549163,-0.008907398,-0.010713639,-0.052392542,-0.054439716,-0.038317367,0.033930145,-0.064559266,-0.008958399,-0.06331961,-0.04040031
-0.06043146,-0.07646494,0.011244067,-0.033223405,-0.063472465,0.054398924,-0.06539525,-0.01753102,-0.045877732,-0.04841711,0.0389733,-0.077901796,0.015762433,-0.049474146,-0.05546297,-0.06871412,-0.054733515,0.008789577,-0.053252183,-0.032008726,-0.054959398,0.05573482,0.053349234,-0.06598994,0.077756606,-0.05156105,-0.0094511835,-0.06468185,-0.055210486,-0.06656492,-0.05169161,-0.0764063
0.051334135,0.08336067,0.061975703,0.052853253,0.04887575,0.0059377044,0.034389593,0.015629971,0.0011157618,-0.042066783,0.018285174,0.034948263,-0.036844287,0.07299002,0.016517945,0.0048831333,0.044447284,-0.0423676,-0.008564194,0.07879588,0.022479815,-0.03997496,0.05440166,-0.04684876,0.060307156,0.05260403,0.0216588,-0.01672398,0.017893484,0.0538802,0.04974551,0.031374324
0.00015088858,0.033644237,-0.00578076,-0.000257159,0.026304595,0.0032246965,0.053694744,0.021281954,0.013074108,0.036634967,0.08963303,0.058868565,0.03639388,-0.00019639339,-0.014558344,0.0020874476,0.031332448,0.043799996,0.05234549,0.031338006,0.046914604,0.00019708766,0.06148684,0.051782824,-0.023568647,0.044997737,0.057956032,0.023987835,0.043673787,0.0038010152,0.027393779,0.075945884
-0.0816235,-0.07483988,-0.015605733,-0.07374686,-0.076987654,-0.06692823,-0.042842824,0.047149513,-0.083137885,-0.076038085,-0.041644853,0.0009857386,-0.06378509,-0.086826816,-0.057865728,-0.05710032,-0.021030694,-0.021783745,-0.07846853,-0.08111436,-0.08294657,-0.07987273,-0.08012132,-0.044217665,-0.050558522,-0.0887802,-0.07840016,-0.06918796,-0.057312705,-0.05961056,-0.06856947,-0.08925665
-0.07553605,0.021949891,0.017778981,-0.032050736,0.051142544,0.013030433,-0.033995617,-0.0032112275,0.030451791,-0.042478725,0.049320254,-0.012059703,0.015436702,0.04945926,0.0069882474,-0.007700831,-0.007916175,0.039083872,-0.060295656,-0.030356072,0.0049282624,-0.012606517,-0.034570992,0.08601442,-0.02616275,0.08667932,0.035646345,0.0005960094,-0.020107841,-0.042485196,-0.062048137,0.014691697
-0.065787405,-0.053827975,-0.070722744,-0.0010341194,-0.029158657,-0.06439803,-0.06572084,-0.07106566,-0.04528419,-0.030163975,-0.09029666,-0.054582343,-0.06864849,-0.032244753,-0.019239929,-0.051895317,-0.066934556,0.0018594943,-0.06964227,-0.04939393,-0.04843558,-0.05820996,-0.026711619,-0.07111772,-0.063422345,-0.06721811,-0.0074000354,-0.029911734,-0.07498968,-0.004599708,-0.051198594,-0.06427186
-0.013179127,0.048066705,0.0034574792,0.05671733,0.05474996,0.044656005,0.004505772,0.023287605,-0.01057684,0.022303544,0.03115154,0.053989436,0.063846834,0.014493376,0.06066294,0.036818415,0.056358494,0.018747674,-0.0015598327,0.061440248,0.0531779,0.050157208,0.042843536,0.052906245,-0.019384945,0.059677783,0.033138737,0.010689774,0.035444796,0.0396478,-0.014197338,0.05869002
0.0059370156,0.015022217,0.027763916,0.05783478,0.022816906,0.054422885,0.007359548,0.048377488,0.0065821945,0.054193903,0.042222437,0.030492777,0.035452243,0.01474536,0.04438871,0.0309774,0.041566435,0.048323214,0.007814301,0.054207943,0.03756313,0.005539891,0.03755429,0.003107335,0.042395465,0.02956806,0.050993793,0.028609188,-0.0313304,-0.025598181,0.057665017,0.054556396
-0.022510279,0.033435054,-0.016182575,-0.05155515,-0.0025709872,0.013606058,-0.006720856,0.026525207,-0.05700197,-0.031351108,0.009850642,0.044196162,-0.025759785,-0.031205757,0.05778342,-0.0658426,0.016508017,0.053001236,0.02538657,-0.06523489,-0.05353045,-0.045475066,-0.056304786,-0.0046472703,-0.06768136,-0.04459505,-0.07144435,-0.07560091,-0.06749558,0.053313967,-0.07447587,-0.024994072
-0.03185305,-0.064750396,-0.027573893,0.046320602,-0.024406618,-0.073814526,-0.012523114,0.010932592,-0.035039216,-0.022577895,-0.03908537,-0.023368705,-0.054517783,0.0073389877,-0.065670244,0.0071174153,-0.058073614,-0.029985638,0.058578618,-0.0064078686,-0.046986636,-0.017902307,-0.047069903,-0.07279576,0.005800521,-0.026804393,-0.013536421,-0.009627507,-0.035298098,-0.022945283,0.044556618,0.030807542
-0.005656275,-0.0035662255,-0.06509575,-0.022576943,-0.023249948,-0.05634222,-0.03039036,-0.094708115,-0.077820465,-0.020735871,-0.0046724705,-0.020193407,-0.06842947,-0.02397184,-0.00505713,-0.066621155,-0.007814518,-0.03909628,-0.04634431,-0.03894147,-0.05301142,0.0036248125,-0.054996084,-0.060027238,-0.06685615,0.0072198682,-0.033653576,-0.04542981,-0.040910687,-0.049852196,-0.05048255,-0.028808031
0.03644164,0.044258524,0.0690059,0.022389194,-0.0029948915,-0.031049708,0.043333884,-0.017188087,0.0016626704,0.047480244,0.036297895,0.0038114393,-0.013127713,0.025296357,0.022071062,0.06394323,-0.00014301242,0.060248874,0.026449326,0.00053300255,0.039006304,-0.026803607,0.061859693,-0.0007504718,0.07752061,0.070842646,0.08026248,0.013542265,-0.013625296,-0.023407724,0.059987433,0.02369264
-0.090723395,-0.02131949,-0.036622167,-0.046561044,0.07729593,-0.077494584,-0.037970398,0.021720132,-0.011852599,-0.0767661,0.054116797,0.08128286,-0.008862143,-0.04180496,0.06760326,-0.08379103,-0.08802884,-0.025123384,-0.08764683,-0.07662145,-0.0713779,-0.06111858,-0.056592308,-0.09136117,-0.07952097,-0.058837254,-0.084184244,-0.08317869,0.0059991195,0.011677895,-0.07917319,-0.03544107
0.0318458,0.07811193,-0.014224379,0.045333914,0.058596984,-0.05506589,-0.013096168,0.061822824,0.05993009,0.0020933594,-0.009954657,0.07623053,-0.0069648214,-0.07591655,-0.01582169,0.012030915,0.047209147,-0.042096667,0.06439232,0.07610898,0.023312584,-0.028428255,0.081998475,-0.02535001,0.038340792,0.013723001,-0.02175553,-0.05050302,0.02693704,-0.064802684,0.051159125,0.06460984
-0.031920124,0.013782185,-0.012488294,0.004517537,-0.036621977,-0.04847779,-0.0035556254,0.0390683,-0.050352026,-0.053735506,-0.07733395,-0.053720005,-0.038642198,-0.034404974,-0.035063673,-0.028792644,-0.032053437,0.0030467024,-0.026706541,-0.03286201,-0.053341553,0.03638771,-0.006918859,-0.038845096,-0.0071510063,-0.08400939,-0.026747044,0.0063148662,-0.0549679,-0.06952204,-0.033523943,-0.022563335
0.013997014,0.06965582,0.060293823,0.012473859,0.013130251,0.07966551,0.029649246,0.018855242,0.040867236,0.059816528,-0.012813524,0.046281677,0.024708757,0.022084888,0.018285712,0.06839677,0.0356474,-0.010158374,0.042547107,0.016509622,0.036865655,0.012762691,-0.01173513,0.057124265,-0.04962187,0.009373994,0.04767851,0.06465194,0.026545813,0.008786749,-0.010376892,0.047089905
-0.06380249,0.0136821,-0.051640417,0.019491581,-0.047586247,-0.015752908,-0.054675363,-0.0010385755,-0.011577652,-0.039817624,-0.039561126,-0.04944919,-0.024721233,-0.032507993,-0.06121817,0.014533969,-0.023985451,9.976367e-05,-0.021889761,-0.0037382513,-0.050326068,-0.067087084,-0.028164597,-0.056024563,-0.039895464,-0.05582796,-0.019339716,-0.015456332,0.009297478,-0.055356223,-0.06369971,-0.014708086
-0.010083052,0.017236074,-0.0054254415,0.023130355,0.020078031,-0.024165755,-0.014046701,0.06423752,0.04987179,0.0447747,-0.0034169203,0.058083333,0.00038755237,-0.032570876,0.0062731123,0.005934118,0.027444223,0.0034950043,-0.04366791,-0.018062381,-0.015151544,0.054452583,-0.020207455,-0.015243995,-0.019241212,0.017395576,-0.033490717,-0.012465661,-0.015839912,0.018040188,-0.03859445,-0.0047616847
-0.06119728,0.0023015887,0.0458412,0.034829084,0.057748236,0.0058800247,-0.06748034,0.062744446,0.07485942,0.06099195,-0.005716065,-0.010733277,0.02370938,-0.029292256,0.06083198,0.007125231,-0.023270437,0.05479131,-0.027035471,0.06481118,0.037615847,-0.01187046,0.0444919,0.016171047,-0.060245056,0.039581932,0.0489405,0.04591619,0.0021296265,0.059149858,0.020759432,0.030623624
-0.050887436,-0.018239655,0.06468461,-0.076225586,0.02134726,-0.012519358,-0.05315888,0.021924669,-0.06787244,-0.06332106,-0.028847467,0.031185893,-0.01590107,-0.04357471,0.029193753,-0.06777289,-0.08467684,-0.0050671888,-0.06445713,-0.07971407,-0.0547344,-0.029131817,-0.04755501,-0.08370401,-0.022598904,-0.062097184,-0.07955818,-0.06843244,-0.0200272,-0.07237488,-0.04676299,-0.034400813
0.024627564,0.044688188,-0.005046821,0.04676576,0.013992628,0.034431342,0.074122086,0.026809325,-0.03770217,-0.0103361225,0.0865413,0.047651753,0.0619099,0.009151225,0.021330692,-0.0028926781,0.015447918,0.04362016,0.03548427,0.012889136,0.011870985,-0.0019218238,0.024361685,-0.009837051,0.07514985,-0.05220128,-0.011290586,-0.02544793,0.062748276,-0.0009461331,0.0030983463,0.046401504
0.008795908,-0.08008876,-0.060248464,-0.011144185,-0.052063856,-0.04245993,-0.03194916,-0.072826274,-0.05362091,-0.049873006,-0.022240689,-0.034397256,-0.048691057,-0.049003724,-0.00020272116,-0.050535858,-0.036872596,-0.042520143,0.0022070839,-0.030058665,-0.008670616,-0.05298716,-0.05713248,-0.04338576,-0.026389526,-0.010295781,-0.039216757,0.020937342,-0.018468225,-0.030554106,0.031053124,-0.01612585
0.019469587,0.07339362,0.017128523,0.058168385,0.053788472,0.031132028,0.04716583,0.069627054,0.032609835,0.02957914,0.067453064,0.06728661,0.060817398,0.06113295,0.028974982,0.059096407,0.039395273,0.047963414,0.068182044,0.055731498,0.009516831,0.050254826,-0.0013291688,0.07242762,0.031350315,0.06254605,-0.005931572,0.07062041,0.07253128,0.020728067,0.0035979827,0.0125675695
0.019915655,0.068515405,0.017646894,-0.050612576,-0.029727433,0.010192187,0.03404935,0.01782218,0.033074837,0.05900751,-0.0053189257,-0.023768336,0.06506454,-0.034357734,0.053567294,0.05199588,-0.047680635,0.035550408,0.018182315,0.06996668,0.0715519,0.032706097,-0.018965025,-0.054372814,-0.025622543,-0.041626833,0.03098607,0.048104905,0.04271254,0.059059046,-0.003942909,0.023063693
0.06393116,0.060932767,0.04900822,-0.044567432,-0.016611574,0.05216928,0.027872827,0.056203194,0.013497881,0.015124696,0.047687534,-0.07101522,-0.045551606,-0.0204853,0.02224353,0.01941222,0.030691955,0.01965527,0.06583889,0.015329097,0.015989533,0.037413318,0.051464774,-0.02561173,-0.014494578,0.030490771,0.022628322,0.06775446,-0.05873474,-0.06672306,0.028449321,-0.038336966
0.028209772,0.006746721,-0.051833507,0.025055174,-0.058512736,-0.040772595,0.006041612,-0.036164083,-0.06744364,-0.0717299,0.06703751,0.0034024564,-0.027171133,0.06551782,-0.050982412,-0.069547035,0.0024127506,-0.05852223,-0.03279018,-0.034677602,-0.07651759,-0.04370658,-0.05030766,0.020045273,-0.03482094,-0.018842172,-0.04437941,-0.07701175,-0.04570713,0.0062654233,-0.027769377,0.024689332
0.023344012,0.06717971,0.0046985354,0.06919591,0.023783926,0.0645824,0.043098778,-0.1005931,-0.07564644,-0.026396077,0.030361608,0.03641877,0.053927723,0.061333906,0.048150185,0.031186884,0.052352354,-0.0319739,0.02186648,0.060229514,0.027547188,0.018359657,0.009305436,0.0628371,0.032009386,-0.023002204,0.039558943,0.056332614,0.07209736,-0.057827733,-0.0075361407,0.009471573
-0.08623268,-0.09427985,-0.09185563,-0.07571753,-0.08812554,-0.084318265,-0.09961372,-0.09788509,-0.071146384,-0.07424961,-0.10114273,-0.077943385,-0.09407561,-0.08959938,-0.080153294,-0.08371989,-0.086294964,-0.09432679,-0.08699673,-0.08297042,-0.09857961,-0.083986245,-0.08563215,-0.0975318,-0.08234349,-0.08577332,-0.08221625,-0.08179711,-0.08183903,-0.07927459,-0.07546269,-0.08843221
-0.07253212,-0.01791761,0.007865536,0.01660811,-0.04076688,-0.014214217,0.007998366,-0.037640743,-0.034169264,0.0064681484,0.0060861455,0.014090718,-0.010830241,-0.0036594227,0.035735548,0.041872777,0.017140884,-0.03184977,-0.0061130454,0.044273682,0.072764516,0.039893113,0.03946384,-0.005199281,0.027310207,0.01391438,0.073442906,0.0384671,0.0142154675,0.018354258,-0.03160442,0.04057583
0.063333064,0.04866685,0.08009126,0.011359459,-0.044663012,0.04719251,0.04700589,-0.0054769316,-0.009559698,0.06661705,0.03399726,0.059616253,0.0021684116,0.0668274,-0.018373694,0.017189719,0.072359405,0.05456167,0.06534064,0.057875615,0.052366536,0.00915943,0.018261682,0.030256232,-0.0077434583,-0.026943076,0.08163225,0.03822316,0.0025104508,0.05049495,0.042760808,-0.018769449
0.013646652,-0.06618417,-0.060357437,-0.04334825,0.019365074,-0.020064479,-0.02769973,0.023153368,0.02504595,0.010000537,0.0018482301,-0.06899911,0.007971464,-0.06559788,0.04939151,0.026865033,0.0055523026,-0.09418885,0.030063156,-0.012017049,0.020563984,0.0065914756,-0.049614284,0.009665824,-0.022281196,0.010608216,0.06407577,0.012566464,0.0353758,-0.046860896,0.023108246,-0.033806928
-0.0052631595,-0.089675054,-0.05574428,0.014915222,0.02714401,-0.06941515,0.002967422,-0.07537873,-0.046067014,-0.054560963,-0.036325313,0.06821862,-0.032485295,0.04104573,-0.0739162,-0.050232217,-0.026226807,-0.020795533,0.024649749,-0.05472867,-0.068891175,-0.036164567,-0.04066193,0.029631263,-0.027864914,-0.072490335,0.017297508,-0.03517101,0.028654927,-0.06088644,-0.07009862,-0.037589617
-0.022293473,-0.07130561,-0.04848197,-0.059528843,-0.06971602,-0.0699756,-0.06721485,-0.03967565,-0.07053256,-0.066230424,-0.05145402,-0.028376672,-0.05392607,-0.067822754,-0.059358053,-0.061886307,-0.07229101,-0.0638777,-0.035622947,-0.05833002,-0.054265022,-0.020781945,-0.07613281,-0.07799832,-0.007841842,-0.04158051,-0.06630447,-0.052244622,-0.020120958,-0.017404899,-0.070195936,-0.08093996
-0.047618214,-0.011355285,0.033875424,-0.02320354,-0.030312678,-0.0664285,-0.02373222,-0.06533817,-0.034222893,-0.0072669582,-0.027630066,-0.016481752,-0.072656706,-0.05635681,0.004871893,0.012632731,-0.048167262,-0.063634515,-0.017705897,-0.036507905,-0.028651243,-0.071774356,-0.0055283466,-0.062124003,-0.010227058,-0.04206318,-0.06045821,-0.03802914,-0.014782541,-0.0060812817,-0.043837026,-0.046797257
0.061325435,0.05686749,0.0390955,0.060961507,0.0222983,-0.02072626,0.060324866,0.018939804,0.042010207,0.062058352,0.06845328,-0.030051995,0.017013337,0.08194745,0.042613793,0.04222339,0.06171263,0.07540746,0.067388326,0.04584925,0.08444915,-0.007662674,0.067202084,0.013157246,0.08150007,0.004849199,0.0830341,0.075168334,0.069153786,0.033593323,0.07197339,0.051056493
-0.0076112775,-0.03348345,-0.06902397,-0.07078031,-0.073432714,-0.07472553,-0.002947126,-0.06629932,-0.073117256,-0.07476569,-0.07538757,-0.008659308,-0.06380961,-0.016471555,-0.066303946,-0.047087964,-0.06930991,-0.050916087,-0.03606138,-0.06364334,-0.054277867,-0.059034582,-0.01508341,-0.051052645,-0.06852037,-0.023353375,-0.014807216,-0.063003376,-0.05175641,-0.0379867,0.014019961,-0.072096996
