,Africa,airport,Australia,bar,bridge,castle,church,city,Eiffel Tower,fountain,house,hut,igloo,library,lighthouse,pyramid,restaurant,road,stage,stadium,tent,Texas,tunnel,well,windmill,barn,tepee
structure,0.2017142176255442,0.27408430840338505,0.2089351793320633,0.38289609962596494,0.3692525601186901,0.30081976302218894,0.3352953606295458,0.31524068576555253,0.2718307730199456,0.205109969259877,0.34545318043323414,0.23463338316113413,0.1682572266179937,0.264641201699952,0.17318806471837644,0.3335656287005855,0.26257032888882015,0.3573368561593676,0.4185167149317939,0.37429541074035555,0.22518708562870515,0.11221610649070723,0.21917699970188353,0.24135548715347677,0.2032293263520446,0.1664865378805066,0.2917837278055909
