Toys Games & Hobbies,ball,balloon,baseball,basketball,beads,binoculars,bubble,camera,checkers,compass,dart,dice,doll,dominoes,football,golfball,hopscotch,jump rope,kite,magnifying glass,marbles,medal,microphone,needle,net,record,robot,sandcastle,sewing machine,skateboard,skis,sled,slide,slingshot,sparkler,swing,target,telescope,tennis ball,thimble,tic-tac-toe,top,trophy,whistle,yarn,yo-yo
-0.02892195,-0.033877425,-0.04345106,-0.065114535,-0.033018228,-0.013273503,0.007857894,-0.020913705,-0.06814391,0.035049863,0.028075201,-0.062804356,-0.026971176,-0.050521437,0.00036021884,-0.066999055,0.0013024053,-0.031252015,-0.010326409,-0.032382235,0.01913031,-0.00026839526,-0.037915144,-0.06125095,-0.008021295,-0.04937136,-0.01184973,-0.059896115,-0.009229293,-0.022967055,-0.038666226,0.014258257,-0.012498823,-0.03521404,-0.004261535,0.012426935,-0.04388814,0.0008285503,-0.0053046765,-0.032005887,0.05180652,0.004515941,-0.07168244,-0.046218563,0.0044480534,-0.005329686,-0.027972102
-0.013120678,0.018396972,0.0289717,-0.019199368,-0.028591732,0.0047245855,0.028656805,0.023103805,0.017928256,-0.03319347,-0.061895914,0.036326434,0.017080538,-0.0015063644,-0.038229633,-0.002863141,-0.007948859,-0.044964448,-0.013556002,-0.008651842,0.023213115,0.0098344935,-0.04698984,0.016624464,-0.024648143,0.010787907,-0.03977653,-0.037180223,0.038702995,-0.04263385,-0.023085264,0.02568345,-0.006802515,0.04349732,0.00012222986,0.014361494,0.04101246,-0.01660108,-0.03865342,0.02694896,-0.0011935562,-0.015213504,-0.033009667,-0.058477845,0.047555424,0.013865268,-0.043548092
-0.0075283474,-0.013356877,0.034258947,-0.05490686,0.059215635,0.06938297,-0.032323614,-0.018137734,0.013802466,-0.019970007,0.06448586,-0.0050911983,0.003989776,-0.022777101,0.023238458,-0.079124466,-0.013181782,-0.020163244,0.01759128,0.08065924,0.054881312,0.051479857,-0.010131193,0.060218573,0.05139187,-0.036618125,0.060896676,-0.046212163,0.017242176,0.028054649,0.063776165,-0.056741167,0.00044783976,0.07104105,-0.011434043,0.05446817,0.07054736,-0.04216035,0.006779046,-0.060032606,-0.043542057,-0.048877828,0.0494218,-0.079103574,0.04668529,0.013393133,0.053201564
-0.01994287,0.06488196,0.03183511,0.0057205814,-0.001267287,0.034964345,0.023749206,0.059452556,0.066129655,-0.0334469,0.030080251,-0.0058464324,-0.0025471046,0.028395321,0.012447478,0.037766755,0.041854497,-0.023846075,0.034300327,0.05263046,0.049984694,-0.026586363,0.024904106,0.07086918,0.04044956,0.02056454,-0.024561696,0.031202398,-0.026585527,0.022631502,0.027465208,0.04125349,0.061242513,-0.014931847,0.016453551,0.03814664,0.04987483,0.026452513,0.036447644,0.0016516898,0.009597809,0.040126763,0.03447396,0.033180524,0.041748963,0.05610389,0.043830838
-0.06533702,-0.013543106,-0.057842184,0.014968276,0.0061821803,-0.031430896,0.05341711,-0.08220591,-0.0027967752,-0.050647825,-0.017748691,-0.037115514,-0.02818302,-0.03765415,-0.023765562,0.023289457,-0.012879204,-0.06739219,-0.036102057,0.024664009,-0.004275067,0.040458884,0.016715586,0.046053223,0.0066481726,0.0036193402,0.010879362,-0.018432217,-0.05472406,-0.035474293,-0.010553592,-0.053406402,-0.034165155,-0.068575114,0.026824426,0.009629542,-0.0498511,0.014495726,0.044870842,0.011629684,0.057566848,-0.02778769,-0.039288584,0.07412515,0.024235593,-0.046838067,-0.06921132
-0.034964874,0.02881495,-0.023367118,0.060270675,0.04250441,0.029608272,-0.0028033992,0.019459011,0.07667368,-0.038836397,-0.046216622,0.021977048,0.0036395688,-0.0051481454,0.05763545,0.053859133,0.020634362,-0.035996206,-0.06771989,0.0669904,-0.075493,-0.013607172,-0.025552649,0.037309077,-0.04090752,0.08620818,0.056493104,-0.050526354,0.01587302,0.019410072,-0.032987602,-0.015666567,-0.06544452,0.06421397,0.012961741,-0.016794953,0.089754894,0.08213509,-0.07683538,0.04365787,-0.0010304726,0.04089067,0.010038909,-0.023294263,0.07494136,0.0003862326,0.062055226
-0.069084406,0.017226247,0.04160792,0.035493452,0.030996569,0.0038096572,0.019379994,0.0056467787,0.0009252026,0.003707696,0.042794995,0.055695515,-0.061583966,-0.076537296,0.021299528,0.022882586,0.04326262,-0.047835734,-0.027025942,0.04707115,-0.025076497,0.045521427,-0.051568124,0.05693038,0.031856615,0.044487324,0.01851862,-0.037044697,0.05737433,-0.07324971,0.057471808,0.008376855,-0.0014691098,0.03435134,0.00383736,-0.0290547,-0.02743607,-0.06512844,0.0055212853,0.042787578,-0.060291238,-0.029475493,0.059779786,0.023167936,0.010908329,0.008436451,-0.029630175
-0.06113593,-0.009591189,0.0005184934,-0.013327659,-0.020922802,0.00033282183,-0.024098352,-0.017388048,0.06889274,0.035360858,0.031275082,0.010242727,0.040020153,-0.0066671255,-0.012462801,-0.032860123,0.005216493,-0.0015114855,0.0392659,-0.0078837415,0.023013772,0.056320477,0.00015459266,0.045737527,-0.011251812,0.0014603218,0.034087125,-0.021110272,0.014737175,-0.023188228,0.0049041784,-0.042166878,0.007272971,0.0789257,0.02529739,-0.029452259,-0.0010480213,0.007830247,-0.00238279,0.027722914,0.015643857,0.013195115,0.02162929,0.048594505,0.013590383,-0.027473768,-0.016014853
-0.022727214,-0.021647494,-0.0041149314,0.020119391,0.015996605,-0.0734609,-0.078029454,-0.016815554,0.0012609811,-0.019948287,-0.0017871051,-0.025169061,-0.06572549,0.04048777,-0.031817935,0.028561926,-0.0063338424,0.041091956,-0.026466697,-0.004212937,0.0133589525,-0.07881946,0.052110184,0.07198778,0.05113008,-0.0063303453,0.06295419,0.047708243,-0.0005758959,0.061701305,-0.011017597,-0.070754685,-0.010146397,0.012763476,-0.05164078,-0.03429882,-0.0016791208,-0.028206158,0.030980956,-0.038574036,0.07877252,0.050726324,-0.03975182,0.02411745,-0.015936881,0.032336466,0.044118688
-0.02558586,0.047607817,0.028856723,0.044096753,0.051259242,0.05467766,0.021702755,0.0733196,-0.0290929,0.050992437,0.014956952,0.000372342,0.029735427,0.017560214,0.019163365,0.04971195,0.06785204,0.0541237,0.060669385,0.05542367,0.028494516,0.061304398,-0.047907304,0.026849916,0.0377839,0.053881638,-0.040566873,0.00035610804,0.064992204,-0.010249397,-0.0044950168,-0.047388576,0.044033602,0.06682331,-0.006781153,0.06355102,0.06714635,-0.077760376,-0.050070252,0.05959346,0.014298646,0.08259115,0.027781552,0.014070165,0.057990063,0.0406931,0.043752063
-0.0049860952,-0.05732513,0.060974468,-0.07959257,-0.08350048,0.06162869,0.049621318,0.023084905,-0.048395663,0.013704269,0.023740025,0.03619562,0.050248038,0.07233959,-0.021483954,-0.08325889,-0.03807796,0.0750491,-0.017275684,0.06603063,0.027445422,0.032880817,0.011341518,-0.05037802,0.06537947,-0.073129885,-0.050168682,0.045333713,0.04918881,-0.06304659,-0.040269498,-0.03692911,0.020936372,-0.00588245,0.05067008,0.013909183,-0.045760687,0.02216415,0.004867134,-0.0678739,0.025530312,0.0431442,-0.024834698,-0.04617154,-0.015442564,0.055595554,-0.03178686
-0.0008477561,-0.016353376,0.019116806,-0.007571045,-0.045769732,0.00048473495,0.038590856,0.020749925,-0.014433067,-0.03418495,-0.044352792,-0.04805771,-0.06550498,0.028960042,-0.03665903,-0.054109372,-0.03227076,-0.021624032,-0.016053377,0.025883429,-0.005583439,0.04530942,0.011598105,0.017679298,0.04875741,0.034024164,0.058088772,0.02323403,-0.04968501,0.071861304,-0.057518177,-0.03853707,-0.06981091,-0.08016305,-0.02789266,-0.0337728,-0.038969915,-0.009873776,0.06943819,-0.018530607,-0.009965073,0.0028198597,0.0056333314,0.044833064,-0.007597102,0.07332578,-0.034254406
-0.008652986,0.0034436241,0.065908685,-0.005895886,-0.010922266,-0.0039811544,-0.05633252,0.0073503386,0.028131487,0.047004636,0.023561966,0.067949995,0.042715307,0.007165623,0.0639878,-0.004244816,-0.013870975,0.039339926,-0.039249554,0.020584082,0.028669141,0.055930007,0.011447675,0.05391163,0.040640645,-0.01220284,-0.012061099,0.061006535,0.06688538,0.014173692,0.0063720094,-0.051963758,-0.034277264,-0.012505514,0.014775019,0.0055335965,-0.0498086,-0.016209476,-0.017440487,0.011987673,0.07326111,-0.008301692,-0.054252584,-0.06567735,0.055992052,0.0608673,0.05069397
-0.07144789,0.014837548,0.026426956,0.004534812,-0.037966322,0.050013363,-0.051604904,0.031603348,0.0037377216,-0.045341533,-0.02188533,-0.045098715,-0.031022009,-0.025120357,0.017835166,-0.01396855,0.021364704,0.032050956,-0.06174456,-0.0075517534,-0.057743657,-0.058558386,0.05982869,0.001981492,-0.0165409,0.024321282,-0.067579314,-0.00371695,-0.049206775,-0.0239691,-0.02779161,-0.046890594,-0.018198662,-0.0078091267,-0.035730228,-0.006265402,-0.00434845,-0.017967094,-0.03849258,0.013787667,0.0011614038,-0.011480119,0.039723404,-0.018917475,-0.04531082,0.0012519126,0.015444576
0.06671845,0.032749794,0.059099626,0.06850547,0.04891776,0.036329992,0.033992093,-0.04297893,-0.035429712,-0.06735688,-0.014288936,-0.06536455,-0.044577774,0.0061885323,-0.07121081,-0.009985456,-0.048029967,-0.031154111,0.016023247,0.078748964,0.015395608,-0.00996507,0.0069392025,0.009973235,0.04311554,0.014267747,0.041119084,-0.0030902107,0.062708504,0.048829917,0.06106502,-0.013530329,-0.057771165,-0.025619434,0.00066826574,-0.0057250797,0.041278627,0.04163143,0.0029071826,-0.028591985,0.014992564,-0.0023272685,-0.032290813,-0.019294815,-0.07740145,0.0717692,0.048017703
-0.06639733,-0.030361304,-0.048488993,-0.052969657,-0.05182504,-0.015282067,0.026094861,0.014969474,0.058438044,-0.0042592804,-0.01055001,0.064123936,0.017157774,-0.061058294,-0.029845722,-0.062435996,0.05147817,0.0009972743,-0.005530821,-0.042607438,0.027105542,-0.008289363,-0.023285052,0.036093976,0.01746019,0.08269033,0.021351863,-0.030580878,0.066864796,0.02916671,0.007206631,-0.028013518,-0.034216497,0.01651798,0.0043371837,-0.034312956,-0.000500685,0.022948721,0.0047029713,0.025790462,-0.017596861,0.06688708,0.044230156,-0.0032993152,-0.071592346,-0.023526957,-0.050535187
-0.05699285,0.0046666116,-0.014264966,-0.015703175,0.037289903,0.04302581,0.040265948,0.04436452,0.008168306,0.04475345,0.017829442,0.028986944,0.06521603,-0.024202392,0.055980217,-0.017465554,-0.057371397,-0.0616061,-0.030897906,-0.025893196,-0.045988567,-0.019712692,0.008236795,0.077755384,-0.08138116,0.005155818,0.0165262,-0.029474718,-0.057857417,-0.006839923,0.032879587,0.025057435,-0.0247228,0.05523798,0.020867009,0.0059871897,0.07019152,0.017079154,-0.010625987,0.0049032266,0.030292865,0.058916125,0.020295357,0.03821471,0.055078384,0.042304672,-0.020132734
-0.008142496,-0.0034776626,0.05617726,-0.010459711,-0.009605864,-0.046813205,-0.016694102,0.07530268,0.0041726483,0.06205338,0.06694208,0.032832846,0.021866363,-0.04329687,0.06748254,-0.011287956,0.0036334952,0.05709395,0.025741868,0.071104825,0.017585084,-0.024996096,0.07586785,0.03180726,-0.017592654,-0.010669556,0.037789144,-0.025721295,0.06688671,0.037975553,0.045180723,-0.031624828,-0.011827601,0.052135285,0.023271801,-0.023757633,0.0015613418,0.0013423342,0.06171526,0.027549293,-0.0137523385,-0.0028425134,0.07336858,0.052343857,0.032977685,-0.0015710642,0.034603182
-0.057019714,-0.021009946,-0.07867293,-0.03452377,-0.020541955,-0.012677926,-0.0121401455,0.05677183,-0.021346932,0.026868753,0.003324486,-0.016355455,0.05035076,0.01423409,0.019754399,0.011465391,0.011617199,0.064774014,-0.013018839,0.061201096,0.024106754,-0.07610873,0.017951785,-0.021374645,-0.027434217,-0.021905227,-0.06926326,0.04621629,-0.021288086,0.030558173,0.017627774,0.06738367,0.030026097,0.03887539,-0.04009381,0.06809816,0.04559924,-0.009997512,0.03189429,-0.029057272,0.058459017,0.016270334,-0.021475649,-0.038158923,0.0075473613,-0.0022015718,-0.009758915
0.021724038,-0.04232562,-0.022617219,-0.0729201,-0.07925497,-0.035573926,-0.015511709,-0.0603167,0.016433986,0.0050799777,0.0124292085,0.027079605,0.007051515,0.028757365,0.04978236,-0.07726345,-0.028907971,-0.042531993,-0.03713447,-0.06174675,-0.074643515,-0.0598935,-0.04120811,-0.05090845,-0.047083613,-0.0059835305,0.019889912,-0.03763832,-0.032847516,-0.027164496,-0.06387547,-0.06570533,-0.06554718,-0.056785364,-0.02070358,-0.016471898,-0.010257927,0.00084010075,-0.015930241,-0.05911617,-0.009932789,-0.039784428,0.072096735,-0.028878083,-0.023821048,0.018589985,-0.024652049
0.02525497,-0.019075358,-0.013342317,-0.0012009809,-0.037752472,-0.049432248,-0.012593966,0.018190857,0.05593248,0.013146928,0.026967801,0.032892954,0.04375437,0.0049582524,0.012939247,-0.053601544,0.00805917,-0.025912112,-0.062942065,0.027483348,-0.003422702,0.020067459,0.016186131,0.0074264826,-0.012329976,0.03993402,-0.07014912,0.011421752,0.016046796,0.04189745,-0.0008670119,0.06298983,0.0377805,-0.044669166,0.0039042197,0.009990667,-0.031182373,0.051392682,-0.040118482,0.027033295,0.0070924605,0.0017973514,-0.023294043,-0.06773889,-0.0082160225,0.035152048,0.0037804558
-0.0098695485,0.0054624393,0.029970845,0.021565469,0.025029808,0.067632675,-0.0032226034,0.05472057,0.0014331208,0.02790607,0.0656099,0.047032338,0.04347374,0.026800655,0.043112062,0.02520219,0.07767813,0.071004204,-0.029889673,0.04885413,0.006819383,0.05512168,0.026406309,0.06519561,0.07147726,-0.08576419,-0.057219084,0.055580758,0.03944508,0.046155583,-0.0043274118,-0.0067681465,0.037319925,-0.027952518,-0.024315026,0.00773214,0.0043669697,-0.0012112918,0.06801973,0.015374595,0.04334207,0.06958368,0.028567387,0.038149673,0.056875758,0.065491974,0.016791027
0.06517213,-0.012812081,-0.026363445,-0.04898656,-0.05051289,-0.052119166,-0.048293844,0.013331739,0.059431296,-0.05799487,-0.030153796,-0.057332475,-0.014802428,0.043510366,-0.050793264,-0.007528714,0.03303409,-0.04561733,-0.049503338,0.008295696,-0.040744405,-0.07350144,-0.017787991,-0.06700492,0.03303405,-0.005733116,0.028238088,-0.038976774,-0.039278008,0.0049359626,-0.06804391,-0.029844873,-0.035992745,-0.058241144,-0.03759765,-0.027890429,0.018403057,0.032594185,0.042512648,-0.04392752,0.013992151,-0.038364578,-0.032528754,0.008255505,-0.06877496,0.042718295,-0.030502252
0.003470076,-0.0041114166,-0.022568977,0.03965763,-0.024346152,-0.04547275,0.02855325,-0.056360755,0.019175837,-0.0020316348,0.04865415,-0.06978363,-0.05776087,0.01661751,-0.052871916,-0.039356682,0.027666701,-0.028975165,-0.0590903,-0.06248259,0.008864507,-0.017293945,0.014069744,0.04506074,-0.03379741,-0.054936785,0.06748632,0.031963408,0.07960934,0.0031748454,0.012722846,-0.06630914,-0.0520943,-0.0073424624,0.024554376,-0.045917377,-0.0035049685,0.015456521,0.07624037,0.032452807,-0.03696364,0.009531298,0.04102157,0.047898833,0.011805725,0.03580015,0.019338826
0.017481903,-0.014646606,-0.030406065,0.046823494,0.017367838,-0.06804717,0.015575421,-0.04051005,-0.021905227,0.029380243,-0.013084651,-0.006961282,0.015189475,-0.03506137,0.012411233,0.06599586,-0.03534595,0.008174972,-0.06046607,0.034284756,0.05728889,-0.06760058,-0.021730376,-0.083422184,-0.028335102,-0.0060340166,-0.085988656,-0.021132141,0.027911464,-0.041440886,-0.040042073,0.0059645106,0.05771254,0.011289421,0.008500038,-0.055345744,-0.07244118,0.03958975,0.044305883,0.027567374,0.033442393,-0.004344166,0.018784566,0.0485262,-0.084050536,-0.052706573,-0.0805238
0.021174667,-0.00816722,0.07936842,0.078084365,-0.03873008,-0.03718435,-0.037352283,0.0611553,0.017775957,-0.03758521,0.051062126,-0.046132747,0.01932347,0.027316561,-0.012003483,-0.06632419,-0.04823771,0.07725968,0.044238906,-0.050517228,0.05151473,0.041055333,0.059478853,0.048635304,0.07312115,-0.030745434,0.0017615338,0.052593663,0.066613585,0.07430204,-0.05178455,-0.03333235,0.018325448,0.05239205,0.07898475,0.028165434,0.05399162,-0.0340813,-0.026025007,-0.00014926837,0.022160614,-0.040231895,0.030572226,0.0027990076,0.04663459,0.037114467,0.075998984
-0.011196767,0.016150083,0.03807443,-0.06804124,-0.052482706,-0.047596235,0.05902822,-0.01198499,-0.047099907,0.036485292,-0.037617035,0.041921943,0.052286763,-0.045919463,0.06807188,-0.04188713,-0.042066112,0.019040354,-0.005440825,-0.0017223379,0.027972234,-0.03179868,-0.065198556,-0.034529645,-0.050299317,0.040597863,-0.054523647,-0.086852394,-0.052119084,-0.026117513,0.001600195,0.0274786,-0.007102324,-0.024979012,0.05561344,0.00743994,-0.026221827,-0.009784483,0.028863491,-0.029436218,0.049664047,-0.068146735,-0.031129489,0.033637356,-0.0129230395,-0.06308208,-0.07893662
-0.03285129,-0.027543165,-0.050958045,-0.07085913,-0.039488163,-0.042219084,0.015797451,0.01822118,-0.05221735,0.03529424,-0.058844894,-0.044251505,-0.06859025,-0.0074166656,0.028096458,-0.07001217,-0.06587221,-0.007894329,-0.008658402,-0.03432578,-0.059151296,0.0108990865,-0.062460054,-0.069712676,-0.037429992,-0.02920307,-0.012355752,0.032826126,-0.051203635,0.04136512,-0.063750215,0.059264205,-0.0014823872,-0.013819285,-0.07097919,0.0525433,0.0030312906,0.04323215,-0.038619597,-0.05996718,-0.043116476,-0.034781717,-0.05583344,-0.0651804,0.026279675,0.02798998,-0.052959263
-0.016602648,0.007843881,0.047907222,0.008386324,0.008389934,0.021857906,-0.015266488,-0.032608613,0.06470189,-0.003648431,0.0026654727,-0.014038143,-0.025468139,0.078459956,0.01587971,-0.020897422,0.067533605,0.025487676,0.024052985,-0.016097046,0.02404955,0.03412478,0.006850041,0.004663955,0.052351404,0.047591623,-0.014980536,0.029114876,0.06613652,0.0014086261,-0.03187387,0.03890532,-0.011848761,-0.024228372,-0.021784801,0.03578021,0.056745067,0.0658037,-0.011122084,0.036578197,0.052415658,0.032037754,0.00092369475,0.078132294,-0.054807417,0.04714524,-0.034329537
0.01672665,0.06647157,-0.059786223,-0.018886212,0.008359465,-0.0074904645,-0.022127876,-0.076550014,-0.051093623,0.04414133,0.060503535,-0.004236485,0.0016616399,-0.012224441,0.06514074,0.0108166225,-0.031603258,0.06309537,-0.038840465,-0.05981006,-0.009484315,0.044376787,0.030545915,0.028560335,-0.058496185,0.0051439917,-0.009594255,0.010858094,-0.016790038,-0.009641726,0.06715471,-0.01098576,0.048630867,0.03959403,-0.06937102,0.044959,-0.05929251,0.040485132,-0.050431643,-0.0011411669,0.046806622,0.06816858,0.0040980424,0.05195303,0.07701539,0.03429119,0.029903902
-0.025715334,0.08106924,-0.0032631576,-0.03539997,-0.028692884,0.08473788,0.038169898,-0.030172521,-0.009293619,-0.0038435324,-0.0106545845,-0.053771988,0.04010124,0.043393392,0.054736387,-0.039838012,0.0345337,-0.03207183,0.0032131667,0.0471201,-0.011236792,0.07637962,-0.046935238,0.061551478,0.06366649,0.056257892,-0.055107735,0.034773633,-0.03864135,0.076672606,-0.06465641,-0.04713817,-0.056598954,-0.07263343,-0.0031131157,0.045620367,0.0018405004,-0.015515383,-0.045337215,0.047270976,0.09239821,0.050700493,-0.03183616,-0.05123058,0.051653154,0.08052864,0.0055817873
0.021405125,0.05414832,-0.011558374,-0.01894564,0.043486264,-0.008711982,-0.050656524,0.0046398565,-0.027975263,-0.040530637,-0.055257816,-0.02897732,-0.032001704,-0.053633023,-0.063096136,0.032332566,0.047057875,-0.061551917,0.05364253,-0.039509855,-0.011951631,0.03674366,0.05399992,-0.06803341,0.047204055,-0.05896235,-0.07467472,0.027037028,-0.07097058,-0.0060307346,-0.026231475,-0.05362966,-0.062901095,-0.059006702,-0.013659016,-0.037618916,-0.06300936,0.00074325653,-0.0038088288,0.02620229,0.012612563,0.061661016,0.00992933,-0.041457172,-0.055360768,-0.03395682,-0.038410544
-0.06600014,-0.020371664,-0.07727386,-0.0060764616,-0.046519965,-0.015277383,0.06041423,-0.031104075,-0.054067392,0.066784315,0.040374845,-0.012341386,0.048520856,-0.04972872,0.06659344,-0.03170738,0.038396694,0.0021914025,-0.058977965,-0.06766676,0.069705434,-0.0067248954,-0.0002528604,-0.0074859774,-0.07447932,-0.027353674,-0.030933056,-0.03448027,-0.04994204,-0.06119641,0.037459187,-0.04954752,-0.05825814,0.054774374,-0.056551207,-0.06429955,0.07965064,0.08344367,-0.038347773,-0.047222454,-0.015355934,0.071878575,0.022128984,-0.07492583,-0.03629672,-0.07722441,-0.053101547
-0.05352821,-0.006119602,0.08331358,-0.012841122,0.037459593,0.07691623,0.028079936,0.077528715,0.04901072,0.05011074,-0.04440368,0.040858783,0.081063606,0.028483601,-0.016162405,0.045013588,0.018998876,0.066039905,0.07198957,0.0793001,0.006767676,0.028371666,0.067474894,0.027486026,0.081615604,0.02339198,-0.016062079,0.024338407,0.012889348,-0.0690315,0.070543565,0.07187161,0.055450976,0.052310534,-0.0039453097,0.06745863,0.054440506,0.069746755,0.041794702,-0.004642466,-0.020943657,-0.027407194,0.058395173,0.046333317,0.035373017,0.052846763,0.0629007
-0.04386805,0.04484333,-0.03853744,-0.04719146,-0.008836785,-0.028359937,-0.023856796,0.070728846,-0.047739327,0.03804241,-0.029601356,-0.013679484,-0.021727834,0.024174934,0.016076937,-0.022730444,0.030229473,-0.009779603,0.0033401977,0.043292936,-0.022645125,0.019489586,0.026250703,-0.0010060968,0.027713234,0.022549758,0.006721419,-0.034271035,-0.011560463,-0.0118352,-0.05852614,0.027141897,0.055527907,0.018210601,0.067734815,-0.051923677,0.0596665,-0.055355456,-0.019177252,0.05754703,1.2254554e-05,-0.02679733,0.075715095,0.054508317,-0.014882176,0.054932084,0.0642524
0.036496345,0.07910523,-0.037743967,0.047363125,0.07058624,-0.013053721,0.0051291194,-0.04474919,0.009019749,0.032234494,0.018976863,0.03807237,0.01127841,-0.06283912,0.06319759,0.0027351046,-0.0009864699,0.030827984,0.027389789,-0.0837819,0.048195854,0.07589913,0.05473382,0.05331388,0.060689006,0.015503345,0.002376485,-0.01941329,0.04547619,0.042237032,-0.055872474,0.0423092,0.039918225,-0.012071252,0.07220992,-0.0033371905,-0.015333544,0.039743602,0.025841244,0.07999675,0.014269782,0.00920128,0.0002717475,0.07486153,-0.023009878,0.012924303,0.05507353
0.056079987,0.030187055,-0.016860677,0.05144087,0.051803775,0.070324145,-0.041364558,-0.027969163,0.029685345,0.03830086,0.035486646,0.04420943,-0.037464336,0.045796297,0.012719691,0.0667065,0.047290362,0.006081816,0.046861917,0.022560319,-0.02365825,-0.014831072,0.023139162,-0.051380243,-0.00015872387,-0.0533663,-0.07838463,0.040426344,-0.010658446,0.043985654,0.045589313,0.049043145,0.005605367,0.047012176,0.016511144,0.056040037,0.027340988,0.052153394,-0.017032908,-0.008240942,-0.002066033,0.0024434628,0.050018594,0.001376385,-0.051450167,0.012040467,-0.002489111
-0.06409832,0.041056935,0.07372388,0.014482003,0.03421364,-0.0039055382,0.067323856,0.074091405,-0.028863464,0.036588196,0.0780372,0.072068855,0.03881587,0.028545583,0.026855731,0.023973789,0.088625975,0.059970323,0.070583045,0.07137294,0.081038296,-0.008497085,0.0056901826,-0.002408054,0.08013715,0.037868194,0.01554311,-0.053311087,0.015626319,0.0011421309,0.013085353,0.045223165,0.014491399,0.078714564,0.071816735,-0.029872095,0.056582607,0.077087514,0.04411682,0.0074372212,0.08899068,0.0767883,0.097655445,0.047358215,-0.0020188545,0.04485324,0.03523006
-0.02477304,-0.0022870721,0.018409314,0.06247226,0.021602131,0.06453035,0.022221617,-0.0474283,0.027300904,0.0014944195,0.0435435,0.077646896,0.03485236,0.066397995,-0.06045199,0.06099596,0.05700662,0.022109881,0.029702377,-0.008865766,0.05864231,-0.04222796,0.038400427,0.008118174,-0.029578445,-0.018353065,0.039431743,0.0725485,0.024939397,-0.04295738,0.049799364,-0.024419993,0.0563516,-0.041797496,0.016829131,0.020949079,-0.016703427,0.07821627,0.055607945,0.052911468,-0.0009629361,0.046936866,0.014070971,-0.019125279,0.022175815,-0.0075776456,0.042915404
-0.02875338,0.0029015087,0.06642161,0.02443049,0.08372073,-0.032705545,-0.02817681,0.015385695,-0.039377972,-0.0027462048,0.03333556,-0.008049845,0.02325972,-0.03108577,-0.02193089,-0.031456403,-0.066525325,-0.00029546014,0.058225796,-0.048452117,0.03493461,-0.010694571,0.010086393,0.032412037,0.07834348,0.031705458,0.03397781,0.06846577,0.007191313,0.048548657,0.030495746,-0.019842075,-0.025316892,0.008976811,0.049381882,0.015421944,-0.020104961,-0.037294872,-0.017058961,0.024145817,-0.05573047,0.076684825,0.003372843,0.023156924,0.005110436,-0.06472901,-0.057316564
-0.0061852024,0.039759535,0.06964366,0.07698098,0.084033966,0.0014871373,-0.031966045,0.08216249,0.018104604,-0.012371767,0.047742374,-0.05838929,-0.06850089,-0.010477085,0.009825041,-0.06556643,-0.009640627,-0.017106032,0.01527365,0.05911789,-0.017260652,0.0026827308,0.02918946,-0.023589823,0.047468934,0.04745611,-0.059435446,0.07746591,-0.06717756,-0.011954592,0.03619344,-0.06805325,-0.050839614,-0.015000329,0.019645792,-0.00083699485,-0.026690856,-0.048860744,-0.004889717,-0.045159355,-0.007404016,0.008112932,0.05304594,-0.034563083,0.01890257,0.030315397,0.06587076
0.035042655,0.031609666,0.035562307,-0.02308114,0.015420289,0.02054348,0.01854329,0.03677708,0.065340705,-0.062329482,0.036096435,0.016521502,0.06424208,-0.046328362,0.04701386,0.033460185,-0.04621675,-0.0014233028,0.062162742,0.01741469,0.028888006,-0.0023710234,-0.023770383,0.018891934,0.0022224418,0.025490157,0.036264095,-0.01535424,-0.052785337,-0.06406641,-0.0032842665,-0.0035526834,0.059375525,0.024417548,0.05620071,0.048968125,0.024375452,0.069673784,0.013161922,0.026128296,-0.019158619,1.5663729e-05,0.0029057097,-0.030292379,-0.025713213,0.053465717,0.057094418
-0.06325011,-0.058582503,-0.031173173,-0.015567904,-0.053065654,-0.03211158,0.04602148,-0.07962724,-0.018487971,-0.016304338,-0.044690404,-0.046211895,-0.013694776,-0.03506518,0.033993572,-0.057893842,-0.028699461,-0.05085224,-0.019367665,-0.0071591875,-0.01903701,-0.052347902,0.04481279,0.02414722,-0.062471006,-0.051177412,0.034514453,-0.073605984,-0.036729753,-0.016631512,-0.015179001,0.017134225,-0.07770158,-0.06486724,-0.0008239615,-0.0328542,-0.06572333,-0.044738278,-0.040189516,0.03920076,-0.03223364,-0.06825587,0.03449443,-0.020812428,-0.07136465,-0.010113182,-0.012862631
0.015275031,-0.044248726,-0.03893832,-0.04434311,-0.05201738,-0.0487644,-0.052696064,-0.04186018,-0.06317503,-0.027122937,-0.05028092,-0.041131623,-0.025612112,-0.037437644,-0.06750233,-0.055778645,-0.008518612,-0.055332333,-0.05076994,-0.035891905,-0.06706855,-0.042619225,-0.053583253,-0.06830298,-0.051893156,-0.028703606,-0.050578702,-0.07968889,-0.04143017,-0.07366964,-0.055606816,-0.061736073,-0.046644375,-0.06437762,-0.054478344,-0.05516797,-0.05972705,-0.036946304,-0.029412821,-0.068846926,-0.079771616,-0.06952734,-0.07053428,-0.07309473,-0.011538927,-0.07376789,-0.012210037
-0.040975396,-0.058315653,-0.06946267,-0.05742946,-0.030424524,-0.065286845,-0.06180186,-0.045091823,-0.020815987,-0.06060009,-0.06423837,-0.031768072,-0.016489767,-0.035055198,-0.02466367,-0.07821422,-0.056693424,-0.0698733,0.04304496,-0.0842447,-0.014945869,-0.055972494,-0.002406523,0.015761347,-0.05226533,0.02491747,0.00071574794,-0.036349326,-0.08920305,-0.06874625,0.0046194755,-0.06875317,-0.08547528,-0.0013374323,-0.054066047,-0.07434246,-0.0255523,0.012140482,-0.060377743,-0.07721875,-0.06397866,-0.03569222,0.009873107,-0.0649676,-0.03929383,-0.07223858,-0.004017031
0.057868283,0.011434039,-0.014188961,0.033827834,-0.012646021,-0.05139736,-0.07071481,-0.07341837,0.015305821,0.060579933,-0.065669894,0.012666514,0.023396304,0.08102235,-0.046712223,0.009710742,0.052938286,0.034057222,-0.03317275,-0.04596491,0.06967575,0.027403211,-0.012270607,-0.003073509,-0.021884773,0.008138404,0.010692888,0.021699315,0.014257153,0.060545962,0.031671755,0.0076508746,0.027513772,0.05112543,-0.0019529316,0.04238532,0.014078799,0.042693388,-0.02741259,0.056540404,0.06866324,0.068382055,0.046492793,-0.033965737,-0.06479064,0.05068566,0.01036257
-0.052335527,-0.030519197,-0.04018107,-0.040767327,-0.058910288,-0.04977877,-0.060885467,-0.05656755,-0.024008077,-0.053085692,-0.064810246,-0.031732313,-0.01727678,0.0063663977,-0.06572095,-0.063346915,-0.03449898,-0.08081507,-0.068964094,-0.038182218,-0.053903993,-0.022034125,-0.0008579775,0.010126505,-0.037428267,-0.0067037134,-0.029006885,0.00909,-0.07411235,-0.039651502,-0.045294527,-0.062141612,-0.02540124,-0.00433771,-0.015622227,-0.0654483,-0.054455653,-0.04376902,-0.05261348,-0.032977626,-0.07139825,-0.040563107,-0.039843947,-0.031169917,-0.054717626,-0.037047543,-0.021673711
0.032982558,0.047721915,0.037372418,0.06824366,0.037038427,-0.033831112,-0.0076383357,0.069720134,-0.037401814,-0.0128915645,0.017859992,-0.03067382,0.031173613,-0.07108544,0.018284628,0.021733098,0.0054630637,0.048681956,0.039455604,-0.017824521,0.025649313,0.040898424,0.046188068,-0.012593668,-0.020044062,0.08065788,0.05600548,-0.042048596,0.016092863,-0.04018955,0.027286885,0.05348545,0.016213372,0.013857333,0.041788585,0.052636173,0.03144418,0.036303435,-0.0064357934,0.061885845,-0.029448224,-0.015487144,-0.035276502,-0.008298042,0.012797664,-0.018233396,-0.004766948
-0.05000567,0.08063365,0.042457208,0.012446215,-0.025616048,0.04514393,0.029861225,0.04096815,-0.0026291434,0.07930821,-0.054301843,0.07987993,0.043314148,-0.046479214,0.06552043,-0.006384432,0.021143913,0.032089923,-0.0028296115,0.056808744,-0.013569702,0.04672945,0.040623944,-0.07660925,-0.0148064485,0.00495791,-0.060491465,-0.035118844,0.011653741,0.00031502196,-0.013802082,-0.022743903,0.04236406,-0.00070037565,-0.033380482,-0.06984234,-0.008077368,-0.031910684,0.025351154,0.08071544,0.05227322,0.073810734,-0.054723825,-0.06611531,0.06723451,0.05339271,-0.053816464
0.004297874,0.012712872,0.03667285,0.04625573,0.02160012,0.009632116,0.07669615,0.05192638,0.04339543,0.0018825,0.049467828,0.048494227,0.07653896,0.01871599,-0.033675287,-0.020549597,0.066476226,0.067480676,0.06064058,0.068774775,0.060052164,-0.021721562,0.05852449,0.068028435,0.0127011705,0.08324349,0.0026926186,0.06666507,0.053077597,-0.045019332,0.07298398,0.06306118,0.078083575,0.05021805,0.08170977,0.071317665,0.03984048,0.02096133,0.076956965,0.019054122,-0.068688996,-0.030423127,0.025703875,0.030439338,0.004923344,-0.067499995,0.076718666
0.07717791,0.0947492,0.06648931,0.08231203,0.08408264,0.017820645,0.06670113,0.08178563,-0.03347086,0.07499594,0.015574259,0.059477165,0.08066928,0.049741432,0.05324984,0.08350337,0.06792124,0.07616056,0.05731685,0.077613354,0.064901665,0.052971996,0.069658525,0.004948864,-0.0012442631,0.05041469,0.048407666,0.022766484,0.038389374,-0.055575456,0.05715505,0.03747576,0.07017851,0.009805785,0.039830353,0.0013550438,0.07990056,0.059262797,-0.01423493,0.08189165,0.091919996,0.087084234,0.04458391,0.084500395,0.04975397,0.0676393,0.073467486
0.04599422,-0.045985926,0.017576657,0.041248415,0.06903142,0.024502255,0.036602154,-0.04680048,0.017921122,0.004795882,0.05153837,0.031655613,-0.073533624,0.0050645485,-0.035561517,0.061697178,-0.03243856,-0.044344906,0.027309665,0.008640845,0.065926,0.012769133,0.03577653,0.058369897,-0.030202784,0.042151455,0.07000752,-0.047128014,-0.048513945,0.0718379,0.055844173,0.03281196,0.039571583,0.014663908,0.02760938,-0.009222106,0.023761211,0.010328443,0.048766583,0.004220063,0.016850458,-0.050694104,0.05125104,0.01077285,0.0036817507,0.038029477,-0.019653874
-0.06866634,0.08861411,0.078126475,0.048924018,0.06091938,0.057250563,0.055982694,0.08307147,0.074535616,0.06700797,0.06671571,0.081667274,0.07275247,0.07702928,0.072857834,0.07209859,0.08377819,0.06978937,0.057352,0.078560024,0.056718677,0.0672313,0.08192918,0.050909277,0.07506081,0.0949834,0.08136355,0.08438699,0.063933745,0.066649504,0.06924183,0.06854621,0.063102424,0.075135,0.06804862,0.079757065,0.07778099,0.070033,0.05900736,0.05881175,0.06273302,0.07036145,0.091836534,0.068358436,0.07997116,0.07607806,0.04993567
-0.0032642926,0.09180307,0.06626415,0.07163696,0.07762824,0.029767917,0.0161641,0.046716686,0.07945371,-0.013330767,0.033208217,0.06304718,0.06390534,0.054628927,0.05712153,0.082175046,0.08961296,0.04811808,0.042533357,0.06051892,0.02274415,0.0134918485,0.047730006,0.025516165,0.022801135,0.08519948,0.07862948,0.07182905,0.03883745,0.061820276,0.067997195,0.0076353312,0.023505142,0.0522217,0.03606908,0.05359785,0.079753816,0.062996976,0.022361504,0.06853063,0.0305884,0.06322634,0.06761721,0.032356963,0.059875153,0.072932206,0.0704921
0.0691818,0.052239265,0.0047924086,-0.016712088,-0.044226393,-0.018869877,-0.058696955,-0.027262107,-0.08991459,0.007584051,-0.025458643,-0.0233583,-0.028970558,0.05920475,0.057676215,0.03991421,-0.023795966,-0.077026986,0.07494235,0.053566586,-0.034914743,-0.058176864,0.013074701,-0.026605472,-0.025565583,0.07190207,0.018836947,-0.025774319,0.058793902,0.070654385,0.028480528,0.04353387,0.05051497,-0.0124651985,-0.05915022,-0.016399834,0.07873116,0.047129203,-0.03555574,0.059334654,0.0649844,0.07016613,0.023085926,0.036786698,-0.008078049,0.07682499,0.017621996
-0.008481718,0.0076396167,0.06201303,0.0008990389,0.003389954,-0.037745513,0.0034125256,0.064107776,0.057867635,-0.05284172,-0.012107172,-0.028444774,-0.018236034,0.006347006,0.021995142,-0.041165967,-0.048027463,0.043883648,0.03961615,0.032005996,-0.04876028,-0.06829797,-0.020978734,0.05149597,-0.04848415,-0.083136275,0.06614058,-0.056842167,-0.067176096,-0.0035149723,-0.058273382,0.0053915423,-0.076218896,-0.017615197,-0.02686234,-0.08010049,0.019222422,0.041624017,-0.03927733,-0.053760614,-0.07254601,-0.019914513,0.05309414,-0.040965777,0.01874395,-0.07010275,0.045231298
0.026278423,-0.013182672,0.04678892,0.050268754,0.03449825,-0.025363864,-0.014309602,0.053496037,-0.060923893,0.013074519,0.05396086,0.0003272279,-0.027361063,0.009581989,0.05777614,-0.0006026816,0.041413236,0.04415699,0.053769495,0.027051002,0.015373673,-0.0052655605,-0.019500818,-0.015805488,0.022408145,-0.048098166,0.02901222,0.012696018,0.016124899,0.012551118,0.02089465,0.008485509,0.035264637,0.06917228,0.04584252,0.0054759663,-0.009321545,-0.038946226,0.014351546,0.030327508,0.03666474,0.0029194525,-0.06088926,-0.0083294185,0.05344956,-0.004082161,0.047189433
-0.044493794,0.03487491,-0.00068406446,0.035364617,0.008004114,0.075304195,-0.05814176,0.02815638,0.039176837,0.006348913,-0.0054645077,-0.006845785,-0.027458189,-0.0074735945,0.007370592,-0.033751514,0.046014186,-0.08305635,-0.052752636,0.06378443,0.058935907,0.055441275,0.033646546,0.07796643,-0.0342696,0.08348961,0.020515682,0.026078695,0.0072104377,0.018047981,0.06041788,-0.053157818,0.02739578,0.0383808,0.043639667,-0.014840938,0.016772253,0.053551447,0.004666153,0.011308229,-0.054734837,-0.007212399,0.002179991,0.0052197343,0.0030931514,0.06193407,0.022959862
0.07396759,0.02127595,0.0730932,0.06735553,0.07247213,0.056341194,0.06202986,0.051322788,0.014391501,0.078795984,0.076066636,0.06799969,-0.0133655295,0.043258093,0.068530306,0.07308338,0.01288359,0.07942269,0.049870465,0.057015974,0.06183309,0.061007105,0.050824583,0.040740386,0.052980054,0.07808258,0.06724495,0.064980045,0.061201595,0.06192241,0.054254353,0.07130258,0.075372495,0.07264087,0.0291478,0.05757873,0.03471793,0.080916926,0.07021477,0.07278462,0.06053123,0.076277524,0.09023754,0.06470728,-0.039985225,0.05780824,0.04103343
0.040829048,-0.023344802,0.007043307,0.05373752,0.057877418,0.064683035,0.02571387,0.05556173,-0.00687399,0.06914399,0.022081733,0.023907267,-0.045121957,-0.06944529,0.0070174662,-0.0166018,0.010021256,0.050450765,0.03199992,0.06415848,0.042101514,0.024541488,-0.06035643,-0.0070415083,0.025490345,0.025766904,-0.029247342,-0.05124436,-0.016914682,-0.041897614,0.029665994,0.07346862,0.052064016,0.057437513,0.034216795,-0.04602029,0.009035758,-0.05318955,0.074966855,-0.060421016,0.0041059735,0.0006475232,0.016502151,0.010963355,-0.024192264,0.022698341,0.031884722
-0.02124313,-0.035907857,-0.02483423,-0.008615492,-0.01764444,-0.06391816,0.03207933,-0.021599777,-0.04767914,-0.07129988,0.025176693,-0.031685352,-0.06504652,-0.0730363,-0.050442237,-0.019612947,-0.040066432,-0.07438791,-0.059679944,0.031228647,0.013310242,0.037544504,-0.01197939,-0.00909922,-0.03394976,0.017468188,-0.063745774,-0.017840667,0.08481352,-0.07332222,0.017019616,-0.036456276,0.01601481,-0.059660763,0.05641111,-0.058859788,-0.036308423,-0.03518518,0.040948723,-0.035850395,-0.08360129,-0.08177829,0.018934693,-0.026216168,-0.006897446,0.04476151,-0.038216528
0.031138934,-0.039757326,-0.08156197,-0.044963155,-0.026893891,-0.07936554,0.0030828759,-0.07602179,0.034919456,-0.058553107,0.029335162,0.059225123,0.036664173,0.020500548,-0.014752138,0.010061035,-0.035788912,-0.0016026316,-0.06318217,-0.048973802,-0.07756672,-0.08246969,-0.02289337,0.015121556,0.042620268,0.053277306,0.016107593,0.079900585,-0.078037955,0.07339156,-0.03964118,-0.0055350647,-0.03866937,0.016098605,-0.062344614,-0.032321263,-0.08188751,0.004973029,-0.079812124,-0.067582555,-0.04078886,-0.029533027,-0.047253545,-0.07264227,0.03204902,-0.05378336,-0.08104582
-0.0063986126,-0.026639184,-0.050077986,0.050890204,0.0555018,0.0070942114,-0.030287404,0.027434537,-0.03867006,-0.013304403,0.021853155,-0.02298732,0.013607064,-0.07661257,0.05689282,0.048641533,0.039835975,0.028915891,0.040301025,-0.0509702,-0.057334807,-0.036510497,-0.04098269,-0.050973125,-0.017954642,0.015127335,0.041787982,-0.03398112,-0.005250046,-0.010470134,-0.0067754034,-0.008322014,-0.07297077,-0.050200943,-0.0418644,-0.018141646,-0.03207699,0.04223453,0.02704657,-0.008313767,0.01983798,-0.0071763224,-0.017042132,0.0011524073,0.030644042,-0.06921688,-0.011723995
0.058197647,0.035466053,0.049945407,0.061757285,0.06476244,0.04145218,0.05150424,0.065685615,0.04949583,0.04941578,0.04456395,0.044184845,-0.047616944,0.06390037,0.06523256,0.06448537,0.05642937,0.054009296,0.05362236,0.062271144,0.0604869,0.0012097041,0.042220123,0.066847876,0.05016609,0.058618147,0.030423583,0.038123384,0.056048945,0.07322841,0.05601547,0.044194415,0.06275435,0.057471067,0.005229635,0.047129203,0.064864516,0.040246915,0.053796306,0.026255285,0.031265844,-0.0225677,0.0692816,0.052247304,0.03640205,0.06645004,0.0660766
-0.026603099,0.053397,-0.027669076,-0.022602323,0.0005911546,0.005026981,-0.030753851,-0.025831202,0.048298884,0.025756849,-0.018673351,-0.016194213,-0.061209664,-0.019830719,-0.039611492,0.026830552,-0.013163765,-0.030640753,0.04240572,0.009332597,-0.0023219364,0.012063637,-0.057243578,-0.007095235,-0.039235074,-0.059020218,0.03733099,-0.038455494,-0.011728096,-0.025538333,-0.0388449,-0.010301067,0.054807223,0.009612639,-0.07212206,-0.00012499058,-0.014550041,-0.06260924,0.012251268,0.06102988,-0.06637141,0.02114947,-0.028940778,0.02110641,-0.030000016,-0.032341287,-0.030462641
0.02678366,0.023558514,0.009266971,-0.014237617,0.0026651428,-0.015142117,-0.016429419,0.024080906,0.043691594,0.041542668,0.006708103,0.04189627,0.032325696,0.042983487,0.018751394,0.025324952,0.038553923,0.056544326,0.019287094,0.029712215,-0.014074209,0.019027859,-0.0007441636,-0.038600385,-0.005261067,0.02582861,0.019700201,0.067978695,0.07063021,0.0043969313,0.023546502,0.016994888,0.0047627743,0.019904025,0.017395265,0.040558916,0.018563634,0.020878462,0.00940382,0.017040597,-0.03051052,0.053729672,0.034610603,-0.0014882386,0.004157926,0.041945536,0.026680076
-0.047141623,0.010900931,-0.027843058,-0.058543693,-0.06658178,0.0027062579,-0.017030988,-0.037963834,-0.056889597,-0.041283913,-0.0789275,-0.015499295,0.020514328,-0.05665561,0.0045109927,-0.06113184,-0.053382296,0.0041043544,-0.054083917,-0.015928242,-0.01321932,-0.02990251,-0.05977438,-0.061193064,-0.053139105,0.03482205,-0.05401468,-0.021014825,-0.051274404,-0.05116905,-0.06382526,-0.059066094,-0.04088276,-0.04369209,-0.043224648,0.01181071,-0.011677107,-0.040015295,-0.03340558,-0.0060130986,-0.016638026,-0.042639192,-0.033523757,0.021798875,0.02896164,-0.0112294825,-0.022656832
0.044584095,-0.044609204,0.02688364,-0.04558879,-0.008145477,0.011267351,0.015386074,-0.030197637,-0.058491148,0.0569807,0.03078422,0.003497606,-0.038710363,0.023315838,0.039605808,-0.045721084,-0.020046448,0.041538257,0.029899139,-0.043367017,0.019664694,0.065375246,0.059972208,0.06589639,-0.06699147,0.015738888,0.055747733,-0.026224608,-0.06223784,0.045293167,0.015615238,-0.029722191,0.010789131,0.007657266,0.057674907,-0.010603068,-0.07012297,-0.004523196,-0.033713274,-0.06112084,0.050519027,-0.051278435,0.0033192104,0.0150773,0.05406518,0.011916841,0.03814655
-0.020774974,0.066373296,0.047027275,0.07082473,0.0032870295,0.07619841,0.066331916,0.019977547,0.07703608,0.030280162,-0.00676948,0.017403413,0.02522054,0.044005178,0.07225598,0.072637774,0.037062883,-0.03120099,0.064162776,0.035910975,0.041989993,0.044172086,-0.012059365,0.003523367,0.045019202,0.100572884,0.050806373,0.0071041626,0.088123895,-0.015249049,0.03112504,0.06861653,0.04661195,0.02501773,-0.05346589,0.04515611,0.082300425,-0.0043259845,0.067145474,0.037680153,0.007164735,0.05805358,0.07329337,0.075040326,-0.009974802,0.026120678,-0.03327329
-0.06430316,0.012770429,0.079635605,0.054212283,0.046692196,0.061761245,0.06626272,0.05195229,0.044954594,-0.016221551,0.019893125,0.016566427,0.009276554,0.058459762,0.059757017,-0.013515432,0.048397046,0.042297076,0.010474807,0.0627025,-0.016851736,0.013863878,0.04294332,0.061103974,0.040184814,0.044859286,0.07020618,0.079568654,0.030026246,0.04989132,0.06620265,0.063532636,0.072164975,0.081585236,0.08049106,0.046091914,0.031033361,0.020920468,0.074849725,-0.04340708,0.04860492,0.04108813,0.00933568,0.05786538,-0.0043780915,-0.051302485,0.001848049
0.055796098,-0.005966774,-0.010783604,-0.05100575,-0.012319879,0.010330081,-0.06493096,0.0015238608,0.0070071877,-0.053780347,-0.074179195,-0.05999054,0.0228656,0.01335703,0.00029220319,-0.050577562,-0.07347112,-0.052972253,0.038026176,-0.026161,-0.021760015,-0.027291588,-0.043317214,-0.058921967,0.068360195,-0.08359867,-0.053496294,-0.06786295,-0.073530816,0.0051211803,-0.036267225,-0.05332774,-0.054176558,-0.04615485,-0.068439506,0.032775726,-0.06023871,-0.070149474,-0.078145444,0.0057123066,-0.015571745,-0.05856247,-0.027002439,-0.064796336,-0.023668598,-0.035506956,0.0008936548
-0.05335892,0.02571349,0.030291513,-0.06025825,-0.039381407,0.031583503,0.013996737,0.03272029,0.023535905,-0.028846748,-0.038685523,0.043000124,0.014095678,0.04205456,-0.010872818,-0.047764096,0.06356867,-0.019814182,0.01749244,-0.0101725925,0.071131,0.0050852597,-0.0046038404,0.07442464,0.015421576,0.0006628191,-0.029593186,0.020780336,-0.006145082,-0.0029517014,-0.05112478,-0.032466702,-0.022013951,0.011081532,-0.025813483,0.007466855,0.0019445104,-0.016403351,-0.016059741,-0.030708404,0.069660276,0.058258306,0.043251995,0.011007031,0.0237563,0.037954062,-0.0749364
0.051416107,0.03286162,-0.043455046,0.059708025,0.058940712,-0.037107542,0.062886395,-0.07305128,0.028915608,0.04095138,-0.0071573937,-0.0105057005,0.06429599,0.07402301,0.066193804,0.047483474,0.059354223,0.008099235,-0.056462366,-0.04822251,0.038211625,0.03284889,-0.059383452,0.067184255,-0.0018652035,-0.00695473,0.0059211385,-0.0037000782,0.01841789,0.06751127,-0.00587406,-0.063321926,-0.07935843,-0.051677138,-0.030084416,-0.061689742,0.037774302,-0.07201563,0.064486995,0.06877097,0.07479685,0.023250598,-0.06957122,-0.028348526,-0.071929514,-0.01433415,0.05475702
-0.0075614383,-0.0558672,-0.009943645,0.009275556,0.033835974,-0.03954384,-0.0455141,-0.028558312,-0.07943648,0.04504406,-0.015586832,0.015707836,0.05865671,-0.027403219,0.0006601928,-0.026578732,-0.06415837,0.0482832,0.01660735,-0.069855966,0.023393339,0.058865473,0.07910577,0.031639084,0.043679543,-0.04910773,0.08266161,-0.014349159,-0.010086086,0.013460322,-0.021997878,-0.042635597,-0.02865802,0.025345694,-0.03248471,-0.030383699,-0.058990475,0.004593688,-0.032035176,-0.033495698,0.07522658,0.07634388,0.075039335,0.07443703,-0.021121135,0.04051715,-0.020910913
-0.048862983,-0.002072073,-0.007895414,-0.07342615,-0.036315482,0.0034425945,0.033173975,0.07210261,-0.028569197,0.0077004572,0.03785753,0.047067884,0.04738891,-0.035255212,0.0051305727,-0.016931808,0.030434491,0.055013794,0.01109354,0.050256483,0.047909528,0.033471808,0.0026454714,0.020601772,-0.010395575,0.058553934,0.065258265,0.05902052,-0.029160906,-0.016569732,0.021662127,0.036191028,-0.021075347,-0.01758218,0.006666523,0.07758168,0.0024319992,0.075275145,0.030461103,-0.028886795,-0.05261926,0.00595361,0.040185384,0.0068376553,0.04241121,-0.017722106,0.04950564
0.0559605,0.029238312,0.042959873,0.05153568,0.06693677,0.042471636,0.027073411,0.06310736,0.039719403,-0.015032557,0.06627762,-0.027018778,-0.048097197,0.062343225,-0.05433178,0.060270403,0.035494573,0.07859989,0.066348374,0.07183689,-0.029540792,0.045504708,0.015189994,-0.023481801,0.0725111,0.02169454,0.050539047,0.056004755,-0.0047581363,0.025921272,-0.005111173,-0.012160631,0.036575217,0.06767888,-0.00072623824,-0.026763095,0.048774313,-0.043745358,0.048971772,-0.036598526,0.008772636,0.057277963,-0.0006807202,0.047186214,-0.07051515,0.057828546,0.06856557
0.029920198,-0.009041369,-0.014238246,-0.021436911,-0.04207409,-0.041232307,0.045609403,0.030493489,-0.010331562,-0.023395887,0.06312257,0.0095637925,0.005899424,0.024814518,-0.030852962,-0.03885662,0.025969319,0.07044389,-0.009933534,-0.044077847,0.02902814,0.077498704,0.0021660735,-0.0021888777,0.062156193,-0.024419524,0.0055305976,0.03623513,-0.046132844,0.073855944,-0.01752693,0.03544943,0.046954542,0.02115392,0.07132429,0.0078019,0.022719333,0.04133483,0.062183756,0.0075536096,0.041674156,0.032165106,-0.015135131,-0.030724213,-0.037645355,0.02478753,-0.02279381
-0.038828883,0.0041666403,-0.04989151,0.06097613,0.043872308,-0.042088076,-0.054961793,0.07347406,0.056586035,0.06237726,-0.081382625,-0.022201356,-0.004473144,-0.00773157,0.06376523,0.046350595,0.029568791,0.001985935,0.03700165,-0.05005623,-0.033416674,-0.048138887,-0.050485816,0.0039737974,-0.06276674,-0.02035226,0.019444706,-0.06311386,0.0016753016,-0.07022767,0.0029903112,0.02512217,-0.011292,0.027741266,-0.07722406,-0.010630543,0.010128679,-0.005186404,-0.027840335,0.004565741,-0.07238919,-0.018476978,0.028421164,-0.021526482,-0.00043069947,-0.04614812,-0.03774522
0.062840044,-0.04000569,0.07900916,-0.0435487,0.032041684,0.036919758,0.032699816,0.040945157,-0.039806653,-0.012862196,-0.017202884,0.05680443,0.043245237,0.042693507,-0.04068105,-0.02206583,0.017978756,0.030428467,0.070816815,0.0652382,0.061769325,0.069565035,0.03582557,0.045892563,-0.0025602211,-0.028931273,0.023210188,-0.05489396,-0.05089931,0.06048854,0.024813157,-0.003969749,0.028861947,-0.048055977,0.054956324,-0.03241761,0.031314507,-0.08202866,0.040294696,0.035917427,0.06901623,0.0012663209,0.0035933289,0.016946148,-0.032871474,-0.004474715,0.06032903
-0.05631611,-0.039045785,-0.033387076,0.003708596,0.010680454,-0.005571629,-0.059043813,-0.042307388,0.026013354,-0.032268465,-0.034072176,-0.001147814,-0.05096636,-0.06094664,0.0043274835,0.005070594,0.0011175689,-0.0492967,-0.074010305,-0.028202744,-0.07115686,-0.03342321,-0.024895048,-0.01204718,-0.0077551543,0.011020708,-0.08185087,-0.034196466,0.049484853,0.004763834,-0.045718372,0.03613394,0.02586713,-0.05844556,-0.026716625,-0.027606241,-0.061727893,-0.034784146,-0.04395135,-0.015349461,-0.023322562,-0.050863266,-0.04781413,-0.047973745,-0.04502186,-0.016166717,-0.050858617
-0.029843213,-0.041143775,0.07849655,-0.05278397,-0.021381037,-0.012977864,-0.0025757598,0.024649052,-0.0658119,-0.080580205,-0.040491253,-0.035288807,-0.013096369,-0.07538479,-0.06021148,-0.024857428,-0.002344943,0.038411353,0.0091988025,-0.013870716,0.0024528978,-0.06716762,-0.0010950124,-0.020969057,-0.071395464,-0.055494323,0.047489356,-0.086142965,0.06834742,-0.056919716,-0.061573554,0.07441593,0.08218531,-0.04654624,0.061058372,0.075678736,-0.07145334,0.0070678527,0.06296076,-0.008413974,-0.067502156,-0.08235017,0.021688476,0.056185555,0.042964563,-0.027714798,-0.068663284
-0.012384539,0.026161987,-0.03062977,0.042361908,0.083382465,0.039495643,0.0045815185,0.06028508,-0.012590118,0.024322463,0.061835084,0.050758433,0.0032493803,0.050348632,-0.057867046,-0.0023923223,0.020488864,0.03676773,-0.028448058,0.07456771,0.0139002465,-0.04438822,0.054506727,0.014890448,0.029690722,0.010976125,-0.019953048,0.034238584,-0.009265232,0.04463661,-0.04767956,-0.046706993,-0.064579315,0.012899019,-0.009937126,-0.011583663,0.038265195,0.01093495,0.03509493,0.035356384,0.010593358,0.02121188,0.07534031,0.056787487,-0.0071849064,-0.024894541,0.04360066
-0.07199834,-0.07029401,-0.07620758,-0.07345458,-0.07303246,-0.041981995,-0.076134354,-0.07784144,-0.06839334,-0.058938235,-0.062566474,-0.07540217,-0.06910693,-0.081041776,-0.06875085,-0.0731267,-0.07321247,-0.07672402,-0.06820501,-0.07787197,-0.078889,-0.07340352,-0.057751376,-0.06510657,-0.07396696,-0.0671273,-0.05735648,-0.07888513,-0.0748708,-0.06470887,-0.06944483,-0.060219575,-0.06979739,-0.07023013,-0.065146886,-0.08211052,-0.08346293,-0.052711863,-0.060832486,-0.0695317,-0.04348047,-0.060723286,-0.031879026,-0.0647995,-0.066592336,-0.07637397,-0.072251126
-0.07168741,-0.07587835,-0.025670448,-0.050095797,-0.0650689,-0.009072082,0.05833437,-0.08059341,0.022408335,-0.0061796056,-0.007431706,-0.049917907,-0.07849268,-0.06467807,-0.070930816,-0.063871436,-0.08322725,-0.014142489,0.05820995,-0.043879114,0.042790897,-0.077912375,0.023106316,-0.027489902,0.017944438,-0.068434946,0.054505,-0.07026113,-0.070710205,0.036366206,-0.06869493,0.03554073,-0.056492064,-0.07866141,-0.072031245,0.0030222205,-0.079164796,-0.032591183,-0.017118791,-0.045941707,-0.024104284,-0.050229885,-0.026702361,0.004345133,-0.011698052,-0.07154254,-0.07822631
0.04225464,-0.017533565,-0.04366984,-0.05168417,-0.03627545,-0.0474131,-0.069461815,-0.050923325,0.03383593,-0.05810085,0.005930195,0.03586582,-0.025705544,0.03522409,-0.03191155,-0.045885794,0.010884514,-0.046192374,0.0026520255,0.0006972094,-0.045650415,-0.046286114,-0.018907785,-0.039075837,-0.01455408,0.08573627,-0.049294397,-0.010581651,0.01977532,0.037339978,-0.0486126,-0.011628702,-0.012612758,-0.011463926,-0.030228984,-0.043410145,0.037050225,0.0523033,0.0022449836,0.014034172,0.021738723,0.037595723,-0.031992473,-0.008189098,-0.07246897,-0.027132882,0.07571476
-0.00641229,-0.032005023,-0.0023905467,-0.030328978,-0.02693328,0.017820913,-0.035876572,-0.034782182,-0.004946582,-0.05239846,-0.044759367,-0.039580658,-0.005815305,-0.011229647,0.020909244,-0.03439181,-0.015135151,0.039639067,-0.002755805,-0.009088696,0.043630864,-0.0022699728,0.023504948,-0.018412065,-0.044292174,0.0243524,0.026847316,-0.039245263,-0.0015304075,0.009523902,0.012476778,0.0143782,0.022204535,-0.014341044,0.04017181,0.048158817,-0.009995634,-0.0025269983,0.02383055,0.02006285,-0.008885547,-0.024206381,0.04369435,-0.03226108,-0.033606432,-0.06900629,-0.023029901
0.011464226,-0.04628833,-0.05953715,-0.04793846,-0.03585813,-0.015797403,-0.003961625,-0.0430203,-0.04135952,0.03615029,0.009867917,-0.047406815,-0.05388827,-0.0482698,-0.07122469,-0.057298858,-0.061923925,-0.06461104,-0.0028137367,-0.05311694,-0.049980078,-0.0025859599,-0.047373075,-0.045118283,-0.02586277,-0.041900367,-0.039793674,-0.07885325,-0.035560187,-0.066523604,-0.04345125,-0.003984277,-0.04700186,-0.06156643,-0.037227113,0.008782192,-0.052339405,-0.07194562,-0.07113642,-0.023375487,-0.023107398,-0.06700806,-0.04825258,-0.046992935,-0.024028277,-0.054309215,-0.07037089
0.014446137,0.03109987,0.006704672,-0.07931607,-0.08343385,-0.045787953,0.03532117,0.024367504,0.022263993,-0.050241273,0.02390439,0.03755843,0.053591084,-0.032070063,0.0277585,0.03259762,-0.004376285,-0.04573037,-0.06588722,0.07605716,0.022633966,-0.014003528,0.06567482,0.00021691932,0.0077619576,0.04428424,0.025008583,0.018299842,-0.037805535,-0.010054233,0.007057817,-0.011729327,-0.05886123,-0.009173606,-0.03155644,0.0047586667,-0.016026864,-0.04998811,0.0030725885,0.04414432,-0.0068743555,0.041332263,0.05701324,0.020609152,-0.034419525,0.021421839,-0.013471652
0.038882915,0.06279372,-0.012041705,0.016069746,0.03250668,-0.030984003,0.04742161,0.02218845,0.09013578,0.034124646,0.043233257,-0.026766734,0.010581453,0.034588996,-0.054132733,0.04846266,0.04936279,-0.0268457,-0.05804967,-0.06595012,0.0236782,0.035604358,0.041049335,0.07838786,0.037901647,0.04054864,0.04116798,0.028181067,-0.060770117,0.073768385,0.06607248,0.007267683,-0.018231738,0.026926428,-0.023198685,0.0019300936,0.023242397,0.036566526,0.07365301,0.039580278,0.015764773,-0.035571437,0.07361099,0.04893497,-0.0021552406,0.032436974,0.013240989
0.036681432,-0.006432833,-0.019957643,0.01898878,0.030793434,0.007862707,-0.00943457,0.024377493,0.046353407,-0.06840095,-0.057724666,0.06662862,-0.06433663,0.04407142,-0.0006594905,0.015001245,-0.043659363,0.045049705,0.068096735,0.03329851,0.08502007,-0.022166586,-0.052605856,0.042578653,0.0027930757,0.011014881,0.015948214,0.04890263,-0.06319387,-0.0060246037,-0.057730712,-0.07082003,0.0068443026,0.03753625,0.07252657,0.042701397,-0.039449316,0.067726396,-0.03380347,-0.04255664,-0.057587497,-0.02510435,0.03261058,-0.0821389,0.048009295,-0.016432306,0.061377604
0.031485263,-0.05982259,-0.080252044,-0.04186182,-0.05903092,-0.04888854,-0.020682123,-0.014557223,-0.0062106564,-0.032181762,0.056469437,-0.04482893,-0.00062030135,0.056443978,-0.043843444,-0.065094724,-0.0073843617,-0.034013346,-0.05116329,-0.042451713,-0.019951912,-0.041191205,0.077502064,0.054288954,-0.017329507,0.006406602,0.0766696,0.021480804,-0.03469468,-0.03418304,0.028266668,-6.088589e-05,-0.034691915,-0.062516466,-0.047187272,0.0031978884,-0.050976925,0.048564333,-0.05910435,0.006535988,0.013501638,-0.014030842,-0.048771396,0.05066182,-0.029690571,0.020999825,-0.023080941
-0.03313177,0.037816703,0.033180367,-0.04759287,-0.03558112,-0.05567438,-0.0765642,-0.036680575,-0.009785842,-0.070353486,-0.029678293,-0.048879404,-0.007866084,0.045335867,-0.049472302,-0.02630234,0.023053857,-0.06832092,-0.059029717,-0.0154769495,-0.06700605,-0.02746201,-0.019744508,0.048496183,-0.01243073,0.0003698847,0.03782254,0.050862398,0.028104438,-0.055928454,0.02396709,-0.045212246,-0.050975636,0.052167326,-0.027964775,0.051908758,-0.03296642,0.05331187,-0.06523343,-0.017694568,-0.040844634,-0.045953736,-0.013653672,-0.00803548,-0.017947147,0.015949622,-0.03442413
0.041903075,-0.014303819,0.04588149,-0.03174054,-0.002332191,0.01360829,0.019491458,0.02969038,-0.0006496083,0.021706356,0.0047773076,0.05590212,0.03036876,0.058861226,0.029552277,-0.023724819,0.041802336,0.049659885,0.040755935,0.027573336,0.047273375,0.014979509,0.0018082958,0.011801605,0.0019305826,-0.04138879,0.014670932,-0.0038219763,0.007169761,0.054800734,0.019999612,0.054802805,0.035717685,-0.0026239562,0.03390309,0.03636817,0.012251733,-0.029459476,0.025161536,0.044456657,-0.00070195127,-0.02607571,-0.061036237,0.010092654,-0.0050633294,0.061330386,0.061201476
-0.016002074,0.020350048,-0.013655601,0.07443533,0.075382195,0.057220876,0.05820803,0.004377875,0.030319065,0.056148477,0.017362703,0.017087115,0.056070246,-0.025246697,0.06139511,0.044695098,0.0022907981,-0.012814988,0.0071887863,0.050884653,0.057517525,0.054797743,0.027287439,-0.0025356326,-0.0076548136,0.06258361,0.02486786,-0.01664915,-0.00851367,0.051352732,0.03482202,0.018242955,0.032267928,-0.01792426,0.06011673,-0.0424469,0.040336527,0.057349898,0.06726667,0.06356709,0.07399067,0.033067998,0.016107474,0.06467399,0.011909621,0.011692876,0.009814545
0.016835582,-0.0015190047,0.06760553,0.022888474,0.01632449,0.05122175,0.025629237,0.0024789688,0.055406474,0.062161982,-0.06343035,-0.04334158,0.024457257,0.014098234,0.07819685,0.07693157,-0.047787115,-0.017914318,0.039408855,0.075771846,0.061222408,-0.07638989,-0.006094473,-0.03316699,-0.04705482,0.024150366,-0.03589897,-0.005890784,0.031132177,-0.013642189,-0.00045290528,0.0052422425,0.07306437,0.058283966,-0.0055496776,0.0009885719,-0.04972204,0.021699416,0.054328285,-0.019823352,0.063413925,0.02942559,0.06497761,-0.06750898,-0.038898103,0.046392217,-0.01311407
-0.008481297,-0.0029155668,-0.038515177,-0.014565076,0.009521855,-0.032790907,-0.07243612,0.02857807,-0.04782026,-0.058662474,0.064219885,-0.01925683,-0.03351862,-0.016600886,-0.06624867,0.00996251,-0.023687782,0.016017787,-0.0013295868,0.07186173,0.042816028,-0.060524333,0.008107591,-0.055115234,0.010870745,0.020806555,-0.043233648,-0.028807532,-0.022166148,0.015780177,-0.049921773,0.022686157,0.06846478,0.020069342,-0.051777113,-0.056911264,0.0073511642,-0.03685438,-0.0036461034,-0.024073457,-0.027993532,-4.2227017e-05,-0.023303274,-0.06374785,-0.05609987,0.0055645052,0.019893846
0.056793366,0.003877021,-0.035131365,-0.008708873,0.002625693,-0.05018129,-0.071374565,-0.05208744,0.0007774616,-0.03592207,-0.045323767,-0.025844304,-0.064749196,-0.04681911,-0.008012507,-0.008436295,-0.029074272,-0.06167519,0.0059277075,-0.04689842,-0.04066547,-0.0140298465,-0.04488284,-0.05439857,0.043346126,-0.0019420598,-0.028602846,-0.047178023,0.00076546107,-0.003355667,-0.050750438,-0.013032474,-0.0600739,-0.028044006,-0.033456273,-0.08925468,-0.024390189,-0.021701766,-0.039781094,-0.03511178,-0.0437856,-0.048542716,0.023143029,-0.07137364,-0.061111327,-0.038473308,0.02025836
-0.06615062,-0.07147891,-0.060631886,-0.045298357,-0.053248733,-0.078898855,-0.0522006,-0.04820338,-0.08204125,-0.028999712,-0.047166724,-0.062991396,-0.031874575,-0.067847274,-0.040403277,-0.060428146,-0.06925944,-0.009070381,-0.04644181,-0.06293852,-0.038165066,-0.04357286,-0.07427044,-0.07729874,-0.07451363,-0.049563818,-0.01454981,-0.04152332,-0.016733013,-0.06790512,-0.0716679,-0.06903805,-0.07196229,-0.015394279,-0.061504338,-0.061391566,-0.06894282,-0.031596508,-0.05818974,-0.05950656,-0.051273517,-0.059806682,-0.026045403,-0.06800698,-0.051227164,-0.07630924,-0.014700084
0.035984684,0.0085689435,0.013364642,-0.030620618,-0.025026435,0.026100075,-0.030532263,0.015341711,-0.0418456,-0.006508653,0.016983382,-0.02414632,-0.010117539,0.013337804,-0.0007411421,-0.04281259,0.02915141,-0.0065812846,-0.045390856,0.037500992,-0.0045987144,0.041285165,0.01235176,0.01751012,0.02610607,-0.028559001,0.006786113,0.044983853,0.018234732,0.044423655,-0.043411087,-0.031682465,-0.0007530068,-0.013272512,0.034863222,0.0068625035,0.020896535,-0.03346277,0.059682574,0.012384039,0.047111895,0.05886548,-0.037977558,-0.019716538,0.0122885825,0.06301437,-0.009542188
-0.03925786,0.032605823,0.009761963,0.052391335,0.0036430885,-0.03138541,0.017007533,0.06402689,0.04647585,0.0031782205,-0.026041683,-0.05494718,0.019712716,-0.000112320035,0.021507131,0.053075384,0.03999226,-0.023790954,-0.063582845,0.0030102693,-0.053940807,0.01982375,0.015535884,-0.03157447,-0.0014612082,0.011309381,-0.034270346,-0.016746534,-0.008360837,-0.054254875,0.017594097,0.0037039958,-0.05530299,-0.0144313015,-0.054846052,-0.063407965,0.026647637,0.026921378,-0.018819472,0.023938382,-0.013743316,-0.062037088,0.038324192,-0.017678158,-0.025653386,-0.03172701,-0.020381246
-0.0029116215,0.022191944,-0.051774386,0.048476793,0.012928709,-0.028166495,-0.047808897,0.0315278,0.024694044,0.07298035,0.0005174227,0.07220843,-0.019327788,0.04706498,0.05367747,-0.004380869,0.0026092574,0.062072594,0.06171104,0.047926974,-0.034742896,-0.036024127,0.05365851,0.029556878,0.02210806,0.052752685,-0.02277271,0.026754437,-0.039140597,0.019041223,0.051957756,0.015423489,0.05183711,0.039582625,-0.009816695,-0.011391322,0.023240877,0.017319275,0.0073849736,-0.0044197724,-0.02891887,0.071099155,-0.0064432924,-0.0030233285,0.004669432,0.06457367,-0.027183417
0.026487071,0.021986809,-0.028252508,-0.06396898,-0.07439741,-0.017293075,-0.0690224,-0.005203941,-0.037236396,-0.024095917,-0.018278448,-0.03770952,-0.024283065,-0.05819599,-0.031936232,-0.058631934,-0.009653874,-0.061734453,-0.009337609,-0.022951309,-0.06682069,-0.06737299,-0.07009186,-0.065951265,-0.04063843,-0.029897247,-0.053288933,-0.042546332,0.016719788,-0.054921232,-0.058681484,0.007257135,-0.059428886,-0.06489665,-0.069679424,-0.013403378,0.028701367,-0.041208155,-0.044382595,-0.01043274,-0.0752909,-0.053806398,-0.033772968,-0.073276594,-0.06513003,-0.03892279,-0.014439771
-0.008564575,0.011490416,-0.047445793,-0.059683897,-0.06654488,-0.013941105,-0.05108154,-0.039942,-0.031743318,-0.054144487,-0.060498696,-0.030723466,-0.032301884,-0.0382485,-0.0570376,-0.055560328,-0.050059397,-0.06366104,-0.06281017,-0.056279957,-0.07744682,-0.019461337,-0.05776343,-0.05282594,-0.040049296,-0.0048444616,-0.06300936,-0.04985904,-0.020616736,-0.06922103,-0.026075808,-0.03830856,-0.05841291,-0.06192759,-0.031003177,-0.022958465,-0.028523572,-0.02044826,-0.060236488,-0.03557951,-0.054848254,-0.04485931,-0.018555047,-0.048748992,-0.056316137,-0.05516296,-0.063394316
0.030882867,0.011616436,0.010771101,-0.021369122,0.083749935,0.010187839,-0.06803196,-0.03496311,-0.053036742,-0.036996465,-0.032363422,-0.022693347,-0.07592264,-0.06502937,-0.06036582,-0.07393851,-0.0017881657,-0.08055456,-0.019404078,0.056421183,-0.027041655,-0.03631992,-0.008840434,-0.06927552,-0.06889758,-0.020875113,-0.069999345,0.016495297,-0.010603538,-0.04198378,-0.048156515,-0.07210801,-0.082502834,-0.024223136,-0.07022976,-0.03312509,0.008007133,-0.064609274,-0.029189035,-0.04031539,-0.07578002,-0.05227423,-0.03075646,-0.031817112,-0.026356291,-0.0527678,0.06538366
0.004875787,0.019418318,0.055636026,0.020836813,-0.008521081,0.047671612,0.055238653,0.026400989,0.047690205,-0.063257515,0.043706868,-0.021749724,0.016457377,0.056734744,-0.03231754,0.033310484,-0.0034422325,0.06996475,0.063583076,-0.030192222,0.057915483,0.026021948,0.07521915,-0.06002186,0.051514953,-0.022453722,0.068355285,0.030081933,0.007181608,0.04913686,0.07259761,0.04003622,0.060126852,0.050399497,0.02406176,0.09131064,0.023476988,-0.07439649,0.059483275,0.010080434,0.04859562,0.04087219,0.08239341,-0.03294794,-0.05368684,0.022991866,-0.008255504
0.028423483,0.0060914927,0.06979622,-0.06470825,-0.002463956,0.009883056,0.01472436,0.065756515,-0.048265003,0.0310434,0.07936982,0.07044754,-0.02161644,0.03245328,-0.0022849399,-0.06886899,0.04009527,0.04706953,0.06819796,0.059758455,0.03334756,-0.024946181,-0.04893116,0.013316211,0.08171515,-0.043171532,-0.048715234,-0.006079419,-0.028464813,-0.04029411,0.02662068,-0.020749208,0.018641667,-0.0038693931,0.035053957,-0.012698554,0.0078977905,0.06948236,0.04793761,-0.028976945,-0.03411882,-0.0058433497,0.005540902,0.014658598,-0.015992934,-0.020064566,0.022497814
-0.05204516,0.016248157,0.0040130517,0.080530815,0.07682645,0.014713596,0.007991149,-0.042751513,-0.049666103,-0.0075712805,0.0059228437,-0.009249567,-0.02235725,-0.023013214,-0.032674745,0.0834385,0.05764199,-0.04616421,-0.059710547,0.019322544,0.008562069,-0.0319946,0.015612907,-0.026562598,-0.03992121,0.05161861,-0.024724213,-0.04673422,0.037684478,-0.06877404,-0.035925955,-0.062164795,0.027223371,0.0014322655,0.011437111,-0.02467297,-0.044464372,-0.034840375,-0.006154722,0.036381356,-0.053979345,-0.059172228,0.049574334,0.008275145,-0.06310927,-0.027174866,-0.069056526
-0.020523636,-0.02252278,-0.0020612157,0.032159537,-0.019477492,-0.028105568,0.050199796,-0.029300628,0.008445994,0.007816946,-0.04056731,0.018568657,-0.0036983683,-0.06082978,0.021169195,-0.012724215,-0.015688956,-0.036488626,-0.0030904573,-0.07742342,-0.061964363,0.021319104,-0.0057706973,-0.018680682,-0.056128226,-0.023722231,0.022111095,0.061140083,-0.034957167,-0.03847445,0.010601839,-0.020577759,-0.060326744,-0.021404667,-0.06904492,-0.059972066,-0.05856993,0.015055567,-0.0052055297,0.011805827,-0.046523865,0.04177011,0.030235477,0.006111805,0.030901317,-0.030895455,-0.026783012
-0.029472359,-0.0108562615,0.06022818,-0.023697613,-0.03396557,-0.058898393,0.030726014,0.03791181,-0.037378233,-0.03034334,0.064964294,0.024965597,-0.064459965,-0.06754056,-0.025125097,-0.04891167,0.04772657,-0.04603555,-0.0022614682,-0.047753688,0.05133253,0.023477087,0.0024519318,0.06725178,-0.042654995,0.014058873,0.01497341,-0.077553,-0.009502002,-0.044496913,-0.06067203,-0.030299945,0.051860377,-0.0022631907,0.049195375,0.038590133,0.05369926,-0.042820495,0.01210361,0.043565538,-0.005684347,0.005155087,0.006099343,0.06943757,0.06739692,-0.026449695,0.042734053
-0.063777335,0.07073832,0.007370808,0.046533022,0.046716273,0.03786322,0.038755964,-0.031000018,0.05005309,0.0038249267,0.05795622,0.043107368,0.013187161,0.04153001,-0.034787163,0.04536278,0.0538564,-0.01883435,0.03786239,0.0005016433,0.060484715,0.025469972,0.035975672,0.054881644,0.06930473,-0.076220766,0.067466386,-0.03317346,-0.05424538,0.025644412,-0.00638667,0.04097957,-0.021974279,0.010860621,0.015266153,0.055523857,0.03273592,-0.0033881648,0.024656119,0.040490095,0.04596378,0.05184289,0.015172278,0.021850161,0.07800899,-0.035689283,0.024726804
-0.036542986,-0.0120610045,-0.036119822,-0.0077242753,0.0012935149,-0.04202985,0.049541604,0.009822425,0.05197904,0.0015695756,0.047659073,-0.050774276,-0.016287735,-0.038681384,-0.004277872,-0.013226388,-0.031176215,-0.036554687,-0.07461857,-0.013546345,-0.058895934,-0.035390314,-0.057969216,0.0067900186,-0.011293454,-0.026645198,0.017947592,-0.019949717,-0.06896632,-0.008021001,-0.0058148126,-0.0106130075,-0.077398576,-0.041124098,-0.028351225,-0.019400641,0.06464998,-0.02585527,0.021593565,-0.02136965,-0.058205497,0.026333563,-0.046577513,-0.032428455,0.006161952,-0.02123915,-0.050999913
0.008270063,0.07100188,0.06845459,0.053440318,0.03772589,0.008195561,0.035938263,0.01295813,0.051310603,0.025554666,0.04418281,-0.026669545,0.027385581,0.0013419593,0.057950437,0.042543985,-0.020207008,0.03638856,0.047332082,0.005173861,0.00040966278,0.012738101,0.04979887,0.0535522,0.023148805,0.05396618,0.023045482,0.058671717,0.011347416,-0.00041488695,0.017166302,0.04247442,0.034164052,-0.07310277,-0.06897483,0.017180925,0.03951712,-0.046407253,0.017506659,0.054371465,0.008528783,0.013605073,0.0335827,0.018806895,0.018617405,0.048510335,0.0035844021
-0.024801431,-0.011534233,-0.066599876,-0.052924328,-0.03887993,-0.025669659,0.028065111,-0.060154278,-0.002200938,-0.07842693,-0.022718823,-0.046371825,-0.013109787,-0.019855063,-0.044652093,-0.017293232,-0.036761608,-0.06572782,-0.04206766,-0.054986414,0.010520857,-0.030335907,-0.0069453167,0.0022391551,-0.03085581,0.009287131,0.029238932,-0.0335574,0.029855147,-0.059175264,-0.06632266,-0.05103307,-0.033952132,-0.027031848,0.017954472,-0.008926311,-0.0071868547,-0.0061628334,0.008899515,-0.049681112,-0.032425813,-0.058089733,-0.047340214,0.047805786,-0.005972236,-0.016432114,-0.061789613
-0.06406863,0.0059118886,-0.07263829,0.046299268,-0.03734148,-0.071216285,-0.031831164,-0.025482077,0.05178066,-0.062914714,-0.07332064,-0.058935527,0.03993823,0.002280058,0.060410563,0.032485627,-0.031508632,-0.026478382,0.026648557,-0.053433783,-0.028434547,-0.07919841,0.00807329,-0.02771267,0.0017404922,0.022040572,-0.03494449,-0.077080175,0.029752716,-0.017636929,-0.021290265,-0.0015985852,0.006185217,0.014348811,-0.07716893,0.0060918294,0.014267868,0.02978691,-0.057701644,-0.000978853,-0.020515092,0.040409867,0.025664663,-0.009563856,-0.037142314,0.030867029,-0.032782596
0.030465491,0.00664427,0.06739971,0.028307116,-0.0027718535,-0.0019844742,-0.044509802,0.03165164,0.0063484246,-0.0020098668,0.03393442,0.039370917,0.038051505,-0.068549775,-0.023786368,0.04022388,0.008876231,-0.0011224701,-0.02825645,0.029688261,-0.03844237,-0.06314767,-0.06242163,-0.014828284,0.043365378,-0.0030118308,-0.012565241,-0.0836152,0.006146238,0.015007251,-0.0006319112,0.045368735,0.0031579772,0.06543362,-0.0655029,-0.0019121652,0.026424674,-0.0021555931,-0.05840331,0.0059524374,0.0067013297,0.040039353,0.06102026,-0.04327462,-0.07734748,0.022219501,0.0012381908
0.02691538,0.038149085,-0.05414788,0.03319439,-0.0048177573,0.0136091355,0.051769976,-0.025131516,0.07211917,-0.030609129,-0.028897315,0.0027072406,-0.010598611,-0.014441354,0.031508587,0.039181948,0.034326095,-0.06637245,-0.03488546,-0.016893787,-0.011769463,0.010186559,-0.0314477,0.015943134,-0.04989725,0.055023078,-0.02566968,-0.016146498,-0.010743212,-0.038614735,0.049869664,0.055514254,0.039107956,-0.021126863,-0.011246097,0.011542131,-0.027870703,0.02736811,-0.03268318,0.019166296,-0.016430246,-0.02686932,0.026955133,-0.010588666,0.013902098,0.0185887,-0.041511934
-0.04263379,0.0018163045,-0.039195143,0.0136413695,-0.016925134,-0.037679978,-0.0015253181,-0.0139584,-0.0034341945,0.0005635005,-0.05343833,-0.063374646,-0.010384617,-0.07161445,-0.033900466,-0.033485204,-0.0014785681,0.004052339,-0.071867295,-0.07236064,-0.07518142,0.0059098955,0.055432256,0.014534735,0.0130038,-0.062969506,0.031373933,-0.010966474,0.041738108,-0.036487203,0.037096012,0.024634413,-0.0700018,0.0172144,-0.03380418,-0.06532345,0.008178384,-0.018574849,0.06477964,0.028521331,-0.06862349,0.00063554844,-0.047431815,0.024982069,-0.060663383,-0.066628754,-0.0056277122
-0.015302313,-0.06409007,-0.029904252,0.048815027,0.038256958,-0.069882244,0.07036712,-0.05264566,-0.0075113554,0.08108716,0.0018514659,0.0519202,0.045931272,0.058805034,0.053336762,0.0042917607,-0.04695159,0.054986555,0.054273788,-0.04107759,0.06950926,-0.039330572,0.01092051,0.030062173,-0.0050060935,-0.028928837,0.049088366,0.0071023223,-0.053509455,0.015366512,-0.0090185525,-0.022111947,-0.027181018,-0.0008268655,-0.045041796,-0.020225046,0.0020783446,0.0028457239,0.06943813,-0.06156835,0.060878202,0.06554634,0.036602285,0.06316373,-0.0488486,-0.06293673,-0.012457599
0.007731741,0.011387378,-0.03575166,-0.018579869,-0.006974585,0.02411265,-0.04955635,-0.020049846,0.05184673,-0.010513618,-0.043876573,-0.026727857,-0.07262129,0.026033657,-0.0012931435,-0.0095929215,0.03239326,0.058986694,0.059947982,-0.021434745,0.062442675,0.061939202,-0.08071477,-0.004113002,0.05935423,0.056920256,0.031838804,-0.057242952,-0.024446147,0.022583466,0.0073863347,0.0374153,-0.011084375,0.024420427,0.0005639331,0.005941665,0.068828836,-0.010970587,-0.026743475,0.05438303,0.051023,0.026889523,-0.010721349,0.051324062,-0.039812572,0.04458021,0.03223758
-0.001099923,-0.028240299,-0.0018991955,0.048231777,0.03102921,0.07496692,-0.041093264,0.034438375,0.051843733,-0.03609856,-0.07737273,0.0562117,0.0074307593,-0.023964968,0.0020712086,0.072735816,-0.054216605,0.017285313,-0.034984056,0.023610573,-0.06331443,0.029867481,0.0046199327,-0.045900267,0.047941968,0.02220359,-0.014349185,0.032975752,0.044363387,0.049408335,0.06548183,-0.0039888863,-0.05616509,0.028284023,-0.0018449693,0.026645316,-0.06630168,-0.03519606,-0.020580593,0.0038565493,0.046812203,0.038030464,-0.0067041107,-0.03348548,0.015730387,0.054027878,0.0023369128
-0.048170283,-0.0757782,-0.048713554,0.004500548,-0.07242317,-0.010539582,-0.014509907,0.03975049,-0.038517293,-0.05830322,-0.04378294,-0.07147696,-0.047275074,-0.06562594,-0.01216461,-0.078441635,0.002661187,-0.029710736,-0.044757344,-0.05724457,-0.01392347,0.016883988,-0.022841189,-0.026476867,-0.05020338,0.023472426,-0.013424849,-0.07001208,0.077697515,-0.073783524,0.034362677,-0.006125779,-0.05883028,0.057012796,0.012711373,-0.080491245,-0.01885341,0.005986368,-0.036608465,-0.07538818,-0.041943062,-0.052423894,-0.03500011,0.02295464,-0.033725966,-0.05237168,0.055262927
-0.0050318893,-0.0348508,0.024983611,-0.0132542,0.023132712,0.010831952,-0.0020990432,0.035710163,-0.072117925,-0.02772316,-0.056239497,0.033306953,-0.023883436,-0.042454116,0.051899128,-0.017653164,-0.015713725,-0.035491046,-0.007800446,0.06451882,-0.011289575,0.07203959,0.031317458,-0.033423588,-0.017888516,0.056617208,-0.0032437898,-0.0351016,-0.011087076,-0.046635557,-0.048508774,-0.0049587204,0.017112773,-0.06283364,0.043741163,-0.030892674,-0.0014720329,0.06726896,-0.015237282,0.05377791,-0.030363202,0.026798448,-0.013986878,0.0780265,0.018548176,0.05921122,-0.061101485
0.005182121,0.002667032,-0.013423531,0.047074102,0.025691979,-0.050583854,0.049638264,0.031105129,0.0070359106,0.07621818,-0.06948905,-0.005626808,0.07897458,-0.04698254,0.07872621,0.057744373,0.012916429,0.051978417,0.012293304,0.003952029,0.027983746,-0.04823115,-0.030071817,-0.05211139,-0.06491281,0.019420937,0.05805064,0.018512705,0.016601449,0.013049156,0.07283928,0.075791605,0.04563113,-0.03127026,-0.018686462,-0.0011676924,0.055328637,-0.03418818,0.06258138,0.06714292,0.018540578,0.029950729,0.044456825,-0.030366715,-0.06745617,0.01315999,-0.0060684695
-0.049897175,-0.06515749,-0.075936206,-0.08155533,-0.049159568,-0.080120824,-0.042365085,-0.038885936,0.037640337,-0.017271396,-0.048291426,-0.07617647,-0.030671097,-0.04058536,-0.04591324,0.03338486,-0.08131239,-0.0476995,-0.05114081,-0.07403545,0.00014781205,-0.049780633,-0.058728468,-0.082727596,-0.06004664,-0.027727216,-0.04829347,-0.04061015,0.019128956,-0.0062929066,-0.024351567,0.04659723,0.06936124,0.03403264,-0.036344074,0.011147497,-0.0676677,0.021281922,-0.040847156,-0.07497687,-0.03668832,-0.051600154,0.04888753,-0.014770225,-0.07577456,-0.074385636,-0.07728124
-0.068437144,-0.014957246,-0.046655886,-0.072664,-0.06457022,0.036221366,-0.046814885,-0.047240555,0.023568949,0.023738895,-0.010311828,0.013097745,-0.028352616,-0.0076493807,-0.021492533,-0.060615767,0.032341853,-0.034439467,0.02125938,-0.03955361,-0.020825071,-0.051804844,-0.013867512,-0.01199892,-0.06010992,-0.047843907,-0.030170698,0.029577356,-0.057660647,0.026881615,-0.008718657,0.013630187,0.0105000865,0.015886476,-0.01591627,-0.04073068,-0.010906157,-0.0350549,-0.018817032,-0.030190205,-0.036429346,0.006927182,-0.01755537,-0.04132307,-0.020440057,-0.010069568,0.017071191
0.032694146,0.049310144,0.0559262,0.07426872,0.06825432,0.08049223,0.054409645,0.037488163,0.06104426,0.080977954,-0.02106574,0.06762305,0.06554356,0.0573712,0.06807379,0.03992012,0.069238834,0.07103726,0.05714167,0.039662432,0.06317112,0.0693302,0.043983407,0.07395796,0.016088506,0.058377787,0.039343044,0.07214441,0.0635602,0.039310466,0.06610363,0.048109792,0.032168806,0.072895594,0.042534307,0.0665792,0.07256173,0.07141432,0.07682132,0.025519175,0.06803082,0.07401672,0.06769053,0.07258184,0.06821693,0.0433756,0.07512756
-0.013695756,-0.055759873,-0.06057703,0.06347504,0.019534959,-0.03535968,-0.05602663,0.0006151989,0.034865808,-0.036133148,0.044387966,-0.07826595,-0.016246853,0.024785267,0.01561632,0.039558157,-0.03739478,-0.06665512,-0.012483076,0.0557662,-0.07045125,-0.07007894,0.028443567,0.021252703,-0.054547813,-0.0029980633,-0.011092262,0.04645439,-0.084237985,0.027885532,-0.044119958,0.018139537,-0.026944146,-0.058660325,-0.042103633,0.03170795,-0.024259081,-0.019553522,-0.020662447,-0.04259938,-0.056465235,-0.024422398,-0.013893299,-0.060452506,-0.0011553449,-0.03760996,0.03437495
-0.07541998,0.034895267,0.037994023,0.019370966,0.02140915,0.0738829,-0.07868686,0.036698088,-0.086904034,0.040067516,0.025881028,0.055246383,0.0066837715,-0.049628735,0.03274798,-0.0155783305,0.06655558,0.01050387,0.042691365,0.05371322,-0.026748085,0.03426133,0.0533678,-0.075963795,0.04766524,0.064871036,0.0049008806,-0.056415666,0.035674755,-0.028267905,-0.043157056,0.048937414,0.047453847,0.066134326,0.063328624,-0.018776655,0.008888385,0.037824735,-0.07990758,0.024412667,0.048414487,-0.0039500943,0.02887291,0.039586045,0.012169152,0.049429797,-0.020722833
-0.053434003,-0.010904418,-0.020297786,0.0006163527,-0.014705389,-0.039137892,-0.01649643,-0.030892828,-0.030145805,-0.035274863,-0.05404844,-0.011513257,-0.00706949,-0.046997406,0.009539668,-0.031533618,-0.07340306,-0.01168473,0.035261404,-0.045932125,-0.0015273377,-0.0291155,-0.018466208,-0.02610727,-0.076829515,0.05884972,0.057515457,-0.05529545,-0.02366221,-0.05042224,0.0097022485,-0.046296187,-0.032532174,0.008391753,-0.05799058,-0.05583,0.008635158,0.0047398936,0.0018562443,-0.009653687,-0.013747654,0.00074915023,0.029928783,0.018187173,0.067442924,-0.050796602,-0.031086195
-0.059763465,-0.030088425,-0.018790169,-0.0152281895,-0.030754507,0.039815683,-0.04689741,-0.0066603194,-0.029841175,-0.052675992,0.058134194,0.049164858,0.051044706,-0.06332335,0.0183393,-0.041619726,-0.077424906,-0.055460855,0.04491845,0.054142494,-0.019739289,-0.044893008,-0.009010412,0.032419294,-0.0060591893,0.024884798,-0.016569195,0.009484698,-0.01612211,0.027767714,-0.07452389,-0.03317665,-0.0033596524,0.017056998,0.0505403,-0.047834557,0.021560658,0.054316983,-0.015615385,-0.003139676,0.06207819,0.0037654883,-0.020238036,-0.033977546,-0.032144066,0.04953613,0.029373653
-0.011220937,-0.061936848,-0.004143224,-0.052436188,-0.044705827,0.016090967,0.032843854,0.023999417,-0.054492816,-0.007857316,-0.032158338,-0.07369009,-0.055226337,-0.055622753,-0.04271229,-0.028239463,-0.024387497,-0.01585617,-0.049774982,-0.011545703,-0.02021695,-0.026767427,-0.062082376,0.050991718,-0.04483479,-0.05804518,-0.053894468,-0.051409584,0.024514116,-0.06920244,-0.05969647,0.034491673,-0.023730641,-0.07388409,-0.080209486,-0.06944936,-0.07127969,-0.07928569,0.024151005,-0.039794557,-0.045165516,-0.06343724,-0.009659318,-0.007804776,-0.022880187,0.03300614,-0.061783936
-0.07040932,0.07265051,0.048785064,-0.00924665,-0.007140684,0.037027653,0.04075447,0.0005072557,0.012620677,-0.009523929,-0.021212595,-0.0028137425,-0.04341657,-0.005593179,-0.016287236,0.014064563,0.09070966,-0.004262786,0.064315185,0.05282604,0.08158567,0.055781864,0.03597092,0.039934076,0.061160736,0.012029758,-0.027074806,0.032626953,0.034086253,0.037324693,-0.0057509188,0.044131998,0.04540683,0.004568293,0.05801819,0.055583518,-0.01869478,-0.0009414853,0.08074848,0.077748686,0.051108815,0.0058134166,0.0025649043,0.012547299,-0.0026125992,0.03631883,0.006348953
0.010043288,0.09006723,0.0754831,0.051129926,0.052715257,0.07221061,0.06736358,0.077329434,0.07449999,0.07377106,0.079285644,0.066512935,0.06055187,0.08057483,0.07601827,0.066282384,0.09473302,0.08210495,0.05992379,0.075018145,0.029831924,0.04347509,0.071258515,0.049867216,0.07272,0.08451299,0.06842297,0.08564166,0.08071997,0.054122567,0.06766801,0.06890708,0.07756357,0.072487265,0.06793905,0.0983839,0.0805922,0.05730501,0.0688809,0.062577195,0.0941254,0.07362948,0.09438032,0.05466442,0.068840936,0.07404608,0.07983547
0.013616156,0.025986748,0.030959435,-0.02974535,-0.0075305263,0.056856796,0.016495666,0.058127876,0.032244958,0.021334864,0.034972806,0.044695392,0.04340777,0.06675121,0.01362283,-0.001513902,0.05064931,0.037466407,-0.045246184,0.0370817,0.022504358,0.051438592,0.06821883,0.06310024,0.004348197,0.069724165,0.05614396,0.058638893,0.028974894,0.021363894,0.006885326,0.051286276,0.021833064,0.022429584,0.0363648,0.06007764,0.037946913,0.036179047,-0.010382226,-0.05739443,0.05032313,0.026387911,0.069354616,0.034309722,0.048719164,0.06366118,0.06208194
-0.017738095,0.043938,0.0007580723,0.026391035,0.017245956,0.0412308,-0.0056813834,0.04861683,0.060975194,0.04016756,0.039082058,0.03748063,0.039595142,-0.011188505,-0.013718314,0.058016125,0.044868674,0.024702154,-0.0102765495,-0.005153502,-0.009111574,-0.009186721,0.057211034,-0.031085528,0.04160609,0.038762424,0.03822343,0.05519765,-0.033860266,0.07048845,0.05413708,0.028243566,-0.052535485,0.01701503,-0.05781651,-0.073374145,-0.030951137,0.04630176,0.028401628,0.034855768,-0.027056534,0.049770817,0.07083265,0.0172341,-0.01054933,0.047041837,0.047263708
0.047396716,-0.0039496166,0.036134973,0.050169155,0.036512937,-0.0007507478,0.053682823,0.013799686,0.031254224,0.06431728,0.07104699,0.07460293,0.053581856,0.033462174,0.04112563,0.059300277,0.047015432,0.051627755,0.05250665,0.023259126,0.040755432,0.040883716,-0.0005837766,0.06029414,0.02174517,0.040537994,0.021343362,0.029347155,0.027887287,0.011868963,0.046302833,0.0146574015,0.026863493,0.0017158533,0.051686887,0.025126439,0.038310684,0.051129807,0.05587284,0.023159064,0.06823701,0.049805887,0.035513796,0.013030829,0.008461276,-0.033772923,0.028559271
0.044639673,0.071098045,0.026309868,0.06099938,0.062202066,0.06768598,0.06776859,0.060303666,0.077049404,0.050622858,0.017815998,0.06924804,0.04137581,0.06089408,0.062442586,0.074722625,0.064022966,0.062084198,0.037183404,0.06754416,0.034662653,0.07381562,0.043208428,0.055161208,0.065943986,0.07127916,0.030413851,0.018878048,0.053250037,0.020594405,0.060963657,0.06375721,0.05369791,0.01400984,0.047453105,0.08069581,0.036639757,0.05854642,0.014415382,0.070004284,0.048904534,0.058909062,0.058051128,0.04732236,0.03890298,0.05723346,0.07128386
0.019201914,0.057328127,0.054039393,0.05386386,0.050973803,-0.0238317,0.019752676,-0.013262704,-0.003123495,0.04861086,0.020713735,-0.07906881,0.07475299,-0.062337726,0.07443454,0.019130133,0.003540462,0.055804953,0.051911663,-0.043293644,0.071818605,0.055564743,0.019718118,0.0072712717,0.00012925769,-0.055303734,-0.012543742,-0.012645029,-0.04925555,-0.030480593,0.05200993,-0.035436466,0.059283663,-0.016381765,0.055626415,0.05792975,-0.017666575,-0.06347958,-0.012691555,0.05849622,0.05335444,-0.007144043,-0.05809569,-0.008448809,-0.036103763,0.036752004,0.022607965
0.04210528,-0.040611606,-0.013063801,-0.02441865,0.0051811454,0.04498476,0.04526072,-0.042535204,-0.033776272,0.038921975,0.016170122,0.017991578,-0.021642914,-0.0089806765,-0.0020008457,-0.035879925,-0.004347619,0.06368992,-0.03533631,0.023546956,0.045766853,0.024381746,-0.024821466,-0.020330876,-0.016425805,0.023751734,-0.04138302,-0.0101187825,0.035350896,0.023679113,0.021125162,0.020363439,0.0063499776,0.031431805,0.00915079,-0.0076468834,0.024561692,-0.025834845,0.052860025,-0.033893123,-0.006293815,0.0134620555,-0.04161083,0.009352954,0.0034402919,0.024685943,0.024075888
-0.0432621,-0.072246686,-0.0038610694,-0.011651893,-0.018765334,0.015468471,0.012872654,-0.061497763,-0.030288246,0.05806165,-0.05123638,0.030651934,-0.01294534,-0.033755828,0.04403844,-0.040235832,-0.04522573,-0.054646946,-0.042523354,0.062213145,-0.0011544664,-0.017376065,-0.060635194,-0.045718454,-0.056183085,0.0023976834,-0.042600192,-0.042690556,0.03755749,0.029369747,-0.061120503,-0.05783615,0.057405964,-0.031612743,-0.023296371,-0.050856933,0.07173061,0.033752758,-0.013489996,-0.06073363,-0.07204764,0.015520658,0.01433684,-0.04303326,-0.07746292,-0.049813848,-0.08125174
0.008162521,0.019535365,-0.015225721,-0.0143328,-0.032533843,0.045850884,0.014285198,-0.04408009,0.005897528,-0.018774169,-0.048861723,0.03655799,0.06169078,-0.0041903406,0.033927094,-0.057750013,-0.041863237,0.037796088,0.01209001,0.06948383,-0.032149415,0.012456336,-0.002930535,-0.016888624,0.0022503037,0.036021482,-0.04123857,-0.020212987,-0.026924446,-0.072218865,0.037452646,-0.049217556,-0.03649196,0.061932042,0.0848845,0.057380304,0.056209426,0.0659202,-0.071895726,-0.042140212,5.8921785e-05,0.033497233,0.01942945,-0.041075986,0.016710455,0.004376845,0.010050553
-0.06043219,-0.05704201,-0.057073336,-0.046263117,-0.0576482,-0.05669603,-0.031314332,-0.052587908,-0.015328884,-0.07396458,-0.061457805,-0.025499707,-0.046779525,-0.07363701,-0.03328451,-0.042942148,-0.060833957,-0.0107805785,-0.052073702,-0.04387181,-0.027709622,-0.031234413,-0.042046037,-0.037548143,-0.035774115,0.01948536,-0.04117819,-0.042235594,-0.047530252,-0.035627276,-0.05912029,-0.02735524,-0.009266027,-0.05957325,-0.019425271,-0.061676193,-0.04989571,-0.05006674,-0.0529903,-0.056442287,-0.04989134,-0.008317949,-0.0353324,-0.058367852,-0.035198547,-0.061284445,-0.040444754
0.04726481,0.068802685,0.030316925,0.061936405,0.08384183,0.078097515,0.02413961,0.0036119244,0.074966475,0.015848266,-0.020171832,0.03972284,0.041577976,0.02675752,0.056445252,0.073818274,0.010728511,0.03642634,0.059369322,0.06271521,0.049353644,0.017483026,0.0377774,0.033474382,0.027579928,0.052045826,0.05811467,0.059659716,0.016854445,-0.009345747,0.076101996,0.04380732,0.05803752,0.06853329,0.041158307,-0.014109827,0.028978588,0.04463849,0.009235012,0.040791914,0.060792603,0.0359195,0.077045,0.0712479,0.058130004,0.05351538,0.059042655
-0.07721774,-0.09522346,-0.079302356,-0.082302414,-0.08406296,-0.034024518,-0.069327794,-0.030482765,-0.06954289,-0.069048755,-0.031335685,-0.046378102,-0.0734444,-0.0725907,-0.06527573,-0.083497405,-0.09047053,-0.07818026,-0.05847039,-0.0023244596,-0.037320312,-0.07595661,-0.04390184,-0.08172025,-0.024841778,0.08577278,-0.04029512,-0.056123644,0.039581914,-0.013622756,-0.068059295,-0.03331797,-0.044443183,-0.055337902,-0.065480314,-0.056045838,-0.08209721,-0.0030995582,-0.057007913,-0.08189002,-0.08505009,-0.08610513,0.04141022,-0.050286904,-0.074938536,-0.04284555,-0.079372905
-0.07246907,-0.016664071,0.071861826,-0.053455293,-0.062602736,-0.031285197,0.059020687,0.07912873,0.032253627,-0.062433917,0.077289045,0.055755686,-0.010259556,-0.056520678,-0.026814202,-0.017262902,0.05938737,-0.05663408,-0.06774992,0.02121469,0.006779152,-0.01609362,0.021736901,0.024373408,0.013228113,-0.046657693,-0.038434297,-0.03950546,-0.017109267,0.03571618,-0.0120786475,0.033552017,0.058574304,-0.01072497,0.004079721,0.044650573,-0.018463787,-0.029450826,0.071367785,-0.045109425,-0.03842593,-0.008200014,-0.022975365,0.007505573,-0.06976275,0.021372458,-0.015021106
-0.06676591,0.018438075,0.009338786,0.024652196,0.036539778,-0.059262935,0.009408036,-0.0075367778,0.020239439,-0.0072151674,0.069016024,-0.07436467,-0.054225862,-0.054176144,0.01693156,0.019729502,0.019059028,0.007064504,-0.06483872,0.012439802,0.00021924876,0.0056458437,-0.049226876,0.03516338,-0.03401871,-0.06445054,0.05260657,-0.09039831,0.002885896,-0.05302792,0.051721655,0.021301633,0.046874866,0.0391868,0.019507656,-0.05801985,0.06931733,-0.07677815,-5.834635e-06,0.033061136,0.008546343,-0.06314014,0.050494652,0.0434227,0.06399471,-0.071111135,-0.04658637
0.06967446,0.03478636,0.06456255,0.051041458,0.027002487,0.050526343,0.07588591,0.022771606,0.07654841,-0.0017777437,-0.073822975,-0.054769702,-0.0034017402,0.04326756,0.051914614,0.027242389,0.023017218,-0.0049198046,-0.01829683,0.0051452564,0.038374774,0.063471444,-0.0317527,0.00818853,-0.06895063,0.058246523,0.026415791,-0.033832386,0.080633074,-0.042642042,0.045902107,0.016334902,-0.015985794,0.024438338,0.056706436,-0.03895466,0.06507534,-0.027896691,0.06435908,0.059329767,0.05015001,0.033971515,0.015213582,0.01675427,0.0067175725,0.03075548,0.027463645
0.019978045,-0.045510408,0.0036149235,-0.035920545,-0.027750546,-0.056282796,-0.005467397,-0.004764232,-0.023509325,-0.012564069,-0.006289615,-0.0126083745,-0.04111026,0.030852623,0.0786055,-0.039018046,-0.027701836,6.285726e-06,0.064006224,0.014988238,-0.048529703,-0.014002457,-0.0040721153,-0.039073292,-0.067600384,-0.050696302,-0.041284386,-0.009962107,-0.019191574,-0.010580032,0.010407931,0.071571566,0.049422253,0.022449963,-0.031269096,0.031320598,0.044019446,0.046618104,-0.0062459614,-0.037869703,-0.008035376,0.03648864,0.04143809,0.03408876,-0.054935094,0.03540997,0.064728156
0.050296027,0.010438897,-0.056005973,-0.05040252,-0.054776616,-0.042653333,-0.034978293,-0.073129185,0.053884823,-0.05438446,0.057206187,0.018257234,0.019460151,0.0007075965,-0.016377408,-0.028734498,-0.011360836,-0.045928303,-0.04016373,-0.024229264,-0.03529858,-0.056208428,-0.039203543,0.054990984,-0.06841596,-0.018700255,-0.014443287,0.0021289543,0.0057447474,0.031962845,0.04206218,0.034406763,0.00376456,0.026679464,-0.002360891,-0.013659619,0.032446183,0.07377504,0.008139268,0.039178953,-0.06613462,-0.063794136,-0.062459067,-0.07238592,-0.016294844,-0.04407232,-0.0005244609
0.0002123325,0.058664735,-0.053799283,0.001212751,0.03603938,0.042756874,-0.06466942,-0.068997465,0.045593306,-0.0006834658,-0.05571216,0.08036464,-0.029934771,-0.024694305,0.07033206,0.0032651667,0.059548926,-0.052064482,0.024959866,-0.033988647,-0.029375354,-0.008483096,0.04962306,-0.034029048,-0.0025799037,-0.01892558,-0.005358464,-0.012633975,0.028799627,0.00013396492,0.06465124,0.03655055,-0.041237384,0.0045933304,0.005907358,-0.053767025,0.07885232,0.00025441666,-0.0755407,0.06914124,0.059497885,-0.010022767,-0.006875516,0.021820014,-0.040401734,0.022791583,-0.010124078
-0.05315463,-0.0009319067,0.009336214,0.016013676,-0.010031441,-0.027505375,-0.07265101,0.0280813,-0.03833141,0.00039531238,0.02395918,-0.022889923,0.054768335,-0.02153468,0.04179997,-0.043949503,-0.034785658,0.0490604,-0.058309697,0.06110082,-0.02497185,-0.030874593,-0.0032503083,0.050324064,0.013028679,0.019474693,0.043379728,0.024919864,-0.018566243,0.05480053,0.0061244904,0.0371379,0.015821801,-0.02627801,-0.06037919,-0.03089067,0.06481451,-0.06966589,0.04995878,-0.0021974386,0.014177645,0.006210853,-0.015354543,0.0635705,-0.000721633,-0.051535156,-0.028866772
0.05167322,0.038473923,0.03596661,0.03536815,0.011362072,-0.0036961348,0.009567273,0.020049099,0.01718193,0.041608416,0.06353637,0.016271455,0.06299963,0.0400327,0.052217,0.031195592,0.031022802,0.042605862,0.01059684,0.015174919,-0.0037191676,0.026642838,0.051770765,-0.03534465,0.03203482,0.02568893,0.07210409,0.06684185,-0.01091238,0.03253604,0.0060481825,0.03832147,-0.0060366057,0.014917367,0.040754914,0.051122796,0.05257752,0.066907816,-0.003715422,0.043140516,0.031951513,0.05294194,0.055430967,0.055926815,-0.013285228,0.01846732,0.038680393
0.0075993193,-0.0065277675,0.003021239,-0.043779854,-0.04608416,-0.050869085,0.015533364,-0.03551678,-0.0014062187,-0.045169767,-0.015751135,-0.03707732,-0.05582778,-0.044451658,0.0022432564,-0.048627645,-0.07673278,-0.057782356,0.009740582,-0.046238445,-0.0026475647,-0.03045509,-0.03269564,-0.007644216,0.007499218,-0.0503581,-0.03359873,-0.047680948,-0.049482882,-0.051390108,-0.0618558,-0.0138490535,-0.0151381,0.01238249,-0.033752088,-0.017484777,-0.012901573,0.003708035,-0.024388103,-0.039223704,-0.060472295,-0.03861311,-0.01725246,-0.058120575,0.041706376,-0.051907312,-0.036198348
-0.060815766,-0.0116960285,-0.07750323,-0.017945763,-0.00083532877,-0.02116622,-0.05046819,-0.07959456,-0.013569607,0.07606227,0.028856196,0.0038542019,-0.060736846,-0.007813407,0.048647944,0.012303368,0.026088707,0.06073048,0.069954224,0.032565758,-0.046843685,-0.043213658,-0.081519246,-0.055432532,-0.054864276,-0.0072629685,-0.046728373,-0.0028197991,-0.062901676,-0.07474032,0.07385946,0.05994713,0.046997968,0.07272513,0.009857418,-0.043326616,0.017700743,-0.00449043,-0.012287979,-0.04989355,0.024600968,0.032588318,0.015436302,-0.02616469,-0.057694923,-0.048141982,-0.012151846
-0.05285982,-0.043157455,-0.018985441,-0.06699689,-0.017525673,0.012531533,-0.02969965,-0.018383851,0.06073114,0.036108516,0.0067195324,-0.05193484,0.03290213,0.011983859,0.053468287,-0.033297107,-0.051012002,-0.007944771,0.0030336739,0.012341318,0.049654733,0.008834674,-0.057071205,0.006005725,-0.017489683,0.008510337,-0.022523616,-0.008797477,-0.07943198,-0.06535442,0.046721447,-0.055704128,-0.040882207,0.038862206,-0.053853583,-0.03493472,-0.03881921,0.024842385,-0.05975559,-0.059777454,-0.004698459,0.054221705,0.038867176,-0.012371936,-0.07788913,-0.0151849175,-0.051993404
0.020186003,-0.022367561,-0.056422282,-0.050790396,-0.05078784,-0.018940678,-0.03706125,-0.00937364,-0.012252379,-0.02209345,-0.050720856,-0.06528265,-0.016264455,-0.026480043,-0.029784266,-0.022598086,-0.014937752,-0.015603886,-0.027289728,-0.070215166,-0.055886723,-0.04680776,-0.043341372,-0.024761228,-0.047051422,-0.019607933,-0.015507923,0.03742572,0.015888754,-0.056337345,-0.046530236,-0.033020478,-0.04729032,-0.028331079,-0.053470485,0.011177454,-0.04437947,-0.037414093,-0.04935915,-0.054075815,-0.042533938,-0.029302197,-0.073699094,-0.02558205,-0.019128839,-0.045739003,-0.0107544465
-0.003545872,0.02329112,-0.081302345,0.010239127,0.02002854,-0.027227804,0.05245953,-0.04864301,0.016548617,0.060422823,0.04529316,0.024860004,0.008189463,-0.00904642,0.06696987,-0.046488963,-0.04787983,-0.00020759337,-0.026643267,-0.06665997,0.0180925,0.0464319,-0.004022388,-0.039576497,-0.06997457,0.06581597,-0.053136334,0.08468846,-0.01725173,0.054346245,0.032720733,-0.016564446,0.020068048,-0.019342119,-0.05167028,-0.007994153,0.027122073,-0.051932495,-0.037852157,0.038790666,0.014612764,0.040651947,-0.072215445,-0.06672913,-0.0054135416,-0.009232962,0.003995652
-0.060677048,-0.081409656,-0.07467017,-0.08073554,-0.078888245,0.00018378999,-0.06822353,-0.07246639,-0.04458557,-0.04759778,-0.023315586,-0.029573323,-0.048089307,-0.07738323,-0.07235025,-0.082652986,0.04909741,-0.06637449,-0.07389997,-0.05688672,-0.07760559,-0.056679115,-0.030944187,0.005599243,-0.02942085,0.009494834,-0.019524988,-0.047754195,-0.0583868,-0.032230034,-0.07237938,-0.018312318,-0.06643502,-0.014631498,-0.05856593,-0.05876095,-0.05568236,-0.008474283,-0.04893962,-0.080903776,-0.05539899,-0.061927818,-0.05748759,-0.010712982,-0.06558065,0.021255115,-0.073578075
0.01069001,0.028685918,-0.0038908678,0.035049368,0.022454653,0.03238285,0.028124807,0.0059737843,0.053052943,0.02304531,-0.027587244,-0.062994815,-0.012178736,0.026317338,0.032080352,0.033633642,-0.021604152,-0.006261073,0.0525827,0.004156616,-0.01903786,0.04353038,-0.0010261694,0.014992477,0.047336247,0.018241702,0.002108359,0.021300673,-0.029486172,0.022697803,0.039104402,0.043773424,0.037069358,0.0021897282,0.00804805,-0.0040202243,-0.016429186,0.008433843,-0.025863225,-0.0026808714,0.06540598,-0.031350702,0.0034602042,0.020516865,-0.022313405,0.035329707,-0.013733681
0.028038878,-0.012819019,0.02047348,0.043172028,0.021412008,-0.032554254,0.06552485,-0.025777122,0.04186218,-0.018232781,0.02947498,-0.012701284,0.076117165,-0.011085377,0.06871767,0.049382422,-0.05116035,0.005591423,0.05183195,-0.008737079,-0.020747928,0.060373187,0.070320964,-0.0118111735,0.03708772,-0.048883982,0.055297412,-0.032251358,0.08135338,-0.04271805,0.035713423,0.053077158,0.047740042,0.0705012,0.08099627,0.021034291,-0.0390489,0.061751634,-0.030774942,0.01700123,-0.04058224,-0.02836036,0.0016500289,0.035214342,-0.030483175,-0.001655107,0.0029555818
0.038404245,0.07213784,0.019896818,0.07570828,-0.0016047386,-0.01218237,-0.0630962,0.016731733,0.00582742,0.067551106,0.022472037,0.0281547,0.043189704,0.008358515,0.06685202,0.02788272,0.052001927,-0.049886417,-0.057001118,-0.014380006,-0.014540684,0.058483753,-0.07154075,0.029925967,-0.01575155,0.06348464,-0.07527195,0.080774,0.04810638,-0.032979596,-0.018918365,-0.063882366,-0.016272321,0.04783706,0.03351364,-0.004194627,-0.015937254,0.0616977,0.003576913,-0.021816773,-0.04520895,0.02021074,0.014979122,-0.0042599672,-0.047487337,-0.06794434,0.064117104
0.066263035,-0.022017833,-0.014593763,-0.052914783,-0.08269119,-0.05793821,-0.0052820444,0.020872122,-0.055910733,-0.054197,-0.054823276,0.06292272,-0.004073426,0.009203942,-0.04215213,-0.0569228,-0.0037187992,0.00408926,-0.0021125982,-0.006450521,0.027160846,-0.051067583,0.0700878,-0.04833653,-0.057707142,0.01904197,-0.05442674,0.03979613,0.019417701,-0.05597653,0.008732662,-0.056164924,-0.021282211,-0.010261173,0.075114176,-0.025547132,-0.034525182,-0.01273188,0.016922958,0.023912326,-0.018787112,-0.017002897,-0.038606904,0.04653562,-0.0045191706,-0.02534763,0.057086304
-0.019522617,-0.011529104,-0.017213969,-0.004011739,-0.043418974,0.057250842,-0.033311713,-0.042472623,-0.04165457,-0.052439354,-0.049706142,-0.026931355,0.030542433,-0.021285562,-0.06643327,-0.039249063,0.005370909,0.018827707,-0.012487319,-0.028265657,-0.05100551,0.049189363,-0.07890739,0.003990834,-0.04641482,-0.07725285,-0.051599655,-0.041893836,0.05656824,0.02392988,-0.022691784,-0.06017594,-0.026188804,-0.033770982,-0.0008107643,0.025396964,0.014579328,-0.08660775,-0.02412469,-0.003052847,-0.030560566,-0.032209054,-0.008592303,-0.06496768,0.018502701,0.0067728586,-0.037499458
0.017588293,-0.053652555,-0.06404657,-0.06415439,-0.019143648,-0.037384532,0.06380743,0.021531269,-0.0621022,0.07250759,-0.014011493,0.028744683,-0.032431886,-0.03042644,0.044608794,-0.025955785,-0.036932588,0.01000978,0.04140633,-0.028358255,-0.00825749,-0.053918753,0.01694637,0.02314031,-0.059243403,-0.043891378,0.030886415,-0.02828926,-0.043308865,0.0071884715,-0.0004771314,0.044298925,-0.01936268,0.023617918,-0.043272823,-0.029082837,-0.046451464,0.07621673,-0.0066212085,-0.065551974,0.028359959,0.062845714,0.08277293,0.003803281,-0.07637365,0.028763667,-0.045038745
0.04480196,0.029444864,0.020822119,-0.055019848,-0.027466308,-0.017465424,-0.037417628,0.015938248,-0.005064355,-0.07464419,-0.05029206,0.03607401,0.04504657,0.0007834626,-0.043732733,0.003769209,-0.047328506,-0.008071292,0.009249934,-0.007832583,-0.04892041,-0.041738458,-0.03436138,-0.03909998,-0.050172903,-0.023961766,0.0038632003,-0.059088077,-0.024167681,-0.05628942,-0.005794989,-0.010125035,-0.038992323,-0.012891234,-0.06217172,0.04608367,0.04595264,-0.025075942,-0.061060622,-0.053361896,-0.07642257,-0.03246814,0.050542753,-0.04192152,-0.019333033,-0.06411299,-0.018066334
0.03987384,-0.015302423,0.030300478,0.051155753,-0.0049068104,-0.07151162,-0.019831832,-0.07705118,0.04562966,0.020992294,0.04409508,-0.028824378,-0.041819837,-0.0090642255,0.04777195,0.007028494,-0.074972935,-0.0048371917,0.055154543,-0.00029078344,0.02577933,-0.052641116,0.062128656,0.044416957,-0.037210032,-0.056598168,0.0026979456,0.06220224,-0.014866511,0.06390402,-0.037540905,-0.032235626,-0.009002835,-0.0049170447,0.032145005,0.013628709,-0.007543982,-0.010708186,-0.032179803,0.059376802,0.0312377,-0.0046134754,-0.037350733,0.038585976,-0.010054171,-0.06704848,-0.005711133
-0.008525497,0.004429496,-0.042163838,-0.011463196,-0.023633927,-0.03906372,0.047032647,-0.0495483,-0.028186345,-0.0081080785,0.063191004,-0.035672683,-0.074770965,-0.07848448,0.05703778,-0.046296857,-0.004350169,-0.03006743,-0.043870777,0.035665795,-0.026886057,-0.05400946,-0.046171393,-0.006809274,0.024702538,-0.021339467,0.0019852926,-0.061744466,0.075262524,-0.05965462,-0.025461614,0.06636045,0.020240266,0.001552585,-0.04684368,-0.0051031467,-0.023203636,0.06788371,0.0026735214,-0.048386104,-0.019977372,-0.024030432,-0.011895123,-0.025976703,-0.072896585,-0.055198435,-0.07544657
-0.04924237,-0.056573745,0.0064204223,-0.014787378,-0.009234537,-0.058279477,0.061446518,-0.015721923,-0.013365197,0.04763378,-0.05002695,-0.0014632194,0.032670338,-0.06167658,-0.022596389,-0.006254108,-0.06654161,0.032184992,-0.063628726,-0.043309625,-0.0011859327,-0.042813677,0.07896417,-0.06683919,-0.056283318,-0.059946254,-0.065042086,-0.06683779,-0.05422682,0.011612976,-0.0058162133,-0.040493112,-0.05459358,-0.04427832,0.012191875,-0.0231965,-0.08149071,-0.0065873545,0.05213149,-0.0028107497,0.020397265,-0.061726894,0.040459283,0.020183716,-0.06702844,-0.07328143,-0.056628197
-0.03724896,0.013789493,-0.010952259,0.015595771,0.0011013531,-0.050670825,-0.054993212,0.009234112,0.04420912,-0.028116947,0.01826894,0.012825816,0.026248096,0.012037835,-0.051612217,0.026961418,-0.007760206,-0.02233523,-0.05906343,0.012742278,-0.05795185,-0.04712472,-0.005038555,-0.0036298793,-0.0065844017,-0.015453221,0.013640734,-0.0030274654,-0.005856395,-0.047069233,-0.038293313,-0.005239291,0.018375674,-0.017112836,-0.047465693,-0.008462053,0.006579503,-0.06842694,-0.054286174,-0.020950824,-0.054725867,0.019833248,0.0039065494,0.03744586,-0.010534744,0.024373373,0.03125603
0.045840897,-0.023798903,0.07477509,0.050822716,-0.009954146,0.0063272566,0.03982426,0.009944822,-0.021498524,0.005294296,0.04922628,0.059457637,-0.020957546,0.029426157,0.058738746,-0.026354445,0.010335944,-0.009664618,0.06570986,0.07297454,0.047570225,-0.042038254,0.030641627,0.046552524,0.02830308,0.058483057,0.0449906,-0.045919508,-0.053552344,0.028830841,0.038251895,-0.029725552,-0.05430751,-0.06215795,0.07418687,0.04813621,0.023454847,0.034273416,0.05078809,0.038675126,0.056305625,0.009550122,-0.015270468,-0.03286992,0.040631052,0.07308394,0.030613303
-0.042162016,-0.011570598,-0.012732269,-0.004166267,-0.004415989,0.01448446,0.045562804,0.017124524,0.04987495,0.0115181375,0.053356983,-0.021115469,-0.029531414,-0.049432922,-0.02692794,-0.024969708,-0.01498699,-0.012734606,0.054157857,0.0035749027,0.025174277,-0.0066240076,-0.01096018,0.051025555,0.04332346,0.035161473,0.022864684,-0.0030084176,-0.00746859,0.027382018,0.023543706,0.019889701,0.010560814,0.0010932083,-0.007151267,-0.023241509,-0.0016902861,-0.034417193,-0.03238576,0.049754225,-0.033653226,-0.03013205,0.0053090136,-0.022640917,0.011782058,0.030704908,0.031354535
0.01746941,0.020500535,0.02136093,0.037406363,0.021409646,-0.023261942,0.060009107,-0.0047568637,0.034833994,-0.014893267,0.020331806,0.020800889,-0.03816835,-0.053563796,0.006659667,0.017682917,-0.06721018,0.025117295,0.023004323,0.015311048,-0.012364364,-0.05468368,0.039201282,0.029496491,-0.001117594,0.042438667,0.05313652,-0.01249209,0.015737733,-0.045109916,0.005347057,0.030569848,0.04883011,-0.0111289425,0.007643359,-0.015959257,0.041147523,0.02483393,0.024583282,0.014447174,0.0055178925,0.018897522,0.056675456,0.051561248,-0.009734706,-0.004461297,-0.02707275
0.06634231,0.009299644,-0.02477672,-0.0401056,-0.022880163,-0.05545447,0.008837582,0.023965396,-0.05406003,0.057103366,-0.043412257,-0.06511906,-0.05855642,-0.03213887,-0.04397868,-0.04071728,-0.03797116,0.039053295,-0.048110943,0.0248948,-0.06498571,0.06328669,-0.051711015,-0.057375282,-0.04067172,0.0046208636,0.022197928,-0.025080377,-0.016226532,-0.010720295,0.014347544,0.021150786,-0.037692036,-0.0011533166,0.03683213,0.015945695,-0.05525166,-0.014324894,-0.018329412,-0.0059954734,0.027785324,-0.035073802,-0.029419065,-0.064566545,0.040791254,-0.05696048,0.047495957
0.07238585,-0.051371224,-0.008471927,0.04865325,0.025389243,-0.022853935,0.037591886,-0.002748678,-0.07829194,-0.04682789,-0.012011705,-0.05372672,-0.01621507,0.03754161,-0.030624922,0.037617367,-0.065031156,-0.0558791,-0.024255633,0.0051997337,0.075610325,-0.046902034,-0.05372557,-0.020511365,0.042091083,0.014094457,-0.03379551,-0.07390103,0.011718691,-0.018056992,0.011703911,-0.05356963,-0.035780277,-0.007364278,0.045315027,0.038202196,-0.025205214,-0.0477892,0.027500933,-0.049734242,0.008658884,0.014871625,-0.023133112,0.015971258,0.010295376,-0.029682105,-0.015197891
-0.07203457,-0.022566976,-0.0050339843,-0.0024015517,-0.0012927857,0.034654044,-0.032410868,0.06422472,-0.011830947,-0.0027869444,-0.0634863,0.07015986,0.03702114,-0.08619835,0.059704117,-0.012856325,0.04226365,0.014292742,0.010872963,0.02930896,-0.017853893,-0.060030963,0.017459288,0.015769621,-0.011598592,0.037775386,-0.06739681,-0.07807609,0.06459869,-0.07109166,-0.07667808,0.058927786,0.05974988,-0.03409795,0.047667507,-0.053492773,-0.027793631,0.013568775,-0.020620115,0.050572604,-0.056226335,0.005568995,0.017569527,0.0153141245,-0.07663438,0.016835585,-0.071450286
-0.072480634,0.053769458,0.06322311,-0.00020142391,-0.03630194,0.030562004,0.006532083,-0.007392828,0.026705727,-0.05434299,0.05557461,0.01303462,-0.053404327,-0.005790151,-0.059861217,-0.006773315,0.027401306,-0.04611782,-0.019891955,-0.007269407,0.011853191,-0.016336046,0.04870558,0.0072194138,-0.03621128,0.018171389,0.063428245,0.07535754,-0.03756075,0.001258136,0.012786604,0.039332084,-0.02596493,0.029409606,-0.025555966,0.059072513,0.0012570906,0.060623534,0.032299057,0.02589272,-0.06161748,-0.07310679,0.07026652,0.038173337,0.063224174,-0.02454804,0.058737498
0.037899144,0.05511342,0.07398948,0.049122993,0.0535389,0.058954768,0.019958902,0.042409755,0.0027336262,-0.019907044,0.033989925,-0.009461454,0.032328717,0.038824588,0.028331451,0.04569736,0.052169435,0.020872554,0.03401068,0.06381974,0.06660143,0.059070744,-0.045034822,-0.0017549436,0.024196941,0.06670076,0.009462694,0.058815535,0.06760438,-0.05209238,0.05206208,0.053354766,0.073723905,0.043909434,0.059856895,0.045787513,0.06242691,0.06697612,0.039409176,0.06820256,0.017135339,0.013603164,0.05209302,-0.029841056,0.012487615,0.029619629,0.0023849593
0.0496674,0.057961386,0.073632926,-0.016239136,-0.01222961,0.033548225,0.021667697,0.06496212,0.008964934,-0.042883303,0.0707729,-0.061052684,-0.07652662,0.006688932,0.061664935,-0.025967613,0.044494316,0.013087351,-0.03605502,0.072994605,-0.019761456,0.015794056,0.02142498,0.049540844,0.053577043,-0.007034161,0.022228295,0.022701766,-0.06718692,0.037987426,0.03218485,0.03178794,0.028654078,0.04727949,0.051793598,-0.0035736475,0.015322908,-0.011957524,0.005878182,0.06556195,0.014648858,-0.014665595,-0.013821718,0.0682671,0.026300954,0.03713867,-0.002453417
0.07048348,-0.04102402,-0.04677832,-0.06384815,-0.08163696,0.061000247,0.0057594064,0.012201978,-0.0072650774,-0.07107,-0.03973947,-0.00550926,0.019654261,0.036879696,-0.02249925,-0.07603768,-0.04347701,0.0054683792,-0.02890192,0.015171246,-0.0145165,-0.0030450674,-0.052247856,-0.035328384,-0.008783601,0.00031883596,-0.05255866,-0.02316809,-0.017920082,-0.011945648,-0.0035798782,0.03979095,0.006869444,-0.046495304,-0.063472636,0.029623669,-0.03449352,-0.052285664,0.013887288,0.02400643,-0.017712893,-0.06392912,-0.04981152,-0.0023062113,-0.02135107,0.011431813,0.078094475
0.06043966,-0.04745776,-0.02449144,-0.008339681,0.024161858,-0.07082243,-0.027208278,-0.012471843,0.024032779,0.012227865,-0.014180408,-0.007209547,0.022246446,-0.057805788,0.012127437,0.0060354266,-0.063138634,-0.019572796,-0.0074888347,-0.0326022,-0.008844844,0.019971497,-0.04166558,0.014917491,0.020564545,-0.021087345,0.03790568,-0.034415234,0.023697805,-0.051187616,-0.02536703,-0.013574587,-0.058011018,-0.03674237,0.008242939,-0.05438797,-0.058890138,0.028819451,-0.0421526,-0.047090314,-0.061560053,0.027253648,-0.0663086,-0.053350504,-0.03222555,-0.05451728,-0.012011513
0.016386319,-0.047276866,-0.044683367,0.060620643,-0.08406777,-0.060930356,-0.04456504,0.0586729,-0.050676484,0.078169815,-0.05313766,-0.043060552,0.042267602,0.00051947264,0.07764536,0.08009153,-0.043334227,0.010252616,-0.06015865,-0.009965987,-0.07583218,-0.0014345428,-0.07561742,-0.07849271,-0.07732332,0.028291572,-0.06970327,-0.06390465,0.030968161,-0.0623052,0.056902286,-0.028572874,-0.0036891627,0.020478504,-0.070164904,-0.05338997,-0.031839203,-0.0004855906,-0.0039281794,-0.042759337,0.05612937,0.046376426,0.014583897,0.054596737,0.036509536,-0.052629445,-0.032864954
-0.045629848,0.0627732,0.07471023,-0.065319374,0.006241188,0.07391117,0.053828128,0.07639747,0.012531047,0.00822828,-0.03940244,-0.033302385,0.050336454,0.009013802,-0.017480247,0.03890635,0.073893964,-0.04558875,0.059660863,-0.011364967,0.007703942,0.08139342,0.06688266,0.08037352,-0.0376605,0.08319816,0.0013057082,0.044949017,0.020459402,-0.06537615,0.07262507,0.029010247,-0.060676638,0.0013930736,0.023493905,0.04719057,0.053176634,-0.008853887,0.043509588,-0.022142852,-0.003923931,-0.039085362,0.01530037,0.083056204,0.023514057,-0.059199702,0.07141304
0.03750516,-0.0009702071,0.012248291,0.03208245,0.03767781,0.039413054,0.017004536,-0.01545004,0.027621984,0.064828895,0.04782195,0.05713217,0.028059226,0.056693614,0.019728249,0.038004946,-0.011276924,0.055602286,0.041661114,0.044377044,-0.009448262,0.061283607,0.069583304,0.04531536,0.028395865,-0.033545557,0.07625844,0.028818242,-0.008692929,-0.0051106676,0.053859323,0.0024685399,-0.02745882,0.020884788,0.04686968,0.037024327,0.0319726,-0.012436958,0.04860617,0.04277607,0.06709524,0.03418114,0.05996012,0.04824421,-0.020961525,0.034729403,0.025437418
-0.029586721,0.027100546,0.07262273,0.063705266,0.069670565,-0.021476727,0.004317422,-0.061663557,0.02728421,0.035558995,0.049719315,0.006035517,-0.07509078,-0.024107594,-0.057813548,0.047781825,0.026846008,0.029841702,-0.0028150312,0.0040752366,-0.06408428,0.03883067,-0.0384386,-0.04365733,0.05210945,-0.014491662,-0.056222774,0.012554977,-0.005833973,-0.044443477,0.04557665,-0.04047133,-0.047748808,-0.022520563,0.04624815,-0.010278094,0.0030528277,-0.03386677,0.0028687762,-0.06970388,0.0045087673,-0.036539394,0.024233378,-0.0006560638,0.004317361,-0.07204559,-0.052681472
0.06763544,0.068383336,0.07172503,0.06733066,0.078200966,-0.02693034,-0.005412085,0.070276275,0.06397239,0.05454371,-0.07007692,0.05012702,0.025928339,0.07619502,0.044497326,0.060455676,0.06882098,0.06101336,0.071698606,-0.015799684,0.0019496267,-0.02637177,0.065393075,0.03186055,0.03747132,0.041382246,0.06817118,0.0733076,0.026504572,0.048131138,0.048866175,0.060289234,0.07753558,0.07462141,0.032531355,0.063672915,0.01925585,-0.06648444,-0.07010865,0.07977446,0.016750783,0.05991025,0.03206223,0.032432508,0.05399451,0.03955908,0.052208457
0.05157449,0.016183384,0.06980021,-0.05750903,-0.037567474,0.060731754,-0.05833136,-0.003408229,-0.035990868,0.012341338,-0.0690281,-0.019761005,-0.06886083,0.0070460937,0.043549526,-0.030154817,0.048411366,0.06320419,0.07329779,-0.035826925,0.04091199,0.037265394,0.034296278,0.063368164,-0.020168845,-0.024452066,-0.05343853,0.023436312,0.051503453,0.06278239,-0.048826315,-0.06061823,-0.003040851,-0.038873997,-0.010532912,-0.06919976,0.004586447,-0.015177622,-0.038867682,-0.01835985,0.05472981,0.025712116,-0.027656239,0.039423417,-0.068415,0.036002837,-0.027239956
0.054647006,0.08487858,0.051227435,0.0800108,0.07248775,-0.02136685,0.065868616,0.0252069,0.026138198,-0.069364764,-0.049291078,0.025474444,0.06234131,-0.024182016,-0.061832722,0.04889752,0.041704986,0.08351983,0.0036177735,0.006204965,0.03328059,-0.024301954,0.031318266,-0.06405286,0.024874525,-0.054969374,-0.059279606,-0.072521545,-0.05975483,-0.06731533,0.03422142,0.07057429,-0.02006457,-0.046092704,0.0374083,0.07982613,0.05956163,0.013560027,0.07831307,0.07847477,0.009585787,-0.032374494,0.06385334,0.018139837,-0.045056183,-0.06725418,0.07554341
0.0113984365,0.0074295714,0.05019874,0.012026475,-0.036212496,-0.03185646,-0.024262689,-0.015213323,-0.04232424,0.0082142735,0.0024002388,-0.023072992,0.025940428,0.035260446,-0.0041370885,-0.03172047,-0.006631305,0.009442089,-0.0035373846,0.034424152,0.039950762,0.054331757,0.02503865,-0.014590469,0.039484143,-0.06677261,-0.032452114,0.00941474,0.014269866,-0.011642058,-0.055779397,-0.009173031,0.0036449006,0.010625247,0.03923595,0.015876058,-0.035323787,-0.029717786,-0.063917466,0.0380885,0.055486657,0.05817012,-0.02947022,-0.01471012,-0.011644916,0.0029369637,-0.008386516
0.0766978,0.040613208,0.042559054,0.04592315,0.06150723,0.01364041,-0.03051063,0.07988709,-0.012421974,-0.030409776,-0.04419014,0.03384559,0.05850716,0.046211742,0.054003,0.04044044,0.008101577,0.061699588,0.01919125,-0.01199312,0.0022118716,0.07022902,0.013463115,-0.05521186,0.009985128,0.042609744,0.01307201,0.0036661925,0.06412781,0.027322313,0.060078595,-0.030597461,0.0007952797,0.06040764,0.023958365,0.06377579,0.059451837,0.010351693,0.015542422,0.053241637,0.035446778,0.00930188,0.05339474,-0.008285678,-0.022649487,0.05709771,0.006943923
0.04561545,-0.022421677,-0.005652506,-0.007082183,-0.03823349,-0.00076498534,0.016349966,-0.015587663,-0.016103668,0.054930773,0.03686795,0.0270817,0.024686802,0.03182027,0.03532197,-0.023384389,0.048173286,-0.00410302,0.06253334,0.05599472,0.02785974,0.03255574,-0.008836057,-0.04179256,-0.003442263,0.0148462765,-0.03687896,-0.007115232,0.05967525,0.057094608,0.019314136,0.06492764,0.06323345,0.003298455,0.027843194,-0.008273756,0.0025184383,-0.051773045,0.017614119,0.010768549,0.055388857,0.0051630405,-0.08709825,-0.025228832,0.013301045,0.038473252,-0.01720206
0.025237132,-0.022350285,-0.056511298,-0.03220254,-0.048726972,0.009642809,0.027415328,0.022996161,0.030585365,0.07958914,0.05917135,0.07416933,0.045725852,-0.055016417,0.06409832,-0.035686262,-0.0020561707,-0.024068406,0.00086041534,0.025304591,0.045642555,-0.02243189,0.0045175725,0.017761217,-0.03807996,0.03585682,0.013243193,0.019463424,0.070190825,-0.055920526,-0.052797027,-0.00047873778,-0.062435124,-0.025678951,-0.07932223,-0.016203282,0.00082703616,0.0249452,-0.020022504,0.029764043,0.009201796,0.079670876,0.0056538773,-0.03396939,-0.06461295,-0.020574583,-0.047614776
0.063757166,0.08435018,0.036702897,0.053562604,0.03221581,0.02038258,0.057082076,-0.049100276,0.074060075,0.03481443,-0.03567331,0.035461225,-0.04266866,0.06758735,0.014695383,-0.035579413,0.043060247,0.08141904,0.059217915,0.049887296,0.03927148,0.027819213,0.0048493077,0.07238041,0.063028015,0.0290545,0.08417188,0.048760775,-0.03784766,0.07111567,0.06999755,0.0016124751,-0.0122447,0.07980168,0.07348611,0.045056295,0.04755836,-0.08128454,0.06711783,0.03475469,0.055943415,-0.00305288,0.021790193,0.010375551,0.08090938,-0.006643593,0.07361758
0.034085285,0.06708695,0.07980073,0.07555294,0.06733716,0.045253176,0.06211367,0.074185625,0.041839395,0.06729875,0.0771017,0.07567585,0.05034397,0.075768024,0.06266414,0.06900716,0.07337974,0.07529499,0.06291506,0.082053736,0.07465443,0.049902692,0.07244283,0.041033458,0.07652839,0.0809778,0.05778923,0.07116125,0.06692315,0.07408948,0.07226861,0.06988843,0.06954232,0.048503138,0.053368784,0.03693479,0.07270782,0.06055473,0.079302885,0.05978641,0.05174064,0.036783777,0.08958004,0.08268274,0.07542846,0.047456075,0.076811485
0.05820911,0.035391487,0.015302174,0.033718787,0.017785914,-0.010485354,0.053414814,0.039182343,0.04135892,-0.0024419418,0.05292402,0.00783609,0.03156945,-0.06694432,0.032647736,0.020748997,-0.012123912,0.031462442,0.053294215,0.057882607,0.06638017,0.031263653,-0.003199277,-0.08049444,0.020703163,0.07397097,0.009752303,0.030242693,0.011239846,-0.048778344,0.053083275,0.06561656,0.06912276,0.049256943,0.0716379,-0.016139181,0.008291858,-0.0018284543,0.057027522,0.06475098,-0.06501755,-0.0039660097,0.020709636,0.004692076,-0.03758573,-0.016786234,0.014609177
-0.065215304,-0.05899981,0.008418322,0.03742461,0.044375185,-0.010316544,0.06365976,-0.034027383,0.044358637,-0.025317524,0.04807922,0.01418256,-0.0174583,-0.06573039,-0.055273484,0.04033745,-0.033098143,-0.03515747,-0.0407742,0.035508584,-0.04980719,0.017917225,0.06328783,0.06257765,-0.022779632,0.014548099,0.07210619,-0.0055387956,-0.05344958,-0.014906608,0.008359936,0.022262812,-0.07507156,-0.023663482,-0.026952552,-0.078258775,-0.06599102,0.06999353,0.0027089217,-0.026088241,-0.053819027,0.02193373,-0.04812033,0.033363797,0.050855353,-0.027257456,0.026389856
0.0037349148,-0.06045063,-0.017195374,-0.054036815,-0.041013602,-0.0791965,-0.03826599,-0.08026117,-0.0841548,0.0035182438,0.011927788,-0.058950506,-0.07063186,-0.026069941,-0.03402116,-0.041227985,-0.07582815,-0.022984603,-0.047162786,-0.052416436,0.03434052,-0.051168036,-0.077825,-0.06828984,-0.06138009,-0.08073524,-0.07467359,-0.058968,0.0132985655,-0.009429765,-0.05376392,0.008623934,-0.0073681725,-0.010633881,-0.038143255,-0.040666796,-0.051925354,-0.051054105,0.015018473,-0.01857398,-0.008433951,-0.051152937,-0.09053068,-0.076437905,-0.07869612,-0.06804674,-0.024473164
-0.0031068092,0.0049785855,-0.012577501,0.024443474,-0.0005626542,-0.057851274,0.038193963,-0.074173704,-0.03927914,-0.040792536,0.016324647,-0.053136475,-0.06891855,0.0031480752,-0.028893353,0.0050884527,-0.038031083,0.017715858,-0.0073282258,-0.0035736584,-0.00093830755,-0.02962459,-0.024928251,-0.033963826,-0.060533036,0.014741355,0.054650817,0.044387035,-0.0056215706,-0.06811484,-0.036116865,-0.05134084,-0.06244163,-0.044189285,0.008618276,-0.024723446,-0.030098764,-0.025669996,0.01890768,-0.0011933765,-0.06841636,0.014151475,-0.06958983,0.03267353,0.059460297,-0.06925657,-0.06851656
-0.043872833,-0.012510532,-0.04518312,-0.054924928,-0.01275221,-0.066361,-0.021278577,0.0021826834,-0.037323922,-0.041243553,-0.006282348,-0.020997621,0.01986629,0.0053829583,-0.039967787,-0.029597415,-0.08495817,-0.026352016,-0.05848297,-0.054724615,0.007865032,-0.044318885,-0.017432634,0.012214998,-0.053908974,0.0905402,0.02484087,0.045122016,0.033886466,-0.06799345,-0.061525654,-0.05598485,-0.047909185,-0.012246517,-0.036789525,-0.05261544,-0.007536632,-0.0325513,-0.05908569,-0.06837775,-0.0279494,0.06999666,-0.045492657,0.03746801,-0.036640607,0.008826383,-0.06462123
0.031121198,-0.036401078,-0.0051587024,-0.046184804,-0.04120345,0.04993534,-0.04796947,-0.00991324,-0.04068044,0.04645095,-0.04827584,-0.012682962,-0.064767264,0.08158708,-0.07291479,-0.029321456,-0.024704132,0.028150182,-0.032591082,-0.055698484,-0.021530012,-0.009665281,0.027643405,-0.030350382,0.0066074864,0.017698606,-0.007947811,-0.018561652,-0.08490948,0.008393886,-0.034301087,-0.063442685,-0.02605314,-0.04636751,-0.059884723,-0.007428021,0.0213169,0.0315135,-0.070992194,-0.008297881,0.0071583437,-0.0047097635,0.017069867,0.0039854157,-0.016136417,0.058798984,-0.04182092
0.044743616,0.0068054185,0.0069115027,-0.028416602,-0.019236017,0.044981685,0.048030335,0.044573314,0.0079367375,-0.031758383,0.011304913,-0.01759527,0.0072465646,-0.0021458983,-0.020671947,-0.001827611,0.041522708,-0.052056726,-0.055152133,0.010186704,-0.013515348,-0.010298771,0.038822453,0.011073638,-0.010164509,-0.02020678,-0.05386266,0.03444749,-0.003350986,0.03535057,0.004403529,0.043781955,0.05051062,-0.037985764,0.010971528,0.011971894,-0.0012791827,-0.075244054,0.012450851,-0.044365037,0.009314972,-0.019733332,-0.07060318,0.01703844,0.023431437,0.028200628,-0.018907584
-0.04343876,-0.008413085,-0.05085904,-0.017172337,0.07577049,-0.0067982096,-0.06919409,0.0018282424,-0.005852684,-0.0139761465,-0.050528042,-0.0783876,-0.008303535,-0.03723945,-0.05591473,-0.066822186,-0.07121058,-0.048361097,-0.04030226,-0.08337363,-0.07760311,-0.068041116,-0.07863123,0.0033994871,-0.020019805,-0.048031922,0.008634714,0.04156651,0.055627406,-0.046721242,0.057167567,-0.020537235,-0.04852197,0.033904843,-0.07437019,-0.06779313,-0.01521053,0.052388556,-0.07093143,-0.08013418,-0.041003577,-0.060433615,-0.04501086,-0.062233996,-0.060401674,-0.0073049525,-0.060577646
0.0005250638,-0.051257085,0.019155195,-0.076658994,-0.07523765,0.022094732,0.06351921,0.04744797,0.016721396,0.00011366985,0.04800002,0.032644734,0.0612216,-0.04984956,0.0047455286,-0.07057684,-0.029992051,-0.015679827,-0.07592971,0.011111901,0.042197905,0.017858112,-0.035402253,0.038038947,0.054012552,0.04578705,-0.038138393,-0.015865065,-0.044249956,-0.07598467,-0.07598713,-0.07493118,-0.067239605,-0.06314005,-0.061476212,0.051334012,-0.052545078,-0.0060624606,0.038890112,-0.07714306,0.0048223487,0.013060249,-0.024881108,0.06419466,0.05543308,-0.039471637,-0.071483396
-0.06441285,0.052457865,-0.025759272,0.01014747,-0.04673585,0.063849434,0.07335216,0.047438834,0.09225186,-0.038408965,-0.051564038,-0.024035184,0.018993728,-0.02194906,0.00065607385,-0.080845386,0.0054993895,0.016048415,-0.04172564,0.0036286616,0.07868723,-0.0007784707,0.052935466,0.031147625,0.02519951,0.09332396,0.07075421,-0.02506379,0.0032503903,-0.04827424,-0.054189872,-0.07015585,-0.032119695,0.055148218,0.011229346,0.06870315,0.05811672,0.019558795,0.070958234,-0.014824094,-0.022533175,0.021517847,0.038581256,-0.03481693,-0.027458208,0.07382467,0.008979713
0.00012384799,0.03515156,0.025335232,0.036841113,0.043803025,-0.042787082,0.02399261,0.035690136,0.005462814,0.023818312,0.02982986,-0.0176128,0.030109102,0.025563855,0.025024774,0.06022241,-0.025502078,0.07827228,0.0068855095,0.0093836,-0.0041085016,0.0016700679,0.06959287,0.0191739,0.01905676,0.018305175,0.015664319,-0.02598804,0.030411122,0.038821332,0.037016205,-0.02282269,-0.037705973,0.008056295,-0.01434574,0.039864305,0.035957973,0.060055256,0.03394163,0.0076393825,0.04914666,0.034951292,0.024373727,0.050574366,0.050161,0.0028080384,0.03191538
-0.017181123,-0.07183316,-0.051631734,-0.07355125,-0.07051163,-0.057087433,-0.019138612,-0.048912846,-0.043079194,0.0595878,-0.06399124,0.009537088,-0.010543166,-0.04182572,-0.0003550797,-0.074290074,-0.055610802,0.0020766244,-0.06798066,-0.0028814306,-0.07365464,0.042331617,-0.011668095,-0.071095034,-0.024453633,-0.08702435,-0.08015767,0.007637044,-0.0068691755,-0.04391944,-0.059519485,-0.049821682,-0.07930387,-0.086060286,-0.014303614,-0.04712898,-0.07527007,-0.019910542,-0.03370972,-0.043903336,-0.035580862,-0.0014701545,-0.078879796,-0.073176056,-0.032533288,-0.06851186,-0.032873392
0.071044154,-0.046405543,-0.037661206,-0.037821244,-0.020103203,-0.009942579,-0.01042418,-0.022997625,0.017492091,-0.021597693,0.04270776,0.03172453,-0.0068875332,0.049996484,0.017635316,-0.009856637,0.015932882,-0.00019641164,0.011172767,-0.005018512,0.043705318,0.016249638,0.04749965,0.029233871,0.037152976,-0.04109557,0.061487485,-0.024899218,0.07336875,0.069388784,0.0424773,0.0654529,0.05978839,0.007109003,0.054066803,0.067877345,0.023108136,-0.004823096,0.0077996855,-0.046628963,0.066079795,0.012490198,0.05626573,-0.046670336,-0.024849983,0.055581473,0.058584783
0.051236928,0.035450116,-0.039047543,-0.057115853,-0.049592663,0.029125901,0.004992542,0.02171138,0.042383607,-0.056987178,-0.042911906,-0.027865391,-0.0492516,-0.07247954,-0.065040104,-0.05496547,0.0034140882,-0.018824603,-0.022504475,-0.025678754,-0.005690324,-0.017198894,-0.03584363,0.04180434,0.040534727,0.019823382,-0.018462481,-0.021242129,-0.007557596,-0.012694665,-0.06910349,0.01645255,0.036385268,-0.033905737,0.015382192,0.008081865,0.005907924,-0.016050212,0.037560657,0.0004566887,-0.025069084,-0.05681028,-0.08264093,-0.032630976,0.015243144,0.036624234,-0.04271428
0.07234489,-0.00048217378,0.06728898,0.0008808856,-0.0395055,0.05493315,-0.038187135,0.05436098,-0.0070931856,0.07054593,-0.021933667,0.07010321,0.0009129463,0.041666877,0.008866651,-0.017816016,0.03127274,0.07041899,-0.011389607,0.06695174,-0.015339804,0.056284897,-0.07541352,0.012120569,-0.03209809,0.038062904,-0.059596162,0.030576747,0.07181222,0.048590403,0.011978481,-0.033564813,0.03757312,0.057859614,0.07298501,-0.04477042,0.012315749,-0.015294078,0.028015792,0.058842912,0.053710986,0.070789635,-0.030505257,-0.017258616,0.04001192,0.06844896,0.05638151
0.034597732,-0.047788233,-0.08141462,-0.071944326,-0.042111993,-0.036288086,-0.024955044,-0.057871748,0.05393446,0.05479139,-0.020182425,-0.05836181,-0.040414426,-0.054562375,0.06643636,-0.052031346,-0.007848565,-0.029086012,-0.012889538,-0.06951407,-0.02006689,-0.045668762,-0.041823745,0.044524536,-0.05006059,-0.050704632,-0.031731952,-0.029919198,-0.06542846,0.038981657,-0.02130679,-0.012621551,0.00094985636,0.04621114,-0.06709519,0.022602381,-0.045763183,-0.040723003,-0.00044480182,0.016273972,0.0036402233,0.019714609,0.04296128,-0.07434907,-0.053486012,-0.04741651,-0.069476984
0.0001693688,-0.05812292,-0.07174962,0.03282167,0.0052961935,-0.0734501,0.050902642,0.0011368094,-0.020097662,0.064711995,0.0505566,0.05927099,-0.0041228463,-0.024319932,0.0443348,0.0310384,0.03046217,0.0066901017,-0.046075467,0.02166078,-0.05414567,-0.07513141,-0.00883314,-0.01689011,0.06253227,0.028544394,-0.021160025,0.05642394,-0.06926932,0.06465643,-0.069281444,0.02857754,-0.0056450134,-0.03327262,-0.016602494,-0.08802366,0.025729956,0.06686525,-0.07719319,-0.037042726,-0.008392727,0.04008683,-0.04817461,-0.00533094,-0.045959,0.06585074,-0.057183977
0.019309936,-0.04827353,-0.052718166,-0.037753977,0.007280355,-0.018383076,-0.028771672,-0.045636147,-0.042375404,-0.054047186,-0.07221728,-0.06956286,-0.056989867,-0.030010622,-0.05813485,-0.017263994,-0.050093785,-0.059862457,-0.064860456,-0.055909496,-0.0023283174,-0.049403016,-0.02905643,-0.04627786,-0.0741614,-0.013929783,-0.06159942,-0.068804584,-0.055906862,-0.06234167,-0.045922168,-0.068197384,-0.06031796,-0.06692412,-0.060414862,-0.013542105,-0.039517302,-0.07244642,-0.054480616,-0.03449068,-0.026303634,-0.074071094,0.01862419,-0.032624934,-0.036656305,-0.030984271,-0.06800467
-0.019387323,-0.012924573,-0.006850385,-0.047913183,-0.06463287,0.06540876,0.017494617,-0.021583835,0.02993568,0.028385488,-0.005469413,0.06598754,-0.0074454388,0.028560132,-0.042862818,-0.025357425,0.03909677,-0.008831954,0.030801503,0.054855037,0.05174422,0.021879785,-0.05603564,0.06645017,-0.016791794,-0.00076130556,0.06106104,0.002691933,0.013080153,0.038669504,-0.065638736,-0.059873898,-0.06885663,-0.028873736,-0.01733482,-0.06315625,0.02212956,-0.0368195,-0.013442097,-0.06029601,-0.00045119168,0.040091712,0.021978509,0.07273111,0.06336644,0.034031387,0.005967808
-0.046262085,0.011406185,0.005711514,0.021911805,0.03876685,0.035667147,0.012813217,0.0132180005,0.028422574,-0.021288002,-0.05366342,-0.02518754,0.013238897,0.0054264343,0.016789246,0.021168957,0.021926854,-0.030524148,0.042054955,0.023218913,0.023313008,0.038646974,0.034349125,0.047170058,0.053548686,-0.013126727,0.057124052,-0.030475786,-0.013394753,0.043292373,0.015794722,-0.04155001,-0.012085735,0.013542474,0.009421627,0.04523155,0.030934768,-0.057684872,0.03925048,0.04016893,0.009962189,0.008774161,0.012277602,-0.017470226,0.03650202,0.05946494,-0.0110080335
-0.056766883,-0.041770123,-0.0043967688,0.027548227,0.022657895,-0.0025296512,0.019126393,0.0153308045,-0.031623952,0.024841443,-0.009800051,-0.010095659,0.022831947,-0.040995702,0.008323827,0.028173663,0.0022371889,0.023955284,0.050677758,-0.022879852,0.04125118,-0.014735551,0.05818519,0.011464875,-0.033308957,-0.05141952,-0.042566434,-0.03725449,-0.011572579,-0.015695572,-0.009427963,-0.037999827,0.014022971,0.018800268,-0.0051976526,0.0019414106,-0.009227201,0.046866495,-0.008308886,-0.033812314,0.04747024,0.026835369,-0.040188387,-0.054015405,0.057228934,-0.028398708,-0.02066641
0.032215953,0.01577577,-0.054322395,-0.058396425,-0.060863633,-0.02869093,-0.048117053,-0.02273715,-0.030202039,-0.06623771,-0.041125163,0.030437509,-0.044659533,0.010582595,-0.026292156,-0.02424254,0.037718922,-0.07184957,-0.055766687,-0.030874219,-0.03483574,-0.045077454,-0.054250315,-0.028842218,0.0364633,-0.0798719,-0.05959007,-0.046750348,0.0026743659,-0.045529343,-0.036827836,-0.056732807,-0.047078222,-0.0011587315,-0.041799914,0.060331084,-0.023930125,-0.011676278,-0.032594033,-0.059663832,-0.06730051,-0.03213389,-0.013799193,-0.07593126,-0.052306127,-0.03374579,-0.018840412
-0.0015460982,0.012354119,-0.060835414,0.059553523,0.023981178,0.063105166,-0.018967751,0.019219356,-0.0159374,-0.03905551,-0.0075994623,0.0045221266,0.011223485,0.0238329,-0.034922756,0.010457259,0.0144112455,0.010885097,0.065480076,0.005965539,-0.010295057,-0.004621462,0.049108066,-0.07473004,-0.0023722274,0.07625167,0.012017688,-0.039690815,-0.075498424,0.011461471,0.03368032,0.06704335,0.056692164,0.03129953,0.030835506,0.002711855,0.07730219,-0.016293468,-0.019083656,0.010662638,0.04769786,-0.045257773,-0.008553216,-0.044738267,-0.02820959,0.056031577,0.07301076
-0.024228595,0.08168335,0.051955946,0.011124533,-0.017110126,0.024013687,-0.06720801,0.06115399,-0.010466753,0.0684946,-0.05703599,-0.05889358,0.06020734,-0.04738644,0.08014417,-0.047089793,-0.016780792,0.0057272664,0.022632085,0.018333508,-0.07406765,0.01718539,-0.03967301,0.013952611,0.015086797,-0.0036593126,-0.039501842,0.0469239,0.04531759,0.03034115,0.0048625534,0.013593202,-0.04264557,0.012366275,-0.05174245,-0.055582993,-0.046150204,-0.054098487,-0.045672603,0.058272623,0.00045512445,0.02631513,-0.014752051,0.0045940103,-0.04511077,0.04127259,-0.01777713
-0.05860013,-0.010258966,0.011230915,-0.035980023,-0.020081686,0.0031851074,-0.010236282,0.0065161646,0.0042228387,0.032518692,0.054303896,0.01717841,0.03648651,-0.0005239816,-0.0018308645,-0.024514688,-0.002395293,0.017143302,0.028187927,-0.0077198353,-0.00095398957,-0.0031539244,0.047797907,0.03449849,-0.00958582,-0.021428023,0.030886829,0.01883417,-0.014197121,-0.011652064,-0.020222297,0.0046552923,0.028321113,0.038367655,0.042927537,-0.014749835,0.024325892,-0.027116649,0.040284753,-0.051018234,0.042395998,0.03413981,0.014782171,0.006991634,0.06360307,0.028629092,-0.0060519814
0.046817675,0.07983324,0.07355623,0.08093387,0.056333065,-0.03385014,0.014837897,0.019497715,0.02936612,-0.07417221,-0.02667231,-0.079277,0.0030434916,0.047851484,0.0031652423,-0.007249188,-0.055327903,0.036041368,0.029578391,-0.060645793,-0.0035770582,0.06093032,0.074839614,-0.04583788,0.05496838,-0.07321912,0.051743023,0.014920127,0.048398476,0.04602687,0.005879078,-0.07517343,-0.08539248,0.024035273,0.059264634,0.056701947,-0.021823643,0.053153783,-0.0066405074,0.072794594,-0.015028434,0.010148176,-0.007677468,0.012729385,-0.04207365,0.032964986,0.064991474
-0.05304186,0.08342716,0.066731274,0.05182207,0.05964299,0.03649586,-0.017664393,0.060976114,-0.0026614652,0.07427275,0.07853172,0.064485535,0.063184395,0.046716735,0.06834355,0.05905514,0.062097613,0.07388161,0.073774554,0.030863497,0.037805747,0.06627353,0.04951942,0.06843533,0.07751726,0.00032391582,0.01305308,0.06781259,0.028147532,0.07571056,0.07615077,0.063323274,0.035473447,0.0859609,0.082142286,0.022382693,0.07477877,-0.0038146328,0.028625261,0.07904016,0.08674944,0.07769028,0.029229822,0.033699587,0.083555706,0.044279035,0.08229505
-0.07638388,-0.090689324,-0.033640303,-0.069335625,-0.08345235,0.05427902,0.027063034,-0.013498623,-0.0044050105,-0.07720824,0.045727134,-0.041905906,-0.031045549,-0.05894081,-0.031007942,-0.08332783,-0.07211469,-0.061865576,-0.048665375,0.06843646,-0.010775422,-0.017912233,0.010115945,0.03540179,-0.018108573,-0.024291994,0.0061012106,0.06630076,-0.06600226,0.01665476,0.067499004,-0.0035992565,-0.022290537,-0.011764501,0.035537835,0.02504196,-0.02077237,0.024468914,0.019754829,-0.07422723,-0.034260277,-0.0836941,-0.030740375,-0.054522213,-0.030726297,-0.043931656,0.028394016
-0.033018086,-0.04482013,-0.018546728,-0.02369525,-0.0726267,-0.064603105,-0.054096803,-0.05094899,-0.03773177,-0.06363442,-0.046649553,-0.036516644,-0.06038735,-0.0185406,-0.059436996,0.030712444,0.010923541,0.03778488,-0.029626492,-0.049187664,-0.0043222522,-0.012436704,0.005692265,-0.055720456,0.011862976,0.03039973,0.046254776,-0.05982047,-0.04786359,0.009542582,-0.011867456,-0.06634136,-0.07756956,-0.010106399,-0.026450345,-0.02626906,-0.035709456,-0.021647519,-0.026304707,-0.017907757,0.011185304,0.0075421967,-0.014091654,0.02548464,-0.017914137,-0.02724331,-0.012983875
0.058050606,-0.06043696,-0.024364466,-0.053316683,-0.022999173,0.03190993,0.04785538,-0.03265752,-0.045864485,0.02943194,0.022100968,-0.04207665,-0.063988656,-0.03270137,-0.03768044,-0.02949363,0.035061326,0.0258189,-0.012905084,0.06564844,-0.025649717,-0.0576052,0.05555536,-0.036192585,0.027131135,-0.043945435,-0.0037290326,-0.0021326344,0.004332356,-0.058129992,-0.0027559048,-0.04591201,-0.026964942,-0.046146136,0.025788268,-0.03589421,-0.052362695,-0.0073795845,0.02307959,-0.02843854,-0.04768351,-0.0012058795,-0.030804932,0.036529817,-0.0029848933,-0.045266137,-0.04514582
-0.073252305,0.045505505,0.039496634,-0.026068512,-0.012675613,0.043466527,0.07368966,-0.022480844,0.08014491,-0.030156113,0.078135245,0.0060963403,0.026704837,-0.053171452,0.02965088,-0.038960315,0.05794155,-0.05422256,-0.0605323,0.027204858,0.0665844,0.049493287,-0.0595187,-0.0068874215,0.02175985,0.04343292,-0.028687175,0.044406433,-0.011664894,-0.043496262,-0.06357649,-0.028478472,-0.038300954,-0.04963958,0.07316361,0.04674804,0.03568428,-0.031021617,0.07538221,0.041166797,-0.02280752,-0.02101268,-0.03292069,-0.021573963,0.043144405,0.001338743,-0.013247319
-0.06333317,-0.024923615,-0.028270703,-0.03581618,-0.042104643,-0.062341183,0.032283343,-0.011833746,-0.03882795,0.024756962,0.03704732,-0.050020404,0.02020195,-0.03982273,0.00079385925,-0.04941711,-0.050743744,-0.040754415,-0.044300433,-0.005475103,0.009320933,-0.041280106,-0.036453918,0.052434042,-0.026315792,-0.009595448,0.05632875,-0.04092924,-0.08305692,0.05290835,-0.012803454,0.039214164,-0.035522383,0.04524539,-0.023890119,-0.08411125,0.067412354,-0.011604736,-0.02067221,-0.01883287,0.015116818,0.018415635,0.035046704,0.014935386,-0.00092997047,-0.030684834,-0.05209237
0.014459389,0.003378005,0.0014362866,-0.021745957,0.0032857384,0.031210814,0.046950087,-0.018544307,-0.01641336,-0.06543792,-0.04526054,0.017027892,-0.06901554,-0.0346005,0.01605963,0.026536534,-0.0713572,0.014959937,-0.038667597,-0.00023946575,-0.0040458143,0.013140467,0.025509227,0.03947357,0.01098645,0.03469123,-0.044701613,0.049530476,-0.064934015,-0.05627439,-0.0028349448,-0.0069073793,-0.04494311,-0.061813366,-0.026192786,-0.04965615,-0.07671209,0.010622192,0.05120904,-0.030839892,-0.049440145,-0.010450766,-0.00945185,0.04735131,-0.015892677,-0.0044397423,-0.07266103
-0.051968873,-0.035023298,-0.015644368,-0.06931058,-0.07888249,-0.036592726,-0.025017427,-0.006003473,0.005911459,-0.003953265,-0.050765958,-0.007025745,-0.029603673,-0.036208306,-0.05691775,-0.07678736,-0.012188348,-0.060294867,-0.04591165,0.0004972572,-0.042146884,-0.035341367,-0.051381763,-0.044598002,-0.04281146,-0.056905393,0.01773015,-0.04127575,-0.0151334815,0.002264004,-0.06054736,-0.061260816,-0.03738849,-0.029724292,-0.030165061,0.012006834,-0.040663693,-0.035988443,-0.0038085384,-0.04280036,-0.053027004,-0.04548317,-0.04160986,-0.061311197,-0.025006479,-0.051290475,-0.008029968
0.009234681,0.011341569,-0.0014542507,-0.016313193,-0.017982429,0.0013209863,0.01641293,-0.0065772915,0.031250928,0.00082062365,-0.002204335,-0.012954298,-0.049658258,0.007607139,-0.01313947,0.0063152714,-0.009414981,0.047591917,-0.008150562,0.010412989,-0.06769712,0.013971354,-0.009681313,0.002961384,-0.03940906,-0.04474957,-0.05579542,-0.026392456,-0.0036805985,-0.029358974,0.00047368195,0.03810007,-0.0103083495,-0.040534467,-0.010420032,-0.027972413,-0.031891834,0.050794102,0.012169567,0.05510402,-0.019481882,0.03440802,-0.033796944,-0.026757428,-0.018573357,-0.063542254,-0.050842155
-0.047228385,-0.019524125,0.043021686,0.076992996,0.00089823944,-0.049278293,0.025790216,0.049304295,-0.017519968,0.03417669,-0.039237194,0.028105939,0.031559914,-0.0029106375,0.070244275,0.08231296,0.05054012,-0.014478168,0.034306798,0.039315797,0.010105495,-0.016445527,-0.025791852,0.046754014,0.0009252053,0.08526066,0.07048673,0.014320058,-0.007265051,0.020523684,0.017725565,-0.06902121,-0.0334264,0.012843456,-0.039827097,-0.036337376,0.022171471,0.049964312,-0.04870087,-0.029158738,-0.06010316,0.078128606,0.022818424,0.04887193,0.04009814,-0.02071658,-0.076925375
-0.062031876,-0.029482564,-0.015173121,0.018366216,-0.00293883,-0.06956769,0.045582313,0.00844409,0.0387264,0.031374376,-0.014404563,0.06716108,-0.0030251027,-0.04708706,0.005549546,0.03354069,-0.012478167,0.053294033,-0.03727366,0.038856655,-0.023858614,-0.07746841,-0.066782035,0.018063413,-0.012544104,0.023705449,-0.0064008352,0.020871546,0.06675836,-0.01643492,-0.004754208,-0.050035577,-0.036358625,0.060916986,-0.012799406,-0.029533882,0.064287946,-0.056435667,0.04041723,-0.05361386,-0.05942141,0.039918292,0.0066522798,-0.07841367,0.0609809,-0.07167181,-0.021874169
-0.024827695,-0.041199636,-0.0063339747,0.029194156,-0.023124063,0.04166225,0.06071964,0.047123164,0.017323174,0.011841737,-0.04493139,-0.023456156,-0.063827455,0.01510943,0.02000944,-0.064466275,-0.05041409,0.031173354,-0.013344174,-0.01337227,0.07998318,-0.029103385,0.06469846,-0.0063093333,0.052588716,-0.0043094326,0.0073385844,0.035843328,0.053906787,-0.058358997,-0.0014197556,-0.04464347,-0.009657813,0.04739104,-0.028608149,0.03194162,0.009030214,0.060895305,0.07899211,-0.07018747,-0.051229395,-0.010264554,-0.012817053,0.011740097,0.033566758,0.014413622,0.021256449
0.04260402,-0.07782207,-0.024528755,-0.0146020185,-0.037178513,-0.07667322,0.010523969,-0.062491506,-0.0834986,-0.031281352,-0.038562637,-0.036338862,-0.067530066,-0.008487392,-0.062030718,-0.053513933,-0.079086736,0.008088565,-0.007853624,-0.007338161,-0.0040417584,-0.038154468,-0.01649941,-0.051834974,-0.0784262,-0.080442406,-0.078443095,-0.07269866,-0.031362545,-0.042135905,-0.026244635,-0.050630838,-0.018723309,-0.018699933,0.041910738,-0.07088556,-0.05401467,-0.06668227,-0.020683471,-0.024838077,-0.018086288,-0.03333657,-0.08114564,-0.01790517,-0.042343866,-0.059811287,-0.030512188
-0.009801854,0.062545426,0.046244398,0.0145783825,0.009260514,0.024272427,0.053785793,-0.019295426,0.013081869,0.04096296,-0.028572991,0.0023138672,-0.008883875,0.015931377,0.0015119871,0.012122333,0.03823724,0.069142215,0.05038307,-0.0030800926,0.00454846,0.02537563,0.079582356,0.010887617,0.006532277,-0.0015926068,0.017091034,0.025954593,-0.01722698,0.028619906,0.027615638,0.033502236,0.049924746,-0.009373386,0.07189753,0.07433499,0.007829233,0.06914815,0.029865982,0.058659162,0.031066252,0.04468754,-0.011572184,0.05403594,0.051979363,-0.0061026677,0.0063495818
-0.046962887,0.0965268,0.0864077,0.08189316,0.081208654,0.084851846,0.07902706,0.08768333,0.09340045,0.08432093,0.077532254,0.08786123,0.08245004,0.089301005,0.080337934,0.083325274,0.10185134,0.09059399,0.07356288,0.08330296,0.08877129,0.083132476,0.08751168,0.08319896,0.08579693,0.10183096,0.089062475,0.09123579,0.092572905,0.0058930395,0.07032921,0.07347934,0.086727135,0.09189601,0.08617894,0.102065265,0.09121116,0.08755217,0.06967301,0.077946045,0.10457467,0.086572476,0.104473226,0.08506248,0.08413107,0.08053229,0.08425577
0.0691343,-0.045679048,-0.012919553,0.029320573,0.017997043,0.03363606,0.07247213,0.068054006,-0.05633421,0.07880697,0.03948128,-0.013013764,-0.042595915,0.0101995235,0.064711705,-0.036514938,0.02892407,0.060351864,0.0118897455,0.04726726,-0.02295857,0.06910729,0.051706694,0.0019933893,0.028514324,0.015809275,0.023537308,0.022682818,0.053918667,0.030543815,0.031591035,0.060320448,-0.011095883,-0.039811544,0.06485344,-0.036441945,-0.05733779,-0.0035212482,0.07591363,0.020877952,0.0124889845,0.06189418,-0.06821102,0.06477876,0.026686542,0.06760026,0.02995333
-0.010366346,-0.015461609,-0.0702846,-0.024662368,-0.04304168,0.02291504,-0.068383515,-0.020831397,-0.010745108,0.05957526,-0.07054254,0.06455932,-0.008580326,-0.00835068,-0.020967053,-0.077054575,0.022813382,-0.046967383,-0.039005205,-0.06535681,0.06399833,0.02422869,-0.019902457,0.046764024,0.032186687,0.03383453,0.018932441,-0.015362363,-0.001134272,0.05011442,0.034902174,-0.060222335,-0.043720167,0.022968668,-0.018439107,-0.0015249886,-0.0578194,0.023958964,-0.063579135,-0.032451443,-0.01497464,0.06487689,0.0008649474,-0.039219458,-0.08187053,0.020724963,0.03511419
0.061802294,-0.0022961933,-0.024494879,0.04943838,0.07036262,0.019937709,0.020599358,-0.013137255,0.07032521,0.008842371,-0.011336229,-0.036637753,0.00036588937,0.01838533,0.02736782,0.07302405,0.023201289,0.018982561,0.05299724,0.0047062254,0.0072390335,-0.03363637,-0.015840389,-0.020293323,0.028622696,0.0015440411,0.0058710505,0.020217823,0.011130392,0.026747249,0.06200091,-0.0007501283,-0.008678326,-0.027207235,-0.016893107,0.00493886,-0.0073152515,0.05477325,-0.005687927,0.05785132,0.020981077,0.044748254,0.045304112,-0.051451128,-0.05976655,-0.035096414,-0.00010592748
0.0016728648,0.0817772,-0.024205519,0.023118962,0.011882388,-0.012783564,0.015396334,-0.041246045,-0.05655904,-0.07433982,-0.034969933,-0.055169906,-0.053328216,-0.061397433,-0.07481311,-0.03447702,0.06256803,0.007477403,0.0076726736,-0.06611175,0.01679495,0.063563704,0.085170485,0.019230865,-0.0430545,0.009560317,0.07131406,-0.08061019,-0.0059813396,-0.037657354,0.007583081,0.031777736,0.019673202,0.035484534,0.037612166,-0.015031669,-0.025809448,0.027908746,-0.013538083,0.07881937,-0.030801447,-0.055321,-0.044519164,0.07798845,0.05683898,0.0063633504,-0.053091515
0.010943608,-0.08345094,-0.03245492,-0.02778818,-0.0023994478,-0.043357298,-0.043831762,-0.055583652,-0.08368577,-0.03082985,-0.041828003,-0.060088165,-0.07849837,-0.056927435,-0.06819814,-0.038109407,-0.08680102,-0.024365904,0.012850396,-0.019885376,0.021322578,-0.064890735,-0.01636116,-0.040883023,-0.055725474,-0.068563044,0.053665206,-0.08016343,-0.067725785,-0.03302875,-0.05275296,-0.07206488,-0.05555231,-0.05660194,-0.034524698,-0.063445605,-0.037013035,-0.015652582,0.023236407,-0.048771285,-0.024749221,-0.059124924,-0.058743723,0.02083516,-0.05425665,-0.027775047,-0.049341258
0.038591497,-0.042584937,0.032994464,0.027492195,0.02235903,-0.024321282,0.017127257,-0.0010708587,-0.035551205,-0.05034706,0.030728932,0.01727449,-0.07008967,0.0050448785,0.008337308,0.024185179,0.011036273,-0.0422107,0.050524358,-0.027265493,0.032283988,-0.049275495,-0.023443215,0.012430143,0.00062781974,-0.06293652,-0.018089477,0.03570868,-0.031102626,0.048101902,0.025916204,0.024932276,0.03124965,0.023318082,0.024607152,-0.05234319,-0.019163582,0.029243922,0.016945584,0.021646176,-0.050747886,0.008761189,-0.07501983,-0.04154538,0.0025914283,-0.026981164,-0.059226163
0.03878165,0.038275808,0.01725676,-0.0065664016,0.013907868,-0.004293063,0.013211522,0.053208508,-0.03121643,0.016435426,0.012658902,0.0065353587,0.062178932,0.01357459,0.02392159,0.027005538,0.029470596,0.07373131,0.036348503,0.017220251,0.03998997,0.05590702,-0.0124249,0.008901757,0.054172006,-0.0045476854,-0.015492428,0.038844313,0.056091662,-0.040039238,-0.02263704,0.038566403,0.031201957,0.012681254,0.021596886,0.041801043,-0.017128084,0.00863377,-0.027509512,0.03583365,-0.03492643,-0.002410719,0.035987273,0.037639435,0.039259948,-0.04498819,0.034016035
-0.06646456,0.042433307,0.014456044,0.026431441,-0.0076204417,0.01538019,0.06490666,0.06391056,0.07737632,-0.053475145,0.06135533,0.037947595,-0.056605086,-0.076524146,0.054066412,0.0120745115,-0.03828108,-0.03227675,0.058863066,-0.060654666,0.08550904,-0.061330505,0.073788434,0.016056255,-0.009375225,0.036711026,-0.018578084,0.05310588,0.0045153587,-0.06626037,-0.029079046,-0.046205763,0.0030555387,0.06903887,0.02444505,0.029073058,-0.053344037,0.062766075,0.036980778,0.034915645,-0.024557045,-0.0002231426,0.0537,0.013871881,0.063793235,-0.037620753,0.03410277
0.0686935,0.005344519,0.0506007,0.03577904,0.011403332,-0.020957138,-0.050083186,-0.033374965,0.028840594,-0.050292384,0.05157159,0.024274237,0.065415,0.016655663,0.0060259304,0.046532016,0.024363244,0.012255349,-0.03167919,-0.0030853075,0.012096073,0.045875195,0.008371943,0.0101879975,-0.007624208,0.013780541,0.0018216323,0.047024123,0.05949332,0.053095624,0.059220027,0.06020441,0.04459611,0.0040188604,0.04560768,0.017606461,-0.032184888,-0.025084777,0.05380541,0.01407783,0.00074817927,-0.006928369,-0.008468015,-0.032907214,0.021400379,0.019605432,0.034608036
0.01647648,0.06761834,0.058694597,-0.0053012464,0.017072542,0.032090627,0.04906964,-0.0031219989,0.03157999,-0.07808016,-0.022446867,0.042344473,-0.06628122,0.055777844,-0.06349399,-0.000714383,-0.039121874,-0.003990182,-0.015610809,-0.026422804,0.0661182,-0.033988938,-0.0023033211,0.027027458,-0.03478884,0.06571814,0.01309472,-0.008433006,-0.037336104,-0.002738178,-0.062456522,-0.062651135,-0.029027246,0.04260216,0.022647956,-0.036583513,0.007597029,-0.034579244,0.07543738,-0.054163437,0.009454854,-0.0797275,0.08132889,-0.016476188,-0.02800039,-0.059192173,-0.04910711
0.022601506,0.064180434,-0.0061985184,0.010662371,0.035497013,-0.026787268,-0.026442945,0.019533388,0.00015836023,0.0016955303,-0.062476534,0.049089495,0.034586385,0.050778832,0.060622543,0.040273786,0.056757536,0.049548335,0.058136374,0.057799563,-0.06705161,0.065171845,-0.02018755,-0.042754892,0.06498905,-0.002318456,0.0054135723,0.013579551,0.0045121145,0.017416986,0.04438388,0.06447318,0.052771095,0.0042020446,-0.0007306943,-0.030315924,0.06966715,0.060151514,-0.047806606,0.06841704,0.05998847,0.06610658,-0.007608514,0.04614955,0.00070888136,0.070093326,0.066257656
-0.015990242,-0.038996216,0.03191203,0.004406272,0.02361512,-0.058943525,0.01232117,-0.016713116,-0.031292357,-0.043744244,0.022329142,-0.013037245,-0.022426289,-0.034351237,-0.020939408,0.0058343126,-0.08179069,0.008461852,-0.021692583,-0.05370582,0.029392635,-0.0002663824,-0.014420182,-0.008468573,-0.05402331,-0.0016499066,0.046387196,-0.008354219,0.0011635509,-0.036926676,0.011397383,0.02270756,-0.028771937,0.014450621,-0.035255853,-0.021329395,0.009276558,-0.0554952,0.030611107,-0.029338857,-0.057367757,-0.028432934,0.0660008,0.0013872572,0.019989291,-0.06565275,-0.026338233
-0.0761284,-0.042462792,0.031251486,-0.041061554,-0.04895348,-0.04866772,0.046536595,0.006071074,0.0194547,0.06551938,-0.0149078695,-0.010696909,0.0556026,-0.008976202,0.07957566,0.023275955,-0.020849166,0.052873366,0.045662183,-0.012050411,-0.010778691,-0.048009027,0.04282308,0.0144443475,-0.049464468,-0.071476094,-0.033025224,0.020873088,0.05594516,0.0070875445,0.011045503,0.04853903,0.030611191,0.008112727,-0.025797537,0.031260822,0.010242598,-0.023544567,0.018963331,-0.029940793,-0.0035962395,0.03136772,0.022637207,-0.028482746,-0.006454089,-0.05414847,-0.0084110405
-0.027196834,-0.049256094,-0.07672321,-0.0671517,-0.038247358,0.040699843,-0.03802901,-0.070116125,0.021200316,0.0025741733,-0.079055704,-0.08670558,-0.065362215,0.0048021,-0.05840492,-0.0015871335,-0.02455754,-0.0687541,-0.0025874793,-0.03632163,-0.067380905,-0.016963402,-0.03038567,0.0053458316,-0.0057549756,0.039461415,0.03465,-0.022596084,0.0268698,-0.045921236,0.07554559,0.018415645,-0.057903998,0.0059553776,-0.06265352,0.025041793,-0.004112714,0.035607062,-0.041326262,-0.049671557,-0.044763602,-0.06404086,0.045099616,-0.01883291,0.013790849,-0.061318513,-0.03214435
0.028445419,-0.03140782,0.039543346,0.016603813,0.010097579,0.008112312,-0.011336272,0.0047082547,-0.025142286,-0.04245771,-0.032604396,-0.0024430691,0.031300824,0.025406728,0.03834668,-0.020111565,-0.019456185,0.023334973,-0.010437573,0.029741146,-0.026324498,-0.012118177,-0.038365714,0.010450821,-0.04205564,-0.041216545,-0.016573912,-0.0043961266,-0.04370308,0.028293619,0.0075325686,0.0123393,-0.039629158,0.0044949083,-0.057211336,0.011717549,-0.041790042,0.016941024,-0.01490477,0.0057217907,0.0043195244,0.05020029,0.049649682,-0.06816167,-0.06679486,-0.00094528,0.036080617
-0.07132236,-0.0051410752,0.00018527705,-0.04802995,-0.06522319,0.0068784226,-0.0046588047,-0.00428624,-0.049089003,0.0313464,0.0015530312,0.037165318,0.048653156,-0.06869579,0.043263998,-0.02515813,-0.023178682,0.009839785,-0.07358644,-0.0061431294,-0.0046203206,0.039499175,0.0286125,0.01564983,-0.07610922,-0.004211838,0.0210982,-0.02425953,0.074053615,-0.024979992,-0.03213376,-0.008454994,0.037897512,0.0023358876,-0.0071893027,0.047923654,-0.020741593,-0.06418019,0.060557175,-0.060985696,-0.0002131356,0.033268042,-0.07401217,-0.008037168,-0.02304053,0.03145828,-0.011009408
-0.041563295,0.08971345,0.03959114,0.06631399,0.07684725,0.060091447,0.017738027,0.03187174,-0.035519708,-0.027601985,-0.055876248,-0.027765892,-0.011903165,0.034402493,0.024130698,0.08132821,0.07046425,0.04073972,0.070985354,0.0086243125,-0.0034830365,0.04976293,0.026779637,-0.05485653,0.056711692,-0.0399262,0.032416392,-0.084727064,0.056948222,0.03408212,0.05518651,0.05630642,0.047122903,0.035702225,0.003898613,0.091980256,0.077946186,0.027319828,-0.008812511,0.066793256,0.06659414,-0.07257503,0.0135284085,0.020945353,0.07801981,0.044050552,0.049533784
-0.04777274,0.0196098,-0.0005738379,-0.022933647,-0.010120818,-0.037578296,0.016014012,0.008542351,0.06337133,-0.05987575,-0.024906462,-0.033860195,0.0013074127,-0.0076462487,0.018792555,0.023249784,0.011758018,-0.030871037,-0.035013426,0.01076191,-0.007904873,-0.041053973,-0.030403096,-0.014638217,-0.02662953,0.04622003,-0.057011608,0.02903891,0.002419963,-0.0033943749,0.04445685,0.02052764,0.0047772345,-0.03345184,0.0012153962,0.012461972,-0.0043551815,-0.00019615404,-0.0069881254,0.025052767,-0.031575494,-0.0009491742,0.006518229,-0.022847839,-0.03678413,-0.010055117,-0.056107175
-0.056795992,0.032673687,-0.051748823,0.07140682,0.07218871,-0.03742966,-0.032122634,-0.053778823,-0.072686724,-0.049046084,-0.055447508,0.013610323,0.002697746,-0.084760286,-0.019112427,0.08148266,-0.012028573,-0.023017934,-0.059468344,0.031879976,-0.06728279,-0.06122305,0.06680438,-0.03141461,-0.033715926,0.045309823,-0.015352907,0.035399213,0.047398534,-0.04224455,-0.045624807,-0.00036129163,-0.07009708,-0.07416636,-0.055366598,-0.028789839,-0.064594634,-0.043414105,-0.052203935,0.009637149,-0.050303202,-0.010318744,-0.019269831,0.02566507,-0.008684146,-0.05011973,-0.025063692
-0.007146695,-0.01901226,-0.007650225,0.013029599,0.03404596,0.018393984,0.029456727,-0.036050085,0.03652423,0.006994508,0.02924836,-0.00017427017,0.0017235781,0.030082889,0.041719805,0.002603249,0.0056646643,0.0026081568,0.010495738,0.019222723,0.042684726,0.029307378,-0.044747684,0.044816762,-0.03712145,0.008358991,-0.08006196,0.042974986,0.010157633,-0.012601138,0.067998685,0.06458285,-0.03128901,-0.03725883,0.049936414,-0.0017856458,0.060156763,-0.010458564,0.00080849015,0.056349795,-0.055412285,-0.021865012,-0.08815886,-0.07529145,-0.016668992,-0.029044366,0.012347928
-0.054712776,-0.018147482,-0.06357402,-0.025623046,-0.058554538,-0.04899372,-0.06610372,-0.022310738,-0.03980504,-0.062471487,-0.06253281,-0.033706713,-0.00561765,-0.06256098,-0.031809654,-0.03604866,0.015873276,-0.06691895,-0.05143858,-0.067277096,-0.026359573,-0.057223238,-0.055087585,-0.052514452,-0.046130802,0.007914617,0.027606642,-0.04899318,0.012484226,-0.050081793,-0.06434791,-0.06180397,-0.059762254,-0.028747803,-0.06021899,-0.05079196,-0.05739816,0.066467404,-0.06550905,-0.058511,0.018313108,-0.04396414,0.029006261,-0.023795763,-0.05512859,-0.002566749,-0.060688015
0.07111327,-0.04876429,0.016505327,0.042370126,0.01419775,-0.043806616,0.047020048,-0.01829952,0.05489215,0.00058482727,-0.02573542,0.0023653994,0.014528295,0.009541528,-0.014251772,0.028953733,0.014773182,-0.028809821,-0.0003398586,0.008453655,0.048313364,-0.023368634,0.06402326,-0.046217743,0.024946203,-0.034260567,-0.05023103,0.029638706,-0.024060339,0.05264866,0.00838108,-0.006412482,-0.0059108576,-0.025047211,0.010989638,-0.0808764,-0.024010953,0.049990963,0.028213654,-0.0018971226,-0.0044901343,-0.0017525826,0.044302598,0.0699733,-0.06063413,-0.040508293,-0.051255267
0.046338517,0.051547542,0.059220064,-0.013972427,-0.006057567,-0.04070699,0.03750847,0.024530804,0.001779237,-0.020083219,0.06312129,-0.023137348,-0.04147098,0.05375495,0.00089365133,0.021064855,0.0331429,0.018252615,0.027801,0.023045039,-0.0438499,-0.020690147,-0.020106304,-0.0068911673,-0.05332342,0.070424825,0.076345146,0.008670617,0.0600462,0.062619954,-0.028355327,0.059757687,0.068851866,0.009801649,-0.0013165979,0.05763937,0.020936446,0.04221325,0.04532645,0.048652075,0.024073157,0.016580913,0.023443818,-0.016617715,0.07174607,0.06656877,-0.0008018097
-0.06327531,0.039140847,-0.0074399896,-0.034359373,-0.055206478,0.03598643,-0.046677783,-0.026129378,0.052276663,-0.015896684,-0.041397754,0.034867052,0.020902243,0.00407768,-0.007394628,-0.050143387,0.06757683,-0.01911029,-0.001979608,0.03509288,-0.003268546,-0.036522433,0.010228773,0.016199803,-0.022460384,0.05060671,0.002388639,0.016167112,-0.007893153,-0.013440449,-0.02407581,-0.023449816,0.025032362,0.031438075,0.017391581,0.030414967,0.0040961937,0.062695846,-0.046662558,-0.02828733,0.07278946,-0.042863496,0.041624837,0.00476371,0.04804626,0.049843,-0.02767482
0.068672456,0.05012817,0.014462654,-0.006495938,0.027544694,0.03741011,0.059573498,-0.0058444436,0.008593923,0.020292638,0.05052972,-0.01606782,0.057665154,0.040472947,-0.06518063,0.02361477,0.018357001,0.0724186,0.034782942,0.080204286,0.011649036,-0.040656183,0.06636011,-0.07787432,0.0039557293,-0.02653646,0.02332929,-0.018799245,-0.009129556,0.06671802,-0.037854813,0.011289117,0.022283508,0.049192347,0.066534646,0.02009839,0.0698036,0.014868254,-0.0049511143,0.017120058,0.043650277,0.035932325,-0.063996665,0.0069245193,-0.0027162987,0.018277826,-0.007704399
-0.022801504,-0.040922537,-0.039872125,-0.04193067,-0.07982375,0.009109085,0.016406216,-0.06954221,-0.024290645,-0.03826264,0.035398263,-0.04449155,0.077282146,0.044279583,0.011793259,-0.016034378,0.04777426,-0.04840054,-0.067728706,-0.06628789,0.008254684,0.013758764,-0.06643849,0.016308956,-0.00081772316,0.04579628,0.014692436,0.0004890476,0.05911582,0.014517389,-0.0747432,-0.076357946,-0.010524628,-0.018519068,-0.073716596,0.0040347134,-0.0016514492,0.055478662,-0.0121594155,-0.04266952,0.029303258,0.0055403034,0.014451265,-0.009635681,0.026887123,0.024845963,-0.08036483
0.06998727,-0.06267274,-0.051167592,-0.048731063,-0.054354805,0.043283314,0.028748225,-0.045177415,0.014900229,-0.0047880667,-0.04909858,-0.029117752,-0.063017495,-0.017873337,-0.049134392,-0.031590093,0.03920653,-0.016622128,-0.018748155,0.01629397,0.04785632,-0.005124104,-0.043351818,-0.033206783,-0.05924416,-0.010471907,-0.053450625,-0.07052089,0.0033511035,-0.0070236553,-0.067142226,0.0604027,0.033325255,-0.061378986,0.011376633,-0.005502135,-0.03715231,-0.07855287,0.055799644,0.06531305,0.022460211,-0.05921384,-0.063523434,-0.054541875,-0.058854472,0.02564529,-0.0045560333
-0.05127733,-0.008109534,-0.032902952,-0.03869987,-0.036834754,-0.034218065,0.022362016,-0.0122950375,0.01335342,-0.05135245,-0.033703543,-0.0111845555,0.008930749,-0.025735576,-0.00061259844,-0.042814635,0.006273788,-0.03471835,0.01381883,-0.013956804,-0.052996986,-0.01135244,0.011873782,0.01837491,-0.031258028,-0.052911002,0.035432555,-0.029452154,-0.043465503,-0.039487038,-0.018431475,-0.049922127,-0.011851784,-0.023308711,0.015121697,-0.019110797,-0.014597924,-0.015861362,-0.03336247,-0.008879734,-0.007923996,0.02001214,-0.026290692,0.019154094,-0.025178669,-0.036418732,-0.052391116
0.06738403,0.062243864,0.036139116,0.0695899,0.05016452,-0.036935788,0.060071103,0.008120417,0.08275857,0.022992741,0.06444406,-0.016246974,0.05824106,0.06865938,0.025801847,0.06728777,0.015080939,0.051937494,0.05949124,-0.022784416,0.061475568,-0.014118646,0.058255397,0.048635412,0.020459764,-0.0072336635,0.039228268,0.072222866,-0.02628202,0.049654435,0.061720178,0.06040704,0.072210655,0.06447541,0.031900905,0.011856011,0.06487815,-0.011829842,0.043254934,0.05427408,0.066894054,0.032527022,0.094756536,0.053138994,-0.010499548,0.060240533,0.024238084
-0.049966704,-0.04235029,0.03282244,0.020560164,-0.019869512,-0.010223597,-0.004225629,0.024234064,-0.041860808,-0.02888946,-0.07609263,0.031935677,0.06404606,-0.060352065,0.03902032,-0.023133133,-0.051120512,0.06712246,0.004417469,0.07546649,0.051059596,-0.03148981,-0.03607217,-0.07292845,-0.044322237,-0.0005684079,-0.08608064,0.0033277215,0.012433341,-0.010645445,0.01845986,0.06649892,-0.015524265,0.004252496,0.043592643,0.018472502,-0.026192538,0.05892625,0.059631683,0.002465352,0.00991335,-0.057378322,-0.0349249,-0.056167975,-0.008664925,-0.040985033,0.015797948
0.05564004,0.038443215,0.04549517,0.056160957,0.023031978,0.03999667,0.06438697,0.022718186,-0.00086407806,0.0641713,0.05303733,0.049423356,0.047841266,0.061181933,0.06258368,0.056599546,0.063984424,0.059870034,0.003793165,-0.009222376,0.056732606,0.074606284,0.050094824,0.01024033,-0.015285011,0.083883025,0.017519241,0.07611488,0.070036806,-0.036666,0.060924064,0.029293464,-0.008685973,0.06001365,0.063590474,0.06488903,0.032199122,-0.03638422,0.06534959,0.07343628,0.015182272,0.053297617,-0.0066518704,0.06301632,0.058255557,-0.041822806,0.054922573
-0.02335183,0.020203196,0.076766394,0.062227715,0.017016577,0.044884942,0.07453267,-0.03244852,-0.022314722,0.04171018,0.05880644,-0.0069229514,0.049968213,0.046071973,0.07325375,0.042557504,0.04464934,0.053003818,0.06853037,0.044292897,0.08577809,0.055188112,0.0022251294,0.013301991,0.011011957,-0.008689358,0.07400079,-0.06183142,0.08108833,0.04118715,0.042922206,-0.060596257,0.008149573,0.07395665,0.062403448,0.040556844,0.05432555,0.031778373,0.07783698,0.016640386,0.08587425,0.008945199,0.05462334,0.072062984,0.046210326,-0.012390748,0.075454555
-0.03375194,0.05827878,-0.0129153915,0.027309468,0.015317088,-0.04641296,-0.0060340636,0.062362082,0.041432407,0.01508194,0.066990875,-0.027129887,-0.039673116,-0.006575292,0.065193534,0.005433644,0.007351624,-0.02839768,0.045257125,0.042115584,0.017713709,-0.06297419,0.026822224,0.059116356,0.066010594,0.040001675,0.017894235,-0.026738478,-0.035229236,-0.0042990735,0.040033672,0.018274903,-0.07054702,-0.03532748,-0.042348042,-0.03359483,-0.028509473,0.048871197,-0.040040687,0.00066006015,0.077348754,0.0705226,-0.004279892,0.0598982,-0.017069815,0.07159375,0.02966205
0.0031484894,0.014457946,0.039911475,0.034340467,0.048023425,0.033243123,0.03219242,-0.052461162,0.06989133,0.0073026083,0.07363499,0.05180177,-0.005621838,0.04352769,0.033380266,0.051125728,-0.010496357,-0.008394507,0.067892864,0.034988105,0.056768935,0.02437836,0.016230362,0.06408236,0.061396066,-0.05123451,-0.025642768,0.054539375,0.025869537,0.071306944,0.05898861,0.05703234,0.06492199,0.043349374,0.055626083,-0.0014227233,-0.016429204,-0.0050559607,0.04303847,0.030296152,0.057253726,-0.030318273,-0.022191767,-0.04873271,0.0077999146,0.053708255,0.0583563
0.03528767,-0.04093841,0.0033402485,-0.040558174,-0.042426314,-0.0058106985,0.0593136,0.023024768,0.055626716,0.07629452,-0.03883977,0.082662866,0.078254506,0.077912845,0.07202306,-0.057657994,-0.01714698,0.08429995,-0.06706504,-0.006608848,0.07567683,0.062181078,-0.008099545,0.07491845,0.07651502,0.016911127,-0.028394427,0.020734362,0.08483847,0.07684643,0.0099434275,0.060538776,0.058788504,0.049919885,0.045100898,0.029991226,-0.019072305,-0.009270827,0.07357935,-0.050563063,0.087329194,0.049339388,-0.00083275273,-0.04562586,0.0020701904,0.06499496,0.024043493
0.05336189,-0.007689467,0.039000675,0.06284165,0.05708625,0.061076995,0.070105806,0.054770645,0.02109357,-0.027402053,-0.029196776,0.056026842,-0.040510293,0.048850376,-0.017559636,0.068943605,0.02525189,0.07271684,0.06963563,0.06496773,0.031933013,0.053599652,0.026849736,-0.026724217,-0.04107913,0.0280622,-0.017784586,-0.03822158,0.07411363,-0.035669275,0.06909018,-0.043882653,0.06725126,0.055334628,0.07892377,0.06018895,0.042263553,-0.01201766,0.06818886,0.07890045,-0.04697112,0.044690013,0.07018778,-0.016817966,0.065189265,0.018876225,0.06558969
0.06550041,0.066021815,0.06703025,0.06965657,0.069301315,0.070244126,0.07585195,0.033937357,0.07440903,-0.022046262,0.03517225,0.069413975,0.048645437,0.07258856,0.029609514,0.065945074,-0.0020268282,0.077211276,0.071728475,0.05294963,0.087430455,0.021444192,0.077482246,0.06910576,0.03740696,0.08639544,0.08581792,0.051373966,-0.034007505,0.052427758,0.07381741,0.053552583,0.071223415,0.08357519,0.045935225,0.052908882,0.074610665,-0.0077713495,0.05149013,0.063962765,0.036998503,0.022839539,0.08836365,0.06970631,0.026886098,0.0568054,0.059126306
-0.07145161,-0.048947453,-0.02634945,-0.04435972,-0.06244017,-0.07078451,-0.06786515,-0.034902487,-0.05040768,-0.06647533,-0.06389778,-0.038155936,-0.015818454,0.017664775,-0.020821288,-0.038257565,-0.05532917,-0.057422724,-0.051290005,-0.03940781,-0.06440429,-0.051835403,-0.040145162,-0.058334414,-0.06025338,-0.019024117,-0.056508098,0.007987001,0.0025036023,-0.041561764,-0.032653295,-0.04512559,-0.049090385,-0.04703791,-0.032463163,-0.063652515,-0.058340058,-0.015898129,-0.05488158,-0.048786744,-0.07450982,-0.04706608,0.052851252,-0.01790183,-0.061109886,-0.022985026,-0.025878826
-0.031270076,0.030960606,-0.05822111,0.03629081,0.041151825,-0.027206497,-0.011197569,-0.06764566,0.031574607,0.037777252,0.023465715,-0.01903402,-0.02367901,-0.05263401,-0.028176779,0.014531833,0.05400019,-0.03806942,-0.032353383,-0.008048141,-0.042323995,-0.020335566,0.029146565,-0.028590484,-0.06305798,-0.097773656,-0.032110102,0.022470063,-0.08437029,-0.045411978,0.05732977,-0.06878501,0.007381578,-0.023699274,-0.014189934,-0.06420561,0.02329965,-0.05744371,-0.054723483,0.02406833,-0.057708144,-0.01819628,-0.058378786,-0.025435103,-0.079025105,-0.04729418,0.014576365
0.058078215,-0.0574507,-0.077039465,-0.06650629,-0.06783278,-0.06360842,-0.0582424,-0.06843423,-0.041331835,-0.0668953,-0.079447754,-0.07623095,-0.079725824,-0.041476507,-0.019518446,-0.047832556,-0.061145224,-0.031794697,-0.04321711,-0.020513544,-0.05146501,-0.054013498,-0.07433047,-0.045584004,-0.055191208,-0.037873268,-0.045622893,-0.064450316,0.0838022,0.021192532,-0.037572093,-0.029460376,-0.036875527,-0.06306911,-0.041712996,-0.008487399,-0.05330044,-0.047029987,0.012351712,-0.030273475,-0.065197416,-0.06810392,-0.02467232,-0.052113853,-0.07516337,0.012796629,-0.07855099
-0.0073392647,-0.00893051,0.015506934,0.05493914,0.026054092,0.03810557,6.642476e-06,0.016328048,-0.023173647,0.044489656,0.04810139,-0.0042377445,-0.06074864,-0.03308937,-0.04122091,0.070221305,0.00015168049,-0.02063702,0.0018048565,0.06337915,0.054494884,-0.02082794,0.02902202,0.033684935,0.007112816,-0.016741233,0.07045296,-0.011107382,-0.022362497,-0.030496364,-0.0027798482,-0.012449194,0.06254095,0.083377674,0.031120682,0.007335633,-0.004034127,-0.032838542,-0.078324154,-0.01893984,0.011468971,0.008384395,0.060164776,-0.017735442,0.018980283,-0.0023530342,-0.02394012
0.040192164,-0.018550027,0.003761854,-0.031994,0.004266619,0.00043027542,0.0029967553,-0.052519385,-0.011675808,0.010717126,0.030788515,0.048344396,-0.046939533,-0.060073774,-0.05471484,-0.057209715,0.017541807,-0.062187023,-0.036638565,0.043270133,-0.060133442,-0.039958417,-0.027953569,-0.037024807,0.003199991,-0.035624318,-0.021209216,0.036904696,-0.0731797,0.05322142,0.07728263,0.05660801,0.08512409,0.028039342,0.0469462,0.01061994,-0.024543194,-0.032120157,0.009918111,0.038528096,-0.024505615,-0.022633161,-0.03729259,-0.0416533,-0.014849031,-0.01270717,-0.015225077
0.037187934,-0.019234622,-0.02742561,-0.04591465,-0.04050116,-0.037789445,0.025057524,-0.056438465,-0.02978443,0.0066785472,0.06350013,-0.048708998,-0.038601622,-0.052828163,-0.013242344,-0.037439033,-0.050002575,0.04325781,0.03365669,0.058165435,-0.035301995,-0.071681745,0.026005808,-0.006859367,-0.06584581,0.0465218,-0.0197025,-0.015971543,0.011431577,-0.026007757,-0.035395797,-0.042474296,0.07440985,-0.031119207,-0.017443128,-0.0034306727,-0.010148357,-0.045038078,0.02272652,-0.05060465,0.019935079,0.011800303,-0.030461205,0.02756756,0.028721789,-0.017809648,-0.005123682
0.07296375,-0.034102265,-0.01558252,-0.01149179,0.0036084177,-0.020015083,-0.08006461,-0.07361355,-0.093465894,-0.06727532,-0.06030198,0.027400095,-0.05814586,-0.05081851,-0.04910767,0.0009999223,-0.050870087,-0.04090346,0.056161128,-0.07121836,-0.08875506,-0.00470099,0.0062862877,0.0043785693,-0.053409662,-0.046513252,-0.05906831,-0.001048474,0.003159312,0.072361805,-0.010336582,0.06377979,0.051128212,-0.043746013,0.06818474,-0.078586645,-0.06389471,-0.021653108,-0.08118131,0.023381546,-0.011953946,-0.04997453,-0.043667123,-0.07737741,0.05735259,0.055813238,0.07238772
0.07446859,0.06626666,0.06601539,0.08146959,0.08308583,0.06758896,0.06250222,0.07234165,0.06687781,0.062862605,0.038801134,0.0731684,0.052467857,0.04880361,0.06530027,0.08339127,0.07856049,0.058870673,0.062007498,0.0725008,0.022708569,0.050718587,0.048950512,0.073658966,0.062379286,0.057107605,-0.0013001043,0.06386858,0.07563883,0.063509196,0.07285285,0.06839489,0.07485803,0.02264512,0.055772718,0.06740258,0.059401188,0.07745288,0.07936061,0.077639624,0.037216,0.085285276,0.05371485,0.043534383,0.068325035,0.05505682,0.064890824
0.035882268,0.043622274,-0.02382062,0.05461572,0.030261459,0.070952035,-0.023035254,0.050650716,0.01326991,0.06842199,-0.035486665,-0.004183485,0.07025156,0.010888121,0.07407474,0.03779176,0.03699403,0.07055687,0.01427846,-0.02963116,-0.064810626,0.07454318,0.009467234,0.0059686545,-0.052273832,0.08528704,0.078678116,0.020221943,0.05941984,0.009508294,0.054069433,0.060854442,0.04024875,0.051667392,-0.009641198,0.044583306,-0.002464076,0.026275322,-0.03569175,0.054249253,0.068377085,0.06298173,0.016065376,0.07545943,0.056312967,0.07358598,0.0075119073
0.05639224,-0.023692261,-0.0660061,-0.0011767766,0.03691506,-0.0076176752,-0.07518391,-0.006267894,-0.05050638,-0.07710074,-0.069013916,-0.008134709,-0.016611336,-0.025680793,-0.039371833,-0.011123358,-0.011198831,-0.0151762515,-0.019136354,-0.00788787,-0.062037308,-0.004589807,0.050042916,-0.045329362,-0.069663085,-0.017944619,-0.04321494,0.010073631,0.0027452542,-0.022636175,-0.043965038,-0.04129139,0.0021002644,-0.03622469,0.053665914,-0.00626455,0.034434218,0.04333552,-0.06523875,-0.030564876,-0.0463483,-0.031336553,0.011537884,0.035793636,-0.05108377,-0.005348972,0.020550586
-0.027039992,0.002180298,-0.036101393,0.004509535,-0.023263708,0.039072547,-0.0381622,-0.05186753,0.0745283,0.07475605,0.00047955397,0.028515302,0.047884405,0.031004801,0.0038665691,0.037116166,0.060717497,0.038343128,0.024413893,-0.036572654,-0.00737446,-0.027039899,0.01864345,-0.031167671,0.032209583,-0.040091135,0.06987183,-0.02904233,0.00071576406,0.039595403,-0.021568006,-0.03663916,-0.03601478,0.048620004,-0.032920714,0.021877773,0.012718761,0.05805565,0.017391417,-0.04625231,0.037131995,0.053791907,0.031432644,0.05569378,-0.034063205,-0.046725836,0.007691031
-0.064464144,0.02252162,-0.011033899,0.056375623,0.048682906,-0.06652997,-0.033257075,0.06296061,0.007824536,-0.039425302,-0.05594959,0.03662301,0.0374742,-0.024532845,0.020436717,0.05392708,-0.00883157,-0.056419067,-0.04246627,-0.018691462,-0.026261648,-0.067930885,0.025551338,-0.06778826,0.016899936,0.05180187,0.024421334,-0.012055157,0.036671836,-0.024874704,-0.02591613,-0.062535554,0.04870379,0.05117951,-0.067169346,-0.021786373,0.022794427,-0.010827091,-0.03241035,-0.02661769,-0.030339783,0.01073394,0.0049330276,0.024454413,0.0066742464,0.042319495,-0.0030556552
-0.04808926,0.056750186,0.021262115,-0.034491774,-0.030708974,0.027034614,-0.0004292649,0.06294383,0.014869554,-0.005881283,0.02671084,-0.028229015,-0.056938313,0.014597199,-0.017868413,-0.03589409,0.014897698,-0.013059704,0.060926903,0.012870499,-0.022984717,-0.019011006,0.03220609,0.067146435,0.029226901,0.07572132,0.07199721,0.017457455,-0.015511718,0.03785646,-0.0188444,-0.008246967,-0.0035562052,0.083981834,0.054966222,-0.0221697,0.0623275,0.061443333,-0.051644865,0.026366875,0.03041651,-0.017124604,-0.041114304,0.05183117,0.059987146,-0.0062607434,-0.016320026
-0.055081762,-0.022051688,0.013605451,0.024849586,0.015592049,-0.06271766,0.014241709,-0.040222615,-0.057905573,-0.04773161,0.0045718546,0.018223388,0.06019155,0.049221855,0.015545005,0.020655135,-0.029581511,-0.023658348,0.008959983,-0.040983588,-0.0055570444,-0.04816627,-0.053071227,-0.06390913,0.004508137,-0.05082684,-0.014719087,-0.0017731372,-0.02153306,0.03928105,0.023060901,0.054200917,-0.011473873,-0.07095189,-0.0425328,0.062584184,-0.044778127,0.007807932,0.06953204,0.00016342504,0.0042506466,-0.025174992,-0.027363142,-0.020683816,0.038100813,0.013076726,0.01667443
-0.07688177,-0.04667165,-0.018008526,-0.08222023,-0.08407483,-0.04158289,-0.057632387,0.046254773,-0.032884847,-0.040642958,-0.053778913,-0.0022465985,0.0069580185,0.00045201328,0.005302869,-0.08349202,-0.023427846,-0.040964525,-0.06765407,-0.05045315,-0.05002469,-0.022793114,-0.016063724,-0.04157227,0.005606205,-0.012825911,-0.003497658,0.04690079,-0.007079643,-0.058747526,-0.06716395,-0.05120792,-0.0806044,-0.018803705,-0.031347133,-0.008091623,-0.021867163,-0.015350174,-0.051016573,-0.078472935,-0.03195191,-0.07912606,0.07059869,-0.030198302,0.04828948,-0.007884667,0.0006340955
0.058273997,0.06686506,0.06721709,0.028305717,0.04891239,0.066741355,0.04100921,-0.040043302,0.04649817,0.0673743,0.05828298,0.06377475,-0.005584113,0.05903254,0.07255155,0.064864196,0.0749164,0.013634154,-0.011418447,0.07080498,0.030682968,0.07439569,-0.0056144283,0.020160137,-0.069685906,0.043049615,-0.0045503806,0.07291674,0.00280593,-0.03513717,0.056765832,-0.027615804,0.021612862,0.025282394,0.072217755,0.0076146745,0.060471326,0.055012308,0.07297663,0.047834538,0.038001288,0.056907944,-0.043590497,0.07466546,0.051728472,0.026439065,0.07569552
-0.018104315,-0.036444698,-0.050306384,-0.033164594,-0.050351787,-0.0704579,0.03670217,0.073391,-0.028387677,-0.010186624,-0.018458769,0.010798172,0.04326744,-0.029306537,-0.015692731,-0.049577493,-0.057826925,0.062634856,0.0021289547,0.0014279499,0.06839695,-0.019502612,0.073567055,0.049503237,-0.004874209,-0.024915962,0.059400056,0.02740689,-0.012451283,0.034284987,-0.021826085,0.067829736,0.06647011,-0.0020009433,-0.025068773,-0.007992839,-0.046942007,-0.0648356,0.00081890885,0.056703627,0.04359984,0.00931843,-0.048478466,0.07048416,0.069120124,-0.0006207548,0.005853431
-0.06390772,-0.09057686,-0.081130885,-0.062026214,-0.08393854,-0.06855589,-0.012547322,-0.08265646,-0.030846983,-0.015171849,0.034309175,-0.08573949,-0.047806393,-0.079037935,-0.021242684,-0.06148983,-0.08756957,-0.08989624,-0.072648935,-0.060688633,-0.034659583,-0.058258023,-0.066827655,0.018654233,-0.07518204,-0.022825215,0.0176777,-0.028238133,-0.0871654,-0.0072948565,0.0001435228,-0.064918555,-0.07335788,-0.0507637,-0.07598492,-0.06443695,-0.07735608,-0.07139661,0.02216637,-0.081971005,-0.07305117,-0.081066646,-0.032997247,-0.06254183,-0.0837659,-0.07513712,-0.07984596
-0.058311928,-0.05508892,-0.022802372,-0.009421876,-0.044730518,0.056872267,-0.06315552,0.060620476,-0.04033759,-0.04882862,-0.0439118,0.034179077,0.037365183,0.034846816,-0.037577428,-0.025190266,0.04206319,0.034759767,-0.057905883,0.049411714,-0.027941385,0.02541334,0.048649125,-0.03604601,0.07053422,-0.0044163745,-0.0034252838,0.00675355,0.022512045,0.022292778,-0.033800874,-0.05998611,-0.023586089,-0.048926644,-0.04803565,0.076738685,-0.06006575,-0.06303202,-0.03936816,0.016295992,-0.015777875,-0.0628282,0.0073101143,0.012135213,-0.05648342,0.03397259,0.020141905
-0.0305035,0.04661381,-0.014350374,0.07983721,-0.07638946,-0.05758438,0.055789545,-0.044724114,-0.0041491617,-0.061107714,0.010887796,-0.05491203,-0.049462676,-0.030113297,0.010121045,0.070335366,2.1530741e-05,0.023352351,-0.007040056,0.0067872093,-0.054460622,-0.026944565,-0.032225017,0.017312163,0.07398498,-0.0009281154,-0.030792154,-0.05592497,0.078322336,0.07132628,-0.066656604,-0.07352549,-0.012555185,-0.06792596,0.03230042,-0.04150403,0.0506512,0.012530588,-0.026964627,0.026764281,0.067762025,0.0036744464,-0.02909972,-0.017354365,0.019802952,0.07842283,-0.08035729
0.052164614,-0.044922754,-0.059517197,-0.04908956,-0.04424253,-0.060910266,-0.04697721,-0.02252988,-0.074384995,-0.014887141,-0.028227247,-0.054594897,-0.059882645,-0.022716483,-0.046902876,-0.053549085,-0.05331875,-0.0019493023,-0.060110774,-0.05012951,-0.05203901,0.020084653,-0.062111504,-0.07582961,-0.031040037,-0.046077106,-0.029899156,-0.043426383,0.010972264,-0.020135632,-0.009072725,-0.06333205,-0.06550752,-0.024648748,-0.06685025,-0.020526819,-0.011299718,-0.03466369,-0.02194792,-0.02383706,-0.057677258,-0.020488737,0.024417821,-0.033421203,-0.054184455,-0.05909879,-0.062313177
0.06957419,0.061170466,0.08111812,0.08107893,0.083599836,0.05053999,0.0769237,0.033814598,0.040860962,0.078207895,0.05835747,0.06737349,0.07377864,0.042511117,0.0774892,0.08236173,0.08270931,0.08732389,0.07522244,0.08009525,0.045531128,0.075194985,0.027885608,0.05755763,0.029612979,0.007874091,-0.017267235,0.0622363,0.08963307,0.06940513,0.07745627,0.07636097,0.076418504,0.024520673,0.082101576,0.057174478,0.054018788,-0.034602653,0.075784616,0.08159682,0.06333157,0.08077645,-0.06301187,0.030287672,0.065984234,0.053842295,0.08261673
-0.028843664,-0.079430655,-0.05711904,0.000559145,-0.039542098,-0.069762036,-0.0798536,-0.044112206,-0.07668024,0.01105894,0.026621867,-0.061258398,0.036608048,0.0687358,0.054216385,-0.015802765,-0.0025539908,0.024921432,-0.033091873,-0.07022274,-0.05993395,-0.04447685,-0.048781104,-0.051103372,-0.0022621374,-0.07046602,-0.061152574,-0.011509355,0.059393026,0.03888873,0.0516929,-0.06965233,-0.006459186,-0.015791686,-0.078267924,-0.051924944,0.046919767,0.0035665222,-0.07368539,-0.07824736,-0.033816013,-0.017383099,-0.016262885,0.040969875,-0.08233285,-0.05668813,-0.07273434
0.012353403,0.05578992,0.04865245,0.04434666,0.053070348,0.07405237,0.062455084,0.022561565,0.057594493,0.045554433,0.058373205,0.02126642,0.042649187,0.05518914,0.031075219,0.021508344,0.0533952,0.029079335,0.075921685,0.036703717,0.07240486,0.049287524,-0.008888905,0.04871586,0.012517117,0.039723836,0.050169315,0.055331126,-0.018645665,0.055577766,0.064334214,0.040747996,0.06641003,0.0731699,0.07674285,0.042878635,0.07359873,0.00842429,0.067496784,0.06335519,0.045678176,0.04010627,0.0356625,0.0076297144,0.0652957,0.027372625,0.034331597
-0.009562949,0.043736693,0.025821641,0.06719212,0.07059623,-0.022966212,0.06085617,0.046324253,0.054310557,0.017567007,0.04571367,0.00299284,0.046214767,0.06256202,-0.008529335,0.063805774,-0.017495092,0.0011066737,0.06341186,0.03942614,0.007459695,0.033678323,0.05219709,0.0288339,0.0579658,0.057725154,0.037631672,-0.041616406,0.016467204,0.037793323,0.045782637,0.042029638,0.043039355,0.055722397,-0.021317555,0.03313598,0.0627464,-0.0026629642,0.04838647,0.01603764,-0.003337011,0.049545616,0.078691065,0.05292497,0.059487253,-0.00042955414,0.0064546666
-0.040878467,-0.05632976,-0.041690454,-0.0058125206,0.014060423,-0.07217928,-0.07861767,0.0029717893,-0.073171206,0.032504365,-0.04835243,0.029466065,-0.0007467129,0.031089177,0.077078536,0.0014996992,-0.045986757,0.05670486,0.022339156,-0.03788736,-0.08655445,-0.07128266,0.051204354,-0.077107556,-0.035382688,-0.044781264,0.0071340567,-0.043275576,-0.0007115236,0.062949166,0.057523675,-0.029136492,0.057155672,0.017853666,-0.048614528,-0.01878788,0.05807164,-0.032135926,-0.07250722,-0.038017247,0.0009115522,0.025028612,-0.008184689,0.05655407,-0.016988449,0.020307465,-0.0028629808
-0.0266546,0.06451219,0.024449956,-0.031493846,-0.032376405,-0.0077472446,-0.035582405,0.007992383,0.03737423,0.019957183,-0.006823753,0.031386953,0.027136134,0.026193682,0.020968733,-0.023352709,0.033421423,-0.0013308458,0.017106142,0.062275607,0.03556916,-0.007820288,0.035246402,0.06665852,0.075757936,0.06283909,0.028189331,0.016485397,0.05372325,0.07590775,-0.060841303,0.05109259,0.0042977897,-0.0031391974,0.041186266,-0.025299314,-0.05546098,0.050452523,-0.07160126,0.027530862,0.05540384,0.018900324,-0.0023094902,-0.030013163,-0.03120292,0.07473057,-0.0042858967
0.010922318,0.03970097,0.016055712,-0.027617168,-0.07774013,-0.0074242875,-0.005940918,0.0193494,0.03612426,-0.06722072,-0.019724293,-0.021568896,0.0015328143,0.0400763,0.016402168,0.014685842,-0.083027326,0.0082118595,-0.0055353073,-0.079777755,0.056633167,0.03866384,0.0104140565,-0.032142535,0.03838501,-0.022152103,-0.035722047,-0.007303888,0.035264663,0.009152092,0.04506478,-0.010103084,-0.05514491,0.013001144,-0.037751727,0.08702617,-0.053376984,-0.010916002,-0.016669186,-0.06039824,-0.0029640591,-0.06696401,0.030958902,0.014620506,0.0027644355,-0.061049126,0.0132917445
-0.07722108,-0.09556469,-0.05018197,-0.082312204,-0.08408267,-0.032648552,-0.06691698,-0.019140298,-0.013075117,-0.0759465,0.042534318,-0.07109935,-0.07908897,0.012821948,-0.04923713,-0.08350362,-0.080366276,-0.089474685,-0.0750097,0.014007065,0.016266461,-0.049814355,-0.086662866,-0.03559617,0.0070623537,-0.052089702,-0.07232615,-0.0009297875,-0.069460206,0.062859885,-0.04883177,-0.04388484,-0.032536376,-0.06811413,-0.07839647,-0.018800093,-0.074888274,-0.0714718,0.0133811515,-0.08202269,-0.03976721,-0.087084115,-0.038101397,-0.084238596,-0.011390708,-0.048765045,-0.05582202
0.013485239,-0.07602635,-0.053944,-0.008214322,-0.018567897,-0.061701704,-0.006311729,-0.05480966,-0.0549533,-0.06353766,0.0022182823,-0.005970368,-0.05899346,-0.053620864,-0.029613782,0.019426322,-0.04906662,-0.026263377,-0.07166914,0.032188796,-0.045466907,-0.009350952,0.028696816,-0.026097499,-0.020886766,-0.030124044,-0.052017227,0.07716576,0.0009677128,-0.05989587,-0.02109351,0.055463646,0.016882133,-0.075714774,-0.032322414,-0.035984218,-0.03002146,-0.02680142,0.030711645,-0.035169955,-0.08906862,-0.03825844,0.014976298,0.034750983,-0.04826497,0.021183884,-0.062365692
-0.016973864,0.0088990675,0.075587794,-0.05838055,-0.023355078,0.07342579,-0.046947323,-0.027511537,-0.027454155,0.015326285,-0.0016463776,0.083977886,-0.048243307,-0.02139767,-0.05472834,-0.046420913,0.003784644,0.0628232,-0.0002714579,-0.03104967,0.009022777,0.06054995,0.051491123,-0.05872328,-0.020439574,-0.015955074,-0.07496993,0.042425796,-0.029997857,0.0066341446,-0.030259617,-0.04013518,0.025207406,0.06482645,0.058725405,-0.04619877,-0.068524495,0.038346715,0.034266867,0.036044214,0.04705711,0.052184276,-0.025930246,-0.0030668394,-0.013295837,-0.06953553,0.012595607
-0.009783051,-0.069040865,-0.035288863,0.0003663072,0.0011664125,-0.036645602,-0.0100395195,-0.037605084,-0.042565454,4.4889097e-05,0.012188243,-0.015557145,-0.037700634,-0.05269774,-0.011784854,-0.01741923,-0.041473117,0.0045922073,-0.015488752,-0.040821046,-0.01992617,0.019937683,-0.0017671533,-0.0149805425,-0.06166414,-0.031287096,-0.048519056,-0.057930812,-0.020209648,-0.05435069,-0.021163886,-0.026660707,-0.02670806,-0.038482685,0.032274593,-0.066739246,-0.05120891,-0.060130544,-0.016748229,-0.0147385495,-0.021980306,-0.04411544,-0.04415162,-0.0012410549,0.0034088432,-0.05192554,-0.056760542
0.0061580683,0.079386175,0.010929518,-0.025792753,0.034702104,0.07764404,-0.0470231,-0.047305755,0.034508422,-0.00936697,0.026838353,0.06873465,-0.030707449,-0.049425784,-0.011510295,0.0039287745,0.0488313,-0.03467522,-0.0312398,0.006341727,-0.03672815,0.03451536,0.024950746,0.029863503,0.026691826,0.08819056,-0.045261282,-0.007064594,0.06460597,-0.05189966,0.025030768,-0.009052799,-0.033367667,-0.033433083,-0.030334983,0.034641787,0.029698797,-0.05885738,-0.04483471,0.056453906,0.034255903,0.02159888,-0.047368027,-0.06970961,0.05785014,0.039168622,0.041168615
0.038579594,0.049484063,0.019291772,0.05439774,0.03945818,0.04294163,0.015596494,0.004303919,0.057266124,-0.0018662529,0.070433654,0.015983623,0.036163,-0.01608608,0.011774852,-0.047777634,0.030177632,0.06242706,0.029523056,0.03957382,0.008212027,0.014146118,0.031214233,-0.020297686,0.048472956,-0.0040629404,-0.0019956082,-0.0032393578,-0.03872023,-0.019749714,0.052214127,0.065881655,0.04021744,-0.017551014,0.055035852,-0.024240393,0.016854798,-0.073976055,0.047111772,0.04862257,-0.0026626436,-0.053131722,0.026845893,-0.025147924,0.050503194,-0.041512057,0.07823195
-0.005054596,0.058193017,0.043495044,0.06548264,0.06372728,-0.048316646,-0.016978506,0.021761578,0.091536686,0.05208792,0.055141095,-0.047371667,0.0773205,0.009709915,0.06130239,0.08025398,0.0073572556,0.032909,0.04997251,0.0030606124,-0.040529374,0.03368861,-0.053182274,0.051044594,-0.03672188,-0.044079106,0.047309145,0.05903157,0.05820069,0.052690096,0.05040876,0.03034215,0.055514395,0.07643789,-0.03317478,0.09070797,0.059979286,-0.0746678,0.011582357,0.05839119,0.0012385334,0.04881355,0.031283118,-0.06876261,-0.0042422623,0.03184883,0.060440615
-0.010229646,-0.0077027273,-0.04500576,-0.016714195,0.011007567,-0.013115841,0.07168244,0.002482774,0.07542187,0.074578434,-0.016683307,-0.060414925,-0.052645855,0.035986606,0.07236073,0.022965372,0.012482137,0.04527373,0.05425226,0.064201236,0.07646077,-0.042054225,-0.069518335,0.025888633,-0.008094537,0.027437879,0.0070564714,0.03456472,-0.015283774,0.05534425,-0.010560197,0.04552953,-0.002268,0.032314785,-0.003984394,0.033964112,0.037706017,0.06870558,0.04158994,0.0011824571,0.014709992,0.07819863,0.03080877,-0.07185949,0.025551388,0.03710998,-0.0488097
-0.036028154,0.0039684703,-0.006668827,-0.019035079,-0.0011587052,-0.025603734,0.02915727,0.049826406,-0.04159853,-0.005910373,0.0019706856,-0.02560816,0.060518675,0.012485447,0.06731137,-0.05021248,-0.055125967,0.032867614,0.015316526,0.008143436,-0.06023867,-0.008155553,0.070339106,0.04158434,0.046673592,0.018055253,-0.011155735,0.055622503,-0.018062016,0.064233825,-0.03577944,-0.034323983,-0.061855957,-0.0736281,-0.023525216,0.021873333,0.04155416,0.020276876,-0.00021445226,0.05160139,0.037206028,0.04520137,0.021182815,0.059117984,-0.005341842,0.06730236,0.020017164
-0.04041369,-0.020385155,0.045540713,-0.05229117,-0.057970468,0.034079086,-0.010287468,-0.031322498,-0.027542157,0.0055873184,0.0029357248,0.037243858,0.024248177,-0.0027190049,0.0044477577,-0.06802698,0.037319444,-0.04728605,-0.043279845,0.032527912,0.007116304,0.054886177,0.044661656,0.005241441,-0.05113536,0.03581193,0.009019006,-0.021511855,-0.03000331,-0.0079369005,-0.060055934,-0.05903231,0.00032131554,-0.027480595,0.05667812,0.009700355,0.008754102,-0.06178107,-0.05854516,0.006163977,0.00033865304,-0.059677023,-0.039833244,0.009774668,-0.040398084,-0.035179254,-0.014759456
-0.02529586,-0.088889055,-0.08075814,-0.005158475,-0.030867405,-0.051296934,0.010225475,-0.06882757,-0.07089195,-0.046555776,0.030889556,-0.013019423,-0.022294475,-0.08421924,-0.062458612,-0.051360123,-0.090473436,-0.0029563184,-0.071793094,0.05676468,-0.01371073,-0.07732818,0.034800623,-0.07039637,0.010595977,-0.021089638,-0.040074367,-0.09030393,-0.025621958,0.0067142253,-0.037457354,0.018248577,-0.044980135,-0.08626972,-0.04372568,-0.06538391,-0.06956179,-0.063237496,0.011301454,-0.067947485,-0.046409726,-0.06268516,-0.029628659,-0.07331933,0.033545457,0.039025366,-0.064411476
0.047835417,-0.015533209,0.055986285,0.064794935,0.07308955,0.062183894,0.07253857,0.060053207,0.04772512,0.05289573,0.013067442,0.063915975,0.08005789,0.03827887,0.041199703,-0.008990168,0.046404377,0.07849375,0.04302458,0.025591804,0.05578869,-0.032483872,0.064855464,0.06963478,0.0122784395,-0.02898033,-0.07668802,0.06595324,-0.03961527,0.021003237,0.018030325,0.058578074,0.034342278,0.0354439,0.061906707,0.024683304,0.017209468,-0.025099192,0.07997696,-0.01921276,0.09469082,0.013589394,-0.022514706,0.042154796,-0.012048184,0.05811946,0.0639464
-0.040666405,0.004949735,0.036755886,-0.041332852,-0.06560095,-0.02640562,-0.03594436,-0.009302249,-0.0351885,0.0030679738,0.03421929,0.02517926,0.0063711065,0.00027165125,-0.01987926,-0.06549187,-0.030468203,0.0033564165,0.06750417,-0.05542072,0.028876087,0.022374535,-0.003238452,0.0056135925,0.04281722,0.009935611,0.07672976,0.018303772,0.022368943,-0.03443634,-0.06243554,-0.04159332,0.029881071,0.053299226,0.008109002,0.02564779,0.0238571,0.007786679,0.005019936,-0.019645223,0.05298371,0.03861092,-0.05218573,0.0008290055,0.015412724,-0.03304781,0.021506928
0.017588869,0.029457113,-0.05903423,0.025928611,0.043720968,0.0041673286,0.06330496,0.013741538,0.0646365,0.05127356,-0.021509798,0.052335564,-0.06846642,0.02303973,0.06270602,0.041651558,0.018826276,0.04824447,0.04417807,0.049914718,0.080401786,-0.0037020522,0.06908613,0.06034254,0.011367348,0.013943969,0.011000412,0.060452044,-0.010258909,-0.014231856,0.06471453,0.019416098,0.06252914,0.08143537,0.03500098,9.21963e-05,0.03620874,0.08091074,0.06077682,0.060585715,0.043779157,0.0072294413,0.018767504,0.067786135,-0.017759925,0.048363354,0.046884064
0.028908871,-0.05891299,-0.0037589292,0.008678803,0.048531093,-0.068440065,-0.02166748,0.004393436,-0.031125676,0.014014908,0.0038330585,0.021073088,-0.043032777,-0.07076637,-0.024976386,0.06357415,-0.008349896,-0.02104104,-0.04992318,-0.0020695447,-0.02369437,-0.036851857,0.036405645,-0.012704486,-0.042826053,0.014144031,0.033159308,0.025289942,0.013509281,-0.01087909,0.051907614,-0.019753324,0.034174576,-0.00035309442,-0.051346667,-0.040272057,-0.03894134,0.035666883,0.012515797,-0.020368528,-0.054730903,0.015501986,0.037961666,-0.039456133,-0.027784927,-0.06568908,0.022871416
0.0027693168,-0.00788175,-0.04953794,-0.048400786,-0.06206957,-0.012974591,-0.068308085,-0.052931353,0.053391106,-0.057111964,0.058058362,-0.067951106,-0.007338101,0.0016630623,-0.06792421,-0.05135571,-0.027971532,-0.03512971,-0.07336285,-0.06902033,-0.068699524,-0.06691181,0.0074980566,0.047589615,-0.023474975,-0.058821302,0.03677839,0.061629727,-0.0044207536,-0.058401965,0.052992694,-0.029671567,-0.054899894,-0.06200764,-0.08423146,0.0134875635,-0.06380749,-0.012272436,-0.059523128,-0.0135488985,-0.07895733,0.018194243,-0.063219614,0.050433032,0.0050371108,0.0404772,-0.07334795
0.05549215,0.02775751,0.0051070233,-0.08033148,0.004811783,-0.025228208,-0.077520125,-0.013875131,-0.01614448,0.007892897,0.01685264,0.025991607,0.016625155,0.08080069,0.048489477,-0.06762239,-0.049739026,-0.03137949,-0.056252602,-0.055086136,-0.07579368,0.01002498,-0.026549537,0.024001801,0.07500163,0.0025228928,-0.052259866,0.09090573,-0.01994706,0.06986018,0.06511871,0.0084729865,-0.06447528,-0.048679795,-0.06435886,0.0047924374,-0.03959492,-0.028947322,-0.06612711,-0.012632218,0.04212166,0.058492333,0.022687193,0.042935558,0.017913925,0.04067646,0.024597684
0.035129257,-0.014486281,-0.030114917,0.054225586,0.009174407,-0.07716711,-0.018271452,-0.054060563,-0.002300127,-0.0062035318,-0.0030705556,0.04444471,0.07128866,0.048989955,-0.018611481,0.052886657,0.062270578,-0.016228799,-0.00942943,0.015913278,0.03161703,-0.070627585,0.05731195,-0.018814782,0.017813906,0.012900928,0.019809322,-0.05213902,-0.020026354,-0.03222682,0.033009406,-2.8700597e-05,-0.023029152,0.046661604,-0.020715091,-0.016760826,0.023752851,-0.04877206,-0.03146236,-0.05930851,0.055865638,0.027496697,0.027768353,0.07266235,-0.06919489,-0.058500875,0.007956391
0.016215753,0.07081396,0.07475853,0.04644763,0.0367753,0.008892308,-0.0049320487,0.054180447,0.050599907,0.053259283,-0.012560021,0.05979717,-0.015449825,0.072318286,0.06497094,0.04201178,0.062241197,0.08181441,0.047655385,0.052318975,-0.031724025,0.03696477,0.08301628,-0.010808901,0.056547258,0.026452921,0.0651767,0.055885866,0.04048438,0.052184783,-0.04764456,-0.016777411,0.05469995,0.0719246,0.058072794,0.08615597,0.07061618,0.05363732,-0.011399538,0.05113308,0.072108686,0.011698532,0.08547843,0.07578519,0.046641435,0.045534763,0.074517846
-0.03076243,-0.04759385,-0.06840674,-0.00838307,-0.007867538,0.057572313,0.059382018,-0.04720157,-0.03382327,-0.020867907,-0.01914984,-0.027914245,0.03974491,-0.07222702,0.032538332,-0.02692048,-0.0590904,-0.052332602,-0.0500629,-0.052521165,-0.066233866,0.06655498,-0.074293956,-0.06987587,-0.07050126,-0.029997973,-0.056650817,-0.070682615,-0.027626524,-0.03784869,-0.030612241,0.058771335,-0.05079868,-0.01845147,-0.01874908,-0.04346332,-0.060509387,-0.0029616905,-0.06052965,-0.014422745,-0.065430686,-0.043199003,-0.040779375,-0.031005124,-0.018562019,-0.010764679,-0.07134081
0.04743943,0.027108755,-0.020165766,0.058955424,0.04390394,0.07177925,0.032163136,-0.021150228,0.06844232,0.058379933,0.04783978,0.043866027,0.055426743,0.00642252,-0.04663195,0.03241457,0.039957397,-0.056075796,-0.03608416,-0.044164862,0.021492366,0.06394185,0.019450294,0.026263148,0.061735,0.0792467,0.06939952,-0.02142121,-0.038594496,0.06200817,0.05639813,0.057460487,-0.021853952,0.0450058,0.04842069,-0.09351475,-0.025512168,0.07044733,0.046751242,0.032522354,0.033661455,-0.0073663075,-0.012351516,0.07194894,0.041539907,-0.028258285,0.06059234
-0.040705394,-0.056148693,-0.052908424,-0.07547399,-0.068268634,0.0045050317,-0.010264524,-0.015202545,0.042787082,-0.07076717,-0.05478966,-0.04348091,-0.019233257,0.0028597694,0.0066419784,-0.055290796,-0.029673534,-0.06861501,0.004710111,-0.037071712,0.0739515,-0.054629903,-0.025659332,0.018016014,0.03474437,0.024792917,0.022911102,-0.012108584,0.031290658,-0.0076968777,0.0438402,0.05841313,0.06897839,0.05483901,-0.008597418,0.0035239551,-0.019662375,-0.009009156,0.025761284,-0.06687898,-0.029983975,0.039112136,0.042091463,-0.0014001749,-0.054194655,-0.04640758,-0.024272488
-0.017743587,0.00012589915,-0.027396102,-0.071080066,-0.07586733,-0.019788388,-0.053036608,-0.0700079,0.074982725,-0.0117896665,-0.049115658,-0.037880577,0.025056198,0.05328059,-0.046803724,-0.055329196,0.05215088,-0.032584973,-0.05368442,0.0016563293,0.032386526,-0.053252026,-0.06006297,0.014477444,-0.026586426,0.052746706,-0.039252214,-0.0055620447,0.05260748,-0.014723031,-0.033675678,0.016562454,0.02845321,0.030763615,-0.013559606,0.050352875,0.011147314,-0.06163357,-0.016444998,-0.02911426,0.06699862,-0.030996105,-0.01827989,-0.047596905,-0.0667544,0.053488333,0.008919017
-0.051841058,0.022842055,0.030278005,-0.0066744704,0.020227004,-0.013025892,-0.035689577,0.038524494,-0.034398504,0.06750936,0.024471212,0.030912567,0.006434875,-0.0028147611,0.022094045,0.030362543,0.03601437,0.034797058,0.008812451,0.012167146,-0.018348975,0.02724534,0.048767056,-0.02374498,0.01848239,-0.027277173,0.026765501,0.013901648,0.0026835306,-0.050907046,0.019139752,-0.0105926255,0.024916947,-0.016673923,-0.02506944,-0.0030256237,0.06147072,-0.003986325,-0.009171051,0.041395985,-0.031708904,0.02291495,0.046988826,0.033215623,0.056038424,0.06358076,-0.00607595
0.061147846,0.046339087,0.022323025,-0.026598208,0.008305249,0.078059256,-0.0030162488,0.020901963,0.0394297,0.053116724,0.039102703,0.03716224,0.06429005,0.027320288,0.07946366,-0.029362276,-0.019973971,0.06693941,0.05604702,-0.054386437,0.06509561,0.055974256,0.04243489,0.06994139,0.07874844,-0.011152106,0.0007360205,-0.023633314,0.015849348,0.074587286,0.03872175,0.06892316,0.017017748,0.04473164,0.049931668,0.08070582,0.06537078,0.08513495,-0.036439106,0.055381123,0.09085987,-0.00076394115,0.016803384,-0.027285993,0.055423412,0.078542076,0.08174973
-0.033253185,-0.0011639143,-0.022915512,-0.03117529,-0.025925366,0.05445464,0.043583,0.017171932,0.012534415,0.0020275137,-0.067892544,0.0058483398,-0.037912164,-0.016558824,-0.027867194,-0.013602494,0.043958005,-0.0380392,0.032599904,0.023207773,0.0004994668,0.020674698,0.0540606,-0.04586132,0.014942629,0.029624166,-0.013963777,-0.043586537,-0.00057862414,-0.013451348,-0.014229111,-0.0065218955,-0.012758802,-0.018508995,0.027584843,5.49745e-06,-0.027952656,-0.02680581,-0.051603798,0.0452092,-0.030644841,-0.03853343,0.070984975,0.04106918,0.015871178,0.014972187,0.027346041
-0.045036856,0.018848805,-0.0517876,-0.015088496,-0.00090182933,0.05744422,-0.030712787,-0.03956716,-0.019788055,0.006298038,-0.077811256,-0.016453076,0.034327317,0.016542168,0.0058976947,0.014507776,0.01648263,-0.012473841,-0.030174749,-0.053480115,-0.045001112,-0.025493387,-0.012147694,-0.020047354,0.0034460204,0.02206548,-0.04233777,-0.05182303,0.008444428,-0.015217051,-0.0065310663,0.04478139,0.014962976,-0.018078178,-0.047368,-0.02800953,-0.0011290852,0.020653574,-0.019611303,-0.0067359656,0.0019591863,-0.017720256,0.037476916,0.014686765,-0.04267659,-0.055894375,-0.07186551
0.053911746,-0.02793819,0.038008966,0.0052073523,-0.051827256,-0.015738027,0.069770694,0.0116438875,0.04684994,-0.022023262,-0.0123072695,-0.010868854,-0.0031226159,-0.022846106,0.042814657,-0.006106743,-0.034188963,0.089459024,0.024503399,0.041158907,0.058604233,0.006335464,-0.017603153,0.04148899,0.03686912,-0.011008277,0.07444357,-0.0538609,0.0246145,0.027023178,-0.039360408,0.001051954,-0.0468055,0.03637421,0.043219395,0.021779517,0.04193395,0.040637914,0.031337067,-0.03600088,-0.05004238,-0.05611394,0.02324569,-0.039454937,-0.026745273,-0.04017915,0.0078045516
0.036308058,0.0729928,0.026470607,0.03522611,0.054256715,0.043561794,0.009266072,0.017987879,0.07181126,0.033227243,0.012812102,0.05931034,0.046558857,0.065233946,0.021446947,0.006464323,0.03168829,0.03673246,0.011343387,-0.005767141,-0.058327377,0.05050873,0.04522864,0.06505715,0.07341024,0.043128952,0.06666268,0.0686686,0.056354098,0.054919068,0.047795475,-0.0061467723,-0.020259086,-0.020258622,-0.009135184,0.03534794,0.0091755055,0.029038329,-0.043400414,0.015129875,0.007552072,0.07550959,0.01778932,0.07668062,-0.0038300003,0.063922755,0.057795435
-0.042437855,0.01222474,-0.06253271,-0.028434373,-0.023242436,-0.04387525,-0.022967136,-0.016623737,0.014606386,0.02832762,-0.036204483,-0.05977153,-0.05736464,-0.027170718,-0.036445446,-0.009147854,-0.018171849,-0.033370007,-0.053392775,0.0048646545,-0.07704265,-0.03653142,-0.056235317,-0.029814638,-0.06914733,-0.0024419813,-0.05844306,-0.008604431,-0.013946826,-0.038904864,-0.013776657,0.017681202,-0.044758044,0.02159259,-0.027225113,0.008001162,-0.044154227,-0.04584327,-0.047534745,-0.012039565,-0.025770346,-5.0079696e-05,-0.055254366,-0.005259276,0.046852063,-0.042787675,-0.01824389
-0.04130712,-0.016073115,0.0040036556,0.04165645,0.023514263,0.07059214,0.022104075,0.029596038,-0.0022487289,-0.02416013,0.043476183,0.018059742,0.03375318,-0.08713206,0.02498658,0.011133857,0.02607783,-0.00023179976,0.008436011,-0.020397566,-0.02023149,0.07438985,0.00069832045,-0.035245266,0.051735416,-0.0044145207,-0.08122002,-0.09041498,0.011125908,-0.007707152,0.029934887,0.04393012,-0.042249203,-0.056312483,0.052094687,-0.019281346,-0.05279291,-0.018599028,0.04626141,0.03475464,0.05378979,-0.021319004,0.00838465,-0.023297073,0.06596718,0.055125117,-0.01731623
0.029298913,0.019860111,0.06578676,-0.029628372,0.009474468,0.057140104,-0.020506453,0.009626024,-0.0046307324,-0.05742989,0.0059495717,0.06585897,-0.0603336,-0.01221506,-0.06386669,0.02109421,-0.012600546,-0.0771335,-0.0044182935,-0.0563861,0.03893132,0.036681052,0.081295915,0.056449488,0.060382348,0.020010993,0.05335088,0.02863367,0.0068995026,0.020823935,-0.019075243,-0.07407673,-0.07563588,-0.024052273,0.04381387,-0.05394713,-0.019862633,0.0808166,-0.04559654,0.022412147,0.0030698467,0.0464958,0.015981963,0.08188717,0.03724883,0.0182357,-0.039093915
0.024073817,-0.02938489,0.051839866,-0.05174015,-0.025065897,0.07870668,-0.045091774,0.052043535,-0.06320847,-0.06831278,-0.06495839,-0.044832926,-0.045951396,-0.026839199,-0.04401455,0.006906694,-0.01664223,-0.040210955,0.045637075,-0.054920178,-0.042874467,0.0140999695,-0.05878471,-0.021432184,0.05864996,-0.0036698997,-0.06774416,-0.06582267,-0.061072472,0.0006672706,-0.051566973,-0.04632556,-0.061241,-0.059759542,-0.025967732,0.0074118217,-0.060960982,0.0042853844,-0.041495107,0.0018332483,0.006141975,-0.03713545,0.018276175,-0.03592091,0.0058625587,-0.022767795,-0.026921635
0.04717407,0.05842129,-0.014635592,0.05802849,0.08406857,0.06906161,0.023902657,0.06885761,-0.047406532,-0.015407969,-0.021647125,0.054299437,-0.035236597,-0.056521434,0.010602058,0.017133068,0.042261936,0.057698995,0.048403896,0.048622243,0.023473222,0.05828665,0.018888367,0.035217818,-0.068754494,-0.006571703,0.008102867,0.0038640944,-0.07588368,-0.058558434,-0.070395894,0.0027655924,0.008625533,-0.0030447664,0.041262005,-0.0036893585,-0.005182704,-0.0230652,0.030661939,0.07188426,0.003508161,-0.0097773895,-0.050830547,0.009450764,0.0699145,0.020091675,0.010800082
-0.06805506,0.030547142,0.05065429,-0.0028478187,-0.002810011,0.02983675,0.062097955,0.046725884,0.024216158,0.071021564,0.07017824,0.07786951,0.05254749,0.006555831,0.062830985,-0.020070879,0.028567249,0.054072656,0.05241495,0.06678245,0.06343729,0.065071955,0.032472298,0.06967632,0.049023982,0.08216166,0.07316965,-0.0025136077,0.013308683,0.07670565,0.04394939,0.064910255,0.06552369,0.08537534,0.03702914,0.022451794,0.052238733,0.08064981,0.07111752,0.025047665,0.075499594,0.06941165,-0.08619984,0.061622117,0.06757936,0.06876211,0.041584868
-0.054422386,-0.042598605,-0.07752142,-0.020806413,-0.05445418,-0.018342834,-0.07847754,-0.07705086,-0.040411662,-0.006336974,-0.080492556,-0.08600616,-0.06941131,-0.047732804,-0.06608851,-0.022802299,-0.03589517,-0.085395694,-0.0025974393,-0.07944599,-0.06773996,-0.01818566,-0.017527573,-0.058205705,-0.021442173,-0.044859283,-0.031696767,-0.074806415,-0.055613652,-0.01610636,-0.060657892,-0.07320908,-0.07473246,-0.08336284,-0.07957664,-0.07502466,-0.06665433,-0.0003968711,-0.081441335,0.0006150726,-0.06520686,-0.027731488,-0.063370705,-0.029717047,-0.054162126,-0.014616233,-0.07609993
-0.06656258,-0.0045299837,0.028633205,0.04148739,0.048257425,0.06412725,-0.014953466,0.021729894,-0.087466456,-0.045856107,-0.032833062,-0.043165285,-0.06947625,0.024012636,-0.0800138,0.01739509,-0.006122897,0.043979503,0.07342221,0.044930883,-0.0026895748,0.026506277,0.057600867,-0.037090927,0.037321746,0.03948804,0.007142029,-0.059188746,-0.0006922015,0.06356067,-0.052762073,0.042030223,0.027950598,0.04228245,0.058339644,0.06061051,0.019494157,0.06579627,-0.05360081,-0.00893854,0.05704377,-0.04688203,0.047045052,0.051292285,0.008805727,0.059725635,-0.022970207
0.059757307,0.06882229,0.017972164,-0.011420915,-0.010991919,-0.045169327,0.036703594,0.037303694,0.03872565,0.03034464,-0.056034576,0.02060426,0.045411013,0.06233091,0.07617365,-0.04626211,0.028926069,0.06529945,-0.0060941093,-0.0025734091,0.047957048,0.052660428,-0.0008051601,0.027824009,-0.027965322,0.06972099,0.018437259,-0.018056735,0.082562245,-0.03989571,-0.076919444,-0.03624146,-0.023317339,0.04418084,0.015749052,0.058087487,0.052372664,0.04483653,0.06698543,0.054493543,0.03265935,0.053145893,-0.003878097,0.029610936,-0.00051585725,-0.00063479145,0.021732297
0.0063507766,0.048632998,0.06329734,-0.025720429,0.026908815,0.0027297535,-0.03186528,0.055883504,0.025182316,-0.0017371671,0.0103935655,0.084912024,-0.046596177,-0.07135531,0.036791563,0.014615094,0.039137315,-0.0067835543,0.073312335,0.07178731,-0.050841924,-0.025331704,0.014089475,-0.008782917,-0.022275692,0.037228398,-0.045743734,-0.0014463263,0.06425215,-0.045714963,0.045003034,0.076903746,0.07871085,0.016078737,0.06009938,0.03285579,-0.026150597,0.018159276,0.0082886005,0.06430337,-0.056522805,-0.025095657,0.05874405,-0.03954701,0.08117517,0.06279516,0.07906845
0.021224841,0.010909851,0.010575625,-0.022698887,-0.041681778,-0.06269328,0.004811082,-0.0015210425,-0.01931559,-0.037754886,-0.016431393,0.005138467,0.015192538,0.0017279688,-0.025890805,-0.028379053,-0.030850198,-0.01179233,0.02827143,0.021275794,0.06572042,-0.032379247,-0.00076043815,-0.004171816,-0.01001292,0.0016309945,0.04796067,-0.0034166244,0.026647905,0.0028017098,0.0034594967,-0.054503184,0.008880334,-0.005473254,-0.030353777,0.03615679,0.0152219655,-0.06140317,0.034993496,-0.034198686,0.006381539,-0.011503335,0.050273947,0.021471497,0.015496435,0.015515869,0.006253458
-0.047581993,-0.029846592,-0.025980657,0.018853093,0.03956002,0.031261776,-0.015732942,-0.04412873,-0.039900392,-0.064798035,-0.06941581,0.011809865,0.027401157,0.04178696,-0.04459299,-0.019987388,-0.05227528,-0.014269357,0.048918046,0.02187653,-0.044680383,-0.014752853,0.016525116,0.0443825,-0.0064563924,0.0314564,0.05048124,0.032363493,-0.042639777,0.010878517,-0.04611352,0.016903004,0.05873451,-0.013127869,0.0045329137,-0.025218206,-0.0403072,-0.06514354,-0.022709083,-0.03557841,-0.015234487,-0.04808972,-0.031787243,0.05350072,0.020436317,-0.00677751,-0.0324147
-0.024320243,0.037693307,0.03281228,0.059613023,0.06731846,-0.0009847766,0.037122034,-0.027044417,-0.022750296,-0.0304271,-0.06658154,0.001026477,-0.0074236,-0.052632455,0.019603183,0.07623413,0.0017567519,-0.01869907,-0.01357883,-0.0141643025,0.0041380543,-0.011865121,0.058862507,0.027714303,-0.029302396,-0.0208723,0.07204944,-0.01741424,-0.003986976,-0.062281843,-0.013784171,0.01540548,0.038897373,0.017182395,-0.010701591,0.018801155,0.02390895,0.009583965,-0.011577503,0.05538755,0.0047715693,0.020864494,0.045764834,0.06970833,-0.03515841,-0.004043032,-0.034253776
0.042528123,-0.0412644,0.024069902,-0.07537026,-0.055341523,-0.07166184,0.0299306,-0.03753467,0.0025724617,-0.019403024,0.022327853,0.006093442,0.07626889,-0.028681107,0.056825493,-0.01209644,0.034384742,0.04003199,-0.031064827,0.046662863,0.06665865,0.051953487,-0.0770517,-0.024470499,-0.020076273,-0.029451508,-0.037374992,-0.053863235,-0.0066210856,0.01982711,0.030567797,0.054972667,-0.01562952,-0.040034294,-0.009122028,-0.017645694,0.026589675,-0.04983546,-0.006176937,-0.04441567,0.06339019,0.017956782,-0.026281592,-0.0039251368,-0.024386697,-0.05827082,-0.047120243
-0.03721069,0.015333782,-0.055570535,0.008223607,0.027728405,0.07192725,-0.063755885,-0.030674854,0.043022364,-0.0025038042,-0.028643325,0.07743049,0.07580262,0.027593914,0.039701458,0.03561978,0.077260554,-0.059409894,-0.061257955,-0.0006233224,0.038288724,0.066091135,-0.00021428464,0.048599243,0.054459937,0.001297472,0.027598923,0.016197849,-0.039800193,0.06737283,0.005197197,-0.068820916,-0.075107045,0.0039501134,0.06113787,-0.017974589,0.050977446,0.07699538,-0.027792152,0.004421614,0.05203044,0.03150686,0.05253295,-0.046425514,-0.04657512,-0.044941485,0.014899353
-0.06085943,0.0038475376,-0.012672185,-0.035184897,-0.038852643,0.038829323,0.016560668,-0.020863678,-0.005226533,-0.043423988,0.012576894,0.015113398,-0.0115304245,-0.012142915,-0.05291771,-0.043537118,-0.025353204,-0.022685133,-0.031621587,-0.01810981,0.012606195,0.0028708025,-0.011677615,-0.023220722,-0.017247595,-0.0022211708,-0.00083773566,-0.03997193,0.018986601,0.008624477,-0.027249696,0.0016446086,0.02200484,-0.028567182,-0.008466243,0.040470444,-0.022760902,-0.077010386,0.027800612,-0.035832025,0.015518841,-0.013801106,-0.080332436,-0.038714428,0.028145462,0.03155063,0.0068138526
-0.011448374,-0.052674334,-0.051811125,0.0016135158,0.018020568,-0.009008313,0.0172368,-0.05468479,-0.023665998,-0.003944284,-0.046536695,-0.073267475,-0.060812294,0.028591286,-0.023108222,-0.019323107,-0.057077017,-0.013261586,0.04561143,-0.054824177,0.009444801,-0.047951363,0.058689125,-0.016752312,-0.048971467,-0.061627727,-0.0042859297,-0.02674431,-0.07852936,0.044001035,0.016996592,0.026250746,-0.009407729,-0.013329219,0.034028564,-0.0024186426,-0.037129678,0.00823247,-0.0608725,0.01579584,0.015170975,-0.08334841,0.0012931989,0.05152871,-0.018196976,-0.03550989,-0.028585887
0.008259677,0.03500181,-0.07342764,0.035703465,0.052032016,-0.042283688,0.077529185,-0.081038006,0.05751366,-0.009304693,0.0037367619,0.020927984,0.02458718,0.033696152,-0.08035547,0.06318165,0.065391,0.0062251347,0.014444297,0.044454448,-0.014657155,-0.051018935,-0.057052553,0.016510833,-0.06483586,-0.010217937,0.033704348,0.0058741476,-0.060715016,0.008874115,0.07213103,0.031334978,0.062267903,0.02893308,0.047770306,-0.05792204,0.05677749,0.043655988,0.069776066,0.050138097,-0.02314133,0.06009287,-0.0012722992,-0.03988454,0.042534605,0.035796586,-0.011445836
0.027495919,0.021224538,-0.030144127,0.046104148,0.009234316,-0.008281339,0.049085397,0.015060285,0.013932049,0.0057629202,-0.038821988,-0.026527079,-0.043985028,-0.042356122,0.0125205675,0.027519153,0.06054713,0.018024456,0.019952586,0.03745505,-0.0013186737,0.0021045438,0.008938438,-1.7903132e-05,-0.033080433,0.04991034,0.058869682,-0.051775098,0.01065668,-0.018755449,0.0042970865,0.054354295,0.03937006,0.030801684,-0.005990486,-0.048970558,0.0033558311,-0.04880789,-0.018564353,0.036902033,0.050644338,0.017487496,-0.02155914,0.0061719837,0.06437096,0.000763754,-0.03785004
0.010734273,-0.058411837,-0.02668256,0.039583366,-0.039288156,0.017605597,-0.02339402,0.035735715,-0.051721726,-0.019026132,-9.424425e-05,0.010332637,0.03325576,0.011013642,-0.005602436,-0.061706267,-0.015441382,-0.016161371,-0.0102149425,0.04707566,-0.054175988,0.02648987,0.061076667,0.012627722,-0.07136218,0.015907316,0.037014432,0.0003195456,0.0545262,-0.07135481,-0.033741202,-0.062454693,0.0078024743,0.023318037,0.0015780509,0.058796052,0.0850669,-0.040287793,-0.06958063,-0.009595189,-0.05311172,0.039593663,0.007716054,-0.008277888,0.057076037,-0.0456513,0.01121606
-0.01953624,0.018968252,-0.041090254,0.0021657671,-0.040822983,0.07643325,-0.019947367,0.009277745,0.024241963,0.04057743,0.038704745,0.029332483,-0.03230282,0.01746509,-0.02934342,-0.056811094,0.012634861,-0.053376146,0.02404606,0.067225486,0.03860015,0.048208714,-0.018534204,0.01924319,-0.002390061,0.09214236,0.0024798133,0.024864713,-0.041818865,0.009744633,-0.031120343,-0.06684017,0.011168517,0.002794025,0.050664216,0.06818514,0.02513667,0.050311018,-0.052988626,0.012224866,0.025825383,0.034139473,0.015954878,-0.037924457,0.011583167,0.05149737,0.031659186
-0.026710689,0.03044171,-0.039657332,0.005004988,-0.035034433,0.007258809,0.020803757,0.0032031455,0.09324729,-0.013785599,-0.017194964,0.018755853,0.031941377,-0.036746655,-0.011698954,0.011269876,-0.02168331,-0.004112173,0.043291327,-0.030747868,0.054477386,-0.020748759,-0.030741991,0.060443066,-0.028232262,-0.06466279,-0.013746241,0.0017651097,-0.05305632,0.012644801,-0.023405747,0.023288412,0.022011781,0.061283763,-0.013418421,0.015926907,0.019549092,0.030996319,-0.00748656,-0.05079441,-0.046323147,0.047151823,-0.008213181,-0.050712768,0.034992408,-0.050930183,0.028748991
0.023422198,-0.0152608035,0.01605502,-0.04396339,0.04724089,-0.04192716,0.06524433,-0.054032985,0.091859594,-0.03098566,0.046842843,0.051451914,0.04505984,0.07077251,0.002790347,0.06352022,-0.033727393,-0.026679259,-0.0056812377,-0.01848807,0.012671202,-0.06051267,-0.009027851,0.08198111,0.0052625947,0.0076767514,0.07361019,0.070304364,-0.046968427,0.074567646,-0.009232844,0.06869305,0.081420206,0.027241787,-0.0413888,-0.033118382,-0.02942014,0.038264062,0.058146395,0.0064269607,0.010756603,0.028444605,-0.01603131,0.045794502,0.03346275,0.054187145,-0.064762264
0.051340792,0.058169153,0.03914397,0.054985385,0.05701259,-0.066496916,-0.01806152,0.079328015,0.01556835,0.05899736,-0.053954903,0.009772817,0.014342041,0.045632653,-0.00972661,0.02595972,-0.0064049424,-0.05741815,0.042516816,-0.06577165,-0.0144052915,-0.053594403,0.03535435,-0.031073676,-0.041453693,0.030683467,0.00043485424,0.036243282,-0.023567138,-0.035545148,-0.056443274,0.015726786,0.010471802,0.06513041,-0.05312928,-0.03603258,0.017781671,-0.056550875,-0.007980734,0.06383636,0.022747643,0.05222706,-0.010890633,0.05931051,0.07475465,-0.04359298,0.018959872
0.0035014208,0.050969414,-0.056282464,-0.044456284,0.05030805,-0.06270878,-0.046575155,-0.053573024,-0.06074861,0.035731215,0.05735885,-0.05838206,0.059538923,0.04310242,-0.079235874,0.013160562,0.015526538,-0.0012400766,-0.046914637,-0.05094531,-0.06245122,-0.009404533,0.031471103,0.03434147,0.025329435,-0.010804089,0.06865187,-0.038804747,-0.07333812,0.057097405,0.032857593,-0.0061095185,0.024282388,0.013461994,-0.037227906,0.010226995,-0.02548708,-0.029207502,0.035655748,0.013596921,-0.04758215,-0.030774005,-0.021152884,0.049417894,0.065475754,-0.058511987,-0.05111471
0.0006700991,-0.019014217,0.050568223,-0.07823022,-0.036415607,0.034128584,-0.06906412,0.025444305,-0.03979715,-0.03396966,-0.0040599145,0.01162518,-0.07059271,-0.011522498,-0.03886433,0.008336793,-0.010273178,0.0074280244,0.021190036,-0.02051716,-0.028556965,0.006574911,0.07860165,0.005953463,0.038673908,0.045183245,0.018336559,0.07636237,0.07845453,0.060100842,-0.062530786,-0.040610433,0.0059626466,-0.060400825,-0.002226687,0.0041586123,-0.071136184,0.07226619,-0.039517067,-0.06526398,0.019459296,0.076633364,-0.01076134,0.07969207,0.03440206,0.060713843,-0.023696436
-0.06561423,0.024389945,-0.0031533544,0.04216409,0.02311928,-0.046401612,-0.030958118,-0.037090037,-0.052975748,0.05005709,0.052666754,-0.0032902022,0.0023455464,-0.08197127,-0.008804953,0.031724393,0.021221502,0.003043895,0.017625084,0.0077618943,-0.060082335,0.0195284,-0.020340934,0.021344826,-0.021856561,-0.056298785,0.008897169,-0.01228237,0.05229632,-0.06924821,-0.0082387235,-0.07369327,-0.0069861063,0.04264282,-0.055023417,-0.029449493,0.03834643,-0.071458444,-0.04427844,0.033689346,-0.08775086,0.07877312,0.004228745,-0.011238295,0.016952712,-0.009581254,-0.039282843
-0.06853195,-0.0514568,0.06726307,-0.06826089,-0.07762442,0.06512966,0.012349717,0.068089455,-0.02905094,0.04045565,0.0051391767,0.018332051,0.016186614,0.009814858,0.044693608,-0.07588639,-0.019410493,0.0387217,-0.02060628,0.052829057,-0.015739266,-0.01800214,-0.05660517,-0.07019087,0.0029528642,-0.071916714,-0.037386823,-0.07043314,0.006234261,-0.07052066,-0.029816343,-0.063943475,-0.045003444,-0.009923184,0.028894452,0.04272108,0.025669988,0.018333979,-0.010650092,-0.07879143,0.0115002375,0.0035860653,-0.0002889378,-0.05412694,-0.06483724,0.03832385,0.007325857
-0.0735744,-0.08073726,-0.07934567,-0.07920805,-0.081415415,-0.07236076,-0.07436699,-0.08055629,-0.079376325,-0.07690142,-0.0767966,-0.07617549,-0.074941866,-0.08098938,-0.07681612,-0.08125363,-0.08326317,-0.085755855,-0.07441228,-0.07954718,-0.08277839,-0.07556458,-0.07428946,-0.07295765,-0.08018812,-0.08393427,-0.081003085,-0.083837904,-0.084482014,-0.07255011,-0.07384927,-0.07257446,-0.07808702,-0.07680863,-0.07732071,-0.086615436,-0.07966673,-0.08253051,-0.074970156,-0.078240715,-0.089090616,-0.08198871,-0.09011193,-0.0769534,-0.07553949,-0.07156851,-0.079423696
0.058125976,-0.045739435,0.0033706606,0.034423728,-0.043699328,0.06607837,0.071881965,0.043035995,-0.014137165,0.07918092,0.07142628,0.009702025,-0.003730948,-0.058556985,0.014378288,0.0220025,0.027376086,0.038506847,-0.046348136,0.033859827,0.056115944,0.031170065,-0.06656781,-0.044297487,0.026171498,0.02126467,-0.05523531,-0.065468684,-0.046224307,-0.048712425,0.052047964,0.016333867,-0.016897205,-0.012667271,-0.046772685,-0.07182714,0.060599383,-0.054080185,0.062746406,-0.07305874,0.080485255,0.059219413,-0.041405536,-0.02327711,0.023071498,-0.017413301,-0.025336297
0.015213407,-0.015592391,0.041725673,0.027030563,0.031075971,-0.076899946,-0.018624855,-0.022855898,0.060874943,0.04421576,-0.035320718,-0.025388813,0.0071800137,0.040443864,0.036636606,-0.012245138,-0.03156046,0.009189374,-0.039590377,-0.03743033,-0.027569085,-0.031197766,-0.045272835,0.003472032,0.004492972,0.03831043,0.050870124,0.027385006,0.013639732,-0.009616814,-0.014207368,0.026398167,-0.044764165,-0.010844681,-0.078421615,-0.080629,0.022846917,0.053173076,-0.03311961,-0.040248726,-0.010760523,-0.019535,0.05677421,-0.014297061,0.028332718,-0.0100890035,-0.06270567
0.03727348,-0.021922246,-0.030978404,-0.045141526,-0.052224603,0.018631695,-0.022280037,-0.017664222,-0.025087165,-0.039760247,-0.057503108,-0.022775453,-0.022880558,-0.035889655,-0.03439669,0.01592862,0.050574094,-0.040530942,-0.04180779,-0.035729006,-0.058282617,-0.017753756,-0.013243945,-0.03469196,-0.03847512,-0.033783045,-0.009528648,-0.034754258,-0.015436953,-0.070693955,-0.036751073,-0.062256876,-0.053086005,-0.06029786,0.010939675,0.027114334,-0.035609648,0.022730004,0.006391891,-0.03124429,-0.021391595,-0.05317948,0.00234886,0.0022859853,-0.03773361,-0.04344427,0.03435303
-0.040025346,0.049991746,0.005667,-0.045713294,-0.051906943,0.024834007,-0.01586403,0.022009308,0.045427382,-0.042166937,-0.030613994,0.023701843,0.040892623,-0.0070909304,-0.010453773,-0.021538774,0.007735201,0.0067120413,0.015484138,-0.0034993377,-0.018524643,-0.046990465,-0.013339645,0.02778695,0.0005218495,0.041089304,-0.047172546,-0.029897163,0.0411182,-0.00066960277,-0.041156854,-0.027350638,-0.056234624,0.012963017,-0.01431678,0.010653833,0.008391576,0.042446736,-0.015942836,-0.025792683,-0.0152574405,0.019970702,-0.012362081,-0.017086336,0.03634929,0.030611323,0.042740438
-0.03453039,0.0029616382,-0.018304612,-0.07302723,-0.06938072,0.008758605,-0.019446298,-0.06477702,-0.016855014,-0.051878046,0.039753687,0.0062344186,0.050487228,-0.0015372509,-0.032995734,-0.050224315,-0.017934784,-0.05284972,-0.068609394,0.036411464,0.038830217,-0.06570517,-0.031658772,-0.07565015,-0.011896795,0.0104202395,-0.025200326,-0.043467734,0.004603447,-0.04175368,-0.03400368,-0.06929623,-0.061514217,-0.07882992,-0.07559464,0.0467838,0.02108721,0.03638536,-0.0002782816,-0.03351527,-0.02074151,0.0048377104,-0.03363453,0.003119069,-0.05772837,0.015733724,-0.07321817
0.031379092,0.0886103,0.07658122,0.07479528,0.07801846,0.07794,0.06778711,0.08386461,0.08304375,0.06789278,0.05171352,0.076245725,0.07705549,0.07997342,0.07562337,0.08253837,0.09192751,0.08378797,0.070126496,0.060762104,0.06973725,0.058105193,0.05792508,0.03696561,0.065905154,0.037125453,0.059670053,0.086940266,0.0659228,0.0031731934,0.074542314,0.053473044,0.051748116,0.07895978,0.06885184,0.06342542,0.06445737,0.06972917,0.05047655,0.06983573,0.07493148,0.054493237,0.09505249,0.07166185,0.07431353,0.051951088,0.07403071
-0.012559051,0.06409739,-0.007449319,0.010530846,-0.009524206,0.050004873,0.06894813,0.03610016,0.051528584,0.00932845,0.012666534,0.02678647,0.060955852,-0.0012676904,0.043045834,0.043261617,0.059875946,0.020916864,0.023167705,0.021023566,0.01889466,0.06446128,-0.07419091,0.029193845,-0.025322258,0.05237759,-0.062011905,0.00928406,0.058620546,-0.001161109,0.007758531,0.040563308,0.029348638,-0.017773643,-0.0027541588,0.011515856,0.048711963,-0.0076990626,0.03191044,0.03419822,-0.03443769,-0.011656387,-0.08405913,0.026548883,0.010213561,0.018197473,0.016196895
-0.0049456703,0.0060338457,-0.008097867,0.026889987,0.04701421,-0.01757333,-0.0064354935,-0.04919409,0.0322962,-0.023101574,-0.007868324,-0.051992044,-0.005296772,-0.006213482,-0.0119301295,0.03790355,-0.013166118,0.0057437676,0.0047507305,-0.034216844,0.022794103,-0.050294977,0.00163673,-0.017656973,-0.036366336,-0.03985735,0.045758355,0.036242805,-0.05318644,0.008697433,-0.019827306,0.055739675,0.026485179,0.0061041205,0.012310079,-0.04580279,0.020773714,-0.04609243,-0.024585223,0.04726181,-0.026251324,-0.005961169,-0.0050896117,-0.00023165061,-0.023117103,-0.06649274,-0.034397274
-0.066754445,-0.05780575,-0.061469443,-0.028952098,-0.026651476,-0.028646497,-0.046088025,-0.029836353,-0.018075852,-0.064416625,-0.024476077,-0.04297922,-0.039763466,-0.06709575,-0.061631218,-0.012405006,-0.059106838,-0.087270625,-0.044283506,-0.06591586,-0.013646652,-0.0063382266,0.047060784,0.006547866,-0.06717839,0.03865748,0.03503009,0.006857511,-0.0687267,-0.031051414,-0.03525149,-0.061421774,-0.05900252,-0.05676646,-0.054278526,-0.044848327,-0.05421076,-0.056407448,-0.055373147,-0.050595704,-0.061582845,-0.04954229,0.093078986,0.02955806,0.015302606,-0.05200912,-0.076326005
0.073368534,0.06938595,0.04937541,0.06222678,0.0722408,0.053097103,0.06985824,0.07473995,0.0027889055,0.07718573,0.072845206,0.044578906,0.063564956,0.049488656,0.06245351,0.06333008,0.08753746,0.0848434,0.065056875,0.060504217,0.042273987,0.074151926,0.06781188,0.041145425,0.0695568,0.07222851,0.030938677,0.044126444,0.06488292,0.01597794,0.04984319,0.047699764,0.0317947,0.053752597,0.069805115,0.08339921,0.059229176,0.078385174,0.048055567,0.0741738,0.07387554,0.046630763,0.07496246,0.059038427,0.07345759,0.026967583,0.046054646
-0.07283956,0.0024249298,0.010513834,0.042569835,-0.013094157,0.05561026,0.034860924,0.011185741,0.003719889,-0.009473775,-0.0024343624,0.029544946,0.024964457,-0.0009553746,0.031067831,0.038062103,0.0484232,0.02968597,0.04111134,0.042560786,0.054970045,-0.0017514039,-0.040260125,0.04653165,-0.001481027,-0.07841818,-0.0107689295,-0.08466416,0.044889726,-0.026877709,0.008358678,0.0133634675,-0.042485483,0.016234033,-0.009886241,0.041531187,0.05837485,-0.06087299,0.060630668,0.048465528,0.015644273,0.04489637,0.009306887,-0.01914967,0.049525056,-0.025144188,0.039929435
-0.006999357,0.08467646,0.040510464,0.055810064,0.060511302,0.054137636,0.016663617,0.07104404,0.07483041,0.039354645,0.051811572,0.054204587,0.06373389,0.06841735,0.04962181,0.055765197,0.0866765,-0.00621798,0.031241605,0.04364959,0.039425053,0.06343765,0.08301149,0.07227809,0.05846321,0.042421114,0.070277296,0.07436628,0.0022276412,0.036391053,0.037733626,0.039899345,-0.008151564,0.045729104,-0.0007599165,0.058181737,0.06501309,0.054434065,0.030806294,0.04606922,-0.0071906084,0.058587715,0.06280364,0.056379,0.07667645,0.044316027,0.059907936
0.03520141,0.057336412,0.07042396,0.046163738,0.07509877,0.04750262,0.039288417,0.04465963,0.0383288,-0.06463398,0.002128231,0.06072985,0.02759361,0.0036604304,-0.05368645,0.069768436,0.0052063786,0.03916531,0.06690451,-0.039321262,0.025860088,0.06738985,0.001678924,0.074510425,-0.05907773,-0.070498005,0.006819473,0.03962043,-0.022551242,-0.06485865,0.045605477,0.0018505852,0.04620931,0.010916154,0.07719,0.04587216,0.024455719,0.030756168,-0.005402931,0.022636238,0.025568556,-0.03252272,0.0081785275,0.028809575,0.07874813,-0.05603545,0.03932386
-0.029231893,0.061707567,0.023134239,-0.024429098,0.07458599,0.07721336,-0.04400148,-0.009966425,0.045717075,0.041920032,-0.06026284,0.030499112,-0.07071575,-0.0008614965,0.032452513,-0.0006276633,-0.038748022,-0.016603379,0.070929796,0.06947403,0.056542687,0.0052946643,-0.06088979,-0.03569034,0.010293501,0.00071252417,-0.017777558,-0.045533635,0.018951708,-0.061583802,0.06886671,-0.0050759194,-0.03160835,0.0436417,0.009654548,0.012200895,-0.028416723,0.021636665,-0.046358928,0.02889207,-0.032281518,0.061575815,0.042533807,-0.05637125,-0.03404686,0.020270262,0.06796238
-0.003157294,0.042516164,-0.0071237097,0.025470145,0.08400128,-0.02764607,-0.06357333,-0.0716281,0.004995502,0.060491838,0.06299449,-0.041463807,-0.056859322,0.039217874,-0.021669501,0.030158104,0.050130248,0.01554961,0.032800417,-0.02320775,-0.0167866,-0.027106939,-0.06390952,0.07397137,0.006684493,-0.01667114,-0.040325083,-0.022299608,-0.0038736851,0.020792438,0.067413114,0.050398316,0.066379055,0.04179627,-0.065232605,0.0046729078,-0.038222354,-0.06499951,0.014966205,-0.03663066,-0.04384774,-0.0346679,-0.009948473,0.05842658,-0.008540633,-0.05741274,0.0018814149
-0.0289567,-0.06600232,0.03220279,-0.008322353,-0.0202047,0.015488978,0.058873236,0.06512221,0.012858954,-0.05285289,0.0063951523,-0.055931583,-0.019682068,-0.03970971,-0.025633486,0.0134677645,-0.05280628,0.025927054,0.05690119,0.03553701,-0.01718098,-0.043797605,-0.05811874,-0.031305466,-0.009937455,-0.036335494,-0.02382184,-0.0236214,0.05974179,0.00032702132,-0.0673967,0.0079234,0.058004737,-0.031029487,0.007031425,0.06517895,-0.045708857,-0.03135042,-0.042149343,-0.028001344,-0.014591498,-0.056596242,-0.018373504,-0.04982709,-0.070273876,0.074315384,-0.04158948
0.06682116,-0.03481228,-0.06094338,-0.018119361,-0.019727018,0.031889956,-0.0152758295,-0.06439335,-0.026649415,0.049068604,-0.05406331,-0.030890966,0.015118464,0.0045087556,0.045812715,-0.008701658,0.0055494136,-0.0009981034,0.015055313,-0.042378794,-0.022808636,0.02295139,0.0004943795,-0.05820206,-0.06649949,-0.02538101,-0.037529685,-0.07310058,-0.023345828,-0.06669439,0.010980351,0.022096282,-0.014654552,-0.009880543,-0.029929155,-0.021998845,0.030988023,-0.03565085,-0.056463186,-0.028173264,0.054584492,0.0482821,0.0019244015,0.062771074,-0.004300317,9.591361e-06,-0.04227965
-0.06629101,-0.051041372,0.00622301,-0.06348759,-0.047653746,0.055100303,-0.004296633,-0.0081976075,-0.07293593,-0.04729704,0.014009898,-0.049871273,-0.053126365,-0.044395946,-0.071262375,-0.05968888,-0.072056904,-0.036448993,-0.0629829,0.043468095,0.0035182494,0.011167595,-0.07690293,-0.042683147,0.0067802356,-0.04386581,-0.04916109,-0.06636792,0.019289574,-0.05834814,-0.05359908,0.0200245,-0.01191682,-0.033747118,-0.045655243,0.0005065563,-0.048178934,-0.07071016,-0.045432243,0.0051390147,-0.058170848,-0.043664407,-0.040005084,-0.049403213,-0.074112736,0.023034848,-0.013175979
-0.03906928,-0.032260787,-0.025239859,-0.007478934,-0.024318855,0.027642395,-0.011409045,-0.04012585,-0.033497155,-0.027448436,0.015196284,-0.04482472,-0.06457679,-0.014801705,-0.019723542,-0.0052079298,-0.03590351,-0.019849828,0.006734102,-0.008467535,0.02248306,-0.009702665,-0.046897378,-0.027815837,-0.035189435,-0.04098132,-0.039408833,-0.037879273,-0.049604874,-0.010939203,-0.010568761,-0.05279417,0.04478635,-0.016006349,-0.008894698,-0.006522855,-0.01806479,-0.06812082,-0.03676561,-0.006236188,0.024185024,-0.012695668,0.01895955,-0.049418785,-0.04140363,0.019345388,-0.0044157756
0.038941193,-0.022325896,-0.009211438,0.04965794,0.034146037,0.021032924,0.061388984,0.04513198,0.032242507,0.009264501,0.019117089,0.0396188,-0.029282792,0.015007588,-0.0005135555,0.029678179,-0.004874669,-0.035916176,0.041313138,0.047940124,0.016668133,0.054509513,0.03648004,0.061830416,0.017056989,0.0037672685,0.048642382,-0.009186588,-0.0012548139,-0.0023845194,0.014380473,0.0035835172,-0.019720923,0.0014844614,0.07167866,0.02758611,0.0509435,0.027716218,0.047143992,-0.0065127467,-0.008186901,0.06202961,0.040308364,-0.00096567965,-0.011593718,0.058451995,0.01625433
-0.0050028334,-0.06443466,-0.03527342,0.054466303,0.0030503622,0.006308295,-0.06107326,0.005089903,-0.0140669225,-0.0089485925,-0.031106763,-0.074938804,-0.0038635226,-0.040564124,-0.03652862,0.013204542,-0.04916341,-0.08605248,-0.054082654,-0.06608312,-0.047160573,-0.018002167,0.016709268,-0.031179568,-0.056853503,-0.00020884197,-0.014101636,0.058836438,-0.009223586,-0.055363007,0.018147275,-0.021246755,-0.032924473,-0.01994076,-0.057157822,-0.08022958,-0.07589067,-0.012041457,-0.058581453,-0.03307288,-0.01181695,-0.06059793,-0.028463362,-0.034859896,-0.029408837,-0.021383295,-0.06749783
0.06654512,0.03930776,-0.030629326,-0.032475784,-0.05207685,-0.038433257,0.005507093,-0.07098028,-0.006220026,-0.08047051,-0.06769898,0.033473097,-0.060360108,0.0021007615,-0.041737005,-0.008859767,-0.007203027,-0.019032223,-0.007440982,-0.030394364,-0.022607662,0.000826258,-0.045761544,-0.06850639,-0.010092154,-0.043279633,-0.07381265,0.0012182151,0.05213907,-0.017352892,-0.039911274,0.037678543,0.0022137305,-0.057509206,0.060878746,-0.011341996,0.05971832,-0.06778785,0.0115800565,0.0051853512,-0.03717291,-0.056665022,0.0028729795,-0.0062952056,-0.048616163,-0.009294427,-0.010055828
0.021859735,-0.07350696,-0.05215784,-0.08049907,-0.05283402,-0.012806721,-0.06387425,-0.07564204,-0.044931337,-0.029186143,-0.018694483,0.010897697,-0.060876146,-0.052831713,-0.067193925,-0.076774776,-0.07900855,-0.031308614,-0.049779985,-0.019151965,-0.023229362,0.0025564702,0.040159345,-0.05748613,-0.026899202,-0.09731387,-0.051182043,-0.079571344,-0.041206274,-0.03625039,-0.07722233,-0.056831863,-0.016287137,0.016115008,-0.023569109,-0.045366317,-0.08177353,-0.060346656,-0.048338473,-0.034364894,0.021343479,-0.06870523,-0.084650405,0.008005304,-0.04804736,-0.056116823,-0.056353755
0.0646961,0.02035515,0.027976265,0.030487817,0.0605258,-0.0070269783,-0.030576589,-0.03567821,-0.008824993,0.063104644,0.029666413,0.05141316,0.024460636,-0.033976085,-0.06977907,0.04577223,0.045162473,0.06414391,0.07604276,0.07989458,-0.056832198,0.020421354,0.06514476,-0.064902075,0.05035289,-0.03247432,-0.053852167,0.057746146,0.036469765,0.069496594,0.07789915,0.07688496,0.08689616,0.08739913,0.084099665,0.0009406961,0.07905847,-0.010983335,-0.06032423,0.0778629,0.026481647,0.019643223,-0.006264676,-0.032078262,0.0643757,0.072541244,0.0701579
0.017668433,-0.04587905,-0.016106589,-0.050966732,-0.03646691,-0.016650451,0.05266556,0.056854762,-0.053572897,0.018263808,-0.079688996,0.00777774,0.008424911,0.013789213,-5.4017702e-05,0.020303633,-0.014781524,0.055347174,0.051482067,-0.05830012,0.028370073,0.026995143,-0.04722505,-0.026240261,-0.07332078,-0.04586122,0.0385979,-0.060172,0.06099548,-0.045925725,0.027219327,-0.058720924,-0.0064579435,0.067660056,0.014269403,0.013399829,0.056135,-0.011753473,-0.048234046,-0.0052362666,-0.038131487,0.043472853,-0.06575123,0.058360334,-0.0335876,-0.0653085,-0.06126598
0.05776497,0.042396918,0.023778906,0.020749908,0.018688442,-0.024442654,0.048461262,0.026733452,0.040457077,-0.00083396747,0.043735124,0.017301278,0.038209494,0.03053057,0.048810508,0.022148097,0.06254375,0.0039037075,0.04339346,0.021822412,0.05451408,0.047946487,-0.06303671,0.027801575,0.0718259,0.007175413,-0.021384576,-0.009971837,0.03258106,0.055258345,-0.0032674694,0.017611125,0.064995244,-0.0054742545,0.0019934129,0.06735403,0.024930961,-0.026334925,0.013087308,0.062236045,0.020708017,0.020656748,0.019262737,-0.06337925,-0.01555113,0.05814056,0.040977504
0.015517027,-0.07850931,-0.039887737,0.032701593,0.041430686,-0.036949106,0.044553973,0.0018301596,0.0068452074,0.025475567,-0.00453234,-0.007904566,0.011118171,-0.024826458,-0.007293615,-0.014441736,-0.045281067,-0.014475078,0.033682097,0.01765577,0.04796463,-0.06918763,0.026151834,0.014506753,-0.0059615937,-0.054107517,0.046366096,-0.012492642,-0.062349293,0.04040427,0.018002952,0.04180333,0.05008972,-0.012021914,0.0077449884,-0.07662917,0.020863928,0.05260438,0.021593554,0.027455373,-0.004839468,-0.005621721,0.006166981,0.06874246,0.007828587,0.054818522,-0.03448759
-0.00822354,-0.0451896,0.0075525367,-0.00096218963,-0.01448969,-0.041384883,0.050714806,0.07960711,-0.061522298,0.023479205,0.050268847,0.015000995,-0.0030614163,-0.046096265,0.007918876,-0.01239889,-0.04688128,0.030576745,0.014195226,0.0334625,0.0057711992,-0.022219729,0.04871166,0.01415336,-0.0060087163,0.0036744075,0.027458534,-0.018676823,-0.0062073637,-0.017318152,-0.027579226,-0.024472916,0.006319529,0.049396824,0.034044016,-0.012491965,-0.05760369,-0.04158531,-0.019695215,-0.02026018,0.008794554,0.015377789,-0.027646085,0.052289706,0.051521797,0.04482831,-0.009835908
0.040657748,-0.05571232,-0.06305626,-0.02500735,-0.044502623,-0.07304617,-0.059728198,-0.0741181,-0.050055627,-0.043098196,-0.06394033,-0.06340079,-0.01986224,-0.03283245,-0.012509417,-0.038408972,-0.0475108,0.0072325645,-0.06478394,-0.07109809,-0.028292274,-0.03795734,-0.02665001,-0.07296195,-0.058320902,-0.043827854,-0.03809253,-0.03917363,0.021952935,0.018502444,0.031385034,-0.02534017,-0.0353934,-0.08358413,-0.073382996,-0.03489147,-0.040141575,-0.08202045,0.011179698,-0.03815301,-0.07855156,-0.06645258,-0.007053627,0.0072917063,-0.07556119,-0.012532803,-0.02156543
-0.046968877,-0.018765837,-0.037715282,-0.016524397,-0.03848028,0.0107849585,-0.061206587,-0.028124737,-0.03754486,-0.0062665367,0.035456344,0.040454876,0.021348782,-0.034453977,-0.03254183,-0.04548675,0.037282992,-0.05190783,-0.036313217,-0.0043512993,-0.048140932,-0.043721247,-0.0084600765,0.005582917,0.032198794,0.024427112,-0.013408251,-0.06279041,-0.0471106,-0.0075769494,-0.017053679,-0.058652177,-0.044628467,-0.033495374,-0.018975371,-0.01970065,0.0057199514,0.056538727,0.007628863,-0.048801776,-0.06803551,-0.039866805,0.010626407,-0.058915857,-0.03689744,-0.014179534,-0.035941914
0.01789079,0.031471964,0.07591814,0.035093386,0.009069511,0.057194524,0.057768676,0.00078806235,0.026307467,-0.06651027,0.06115068,0.014286258,-0.014909964,0.060789105,-0.06888369,-0.013823295,0.046783894,-0.039316427,0.05511969,0.08003515,-0.032324042,0.06771866,-0.04334827,0.04383409,0.031547643,-0.03183902,0.05318701,0.01672829,-0.026223497,-0.010626594,-0.03427946,-0.020762244,0.031189753,0.0072893756,0.049835354,0.04497664,0.023154683,-0.032250397,0.016617537,0.07012504,-0.0037626915,-0.010164273,-0.06462473,0.0130602745,0.06408648,0.04870364,0.07028219
0.00030146778,-0.021782853,-0.028763233,-0.02602836,0.04332733,0.013289357,-0.06482908,-0.038723897,-0.047987405,-0.051358268,-0.013245846,-0.05959743,-0.014611975,0.009388548,-0.01703453,0.004935172,0.0035949051,0.02539684,0.059204265,-0.04073921,0.05945721,-0.053001437,-0.021910561,0.009363451,-0.03468665,0.009922351,0.008306683,0.057571348,0.017340567,-0.036739532,-0.001033497,-0.03697381,0.022014696,-0.011070695,0.0017845499,-0.059225716,-0.035107113,0.044260908,-0.032462943,-0.04904333,0.014356139,0.025461964,0.07087171,0.02786621,-0.014551845,-0.05306622,0.026237834
0.05432992,-0.027399404,0.043577556,0.0033363276,-0.022760442,0.033156313,0.02856502,0.06348171,0.009749434,-0.036435604,0.032736316,-0.06989387,0.07172475,0.053200327,0.049281657,-0.026086444,0.04389096,0.009389228,-0.05869287,0.05476672,0.012919734,0.031842962,0.061526816,0.080156915,-0.033631016,0.1009946,0.030977001,0.01869608,0.09217684,-0.05306031,0.012107183,0.025054188,-0.059532605,-0.03149273,0.012293388,0.015853105,0.028548349,0.026903244,0.08098895,-0.049233723,0.047288336,-0.048693288,0.041026466,0.062466003,0.016193474,-0.0028174946,0.015340848
0.07086908,-0.045349833,-0.056895234,0.0051071267,-0.020350333,-0.024778482,-0.015682172,-0.04715306,-0.05312768,-0.036807716,-0.02586583,-0.021302097,-0.07475108,-0.0437042,-0.039821576,-0.009868374,-0.06896497,-0.025764618,-0.04460981,0.031531096,-0.056722518,-0.06235939,0.017587665,-0.03709176,-0.04055725,-0.026146628,-0.058166984,-0.057505097,0.011008085,0.0022360757,-0.030304225,-0.024012936,-0.05446861,-0.075824626,-0.042493556,-0.028333507,-0.05012379,0.007950315,-0.008011296,-0.03622415,-0.0013355555,-0.037291285,-0.031081999,0.010983291,-0.03606397,-0.00067097234,0.012036149
0.04328364,0.015187977,0.06782765,0.006338371,-0.04588804,-0.006636154,-0.06204447,0.04059283,0.0020485613,0.059709225,-0.0682102,-0.025345463,0.024116343,0.043750677,0.07863168,0.0043922393,-0.009595177,-0.02253685,-0.071126774,-0.010708077,-0.08351657,0.061654985,-0.032104075,-0.005031411,-0.056790218,0.038247265,-0.0072092665,0.023567626,-0.0016539448,0.059392925,0.06928,0.012298984,-0.059084598,0.04895632,-0.076075606,-0.086485095,-0.06476855,0.022552727,-0.049924932,0.034567725,0.04112931,0.060125016,0.00013869375,0.034561045,0.022209348,-0.058319107,0.0008492305
-0.057324838,-0.04518658,-0.06630464,0.051875032,0.018204264,0.04674886,-0.05633647,0.037642695,0.0076657506,0.06553302,0.062115226,0.076429896,-0.009380598,0.019340187,-0.010409353,-0.013245408,0.013533005,0.0009858644,-0.006151899,-0.015433993,-0.0834995,-0.044134583,-0.039608713,0.014169302,-0.035846744,0.015726475,0.060605735,0.031181933,-0.049583152,0.05812394,-0.018161664,0.0038840568,0.051120665,0.060923308,-0.042013094,-0.034278564,-0.016375642,-0.057635035,-0.05269383,-0.071880884,-0.015693044,-0.00699738,-0.040276434,-0.010929078,0.017893018,0.032056335,0.01755533
-0.036607694,0.00430026,-0.0018391116,-0.07272424,-0.041910656,-0.03080951,0.068239294,-0.06657874,-0.061351374,0.0031126013,-0.0053080693,0.031702183,-0.07685331,-0.075313725,-0.041063298,-0.06502067,0.016223406,0.026721008,0.0328591,-0.042921897,0.072347574,-0.042177305,0.03956013,-0.052697897,0.026188856,-0.036496077,-0.02590665,-0.085556835,-0.02394543,-0.07029838,-0.05977478,-0.005767419,0.064096294,0.023988206,0.040606283,0.0294479,-0.06954178,0.040505085,0.069619626,-0.016167434,-0.054901384,-0.045621976,0.001794891,0.04607678,0.023176432,0.014537826,-0.034181427
0.053741768,-0.010427279,-0.0620694,-0.059335604,-0.025478266,-0.02876699,-0.07382184,-0.06781398,-0.06657342,0.07579346,-0.07938955,0.06467466,0.05863198,-0.03377469,0.007645472,-0.051569957,-0.04028116,0.07023352,0.061222978,-0.06766407,-0.014634884,0.035956178,0.07036317,-0.059488703,-0.042850383,0.031945627,0.022824131,0.0028992512,-0.02073968,0.018578071,0.07292231,0.04373925,0.028231908,0.05250519,-0.045689866,-0.029286928,-0.03479922,-0.0023621197,-0.0812552,0.05957272,-0.0077091516,0.045522552,-0.010252614,-0.01793937,-0.06582802,0.019240078,0.0045925216
-0.0469294,0.03359896,0.04124212,-0.0017718482,-0.054155957,0.058265354,0.0765881,0.0056215217,0.0007871884,0.046160582,0.024284715,0.062518954,0.03479945,0.017678617,0.043534722,-0.021409359,0.054787703,0.003529194,-0.05151393,0.038069855,-0.005546594,-0.04867384,-0.042606264,0.012345091,-0.0631991,-0.00078673655,-0.05661584,-0.061644923,0.029340245,-0.016092937,-0.06700055,-0.00562347,-0.027541572,0.016972704,-0.011202652,-0.025328072,0.056217052,0.016901782,0.06483857,-0.0033263739,0.041561957,0.00772933,-0.023660233,0.025975695,0.042241413,0.042018283,-0.03144084
-0.011096343,-0.024377901,-0.06397627,-0.06769534,-0.07233316,-0.006700405,-0.077175535,-0.066974476,-0.018607609,0.038742337,-0.052024785,-0.037057176,-0.05765339,0.07799127,-0.07422612,-0.058855835,-0.02988458,-0.007397736,-0.0644831,-0.074971676,-0.06962085,-0.06513003,0.010576699,-0.06766286,-0.041491807,-0.008612698,0.0053246235,-0.014906873,-0.07706563,0.02866397,-0.03837452,-0.039123558,-0.04453588,-0.04995005,-0.07585202,-0.04022218,-0.05090872,0.02821325,-0.07900686,-0.015787045,-0.042349752,-0.025727037,-0.0397045,-0.05868838,-0.054332517,-0.01798243,-0.04781291
0.01901846,0.004386889,0.018746318,0.01302794,0.045541093,-0.045060676,-0.0613212,0.006183949,0.0049817245,-0.06318654,-0.030749451,-0.05144086,0.0015133837,0.067362756,-0.049779873,0.0092930505,-0.036456548,-0.024961235,-0.004812902,-0.024837604,-0.04566846,-0.031868257,-0.05900641,-0.057287294,-0.016199535,-0.05274759,-0.076158464,0.0023538352,-0.07877493,-0.03453505,0.019725423,0.030913178,-0.050904132,0.05312276,0.047028523,0.0107598975,-0.02026069,-0.041595656,-0.06885227,-0.011464776,0.0388225,-0.00028155063,-0.05062208,-0.07589405,-0.046248704,0.025966605,0.049738213
-0.027088294,0.007815361,-0.008908809,-0.060449854,-0.06393708,0.029044056,-0.060197763,-0.041235156,-0.015135619,-0.08121606,-0.028355395,-0.07958084,-0.034388553,0.034534324,-0.0636343,-0.049705967,0.0005088493,-0.06423035,-0.04243663,-0.05974373,-0.048552826,-0.018171761,-0.052430853,-0.05059724,-0.049384303,-0.02046183,0.0071761096,-0.04494035,0.06563323,-0.052206162,-0.06595712,-0.07491814,-0.047706842,-0.044429157,0.026500974,-0.06392748,0.028581537,-0.04118338,-0.041990153,-0.04500333,-0.051021423,-0.07620335,-0.016662562,0.024774635,0.06756114,0.024917921,-0.026384031
0.020698965,-0.010994162,-0.029414808,0.051215723,0.045255873,-0.028001111,0.028944612,0.009477495,-0.04905225,-0.002332571,-0.062170915,0.016030135,-0.015647158,0.0040665967,-0.033126436,0.05426164,-0.014194167,-0.06741306,-0.042105276,-0.011260125,-0.052559864,-0.050465867,-0.047594376,-0.036830317,-0.02539464,0.00035640775,-0.05617221,0.022154162,0.0019986033,-0.043423038,0.050992556,-0.024013,-0.0023346997,-0.018185807,0.013756933,-0.035931826,0.005227972,-0.017321765,-0.040976986,0.027998492,0.0009511587,0.0206422,-0.003656357,-0.048970964,0.026736919,-0.012360032,-0.019697793
-0.022737885,-0.031299725,-0.03742513,0.0385333,0.029127618,-0.062083937,-0.033365723,-0.014090694,-0.0541306,0.022050217,-0.00019091899,-0.028268376,-0.026134096,-0.00016204189,-0.03159227,0.044279706,0.016279763,-0.0076153437,-0.047179025,-0.049230766,-0.081575274,-0.054117866,-0.013001281,-0.042012013,-0.074935585,-0.045012295,-0.013377382,0.046135325,-0.055659804,-0.06502306,-0.051457148,0.010827936,-0.041247286,-0.06681322,-0.056628484,-0.059522785,0.0032532944,-0.057603065,-0.015091166,-0.010476863,-0.062003586,-0.010728684,0.07957316,-0.008522532,-0.06949964,-0.05541282,0.0046935612
0.048437558,-0.009098419,0.034177043,-0.024630064,-0.04643732,0.055479977,-0.0037095041,0.015353852,0.083788626,0.021632437,0.024174344,0.04809553,0.05405876,0.05495866,0.06303971,-0.011266797,-0.0038278212,-0.032686006,0.037790608,0.04197433,0.05167426,0.054735057,-0.029910972,0.0699615,0.014034199,0.06913594,-0.039026804,0.050203864,0.012196684,-0.0053604464,0.06864867,0.06951667,0.03477081,0.02153142,0.02285693,0.065586165,-0.020404622,0.078743055,0.033695325,0.0018948538,-0.015909763,0.079728484,-0.043173335,-0.050696217,-0.00075263716,-0.0047295294,-0.020161439
-0.05936141,-0.00089292595,-0.023215745,0.024198836,0.013693046,0.0075112213,-0.06662625,-0.0001865931,-0.026664449,-0.04255496,-0.046529114,-0.07344235,-0.026293192,0.029825797,-0.011466522,0.02454691,-0.012186872,-0.004009816,0.048819676,-0.023525298,-0.08563499,-0.038124297,0.01816145,0.011007516,-0.023489522,-0.05669893,-0.044160362,-0.005330037,0.059401073,0.0010387419,0.05807491,0.059631243,0.040878136,0.00995864,-0.02887746,0.0031170642,0.036767744,0.015028759,-0.071146175,-0.033088483,-0.068084314,0.0012872531,0.047770973,-0.07239848,-0.0719486,0.021852277,0.021157961
0.025499921,-0.088127166,-0.064018846,-0.010169442,-0.05051823,-0.07250742,0.075980775,-0.07946288,-0.04371402,-0.0031155336,0.0037642687,-0.023357242,-0.0599227,-0.075186305,0.0022908621,-0.02745555,-0.04405145,-0.08174174,-0.06307619,-0.07953128,-0.008816918,0.005436172,-0.023393549,0.008630474,-0.08457412,-0.049882565,0.060738876,0.038036518,0.007204425,0.029856771,-0.02987678,-0.038765553,-0.012516717,-0.027558697,-0.07472441,-0.06320739,-0.020995384,-7.152563e-05,-0.03403133,-0.06733425,-0.04307679,-0.015490684,-0.01667132,0.019598328,0.041109506,-0.06542257,-0.07288431
0.060716335,-0.0078901835,0.0062423064,0.022445004,-0.012277015,0.03326746,0.045131106,0.0018022236,0.0031612252,-0.022212543,-0.01775006,-0.025252607,-0.016283423,-0.0056804237,-0.04916415,0.028233776,-0.01562896,-0.004673719,0.04257051,-0.0019894603,0.011783818,0.058671962,-0.031176692,0.020993361,0.040820453,0.051335424,0.050064337,0.009556018,-0.047883153,0.049591575,0.017176224,-0.035778727,0.01836538,-0.01986199,0.0041488977,0.022328928,0.026153412,-0.024507325,0.01698603,-0.018963644,0.004916427,-0.049137145,0.01681676,0.004916771,-0.003131533,0.032319073,-0.039144494
-0.027165353,-0.01350697,0.07849649,-0.052750364,-0.080914505,-0.07220253,-0.009398479,-0.038235527,-0.047204234,0.0013624118,-0.014007812,0.03062302,0.015566277,-0.06217684,-0.051441208,0.07096138,0.0344968,-0.018519862,-0.06324958,-0.054644335,-0.07088113,-0.009134543,-0.08089654,-0.06392062,0.018703558,-0.016668733,-0.07167603,-0.078686394,0.07155185,-0.043752454,-0.0656825,-0.04962046,-0.08232022,-0.03771757,-0.0073574414,-0.08695862,-0.056325004,0.012196427,-0.05209092,-0.04132494,0.041753843,0.02420948,0.049349908,-0.025624,-0.055666,-0.05430144,-0.047758184
-0.052950915,-0.036548886,0.0054601603,0.03267202,0.005895653,-0.06378445,-0.045347314,-0.00012228062,-0.063956186,0.02986219,-0.03406055,-0.046081122,-0.049195558,0.014552538,-0.010152637,0.040693603,-0.0680154,-0.026237259,-0.03992211,-0.013658358,-0.06387596,-0.053612944,0.017349957,0.008079294,-0.0081393225,-0.03853615,0.026050929,-0.02014315,-0.019529602,0.038382955,0.031665653,-0.0047423355,0.021879103,-0.015228037,0.014367298,-0.070071235,-0.0075999163,-0.021145,-0.05486585,-0.040534288,0.003115842,-0.045446362,0.02707432,-0.011904724,-0.04902514,-0.002451635,-0.041873813
0.047631048,-0.008202692,0.013177702,-0.015988927,0.045221355,-0.0015156127,0.033232097,0.016757837,0.058951806,-0.005485045,0.03474247,0.053346384,0.041290276,0.007025455,0.03427732,0.061799087,-0.0138134705,0.06993182,-0.04398603,0.023487354,-7.1455936e-05,-0.0038259071,-0.037943117,0.057846975,0.04691285,-0.009515004,0.0363086,-0.061668992,0.048516735,-0.008934653,0.059227545,0.045082152,0.0044391598,0.00094897917,-0.05301739,-0.008706627,0.04012276,0.0695367,0.030963462,-0.07246668,0.015648408,0.0029243384,0.03284367,0.033320285,0.013253989,-0.0040132175,0.0068217963
0.04114698,0.039204124,-0.03632058,-0.0049083927,-0.03170475,-0.019142225,-0.0188746,-0.010369262,-0.0048320414,-0.04282204,-0.04461293,0.028676102,-0.026749317,-0.033617876,-0.030335424,-0.029114515,0.005799639,-0.020007553,-0.044729896,0.022690693,-0.039984863,-0.010092952,0.016015384,-0.012232055,0.01629236,0.01070664,0.0044931215,-0.04542625,-0.011236661,-0.02035532,-0.04055696,-0.051241644,-0.047934074,-0.031662513,0.020754451,-0.02774538,-0.0016793546,0.020764915,-0.020125477,-0.0070279976,-0.050707605,-0.019630047,0.00846085,-0.037519857,-0.012858036,0.00031101968,-0.0106790345
0.046859317,-0.05244366,-0.06788212,-0.021451233,-0.037322417,-0.021115284,-0.013030375,-0.029941414,-0.0044535035,-0.016650228,-0.010943199,-0.019388573,-0.051930033,-0.05949351,-0.056033537,-0.03450972,-0.0043517603,-0.0056618094,0.065955915,-0.006242971,0.027615726,-0.042932052,0.0053328853,-0.07173447,-0.04775223,0.0100295795,0.053590897,-0.042160776,0.016216995,-0.059014242,-0.03518707,-0.025815777,-0.064656556,0.018387632,-0.011782989,-0.06342585,-0.034644775,0.014758401,0.025220849,-0.020665042,-0.07421756,-0.05315089,0.015948685,0.03223065,-0.037298284,-0.060390104,-0.004247597
-0.0026316186,-0.06503666,-0.027023828,-0.020531673,0.0042342446,0.00076990336,-0.0017721567,-0.04747352,-0.07572592,0.013450418,0.010830378,-0.061730303,-0.03315293,-0.04459422,-0.044210505,-0.05101046,-0.070643984,-0.009953008,0.045120046,-0.038258836,0.0026721642,0.01807966,0.020890597,-0.036050893,-0.019525666,-0.04577265,0.02724516,-0.0559272,-0.033901732,-0.05084783,0.004078511,-0.004938446,-0.034924325,0.0027697533,0.0007989009,-0.07130876,-0.048870742,-0.026032928,-0.0012517298,-0.047803454,-0.012642505,0.0058400813,-0.016341086,0.011949234,-0.011426246,-0.071512975,-0.008598404
-0.045158014,0.031943575,-0.0012640931,-0.022074305,-0.013360498,-0.042487577,0.017104305,-0.06920179,0.011135041,-0.073938094,-0.03403297,-0.00802269,-0.03898956,0.0059427964,-0.05635091,-0.028763536,0.022859368,0.024011826,0.019602362,0.006832769,0.055687755,-0.06449984,0.0073730056,0.028346479,0.0041455533,-0.06855528,0.0028683962,-0.03484559,-0.06341543,0.01792721,-0.029989868,0.039450895,0.04240683,0.0556631,0.011364315,-0.028974414,0.013917194,0.034829114,0.037142236,-0.061248597,0.015065103,-0.073019594,-0.05175038,-0.07500741,0.0754888,-0.04702607,-0.009127921
0.047178283,-0.0055419607,0.059208944,-0.00435999,0.0007196026,0.04096667,-0.0214233,0.01334687,-0.06322086,0.04247139,0.04606703,0.04426638,-0.048480567,-0.023020286,0.007168869,0.023601877,-0.003537308,0.02152536,0.03929638,0.04649556,0.043789644,-0.014869855,-0.018253023,0.0061616106,0.040601306,-0.041171942,0.006929253,0.0032925615,0.04528364,0.03632613,0.009252622,0.03986531,0.0072327494,0.008444737,0.0042009936,-0.012229222,-0.0036062414,-0.0055396766,-0.0051330565,-0.002924013,-0.006627345,0.010483881,0.045833133,0.036791608,-0.055039633,0.015404252,0.05743359
-0.034533367,0.082807966,0.07908287,0.06618637,0.06910744,0.057730123,0.042617176,0.02175926,-0.0007340032,0.021942342,0.003389569,0.049628507,0.07834348,0.06488902,0.058414016,0.055139355,0.08005228,0.043006755,0.027635058,-0.028636532,0.00073604664,0.07289955,0.0431178,-0.022978092,0.052905757,0.050290328,-0.06716955,0.02865286,-0.038926795,0.0708056,-0.003868395,0.045858983,-0.0043388153,-0.042408194,0.07387972,0.05467279,0.06942143,-0.009001329,0.07314228,0.08148509,0.08387614,0.075382456,0.023672076,0.02170651,-0.0010771652,0.03761293,0.049343515
-0.060657702,-0.08139942,0.053406388,-0.04694384,-0.032564703,-0.026342876,-0.05714463,0.025447413,-0.04625328,-0.073641814,0.054031692,-0.07692904,0.031877987,-0.04478749,-0.021568172,-0.068389006,-0.07186141,-0.039208278,-0.029709004,0.004831606,-0.05837768,-0.00856713,-0.045744494,-0.03141179,-0.02663952,-0.057517312,0.05604314,-0.029687816,-0.07690407,0.015684955,0.0074907322,-0.07224757,-0.018622154,0.035581246,-0.076914735,-0.045485236,-0.017814176,-0.07835631,-0.062972374,-0.0709118,-0.016921282,-0.06004636,-0.03681264,-0.009349887,-0.032396317,-0.07327964,-0.07733877
0.058008917,0.02006574,0.051323887,0.040755525,-0.012729598,-0.038687453,0.054780032,0.05062568,-0.035471357,0.06275912,0.042123493,0.051323753,0.06820821,0.08226894,0.057739742,-0.009711517,0.04353217,0.064228795,-0.02080743,0.033027172,0.082338564,0.0045377044,-0.035849445,0.020948602,0.06990568,-0.023415964,-0.021075126,0.031057334,0.040155962,0.050922163,0.04991204,-0.051477205,0.042250242,0.0680077,-0.036213342,0.06154917,0.047087464,0.061809655,-0.0472879,0.011186938,0.039932888,0.0532054,0.052280243,-0.015188349,0.042537887,0.06349094,0.06685782
-0.021228783,-0.04148975,-0.042909503,-0.013934156,-0.023005048,0.005019146,-0.01554838,-0.015972467,-0.019594645,-0.054835867,0.035562966,-0.045995142,-0.06845638,0.058887385,-0.05836973,-0.06454927,-0.033307094,-0.041806176,-0.029837515,0.076911554,0.06635062,-0.065863684,-0.019123005,0.055638023,0.021727344,-0.0005751546,0.0049973484,-0.026620861,-0.083751045,0.058343623,-0.07264557,-0.07499194,-0.04622771,-0.065056354,-0.011586239,-0.018253889,0.047574606,0.0052874316,0.013277695,-0.05372784,0.010801225,-0.038861837,0.028480487,-0.042556196,-0.024824452,0.07366607,-0.051812425
0.01157448,0.025920402,0.0017036273,0.07138314,0.06403945,0.002437227,-0.027682345,-0.05472083,0.050492574,-0.02864532,0.0668512,0.014142434,0.03892378,0.019932944,0.0074006882,0.06755093,0.051963612,0.01679526,0.026793702,-0.014152304,-0.009817197,0.04833297,-0.05646724,0.06364141,0.025535876,0.011735781,0.035564777,0.012463579,0.06668392,0.037480127,0.062244322,0.012160963,0.022403074,-0.00050054624,0.01092191,-0.010675966,0.042051673,-0.006433282,-0.0007559216,0.03951308,-0.0004363248,0.040372126,0.023491157,-0.030016206,0.027030287,0.032591753,-0.00909845
0.057278197,0.028878978,0.032088142,-0.03825091,-0.047555357,-0.026129022,0.03509414,-0.07019412,0.075692594,-0.03894891,0.04913426,-0.024048056,-0.054600723,-0.03661449,-0.0369083,-0.045787424,0.054867428,-0.011923946,-0.0169172,0.0295846,0.023259953,0.045535512,0.07664402,-0.075215764,0.0649344,-0.056336217,-0.011837201,0.0046211528,0.015798511,-0.01928947,0.021558598,-0.051251534,-0.042821493,0.0046293647,0.07261886,-0.0143334195,-0.04682026,-0.008941245,0.061762083,-0.039023746,0.035409138,-0.03337684,0.046690654,0.060294654,-0.07204365,-0.05350171,0.05503516
0.029919619,-0.015657553,0.023572687,-0.030201912,-0.007972977,-0.0687389,0.037745222,0.05766529,-0.027988616,-0.07221058,0.019658655,-0.0663278,-0.05399351,-0.05972827,-0.006268542,-0.012170792,0.011652354,-0.07851768,-0.05575492,-0.04992419,0.012729516,-0.058856517,-0.07833071,0.029070968,-0.08060981,0.0037917881,-0.041905247,0.06830903,-0.053558838,-0.049943447,-0.03302482,0.01787658,-0.047928188,-0.06233054,-0.018868562,-0.069683544,0.011230212,0.060891293,0.07963538,0.018861072,-0.05503793,-0.07423096,-0.020312123,0.021197718,-0.04283757,-0.072722495,0.008166916
-0.0031806063,0.0092587955,-0.02725154,0.050046206,0.0014284579,-0.007536359,0.05067683,-0.04987224,0.026061833,-0.038417246,0.07028336,-0.03884339,0.050784986,-0.010457605,0.06450649,0.062433507,0.02708294,-0.039027203,-0.042240843,-0.015949257,0.046160605,-0.009353385,0.059363727,0.055208795,0.04614545,0.022702796,0.048746195,0.032162257,0.020744983,0.06488789,0.06382765,0.041549344,0.07145881,-0.07364648,0.030538492,-0.03972026,-0.057748172,-0.012878757,0.060042016,0.060257424,0.047562685,-0.01684683,0.012690598,0.07497289,-0.019074695,0.04241743,-0.06310233
0.069093935,-0.03372438,0.018243222,0.047757782,0.0035976546,-0.0013757551,0.017385535,0.0031358572,-0.024356607,0.012019478,0.047136243,-0.068659306,-0.013909267,0.056890134,0.07356087,-0.015795343,-0.0110630635,-0.037053674,-0.004470724,-0.0051787794,0.045526214,-0.028723469,-0.066680364,0.051554985,0.030876832,0.015761172,-0.05802771,0.009308768,0.06924272,0.06398345,0.05179884,-0.051893946,0.026348285,-0.07136318,0.056521557,0.028321017,-0.014744267,-0.031290498,-0.04544016,0.05262798,-0.014322644,-0.0021473905,0.027582016,-0.00076986005,-0.034188233,0.06029204,-0.039045215
-0.023607248,0.035710048,0.033295967,0.0046854494,-0.0016125692,-0.014041105,-0.034813114,-0.06822148,-0.01430321,-0.030502494,0.051443145,-0.00017774571,-0.018729417,0.024483684,-0.073100045,0.002995184,0.01917963,0.01000828,-0.06552714,-0.04645484,0.04101431,0.0018220441,0.041028947,-0.07329909,0.03654927,-0.06077094,-0.067137666,-0.01922981,0.010845029,0.017544683,-0.021822667,-0.010910182,-0.0009570861,-0.06398582,-0.0032425686,-0.0021541056,-0.062419675,0.008066697,0.03794121,0.023024522,0.051140767,0.009720921,-0.026129782,-0.012609017,-0.01394942,-0.0048936177,-0.0033260516
-0.041108884,-0.094322115,-0.06518138,-0.08228863,-0.08407727,-0.0329266,-0.037318457,-0.007712985,-0.03936778,-0.041114196,0.017608777,-0.08587531,-0.005804719,0.025598988,0.0023475736,-0.08349995,-0.09683406,-0.010846655,-0.046352144,-0.06302987,0.01857332,0.053547565,-0.016542567,0.036263306,-0.038834274,-0.07772225,0.007849827,-0.0222941,-0.071205705,0.03842231,-0.07351495,-0.06588377,-0.07555189,-0.054561377,-0.06694806,-0.007657782,-0.086552255,-0.019694323,0.05321387,-0.082019046,0.0329938,-0.0756351,0.013115862,-0.054820266,0.01825396,-0.018941436,-0.037860677
0.056720123,0.056047287,0.051776137,0.036849037,0.063331276,0.012885717,0.078462474,0.025319528,0.06310155,0.023351394,0.060263116,0.06699364,0.04507152,0.050919425,0.05953162,0.06180058,-0.005631468,0.053529702,0.059391566,-0.033843715,0.0760665,0.039572984,0.06578174,0.07274164,0.013161852,0.0064598415,0.01803776,0.040731926,0.0652389,0.0022592603,0.06459053,0.050938066,0.040161762,0.010315545,-0.009136395,0.055762112,0.024886288,0.062042046,0.07191629,0.06562756,0.009211281,0.067880325,0.04599263,0.060848366,0.04584182,0.01863421,0.019552458
0.061539195,0.029342595,0.01807636,0.07667769,0.08065662,0.016509252,0.0087761255,0.05505679,0.04541893,-0.007045028,0.02821556,-0.008745253,0.020608805,0.03036007,0.036890317,0.08209022,0.048435282,-0.024191821,0.05875651,0.024949286,0.028580738,-0.03517478,0.010501058,-0.042295676,-0.028405773,0.04342619,0.0056698155,0.014730494,-0.007467314,-0.0027829108,0.0697919,0.05215652,0.049107794,0.0057768486,-0.023106385,0.02859748,0.05815459,0.03892291,-0.03734937,0.070702285,-0.0397641,0.04190588,0.08640323,-0.025349943,-0.00463129,-0.025423395,0.05081236
0.02094853,-0.015647193,-0.046760604,-0.050732274,0.02885046,-0.00069503335,0.03160488,-0.035520487,0.014330503,0.050543766,0.01630607,-0.057155594,0.007982118,9.8298035e-05,0.0038747427,0.005592287,0.017281402,-0.054061107,-0.032822434,0.010339744,0.022407144,-0.013139955,0.049467407,0.059552927,0.0008785766,-0.017828494,0.011435051,-0.0002953549,0.026226029,0.04152653,0.0049403305,0.0023357198,-0.03493822,0.0003433257,-0.05150405,0.025807526,-0.007350223,-0.022000998,0.003828729,-0.05356858,0.017343642,0.035678826,0.022223817,0.03616498,-0.038019437,0.024052883,0.01788342
0.03513978,0.06457453,0.05904865,0.03889521,0.04138133,0.057329345,0.026574519,0.047915574,0.08145233,0.045479894,0.06359133,0.061984852,0.05782351,0.06351485,0.06090011,0.063943736,0.065944836,0.03472306,0.05914353,0.04969408,0.06458847,0.06252893,0.063865684,0.054378726,0.07606202,0.05018538,0.07704524,0.06094152,0.046820804,0.07264528,0.060914155,0.061224304,0.04126931,0.063892424,0.0059460923,0.040411677,0.076461025,0.024801206,0.057632755,0.026546896,0.041953713,0.07552092,0.090666614,0.06273989,0.035770733,0.07031566,0.029920332
0.05708926,-0.012445949,0.025843417,-0.06340453,-0.02016927,-0.03505583,-0.0737843,0.035517205,-0.050246578,0.005764374,-0.07931591,0.05154763,-0.0041190395,0.071162805,-0.06561882,-0.05356594,-0.057857007,0.028975716,0.03838052,-0.021325273,-0.063885175,-0.07402906,-0.0074109915,0.010860996,0.07832,0.054689094,-0.040425435,-0.06342113,0.046112746,0.0622119,-0.025000028,0.05988357,-0.0025096065,0.06690158,-0.055062268,0.010403611,-0.08468252,0.010870923,-0.061633512,0.0537064,0.05087849,0.033651542,0.037839476,-0.020634899,0.06443128,0.023598079,-0.07258143
0.023263631,0.04821504,0.016706642,0.0032592176,0.023602225,0.07040364,0.043909993,-0.01525725,0.042204272,-0.020920934,0.06681237,0.019079229,-0.009798151,0.021959929,-0.03224588,0.018392574,0.090495884,-0.024683373,0.017016789,0.06251484,0.039821632,0.0072501786,0.0009090479,-0.047472604,0.079556525,0.040416345,0.046024952,0.002064269,-0.010215272,-0.017091665,0.05015204,-0.06109448,-0.019471405,-0.08233834,-0.013173706,0.053207107,0.027878772,-0.007953038,0.032358024,0.039076157,-0.011517902,-0.05662695,0.061224196,0.07029129,-0.045281626,0.015132242,0.0032116505
-0.05017592,0.031651143,-0.026903167,0.07476793,0.037030336,0.0017730879,0.049677756,0.022711681,-0.086278625,-0.009208706,0.00096031657,-0.028711127,-0.029962258,-0.023935046,-0.014631287,-0.012773703,0.065741405,-0.028663073,-0.021201663,0.0012291707,-0.03560356,-0.069280066,0.03506927,0.03764772,-0.01355838,0.050533198,0.04236317,-0.04145597,0.025781568,0.046033897,-0.046644624,-0.06378787,0.017757848,0.05896041,0.052104045,-0.066175275,0.07252624,0.020210963,0.07112456,0.042896938,-0.015476076,-0.046537597,-0.050680116,0.047036953,0.01824729,-0.03141688,-0.04591507
-0.054509953,0.04727778,0.07961218,0.039304174,-0.010851379,0.07612227,0.024471683,-0.001909041,0.032334153,-0.063861676,0.06853841,-0.004832941,-0.06736813,0.0689206,-0.06595486,0.016249204,0.059712347,-0.042335745,0.014275303,0.07927796,0.042662174,-0.019343391,0.008621364,-0.034430362,0.039734088,0.062094416,0.0061328583,0.007058957,0.0015091229,-0.04019024,-0.009509409,-0.068818726,-0.040509753,0.025015766,0.025461616,0.091378,0.031129612,-0.07687718,0.039133154,0.051009387,0.026123665,-0.045660768,0.060371708,0.06782355,0.059655253,-0.038145535,0.037150864
0.06496734,-0.017358731,-0.029885996,0.027619382,0.040359158,-0.027308634,-0.0449491,-0.0067168893,-0.019535523,-0.016412668,0.024107328,0.0313843,0.0016127661,0.02627642,-0.038360536,-0.014698757,-0.066974975,-0.023706084,0.009526004,0.0031954646,-0.04236603,0.038025785,0.03019014,0.040566098,-0.0077881487,0.01824489,-0.06773413,-0.02673801,-0.02907997,0.019422641,0.039383866,0.023773026,-0.025881238,-0.03192587,0.048228845,-0.073917605,0.011719785,-0.008484201,-0.049257595,0.053919725,0.0058050845,-0.010754236,-0.07621824,-0.0072461064,0.02788947,-0.019992149,0.020493004
-0.046087433,0.005827554,-0.016512332,-0.013916322,-0.03678882,0.01432254,-0.06622966,-0.02665646,-0.01662001,-0.012930157,-0.038237102,-0.044870805,-0.036637932,-0.052168548,-0.031510342,-0.037157502,-0.016807597,0.021854889,0.033378653,0.030638585,-0.08294293,-0.03579296,-0.07454498,-0.0783846,-0.014697396,-0.012260483,0.016359221,-0.05808502,0.012698538,0.019730818,-0.021448059,-0.050333973,-0.014182784,0.023717778,0.038303122,0.033993207,0.02536681,-0.04797482,0.0054700365,0.020805307,-0.08447277,-0.08153394,-0.050527345,-0.056466788,-0.0041865557,-0.052311875,0.080266535
0.06237382,0.014555784,-0.02282811,0.05757983,0.069855355,-0.030998146,-0.027168905,0.07157507,-0.020313907,0.038934782,0.053740773,0.031374387,0.063806124,0.030268164,0.04696363,0.057109173,-0.0324481,0.027645042,-0.008163882,-0.008500597,-0.054575313,0.050691087,0.08111365,0.005594184,0.07074876,0.055982955,0.058521643,0.0524988,0.0034193737,-0.03577511,0.063346684,0.018356131,-0.016302878,-0.06233089,0.015767341,-0.0097579565,-0.030614398,0.06444762,0.034436528,0.04057052,-0.004784648,0.026293945,0.051954273,0.048591487,0.02494074,-0.033030327,0.043524206
-0.039421644,-0.035560757,-0.049477793,-0.025667734,-0.048200116,-0.029277386,-0.07272816,-0.034680977,-0.068892546,-0.021928493,-0.04072123,-0.06445149,-0.060582105,-0.041436754,-0.057981234,-0.05689507,-0.02148118,-0.04070401,-0.056144595,-0.033210605,-0.0650246,-0.018047646,-0.070418805,-0.05624225,-0.030748172,-0.075925134,-0.02140083,-0.04116447,-0.028850703,-0.050646573,-0.05622367,-0.04405542,-0.06685339,-0.06616014,-0.06294735,-0.054312415,-0.018056707,-0.002433186,-0.06173767,-0.020139705,-0.07726476,-0.068465665,-0.06496428,-0.06191651,-0.00093033287,-0.04818632,-0.048897706
0.012417145,-0.024015244,0.0112494705,-0.05154725,-0.047453936,0.021347966,-0.030130055,-0.038997248,-0.015394693,-0.023193954,0.0445475,0.03420132,-0.0075045517,-0.052389804,-0.017620826,-0.060503952,0.029938783,-0.042326286,-0.041970678,-0.009244016,-0.0058711683,-0.024953183,-0.061190285,0.035530336,0.019664614,-0.05966737,-0.051511966,-0.036336213,-0.023656214,-0.028993791,-0.060902897,-0.018740222,-0.011357957,-0.020010406,-0.008492624,-0.05400091,-0.04164944,-0.042441,0.03751648,-0.053292356,-0.055783924,-0.010719363,-0.07373721,-0.056646418,-0.017522281,-0.015670858,-0.026129652
-0.057037584,0.04144159,-0.04748199,-0.030832265,0.07945958,-0.029555406,-0.03479848,-0.07244372,0.05250371,-0.05073212,-0.02679023,0.05088767,0.05713595,0.015693633,-0.060263027,-0.043207172,-0.011011802,0.019202441,-0.023572717,-0.02157175,-0.023356654,-0.060481135,-0.054231863,0.01014809,0.06277542,-0.0062585324,-0.030633379,0.011254899,0.050719053,-0.022082563,0.04785351,0.058320027,0.039150033,-0.031944934,0.016577234,-0.0006134346,-0.032807563,0.016038634,-0.04067286,0.056575578,-0.08507929,0.015707633,-0.036923476,-0.04618675,-0.02241325,-0.040073913,-0.047893703
0.05017536,0.018871248,-0.004030073,0.054351583,0.03712118,-0.025083287,-0.0288348,-0.014039019,0.031694707,-0.029931977,0.024897201,-0.052036203,-0.016658928,0.05055084,-0.035073552,0.054605257,-0.03397851,-0.009746867,0.065640844,-0.02866967,-0.039630026,0.03411877,0.0029870952,0.020881865,-0.074252054,-0.024483506,0.04931895,0.01002749,-0.0030022976,-0.056263532,0.019012595,0.010761063,-0.05474416,-0.08223497,-0.07729893,-0.06345623,-0.03376005,0.028921101,-0.04770261,0.0028426007,-0.020734463,-0.031889834,-0.036459867,0.0049781227,-0.017334666,-0.027415397,-0.021489229
-0.045079414,0.07802281,-0.00318708,-0.0030829422,0.028191283,0.07315549,-0.030268446,-0.0011498652,0.090458505,-0.0005441808,0.026578248,0.077435024,0.07310584,0.07042919,-0.0043703904,0.0021760382,0.09214545,-0.04733077,0.006090894,0.041618347,-0.043375693,0.017079208,0.055538513,0.068675056,0.052337047,0.041117236,0.028767232,0.056484297,0.0099377865,0.00476473,0.057296086,0.037697658,0.007976546,0.056495205,0.013094078,0.07489168,0.07080142,0.046498444,-0.015669007,-0.050682753,0.036569532,0.0402743,0.07271199,-0.020270582,0.03621864,0.030194985,0.044298295
-0.06793324,-0.0053177397,0.07315688,0.04443609,0.01635439,0.07047628,-0.006871669,0.004657266,0.02630818,0.052020658,0.0073394193,0.02917301,-0.0013412676,0.040182825,0.038722597,-0.012949816,0.021939756,0.07636183,-0.021353297,0.0692702,0.023411805,0.021464814,-0.030419566,0.04977649,0.07821464,0.051572774,0.019857682,-0.05220663,0.023246834,0.059156254,0.035574555,0.06483608,0.03979466,0.017899724,0.012454374,0.034727745,0.06843888,-0.06616711,0.04852134,0.05113428,0.054616075,-0.036549922,0.003912874,0.03061307,0.006676189,-0.034376156,0.0141409505
0.07236217,0.007116856,-0.037910208,0.0026872582,0.009948426,0.048015594,0.04528894,-0.043256044,0.028280849,0.03905962,-0.012086463,0.012669381,0.029529983,-0.010783402,0.040390614,0.005388086,-0.024602465,0.029987255,0.058510892,-0.03433342,-0.013783672,0.053939547,-0.04707995,-0.010124024,-0.061408773,-0.024247937,-0.030143863,0.0066798287,0.048953407,-0.032322586,-0.032066524,0.0627567,-0.025107848,0.06273465,-0.0034927076,0.030085878,0.005752034,0.051920712,-0.016065113,-0.03045488,-0.05342417,-0.014695757,-0.027365102,-0.05710129,0.0429296,-0.032429114,0.014967669
0.044506103,0.019670976,0.013087328,0.05719142,0.061736986,0.0102629475,0.023321306,0.03308499,0.01767107,0.036894508,-0.0389234,0.04363989,0.03239407,-0.028679583,0.014234017,0.05566405,-0.05124624,-0.021600382,0.0420279,0.020185817,0.048492588,0.054905124,0.024937876,0.028439483,0.039960723,0.064822294,-0.014097037,0.014352929,-0.008674879,0.05554946,0.042620316,-0.01635652,-0.011117174,0.008421298,0.03758442,-0.023011288,-0.018734373,0.0040265457,-0.011805433,0.06444746,0.011387765,0.03907068,0.06802725,-0.0366111,0.028772615,-0.05073741,0.017332727
0.0053901933,-0.023821319,0.019812947,-0.0019655921,0.010712365,0.013647071,0.057435304,0.026564894,0.00043085936,-0.01637673,0.07271974,-0.02535964,-0.020893956,-0.035989765,0.01257263,-0.012049217,-0.0024179593,-0.0119363945,0.04288356,0.044531062,0.060006227,-0.007720409,-0.0072260643,0.030240092,0.04308739,-0.0029003527,0.07816401,-0.021991417,0.049407467,0.05733026,0.058330595,0.0013363155,0.02000563,0.024452627,0.030811012,0.011307712,0.007651165,0.01467628,0.036034152,0.014929378,-0.043310903,-0.025116956,0.024230534,-0.026074652,-0.019001313,0.02703182,-0.019200634
0.047550526,0.054428175,0.024766855,-0.0030311267,0.04453568,-0.022772973,0.022282198,0.036395524,0.015000457,0.02660057,-0.036786217,-0.038499843,0.07754444,-0.05631157,0.007861606,-0.050396264,-0.031711638,-0.006330952,0.049213972,-0.069605246,-0.074602045,0.05939861,0.061278686,-0.05510755,-0.02767578,-0.045800854,0.015057078,-0.05526686,0.012421055,-0.071133345,0.02117593,-0.07073222,-0.014743797,-0.020266837,-0.03109991,0.06314279,0.01720617,-0.04665832,-0.04608476,0.06697298,0.011737772,0.0019866582,-0.01545454,0.05761275,-0.0025705423,0.037450254,-0.020665638
0.063198544,0.040215958,0.0021053888,0.030438788,0.059226166,-0.032331962,-0.018372525,0.032203216,-0.045532472,0.0679353,-0.0029645476,0.060160425,0.07869854,0.033046737,0.032369904,0.032500748,-0.0031709748,0.07794833,-0.02348219,-0.056860488,0.05704738,0.077692196,0.065418206,-0.0099475905,0.010394662,0.008209198,-0.019803034,0.008445046,0.073853366,0.071350135,0.050620005,-0.02818118,0.011226155,0.08271092,0.049043022,0.051257666,0.006930677,0.06648505,-0.0499194,0.020301927,0.06941275,0.08365939,0.0067842226,-0.000101050624,-0.051751185,0.045550212,0.027934708
-0.022047337,0.029871197,-0.026797034,0.0046398705,-0.00023835253,-0.030718002,0.07189228,0.0049734977,0.021175163,-0.0056759026,-0.041177955,0.025566597,-0.044035275,0.07195574,0.042208605,0.003715536,0.054954465,-0.045629267,-0.017992793,-0.04885651,0.04919292,0.043546695,0.040441897,-0.025665103,-0.005298021,0.020120855,-0.002296236,0.07846428,0.048959635,0.031898882,-0.06278151,-0.03569081,0.01063928,0.043661006,0.041529275,0.015642613,0.0133869285,-0.06230458,0.043008607,0.038642302,-0.02123145,-0.039291415,-0.064575166,0.031711124,0.01966718,-0.047208205,-0.027635587
0.065732025,-0.010068208,0.010926373,0.05285846,0.07431613,0.070328966,0.05626039,0.015451407,0.0045261774,-0.005982163,0.012007265,-0.018311769,0.049909078,-0.010773582,-0.02375909,0.061709527,-0.0067265467,0.05291491,-0.010037019,0.046045534,0.048118573,0.059175197,0.034478053,0.00070693035,0.06861525,-0.013653306,-0.063034,-0.005177586,-0.009535247,0.038162883,0.041062832,0.072295465,-0.037704382,-0.08257255,0.0031469269,0.0183395,-0.07142149,0.019293569,0.05860213,0.016505452,-0.025502848,0.0074800868,-0.063774,0.0024256688,-0.011323004,-0.02179739,0.031198174
-0.047239475,-0.044098705,-0.028308023,-0.047877166,-0.045716852,0.0011392146,-0.03753123,-0.051350653,0.05093727,0.032675985,0.07510615,0.016311236,0.027452795,-0.030953579,-0.0017871347,-0.049237266,-0.013063638,-0.032194737,0.063854106,0.03559712,-0.019330459,-0.028350795,0.03562815,-0.035644777,0.011186694,0.035490956,0.036085293,-0.0034760016,-0.02558145,0.012554542,0.05726765,-0.01652316,-0.0018291688,0.019689098,-0.0034660671,-0.0053541334,0.05867412,0.08122942,-0.021840509,-0.057617307,0.013917873,0.01360105,0.07382584,0.015870754,0.008879245,0.0050045066,-0.042470552
-0.06321113,0.01181844,0.06600783,0.02272968,-0.00043209808,-0.0048862123,0.046708908,0.013275206,-0.018636778,-0.072355814,0.029052991,-0.048507407,-0.06804764,0.02510993,-0.014638752,-0.013591546,-0.048126508,0.014188503,0.050499517,0.03194708,0.061896775,-0.02541882,-0.016893402,0.05325834,0.06528232,-0.06305614,-0.06650064,-0.011903063,0.05782921,0.052571464,-0.014209112,-0.017527374,0.04855296,-0.04603734,0.0069437316,0.0888627,0.015298539,0.03499173,-0.026130037,-0.03932713,-0.032764465,-0.03543992,-0.03887857,-0.051151242,0.0542797,-0.0022265213,-0.05936548
0.075487226,-0.04155216,-0.0010496496,0.06364325,-0.020907467,-0.018471997,0.050278228,0.081831984,-0.085385814,-0.03668804,0.021979133,-0.07393637,0.058813382,-0.011285047,-0.016084522,-0.007818527,-0.0040507396,0.08543819,-0.06501251,0.05044809,0.04188147,0.05908659,0.00089046214,-0.032475118,-0.0027028,0.011505604,-0.018751182,-0.0034916676,-0.015394445,-0.01003538,0.019085007,-0.043894384,-0.019309286,0.053624097,0.066288665,0.06952853,-0.013582984,-0.059651185,0.039377205,-0.036651887,0.0073656603,-0.07039288,-0.065813705,-0.042137068,-0.043650683,-0.022530401,0.0052232156
0.037301764,0.06488943,0.057838336,-0.0047391164,0.011070842,-0.0035859297,-0.066111214,0.070960104,-0.09066655,0.012555496,-0.07027521,0.0818216,-0.0044569317,-0.083179414,0.028372822,-0.014152305,0.033613145,0.053888854,-0.010488406,0.031467438,-0.052178416,0.059487287,0.04114217,-0.0759267,-0.06198769,0.0132788755,-0.061252017,-0.06287128,0.063720465,-0.06483959,-0.048415355,0.026042746,0.040946018,0.027927313,0.067793146,0.009422998,-0.0055091265,0.04398504,-0.054030318,0.0004316612,0.0033978603,0.04829035,-0.058506567,0.004398268,-0.0038484863,-0.021414848,0.040000737
0.03353742,-0.030441673,0.026428197,0.007158361,0.0010614257,-0.01820234,0.03334082,0.00907619,-0.00022571441,-0.05730187,0.0207909,0.07182256,0.015978403,-0.0071438034,0.023027064,0.040345285,-0.05343023,0.016438806,0.0108723175,-0.029638994,0.008553211,-0.060401443,-0.051606275,-0.053072236,0.041897446,0.0028661804,0.009018835,0.0048000417,0.05271071,-0.015916668,-0.029594611,0.030500876,-0.032198206,-0.016525937,-0.029546065,-0.007540056,0.019605068,0.080733635,0.0061559337,0.0036451176,-0.041910525,0.057876028,0.019758431,-0.046547964,-0.046721973,-0.02864001,0.017175322
0.058184706,-0.03682188,-0.01000885,-0.014557604,-0.0060067475,-0.019601338,0.047236346,0.037774377,0.042163286,0.06708837,-0.050260384,0.07782681,0.031931203,0.009479246,-0.025790324,-0.04012149,-0.032620914,-0.02393001,-0.037092924,0.05690333,-0.009512199,0.045611992,0.04804933,0.062920816,0.028256817,0.032461476,0.07595112,0.01169259,-0.026196742,0.040050335,0.0009205909,-0.028843442,-0.034776565,0.030370899,-0.00043501632,-0.07252799,0.015920456,0.05882451,0.06349796,-0.071168095,0.03316665,0.052708846,-0.017188925,-0.056490447,-0.071231924,0.026352506,0.071567684
-0.044067714,0.00538795,0.04123433,-0.011921889,0.017848903,0.05663365,-0.012834554,0.056739323,0.04374804,0.017479992,0.050598316,0.021989707,0.009902718,0.032612834,0.03243932,0.0022386925,0.011225478,0.038299717,0.038649324,0.060576025,-0.029860254,0.04261481,0.0314089,0.050984286,0.077735625,0.010655566,0.0410007,-0.0019707726,-0.0026781694,0.07258464,-0.0015392405,0.044598203,0.03968545,0.06151883,0.03075453,0.020755632,-0.040129922,0.03948502,0.05024367,0.008533325,0.059262186,0.07273932,-0.06766224,0.053862773,0.028707566,0.07671607,0.048571024
0.06426372,0.008677735,-0.013055206,0.024572382,-0.038582377,0.0090977345,-0.018752417,0.053968012,0.04302663,0.027274283,0.04135752,-0.00011430452,0.035802014,-0.059608195,0.018264957,-0.00046348237,0.01721763,0.03254376,-0.00029526462,-0.021215852,-0.0026305027,0.030567922,0.06354383,0.060344424,0.014573668,0.037708953,0.07691976,0.038984217,-0.03789721,-0.027864687,-0.015825555,0.015234067,0.022915142,0.014385347,0.031011757,-0.00793842,0.043372273,-0.0026153368,-0.015809137,-0.023481589,0.041760683,0.025634943,0.087381676,0.048471265,-0.013875022,-0.0043088873,0.0087555805
0.04468361,0.028185377,0.017829318,0.0040077553,-0.009655906,0.032133546,-0.022501197,0.031092856,-0.0435749,0.032751493,0.03406705,-0.0082029225,0.061308872,-0.001349183,0.03426999,0.0412489,0.076272674,-0.04955464,-0.067049086,-0.04560845,0.010448285,0.058737297,-0.06337135,0.061908368,-0.044695932,0.013507395,-0.048077177,0.006294189,0.077711426,-0.07530312,-0.03745689,0.039643228,0.0029725784,-0.034218676,0.03782958,0.033399045,0.013197847,0.05604035,0.053094357,-0.005634323,0.041205,0.039165586,0.007206363,-0.036091223,0.06157617,0.019619947,-0.045806527
0.033043854,0.01152592,-0.027092837,-0.052791756,-0.051062193,-0.023260849,0.0119002685,-0.056864332,-0.0014705312,-0.030870583,0.058982402,-0.03750247,-0.065670095,-0.05446793,-0.06048366,-0.06474715,-0.082353786,-0.024316307,-0.027609684,-0.011690519,-0.048878156,-0.0082720015,0.050191347,-0.025555069,0.0021869666,-0.006688462,-0.017634034,-0.014325822,-0.0017507045,0.018289909,-0.0047429334,-0.027269665,0.014186598,-0.03594267,0.024577416,-0.01761204,-0.025409585,-0.051660687,0.047599964,-0.00021447921,-0.017679427,-0.050388016,-0.010726137,0.046343308,0.03424913,0.02525964,-0.03014225
-0.011246881,-0.02609855,-0.016535731,-0.018074326,-0.0037433356,-0.038297024,-0.051006477,-0.05354697,-0.0061632255,-0.07369479,0.007948247,-0.025776748,-0.064819925,-0.06515449,-0.0390335,0.04737433,-0.049097043,-0.027783817,-0.024282679,-0.013178936,-0.036170512,-0.08005336,0.011324751,-0.030621776,-0.052621856,-0.044220366,-0.048865817,-0.051385954,-0.05011572,0.055944465,0.011462526,0.02325379,0.01367726,-0.05937751,-0.028493002,-0.043251466,-0.05006318,-0.009993518,-0.021760758,-0.0062276935,-0.063745305,-0.045516245,0.0070627155,0.005256334,-0.048719116,-0.016883459,-0.0034424006
0.032513678,0.07003996,0.04708512,0.036097605,0.058214482,0.036606602,0.05421513,0.06554277,0.073856845,0.030686803,0.03123346,0.0643843,0.065478094,0.07127742,0.05209121,0.07001084,0.031159813,0.06746274,0.04726706,0.061093394,0.034417346,-0.019479088,0.045392934,-0.035203017,0.040477857,0.017881768,0.024200525,0.022288634,0.030838858,-0.022411363,0.047809698,0.058502823,0.072633415,0.061087273,-0.007760507,0.031636205,0.072443776,0.049070813,0.06625231,0.055665176,0.00950317,0.07481997,0.07972685,0.04851339,0.042461257,0.04945927,0.06182643
-0.06737486,-0.013484903,-0.037205797,8.640072e-05,-0.00014191002,-0.011790099,-0.0028217244,-0.06122973,0.032459,-0.005860284,0.034762938,-0.049292427,0.039651327,-0.06682896,-0.03063649,0.018460505,0.018200204,-0.08193174,-0.050152477,0.016723868,-0.055137455,-0.041352868,-0.041952472,-0.03070435,0.0050914097,-0.03959227,-0.008174978,-0.024042627,-0.057285503,-0.05662679,-0.04519236,-0.004041565,-0.06527923,-0.08014717,-0.035944164,-0.0024080907,-0.053372666,-0.052599855,-0.013363211,0.01849511,-0.032400817,0.010008425,0.01419983,-0.059274063,-0.060925864,-0.034220133,-0.07442205
0.04755072,0.060795985,0.068578884,0.041420266,0.037063025,0.032553665,0.025142377,-0.00246215,0.070713475,0.046553183,0.04359869,0.04267611,0.041086532,0.055197753,0.03615811,0.04401873,0.0702036,0.054288793,-0.0057953787,0.04014318,-0.0018381085,0.012549488,-0.007387135,0.024871254,-0.009276362,-0.03789939,-0.03457067,0.04226306,0.029196426,0.05448615,0.060058124,0.06500176,0.07172146,0.05770082,0.05693617,0.032212447,0.041468702,-0.059900448,0.029534874,0.029994557,0.04425314,0.07113955,-0.06068266,0.036480546,0.060981043,0.053490836,0.04774033
-0.031862468,-0.06961439,-0.0033660913,0.0062634135,-0.0007786889,-0.00490235,0.0687125,-0.019481989,-0.016814457,0.001988057,0.015971756,0.026009979,-0.02350879,-0.0358599,0.020445094,0.0099566765,0.005579287,-0.028903304,-0.0052883374,0.06481147,0.04582467,0.012652512,0.073046945,-0.051518492,0.02961885,0.015076534,-0.0033402685,-0.002950494,-0.038642358,0.06378404,-0.014553037,-0.019904219,0.015804049,-0.036537986,0.039246526,0.038303163,-0.03181118,-0.054575533,0.064283,0.028351225,-0.012281174,-0.042020716,0.06856453,0.040177327,0.013231761,0.02952966,-0.030480355
-0.0102143595,0.06201748,0.024560219,0.0061889477,0.0054176175,0.0059096185,-0.025841959,0.030566974,0.019745996,0.0002114713,-0.03674918,0.062185884,0.065775365,0.031379197,0.06674624,0.054338872,0.0070827575,-0.0077130185,-0.052703664,-0.021428764,-0.022167768,-0.0072738095,-0.020777151,0.022933785,-0.03437371,0.07272986,0.011209026,0.07239632,0.04302987,-0.055005435,-0.014858182,0.0066952733,0.0063191596,0.045545667,-0.0036687443,-0.0056899544,0.041939564,0.0072207158,0.010832648,-0.0658129,-0.07651021,0.0060974425,0.017719625,0.03994957,0.02066416,-0.0035654714,0.021067861
0.05113629,0.037791137,0.027331155,-0.01785477,0.047217917,0.057734925,-0.012086175,-0.008378916,0.012911002,-0.035831973,-0.04355021,0.021204706,0.010509183,0.08736375,-0.038643233,0.0664719,0.0029237408,0.015728796,0.012378732,-0.039709806,0.0028624076,0.029136922,-0.029926233,0.039222788,0.00971025,0.0009917964,-0.0042170095,0.024274975,-0.045226205,0.059919745,-0.041371766,-0.0580669,0.01669933,-0.020372782,-0.022436272,-0.033766203,0.03118344,-0.024577474,-0.05532898,0.026437333,0.053459115,-0.0587422,0.062021635,0.014270097,0.03651297,0.065198,-0.010534078
-0.018199157,-0.07420979,-0.030716311,-0.05272353,-0.034626387,-0.04034668,-0.04251953,-0.06385392,-0.03791796,-0.03175414,-0.024531864,-0.036423914,-0.051340602,-0.063238725,0.00057307957,-0.064987585,-0.015628524,-0.067779735,-0.041761342,-0.022092959,0.011508705,0.0018923768,-0.017798992,-0.022077452,-0.04775124,-0.037069406,-0.07426508,-0.02606185,-0.02067148,-0.010285866,-0.024526756,-0.018344447,-0.015074046,-0.061522283,0.040195312,-0.072698124,-0.049412463,-0.052242313,-0.019201858,-0.023916684,-0.08648157,-0.05894682,-0.043347158,-0.0680556,-0.018829433,-0.05443394,-0.040523306
-0.06663385,-0.027872603,-0.030120501,-0.07082876,-0.07505528,0.0024955114,-0.061653756,-0.0026642873,-0.071455464,-0.06152369,-0.06500719,-0.0536298,-0.04625591,-0.06808494,-0.0642246,-0.07570148,0.0040352657,-0.032429326,0.014978614,-0.06727812,-0.04212805,-0.049856413,-0.06002547,-0.061984412,-0.013141469,-0.0859364,-0.063381925,-0.06960846,-0.00045118344,-0.054877415,-0.0681385,-0.003912192,-0.061718233,0.0007350993,-0.071193844,0.029038256,0.050909363,-0.020355606,-0.0037648224,-0.03309732,-0.028498208,-0.070709355,0.017575832,-0.06453905,-0.04197247,-0.06316658,-0.034720767
0.04874594,0.046583667,0.08276215,0.07040277,0.061131362,0.04200979,0.07112087,0.04945633,0.028094513,0.071142286,0.015054055,0.0029368943,-0.011582175,-0.035566915,0.06914773,0.020886034,0.027214484,0.03252157,0.059128065,0.009578688,0.059640035,0.07116745,0.034194853,-0.06402846,-0.071101665,0.09122725,-0.0012953541,0.024771908,0.08618836,-0.070937045,0.060776263,-0.047393423,0.033217646,0.022149134,0.055812407,0.039508507,0.051487118,0.061659753,0.03705662,0.028334485,0.050231412,0.028023468,0.00795643,0.047849163,0.027200343,0.014126855,0.050174337
-0.055634394,-0.088079534,-0.07825579,-0.06310708,-0.058316562,-0.043338668,0.019001607,0.06441081,0.01210512,0.05707473,0.007957762,-0.045622393,0.044913955,-0.07785528,0.0762641,-0.06255823,-0.016982455,0.017202634,-0.007095061,0.036310397,-0.0018032118,-0.049309313,-0.05843487,0.0027982118,-0.07760711,0.08170494,-0.027807778,-0.070087634,0.07076028,-0.033039946,-0.042171687,0.04850984,0.047389824,-0.0192643,-0.07514861,-0.02018141,0.023082621,0.021248208,0.05611298,-0.0554765,-0.03369657,0.0420356,-0.08398121,-0.08211495,-0.07182365,-0.038360335,-0.06039365
0.056516483,-0.021190895,0.031826776,-0.047077585,-0.00044646507,0.010169667,0.0124873,0.06407688,0.020248402,-0.010037554,-0.039714105,-0.02075297,-0.009129919,0.0624029,0.06013717,0.023313547,0.018312616,0.07020846,0.033912808,0.051419936,0.052367013,0.055485673,0.022210358,0.07019079,-0.009432087,0.08767,0.05408112,0.048781503,0.029149115,0.068018645,0.0405504,0.052572936,0.048405845,-0.009929022,-0.005354616,0.028470207,-0.031059094,0.06708007,0.065400966,-0.033198986,0.046616305,0.023812314,0.04786197,0.025290083,0.04828074,0.07338536,0.060294833
0.04124633,-0.027944572,-0.07232519,-0.065611675,-0.0375601,-0.021883866,0.034026045,-0.071604304,-0.025526645,0.06372237,-0.07189124,0.04790893,0.031739287,0.066134416,-0.008507883,-0.031672757,-0.01060198,-0.009003555,-0.019187333,-0.020882722,-0.03794563,-0.071336746,0.0067168125,-0.04283902,-0.05376293,-0.044045035,0.020117426,0.00867188,-0.04788129,-0.0098851165,-0.038274486,-0.01859175,0.004014839,-0.009348541,-0.051138572,0.0081515275,-0.014786595,0.07991086,0.043938097,-0.04959184,-0.023520293,-0.010273374,-0.005810774,-0.029827366,0.011426007,0.033565708,-0.018921532
-0.04322631,0.002453439,0.076444775,0.0017359998,-0.009257389,-0.026282303,0.07121821,0.060017277,0.028255437,-0.052399687,-0.0132173095,0.07050079,8.119853e-05,-0.050728817,-0.050119713,0.025781535,0.001532214,0.013607268,0.004677728,0.011719872,0.037563566,-0.04555591,0.06659952,-0.07008742,-0.03814717,0.021455612,-0.011034103,-0.008183184,-0.066340566,0.048358962,-0.07174137,0.008012866,-0.016002841,-0.015602366,0.024545832,-0.037895605,0.05289491,0.028873278,0.03730087,0.038885567,-0.02927023,-0.0669389,-0.028008683,-0.034677334,0.036344875,-0.056686006,-0.074295186
-0.049545407,0.06951687,0.024077443,0.038277186,0.049070407,0.041724052,-0.030863103,0.042848796,0.035172496,0.070547506,0.05684485,0.010810296,-0.036772788,-0.021227442,-0.00090293074,0.051468946,-0.0049077906,-0.023395285,0.040473353,0.078168556,0.045327798,0.036066044,0.01571171,0.058876377,-0.006377911,0.023581922,-0.034035463,-0.0035022441,-0.033018686,-0.025336431,0.06101316,-0.016845483,0.006195338,-0.030214144,-0.01495017,-0.07116102,-0.017082963,0.04130683,-0.050132334,0.07549272,0.009286511,0.07917213,0.04728312,0.04842834,0.015185284,-0.016923444,0.02703619
-0.037411887,0.04642014,0.06369682,0.05291363,0.048866987,0.060139213,-0.03262521,0.083518006,0.06300937,-0.0009829811,0.0767554,0.052837197,-0.013676754,-0.026936764,-0.0028850148,0.07653845,0.0029615609,0.05006732,0.05660239,0.05407281,0.028879577,0.025715455,-0.026152568,0.00015397788,0.08055809,0.08506903,0.047074676,0.0061866855,0.00024178832,0.034507275,0.04968701,0.04154835,0.023077952,0.08619971,-0.014251098,0.015750352,0.055329397,0.053948488,-0.054602806,-0.032744914,0.020155432,0.04010757,0.078841604,-0.07226354,0.07822569,0.07377956,0.07077853
-0.045854867,0.035796378,-0.00474432,-0.02545605,-0.006188521,-0.018295983,0.032466542,0.027535068,-0.021770105,-0.07120699,0.033757247,0.039429862,0.06181446,0.022382408,-0.013725477,0.029126558,0.057772316,-0.028485727,0.010124058,-0.0026823587,-0.0026254654,-0.034217983,-0.019893048,-0.04870593,-0.007302832,0.0041869036,0.012115303,-0.0020887444,-0.04296974,-0.029146487,0.0123278815,0.019119255,-0.0019051267,-0.010398544,0.047033083,-0.060459837,0.048667226,0.02551277,0.022236321,-0.01217193,-0.011184409,0.0106607275,0.006875219,0.0070115104,-0.007853935,-0.018020015,-0.022143034
-0.023411864,0.0016449001,-0.028726874,0.041828055,0.06751008,0.080026776,0.03641313,-0.07072854,-0.0018644505,0.046113648,0.055589836,-0.038901746,-0.03652115,-0.015612352,-0.04159663,0.031684984,-0.04011318,-0.07230513,-0.011225027,0.034945566,-0.040924955,0.07879544,-0.020190774,0.015313745,-0.0140629485,-0.0559077,-0.012209269,0.07477222,-0.035334975,-0.06242513,0.032229066,-0.05951536,-0.013181149,0.014239502,0.04114103,-0.051634893,-0.08377013,0.0011441715,0.042661693,-0.0029734075,-0.0013501869,0.055121146,-0.06995522,-0.033116885,0.05587526,-0.019648178,-0.035692144
-0.018968347,-0.02457595,-0.06799267,-0.020175576,0.025902204,-0.07750513,-0.033282552,-0.07727129,-0.0333213,-0.010102435,-0.049304646,-0.08331069,0.051088057,-0.0708754,0.029566515,0.030971384,0.0201988,-0.06177903,0.016665561,-0.055275075,-0.049684476,-0.07931237,-0.03829529,-0.058387138,-0.074048325,-0.036226775,-0.050426055,-0.07848331,-0.016382588,-0.06603659,-0.050112765,0.055861373,0.0724486,-0.06967048,-0.040578816,-0.071345165,-0.023376977,0.008632219,-0.011545627,-0.020993734,-0.054274384,-0.06859437,-0.055368237,0.028591314,-0.06422367,-0.04983601,-0.020595847
0.0472107,0.06339287,0.018726954,0.029781377,0.065766595,0.042729754,0.04787788,0.072565004,0.059885778,0.062256474,0.070935294,0.08504308,0.077282146,-0.0051515005,-0.010354984,0.03133611,0.06580632,0.09253918,0.033508245,0.04117556,0.0030180234,0.06716096,0.07855913,0.05348505,0.07064523,0.018718302,0.03252609,-0.02800825,-0.0013651242,-0.037300076,0.03454489,0.06997757,-0.025269486,0.08552906,0.086746514,0.0691547,0.01887802,0.056299694,0.07221378,0.021118326,0.042333636,0.050965324,-0.03018229,0.029817976,0.07443918,-0.022074247,0.07658585
-0.037164353,0.0052882857,0.05508741,-0.010110171,-0.0017383941,-0.0023553125,-0.006364842,0.06798147,0.017761702,-0.016698496,0.04865372,0.044954553,0.02681651,-0.01693393,0.028208802,0.015131262,0.068845265,-0.008165666,0.0218036,0.057627734,0.05793543,0.044164963,0.039775424,0.011743101,0.07508237,0.044346504,0.055555798,0.055601813,0.04509838,0.039443433,0.0031060183,0.0034100425,0.05120271,-0.04716519,0.026999192,0.07482761,0.0070627285,0.03316276,0.005631317,0.025611762,0.008235999,-0.013118987,0.10125909,0.015999574,0.00021621645,0.03494981,0.02023405
-0.0027068509,-0.06040526,-0.06380802,0.011821029,-0.027717905,-0.08334944,-0.07956717,-0.035676297,-0.09109994,-0.0033743458,-0.042635437,0.003827256,-0.029792098,-0.032256495,-0.019552525,0.029475715,-0.08922581,-0.059884526,-0.07566197,-0.06194831,-0.08418225,-0.0719276,-0.0044016913,-0.059907183,-0.08046708,0.032124117,0.025328279,0.061130103,-0.0694389,-0.07723617,-0.07662738,-0.054405354,-0.07489598,-0.08615369,-0.07755174,-0.089911126,-0.08511431,-0.01689557,-0.078084484,-0.08071697,-0.093507715,-0.0550451,-0.027534729,-0.016213903,-0.04946065,-0.07294667,-0.052394655
0.023395862,-0.009002551,0.07440911,0.08206675,-0.024630519,-0.017917937,0.02082374,0.057091303,-0.03769967,0.009733509,0.0062514036,-0.060051613,0.053978726,0.0386908,0.07747961,-0.0014188816,0.013040557,0.03958543,-0.01837834,0.036662538,0.005195448,0.022246504,-0.047834426,-0.009690241,-0.0017824011,-0.022961468,0.027348325,-0.043684956,0.061066415,-0.057890102,0.07276293,-0.041083314,0.01582272,0.084399946,0.016767908,0.024259796,0.08061899,0.041280914,-0.04237522,-0.017597076,-0.020033235,0.0011526957,-0.02573353,-0.009459049,-0.07165336,-0.030268598,0.06446788
0.011503715,-0.07180433,-0.03614983,-0.055267595,-0.058330067,-0.058160238,-0.0345174,-0.042215347,-0.07713059,-0.0375251,-0.022626696,-0.07883181,-0.070309795,-0.06902146,-0.006398296,-0.021973463,-0.050722778,-0.046885557,-0.0033656745,-0.042032678,0.008555907,-0.07519337,-0.07414956,-0.06235623,-0.077488415,-0.065297015,-0.072167546,-0.06649879,-0.016275283,0.011401491,-0.04543959,-0.034755025,-0.021528518,-0.021764787,-0.057160027,-0.04381879,-0.041513726,-0.021407822,-0.056828313,-0.031798784,-0.017601725,-0.046468735,-0.052762374,-0.07273517,-0.06251285,-0.05514695,0.005650827
-0.035481747,0.060999967,0.060358495,0.006057028,-0.018974165,0.030645275,0.010824873,0.04381219,0.032401867,-0.039615545,-0.02593837,0.07575965,0.061909318,0.056425996,0.02153867,-0.006743099,0.039542712,0.030084888,-0.05623099,0.05904865,0.02853879,0.05024686,0.028383616,0.0666683,-0.011693371,0.08507269,0.03955535,0.0497942,0.04772187,0.02250584,0.028087396,-0.02690758,-0.031827886,0.060798183,0.07205416,0.03149663,0.039578162,0.047697853,0.017805697,0.031564914,0.058671426,0.0043221326,0.04324312,0.0719259,0.0425192,0.018633656,0.029442197
-0.035011612,0.07034113,0.045856044,0.016351394,0.045227315,0.04983712,0.065314315,0.030698838,0.021885002,0.06405759,-0.0091810245,0.035080872,0.047012396,0.031826317,0.046106398,0.038149644,0.068353906,0.048508413,0.06327107,0.045066863,0.017445577,0.048167944,0.004385375,0.057139557,0.024523268,-0.01588,-0.034724098,0.02441702,0.054774053,0.0046238187,0.043926764,0.05629925,0.046298254,0.047949933,0.053824376,0.05097679,0.048112735,0.03488182,0.018945543,0.043865617,0.054010935,0.022881437,-0.03320026,0.024496814,0.07233092,0.006827656,0.054673035
0.0649356,0.08641891,0.07755644,0.058827635,0.06624259,0.07474109,-0.05184146,0.068747796,0.06809024,-0.07512388,0.03173146,-0.058150757,0.040236853,0.05736323,0.055552565,0.063596405,0.046485573,-0.04897037,0.027774997,0.028726041,-0.042001605,0.06041127,0.037199717,0.08159389,-0.038528256,-0.02319772,0.020294523,0.06237914,-0.03610784,-0.019270761,-0.013565787,-0.076572135,-0.08361273,-0.06447967,0.017605726,0.05808933,0.03448041,0.01517835,0.034703564,0.06753751,-0.017444536,0.024316631,-0.04563914,-0.046956085,0.005581384,-0.013071467,0.04397548
-0.009531661,-0.03513992,-0.07001595,-0.020322658,-0.0075059514,0.002016915,-0.075329326,-0.015768604,-0.01943915,-0.0021109239,-0.010862424,0.030730989,-0.004365404,0.014825076,0.018959172,0.030365251,0.017639397,-0.045112163,-0.03074317,0.036722858,-0.05758684,-0.056779005,-0.086090416,-0.026428418,-0.053366896,0.041933883,-0.06323498,0.0236239,-0.04693124,-0.028280035,0.04201319,0.031838983,-0.017500248,-0.04694621,-0.037430752,-0.028497888,0.031590417,-0.010087994,-0.064073965,0.022116752,-0.05606693,0.03874342,-0.01543459,-0.08231572,-0.062968574,0.027894568,0.004206978
0.019988408,-0.062737204,-0.042749453,-0.030691637,-0.0174368,-0.062147986,0.017591929,-0.03784126,-0.00030092138,-0.05011136,-0.050472293,-0.041172937,-0.057560865,-0.057189826,-0.05698722,-0.034133077,-0.07160826,-0.05290763,-0.06370754,-0.0524853,-0.00450916,-0.06954883,0.040599123,-0.06615519,-0.03995828,0.03643133,-0.035853647,-0.027053973,-0.039761808,-0.02046168,-0.063949555,-0.031108495,0.026442088,-0.026895082,-0.014609697,-0.07259419,-0.033864256,-0.009055746,-0.015609083,-0.04039991,-0.038035575,-0.02538372,0.005139621,0.010823041,-0.054064836,-0.021923257,-0.061315022
0.021245323,-0.033404835,0.031794902,-0.058378566,-0.030752027,0.009022456,0.057944342,0.015810821,0.036081124,0.020593653,0.011438594,0.045483306,0.07425574,0.034556936,0.0042766933,-0.059974838,0.039562114,0.01988583,0.021434702,0.05810969,-0.044492878,-0.06824902,0.024724603,-0.03868337,-0.053559612,-0.043270804,-0.019571342,-0.048601028,0.07299944,-0.06530516,-0.05750651,0.023321692,0.060568113,0.06325965,0.043099675,0.079304606,0.07454512,0.032822505,0.018816784,0.03335784,0.020104138,-0.03858565,0.002819678,-0.0032433043,0.043785762,-0.01212575,0.024746358
-0.022561718,-0.010289937,0.04712846,0.04891746,0.020959005,-0.068341315,0.04680718,0.053307537,0.056741703,-0.08238377,0.051620975,0.024604708,-0.029885517,0.06866957,-0.08084707,-0.03617153,-0.021664025,7.015097e-05,0.053511932,0.0060800966,0.03595502,-0.016702084,0.06264659,0.036703147,0.062122565,-0.0031550713,0.05678444,-0.038210765,0.0036961923,0.010236356,-0.021847507,0.023835165,0.018955618,0.048910916,0.00094812544,0.058881927,-0.039256815,-0.040172394,0.018133475,-0.0282565,-0.031560324,-0.04468455,-0.0122214975,0.047251288,0.050333027,-0.05280477,0.062020507
0.04712356,0.06980481,0.045496475,0.046873484,0.057516817,-0.02069761,-0.0141193485,0.07457027,0.021384196,0.05171927,-0.074132964,0.053622756,0.04488978,0.02961342,0.076165125,0.060659397,0.037486516,-0.049488395,0.0075913817,0.0057225004,0.019553373,0.04138281,0.04721824,0.0768677,0.04011831,-0.017704092,-0.052072264,0.08410029,0.016442383,0.047831908,0.053726442,0.0029151887,0.046344757,0.035206657,0.004131314,0.03831258,-0.04221239,0.016620332,-0.047121067,0.060677648,-0.0050929855,0.020844229,-0.07581111,-0.03835277,0.07519611,0.042347256,0.021906983
0.037286308,-0.017730646,-0.038699552,-0.013665384,-0.0044771438,-0.05265121,0.003643239,-0.014879433,-0.024267035,-0.048118338,-0.0054186257,-0.055737197,-0.06042788,0.026360283,-0.07015254,-0.020107826,0.0038171136,-0.0498113,-0.051023073,0.021071233,-0.02642057,-0.05381738,0.0135832,0.018825775,-0.023523482,-0.010691452,0.012144523,-0.01714006,-0.02063964,0.034839895,-0.02859541,-0.071064204,-0.042447854,-0.062515706,-0.015922617,-0.06147336,-0.026166828,0.031275433,-0.040578622,-0.045389533,-0.053633884,-0.07027663,-0.083612,-0.03654199,-0.021091085,0.00067540555,-0.06680367
-0.07571986,0.04154025,0.049842585,-0.018723655,0.026577458,0.060096055,0.051613316,0.0391984,0.04939212,-0.0787496,0.010845719,-0.04872583,-0.03268584,0.03159731,-0.063677356,-0.03045838,0.05253951,-0.027897665,-0.013337125,0.05975312,0.035904925,0.066414796,0.029544106,0.023818143,0.060879704,-0.029637314,-0.012778397,-0.022101196,0.022593798,0.059037358,-0.014836155,0.06972648,0.07071224,0.035000138,0.029170696,0.068446934,0.01403243,-0.057557344,0.0629646,0.04507489,-0.046145003,-0.08034787,0.014436968,-0.023144975,-0.030293707,0.044504374,0.038426343
0.023239108,-0.0014704196,-0.032762025,-0.024600111,-0.028872905,-0.0719947,-0.034307647,-0.029377114,0.008377416,-0.046689037,-0.044698127,-0.0772733,-0.043262504,-0.0064972,-0.022406006,0.019003889,-0.07302527,0.021120865,-0.04737581,-0.07122567,-0.052408595,-0.04203625,-0.021002231,0.009047023,-0.047190316,-0.04073166,-0.035251684,0.02817266,0.014701818,-0.030534716,0.06961892,-0.029927542,-0.014106403,-0.018642604,-0.03758629,-0.015868,-0.068951994,0.05208226,-0.034766745,-0.040969484,-0.0300874,-0.033283837,-0.035161864,-0.059590265,-0.06077506,-0.07324136,0.005352338
0.074134685,0.005950518,-0.0069436766,0.046591923,0.03829841,0.059207533,0.012343929,0.010200743,-0.019400023,-0.014969981,-0.019015219,-0.024331741,0.020869847,-0.0009988346,-0.039854288,0.04074314,-0.051233,0.002720846,0.06421515,0.009847826,0.015572443,0.024705395,-0.0086925505,-0.008185227,0.06162136,-0.012013407,0.047310732,0.020062499,0.022077918,0.015837329,0.0015751987,-0.020885568,-0.003439077,0.014293232,-0.01877629,0.009238098,0.011058404,-0.06449332,-0.028832668,0.01764484,-0.013437737,-0.02753119,-0.019164342,0.0041632657,0.06265603,0.04243506,0.056275968
-0.001312694,0.024292363,0.011848487,0.059608288,0.049900472,0.014349325,0.0024724072,0.059816737,0.00993901,-0.006825802,-0.056720253,0.04125956,0.04679056,0.02625774,0.011438867,0.044156287,0.04436505,-0.010347722,0.05952086,0.0066417237,0.008408936,0.062809065,0.03491567,-0.0027105901,0.010241913,-0.024752846,0.02009655,0.03116128,-0.008467268,0.020640464,0.013716744,-0.049705073,0.0062418533,0.0117188515,0.067833506,0.025679989,0.023808055,0.010587309,0.013923906,0.03702861,0.06303562,-0.016828548,0.010226268,0.0071906373,0.040874775,-0.011500469,0.04953866
-0.056094803,0.027730482,-0.018528944,-0.0149565395,0.015576444,0.03828923,-0.004166875,0.010513371,0.017568309,-0.04610195,-0.06517987,-0.0066024233,-0.052688934,0.039231453,0.008797884,-0.04293886,0.048975244,-0.007874721,0.023713574,-0.050628103,0.020429287,-0.0118670985,0.017785063,-0.017382348,-0.011624461,-0.04686087,-0.04470059,0.03448601,-0.023830438,-0.056535494,-0.066617556,0.03459111,0.06264064,0.00653097,0.014519196,-0.059754062,-0.010279354,-0.013282888,0.011935642,0.053571727,-0.014018508,-0.0074500307,-0.0099811405,0.031059455,-0.019754186,0.0682203,0.008405076
-0.057902377,0.04233975,-0.002737209,0.0065252525,0.039056886,0.01466512,-0.053129904,0.005669485,0.03148832,0.028212981,0.010728317,0.023089556,0.029980013,0.036161624,0.04168018,0.034327835,0.0019242757,-0.0012452088,0.041483205,-0.0012844425,-0.0036501426,0.025450949,-0.019366058,0.04941253,-0.050458737,0.043525122,-0.021399941,0.054863017,-0.05607894,0.041498307,0.03958238,0.03747966,0.012731187,-0.0015127261,0.018308863,-0.0089874035,0.054069642,-0.003267853,-0.012024902,0.054011416,0.032904375,0.040742412,-0.021266472,0.015056316,0.04102873,0.033897333,0.012219348
-0.008266915,-0.013475736,-0.030168436,-0.06695005,-0.047564693,-0.030599449,-0.06316501,-0.024530184,-0.070713334,-0.0497224,-0.049368523,0.02763044,0.0105162505,0.009952332,-0.041370176,-0.06046237,-0.0854706,-0.007753163,-0.007545092,-0.06347384,-0.054849144,-0.027237114,-0.042612307,-0.018530292,-0.058465358,-0.010204249,-0.04625809,0.0011552259,-0.033394296,-0.05122802,-0.024396446,-0.019193145,-0.06362051,-0.049397692,-0.049428742,-0.046397112,-0.042069163,0.0012513157,-0.07874041,-0.018306937,-0.040190388,0.034488805,-0.015738191,0.0095972745,-0.03612778,-0.04890493,-0.019277927
-0.015061662,0.0047193374,0.04561711,0.03225942,0.0132289035,-0.07109897,0.04165248,0.03996299,0.035039615,0.028131843,-0.018751547,0.01879939,0.03133351,0.018697321,0.03964661,-0.020884078,-0.027515288,0.008874256,0.054442607,0.022445822,0.067927234,-0.032052428,0.04820126,0.05862194,0.01881698,0.05618301,0.07763458,0.0020280736,-0.046995148,0.058561396,0.0014337488,0.032862924,0.03509834,0.057601884,-0.028193869,0.0019964282,0.012346474,0.059166722,0.030294418,0.006188685,0.02889261,0.004739287,0.09043895,0.066342406,0.03937178,0.06358195,-0.022727836
0.018257543,-0.03223272,-0.042786814,-0.050394252,-0.0209916,0.019872943,0.039291453,0.012701855,-0.057036802,-0.047581527,-0.050737936,0.03918012,-0.02357697,-0.050717782,-0.07088496,-0.061039243,0.0023025887,-0.07829512,0.052095685,-0.017606227,0.03416332,-0.01914473,0.07154529,-0.06066381,0.039164145,-0.04658576,-0.059646666,-0.06445108,0.011760236,-0.052929483,-0.06871209,-0.06915188,-0.026325569,-0.026979769,-0.028695092,-0.036358528,-0.04714308,-0.08693019,0.04921839,-0.0142477825,0.011478387,-0.061762646,0.03415803,0.049638074,-0.061790638,-0.01485519,-0.049350463
-0.050100595,0.07255656,0.05494515,-0.01485961,0.0313699,0.072199956,-0.0018683211,0.06472622,0.024735052,0.040728923,-0.030225132,0.02225597,-0.069914766,-0.025987916,0.00762044,0.020952532,0.07551746,0.07561279,0.058221612,0.02822947,-0.03898236,0.010651739,-0.051079046,0.071853764,0.03781096,0.008340309,0.02629475,-0.004960493,0.048237193,0.027578259,0.033883285,0.026037525,0.006944483,0.07859756,0.001768586,0.018158257,0.072865345,0.06851751,-0.02248211,0.052023888,-0.034919936,0.004171377,-0.020410638,-0.015916536,0.042216413,0.047335636,0.024753248
0.051395543,-0.0320595,0.033165343,-0.044348948,-0.03822111,0.06624108,0.07740572,-0.014975126,0.08128187,-0.008562868,0.06692092,0.006990765,0.02364546,0.068382025,-0.01027713,-0.038526207,-0.053388182,-0.05507178,-0.0683101,-0.015614802,0.086227864,-0.019254183,0.007104004,-0.07299415,0.06588785,-0.0030082494,-0.05751837,-0.04374874,0.06351706,0.065846056,0.016275464,-0.0077995085,-0.0255655,-0.057877485,-0.04171858,0.05892799,-0.049821757,0.0401466,0.076664336,-0.052367702,0.053344477,0.011444626,0.017513758,0.04603737,-0.06637224,0.06668447,-0.06443008
0.07207865,0.084689476,0.043893654,0.030206855,0.04695668,0.05940165,0.012839611,-0.04612026,0.06299745,0.000199227,0.061662506,-0.013902166,0.025877785,0.07179193,-0.021422617,0.04100334,0.023220753,-0.010588878,0.045727115,-0.04102973,0.03510326,0.06127499,0.039567858,0.018017514,0.003735217,0.035076767,-0.0020003535,0.045671668,-0.021399546,0.041384205,0.032029815,0.022256874,-0.0114408145,0.045449566,0.036207564,-0.0024082933,0.05345765,0.028303638,-0.012764205,0.055262834,-0.00038293592,-0.001624905,0.020126406,0.042679228,0.030901855,-0.0140705295,-0.017754866
-0.062929206,-0.09575016,-0.0846536,-0.08141946,-0.08271716,-0.084368646,-0.07922251,-0.08632326,-0.09254305,-0.085711956,-0.08195319,-0.08657702,-0.0805981,-0.08898677,-0.07938987,-0.08318945,-0.10044585,-0.0914492,-0.074998274,-0.082845405,-0.08702772,-0.075837515,-0.08783034,-0.08225523,-0.0852443,-0.10034619,-0.08901929,-0.09044816,-0.08921007,-0.074081205,-0.077143535,-0.07501433,-0.086510934,-0.092006676,-0.08523371,-0.10119652,-0.09027592,-0.087323226,-0.079845786,-0.08037316,-0.104646824,-0.086096674,-0.10372188,-0.084474765,-0.082462125,-0.08018771,-0.08215907
0.004992533,-0.040559206,0.018962085,0.013362332,-0.028654376,-0.06725209,-0.014724591,-0.060851663,-0.01705555,0.03209839,0.06533546,0.054530066,-0.027474485,0.036106873,-0.05742642,-0.013130575,0.043988813,0.06707174,-0.034775283,0.013885326,0.0313129,-0.002005527,-0.005043255,-0.025680516,-0.049712785,0.014685027,0.036784798,0.06313785,0.04353962,-0.029371077,0.0071931477,-0.015316175,0.03771203,0.06969094,0.056404933,0.013016157,-0.018412372,0.042445295,0.04568158,-0.027766248,-0.009914159,-0.004766505,0.0143033955,0.0014303849,0.026457522,-0.040815502,0.002514563
0.07072382,0.042300593,0.046991765,0.044695783,0.0670125,0.07087972,0.053563684,0.018004386,0.045338716,0.07776419,0.06877117,-0.007156842,0.0043879603,0.063155785,0.06990816,0.04724049,-0.026180094,0.03110382,0.0721202,0.07511833,0.036282424,0.05054433,0.0011036107,0.07114294,-0.074053645,0.058141258,0.020471586,0.005537271,0.07937581,0.030630227,0.07183304,0.0470666,0.05529662,0.056238633,0.07468767,0.011600854,0.08212654,0.06406835,0.011063598,0.06710191,0.04006691,0.08435156,0.03069063,0.037684537,0.02582207,0.07843215,0.07946244
-0.0020840743,-0.032452185,-0.010272399,-0.027292063,0.035598285,-0.07138382,0.057650223,0.005022479,-0.009812959,-0.0049068136,0.051970694,0.010959571,0.025470804,-0.016289596,0.040435936,8.338061e-05,-0.055519596,-0.029033834,0.052997626,0.0064465147,-0.015183629,-0.0733741,0.023281924,0.006194274,0.054591972,-0.04185372,-0.08387934,0.016988413,-0.030458592,-0.02116423,-0.032639064,0.00590721,-0.047725044,-0.06536969,-0.071579024,-0.008924313,-0.07961449,0.008636684,0.0498273,-0.05033583,0.02642549,0.028488446,0.035820503,-0.007748676,-0.037104126,-0.05265398,0.018240614
-0.010764757,0.05454877,0.040513687,0.02788659,-0.0020851365,0.037141472,0.014229168,-0.010902313,0.031397663,0.07440362,-0.029762333,0.03983531,0.04771692,-0.0066473256,0.011054443,0.00012934748,0.022331696,-0.023342274,-0.045467064,-0.060563043,-0.019171176,0.00044286594,0.016936468,-0.07288326,-0.031074889,-0.033437125,-0.0781106,-0.07186492,0.08412972,-0.07530358,-0.018246599,-0.05925737,-0.05314264,0.06075606,0.013717955,-0.048930712,-0.0021301457,0.0013300912,-0.043816317,-0.0158103,0.050106257,0.045142375,-0.045286898,-0.022679156,0.05613619,-0.047235716,-0.05550876
0.04342084,-0.06942689,-0.050044056,-0.04048161,-0.041954216,-0.065297164,-0.06895942,-0.075040415,-0.04903358,-0.00028199464,-0.017801423,-0.051099937,-0.05027053,-0.017073931,0.0073483097,-0.032673925,0.006475952,0.01589029,-0.0586384,-0.009089254,-0.037623107,-0.009623749,-0.0074817645,-0.035154585,-0.056988675,-0.047890104,-0.057272375,-0.0332315,0.029855993,-0.020021833,-0.046066247,-0.026322713,-0.058707967,-0.024249451,0.002827297,-0.06481833,-0.00883806,0.022358496,-0.044267584,-0.04575415,0.015147181,-0.05457397,-0.03710101,0.0069028866,-0.057623636,-0.058455426,-0.036014207
-0.01543537,-0.075601675,-0.059176054,-0.05698256,-0.065081164,-0.03776422,-0.035746884,0.02280012,-0.06725133,0.009005533,-0.0663131,-0.014192275,-0.056592584,-0.061090816,-0.01437571,-0.061256316,-0.07437481,-0.057026822,0.038156305,-0.061458975,-0.065126225,-0.04851246,-0.062110044,-0.06602264,-0.07595659,-0.005695279,-0.056464195,-0.010584548,0.011718269,-0.052449465,-0.056460403,0.031376697,-0.04397972,-0.050211247,-0.059705783,-0.046479102,-0.03245243,0.014650878,-0.009928194,-0.055826884,-0.071383215,0.0034034308,-0.052609514,-0.059203506,-0.040644825,-0.04039652,-0.017196482
0.034763988,-0.040921096,0.040759362,-0.036505733,-0.07795225,0.0060817427,-0.006467368,-0.0043542585,0.054546464,-0.060771253,0.049013317,0.013812085,0.038387775,0.051369153,-0.029496884,-0.07998919,-0.03252965,-0.028659461,0.01456816,0.0044213533,0.013604339,-0.049331535,-0.05122472,-0.02692807,0.014860338,-0.01737015,-0.0053412495,0.0749719,0.06280409,0.043612625,-0.051805932,0.03252487,0.08190017,0.03668658,0.03520382,0.0353453,0.025721164,-0.035079386,0.0030474623,-0.060441025,0.051435262,-0.024291985,-0.017043449,-0.039901566,0.0045529427,0.038725577,0.01682424
0.03855519,-0.04893901,-0.045644123,-0.024287306,-0.05544381,-0.044286925,-0.020512814,0.0037415228,-0.053002227,-0.067247935,-0.0015584487,-0.00038862575,0.002196476,-0.058705185,-0.07506972,-0.06604847,-0.033301428,0.01608636,-0.020426678,-0.066998444,0.024341142,-0.0016034059,-0.063556895,-0.034301065,-0.0020743033,-0.049940586,-0.0063240514,-0.035182126,0.046135794,-0.054960635,-0.052226428,-0.056575675,-0.04729099,0.011088767,-0.030176079,-0.011575636,-0.03630757,0.0074645756,-0.039367575,-0.059560783,-0.017455216,-0.056774907,-0.019004095,-0.06903996,-0.051525164,0.00421978,-0.07826923
