Mythical & Mystical,alien,angel,arrow,bow,crown,dinosaur,dragon,fairy,genie,ghost,halo,hook,king,knight,map,mermaid,monster,mummy,pirate,queen,skeleton,snowman,sword,treasure chest,unicorn,witch,wizard
0.011450748,-0.057388443,-0.037522893,-0.041097295,-0.041238688,-0.06003217,-0.03437469,-0.06705753,-0.056914445,0.018214157,-0.031359546,0.009696657,-0.017363388,-0.07300497,-0.0067560365,-0.057064846,0.034165226,-0.06711828,-0.013951417,-0.022087084,-0.02922949,-0.0147228865,-0.033638705,-0.021692531,-0.048019703,-0.051003486,-0.07201942,0.01506679
-0.030274637,-0.001353532,-0.007556384,-0.030299755,0.02048954,-0.011623642,0.04267667,-0.027737813,-0.01641891,-0.076226436,0.0062788185,0.05019271,0.008443087,-0.07653928,-0.03367902,-0.046445448,0.0005588375,-0.02067498,-0.012839088,-0.002422246,-0.059425693,0.020152368,-0.04279135,-0.030171884,0.00410038,0.014851358,-0.0623432,-0.039735455
0.04653072,-0.022439498,0.060549725,0.05139547,0.035500932,0.045729496,0.06700473,0.015640453,0.04689828,-0.015992401,0.013839101,0.04451777,0.048669066,0.031626362,0.01738505,0.030382441,0.022148993,-0.042063083,0.03133233,0.063132554,0.06915886,0.05316764,0.01784201,-0.0013722435,-0.012955009,0.053101674,0.04414378,-0.009016007
0.011230804,-0.041737538,-0.001202616,0.0480199,0.05725581,0.017552407,0.0168618,0.008028678,-0.021078419,0.03594859,-0.057459008,-0.050060716,-0.011907588,0.029047828,0.0017476548,0.040824424,0.021467617,-0.011158611,0.035892338,-0.05005284,-0.023049142,0.0089224605,0.020582242,0.053400964,-0.0074001323,0.011548462,0.027129656,0.014423945
0.033255287,0.02652882,0.025079967,-0.042449277,0.052901674,0.020870553,-0.05791348,-0.020916067,-0.052897822,0.015871465,-0.007630654,0.045876313,-0.034960113,-0.032310005,0.011072748,0.012332033,0.062163,-0.013835824,-0.022951128,0.04888804,0.065048374,0.052187175,0.017228963,0.0022887443,0.011968921,0.053196646,-0.017243668,-0.0502144
-0.011883451,-0.08282857,-0.050029512,-0.013356909,-0.0004775036,-0.038748205,0.011906953,-0.0076651084,0.059150055,-0.016768739,-0.0808041,-0.059019916,0.013279729,-0.06216989,-0.014790189,0.044845518,-0.05725901,0.04510906,-0.073599175,0.028526293,-0.055391006,-0.08443498,-0.030335218,-0.008529534,-0.049689572,-0.06748425,-0.015229546,0.0011906924
0.0050989245,0.04489372,-0.036265217,-0.011986919,0.0080527235,0.009117495,0.056438472,0.011737211,-0.026901541,-0.062481057,0.03765551,0.076225765,0.04742863,-0.023704011,0.06734409,0.02402839,0.012590193,0.012550303,0.06643533,-0.010376071,0.011854153,0.013904224,-0.0161177,0.06065507,-0.058972925,0.066538945,0.04857505,0.054355156
-0.009001624,-0.005224217,-0.0037305881,-0.03717139,0.008437759,-0.0060977205,0.0072648036,-0.017845768,-0.010091531,-0.018805623,0.0030655246,-0.05321619,0.034691043,-0.070192054,-0.021314591,0.022278495,0.016068645,0.045297053,0.057952352,0.012299565,-0.06239031,0.020696865,0.035894707,-0.02614581,0.06720616,-0.00811744,-0.002114749,0.0008562282
-0.04657143,0.0014085019,0.0010956092,0.012019184,0.019364985,0.031444736,0.013047632,-0.007144535,-0.04663387,0.014841082,-0.009399885,-0.022866603,0.026597438,0.009998875,-0.013536903,0.058858167,0.025032382,-0.012733633,-0.020737756,-0.004947357,0.050451268,-0.0008961775,-0.016380638,0.051340293,0.006147604,-0.008799273,-0.004701708,-0.030325396
0.041840658,0.011058796,0.013007009,0.015784046,0.02502359,-0.05890148,0.006527586,0.011109597,0.007183215,-0.04026887,0.03884191,0.04736324,0.00058632996,0.02231173,-0.022726683,-0.01009695,-0.016789593,0.028832583,0.05088582,-0.061277922,0.04514647,0.03284517,0.033427488,0.024616178,-0.02568473,-0.014101088,0.030132486,-0.011808581
0.08054372,0.07084908,0.05535701,0.037343495,0.06009842,0.022920655,0.07561512,0.08455589,0.06873502,0.000660826,0.08602968,0.06015436,0.021106148,0.06365379,0.063463986,0.0035419962,0.07896948,0.07125575,0.08242187,0.06707158,0.07572875,0.08774078,0.066470355,0.07998266,0.076916575,0.056591567,0.07484974,0.0701696
0.033793792,0.0526716,-0.020151986,-0.049922373,-0.0009113207,0.07365753,0.040132266,0.019520847,0.021035656,0.049800113,-0.03983524,0.05280983,0.018143952,-0.040220078,0.040018275,-0.059159447,0.019509088,0.021934941,0.02406876,-0.06340428,0.032936256,-0.073395476,-0.07204528,0.066349424,-0.023467861,0.06329931,-0.030829787,-0.034439154
-0.019290064,0.021587195,-0.026961127,0.048449,-0.010184011,0.005606701,0.04365992,0.046851736,0.008037673,0.054982264,0.07942937,-0.05952374,0.05587783,-0.008456278,0.015415225,-0.038906697,0.038311746,0.031732112,-0.031466845,0.007825189,0.023979694,-0.018269897,0.06192702,0.0134048695,-0.013433886,0.05683964,0.007380282,-0.039897684
-0.05174665,-0.022796461,-0.030120851,0.016566722,0.025007265,0.030758334,-0.07816926,-0.017649706,-0.023465717,0.00022560827,-0.03952954,-0.054307748,-0.035633154,-0.05001847,-0.015055425,0.07960437,0.019308213,-0.023683548,-0.059025757,-0.041792348,0.00066445326,-0.05118613,-0.007677089,-0.034683965,0.022146948,-0.06671345,-0.0053539746,-0.029421235
-0.02042623,-0.033538524,-0.011463434,0.001897214,-0.0015645329,-0.03452217,0.0094822515,-0.011313432,0.036340564,-0.011447874,-0.016340045,-0.070629165,0.039758235,-0.057464257,0.07308832,0.0033409607,0.040568713,-0.061424505,-0.030892707,-0.033767357,0.07268564,-0.06333555,-0.016734626,0.0074358406,0.050439235,-0.069484614,-0.06720539,-0.058065776
-0.07831225,-0.041854076,-0.056503005,0.031308528,-0.00483481,-0.0023014129,-0.04778194,0.021224229,-0.029203046,-0.04962956,-0.033992536,-0.012229698,0.0102672735,-0.0069921743,-0.008222437,0.016585562,-0.047737278,-0.005867931,-0.06178466,-0.044130135,-0.01694223,-0.025481002,-0.061874855,-0.009668019,-0.051683415,-0.013770243,-0.036338728,-0.02631518
0.01383219,0.00064923696,-0.009889877,0.01248371,0.051471476,0.013515779,0.05236773,0.013637211,-0.04782624,0.00014674912,-0.0033509303,0.0219515,0.05925836,0.05383193,0.040587924,-0.0136327045,0.031962384,-0.035559446,-0.09210046,-0.0060851495,0.025793301,-0.07450873,-0.027540222,0.03286889,-0.056046106,0.04813979,0.020517798,-0.019661266
-0.049633056,-0.053392142,0.03814017,0.071807824,0.048425533,0.06700252,0.006233504,0.05816606,0.037895296,0.075170234,-0.08180633,-0.009201658,0.08019165,0.04347496,0.04759305,0.036268592,-0.03046797,-0.04534414,0.00847657,-0.020661645,0.05770331,-0.060692992,0.0077074943,-0.00894093,-0.00061810215,0.025460958,-0.04625147,-0.000917384
-0.060271017,0.005563038,-0.0741784,0.0569966,0.022655973,-0.00037415334,-0.008397507,-0.033355214,-0.077150434,0.060149882,0.04215191,-0.061576445,-0.014581011,0.054633148,0.03592506,-0.039741118,0.053197347,-0.0763303,-0.08115817,0.042018466,-0.014230722,-0.08130544,0.008755209,-0.053499207,-0.020801773,-0.029770896,-0.058044925,-0.028260656
-0.010704698,0.016086012,0.015817953,0.039778948,0.0073850485,0.06385891,-0.08060348,0.012083064,-0.011413832,-0.0021277976,-0.05433619,-0.07574001,-0.011784978,0.043715417,-0.04245391,0.019368337,-0.0031295547,-0.033601012,-0.059183367,-0.03347481,0.0075214426,0.0022926992,-0.06599853,-0.047959138,0.05656309,0.00022618326,-0.046154376,-0.051059876
-0.008034153,0.016673544,-0.027259905,0.039965566,-0.029790945,0.036983315,0.04838434,-0.038558833,0.036360588,0.023849646,0.019850487,0.036442794,0.02827985,-0.017350323,0.019666364,-0.062876575,0.008853552,-0.008441529,-0.025658425,-0.0053977035,-0.029788893,0.023742802,-0.019812714,-0.05685447,-0.04051172,-0.021786869,0.07953734,0.04070838
-0.043239392,-0.030753454,0.043823738,0.075517684,0.06850346,0.06338965,0.044765096,0.04366368,0.048125885,0.027097516,0.060544368,0.062132783,-0.0041664215,0.029509153,0.0027396155,0.042918984,-0.005447533,-0.008300689,0.012881502,-0.04709086,-0.0031022027,0.046678945,-0.016576672,0.0009862599,0.0051202364,0.06996208,0.03348695,0.041318502
-0.02011034,-0.00938888,0.029999651,0.047817875,-0.0025942426,0.062426783,-0.032817185,0.021423856,-0.033443354,-0.0012070241,0.034377705,-0.0058757504,-0.03656022,0.024060583,0.019529527,-0.03613504,-0.030950988,-0.036263686,-0.051236957,-0.05332949,0.018574271,0.00402249,-0.027385522,-0.033758413,0.026290197,-0.04750576,-0.040164426,-0.053728137
0.08270589,0.08582583,0.0056255828,0.025035614,0.005262331,0.048384663,0.082451,0.00031019366,0.07874026,0.07633258,0.04600552,0.053538945,-0.021328602,-0.01429241,0.026679829,0.0067216316,0.07556524,0.0785375,0.039094653,-0.0024196964,0.036953066,-0.05202318,0.06902302,-0.02865907,0.06255939,0.06195878,0.022420954,0.032993577
0.0045322212,0.004511175,0.025645168,0.023945857,-0.07307554,-0.03882104,-0.043205272,0.014983863,0.013307087,-0.062639095,0.007911844,0.008141898,-0.03486259,0.035554346,0.052416954,-0.009017126,-0.007453225,-0.034936506,0.0038298916,-0.011066033,-0.055694025,-0.025325611,-0.048737153,-0.05862422,-0.07068192,-0.040260214,-0.013196876,-0.0007801766
-0.044429366,0.06907557,-0.06907574,0.015474576,-0.02910342,0.057026856,0.03345743,-0.0076393154,-0.010122791,0.010003317,0.060209017,-0.046555817,0.07696526,-0.035006713,-0.06821963,-0.040060993,0.051617537,-0.019502664,0.02745557,0.05901728,0.06465908,0.010539435,-0.027699873,0.071109384,0.046108585,0.02403849,-0.030186879,-0.01510297
0.030059094,-0.019736726,-0.044837486,0.041828025,-0.029502619,-0.039426304,-0.08285048,-0.024869686,0.06914305,-0.0041296887,0.020432621,-0.036073096,-0.07061792,-0.012614311,0.014765003,0.0023432097,0.05650771,-0.015257828,-0.07968281,0.080412015,-0.03243515,-0.0847976,-0.0657945,-0.020918747,-0.0052345884,0.05192956,-0.0022006293,-0.030842463
-0.05046568,-0.06146466,-0.020392232,0.04735183,0.01065859,0.025704177,-0.015741445,-0.06582722,0.021009745,0.003871634,-0.04801072,-0.04357659,-0.057147905,-0.023318578,0.02432493,-0.039832253,-0.03940722,-0.042661574,-0.056580506,0.016577685,-0.07158373,-0.03071031,-0.0351219,-0.04340683,-0.04055288,-0.056600653,-0.0698274,-0.006649956
-0.05743975,0.048876725,0.002164498,-0.0023252324,0.033937175,0.03441807,0.031847853,0.017141787,0.05063075,0.052471846,0.06454338,-0.034917347,0.037715588,0.0013634006,0.06250142,0.011226906,0.033043943,0.038504176,0.01341876,0.03611627,0.0646084,0.047249056,0.07616948,-0.002508533,0.073874764,0.03171651,-0.014341264,-0.034720425
0.031920537,0.062199794,-0.027023582,-0.0678493,0.0046225716,-0.027872907,-0.018836709,-0.013424843,-0.04102712,0.058698375,0.04630284,0.040752463,0.062091783,-0.005679984,-0.038624767,-0.022459533,0.035497867,0.02419825,0.063251376,0.067666486,-0.02971944,0.07452633,0.049227383,-0.016069153,0.03946259,0.001041553,-0.030513654,-0.052824106
0.0268086,-0.019754015,-0.04665626,-0.059880566,0.037432533,0.015793545,0.0005491792,-0.037965596,0.02345245,0.040904827,0.050423604,-0.064238995,0.015714834,-0.0056313043,-0.023807624,0.032146633,0.037882406,-0.02083688,-0.026688002,0.048521165,0.046526533,-0.052225817,-0.042858846,-0.026798556,-0.015267941,0.05905385,-0.04246831,-0.016065838
-0.030504307,-0.0477925,-0.074100465,-0.0026911944,-0.0050082766,0.013112356,-0.075242154,-0.07833104,-0.03975147,0.07559439,-0.07978225,-0.052603718,0.029396944,-0.07484535,-0.021560887,-0.009795292,-0.043342125,-0.014076382,0.0025778501,0.030480668,-0.044019282,-0.024405852,-0.06416139,-0.08275113,0.012237305,-0.0681881,-0.027515538,0.029818142
-0.058914438,-0.0034854284,0.027180776,0.07044166,0.003834818,-0.026086584,-0.0055439738,-0.014627621,-0.04069192,-0.042809848,-0.042145826,-0.048474655,-0.0665662,0.013331925,-0.01898502,-0.015987467,-0.031235462,0.020442283,-0.041097563,-0.025981935,0.031060966,0.020756017,-0.07432771,-0.06714538,-0.024791103,-0.077238455,0.03289312,0.0135896895
0.05170621,-0.029811712,0.0704818,0.056031313,0.005180204,-0.0028937878,-0.069358125,-0.003003875,0.079880565,0.032931257,-0.047172215,-0.028979087,0.07013312,0.023516268,0.085215,0.059466075,0.0067136814,0.078522585,0.065437734,0.044063456,-0.0010770989,0.0056807254,0.07638905,0.055953447,0.06781876,0.07698698,0.08277451,0.09180612
-0.008007528,-0.052440938,-0.078358315,-0.04809066,-0.03661478,-0.024552424,0.028829347,-0.0073291603,-0.045699462,0.046796147,-0.016702732,-0.0044528586,0.07995539,0.08431221,-0.019158777,-0.07855242,0.04402371,0.04340887,0.078304276,-0.014647789,0.05991654,-0.03773271,0.042205065,0.06176802,-0.017873505,-0.027087238,0.0505454,0.030725673
0.041609596,0.033857416,-0.03284664,-0.057643555,0.047474656,0.05723196,0.06728094,0.018273545,0.0046466864,0.041860834,0.0018946211,0.06274301,0.01124578,-0.03225769,-0.06632069,0.048866533,-0.07116101,0.07285665,0.056287613,-0.039309148,0.023489587,-0.0148185855,0.04694533,0.07732122,0.04287918,0.061500765,0.068610474,0.062099416
-0.08071664,-0.05248198,0.009868038,0.049697068,0.0316365,0.04830197,-0.067076124,-0.03249745,-0.020680334,-0.04740662,0.04579776,-0.009793532,0.043535527,0.07018873,0.05966277,0.05925511,-0.06706582,-0.005324921,0.014173463,0.04212725,0.06549758,-0.04413163,-0.0043772054,0.029831711,-0.0051363674,-0.03351968,0.0007225692,-0.045706
0.0009272065,0.022845022,0.00865652,0.07955411,0.04220093,0.026280113,-0.026006678,0.009627836,-0.03908802,0.014176102,-0.0039713774,0.009939708,0.07757318,0.07376667,-0.013497893,0.08205789,0.005576012,0.04861598,0.060778238,-0.018193733,0.047144108,0.07205047,0.0032255666,0.014966334,0.07678766,0.022004819,0.01292433,0.0071021053
0.05149781,0.079936355,0.0762482,0.0022464811,0.030991489,0.04379715,0.04306828,0.06663898,0.07319316,-0.0056047067,-0.018212134,0.053521663,-0.019478824,0.016830234,-0.024017133,0.05008403,0.06758391,0.039374825,-0.009896723,-0.049526732,0.04745379,-0.039462376,-0.0637442,-0.029131664,-0.027326932,0.06909481,0.06354446,0.045109067
-0.050516717,-0.02208649,-0.074378,-0.027318489,-0.08193668,-0.053038653,0.012050704,0.020476824,-0.0016847919,0.044609275,0.035113942,0.012071641,0.04423126,-0.0021974142,0.05048426,0.058256656,-0.029226257,-0.011995058,-0.074438274,-0.06417816,0.036126453,-0.06325149,-0.0684824,0.008476058,-0.04557133,0.06168847,-0.038251355,0.057849597
0.034876183,0.033091765,0.019235665,-0.05915649,-0.04016379,0.01628887,0.017479578,0.05357704,0.053274762,0.016579336,-0.05187704,0.025799291,0.021477569,0.035136286,0.030868234,-0.063552186,0.059080932,0.049098354,0.09204818,0.029532751,0.031724617,-0.001295775,-0.026586328,-0.005023132,-0.0018539565,0.024444632,-0.026463883,-0.005539696
-0.003972734,-0.058028396,0.016831143,0.01101709,0.03343325,-0.049948502,-0.07360565,-0.013328993,-0.03546081,-0.07070633,-0.068278976,-8.2080296e-05,0.058238383,-0.025569782,-0.05180274,0.015855763,-0.07249658,0.04842913,-0.03291357,-0.058226623,-0.053414844,-0.027877968,0.03382436,0.006031844,-0.04872346,-0.061056275,0.031530652,0.036412247
0.005035826,-0.048669178,0.0051683215,0.07231081,0.037091445,0.026909081,0.04779578,-0.038947355,-0.016129589,0.043644395,-0.004731121,-0.057841707,-0.043794163,0.0027091012,-0.024597691,-0.060983893,0.048137434,-0.068130024,-0.016240563,0.06698884,0.0055558127,0.02045685,-0.045343574,-0.013827257,-0.042592183,-0.069720276,-0.015133456,0.007701715
-0.040565096,-0.026901362,0.00066393416,0.0041373754,-0.04472635,-0.022607705,-0.027107185,-0.048483174,-0.004808397,-0.064744495,-0.044171624,-0.0071946015,-0.08177631,-0.05491433,-0.011612749,-0.04874027,-0.029905193,-0.08277766,-0.008394751,-0.047449633,-0.033360075,-0.058111966,-0.045317106,-0.062019315,-0.07601136,-0.036755174,-0.034983773,-0.048726697
-0.051826127,-0.028388703,-0.06897499,-0.059929818,-0.063871585,-0.007876747,-0.08440679,-0.07751491,-0.06015769,-0.018417127,-0.06566156,-0.014523265,-0.02362474,-0.030281559,-0.059456598,-0.053098623,-0.08085604,-0.03305085,-0.0018506238,0.0012395509,-0.022475066,0.004061356,-0.07654398,-0.04150364,-0.007155772,-0.0773432,-0.0056834267,0.0077614896
-0.0731204,0.070479505,0.06822342,0.004763887,0.07040241,0.08123472,0.0036037539,0.050845508,0.052096646,-0.032733433,0.023223378,0.0775534,-0.019474376,0.07435671,0.04949561,-0.06805383,-0.060623597,0.021411737,-0.05148047,-0.009098056,0.027903406,0.06040092,0.017661314,0.043695107,-0.059128903,0.0074001555,0.008067392,0.047962315
-0.03860391,-0.05674262,-0.027623188,-0.059564356,-0.02886969,-0.018785752,0.0057437164,-0.04052635,-0.059930995,-0.043448362,-0.018775614,-0.03308346,-0.039108757,-0.06862698,0.0020104528,-0.03158062,-0.045919184,-0.051451243,-0.051980514,-0.041879337,-0.053361226,-0.04091107,-0.025156973,-0.012883334,-0.03404766,-0.05102705,-0.070463985,0.00786198
0.07647113,-0.080469176,0.033765156,-0.04206308,-0.07655599,-0.035736628,-0.017716002,0.024801208,0.07067652,0.063526444,-0.021720678,0.04791016,0.053831335,-0.03919889,0.030225195,-0.0112940855,0.077288665,-0.03189183,-0.036611833,0.032650072,-0.021455457,-0.08416483,-0.035849743,0.05232606,-0.04838857,0.017268186,0.057598494,0.011024819
0.06517853,-0.026609525,0.023161376,0.048398312,-0.008077966,-0.024250554,-0.07911361,0.051558685,0.07455941,0.07546986,0.030061271,-0.041121956,0.061796304,0.0058698654,0.03602764,-0.0001225404,0.063117325,-0.028992707,-0.068699256,-0.0406187,0.05401361,-0.0683991,-0.01642486,-0.062268503,0.019635152,0.048266508,-0.040080372,0.055765875
0.025995063,0.07189582,0.08222121,0.02789513,0.0632935,0.05329229,0.051440794,0.043180365,-0.04464236,-0.052440323,0.01580344,0.0837139,0.0296483,0.016664116,0.025530046,-0.047335293,-0.029772332,-0.019347055,0.080970705,-0.043093447,0.048692398,0.042236228,-0.016353296,0.039801233,-0.02881106,-0.0005752199,-0.002538231,-0.018979892
0.0795311,0.06598391,0.051914573,0.054439913,0.0063710287,0.06832634,0.07832075,0.08875268,0.075026475,-0.010663656,0.053932924,0.08358373,0.07878006,0.057983693,0.08649708,0.050284505,0.07985365,0.08942618,-0.0035631368,0.07246508,0.050592437,0.047823813,0.057032146,0.07531704,0.071672864,0.074915715,0.054177262,0.07080116
0.0073062163,-0.044867564,0.01311431,-0.032278217,0.028621215,0.039024495,-0.010869955,-0.044637464,-0.060163777,0.049235284,0.023000296,0.019480186,0.068543024,-0.052466653,-0.03401317,-0.033892535,0.024774883,-0.054379877,-0.074262396,-0.043818634,-0.05678466,-0.00427485,0.0049640443,0.013471569,-0.005128483,-0.047293406,0.09217192,-0.038375597
-0.010608475,0.0747157,0.081765376,0.083197095,0.08436517,0.08673754,0.073016755,0.086986326,0.07209751,0.072940014,0.07831756,0.07579693,0.08298126,0.0849461,0.078357264,0.08943677,0.060346514,0.07336873,0.046756394,0.07695277,0.07838429,0.07719398,0.050589655,0.07995715,0.031517647,0.06864487,0.07129599,0.085129656
-0.0038892177,0.07796242,0.05559529,0.054711852,0.051846325,0.055111684,0.055061813,0.08090913,0.059154652,0.0076530813,0.026987357,0.047200598,0.049472503,0.08104614,0.06418966,0.08045187,0.05817785,0.07985372,0.011814134,0.022092162,0.06896299,-0.0077227433,0.055783443,0.07751385,-0.0091390265,0.0407171,0.048576653,0.06611153
0.035834268,-0.03649913,0.051384002,0.020446137,0.017090645,-0.052742865,0.073395185,0.08445421,0.03771187,0.07051724,-0.001073541,-0.06337872,0.014636252,0.05478432,0.060640756,-0.015597818,0.037446454,0.025805319,-0.062232543,0.04956843,0.045542475,0.033297516,0.014226317,0.07181975,-0.00843468,-0.038254753,-0.006732034,0.07925976
-0.024475705,-0.03477482,-0.019977603,0.042305756,0.043430533,0.024828807,0.025409678,0.032106232,0.01967191,0.05699041,0.04866968,-0.013031517,-0.012967443,0.047928773,0.066088825,-0.058130026,0.03938061,-0.011474199,0.03344108,-0.028267456,0.017074468,-0.07069701,0.028414346,0.013782381,0.052042995,-0.013358179,-0.05870489,-0.04630603
0.0078113973,0.059022248,0.055823833,0.033333354,-0.0007415494,-0.041661818,-0.020135045,0.028704211,0.039709702,0.049581174,0.034424197,0.020665832,-0.042784106,-0.021830108,-0.001179798,-0.0064913346,0.048643213,0.026695821,0.034767907,-0.024778683,0.016032547,-0.027100256,0.059625827,-0.039929252,0.04081501,-0.0077238036,-0.012383808,0.015583556
-0.026368348,0.069600835,0.005281688,0.008564134,-0.034599878,-0.07621186,-0.07508496,-0.08591805,-0.064337954,-0.009453567,0.023580907,0.0026348245,0.022223517,-0.08746634,-0.08407028,0.057343528,0.016503656,0.014507838,-0.05960748,-0.05096153,-0.08352842,-0.04920668,-0.0015950769,-0.059630353,0.0067496034,-0.013654876,-0.04991258,-0.081785604
0.014877465,0.045006923,0.037424356,0.06301746,0.061477277,0.068425335,0.035737675,0.02575594,-0.0047255014,0.05366411,0.014097016,0.017347785,0.057586297,0.03359013,0.062100552,0.071840994,0.055317935,0.015706306,-0.0024936805,0.053131483,0.043098968,0.06558653,0.050912023,0.051996503,0.06018909,0.0544104,-0.016223347,0.05224192
0.021147346,0.07672534,0.063878335,0.03628195,0.030970607,0.037699908,-0.07496171,-0.020286126,0.025426162,-0.015013192,0.05269404,-0.0058974097,0.07867182,0.024743302,0.055791818,-0.03974021,-0.064806335,0.008169316,0.05045521,0.047346774,0.07765317,0.009462367,0.058093186,0.08474646,0.05157261,-0.048266273,0.0028301752,-0.05819329
-0.013991154,-0.05874097,-0.04656318,-0.019239327,-0.02559335,-0.049144953,0.004311183,-0.02912611,-0.0719656,0.0026345195,-0.012835978,-0.071292244,0.032694526,0.08744406,0.026452033,-0.022392472,-0.036393296,-0.0071248477,-0.058409087,0.030005427,-0.08034994,-0.0024467283,0.07288747,-0.054464817,-0.016015617,0.01822815,-0.05027652,0.05572158
-0.06867739,-0.055841926,0.016792253,0.053953573,0.070295475,-0.049759183,-0.07714596,-0.00557545,-0.057636485,-0.07690621,0.046897165,0.00874279,-0.032521345,-0.020646535,-0.010324001,0.058253165,-0.06818268,-0.0587539,-0.0803743,0.031684782,-0.049476452,0.04043498,-0.07683962,0.07938285,-0.07883689,-0.046746977,-0.06537279,-0.07459923
-0.045522097,0.013732107,-0.06598354,0.046370577,-0.046071388,0.05487004,-0.03100042,-0.016435532,-0.015665395,-0.05958474,-0.053955898,0.029918617,-0.069092005,-0.0696045,-0.028878832,0.06506842,-0.029499264,-0.017028162,-0.0845432,-0.0123626925,-0.030565055,-0.052913565,-0.07250585,0.024828143,-0.030513313,-0.04053018,-0.07025914,-0.055678554
-0.026343951,0.019492704,0.050023474,0.053349342,0.05386319,0.05378577,0.047093548,0.074864,0.027316872,0.030400041,0.046586264,-0.00075612124,0.057969976,0.073496334,0.030427866,0.035033535,0.013327412,0.0709166,0.041908737,-0.016022656,0.026703596,0.046211895,0.04172497,0.04242216,0.023483438,0.025848143,0.022239665,0.013099792
-0.028359994,-0.025581028,0.017132726,0.00505726,-0.02356665,-0.07643337,0.042765487,-0.0081261145,-0.0186666,0.018649543,0.0572897,-0.040364906,-0.041945145,0.036761776,-0.046969205,-0.05387312,-0.04682164,-0.022169022,0.028062364,-0.027393373,0.024442073,-0.016073637,-0.0059250486,-0.038487624,0.0332059,-0.019869538,-0.043652054,-0.027119944
0.016434895,0.020577917,0.05581091,0.05252834,0.034497302,0.035155706,0.044351324,0.04173504,0.015948383,0.02376212,0.0430378,0.059549626,0.012367086,0.068473235,0.07101382,0.05691024,0.028611548,0.051859237,0.052533515,0.075280815,0.06496932,0.034431558,0.03463452,0.013866996,0.0046805344,0.066174515,-0.015739646,0.03435802
0.00903111,0.0032308453,0.023465302,-0.05504675,-0.019294973,-0.03550448,-0.032218143,-0.030113138,0.021560004,-0.02756284,-0.032142173,-0.011803801,-0.051088918,-0.07266456,-0.04471457,-0.04738286,-0.0376619,-0.044051595,-0.016228309,-0.031752665,0.0007692094,-0.065797836,-0.052860796,-0.026038777,-0.006842909,0.053938195,-0.047011096,-0.035816144
-0.01456621,-0.032231335,0.0068041664,0.041258875,-0.0060501248,0.008571764,-0.05735432,-0.02835933,-0.026100526,0.037072573,0.05564315,0.01230809,-0.024624558,0.04041998,-0.03391703,-0.036243428,0.034451734,0.013013908,-0.05709339,-0.044336844,-0.020345312,-0.06249125,0.00013064308,-0.060796145,-0.053539332,-0.043774813,0.0538768,-0.070584804
-0.017798634,-0.0043224813,0.03466597,0.020733587,0.009378929,0.07970133,0.01265683,0.04217442,0.057145078,-0.0037173273,0.049112022,0.07751893,0.06289625,0.06973256,0.07961011,0.04413785,0.008908481,0.07202777,-0.00016058936,-0.02680329,0.06542463,0.024952022,0.045518517,0.07371357,0.06731763,-0.035487838,0.05945671,-0.0062564034
-0.050451882,0.08107708,0.06510442,0.06248282,0.068058014,0.03505144,0.04164507,0.040960476,0.032197557,0.04229578,0.059532925,0.04865381,-0.0040405933,0.058659058,0.034552034,0.060558163,0.06107838,0.07053127,0.022596816,0.05747576,0.03285501,0.03672788,0.042379227,-0.0018832887,0.035042956,0.015201573,0.044345632,0.045375213
-0.08177165,-0.08226438,-0.069348484,0.0402981,-0.04028131,-0.07839283,-0.06963508,-0.03883863,-0.030615818,-0.059040166,-0.06887047,-0.08137472,-0.035271652,-0.066418104,-0.04971866,-0.018006366,-0.04811268,-0.0450351,-0.016896743,0.06340536,-0.0030148586,-0.03159796,-0.06713489,-0.06461324,0.011069878,-0.06161701,-0.066219345,-0.070269614
-0.055263706,0.042177506,0.03429712,0.057376537,0.008065434,0.024717636,-0.016957007,0.029148499,0.009687619,0.052627478,0.023273578,-0.0069745006,0.04285666,0.03557002,-0.011370547,0.023050193,0.0077002007,0.052436467,-0.025407242,-0.009887574,0.050358716,-0.010118321,0.06224879,-0.001702904,0.02721623,0.0483273,-0.0104057165,-0.0139212925
0.0471378,-0.017597035,0.008810527,-0.0612625,-0.051101487,-0.075064205,0.052675024,0.08456039,-0.048841264,0.049258083,-0.021797605,-0.042262115,0.0029076103,-0.052492972,0.014546353,-0.034437742,0.044051997,0.005630438,-0.02490497,-0.07067103,-0.06584546,0.02066765,-0.067596436,-0.0069109355,-0.050632827,-0.007761507,0.020988781,-0.010444633
-0.015461292,-0.027180346,-0.0036443984,-0.01522771,-0.057253152,0.018284682,-0.03225476,-0.04836665,-0.05003682,0.05569738,-0.03533765,-0.009310882,-0.0023014466,-0.021077165,-0.039668884,-0.00714153,-0.04802112,0.004378456,-0.04628829,-0.005952055,-0.0013989046,-0.0135185085,0.018917313,-0.04999226,0.011163487,0.053441036,0.02690204,-0.023895836
0.023431284,-0.076306455,0.01462921,0.06689884,0.034091424,-0.021964304,0.009150107,0.029404953,-0.007119112,-0.0701818,0.06159754,-0.009739558,0.026133964,0.0745136,0.00086575333,0.061789803,-0.0656556,0.040611047,0.061203297,0.039122738,0.011414152,0.06956133,0.025570018,0.0035813528,0.047233127,-0.047982905,-0.0009144539,-0.06717682
-0.0005149096,-0.02468677,-0.05692478,-0.019420158,0.022157975,0.036381822,0.011639251,0.0037526214,-0.015171874,0.014074276,0.023063548,0.021335194,-0.028797926,-0.011287366,-0.026856473,0.07768617,-0.052349295,-0.017336594,0.05276764,0.044644337,-0.01789866,-0.043079626,0.009566399,0.018471574,0.025145082,-0.024456492,0.0050537335,-0.06398627
-0.022906788,0.019196155,-0.030734925,-0.066482715,-0.064577185,-0.07216984,0.061739214,-0.05574238,-0.027410466,0.04881162,-0.047750536,-0.032103136,-0.01403073,-0.02813809,-0.005702955,-0.030160625,0.048496343,0.035124585,0.022140082,-0.028115567,-0.057901558,-0.023782894,0.06941991,0.03161375,-0.0010599293,0.04931952,0.03399493,-0.03918045
0.036665794,0.046111666,0.028085139,-0.063125476,-0.053497262,0.02598017,-0.002446601,0.01716259,-0.06353792,-0.06061076,0.0139135225,0.02340819,-0.055393238,0.049404033,-0.06923326,0.023960216,-0.047125015,0.018518524,-0.010344826,-0.048029605,-0.020975664,0.040897824,0.02194006,-0.081568666,-0.018979866,-0.05692483,-0.03699266,-0.0004891365
-0.00757629,-0.007599802,-0.048654098,-0.042586073,0.016599825,0.063645944,0.06585284,0.036525942,-0.036573496,0.031028327,-0.057340387,-0.06623532,0.026587686,0.021622587,-0.049790367,-0.036422998,-0.06038372,-0.019798145,-0.049181107,-0.079604566,0.049981397,0.08270414,-0.025872303,-0.03467713,-0.056799784,0.015422023,-0.050617255,-0.006253045
-0.0019348381,-0.0719875,-0.018728135,-0.002227956,-0.043375187,-0.027455274,0.003117337,0.00055714016,-0.04477146,0.012857151,-0.061954897,-0.02419641,-0.08171434,-0.0020735716,0.0054428237,-0.052270208,-0.028400358,-0.05983682,0.02870337,-0.052389167,0.027682874,0.010517877,-0.019384254,-0.027566316,-0.06840021,0.0016803953,-0.04728628,-0.028637579
-0.05306318,0.045845233,-0.042191718,0.06263189,-0.0027888683,0.03216031,0.040924333,-0.026309906,0.02444414,0.011899018,0.0055448464,0.04460824,-0.030091805,-0.052603997,-0.02397924,0.04892692,0.025523039,-0.03962196,-0.061971184,-0.012752006,-0.0020067017,-0.06961937,0.08179866,-0.05878051,0.014358269,-0.032374825,-0.00031577106,-0.055153485
0.07469912,0.032014865,0.07356839,0.016973237,0.05648482,0.06204768,0.013756736,0.05979198,0.07096041,0.05224612,0.03464581,-0.011576987,0.053015906,0.07041308,0.075346686,0.005633486,0.047591675,-0.050209306,0.035711605,0.03591322,0.07386049,0.05737142,-0.002244255,0.060160473,0.061831255,0.05452835,0.0501157,0.06192928
-0.0580907,-0.06420852,-0.060392782,-0.075938016,-0.0719301,-0.08099859,-0.07590873,-0.07528013,-0.05675399,-0.071118325,-0.07136759,-0.074726984,-0.07723397,-0.060773686,-0.06670549,-0.04034737,-0.07573132,-0.058516957,-0.048539057,-0.074838236,-0.04258275,-0.068984866,-0.075552955,-0.07375171,-0.06551974,-0.07251177,-0.032243565,-0.05937125
0.055097524,-0.005328375,-0.049746025,-0.023742992,-0.049838047,0.048997324,-0.069624886,0.05647758,-0.028458733,0.071973436,0.086236596,-0.024597948,-0.07256642,-0.014205458,-0.0025722035,-0.07390994,0.013800257,0.028947644,-0.027871067,-0.0018346935,0.050598633,-0.039200593,-0.063918374,-0.04120716,0.058126576,0.0329222,-0.055101,-0.0025623708
-0.054877426,-0.07639023,0.0664453,-0.02074442,0.031202476,-0.005303509,-0.048602864,-0.056722194,-0.019751318,-0.045598336,-0.03067333,-0.029733112,0.0010350586,-0.0481016,-0.052012153,-0.012611661,-0.07209223,-0.03248243,-0.022503298,-0.074589804,-0.04935579,0.007649815,0.008858836,-0.05460491,-0.0718356,-0.043189183,-0.081288904,-0.040691197
-0.0042364653,-0.0450614,0.044384144,-0.022562884,0.01867008,-0.032768913,-0.004346362,-0.0016648364,0.01115833,0.0471131,-0.02780328,0.03340884,-0.015966423,-0.0057668868,-0.041811354,0.013330097,-0.05249376,0.01136321,-0.030982893,0.0039471923,-0.008990064,-0.040338248,0.016471025,-0.03244217,-0.00063305616,-0.024462352,-0.0070204255,-0.030723788
0.05193769,0.007263355,0.008981055,0.008807042,-0.033900674,-0.05468861,-0.024474943,-0.032824323,-0.003341704,-0.03198372,0.011324477,0.0050006066,-0.033159334,-0.06484043,-0.05062609,-0.016473036,-0.04446568,0.0017117697,-0.023343347,0.010632037,-0.06142942,-0.03354099,-0.05701739,-0.048704907,-0.0020828147,-0.014191427,-0.063181356,-0.022168199
-0.018667566,-0.059124347,-0.012169728,0.05374728,0.027538378,-0.00057911227,-0.05899987,0.08432194,0.063350245,-0.017422238,0.04480999,0.039801974,0.03405097,0.02969309,0.05148277,0.08693429,-0.009559228,0.021736436,0.07698442,0.05221228,0.069623835,-0.016723217,0.027219906,0.06106879,0.02745778,-0.012412649,0.01250897,0.036605626
-0.029534357,-0.0063607134,-0.01623639,0.019246366,0.01674011,0.04618305,-0.008778635,0.0069317096,0.0019701982,-0.027299456,0.02671932,-0.04546994,0.0033373067,0.052045796,-0.007236511,0.0028269056,-0.0651399,0.016403649,-0.0020236252,0.023124425,0.03848385,-0.035384186,-0.04766251,0.030304773,-0.06528937,0.00162328,0.023756543,0.053665858
-0.040482316,-0.004690506,0.002826151,0.026134243,-0.00073797326,-0.039819065,-0.0153570715,-0.018012343,0.04492783,0.026408425,0.027111398,-0.042910405,0.02146289,0.07707023,-0.07382807,-0.02625632,-0.039095208,0.011825595,0.0073760226,0.013392343,-0.029210271,0.007262218,0.047127813,-0.02482644,-0.06535931,-0.072316445,0.08289034,0.07848771
0.04459405,-0.016861876,-0.015330325,-0.01723431,-0.04023379,0.051006954,-0.03995611,0.0016165082,0.004712961,0.022591317,-0.04089549,0.005181293,0.010022723,0.03797235,-0.04211666,0.017705759,-0.037739556,0.074003614,-0.01392269,-0.068115264,0.034290463,0.049184646,0.037580572,-0.0125516765,-0.0045389025,0.015804825,-0.010616951,-0.040777687
-0.016831873,0.024236066,0.019994248,0.030305844,0.022661135,-0.052221254,-0.01826075,0.007294677,0.003410658,0.041778225,0.032103874,0.011985835,-0.046738014,-0.08566063,-0.030662378,0.0047864146,0.038586423,0.052094113,-0.035938747,-0.032291543,-0.085731775,-0.020478973,0.008705369,-0.065668836,-0.05901203,0.0184176,0.008710526,0.028929716
0.022069708,-0.03415993,-0.021624446,-0.022125898,0.040198464,0.057039455,0.047729895,0.013130075,0.06387236,0.061994214,0.007447146,0.035465207,0.05413998,0.04240657,0.037224285,-0.031093614,0.063165605,-0.018649235,0.058638595,-0.0053862412,0.04487033,0.064291835,0.051575307,0.0075568133,0.02020615,0.06091992,-0.050698455,0.0096770665
-0.063617654,-0.0024443516,0.006513012,0.013769026,0.077755615,0.073854215,0.0075866845,0.07972388,-0.038875557,-0.03726284,-0.006457696,0.0810773,0.07379952,0.019775176,0.0782969,-0.0040094396,-0.056356452,-0.011180339,-0.042202294,0.028797416,0.07251827,-0.04863638,0.024345515,0.07310722,0.060891785,0.018713074,0.0091197975,-0.026447441
-0.024628123,0.051040586,-0.023629325,-0.030064305,-0.016585888,-0.052231397,0.04056089,-0.025918951,-9.658657e-05,-0.041370716,-0.066635,-0.028103977,0.058721997,0.018244185,-0.048598357,-0.024076134,-0.03279516,-0.048149265,-0.005730906,-0.029545577,0.076015204,-0.072328426,0.021037526,-0.02808895,-0.03531529,0.014565961,-0.04971509,0.025420543
0.017866326,-0.08168591,-0.047328096,-0.022945888,-0.03127817,-0.071405165,-0.008687776,-0.023398427,0.01195419,-0.06986003,-0.006900073,-0.030468311,-0.03417116,-0.03498713,0.050465465,0.04097672,-0.074838296,-0.0112031875,-0.050936777,-0.041050546,-0.07195914,-0.024568222,-0.04406736,0.040362187,-0.040051308,0.005980753,0.006154972,0.07305858
-0.024765862,-0.058941025,-0.017930605,-0.0021038242,-0.05789511,-0.04877725,-0.01542517,-0.039341066,-0.024147218,-0.0056556026,-0.018914333,-0.07243214,0.004869666,-0.06668597,-0.069883235,0.04658209,-0.06274659,-0.064928204,-0.04846343,-0.055486068,-0.06474878,-0.060558937,-0.07159153,-0.053647343,-0.068399996,-0.05411429,-0.017103607,-0.0073195365
0.051908705,0.028267168,0.011055842,-0.07366043,-0.069262505,-0.05745924,-0.02714723,-0.049904205,-0.004441105,0.012174826,-0.044206973,0.026427567,-0.04550139,-0.014737687,-0.06079959,-0.04247083,-0.03809187,-0.021422142,-0.06685578,-0.058623515,0.0035008541,-0.07229284,-0.06426372,-0.07656175,-0.027696244,-0.010291512,0.037939977,0.008083067
0.0809727,0.07432123,0.046652425,0.05075977,0.006281983,-0.03687722,0.07742403,0.03517032,-0.0052666543,0.029094705,-0.015598556,0.051917363,-0.010501231,0.034105137,-0.022810325,0.022526309,0.053392213,-0.031813774,0.042363558,0.0019357546,0.054789964,0.04322478,0.06610103,0.04362812,-0.007985678,0.020716092,-0.014903198,-0.048288684
0.036093738,0.065271534,-0.032088943,0.018033614,-0.008920107,0.014715808,0.033614058,0.02505786,-0.030694533,-0.033475865,0.0415924,0.049119364,-0.017454844,0.00746778,-0.008406569,-0.03830314,-0.025544034,0.033924077,-0.015942877,-0.025481824,-0.006182713,0.02303296,-0.007076344,-0.028131539,0.05845003,0.019277208,0.0022547413,-0.026500637
0.08031624,0.07909838,0.07854464,0.07502794,0.0584427,0.030592658,0.033671763,0.08248488,0.05732726,0.07678256,0.08803788,0.06934435,0.04248179,0.018859083,0.076542884,-0.010120051,0.07787953,0.07043319,0.053128757,0.07110572,-0.016027307,0.07927396,0.06788749,0.034028143,0.010557221,0.059469253,0.08697517,0.092550494
-0.050325297,-0.064491704,-0.06359335,0.019444605,-0.04509286,-0.037494756,-0.048528533,-0.05181974,-0.051700532,-0.06462299,-0.03350603,-0.029020667,-0.028902266,-0.059888884,-0.01672853,-0.018882332,-0.048175503,-0.08165129,-0.08421892,-0.068412885,-0.045471676,-0.078503065,-0.0649394,-0.06330272,-0.04867063,-0.04862873,-0.07104893,0.0030865103
-0.008185604,-0.03153871,-0.02734788,-0.01249053,-0.011620597,-0.025282003,-0.03853576,-0.06344907,0.023295688,-0.0113568315,-0.014490458,-0.046222057,-0.06958771,-0.04466929,-0.026043162,-0.05360098,-0.0692265,-0.034972936,-0.015774375,-0.049923617,-0.010684043,-0.07281826,-0.07544621,-0.018105753,-0.072579995,-0.009005803,0.04710687,-0.0017656186
0.0045617125,-0.023374392,-0.038626585,-0.026060304,-0.07169503,0.026500005,-0.054915454,-0.026047371,0.033129364,0.032853864,-0.027991815,-0.025475657,-0.054513175,-0.018959766,-0.0011455874,-0.07035987,-0.026260512,-0.02129847,0.0017076399,-0.016071962,-0.04893388,-0.027375739,-0.0738802,-0.013530304,-0.055778746,0.024824293,-0.067870505,-0.059438404
-0.042697206,-0.006556443,-0.033306774,0.026376592,0.071959764,0.015259198,-0.010845041,0.028899569,0.05194101,0.04653109,-0.009311055,0.02581514,0.0032771628,-0.047408655,-0.070591405,0.04845197,-0.0048133656,-0.04502249,-0.06809311,-0.005547721,0.018816007,-0.06459408,-0.05570573,-0.062405437,-0.0006416274,-0.029496705,0.018799078,-0.0683492
-0.05271904,-0.026090423,-0.06633332,0.056377724,-0.0014802866,-0.010335535,-0.01714969,-0.0799433,-0.0712194,-0.050481208,-0.0608014,-0.026249407,0.021086862,-0.021733336,-0.010520358,0.06968192,-0.057458907,-0.03289408,-0.051821712,-0.053728152,-0.043269545,-0.051200476,-0.04049287,-0.056551993,0.063957244,0.03315493,0.0041686115,-0.018517002
0.011311321,0.0218127,0.03253914,-0.04318083,-0.06167379,-0.038779557,-0.008435676,-0.012456645,0.00018571953,-0.05831126,0.016853416,0.04738717,-0.032158423,-0.024926815,-0.05583131,0.030828197,0.040140063,0.059577856,-0.035569385,-0.0005230341,-0.06260803,-0.055560328,-0.028011275,-0.0016381637,-0.07524197,0.016632574,-0.0010397469,0.0003036819
-0.014104716,0.0338198,-0.025304208,-0.000548612,-0.06856704,-0.029082615,-0.08344302,-0.036885522,-0.030431533,-0.017076232,-0.028965838,-0.03921398,-0.06342564,0.018540995,0.060917992,0.047171883,-0.02267042,-0.06662274,0.045926753,0.0022249233,0.06963869,-0.00387318,0.012254233,0.027886903,-0.06311574,-0.021550464,0.050678857,-0.050124332
-0.06066791,-0.03601086,-0.07642271,0.07033435,0.074646346,0.076947466,0.019501824,0.039241713,-0.045778293,-0.045103475,-0.08388237,-0.008265664,0.042223014,-0.04618281,-0.041944575,0.053047676,-0.012168346,-0.05521924,-0.067704074,-0.046307463,-0.033937242,-0.033671606,0.07308282,-0.021986738,-0.06669726,0.040263906,0.0070200847,0.038352203
-0.015644176,0.03044636,0.033737496,-0.0019064038,0.04248163,0.023823705,0.04908144,0.037517793,0.015660197,0.059776165,0.008873641,0.05918037,0.038743008,0.054281604,0.006223884,0.01593205,-0.012203348,0.041818254,0.061129835,0.001859493,0.037894547,0.021886192,0.03154607,0.0068049454,0.06313122,-0.013907866,0.006615445,-0.017646413
0.058664177,-0.0026356769,-0.07924309,-0.041344352,0.00073657214,-0.06557289,0.008639836,-0.014051358,0.0010833746,0.013938997,-0.0537209,-0.052815948,-0.030760612,-0.020068374,0.0529756,-0.029355135,-0.04400764,-0.011620739,-0.0292178,0.002956105,-0.022865843,-0.056061253,-0.019707514,0.014390349,-0.060906272,0.057957258,0.04261549,-0.004183815
0.047362857,0.006991031,0.039679553,-0.010277542,0.043305848,0.059603617,0.021823527,0.016016554,0.036193933,0.05827364,0.06715932,0.045520272,0.037982136,0.052411586,0.05876737,0.015759794,0.049613018,-0.08622354,0.012040419,0.051447175,0.06749804,0.014982859,0.056775246,0.05229812,0.063998,0.039390076,-0.02826394,0.04998581
-0.055129685,-0.06289394,-0.04812572,-0.043305468,0.026547434,-0.019130558,-0.021155475,-0.008824904,-0.06355847,-0.06910202,-0.059547164,-0.062400196,-0.03105708,-0.020195436,-0.02958827,0.0014658914,-0.04158918,-0.047572006,0.011952224,-0.018021356,-0.081317775,-0.03097879,-0.015635025,-0.011755849,-0.05654537,-0.042549133,-0.06959668,-0.010508775
-0.010020974,-0.029976673,0.04552829,-0.061814412,-0.04252938,-0.009079543,-0.015213448,-0.0010958131,-0.06620363,-0.026403213,-0.036161248,0.02071887,-0.04299176,0.049208738,-0.039672725,0.007257408,-0.019626169,0.03609039,0.003380721,0.04094489,-0.03474518,-0.023063807,-0.016747246,0.010104149,0.039696086,-0.063911326,-0.046924707,-0.03945577
-0.05544572,-0.055469546,-0.0028049152,0.0529283,-0.0061695636,0.03928669,0.008291188,0.0671565,0.014064227,-0.07945129,-0.074523896,-0.014114259,-0.03482189,-0.018176066,0.01738841,0.08278811,-0.042043965,-0.042761993,-0.05462692,0.0030586796,0.018873107,-0.060169343,-0.017598463,-0.013161893,-0.059319638,-0.036521994,-0.033911694,0.059692785
0.008423898,-0.008898279,0.03427343,0.027846655,0.025196353,-0.033299323,-0.006407538,0.021903617,0.027526852,0.038737096,0.02576601,0.015011517,-0.020083923,0.012873198,-0.02209837,-0.0517009,-0.021388022,0.022130676,0.0003768017,0.028857978,-0.021427345,0.046936102,0.021653892,-2.4232972e-05,-0.06572775,0.017963218,0.04422531,-0.04288887
-0.058090676,-0.051346283,-0.023293512,-0.079900116,-0.057498768,-0.06487545,-0.026940249,-0.057940327,-0.07996114,-0.013867231,-0.018869733,0.030662797,-0.0378751,-0.033094835,0.047015008,0.04412263,-0.0789222,-0.055753756,-0.027001688,-0.077651195,0.013321491,-0.023782376,0.057668015,0.06983404,-0.012876015,-0.06606869,-0.020002728,-0.07606316
0.030622164,0.01794738,-0.025638452,0.052689034,-0.00987864,0.056628715,0.010735023,0.012695954,0.026142072,0.024354907,0.023207748,-0.0379336,0.028339326,0.0654784,0.040750727,0.04232999,-0.0043443698,0.029225107,0.05077964,-0.06532835,0.060428746,0.0039741388,-0.023838915,0.044530127,0.0054389136,0.022005307,0.046860445,0.052137207
0.01451353,-0.07335429,-0.029170584,-0.018262863,-0.032731548,-0.05786474,0.017478954,-0.07406001,0.015812919,0.029045057,0.019742904,-0.07942562,0.07026906,-0.06275049,-0.02716861,-0.041773956,-0.029410072,0.059754305,-0.03690701,-0.07410242,-0.08464024,0.07266537,0.06539146,-0.05098198,-0.005236501,-0.008680924,0.07069294,0.0147660095
0.027515063,0.03828075,0.0739137,-0.0037888016,-0.06095078,-0.030426513,-0.064924605,-0.08139406,0.020165108,0.03976146,0.04344653,0.044641577,0.047204815,-0.020851005,-0.033586662,0.0067475475,0.056549888,0.0064193006,0.0013824655,0.05008443,0.017833348,-0.011423908,-0.07010033,-0.011517262,-0.011915418,0.005346304,0.06592455,-0.028226359
-0.017806657,-0.053125888,-0.00534423,-0.031011917,-0.062480498,-0.021124179,-0.028278649,-0.07965912,-0.024365662,-0.026055224,-0.07385712,-0.056452874,-0.044966385,-0.051375553,-0.055975676,-0.010562905,0.08212957,-0.043413863,-0.060938008,0.0029245275,-0.007536819,-0.06714942,-0.06665431,-0.0427576,-0.055389274,-0.046390075,-0.08280959,-0.09243241
-0.06295306,-0.060430605,-0.03561847,-0.058402065,-0.049064983,0.0059614745,0.053640764,-0.08450574,-0.036970068,-0.027600091,0.030751968,0.011023403,0.07757637,-0.041338656,0.04457115,-0.03400176,-0.0021720612,-0.009136638,-0.05894034,0.021313595,0.035514288,-0.04634463,-0.046483662,-0.027645703,0.040370587,0.019283513,-0.056692015,-0.05441584
-0.06675274,0.027718103,-0.051969763,0.033308424,0.008567636,-0.0018289706,0.053662,-0.06897393,0.038045637,0.05897619,0.037697617,-0.07325633,0.071800135,0.022488305,0.05617141,-0.02102608,-0.047761615,-0.0033309923,-0.030696152,0.044796117,0.037945822,0.013946865,0.07951573,-0.04740774,-0.035868775,-0.05874825,-0.057243146,-0.036355127
-0.030751389,-0.043858007,-0.021411004,-0.006253137,-0.043052454,-0.055357493,0.03632553,-0.058635592,0.0049652853,-0.017663162,0.02275112,0.0177405,-0.018624065,-0.028034788,-0.013428893,-0.0016911747,-0.04462569,-0.037258826,0.011189408,-0.027740723,-0.0030242663,0.03884871,0.01884842,-0.03992816,-0.018331738,-0.034869514,0.026258895,0.03420609
-0.050927855,-0.02051903,-0.03555672,0.03397686,0.0017425462,-0.06970303,0.0040427004,-0.051716782,-0.024041586,0.05421423,-0.04133139,-0.0018649831,0.01459342,-0.022078464,-0.0073316856,-0.020356866,0.009884324,-0.07850551,-0.030706964,-0.0242395,-0.028290857,-0.007864313,-0.04279443,-0.06238657,-0.05680414,-0.03364971,-0.009486847,0.04215914
0.022985756,0.082747154,0.07906052,0.036533292,0.075887516,0.06883955,0.07399035,0.058698397,0.009317171,0.03245156,0.04158879,0.07255309,0.06075929,0.026060654,0.079040855,0.05949057,0.049665887,0.026617248,0.020378007,0.046176784,0.052199084,0.058361758,0.06584951,0.06711526,0.07014053,0.057181958,0.07067336,0.068344355
0.01906158,0.08143628,-0.009165455,-0.046945866,-0.04613669,-0.0407265,-0.07117065,0.026783692,-0.043522682,0.040988617,-0.06528345,-0.05881042,-0.03302285,0.018730152,-0.063763686,0.060279295,-0.024317633,-0.042137314,-0.0071024667,0.035602864,0.0026943164,-0.05704751,-0.053831328,-0.037077755,-0.035326578,-0.061924417,0.015236658,-0.031356636
-0.06885792,-0.078844786,-0.027974963,-0.0031875258,0.06433654,0.02453765,-0.05561754,-0.0029911704,0.024246303,-0.04449079,-0.052220035,-0.07657745,0.001458079,-0.014141228,-0.061759368,0.01977138,0.005344701,-0.02467634,-0.004149974,-0.056255586,-0.04067403,0.045301095,-0.017451102,0.016915997,0.049301714,-0.030538311,-0.022809457,-0.015231179
0.013191109,0.025049135,0.015738374,-0.06694408,-0.02203863,0.0333796,-0.035046294,0.033703152,0.007330773,-0.076839074,-0.01123138,-0.0077199643,-0.02298157,-0.01765728,0.020960985,0.011236096,-0.017684177,0.034022763,-0.04452189,-0.0301083,0.023590658,-0.032410678,-0.05072768,-0.027663115,0.05261203,-0.039929416,0.0325084,0.013722945
-0.051667884,0.005504016,0.036682725,0.060520884,0.05863678,0.049276613,-0.024990352,0.011551095,-0.014635194,-0.040908154,-0.032120075,-0.033722892,0.031841245,-0.075389914,-0.052829,-0.0004562944,-0.02245458,0.007368206,0.0401348,0.022343924,-0.02029048,-0.07366661,-0.04897961,0.010564823,0.029909533,-0.07318886,-0.023176804,0.042386312
0.033089504,-0.013028529,0.04356132,-0.07454506,-0.04545652,-0.055034958,-0.013547154,-0.026670532,-0.0005569467,-0.047901575,0.004324823,0.057881325,-0.059695475,-0.050719015,-0.076282084,-0.032294516,0.028103352,-0.05107641,-0.023939325,-0.051759724,0.0057612965,-0.057035264,-0.04620025,-0.048894864,-0.01642559,0.0484397,-0.060640063,-0.058182877
0.06472225,0.07644023,0.008460291,0.021339485,0.04136725,0.053143278,0.05349178,0.017125105,0.04471778,0.0502169,-0.020489043,0.038595624,-0.02441159,0.013208864,-0.063070364,0.004769815,0.055832848,0.037746187,0.026874216,-0.031461082,-0.022640344,0.055938795,0.03076172,-0.000119126016,-0.039650764,0.050572377,0.013093219,0.038743686
0.04791001,0.06851309,0.07884713,0.08271652,0.08293717,0.079108864,0.06842953,0.08418791,0.06950053,0.08205812,0.07100228,0.06318205,0.06109765,0.08852733,0.08644637,0.06541458,0.068022326,0.051051952,0.08454025,0.057395853,0.08244129,0.080514595,0.075069755,0.08181433,0.062325213,0.072345965,0.080382615,0.07747277
0.05924643,0.0537705,0.06289842,0.06659329,0.07356657,0.057004232,0.063312784,0.067050844,0.071120426,0.061210565,0.032072823,-0.008934478,0.032228343,0.03990564,0.0653328,0.06857446,0.06375946,0.0134684,0.049771395,0.07231785,0.06547388,0.04688386,0.06645714,0.07106298,0.033808015,0.046380684,0.010629555,0.035621632
-0.020580007,0.054083306,-0.04249224,0.06252046,0.050667487,0.06986971,-0.002664258,0.0036767093,0.008646082,-0.023400802,0.023084702,-0.022425871,-0.0031228464,0.006924918,0.04281402,0.027230686,-0.018143447,0.028978605,0.0074441424,0.010901801,0.035729583,-0.0030338052,0.0020334737,0.01027729,0.051242694,0.023858618,0.02251533,0.05243228
0.03174274,0.06310254,-0.0063984464,0.071649894,0.020603344,0.028936896,0.043822102,0.026646888,0.023410123,0.0077810436,0.0318966,0.019656973,0.01023987,0.002660651,0.06658564,0.01412773,0.00936715,0.04829463,0.06427819,0.051655695,-0.0052045533,0.04625676,0.009132264,0.03037114,0.009161166,0.052620485,0.05167743,0.06903392
0.053573534,0.02424738,0.07548048,0.06172301,0.021231629,0.05058462,0.047848195,0.07764169,0.04559963,0.047245145,0.053804062,0.06791278,0.044285696,0.06326382,0.06880142,0.06498358,0.03598833,0.07063652,0.075732864,0.025884429,0.052489962,0.053916693,0.059303354,0.07524911,0.017256606,0.07282043,-0.0009311845,0.027191872
0.01717317,0.026016312,-0.08502402,-0.07816717,-0.081405684,-0.071681894,0.027377531,-0.084549405,-0.08041908,-0.052676633,0.002273375,0.053747147,0.025327364,-0.007602101,-0.059639446,0.049466997,-0.08204731,-0.05652991,0.044983283,-0.06720308,-0.01580543,-0.003663224,-0.0056444574,-0.080311574,0.048145033,-0.07480342,0.0333654,-0.03309985
0.017634112,0.021858774,0.010148823,-0.0050174403,0.03082538,0.0207694,0.06019124,0.015402787,0.00032260633,0.017920498,-0.0024379154,0.027630439,-0.030567518,0.028853444,-0.017709015,-0.036092803,-0.00016574089,-0.04557096,-0.035514306,0.0141451275,0.0017958117,0.026601853,-0.0200077,0.016595796,0.004894235,0.0532796,-0.015382505,-0.020872828
-0.04169407,0.016667211,-0.0017711708,0.015608349,-0.07794714,-0.07322272,-0.05517553,0.033686426,0.048579566,-0.02570006,0.016008416,-0.024502456,-0.025291363,-0.014828082,0.021669777,-0.037361763,-0.058244187,-0.049214974,-0.0089650275,-0.06593518,0.036688484,0.046221454,-0.014203111,-0.0394615,0.023126628,-0.009860871,-0.044246767,-0.04162632
0.031359594,0.015211747,0.06255866,0.07666701,0.02035329,0.01882848,-0.043364428,0.021275379,0.06650088,0.021595309,0.059874862,-0.03490301,0.027197992,-0.057883285,0.046754275,-0.03155705,-0.048245475,0.08018578,-0.0044763605,0.00840196,-0.04395602,0.043155797,0.008787581,0.08228599,-0.0603867,0.016860913,0.06487707,-0.011731687
-0.020740738,-0.048252814,-0.05665081,-0.056389887,-0.046461742,-0.056467265,-0.060233537,-0.06707763,-0.030589856,0.0056765405,-0.0591804,-0.05486367,-0.05533864,-0.05426365,-0.07157863,-0.029614778,-0.020949362,-0.059845317,-0.0410469,-0.0088953115,-0.06225195,-0.05448242,-0.040257707,-0.034211587,-0.056839764,-0.06329671,-0.06676519,-0.04207935
0.05781222,0.03524752,0.031972278,0.035215672,0.058982283,0.023140566,0.006627652,0.059333168,0.07306556,0.017892066,0.0054193414,0.060813885,0.033560522,0.030694643,0.063397124,0.05725067,0.04461057,0.036708646,0.07416341,0.069870666,0.060615934,0.01831789,0.06201993,0.04589177,0.056102715,0.05018438,0.061126232,0.041509327
-0.03525838,0.004146133,0.01416188,0.039931014,-0.00063821865,-0.06595055,-0.06016198,-0.018660635,0.034947522,-0.024627147,-0.0038068264,-0.08263868,0.008216116,-0.009403039,-0.036137678,-0.070941925,-0.02890746,-0.032566186,0.0152402865,-0.054207414,-0.05965604,-0.035256524,-0.044540156,-0.025083337,-0.04955037,-0.050396677,-0.005221137,-0.0650886
0.057954844,0.056952134,0.04953078,0.0009972791,0.03272269,0.03129285,0.08186974,0.05917945,-0.043917153,0.020689273,-0.016016735,-0.015441617,-0.04216096,-0.056758355,-0.050582655,-0.0011845324,0.025591295,-0.03221525,-0.008313804,-0.07847931,0.037388615,0.032307837,0.06506992,-0.026192201,-0.0732688,0.07511099,-0.044363093,-0.025925105
0.028188964,0.060064178,-0.011401155,0.050779734,0.009519413,0.08017425,0.06911092,0.08736319,0.02147628,-0.07545805,0.08629616,0.018562796,0.0063506197,0.08395292,-0.011814054,-0.0006803776,0.030188477,0.03612246,0.07941134,0.020789996,0.06643659,0.07391203,0.064043276,0.050453775,-0.060043864,-0.032747746,0.04848771,0.013363866
-0.07003331,-0.018885065,-0.013604276,-0.011762076,0.039550453,-0.032540515,-0.04178955,-0.05158568,-0.054688293,-0.049065746,-0.03211682,0.015959192,0.0023365123,-0.05420475,-0.054125976,0.020493107,-0.056324415,-0.032507006,-0.06750453,-0.044705916,-0.039697573,-0.024573483,-0.028828872,0.006174519,0.003120986,-0.05489708,-0.07097788,-0.06635405
0.025565423,-0.024812674,-0.061040416,0.03525751,-0.024212388,-0.049143728,0.009370328,-0.021895576,-0.028201666,0.06236552,-0.06611205,-0.06812343,0.019067356,0.004389059,-0.045102682,0.016287928,0.022339435,0.0655218,-0.061936054,-0.03768214,0.016759565,0.0024911012,0.028117333,-0.0074886475,0.030036567,0.035604026,-0.033998318,0.06842092
0.035689663,0.055427466,0.047622528,0.023727266,-0.048764035,-0.06981671,-0.03253021,0.012135346,0.018300246,-0.07461672,-0.004082611,0.008005466,-0.016232027,-0.03569856,-0.0103626875,0.020006772,0.021716036,0.06859729,0.002214321,0.050230462,-0.05108067,0.007046112,-0.009696971,-0.005699195,-0.06870551,-0.05484581,0.045324437,0.028918907
-0.012726159,-0.047131266,-0.07672782,0.044729806,-0.07078044,-0.029836193,0.016692895,0.015313488,-0.03518738,0.047125973,0.046892624,-0.027345732,0.06536007,0.0019434291,0.06427174,-0.02129762,0.024562355,0.048554055,-0.056863364,-0.06837319,-0.049952526,-0.048564155,-0.0030541571,-0.023099754,0.057922516,-0.038706947,0.040765822,-0.04185726
0.009547888,0.042811487,0.029169323,-0.00037603528,0.031794228,0.04511811,0.07424781,0.051822256,-0.003431527,-0.0125470925,0.04941412,-0.045423903,0.036348537,0.022619173,0.07157615,-0.051392633,-0.052785546,0.018500865,-0.046863403,0.011509614,0.05395707,0.021449396,0.0047016107,-0.021254,0.014899924,0.04607227,0.024842203,0.040889785
-0.009230074,0.018506628,0.045606855,0.04288101,0.047966626,0.028876174,-0.028242411,0.04518631,0.037962124,0.030481175,0.0079862485,-0.025529979,0.0022144613,0.041841704,0.061352756,0.06842165,0.005011307,0.036476523,0.03643215,0.067349754,0.062405467,-0.021080187,0.044412144,0.05273555,0.0047817864,-0.031376213,0.0120796645,0.042169932
-0.054185,-0.07542162,-0.042147443,0.0041402928,-0.028438631,-0.065635726,-0.05425092,-0.05994189,-0.04957696,-0.038735554,-0.032536704,-0.07758192,-0.015838016,-0.050877284,-0.061007198,-0.05198958,-0.062229637,-0.041661672,-0.055921435,-0.064667925,-0.06884058,-0.048070967,-0.015500264,-0.033188518,0.025799152,-0.055426862,-0.054492086,-0.041186392
0.035635684,0.037958924,0.0003287728,-0.012953011,0.01885948,0.0758938,-0.010690666,0.017747771,0.036442153,0.022793232,-0.04569068,0.055073943,0.04138144,0.0869413,0.06744723,0.0033038699,0.021675786,0.04445578,0.051634725,0.07468504,0.07949671,0.06811154,0.028755814,0.0043975227,-0.030301662,-0.015981454,-0.029692888,0.01611876
-0.025970502,-0.01604456,-0.01314098,-0.016550109,-0.08030666,-0.073805325,-0.07065541,-0.06044737,-0.05768066,-0.06414968,0.017142376,-0.060844578,-0.06693545,0.027976105,-0.06576525,0.07353167,-0.06427603,0.013763034,-0.070033744,-0.062436186,-0.03404222,0.014437563,-0.059979968,-0.023956133,-0.0024207702,-0.0072489576,-0.061569154,-0.0009974818
0.04131639,-0.05270217,-0.045450207,-0.0124578,-0.058826223,-0.028591845,-0.0516104,-0.02832518,-0.04274852,-0.006916948,-0.02213852,-0.044151593,-0.07786263,-0.009206579,-0.025045594,0.021649001,-0.037522443,-0.06742915,-0.022630895,-0.0525354,-0.044230923,-0.0078469515,-0.024092704,-0.004169692,-0.028302712,-0.0540012,-0.052650217,-0.068074845
-0.018237295,0.05947336,-0.05204326,-0.03963677,-0.013593797,-0.06015923,-0.006496144,-0.003557884,-0.05624936,0.06901529,0.07483448,-0.07712989,0.046064984,-0.027159266,-0.012875165,-0.070918314,0.016501565,-0.05587725,0.048797574,-0.055884454,-0.0030738022,0.06856241,-0.019721545,0.01195312,-0.017897204,-0.06610515,0.037925884,0.03447205
-0.05396716,-0.08055688,-0.07855403,0.03366373,0.0025452669,-0.058264766,-0.05972386,-0.07776313,-0.07930963,-0.041839093,-0.07514998,-0.081080005,-0.06800108,-0.07661287,-0.0425541,0.0262116,-0.054767046,-0.08983698,-0.077988476,-0.07076054,-0.08385202,-0.05443609,-0.058531187,-0.05004085,-0.064057246,-0.05312454,-0.05323067,-0.084247015
-0.02967503,0.0016487639,-0.05212366,-0.06347771,-0.02715451,0.05065685,-0.052420065,-0.03976154,0.0070063607,-0.058882177,0.06289762,0.05140132,0.0013030735,0.04092709,0.0038150505,-0.009535315,0.018460136,0.079330005,0.03769593,-0.04198288,0.016782774,-0.022467678,-0.035607357,0.037603803,-0.042931486,-0.05286275,0.051040027,0.009392473
-0.060269948,-0.013909574,0.00015916524,0.026807705,-0.0071691032,0.011339734,0.01494194,-0.026533067,-0.022861665,0.04154692,0.0097824,0.06778275,0.033412464,-0.011269612,0.050711624,0.01370181,0.0028780887,0.043062467,0.037427314,0.067252606,0.0033342429,0.012361083,0.070013955,0.0851835,-0.024643043,-0.06989304,0.019744711,0.030454228
0.034285046,0.026039677,0.07438193,-0.040186964,-0.041883938,0.00075353275,-0.03662463,-0.027951492,-0.007349502,-0.052841548,-0.044123415,0.02835591,-0.053759765,-0.020057594,0.06905024,-0.048474602,0.014478355,0.039479535,0.07348592,-0.056021724,-0.05766336,-0.02347628,0.042031255,0.056302153,-0.054766547,0.057063736,-0.08111578,-0.0043697995
-0.04481103,0.03712227,-0.03983371,-0.017987214,0.00594048,0.019099843,-0.06486081,0.035969853,0.0077128373,0.015288111,0.0059125386,0.037246328,-0.07171285,-0.052774154,-0.05933674,-0.015579965,-0.005050127,0.033942632,0.057514705,-0.03800232,-0.015087165,0.0065430636,0.050561085,-0.032497507,-0.01826686,-0.00039087667,0.030547073,-0.050323367
0.047143854,-0.011736101,-0.051188227,-0.06576085,-0.057665866,-0.0077343704,0.00050940824,-0.020624802,0.007961441,0.03376531,-0.025869919,-0.043253556,-0.037686855,-0.026255906,-0.050692093,-0.03353275,0.0066276165,0.024402944,0.047914486,-0.041135296,-0.054563064,0.04632698,0.029833773,-0.009961121,-0.054181825,0.042354874,0.026444644,-0.05106205
-0.008053624,-0.030453742,-0.03545242,0.026858533,-0.02683969,0.0040519,-0.020932417,-0.01965112,-0.07103057,0.024225742,-0.033766545,-0.00894283,0.053998526,0.0574875,0.015825642,0.047540706,-0.02862763,0.041002028,-0.0033675786,-0.042329986,-0.00047259466,0.012145204,-0.012318127,-0.026087655,0.02414073,-0.01518245,0.034020588,0.014656282
0.042822734,-0.032964393,0.021968802,0.026597917,0.06837995,0.0025971245,-0.0022498856,-0.032254174,-0.011653902,-0.0674635,-0.033351503,-0.0034706981,-0.005873575,-0.04171503,-0.02253762,0.017206214,-0.06965277,-0.06200184,-0.01747962,-0.0018544797,-0.041904632,-0.040396813,-0.07379754,-0.016409757,-0.01863503,-0.01154658,-0.030491166,-0.035548795
-0.0447714,0.0587475,-0.07922803,-0.057037048,-0.028071808,-0.07141702,-0.037145324,0.007305408,-0.007842443,-0.016739592,0.030825,-0.04122814,-0.011820534,-0.030171556,-0.027412418,-0.036170628,-0.037515372,-0.03846296,-0.053483028,0.052112598,-0.015880661,0.030505389,-0.044865064,0.051853564,-0.04903112,-0.0068630576,-0.0068278047,0.036332905
-0.016775405,-0.06379292,-0.066940576,-0.030167872,-0.058607202,-0.03252025,-0.050475333,-0.05718037,-0.057301052,-0.08185882,-0.040342186,-0.043361373,-0.038678125,-0.0038288906,-0.049213085,0.092833936,-0.053559307,-0.014215325,-0.06802716,-0.07385281,-0.027392816,-0.08225457,-0.015466088,-0.068372056,-0.03050532,-0.072908044,-0.060109627,-0.016357044
-0.05242597,0.036993068,-0.029182112,-0.072753906,0.0026941716,0.056664113,0.0067826286,-0.0044498085,-0.016433958,0.006017653,-0.049981218,-0.045548383,-0.07348762,0.08502055,-0.047315396,-0.027462682,-0.03044754,-0.05031564,0.053616766,0.07025606,0.06596057,-0.030322429,0.0013822605,-0.031090008,-0.012091794,-0.060171656,-0.014666443,0.007625058
-0.0357659,0.03882672,0.0077722967,0.04663675,0.046504237,0.028461428,0.013037959,0.018791486,0.005910969,-0.014333727,0.018988505,0.0054863812,-0.008785336,0.03206003,0.008927564,0.02157146,-0.036030285,-0.0126809,0.018271618,0.009047609,0.009412581,-0.03248002,0.013741091,0.02253245,-0.034003805,0.014407473,-0.04154129,0.035570234
-0.070393056,-0.028006697,-0.05155908,0.065358326,0.03492494,0.0145662315,0.07214779,-0.011741353,-0.023637917,-0.02487933,-0.036931515,-0.0120878145,0.078007184,-0.008945782,-0.004292694,0.03902488,0.033738177,-0.010626154,-0.059323356,0.02407109,-0.0070467144,0.013501216,-0.04421612,0.0024947403,-0.07187003,-0.04070186,0.07607259,-0.006392562
0.022010854,-0.05086557,0.007605042,0.018147342,-0.011847768,-0.07017351,-0.030115692,-0.025936136,0.0007653071,-0.035535693,-0.05298321,-0.051543623,-0.0065485258,-0.025945755,-0.010514798,-0.039343115,-0.016752552,-0.01224282,0.029575527,-0.005643505,-0.056269612,-0.009906994,0.001240328,0.0008837631,-0.041345716,-0.019696293,-0.03746005,-0.03200018
0.06199025,-0.004604397,0.0051480136,-0.012385343,0.033674583,0.04080238,-0.015955895,0.009355613,-0.00012120257,0.004526123,-0.017094726,0.05201401,0.0045219953,0.008411436,0.057713084,0.05404707,0.040845297,-0.042310193,0.016217163,0.009815043,0.05477831,-0.034366593,0.013179482,0.06331242,0.04492718,0.039676517,0.025487784,0.076989725
0.046275865,-0.0007831633,0.06807629,-0.010421446,-0.02609036,0.044398032,0.030702375,-0.021970445,-0.02866816,-0.024265097,-0.021490894,0.038612664,-0.026820837,0.014716387,-0.011110918,-0.032144453,-0.03621867,-0.03191055,0.0078995945,-0.034873363,0.0283068,-0.045066647,-0.050116863,-0.040295247,-0.0789883,-0.043935068,-0.031797264,-0.04047601
-0.051616244,0.006662733,-0.02139132,0.012018789,0.059696004,0.028074015,0.05216083,0.02493291,-0.03597147,-0.0635141,-0.017244173,0.037955087,0.072598994,-0.0020334283,-0.012373511,0.0309304,-0.06626791,-0.027722714,-0.06937235,-0.030713756,0.07262825,-0.035106484,-0.044924233,0.04739779,0.04155332,0.03691555,-0.05453802,-0.037958026
-0.068950795,-0.031341463,-0.031356446,0.029205883,0.04235929,-0.00053426257,-0.010943103,-0.04624756,-0.058853827,-0.0722435,-0.07996312,0.007821317,-0.009965655,-0.044774346,0.015963793,-0.019244742,-0.037217665,-0.070817985,-0.020153705,-0.05446717,-0.033883646,-0.07974927,-0.014486952,0.037897483,0.029329626,0.033391383,-0.08396296,0.02456229
0.07802676,-0.005253954,0.06963593,0.03523098,0.054754145,0.05320293,0.0422116,0.048503015,0.057616156,0.06910269,0.052892767,-0.057779208,0.042182002,0.06326907,0.05770924,0.039955102,0.046946373,0.011580581,0.016655324,0.035873245,0.05252846,0.030352864,0.04605299,0.015877007,0.047468033,0.063378535,0.056547817,0.05818885
0.04178929,0.07461483,0.059197232,0.0397454,0.015855072,-0.022112323,0.006510707,0.053599123,0.07264446,-0.038854238,0.0031135888,0.043492727,0.007318247,0.050849773,-0.01775168,0.041041605,0.06450226,-0.019083945,-0.027886575,0.014256581,0.032684322,0.012442196,0.024133725,0.047746547,0.033797238,0.04477786,-0.003760502,-0.007168963
-0.0759206,0.028564708,-0.038766515,-0.016458422,0.069021866,-0.035071198,-0.011830011,-0.065415986,-0.0795089,-0.02935568,-0.017962785,-0.079578936,-0.048570413,-0.008197858,0.030069245,0.02515489,0.04567743,0.038076468,-0.0724682,0.05650831,-0.055233233,0.01724554,0.046738576,0.019017503,-0.07760683,-0.052882683,-0.05505388,-0.05908013
0.07826152,-0.0039047897,0.08399699,-0.013516761,-0.019751072,-0.033522885,-0.051111393,0.048466925,0.060821272,0.024497874,0.06178682,0.038068034,-0.034935314,-0.044208538,-0.010523053,-0.035610925,0.055200912,-0.041822392,0.040110707,-0.019989436,-0.06757556,0.054253682,0.003145064,-0.0014122226,0.03073522,0.030202206,0.014915756,0.00896171
0.034427833,0.00074642047,-0.052088644,0.033805322,-0.04692618,-0.06949767,-0.026256284,-0.058622073,-0.029066557,-0.05712315,0.018497882,-0.023359207,-0.015618153,-0.087523945,-0.04051483,0.033896543,-0.015873918,-0.06294686,-0.031934608,0.027736785,-0.081053734,-0.05270903,-0.011772483,-0.04980308,-0.014396293,-0.042782273,0.0014202166,0.005172399
0.027521743,0.06512712,0.076832764,-0.06696063,-0.057283256,0.07129631,-0.034201574,-0.019067474,-0.042899966,0.016876375,0.07891533,0.073150046,-0.014588522,-0.0055304277,0.0029712447,-0.052205756,0.071451925,0.067033716,0.06439627,0.060064275,0.011471143,0.046162035,-0.023020403,-0.024353372,0.034982137,-0.0060188416,0.033632442,-0.0730159
-0.00081321533,0.04275461,0.06445959,0.06525716,0.056058906,0.06817241,0.01399171,0.05607819,0.06411362,-0.041379474,0.05538473,0.035806138,0.019557176,-0.039552774,0.046858735,0.052283183,0.04925741,0.047591157,-0.026077913,0.021115128,-0.020694157,0.022195874,0.043819986,0.03944071,0.004919997,0.055114467,0.049837627,0.07310944
0.06321315,0.013122013,0.004679197,-0.019950071,0.07195466,0.07241634,0.047122937,0.04249969,0.046690296,0.023242418,0.052578647,0.056537576,0.07865883,0.055539027,0.0748006,0.034794506,0.05927199,0.012846441,0.053563595,-0.0005581339,0.07927441,0.005578664,0.03367246,0.07128183,0.03421849,0.07475659,0.056263804,0.05321847
0.05154638,0.033616144,0.07194044,0.008657575,-0.01989407,0.008280876,-0.03705693,-0.025208537,0.06931713,-0.03474614,0.055670712,0.059494045,0.038691316,0.035777282,0.042108413,-0.0330025,0.039413624,0.07536495,-0.013565205,0.079244785,-0.026224822,0.009671603,0.005464007,-0.048370145,0.04481545,0.07215679,0.0077731176,0.05216685
-0.08465169,-0.04774401,-0.0784331,0.010816914,-0.04341776,-0.062519,0.02616205,-0.041353032,-0.07739245,-0.049707726,-0.0025033844,-0.022535425,0.057857927,-0.011793107,-0.071027815,0.015896186,-0.07342649,0.027589796,0.0015726415,0.01171802,-0.00536652,-0.0052728183,0.03895487,-0.07250043,-0.010416474,-0.06359718,-0.08454051,-0.085453935
-0.076780766,-0.019936427,-0.0814768,-0.07755215,-0.072948016,0.026964644,-0.0038830673,0.00937961,-0.077952415,-0.035027087,-0.051185373,-0.019462975,-0.04844772,0.034349326,-0.011380333,-0.013483058,-0.009155171,-0.0287855,-0.0036375185,-0.08234651,0.05582685,0.05807758,-0.008797516,0.0134889465,0.037961155,-0.029690364,-0.04477011,-0.05756929
0.031053102,-0.006373443,0.046244808,-0.052969713,-0.01140939,0.081156515,-0.07301831,0.026681429,-0.0046404004,-0.018103065,-0.030975625,0.0601116,0.031771626,0.03571975,0.0035667953,-0.061175175,-0.031616166,0.030722942,-0.03532159,-0.051417463,0.06317797,-0.072857715,0.023504423,-0.0022163114,0.04270565,0.049283117,-0.037079934,-0.026690189
-0.041285437,0.009224642,0.0014887603,-0.033269674,-0.022420093,-0.014855736,-0.02036273,-0.03651865,-0.03052748,0.034660738,0.039843034,0.005031044,0.045962106,-0.0554819,-0.011076836,-0.061910994,0.020028416,-0.052814964,0.039785102,-0.035286576,-0.035452873,0.029869838,0.026877765,0.009571034,0.024025228,-0.035703387,-0.029139604,0.008248659
0.005670298,-0.015752822,0.06766979,0.06378127,0.0040304814,0.033985484,0.032821834,0.0002282255,0.036288913,0.061117265,-0.0063340575,0.054674994,0.053433944,0.020585237,0.036399227,0.03653091,0.030557161,0.037116017,-0.020275863,0.034990087,0.04629213,-0.030708982,0.05380262,0.024913188,0.06261465,0.038660068,-0.025989063,-0.009879418
-0.022342455,-0.039077614,-0.05435179,-0.027139071,0.011266595,0.015236641,0.064262256,0.024190206,-0.0014163579,0.040988285,-0.0033456015,-0.03183373,-0.040088482,-0.006873778,0.021963943,-0.020015752,0.05633301,0.0109874485,0.023637125,0.03167961,-0.023085639,0.042044397,0.039372317,0.036063153,-0.036222804,0.05699345,0.034405135,-0.017781388
-0.043905612,-0.050034907,-0.02064751,0.04923181,-0.05720712,-0.050245017,-0.028496671,0.007376687,-0.055900082,-0.035955373,-0.01975608,-0.07054737,-0.051720027,0.020376965,0.021112876,0.044175655,-0.0301718,-0.051071234,-0.029010432,0.009492951,0.042515364,-0.0010975945,-0.050130393,-0.025519384,-0.04642343,-0.069478415,-0.068228945,-0.02502628
-0.006290024,0.03145245,0.0326553,0.07040244,0.07462394,0.041870985,0.0042554196,0.053461123,0.021161532,0.04150279,-0.002046874,-0.06023961,0.065279745,0.07856771,0.029689858,-0.00014660592,0.004791565,0.083931394,-0.010603003,0.06830963,-0.009895387,0.05240072,-0.009365941,0.06895667,-0.00054419925,-0.053641897,0.03664097,-0.04948456
0.01789542,0.07679775,0.07728988,0.08233633,0.086199135,0.08584852,0.06012324,0.076162875,0.080903955,0.036856953,0.08163501,0.07204891,0.01392456,0.0494215,0.07219334,0.029450197,0.064575,0.03980567,0.05999319,0.07552761,0.044689044,0.06344284,0.066840425,0.053978734,0.077063195,0.06296663,0.06354659,0.07147309
0.004496399,-0.009980899,-0.040882565,0.031685837,0.022546278,-0.015078396,-0.010026339,0.045978583,0.016347481,-0.046371646,-0.0031628609,-0.014495399,0.032849688,0.021844186,0.012559477,0.07418943,-0.050022267,0.02142883,-0.03284814,-0.0069879247,-0.04343629,-0.012509018,-0.059274025,0.028580746,0.0016726269,-0.025585946,-0.008863439,0.016096503
0.046198312,-0.040869363,0.037726186,-0.03815563,0.03195927,-0.025082648,0.04240291,-0.0010799712,-0.05380527,0.0067129135,-0.07845432,0.045628633,0.031413633,-0.020258298,-0.04266226,0.03929576,0.045820095,-0.0118261445,-0.0061653377,0.049658783,-0.04406709,0.024035232,-0.07896914,0.054751385,0.023752494,0.04756499,-0.029694578,-0.055717524
-0.017684119,-0.050318338,-0.06706917,-0.06309026,-0.02962306,-0.072236694,0.05906465,-0.05894102,-0.0706553,0.009375261,-0.073982745,-0.06531992,-0.054808922,-0.068808906,-0.059111007,-0.06925923,0.0013393646,-0.07279795,-0.06214357,-0.046392273,-0.07583328,-0.033430845,-0.0687476,-0.054234523,-0.047370415,-0.028391903,-0.016827209,0.036221154
0.07353831,-0.013448139,-0.040106222,0.012418801,0.033996515,-0.044105392,0.03399416,0.02244404,-0.026405513,0.025622254,0.020619549,-0.015859919,-0.04188066,-0.020443536,0.05547024,0.012519508,-0.00014178237,0.065723024,-0.011552536,0.06772346,0.033857565,0.04224198,-0.0017575915,-0.044055358,-0.047139984,0.015821882,-0.050853483,-0.016508373
0.014658675,-0.015599835,-0.013267121,0.031929035,-0.06336784,-0.04621513,-0.014854164,-0.023969112,-0.004485024,0.016006997,-0.013606999,-0.017471395,0.010231201,0.013559423,0.027624052,-0.03330184,0.012694316,0.041713275,-0.04469044,0.05331739,-0.0006640467,-0.021818079,0.027673384,-0.0076578157,-0.003751119,-0.03133226,-0.022135919,0.041575555
0.018983847,0.013500095,0.055214908,-0.04281551,-0.042109564,-0.05415706,-0.07528389,-0.067912206,0.068883315,0.040369924,-0.01485887,-0.021709986,-0.015636416,-0.085445076,-0.056514654,-0.028619695,0.078909084,-0.001771114,0.051194992,-0.044621874,0.08440149,-0.014703884,-0.040114887,-0.020070376,0.029362703,-0.00072199915,0.08401908,-0.08603631
0.014733964,0.0152233085,0.038592003,0.018794728,-0.02346877,0.025651984,-0.0048295,-0.021317154,0.016070422,0.029041868,-0.03956625,0.013203231,-0.062081438,0.03361983,0.02569865,-0.044480935,0.012961734,-0.009705816,-0.0023489378,0.045828454,-0.024892502,0.05817865,-0.011944663,0.05792648,0.012504618,0.028682422,-0.03892638,-0.0098371655
-0.024963144,-0.007218258,-0.009096613,-0.012166957,-0.040650915,-0.06745819,0.046043534,-0.0827968,-0.07540531,-0.052171465,-0.0022734706,0.015412458,0.02116668,-0.07938943,-0.035520837,-0.0069591496,-0.005625444,-0.026989628,-0.08987433,-0.06418774,-0.08140474,-0.044177476,-0.05113897,-0.067987636,-0.042234022,-0.025924966,-0.062272288,-0.015334606
0.04739208,0.029745404,-0.010221794,0.009145486,-0.050836682,0.034925412,-0.027779419,0.0034908738,0.013319059,-0.040426392,-0.030965038,0.0077582165,-0.04569448,0.00076128094,0.032420896,0.011554638,0.056230847,-0.014114533,-0.018472102,0.002254581,-0.023958758,-0.0820205,-0.035424042,-0.03423672,-0.04803352,0.06359177,0.022494948,0.08519597
-0.01584684,0.0699277,0.07279519,0.06924176,0.049218476,0.04832685,-0.038565706,0.0068745213,0.025597902,0.04270652,0.07913585,0.07644833,0.046399705,0.027830826,-0.060779735,0.05743919,-0.03335717,-0.015087747,-0.020811053,0.004285561,0.013796546,-0.03822458,0.009809199,-0.054429896,-0.023620978,0.018757656,-0.004516982,0.02691907
0.034331717,0.0056230435,0.0159315,-0.024731146,0.038758967,0.035187833,0.0009214317,0.020562658,-0.011344978,-0.020413801,-0.012060768,0.017587006,0.050866652,0.02010077,-0.002005204,0.049355123,0.021111937,0.0603825,0.01766227,-0.0076583484,0.009476496,0.014808096,0.035569917,0.0074199853,0.054926485,0.023250945,0.02030434,0.033114504
0.028395548,-0.009090804,-0.07050897,-0.02948232,-0.06335322,-0.026487976,-0.021437356,-0.061304156,0.008068012,0.013447262,0.019733235,-0.03140093,-0.058882233,0.031157432,0.030255077,-0.07751707,0.013864882,-0.08387163,-0.025348024,0.04625113,0.032262743,-0.010603631,-0.0048901183,-0.05205417,-0.043183457,0.04907027,-0.050645534,0.015863454
0.014216188,0.06888418,0.033738095,0.0714061,0.07708866,-0.0014935543,0.041031733,0.056437843,0.07340664,0.016331935,-0.017482165,-0.029031059,0.07152112,-0.040913228,-0.037747823,0.07769692,0.05362028,0.02649995,0.015839128,0.06802467,-0.0043286793,0.010278077,0.024897771,0.021534167,0.061494507,-0.04826895,-0.0010717959,0.063197516
0.03686309,-0.056410626,-0.028748708,-0.014545432,-0.029858323,-0.012445818,-0.054510586,-0.016343735,-0.05730841,-0.039597973,-0.06398534,-0.056725968,0.025692055,-0.023356006,-0.0065642856,0.02863623,-0.016028207,-0.04784083,-0.0051918603,-0.064799085,-0.035723124,-0.047110617,0.02703287,-0.010949515,-0.052440356,-0.03322315,-0.07174463,-0.06066772
0.015835788,0.010683277,0.01767586,0.000762532,0.043041427,-0.021196282,0.08538283,0.07236851,0.0212346,0.0400987,-0.060731772,-0.010036239,0.050599605,0.02560687,-0.0061335415,-0.06286688,0.07952579,0.031010421,0.07358146,0.025527416,0.0042082993,0.026263304,0.06637448,-0.056153275,0.0277254,0.0803177,-0.051444184,-0.049620055
-0.039943628,0.014733071,-0.07746176,-0.02078215,-0.05747415,-0.026270133,-0.013123172,-0.01789912,-0.059907895,-0.059347913,-0.0006923649,-0.0013635617,-0.07227222,0.02832026,-0.06629387,-0.04773193,-0.07345637,-0.05364978,-0.07209495,-0.080585584,0.01553296,-0.07449632,-0.07291951,0.017172936,-0.0793176,0.0022732995,-0.06405828,0.0018156838
0.055905625,-0.07441149,-0.025982402,-0.012947264,0.015109361,-0.010998445,0.0003941781,-0.05983393,-0.065735005,-0.03162054,-0.04628684,-0.0014801387,-0.015931629,0.01867207,-0.025669081,0.041632973,-0.014984161,0.05002272,-0.03281019,-0.015492157,-0.058363333,-0.07670242,-0.0089868,0.00087080174,-0.0040061884,0.044578604,-0.070690006,-0.0313293
-0.034303594,-0.002909813,-0.024978414,-0.07856651,-0.036044262,-0.004701522,-0.036579106,-0.04433735,-0.017859185,-0.03322474,-0.06266077,-0.055160075,-0.03649875,-0.0071798693,-0.043801326,-0.08018895,-0.03090433,-0.07133397,-0.019545896,-0.013975636,-0.014742985,-0.06361777,-0.038481213,-0.0350749,-0.058582295,-0.05728781,-0.03338688,-0.051281247
0.051020544,0.05862506,0.035866544,0.040557507,0.024724623,-0.013088742,0.08488962,0.07489702,0.07298357,0.04991818,-0.021749679,-0.06940889,0.07103236,0.0034108886,-0.028985752,0.036507726,0.08187051,0.003993931,0.03338428,-0.02918317,0.046516497,0.07121281,0.0060662497,-0.032526854,0.06076146,0.080518715,0.0418262,-0.00011858786
-0.018673336,0.01292124,0.03892807,0.0392287,0.060529515,-0.047335967,0.01917921,0.009817813,0.012476128,0.05006635,-0.01024258,0.018273154,0.040653482,-0.058321714,-0.034448218,0.042618234,0.03661355,0.008663085,0.0081317285,0.010556227,-0.011829876,0.03982502,0.025209162,0.04420261,-0.008742631,0.04112889,0.018911622,-0.04266719
-0.05681527,-0.012838425,0.011187193,0.00043830273,0.0072280196,-0.01510935,-0.05428815,-0.024046002,-0.02592448,0.031152075,-0.04938792,0.0188078,-0.027806833,-0.025729772,-0.070721395,-0.07156195,0.04063446,-0.020686183,0.036963504,-0.036130644,-0.041599877,0.011762953,0.04692081,0.018177414,-0.057956565,-0.06158556,0.06623712,0.0016029498
-0.051909924,-0.06305901,-0.050412286,0.011758428,0.005727643,0.015774747,0.014690278,-0.017723547,-0.06844321,-0.027114274,-0.06661086,-0.023960661,-0.052473977,0.021556238,-0.041739956,0.014694501,-0.04442016,0.016903311,0.033482034,-0.048388295,-0.053727657,-0.023004368,-0.06681138,-0.048516694,-0.05275253,-0.029766308,-0.062089212,-0.027801093
-0.00084067206,0.008273666,0.02287537,0.034688666,0.058276817,0.0072754817,-0.034325838,-0.039390054,0.037708443,0.007353726,0.016884254,0.016622446,0.069128506,-0.042775072,0.04572823,-0.023637006,-0.011533367,0.019543147,-0.0134343,-0.042013954,-0.028518485,-0.010025928,-0.033459246,0.002212693,0.013482794,-0.037898436,0.048182953,0.062260173
-0.019243501,0.07017704,0.03588663,0.037669946,-0.040240236,0.010838852,-0.023538584,-0.019355517,0.014161971,0.03677478,-0.0510924,-0.022594035,-0.0007075272,0.06500738,0.049508404,0.03704436,-0.027075918,-0.029731337,0.039218757,-0.02228274,0.06107708,-0.046563186,0.033894677,-0.059380427,-0.044458225,-0.0510949,-0.003465652,-0.05254466
0.054782417,-0.030920886,-0.06449044,0.01214108,0.04206061,0.029047895,0.024953017,-0.010515931,-0.035902094,-0.031103902,-0.054181486,-0.0082239,0.054139897,-0.060795795,-0.017752446,0.039935425,0.028862301,-0.0396944,-0.053928472,0.025986044,-0.033380177,-0.03367398,-0.0035075627,-0.001134123,0.006545912,0.004349034,-0.008545737,0.041963644
0.051452,-0.0048232395,0.005242433,-0.075073905,-0.0560275,-0.046182316,0.039720677,-0.004237161,0.035704833,0.037338845,-0.016518544,-0.005775043,-0.036154166,-0.06296464,-0.08493596,-0.030726265,0.06966971,0.07391305,-0.03162386,-0.051047165,0.0050672092,-0.012427528,-0.07331259,-0.020881835,0.004308236,-0.012399277,-0.019671345,-0.05294681
-0.029694866,0.067608885,0.044951223,0.079521805,0.085210815,0.08081027,0.013958843,0.03349897,0.044420566,0.06416593,0.029094012,0.04427221,0.08283798,0.025533704,0.023283307,-0.02557285,0.066663556,-0.009039014,0.008271384,0.0235739,0.043768506,0.083981216,0.043057695,0.07657479,0.080931686,0.020862194,0.0753889,0.004252899
0.025303883,0.019154035,0.039719988,0.059227712,0.03199789,-0.03164123,0.012322739,0.031285655,-0.039512336,-0.061463557,0.038521323,-0.07200489,-0.058488652,-0.03280047,0.014092747,-0.027721059,0.021346526,-0.017725542,-0.011400229,0.0025122664,0.02017515,0.0045537124,-0.04466945,0.02850217,-0.071031354,0.04145676,-0.00063000136,0.013562322
-0.03597925,0.042538684,0.019975143,-0.07662449,-0.053799488,0.04722693,-0.04466778,-0.0071065016,0.056278806,-0.04394715,0.07098472,0.036061775,-0.014035712,-0.04992749,-0.024955722,0.007520203,0.01821993,0.0044894116,0.057430804,0.028841814,0.06522321,-0.03606458,-0.04256787,-0.061191507,-0.01598127,-0.037621107,0.055928756,0.04879988
-0.030128593,-0.021670246,-0.02803681,0.011495654,0.029671602,0.012510958,-0.0021181684,-0.010226586,-0.0691621,-0.05801858,0.037944607,0.06774381,-0.042444885,0.071957424,0.02397859,0.036400124,-0.050689068,-0.014410799,0.00613542,-0.05629379,0.06286804,-0.019354807,-0.021573905,-0.018395733,0.004535714,-0.017676521,-0.015257187,-0.058163803
-0.015252479,0.007305353,0.008805079,0.071062244,0.05136534,-0.0819202,0.04908285,0.035124164,0.002260111,0.01583792,0.0074053393,0.012420337,-0.020539131,-0.070526995,-0.0013413529,0.09303002,-0.01017955,0.024464563,0.06754732,0.018544428,-0.055138946,0.0045889234,-0.0021541195,-0.019810168,0.05379174,0.00515655,0.025654059,-0.016493306
-0.03563158,-0.051024742,-0.002725388,-0.05895405,-0.034770798,-0.02458453,-0.04404516,-0.031082306,-0.020901056,-0.022385439,-0.014646377,0.056471415,0.014772962,0.011957968,-0.041635953,0.023881793,-0.055243563,-0.016068185,-0.05266774,-0.031920865,0.066111386,-0.069797516,-0.06446687,-0.03398198,-0.06132535,0.04474022,0.005399186,-0.00927815
0.02561357,-0.03479302,-0.012931208,-0.055183813,-0.057504807,-0.07443973,-0.020945737,-0.017188538,-0.026973791,-0.050549947,-0.02198084,-0.07295278,-0.07046784,0.055032328,-0.007677698,-0.008439557,-0.014111399,-0.014182027,0.02156636,-0.016841462,0.038815666,0.0042978292,-0.037577223,0.03461486,-0.0018839434,-0.026358806,-0.032127246,-0.08610091
0.058200177,-0.0040555815,0.023333082,-0.029178279,-0.013334509,-0.059488315,-0.010998949,-0.0211084,-0.008850484,0.025712026,0.021714805,-0.043681227,-0.026421962,0.0058804974,-0.03930207,-0.058359995,-0.050504666,0.029372388,-0.010465177,-0.04403755,0.039046463,-0.053514473,-0.039911978,-0.06347495,-0.057165053,-0.015415661,-0.00017698947,0.0058187116
0.055626348,0.009792522,-0.045365933,-0.012679229,0.002237641,-0.021351337,-0.01032844,0.020061795,-0.036653463,0.012896536,0.004693842,0.012576151,-0.046901274,0.014648876,0.028714577,-0.053695206,0.046010792,-0.018927027,0.046976715,0.008878245,0.056570917,0.016478887,0.027014565,0.0022995614,0.032846123,-0.05952315,0.039046478,-0.019771243
-0.0149720395,-0.006267918,0.047551338,0.015704248,-0.04705348,-0.053284608,0.013031807,0.056822937,-0.032818735,-0.048428122,-0.007611483,0.033507746,0.0037398818,0.01617489,0.04867178,0.067528,-0.030641466,0.0026654173,-0.041305467,0.0043500843,0.005091949,-0.06357601,0.04117601,-0.0037885343,0.041774906,0.02966612,-0.05230299,-0.001364509
0.007643582,0.038125705,0.024663128,0.05589366,0.06289224,-0.013889139,0.07721215,0.05784238,-0.0032258686,0.019108746,0.05670133,0.021883786,0.05189443,-0.041298315,0.018970588,0.015574936,0.056609362,-0.014116782,0.024637422,-0.02390432,-0.012186756,0.0286137,-0.03218511,-0.019772127,-0.07047655,0.022765933,0.0040897373,0.011523235
-0.013793714,0.042384032,0.04324002,0.02867372,0.0065781744,0.0010839397,-0.023598874,-0.07478871,0.021323683,0.053080935,-0.001509789,0.008670205,0.044519987,0.01781968,0.034941513,-0.035462648,0.039004553,0.03638168,0.0051746382,0.0069282227,-0.01499124,0.047272917,-0.07727675,-0.04329256,0.04343431,-0.03754044,0.02417478,0.024908865
-0.06418299,-0.021685269,-0.04984214,-0.076210916,-0.039791297,0.00053847826,0.0009049897,-0.0797628,-0.0314892,-0.011024491,-0.0378355,0.010798111,-0.031393547,-0.07784727,-0.035583064,-0.08351865,0.004924912,-0.060577154,-0.018272838,-0.03736,-0.05280066,-0.008325464,-0.027010646,-0.071314745,-0.03667029,0.0052797482,-0.012262687,-0.0219754
0.042642683,0.032751575,-0.0070453505,0.03139417,0.07406281,0.037823536,0.023397073,0.04471514,0.008820645,-0.01808141,-0.010023064,0.04574979,0.004958196,0.05578546,0.051781118,-0.031734288,0.025623621,-0.06850305,-0.043176595,0.0045332075,0.017634295,0.0011904731,-0.012067165,0.0642541,-0.047072656,0.036290627,0.071225606,0.07025787
0.072009005,0.08613186,0.08690437,0.08453636,0.08795271,0.08835323,0.08529083,0.091047876,0.08444492,0.08180244,0.08777774,0.0833608,0.08939368,0.09190087,0.09049808,0.09398352,0.08034191,0.09320423,0.09218103,0.08397652,0.08691348,0.0868236,0.08192112,0.08656313,0.079195425,0.080519944,0.0949279,0.09305143
0.008241356,-0.019824104,0.030968348,-0.007310456,0.030496152,0.03264255,0.07441156,-0.0020774708,-0.03456075,-0.021224044,0.0022841268,0.033581186,-0.0021138268,0.043368228,0.06470541,-0.062721446,0.01476934,0.063278414,0.03387628,-0.031327765,0.06547572,0.06470382,0.020664213,0.055663094,0.04101908,0.02795517,0.047749683,-0.043272324
-0.013159724,0.014811929,-0.03580131,0.053319443,-0.027810551,0.061844163,0.03256808,0.018144911,0.011074539,-0.028684128,0.04568846,0.0495002,-0.043359943,0.06881721,-0.015990004,0.06738698,-0.040772162,-0.01958634,0.0098229945,0.019803075,0.06561511,-0.01966369,-0.04583298,-0.04752676,-0.06501844,0.022520814,-0.05887998,0.041153215
0.03227787,-0.043931086,0.03973316,-0.0025760438,-0.05529665,-0.05151525,-0.05391746,0.037073843,0.04486355,0.049367115,0.011915601,0.012542591,0.0015804727,0.0629333,0.04742079,0.018658517,-0.016115287,0.012923415,0.07739945,0.0053014755,0.065658845,0.003745275,0.05360162,0.028038682,-0.014336319,-0.036023125,0.026535602,-0.017523656
-4.4544424e-05,0.0046484517,-0.014880039,0.06065425,0.05159587,0.04304618,0.0348459,-0.010386784,-0.046149272,0.065914005,-0.0635256,-0.04246179,-0.014496729,0.025871279,0.038823403,-0.05594337,-0.04482268,-0.026108684,-0.04109875,-0.03377743,-0.053021263,0.0640041,0.052276798,-0.0084727695,0.049231786,-0.026219163,0.03128793,0.014270917
0.030164426,0.0018292837,-0.046740018,-0.059960544,-0.05362823,-0.0046107615,-0.01083155,-0.07955143,-0.027853029,-0.028768113,-0.049399123,-0.038984448,-0.02668391,-0.07608445,-0.041501004,-0.056495585,-0.022917692,-0.021709125,-0.069104746,-0.019157175,-0.043740436,-0.069378555,-0.05192262,-0.064898,0.038003806,-0.041596606,0.0011682092,0.0051343567
0.019433344,-0.0007448657,-0.06300791,-0.034628328,-0.058880206,-0.011679641,0.009454877,0.007948482,-0.043146826,0.046932206,-0.044897143,-0.046535376,-0.0008562819,-0.023243327,-0.007085882,0.007383133,0.04697028,0.055689476,-0.014097812,-0.011426544,-0.020571206,-0.023587829,0.020301478,-0.03317813,-0.035557587,-0.057877142,0.024713796,0.06282322
0.04691514,0.0007791898,0.017398149,0.017894143,-0.028287366,-0.004660603,0.017964795,0.0368461,0.030568205,0.06903528,0.020227892,0.048760265,-0.029968157,0.014834979,-0.0030659295,0.039646402,0.03464877,-0.027713291,0.04838364,-0.03701343,-0.00800976,0.041309554,0.05272735,0.027480494,0.029164467,0.047906294,-0.011781345,-0.03189805
-0.033006527,0.06279933,-0.031619456,0.052946564,0.043069337,-0.018699618,-0.0804226,-0.0655365,-0.026820289,-0.050529744,0.03055903,-0.030027583,-0.022915477,0.020567873,-0.06694339,0.023540469,0.044064935,-0.03899393,0.024840683,-0.012529919,-0.009723265,0.048843607,0.0052011805,0.07993707,-0.0034987885,-0.077025555,0.03635268,-0.020098541
0.04122003,-0.009076034,-0.032159716,-0.010760214,-0.037669376,0.04825015,0.062008247,-0.0209438,-0.022619037,-0.011304047,0.032720327,-0.0064534466,0.024398802,-0.024283566,-0.016074538,0.01531783,0.011731757,0.034267116,-0.009764039,0.053654484,-0.032372262,0.01656283,0.036586028,-0.04547468,0.01301731,0.013964219,-0.07023758,-0.045024157
0.018566146,-0.019015132,0.041749436,0.024674429,-0.0073290556,-0.034478784,-0.045491647,0.056326315,0.022328796,-0.05984954,-0.04116931,-0.021379229,0.011847874,0.038746096,0.0042178696,0.04888228,-0.0056425934,0.008553086,-0.016533436,-0.0346987,0.07510085,-0.07072335,-0.056915782,0.070128195,0.014516762,0.060975127,-0.056126967,0.05018911
-0.0154531095,-0.024775993,0.003372139,-0.013550176,0.060028456,0.022102617,0.023288049,-0.03099449,-0.038035344,-0.0010209219,0.075687155,-0.06734497,0.08356944,-0.017253594,-0.031086693,-0.04300156,-0.032632545,0.037734427,0.050626125,0.03176649,0.036520954,0.082159705,0.04410271,0.029086946,0.06879734,-0.014312127,-0.05948423,0.047554888
0.06817076,-0.043541003,-0.004038769,-0.03832705,0.02289044,-0.042838182,-0.041492637,-0.041278638,-0.009333441,-0.052274305,-0.031686585,-0.033370428,0.0063044103,-0.033024732,-0.04435905,0.058071025,-0.039426133,-0.026681755,-0.06735619,-0.05487751,-0.01478138,-0.019497147,-0.048549112,-0.0037701752,0.06521684,-0.034798484,0.03589596,-0.014394477
-0.0448857,-0.025219286,-0.01760124,-0.026134346,0.047972273,-0.025896857,0.083591186,-0.000779238,-0.037375394,0.06383079,-0.002368474,-0.0017815977,0.00639768,0.054260142,0.016227223,0.029356994,-0.02829746,-0.02315066,0.042929318,0.034646083,0.04490131,0.083711594,0.04731109,-0.06597999,0.026028767,-0.02622207,0.004462077,0.06503369
-0.04493526,-0.066621386,0.056370623,0.0014629947,-0.038696278,-0.03379615,-0.035715368,-0.07315551,0.05777891,0.03495174,-0.07437979,-0.032309584,0.01666307,-0.02203943,0.012084628,-0.042791195,0.06726808,-0.06367407,-0.027835546,0.037913088,0.0053919717,0.059165057,-0.029984638,-0.08325427,0.018022278,-0.06877469,-0.007031777,-0.051361524
0.049151197,0.0053222654,-0.016389001,-0.03996928,0.022067599,-0.020737728,0.04989202,-0.034141235,-0.014750347,0.016452823,0.026149938,-0.0049818754,0.0080356365,-0.0045761876,0.008268638,-0.04453049,0.025250128,0.012304908,-0.027240949,-0.006434883,-0.008418433,0.0018945306,-0.025735915,-0.056260258,0.008539064,-0.01668473,0.09445933,0.014903545
0.032390885,-0.018699836,-0.07344883,0.03254507,0.0050453376,-0.035227787,0.033217013,-0.03016156,-0.038795583,0.027465565,-0.03287099,-0.017962083,-0.039889134,0.0039715124,0.014620881,0.015568308,-0.04932741,-0.06491611,-0.04535015,0.0066711633,0.0055335206,0.025498755,0.049119696,0.0021174867,-0.009960725,0.0026709517,-0.026270429,0.025697313
0.053858012,0.03188583,0.06971042,0.0054357816,0.06132132,0.063920066,0.023913324,0.009093391,0.06625004,0.00093892304,0.03404998,-0.0778567,0.049806453,0.03857945,0.008137415,-0.03412536,0.049424227,-0.013495431,0.047509708,-0.020731967,0.05691208,-0.06799287,0.03630117,0.0025127567,-0.009565629,0.006463671,0.012203626,-0.03925282
-0.00510936,0.050779037,-0.02637946,-0.0031219148,-0.01258137,0.0074026026,-0.0040421598,0.020531368,0.044863425,-0.058625054,0.045486618,0.0006739119,-0.058757566,0.0392771,-0.017991874,0.01672039,0.00318928,-0.004137005,-0.0023327863,0.025620019,0.012511864,-0.026100202,0.054478314,0.020825729,-0.018604238,-0.008133565,0.0044884626,0.029965807
0.06916111,-0.01516824,-0.04571246,-0.0042609517,-0.007035625,-0.04206975,-0.04118827,0.028973078,-0.06923335,-0.027202442,-0.01480313,-0.014743326,-0.03900255,0.040432837,0.06787089,-0.066932514,-0.06090607,-0.00877292,0.009213205,0.022585586,0.0120889265,-0.03706159,-0.019865671,0.045964457,0.04471932,-0.039620552,-0.06647806,0.06919109
0.016513199,-0.013463533,0.033540253,-0.027082993,-0.047072556,-0.058932476,0.028907523,-0.027457913,0.008868105,0.07226568,0.04667299,-0.037382677,-0.005656926,-0.038639516,-0.053045005,-0.029264288,0.030368974,-0.0012725238,-0.025637044,-0.054787952,-0.04002464,0.069502555,-0.027623426,0.017464986,-0.05962137,-0.051434033,-0.030412685,-0.060624484
-0.059084285,0.016282482,-0.014990869,-0.033843733,-0.06734208,-0.0060441564,-0.04547719,-0.023307348,0.014920814,0.036969356,-0.025468564,-0.047359742,-0.03674893,-0.019255837,-0.047795042,0.015824193,-0.07627426,0.034337252,0.0445143,-0.0074561974,0.0045038043,-0.060191657,-0.014920979,-0.07089369,-0.07513574,-0.038897637,0.0028766445,-0.03676719
0.016135106,0.036919072,-0.034107894,0.010780343,-0.014143453,0.033308472,-0.0075124525,0.034290668,-0.01352259,-0.021115918,0.004150226,-0.008384673,0.016117569,0.011988519,0.0129228905,-0.07524454,0.047948554,0.034679446,-0.016028585,0.05220518,0.010834431,0.04860969,-0.010782229,0.025243148,0.035517998,0.03898478,0.007784167,0.00023947077
0.0030528784,-0.079087034,0.06709118,0.03262451,0.044620275,0.025206493,0.08054792,-0.0012789555,0.01824867,0.046586864,0.021036291,0.051229056,0.014117139,0.010775861,0.019319335,0.000348485,-0.06596346,-0.06629844,0.037401184,-0.04023008,-0.03379943,0.0060648387,-0.0024022195,0.021390164,0.024776641,-0.050267268,-0.01444697,-0.044447754
-0.060909964,0.014955559,0.016549999,0.036681287,0.00693585,0.032928094,-0.046629388,0.035937607,0.061359197,0.0386947,0.011311846,-0.01916547,0.06376583,0.051169332,0.053492874,-0.005700854,-0.022784557,0.04051192,0.05168408,0.044662006,0.05852826,0.02857406,0.023444152,-0.0055020656,-0.045936618,-0.026144665,0.05051685,0.015001086
0.0077033886,-0.049603455,0.035401072,0.047695376,0.072654136,0.039017666,-0.038089924,0.009055985,0.06490603,-0.007789126,-0.015288541,0.023383481,0.0042509506,0.02342881,0.06558997,-0.0143274665,-0.06081722,0.04290714,0.049278975,0.0744045,0.016312214,0.06304295,0.0020335813,0.048309986,0.029532207,-0.0666774,-0.0032034132,-0.004167426
-0.05420771,0.0018069198,0.01811586,-0.07605587,-0.064314485,-0.031907607,-0.024837181,0.04413182,-0.0465,-0.071688846,-0.0020125222,0.04528912,-0.049720306,0.041311886,0.027929876,-0.0100207385,0.02223348,-0.021862147,0.041101187,0.06372498,0.0123408055,0.024004124,0.0006017941,0.037259728,0.065432295,-0.066283286,-0.004147584,-0.017823938
-0.041287612,-0.06792893,-0.04787676,-0.04518276,0.0045969593,-0.027285846,0.018317202,-0.026347753,-0.04356831,0.017926803,-0.059370626,0.013242367,-0.047878254,-0.045437872,-0.08074619,-0.059458647,-0.02577683,-0.07290919,-0.077724084,-0.068052836,-0.057439327,0.006388121,-0.00049377745,-0.009382625,-0.019240264,0.029686876,-0.05884828,-0.04009388
0.07280836,0.020908488,0.0023539662,-0.043500915,-0.049937356,-0.06280406,-0.033133514,0.029367829,-0.017565545,0.02055153,-0.0048814095,0.01527933,0.016890135,0.010251955,-0.023465747,-0.046907056,0.03499997,0.03449412,-0.00061677594,0.036969233,0.029037675,-0.004924973,-0.008387692,-0.03537831,0.008840877,0.030807551,-0.00077469385,0.02648346
0.07741741,-0.028161962,-0.0139405485,0.03671209,0.04285882,0.027680494,-0.009176816,0.01496969,0.06062078,0.0076565985,-0.0028819598,0.0143378945,0.011792647,0.04819797,0.039458137,0.07264782,0.0050805258,-0.007002167,-0.011904013,0.008851783,0.02034354,0.01885101,0.05770201,0.04064974,0.072868824,0.049623486,0.09072362,-0.011816918
-0.056036834,-0.010713057,0.053564813,-0.021311747,-0.03947853,0.0021060414,-0.022811431,-0.018903585,0.02761033,-0.07520671,-0.010704614,0.0062739714,-0.015166,-0.022901488,-0.027787091,-0.08593467,-0.049124617,-0.03679583,-0.018652054,0.027134946,0.062120855,0.038748823,-0.002639461,-0.033064593,0.020164112,-0.027768645,-0.009542484,-0.02403396
-0.017185273,0.07887883,0.020431137,0.043252096,0.05995426,-0.008237375,0.058673996,0.004152799,0.049529433,0.03643093,0.027797291,0.022827221,0.044038903,0.050173193,0.06450741,-0.007294439,0.07387457,0.05529418,0.054056715,0.028385013,0.05143853,0.077518106,0.06323606,0.06800391,0.031186404,0.048493657,0.054928094,0.032907974
0.058791205,0.006164048,0.06420894,-0.03020025,0.03394457,0.047327995,0.066709846,0.040454865,0.060004696,0.042549253,0.06205106,-0.01846628,0.05122615,-0.03789904,0.07657444,0.074410565,0.06671955,0.04311695,0.07419648,0.07134264,0.023292687,0.07890488,0.06136637,0.06941589,0.07431317,0.016492395,0.043354586,0.08132925
0.018288024,-0.043441076,-0.042429965,0.025912609,0.05593275,0.07515674,0.07611267,0.03868279,-0.031694587,0.053459905,-0.025103563,0.06771851,0.064722024,0.081463724,0.07879362,0.041769233,0.0777912,0.0030990539,0.03324302,0.05090101,0.030422984,-0.044407148,0.0056565767,0.029777842,-0.041654993,-0.03930815,0.03270587,0.024139669
0.0014468016,-0.024785424,-0.048085645,-0.01936421,-0.0023867362,-0.047443677,0.032368775,0.0001065418,-0.028942248,0.003775349,-0.0009986707,0.019294364,0.04958452,-0.029725745,-0.019220857,-0.020448344,-0.0011414278,0.024406137,0.012511032,-0.03989108,-0.046454128,0.062850624,0.031169131,0.03074566,0.01640904,0.043801237,0.041080907,-0.027231911
0.06668056,0.015477037,0.02334119,-0.02919498,-0.016085766,0.012062827,0.07098924,-0.036210015,0.049537044,0.04516105,0.07439199,0.042449065,0.07429187,0.015867116,-0.0076382454,-0.04054166,0.0717215,-0.024254525,0.075554706,0.024199873,0.05296364,0.07938457,0.06246613,-0.0018456278,0.025253458,0.063120656,0.053601637,0.054572187
-0.008077301,0.058491226,0.02402297,-0.032335147,0.06610388,-0.058647346,0.069041274,-5.87545e-05,0.0136759635,0.025871055,-0.038288005,0.039514765,0.05096645,-0.06581403,-0.041200347,-0.02785601,0.056221124,0.057596184,0.043805897,-0.019546708,-0.04822741,0.06581442,0.059768576,-0.036877178,0.019782988,0.04603256,0.06879793,0.013780841
0.046184104,0.012047497,0.02353824,0.0037542875,0.06919686,0.048437506,-0.010996771,0.010635242,0.038980123,0.015734239,0.039518353,-0.025701404,0.08226989,0.0020825323,0.034396388,0.056339085,0.04835052,0.009765559,-0.04076589,0.043385897,1.723462e-05,-0.00084289716,0.03552195,0.06205796,0.06916127,0.007459024,0.06515753,0.04409931
-0.054821253,0.029108258,-0.027462328,-0.05519772,-0.028215703,-0.0262651,-0.007684509,-0.017460784,0.019926729,0.009039626,-0.020889325,-0.005524497,-0.024396423,-0.00053388556,0.056872863,0.015567136,-0.01463079,0.018905254,0.041360907,0.031252246,0.039718304,-0.051384714,0.042477783,-0.036630236,-0.015751924,-0.016477734,0.028495595,0.031196553
-0.021156667,-0.0037085556,0.013647858,0.032074418,0.026229998,-0.024134178,-0.06777813,-0.004519578,-0.03848962,0.014748716,-0.022748457,-0.0148212025,-0.0013314233,-0.026052488,-0.033188358,-0.05448329,-0.06517083,0.021457683,-0.033707663,-0.04030645,-0.026250957,0.008450505,-0.058428504,-0.08372901,-0.045261156,-0.032227255,-0.00089899247,0.0026357144
0.05313962,-0.0735011,-0.050579295,-0.07245298,-0.020871319,-0.08194072,0.07131393,0.039177112,-0.05093277,-0.049333576,-0.051544134,-0.04629257,-0.029123263,-0.047762,-0.069285974,-0.000642517,0.008045871,-0.023473194,-0.037304025,-0.07402934,-0.0083743995,0.056155127,-0.017349733,-0.071539246,0.030226149,-0.034940377,-0.080756485,-0.07951277
-0.07843011,0.04022017,-0.030642744,-0.019094909,0.06528723,-0.020387381,0.017280038,-0.02561705,-0.022679046,-0.0648617,-0.07537424,0.024255697,-0.027261259,0.06728691,0.052061297,0.0476435,-0.032535665,0.06804965,-0.04708851,0.06608798,-0.027736936,-0.027912112,-0.020285338,0.05796603,-0.0045005623,-0.042771988,-0.03775744,0.016644124
-0.06664542,-0.025053425,0.008534337,-8.162419e-05,0.04166159,-0.023840973,0.023595657,-0.03136503,-0.0671719,-0.018406838,-0.062754095,0.049086757,-0.014505497,-0.050020937,-0.0019407917,0.013499966,-0.063315414,0.004136821,-0.038257312,-0.06758007,-0.038799968,-0.06455576,-0.06323607,-0.059658565,-0.065575145,0.060325317,-0.070984535,-0.086711526
0.057766356,-0.07889395,-0.033370398,0.01967482,-0.032093033,-0.03087292,-0.057913586,-0.015753698,-0.02413366,-0.015168686,-0.054850966,-0.057126775,-0.0287172,0.007958012,0.010647042,-0.025789982,0.012987925,0.05827197,0.051404808,-0.007160754,0.0019299537,-0.020637544,0.019076286,0.023513306,0.033531066,-0.059919007,-0.03185685,-0.037576057
0.039174274,-0.07427162,-0.08665851,-0.049283575,-0.06186264,-0.08037444,0.0598215,-0.025312554,-0.0004614593,0.04650937,-0.065969646,-0.066624165,-0.015724756,-0.045530844,-0.07094512,0.0028871435,-0.0170693,0.07123726,-0.031731796,0.025764914,-0.00900682,-0.027313042,-0.037233584,-0.011407541,0.070709996,-0.0046983548,0.008003541,-0.015247837
0.082310684,0.06951816,0.06797423,0.059418637,0.03699514,0.061262283,0.0695798,0.06131022,0.06397859,0.05346377,0.039728824,0.07792194,-0.009993739,0.047399744,0.07238194,0.049901027,0.064193,0.05376604,0.05935094,0.067920506,0.06403601,0.06597582,0.0703459,0.062337734,0.006964062,0.059660766,0.034609005,0.073786505
0.04047871,0.043395393,0.043378327,-0.036943693,0.028110636,0.062766746,0.0316775,0.035540894,0.03977489,0.07128728,0.06517523,0.05746073,0.024183232,-0.011449391,0.013451376,0.014992018,0.0044090673,0.027665125,0.05374298,0.032399517,0.054389715,0.022304747,0.04301992,0.0044860635,0.033157583,0.038058802,0.047091115,-0.06964069
-0.010066848,-0.07530242,0.005848163,-0.034140065,-0.017101528,-0.012660658,-0.014668278,0.019864066,0.047045417,0.01595425,-0.08267727,0.04925398,-0.0323374,0.048392836,0.05107623,-0.071130574,-0.037662853,0.028388422,0.0517522,0.06887967,0.006581959,-0.044541575,0.0056651863,0.0030522493,-0.016472403,-0.028395405,-0.0157158,-0.007019524
-0.062211897,-0.023801897,0.029659571,0.036206145,0.03908772,0.059398,-0.011831951,-0.002957036,-0.005530655,0.050375663,-0.021161849,-2.7540786e-05,0.019609727,0.08035352,0.052687112,0.033618778,-0.045750666,0.02616286,0.054048974,-0.018369647,0.04448717,-0.0038112178,-0.042292178,-0.010073377,0.0046681543,-0.043075956,0.017820729,-0.02166531
-0.06377258,0.054676607,0.001628479,0.025894547,0.061201707,0.03701875,0.038068164,0.03339065,-0.05392697,-0.07240453,-0.04612959,0.036638096,0.0361773,-0.022062097,0.02644429,0.043168608,-0.06725578,0.043135036,-0.022726344,0.021295097,-0.025255678,-0.014387106,-0.0019991617,-0.044050332,-0.045436293,-0.04099543,-0.049937416,-0.026669402
-0.027407551,-0.002200113,0.015601372,-0.014712052,0.007039439,0.008441711,-0.008142489,-0.029846797,-0.03970143,-0.056776796,0.05979042,0.025436616,0.019614954,-0.0059185945,-0.039944153,0.03165477,0.034083303,-0.06615452,-0.06405054,-0.04436086,-0.00295266,-0.068129,0.0018483776,0.018624917,-0.029144173,-0.04194977,0.008282665,0.039929017
0.06522855,-0.011683211,-0.014385446,0.010975074,-0.06641589,-0.03718814,-0.013393099,0.058577426,0.030942399,-0.0039597214,0.0307359,0.019353943,0.012116391,-0.016240748,0.04048406,0.05398405,0.051192585,0.074748844,0.016096184,0.019391935,-0.048258856,0.029805895,-0.02009484,-0.00401674,0.06206398,0.01604789,0.07354341,0.07494289
-0.04360605,0.048821613,0.018216232,-0.0628917,0.0040549175,0.025787309,0.04614946,0.013157734,-0.019136416,0.0007638978,0.047255605,-0.07032961,-0.050349247,0.04498818,-0.04705715,-0.0052247974,-0.06069168,0.03510515,0.05828592,-0.026133984,-0.054504868,-0.041774206,-0.009565358,-0.047825366,-0.034104463,0.01792202,0.05410629,-0.0011746491
0.022622785,0.016670741,0.06255102,0.059722364,0.06578982,-0.01544034,0.043553494,0.018751042,0.067983165,0.023094822,0.017936016,0.020674117,-0.0018519824,0.055312723,0.06907108,0.06490388,0.050879896,-0.005477144,0.024218602,0.068645544,0.06876614,0.021354664,0.077895075,0.06247536,-0.057785682,0.035872463,0.07557759,0.029097006
0.07007099,0.033563297,0.029576803,-0.0208021,-0.01784691,-0.026602946,0.0806813,0.07619532,0.0684283,0.066765346,0.08302472,-0.018973948,0.022126978,0.03724156,-0.027363565,0.007460027,0.028111925,0.025485856,0.037573926,0.061336644,0.021000102,0.03554691,0.06797156,-0.03185586,0.044106897,0.07497196,0.052526496,0.0647268
-0.035098914,-0.03075508,-0.057897072,-0.016117267,-0.07880088,-0.06396284,-0.08087566,-0.08472208,-0.08453536,-0.079905525,-0.08048419,-0.057230692,-0.06655705,-0.05447721,-0.08217484,-0.014704219,-0.08256673,-0.07473348,-0.07266023,-0.026576545,-0.06918329,-0.027924422,-0.06519534,-0.07376986,-6.163769e-05,-0.036015335,-0.089404464,-0.06506378
0.043008003,-0.015455652,0.08371411,0.026765715,0.038341165,0.03655394,-0.020594541,0.015507942,0.0107619865,-0.030991059,0.07316109,0.04632067,-0.032087725,0.022785174,-0.011568958,-0.013100314,-0.023790715,-0.037511848,0.014245945,-0.05034218,0.04651357,0.045026038,0.06174584,-0.0147955315,0.055651255,0.027877316,-0.020868147,-0.049723443
-0.019085294,-0.013930774,0.018251797,-0.015308398,-0.0035485632,0.0035314017,-0.014247024,-0.043239284,-0.08127329,0.037641626,-0.038556743,0.014134024,0.03873767,0.0004090529,-0.042199563,-0.076193064,-0.009443195,-0.04806077,-0.017426267,-0.0023294722,-0.046770178,0.023372546,-0.07427466,-0.04615836,-0.045113772,-0.06828542,-0.06421318,-0.0555805
0.03553713,-0.05461403,0.0026920622,-0.03719863,-0.03481532,-0.025708418,-0.052732877,-0.05594406,-0.0460513,-0.017741706,0.004600415,-0.022636427,-0.032687575,-0.035705086,-0.017490266,-0.054027632,-0.058058344,0.0149616795,-0.06671777,-0.05981327,-0.012771879,-0.040185425,-0.073632315,-0.054639645,0.021609927,-0.027674636,-0.036756936,-0.05510363
0.06800381,0.072751656,0.037412766,0.020970162,0.018354552,0.049786467,0.08261218,0.07990532,0.07742032,0.040150236,0.055432294,0.08098475,-0.014103405,0.024002893,0.069193095,0.015454691,0.07973205,-0.019693302,0.041199286,0.058739424,0.056551017,0.07590636,0.08102371,0.072385326,0.06316925,0.073556185,0.029433748,0.055003434
0.011388572,0.065723404,0.0050849295,0.007869331,-0.07642181,-0.018450787,0.018997742,0.027176687,0.011726486,0.045795303,-0.04509288,-0.035874736,-0.069708966,0.0047805915,0.045009527,0.06579504,0.044728875,0.0034689393,-0.047723025,-0.039072134,-0.014400044,0.015267209,-0.0057283523,-0.028694935,0.075066514,0.026757192,0.023348698,0.056515347
-0.0053689973,-0.0005210398,0.037185833,0.05238734,0.066835515,0.0022037113,0.0030648808,0.024769127,0.025534,0.07915181,0.04434815,-0.0030724853,0.08367104,0.015174334,0.050650205,-0.028273007,0.056249622,0.015426266,0.0504727,0.054046605,0.008117391,0.06149791,0.05159148,0.05578682,0.041254167,0.0024081524,0.07666094,0.039873067
-0.034903094,-0.0061318562,0.03512701,0.042350948,0.06525188,0.051547132,0.025160333,0.00017512045,0.00751859,-0.05100657,0.047259774,0.0481343,0.047650173,0.009465486,0.039489176,0.0431666,-0.041645177,0.022620242,0.05994802,-0.012792787,0.023947833,0.038602337,0.019039545,-0.0055682757,0.029566253,-0.04713692,0.0707874,0.05784382
0.043635193,0.028367398,-0.04136752,-0.07538585,0.03878976,-0.0028167635,0.01771007,-0.03192101,0.001156311,0.030562399,-0.045260303,0.050385524,0.0039024968,0.01337427,-0.031408552,-0.030797096,-0.062895566,-0.042002674,0.04804985,-0.04546788,0.007155775,0.02848733,0.022274455,-0.057585828,0.009151871,0.06693955,0.009276731,-0.032397114
-0.008190137,0.011922122,0.040107395,-0.025573045,0.020279592,0.05219123,0.025954016,0.07307354,0.06479419,-0.037547965,0.070329584,-0.025539339,0.066282175,0.036037873,-0.005429325,0.08610649,-0.075078614,0.079091236,0.07209394,0.021115026,0.027619833,-0.0063840426,0.025247606,-0.025674189,-0.03327753,-0.05535666,-0.007133115,0.018649867
-0.04148606,-0.048778426,0.0047878358,0.0008445366,-0.013723701,0.02095948,-0.08414145,-0.079827294,0.040042754,0.023493083,0.04267327,-0.045340307,0.005483191,-0.06937842,-0.018436544,0.0005897157,-0.025556762,-0.020640334,-0.09182205,0.0097044455,-0.034313664,-0.022316355,0.016684372,0.069487676,0.04628151,-0.057798672,0.032878496,-0.072871424
-0.0323342,0.054359887,0.029344277,0.04532729,-0.02605228,-0.04842873,0.034915682,-0.03041153,0.033728536,0.00020046496,0.00334026,-0.08364108,-0.041838203,-0.013536821,-0.08024181,-0.03691729,0.058870558,-0.031999826,0.027837528,0.01259188,-0.03804011,-0.029363262,0.0049002096,-0.08489482,-0.07516309,-0.011289682,-0.028678969,-0.05323847
0.059249632,-0.046235494,0.008550079,-0.02972273,-0.022655465,-0.012059171,0.013934993,-0.002858454,-0.02651835,-0.022986332,-0.048219282,0.025894435,-0.040608555,-0.06806437,0.0028470312,-0.04855945,0.023616083,0.0066335336,-0.039141484,-0.008985083,-0.034354985,0.039659105,-0.028078772,0.06986515,0.028364295,0.06836993,-0.07208556,-0.029313529
0.018287234,-0.064006574,-0.07227368,-0.014893878,0.04280994,-0.010583589,0.017155437,-0.08583395,0.046645723,-0.0793412,-0.043140847,-0.08152867,-0.075103685,-0.032384858,-0.040578607,-0.041149143,-0.06421268,0.00382567,0.0020287088,-0.035271436,0.026386715,-0.07272315,-0.0061512846,-0.00045758858,0.040879253,0.047645003,-0.049491048,-0.010230569
0.0027974248,-0.032328255,-0.06493282,-0.07021737,-0.07098808,-0.029767605,-0.036715895,-0.040499102,-0.048143256,-0.04674254,-0.02984509,-0.02736514,-0.034227077,-0.059286304,-0.05578409,-0.040435687,-0.0033370478,-0.027820561,-0.03691935,-0.051608387,-0.041682474,-0.039835807,-0.0057737944,-0.05338928,-0.0016663523,-0.037948098,-0.075119026,-0.008134593
0.04656316,-0.01135289,-0.017080268,0.020998124,-0.01803213,-0.064129494,0.0003437046,0.043242753,0.015102944,-0.038198628,0.03136928,-0.07293076,-0.056537725,-0.029797547,-0.022059064,-0.028089771,-0.0049069026,-0.071769804,0.018784929,-0.00044833522,0.03404282,0.033385087,0.003190691,0.026985725,0.04325138,0.013440514,-0.07387385,-0.00394415
0.06576849,-0.016037185,-0.0706246,0.074063875,0.05964533,0.041205462,0.036110274,0.03139025,-0.028304592,-0.041152637,0.020971557,-0.021626832,0.062058825,0.07820904,0.0014316877,0.058165673,-0.004717843,-0.017762909,0.030495191,-0.023552036,0.061350193,0.0468208,0.051381662,0.08220144,0.03957433,0.053102605,0.021638988,0.004549274
0.04729081,0.049853258,0.055776678,0.008703754,-0.013777315,-0.007174585,0.06756579,0.068495415,0.038631577,0.03585683,0.060850035,0.06546855,0.02140559,-0.0047003524,-0.059985433,0.054982252,0.030671246,-0.0012126862,0.07346683,0.073665276,-0.03570441,0.0386269,0.07023144,0.04724337,-0.047086854,-0.005589256,0.022185424,0.034932703
0.025923554,0.06500649,-0.004485442,0.037434008,0.04407054,-0.012106832,-0.0046173874,0.02969431,0.058643483,0.044010047,0.068993285,0.03840074,-0.00877973,0.0796206,0.050770618,0.07770497,0.033221018,0.057304464,0.0074280025,0.0477999,0.08281052,-0.058565173,0.049154066,-0.021265822,-0.048527572,-0.0141944885,0.04337065,0.021167079
0.06962514,-0.0549428,0.016667798,-0.06879982,-0.044279926,0.05206684,0.072202295,0.07673255,-0.04517942,0.04935913,-0.010625468,0.017221766,0.01560009,0.07760463,0.06021397,-0.044125337,-0.048882984,0.021618595,0.041207183,-0.03918955,0.06286635,0.03094663,-0.044977974,0.07371513,0.04151019,-0.026585663,-0.02761337,-0.0069711786
-0.052424923,-0.08038878,0.03182451,0.02764549,0.0054882756,0.03349827,0.02268481,-0.0007333032,0.028294213,-0.02352354,-0.021401478,-0.0394157,-0.056891512,-0.0005202444,-0.051362332,-0.033588964,-0.02575738,-0.011228543,-0.07564354,-0.05125653,-0.07149961,0.011128615,-0.05041935,-0.014635899,-0.054573063,-0.015593706,-0.02881752,-0.061210606
0.07920318,-0.04966383,-0.04316044,0.014646409,-0.017265474,-0.022477912,-0.019024588,0.06362077,0.065080225,0.046697535,-0.06025077,-0.0015160916,0.0373122,-0.016073208,-0.03977132,-0.07264909,-0.03604391,-0.044386722,-0.0026124143,0.0015772912,-0.030276615,-0.039354324,-0.0071804198,0.06098496,-0.017653173,0.047953214,-0.0035976383,0.079264134
-0.07707176,0.039421566,0.0030633272,0.035402708,0.049097087,0.059811562,-0.019087952,-0.087954305,-0.07807821,-0.06989877,0.0062197554,0.08142508,0.06293808,-0.027247226,0.008540009,-0.037197977,-0.019862516,-0.062985554,-0.037988298,-0.07110686,0.023431692,-0.03352079,0.0028151376,-0.020050332,-0.06469965,0.04747195,-0.052705854,-0.065944344
0.029840618,0.023755632,-0.021431606,-0.043269772,0.010420042,-0.011372963,0.005087186,-0.052624293,0.01708083,-0.024683155,-0.013276197,0.023886431,0.0730439,-0.055913642,-0.032526992,0.047651004,-0.042989578,0.01368316,-0.024642197,-0.07310898,-0.0034996625,-0.0029651811,-0.04881881,-0.012280452,-0.008226731,0.029361831,-0.020379873,0.051092405
0.035895564,-0.030578453,0.04132456,-0.010801309,0.063311465,0.045261946,0.07074988,0.036540326,0.007974327,0.043528832,0.006348955,-0.03929009,0.07725703,0.014619818,0.02067941,0.015036785,0.06502093,0.07348434,-0.04507289,0.050396673,0.022618033,0.060194988,0.017402241,0.03542623,-0.04306471,0.0039694984,-0.006244301,0.06058033
0.033734616,0.021149218,-0.054607898,0.024452962,-0.026924152,0.002568262,0.07404537,0.035542104,-0.029706545,0.029405179,0.003001823,0.013758437,-0.01889413,-0.00010615399,-0.04329393,0.07438105,0.026272979,0.028747117,-0.021347351,-0.031971335,0.02871385,-0.069091715,-0.028563194,-0.05561379,-0.07512437,-0.009114696,0.023493065,0.015407318
0.035760794,0.062345855,0.013111232,0.020348776,-0.026717,-0.06716147,-0.03557045,-0.026088707,0.017173331,0.051637314,0.07471953,-0.020586908,-0.06573053,-0.04259851,-0.020281961,0.011986649,0.03777694,-0.06645232,0.009654272,-0.024855614,-0.049443755,0.015909629,0.007131298,-0.05262381,-0.0036124152,-0.01906295,0.019960983,-0.03507208
-0.025757411,0.00095893454,0.032298654,-0.012999853,0.016001172,0.042684678,0.05597379,0.009995493,0.042451806,0.07654695,-0.037690606,-0.08200432,-0.007906693,-0.0062897066,0.0643593,0.025133114,0.034642693,0.021863807,0.032313813,-0.0038867842,0.064539336,0.05001655,0.01802851,0.022177774,-0.07722373,0.052814104,-0.076861754,-0.086019866
0.0351748,0.03826878,0.006531027,-0.02841119,0.030919572,0.08534663,0.018857457,-0.03725858,0.031481802,0.0527819,0.018126257,0.06688957,0.058043785,0.051926307,0.080139026,0.060240578,0.061691225,0.03685079,-0.0173914,0.03872107,0.05140667,-0.042032693,-0.013771005,0.064560115,0.030834517,0.0577754,0.029931625,-0.0073632263
0.028117353,0.03801944,0.04932131,0.063014224,0.08315319,0.07738985,0.019174872,0.07983067,0.030486852,0.05407347,0.026750369,-0.0027083042,0.063666776,0.052327525,0.06066608,0.027906442,-0.0057422104,0.060555004,0.031944275,0.06353379,0.026973723,0.007413613,0.047125824,0.035865583,0.07881882,0.05144522,0.051907748,0.055509385
-0.03500419,-0.055903133,-0.06240651,-0.061532114,-0.04896944,-0.044231478,-0.06009473,-0.037301667,-0.015800891,-0.028770532,-0.041958343,-0.028155407,-0.06375842,-0.07842937,-0.06471826,-0.014097617,-0.036958747,-0.04191736,-0.0063856742,-0.04521061,-0.062152494,-0.042095408,-0.03588393,-0.06784081,-0.021577125,-0.060274567,-0.014805702,-0.052549772
-0.05907866,0.025060968,0.027182542,0.055046424,-0.0004985841,0.004513063,-0.083563454,-0.005868154,-0.033834424,-0.08129605,-0.04600852,-0.064820096,0.039198253,-0.03973625,-0.017644458,0.04512415,-0.071284786,-0.038890846,0.057863694,0.07925517,0.017760152,0.0495977,0.008553235,-0.021770045,0.06196426,-0.0757064,-0.013098752,-0.039431524
-0.07382914,0.009373426,-0.03925827,0.025119035,-0.015256555,0.024545731,-0.030912379,-0.07621476,0.0075727454,-0.056538954,-0.060571294,0.058859393,-0.022304555,0.028155455,-0.017664675,0.028742861,-0.0071694064,-0.01733771,-0.050848037,0.007292751,0.06918129,-0.012737193,0.053882625,0.011389425,-0.0565871,-0.06386255,-0.03355807,0.06789985
-0.015121449,-0.035773054,-0.0057557956,-0.05938393,0.006832073,0.02596393,0.017567247,-0.02665398,-0.063833624,-0.02213347,-0.041705597,0.04334543,-0.020219848,-0.0012305109,-0.045577355,-0.00949775,-0.04725478,-0.05873376,-0.032878447,-0.048185524,-0.04816486,0.0022846493,0.01897843,-0.007729895,0.015232567,0.010685476,-0.059981767,-0.03547896
0.061084054,0.009531262,-0.03338194,-0.024122726,0.025782185,0.036119048,0.024363605,0.05732677,0.07627301,0.05785651,0.05547476,0.013884532,0.024711499,-0.01642839,0.03002064,0.030960973,0.05553126,-0.011906139,0.019338703,0.04053821,0.06203139,-0.021957316,0.045117524,0.035226513,0.052153986,0.0773251,0.05386156,-0.008418584
0.06832315,-0.057136945,0.03368762,0.019561497,0.043698523,0.02672196,-0.061163664,0.0014118968,0.045750074,0.021955114,0.002963983,0.03338692,0.05492258,-0.026609017,-0.00032890667,-0.018882912,-0.035409924,0.0488075,-0.040787105,-0.004499403,0.04368502,-0.038595334,0.054537926,0.069341205,0.05751952,0.034679927,0.044122614,0.059920922
-0.06274173,-0.065495625,-0.028444223,0.047280047,0.040006652,-0.010175804,-0.06639022,-0.032699544,-0.0111357225,0.031372566,-0.031305376,-0.041291915,-0.05607608,-0.009130681,0.055591322,0.018715285,0.022626631,-0.045140844,0.034743924,-0.024319256,0.03462722,-0.035218507,0.047201768,0.016384074,0.044357974,0.009481076,-0.051693562,-0.048277926
-0.059055757,0.061348524,0.01820959,0.0042518,-0.025326593,0.0531525,-0.024863709,-0.0141446525,-0.033901867,-0.057240788,0.08558267,-0.06000801,-0.055197664,0.06812738,0.04489442,-0.024210732,-0.039744925,0.03533353,0.047202244,0.054130893,0.081360266,0.07671394,0.018826174,0.021785876,0.009801544,-0.07124314,0.0014130741,-0.034471624
0.009980748,-0.03141744,-0.041934814,-0.030251697,0.018101525,-0.044469945,0.03054577,-0.0061525116,-0.04660373,-0.028158104,-0.02116,-0.05678269,0.0076514287,-0.025851594,0.04078327,0.024800181,-0.07823015,-0.051601015,-0.00293646,-0.0581916,-0.041200314,-0.029866977,-0.018411925,0.08100879,-0.05120914,0.021982329,-0.024068179,-0.0032660353
0.071976915,0.073346995,0.08130622,0.07357035,0.03446045,0.08021333,0.054447185,0.071451746,0.06639952,0.035295572,0.08760377,0.070296355,0.03917235,0.07157754,0.038103607,0.023212126,0.012479608,0.03367775,0.086273335,-0.02642873,0.07617309,0.08421294,0.07417724,0.06144491,0.023114474,0.05666061,0.036938544,0.05916154
-0.016999437,0.05860773,-0.019106897,-0.004839351,0.028421547,-0.064157344,0.00154417,-0.024171554,-0.028344514,0.024698593,-0.023208028,0.03630879,-0.057528067,-0.041603357,-0.010789292,-0.021927387,0.039595876,-0.051187634,-0.0068298923,0.03619203,-0.048701808,-0.061256424,-0.042308137,-0.051070098,-0.009299875,0.013390059,-0.023286864,-0.010263288
0.007640011,-0.08495741,-0.07490329,0.04714195,0.0072074546,0.077852055,0.0418271,-0.06599795,-0.07457802,-0.041762948,-0.06875754,-0.062322237,0.0014414114,-0.059502188,-0.045237254,0.008703433,0.038580112,0.0040271017,-0.07730554,0.074889794,-0.045941662,0.04399698,0.022124337,0.004897356,0.032260932,0.027921034,0.062002048,0.001003358
-0.07006148,0.07238029,0.0062886947,0.079033256,0.07665285,0.020827895,-0.041942853,-0.04421718,0.017074244,-0.0156183485,-0.040548313,0.01326485,0.009133034,-0.06262695,-0.004731162,-0.06842151,-0.0027442852,-0.033814996,-0.053488284,0.002740152,-0.014668762,0.038241167,-0.06283391,0.05284074,0.02637401,-0.0037529392,0.0009921287,0.03496636
0.036015347,-0.06608423,-0.06407575,-0.05527378,-0.07315001,-0.004637784,-0.043055035,0.030787779,-0.038080867,-0.07310362,-0.0685892,-0.063671246,-0.019808548,0.02045114,-0.04029716,0.036893673,-0.0108241765,0.022632867,-0.020528588,0.04302601,0.072589725,-0.064449705,-0.060659822,0.049152452,0.07036057,0.0052969726,0.016461445,0.022748705
0.041982226,0.018146513,-0.012374216,-0.0019058277,-0.0070052063,-0.053386413,-0.03397195,-0.07107369,-0.014412182,-0.0051099807,0.03442343,-0.066122144,-0.06371249,-0.02018484,-0.07330686,-0.039001342,-0.008033096,0.026322158,0.07372218,-0.040936492,0.046039794,0.016243367,-0.0038307107,-0.057648536,-0.05636383,-0.00982852,0.01903879,-0.03719337
-0.07319789,0.031119203,-0.0007720351,0.04905238,0.060331784,0.06473701,0.0652626,0.004356092,-0.033838734,0.012271993,0.034092147,0.02148456,0.07643086,-0.029466452,-0.0029542774,0.03474527,0.045661557,0.05800125,0.011472667,0.01726591,-0.036214713,0.07646359,-0.021913545,0.04386291,-0.008869393,0.014192287,0.05799995,0.059913404
-0.038780227,-0.06874313,-0.067713596,-0.08090053,-0.08467304,-0.050666485,-0.0799951,-0.08560221,-0.053187676,-0.020115463,-0.041040044,-0.057115044,-0.04359709,-0.05832831,-0.08088764,-0.07802229,-0.027845014,-0.07038671,-0.048166666,-0.065083094,-0.044835564,-0.022255685,-0.06557216,-0.08311967,0.011229694,-0.06565848,-0.042343583,-0.088354915
0.01957478,-0.0073689404,0.023376899,0.010796567,0.03171383,0.06661868,-0.04759589,-0.015339876,0.07679057,-0.04530122,0.04831306,0.031708203,0.04619484,0.041874394,0.0010708051,-0.08587594,0.05316675,0.041937437,-0.0037540405,0.08118534,0.055469323,0.03919782,0.022462219,0.04892425,-0.0049657794,-0.033348046,0.05886303,0.08516471
-0.053269126,0.020444458,-0.022089567,0.0041399435,0.047855955,0.009325813,0.044304676,0.039011735,-0.02162026,0.036770254,0.019027745,-0.018851677,-0.026336899,0.049171355,0.03339215,0.018741483,-0.0541944,-0.030637968,0.005011052,-0.0324569,0.037538603,-0.014621327,0.038077895,0.0473567,0.05454091,-0.04743484,0.017796854,0.073064074
0.011131418,-0.020763654,0.06656508,0.079145305,0.06696459,-0.04117241,-0.051621683,0.07102202,0.08022915,0.05157419,0.031201473,0.049501576,0.061856683,-0.049736228,-0.06841827,0.009987288,0.07581021,-0.08748757,0.028001001,0.06976155,0.035399362,0.06628991,0.08074714,0.07159503,0.08274207,-0.0205774,0.0010819683,-0.008956119
-0.030249061,0.0065492988,0.0035681522,0.038252328,0.020947406,-0.009983216,-0.01860563,0.0032693918,-0.009911845,-0.010775954,0.01426018,-0.027504625,0.02197441,0.053502616,0.04667697,0.059499845,-0.004067563,0.01874119,-0.021056492,0.052456234,-0.05415805,0.030638754,0.04741891,-0.01896263,0.008844402,0.037680846,-0.011824463,0.037100438
0.07573623,0.004021492,0.030844191,-0.041902002,-0.02674656,-0.05838049,0.033870567,-0.056959674,0.067280576,0.07225121,-0.049992654,-0.048152775,-0.034708034,-0.002737447,0.027397994,-0.020537166,0.07590481,0.016141959,0.027009252,-0.033788808,-0.046341732,0.038561534,0.022536652,0.059608694,0.033371422,0.074489616,0.04331132,0.038909953
-0.050267816,-0.057965234,0.024179362,0.026479179,0.00041513675,-0.040864367,-0.06389893,-0.042836767,-0.051005583,-0.038699064,-0.061488163,0.01189254,0.029181927,0.04242451,-0.037472587,-0.035812307,-0.05639057,-0.015869677,-0.016738415,-0.03514027,0.030366283,0.015111142,-0.036456328,-0.05702896,-0.049617954,-0.07030994,-0.02415366,-0.034319736
-0.049265724,-0.053740602,-0.06462487,0.057527773,-0.005040387,0.044640783,-0.07044151,-0.08352124,-0.07700729,-0.07418213,-0.043307573,-0.046279743,-0.017757429,-0.036254134,0.057827685,-0.005572081,-0.07012707,-0.08812727,0.019674651,0.047726598,0.0041851997,0.06866342,-0.022805644,-0.04022604,0.042780045,-0.050221365,-0.019127453,-0.04377319
-0.06667332,-0.0034266221,0.028654289,0.07317843,0.07221257,0.04991856,0.03161617,-0.03341821,0.024691245,-0.015667705,0.027894787,-0.022881782,0.04009564,-0.05119999,-0.02317643,0.08963575,-0.07179637,0.0071867965,0.07043486,-0.038572002,0.021142602,-0.06982475,-0.07347797,-0.015305076,-0.0575267,0.021322438,0.0037593956,0.04565376
-0.007335944,-0.044846542,-0.055702027,-0.04524073,0.015067869,0.041428264,0.002429604,-0.0588244,0.024398103,0.018129,-0.020217977,-0.045244314,-0.012948999,0.026791913,0.013827345,-0.024438253,0.01903337,-0.060330916,0.01850637,-0.04235781,0.04626673,-0.00026310087,0.033879492,0.025780804,-0.042249244,-0.0015059583,0.0069041927,-0.0149665885
0.01456758,-0.0041833743,0.027330281,-0.05163618,0.0063992217,0.01786778,-0.035626914,0.021023184,0.050777335,0.06099666,0.032788564,0.019112432,0.0034473324,-0.004749529,-0.0038995277,-0.058621176,0.05065884,0.014894374,-0.022951817,0.049907647,0.043775775,-0.05980117,0.003218168,0.014387809,0.047781143,-0.028711962,-0.015363852,-0.024898421
0.032525916,0.028849352,0.015013523,0.04508641,0.056316398,-0.062063742,0.027187387,0.024237504,-0.010846165,-0.0028151262,0.022905946,0.037247136,0.031101272,0.021716824,0.04597245,-0.010607401,-0.07667896,-0.039562743,-0.043770842,0.0033202935,0.028302547,0.02851181,0.06840399,0.02420569,-0.025475707,-0.0027110584,0.012202564,0.06830956
0.044683337,0.063158475,0.027659519,-0.047899134,-0.01887117,-0.023116637,-0.006880329,-0.0059541133,-0.04259911,-0.044696752,0.011354423,0.012316448,-0.010365659,-0.02339457,-0.014347417,0.018301498,0.027858883,-0.01491776,-0.020460611,0.025430389,0.029597037,-0.0041171745,0.023905125,-0.05151132,-0.054109905,-0.06060042,0.06300054,0.020754144
0.020823339,0.0064704632,0.04392957,-0.026217848,0.043370835,0.0013861087,0.022796126,0.03957587,-0.013726529,-0.027477004,-0.0029880283,0.05837324,-0.018977085,-0.056348693,-0.020902496,-0.04620306,0.02770076,0.013156328,-0.04080227,0.018342847,-0.036079485,0.0046079676,-0.022453927,-0.0034900527,0.054786485,0.059441015,-0.052672327,-0.028459808
-0.053041838,-0.014794011,0.06730713,0.03573353,0.0008632105,-0.03588027,-0.07973683,-0.037921652,0.041386895,-0.032176375,-0.07172383,-0.035233352,0.014974706,-0.030975763,0.003273331,-0.030699179,-0.05261301,-0.0104745235,-0.025222087,0.06316071,-0.039314132,-0.032111347,0.016489604,-0.047840413,-0.067923695,-0.04635706,-0.019316163,0.030973071
-0.011282061,0.014763362,0.044587236,0.015003082,-0.019003559,-0.05765769,-0.06914977,-0.06535399,-0.017519917,-0.044921692,0.014546973,0.024417598,0.0608168,-0.043787967,-0.07880596,-0.010334964,-0.027044835,-0.052282326,-0.03253335,-0.013506663,-0.06404108,0.01842956,-0.021707492,-0.028570095,-0.0401418,-0.062031966,0.057970993,0.046706293
-0.04718112,0.03899804,0.0075419554,0.027467811,0.011736167,-0.07485362,0.05247379,-0.013592931,-0.05076922,0.034879405,0.024857886,-0.017697101,0.04565815,-0.049359113,-0.009400421,0.07879942,-0.016929263,0.056190185,-0.011265582,-0.07386626,-0.04824959,0.021636,0.07348917,0.048236314,-0.049516108,0.063075386,0.01733286,-0.031515107
-0.083128676,0.021366872,-0.08239124,0.011096606,-0.0543347,-0.0124356095,-0.068466224,-0.011512245,-0.07305412,-0.015231376,0.030628972,-0.009093334,0.06829684,0.014406264,-0.010036791,0.022352265,-0.00784691,-0.06973231,-0.008526826,0.07070367,0.071770385,-0.015413578,-0.015174725,0.017249694,-0.01098796,-0.065388575,-0.06388632,0.0072634397
0.07909927,-0.0026064343,-0.021887004,0.013827296,-0.035256933,0.058947977,0.04045121,0.06796267,0.04220376,0.04562601,0.0077138045,0.017698396,-0.025938846,0.059648916,-0.015372517,0.04019052,-0.07610227,0.06626201,0.03366223,-0.0024312085,0.04131962,-0.010416735,0.067628406,-0.02351351,0.032344904,0.05289649,0.0386402,0.02471396
-0.0033664969,0.072510846,-0.040056072,0.049576744,0.043470494,-0.002285479,0.057226516,0.049717393,0.021926975,0.038894594,0.0050145076,-0.02640839,0.0015748681,0.013477458,0.051332913,-0.010858706,0.013941345,-0.016298417,0.0053326488,0.0036922428,0.037807707,-0.0685703,0.04284343,-0.0052566025,0.003181044,0.060961843,-0.0845627,-0.018631967
-0.027381716,0.05682511,-0.042789772,0.03316214,-0.044049893,-0.02170259,-0.03937285,-0.0049895654,-0.023465289,-0.06308957,0.02950203,0.069096856,-0.02827289,-0.016329005,0.012884698,0.048721775,-0.008350629,-0.05026102,-0.0003772538,-0.057985,0.00036777402,0.030786691,0.050004013,0.033935256,-0.080292374,-0.02409779,0.012467888,0.016729929
0.012986513,0.03245559,-0.027309835,0.06950862,0.046804827,0.057696637,0.0049129957,0.005981946,0.017683519,-0.026586192,0.031415395,-0.061210983,0.021677013,0.054895073,-0.042868793,0.0219238,0.0014275049,0.005430561,0.023359435,0.04090823,0.033143107,-0.010031623,0.00998794,-0.04607085,0.06257234,-0.0048735933,-0.05137869,-0.074612185
-0.07788239,-0.08215904,-0.082386635,-0.0729812,-0.075361475,-0.07933634,-0.08183001,-0.0830576,-0.07996079,-0.080165975,-0.07869621,-0.08175486,-0.082363434,-0.082341455,-0.084161766,-0.07543854,-0.07867231,-0.08509177,-0.08468018,-0.07967007,-0.08299684,-0.079422586,-0.07901328,-0.0769288,-0.07880033,-0.07838595,-0.08766629,-0.08749711
0.04213635,-0.054534853,-0.02482369,-0.036899343,-0.04859118,0.04968158,0.009431448,-0.07559801,0.03473096,-0.068798386,0.057808973,0.07614068,0.064881064,-0.011143802,0.05560851,0.029006941,-0.062627494,-0.009273149,0.0037202646,0.02704415,-0.025135465,-0.03989533,-0.076066814,-0.07644141,0.059068583,-0.01976447,-0.03151575,0.0036918665
0.080804236,0.0036930982,0.04550346,-0.08181603,-0.077223584,0.002494905,0.043018382,0.044065762,0.08078781,0.045145642,0.077698775,0.016103508,0.015747396,0.045385107,0.024812404,-0.010722249,0.060782026,0.08618828,0.044030495,0.015708413,0.054106016,-0.0007119791,0.051288784,-0.0041481126,0.04278439,0.07601222,0.01094217,-0.05754958
-0.0290763,-0.056939308,-0.01569759,0.012518337,-0.027129281,-0.035491683,-0.05792315,-0.042759065,-0.066874824,-0.0115293795,-0.061997134,-0.06705704,-0.018154504,-0.0025873862,-0.014898158,0.019469218,-0.05764116,0.0011950824,0.028614897,-0.03597232,-0.0010805859,-0.057887122,0.006662342,-0.032310113,0.04414153,-0.026302638,-0.079642504,-0.07802899
-0.061769813,0.028514732,-0.042474627,0.058077693,0.041136663,0.008666203,-0.033826143,0.03987805,-0.016628588,-0.026145034,-0.0227752,-0.03310298,-0.009857516,0.008006572,-0.021458799,0.06617811,-0.059200183,0.03932803,-0.015442229,-0.019303583,-0.015464658,-0.022692934,-0.04714465,-0.03917725,-0.016862432,0.00229739,-0.004065812,0.008608414
0.009418289,-0.0727402,0.006777796,-0.029541824,0.023912337,-0.042677484,-0.0120050665,0.028276738,0.03706617,-0.056618888,0.01321645,-0.01363469,-0.044809714,-0.07860568,0.049130462,0.014105374,0.027926657,-0.066551976,-0.083925344,-0.061188214,-0.06599849,-0.058575623,-0.02833956,0.03747411,-0.03353127,0.010901567,-0.053836107,-0.062221374
0.07121744,0.08541564,0.08047107,0.08020665,0.08019048,0.07867427,0.07214258,0.088055044,0.08381524,0.08072385,0.083869524,0.07945118,0.07362029,0.08747347,0.08555575,0.083153784,0.07536998,0.09030107,0.08549251,0.08264288,0.08370918,0.06469367,0.07881203,0.08231276,0.07179384,0.07560521,0.08716527,0.0891719
0.028379893,0.058700036,-0.006696026,-0.011018931,-0.010981808,-0.016138915,0.05556357,0.034037907,-0.0067251623,-0.010090978,0.035355642,0.022064555,0.020531949,0.03718969,-0.033792272,-0.021630928,0.040458873,0.030115245,-0.035125796,0.009915388,-0.015978629,0.03163254,0.035049815,0.049119733,-0.022558013,0.05849714,0.016681232,-0.007591961
0.05029228,0.021857826,-0.05027294,-0.06020792,-0.02504303,-0.059325032,-0.019467326,-0.021036092,-0.017065525,0.057939142,0.00017104964,-0.04330294,-0.053025953,-0.05523366,-0.042004406,-0.05294869,-0.013863334,0.0059446036,0.005975608,0.010101069,0.024946757,0.012853304,-0.05667597,-0.013202735,-0.013892598,-0.054434404,-0.022323718,-0.027689962
-0.05504711,-0.016136706,-0.017298238,0.008436639,0.0033824835,-0.012577356,-0.046590187,-0.024529692,0.037103586,-0.049669422,-0.06884913,-0.028347556,-0.035607986,0.0043218266,-0.003857732,-0.000611732,-0.031901844,0.023368206,-0.049249284,0.0027973617,0.004891945,-0.07838417,-0.04421051,-0.057885297,-0.04203615,-0.0065301787,-0.02451026,-0.036407877
0.068731345,0.077167384,0.07732278,0.07311009,0.035876125,0.077216744,0.04966892,0.07945506,0.06976881,0.048472676,0.07003051,0.06872286,-0.023278242,0.0798542,0.06803719,0.06236316,0.07122086,0.054482654,0.07579729,0.07168698,0.07002582,0.029883703,0.076546654,0.058902085,0.07595474,0.06213465,-0.0039723413,0.0418024
-0.022434961,0.05103337,0.049933158,-0.045174092,0.050849505,-0.017577771,0.056131605,0.02131273,-0.023147263,0.049372565,0.0254259,0.0062726187,0.035980813,-0.022309486,-0.046509694,-0.023843104,0.025847362,-0.074867114,0.036426805,-0.015232696,0.005995035,0.035033103,0.031795394,-0.0069065606,0.049734555,-0.003768083,0.060643245,-0.036513574
-0.004555279,0.06916923,0.06063378,0.0805892,0.0814198,0.07210286,0.016859798,0.04298307,0.009093299,0.032643415,0.0756402,0.062465847,0.06886557,0.063634366,0.061785545,0.082177825,0.02439771,0.03850272,-0.00052531715,0.038234584,0.03884565,0.03355384,0.06277469,0.074205674,0.022280801,0.0406005,0.029529484,-0.019088648
0.0017993212,0.078825064,0.060514253,0.06172311,0.0659129,0.06638708,0.06414014,0.08013712,0.06406817,-0.027309686,-0.011275479,-0.02406868,-0.06680895,0.05200409,0.078760244,-0.03492601,0.076435186,0.07128187,0.074765846,0.066319585,0.034846414,0.027383419,0.07893884,0.050617058,-0.073587604,0.041919913,0.056670487,0.06066155
-0.05490649,0.01013976,0.043394886,0.05407806,0.05607519,0.030749654,-0.05715877,-0.010408509,0.015809787,0.051900346,0.068121195,0.024215939,-0.026487589,0.045769412,0.0730665,0.04563767,-0.061173156,-0.005366647,0.07793415,-0.010409077,0.07631365,-0.06952736,0.03609202,-0.015624617,0.036865033,-0.040053032,-0.016631043,-0.04113797
0.040351115,-0.012960143,-0.012889766,0.026001217,-0.019312417,0.039349247,0.0052743885,0.06945839,-0.053010207,-0.026198303,0.005809622,0.010605169,0.010566172,0.030126909,0.068184614,-0.04030307,-0.0075839013,0.036566123,-0.002241155,-0.03269289,-0.033562906,0.07632245,0.06823898,-0.044101547,0.043397184,0.004886829,0.015132666,-0.005826561
-0.050778545,-0.04758322,0.024225393,-0.011159146,-0.034670733,-0.016958311,-0.0076210364,0.07975151,-0.04799166,0.012506226,-0.030388407,0.00543832,-0.03486986,0.028383505,-0.07366304,-0.044058807,-0.021599004,0.025448516,0.028480768,-0.0065068803,0.023853064,0.01943603,0.07456021,-0.011123244,-0.04075361,0.023692323,-0.054169048,-0.02632875
-0.034690965,-0.07206605,0.0069360654,-0.04878798,-0.01664239,0.0029817864,-0.058007013,-0.048239198,-0.061817463,-0.044675153,-0.057743296,-0.0026969418,0.02461681,0.015840795,0.004957662,0.004364501,-0.041935734,-0.07673571,-0.054216392,0.04725402,-0.016570328,-0.064668804,-0.019104885,0.005829007,0.044586226,-0.0143598225,-0.048898242,-0.052008968
0.029794242,-0.073981605,0.045666546,-0.033484675,-0.009123644,-0.07485522,-0.02249601,-0.01789423,0.023650352,-0.07372883,0.012273973,-0.015543646,-0.008799292,-0.04985398,-0.046952073,-0.0022628533,-0.051076107,-0.056391496,-0.07002694,-0.06293196,-0.014864367,-0.030926514,0.0062383153,-0.0437409,-0.07468935,0.0065386863,-0.07597826,-0.002451064
-0.050919063,-0.050182853,-0.06393888,-0.06124872,-0.0026375796,0.0072726365,-0.039843854,-0.04246008,-0.032415595,0.018360207,-0.029345086,-0.045105428,0.03494325,-0.03290808,-0.07418434,0.00028839833,-0.04169014,0.03055414,0.006342705,-0.015787432,-0.041206244,-0.0535477,0.0049442225,-0.017881632,-0.02843028,-0.03840555,0.006402663,-0.068850815
0.004921649,0.03652423,-0.0014544838,0.02543736,0.036197342,0.059048735,0.03780715,0.020772142,0.051100023,0.010457284,-0.003351013,0.0073154303,0.077661216,0.003974037,0.02994209,0.059556194,0.05320583,0.054835055,0.038098767,0.046928447,0.034974646,-0.015072582,0.001983426,0.022245597,0.03191269,0.058927037,0.043832958,0.032631584
-0.05474553,0.065927096,0.022907604,-0.017244777,-0.071587846,-0.046005636,-0.009921703,0.036544126,0.04159355,-0.05395134,-0.04680671,0.03253045,-0.057485357,-0.020138044,0.014797151,-0.030315012,0.023819957,-0.024171779,-0.026133623,0.05639196,-0.010280476,-0.05071585,-0.014528045,-0.04052937,-0.039320298,-0.056010507,-0.023835633,-0.044213086
-0.05089916,-0.037620313,-0.06534167,-0.072759785,0.015173301,0.039447606,0.07012739,-0.040007863,-0.04541564,0.0017480014,-0.06658594,-0.003947512,0.045217514,-0.040581666,-0.055468153,-0.05495554,0.009403432,-0.059634514,-0.049748167,-0.07869735,-0.0035293421,0.031227667,0.04948647,0.046110835,0.047108103,0.036634214,-0.044960883,-0.061782073
0.057849042,-0.083306625,-0.063751146,-0.07351389,-0.044316735,0.015883096,-0.0048907106,-0.03239862,-0.00436053,-0.025009243,-0.059170067,-0.08080464,-0.054633696,-0.04925571,-0.05036583,-0.02037858,0.036609437,-0.024650896,0.015999401,-0.051717598,-0.054797325,0.006695301,0.0066161617,0.04876126,-0.0020116172,-0.031709645,-0.03389969,-0.05945872
0.063322216,-0.005848585,-0.044526074,0.06451659,0.055824682,-0.051563144,0.022384904,0.02594448,0.05646176,-0.021999408,-0.080734596,-0.05679455,0.033848032,0.01588281,0.040261507,-0.022579264,0.07369725,-0.008868571,-0.058534943,0.046547484,0.0018763498,0.026444262,0.06169062,0.068285786,-0.027974607,0.07568256,0.023616621,-0.013518388
-0.062356833,0.013698932,-0.08474191,-0.02590434,0.020789472,-0.029568732,0.08363576,-0.006516448,-0.047863085,0.01038184,-0.06486934,-0.06167648,-0.02756678,0.044108912,0.062303,-0.052695177,-0.0037065397,-0.007815649,-0.091580875,-0.0019735848,-0.036696497,-0.019056339,-0.06535361,0.019159455,0.055409085,0.0017032075,0.0059215436,0.0045853704
0.075953305,0.024030201,0.031121977,-0.007123625,-0.017727813,-0.045204204,0.017423425,0.03001109,-0.04507009,0.07147082,0.0294969,-0.0054117884,0.016766716,-0.040936135,-0.010494025,0.021555679,0.05668645,-0.05026549,0.04256606,-0.030655878,-0.04967758,0.06334119,0.032398056,0.023703815,0.053595513,0.025131553,0.014101662,0.034071214
-0.019071797,-0.05198663,-0.029908247,0.024448328,0.0130622145,0.019509833,0.06991207,0.043939468,0.0076873,-0.03149555,-0.029040193,0.04381269,0.06842655,-0.059260324,0.023126666,-0.08779122,0.040601056,0.054972798,-0.074415654,0.026139837,-0.009524176,0.014419937,0.00673955,0.021051027,-0.005506053,0.04216739,0.05812552,0.028919945
0.036851626,0.07400969,0.008443607,-0.018734945,-0.003250413,-0.017824253,-0.04141413,-0.032183595,-0.0400367,-0.061598174,0.02183436,0.059664555,0.014404305,-0.0015394383,-0.06658622,0.0020305682,0.0027359265,0.039690863,-0.041611463,-0.016590305,-0.076289624,-0.03997703,-0.01805201,-0.04869043,-0.0032355909,-0.009239921,0.05751849,0.021404913
0.057471517,-0.019549383,-0.040191773,-0.0046830676,-0.013246203,0.041024175,-0.017161246,0.011751324,0.036544908,0.041727822,-0.056633633,0.0050278315,-0.053956352,-0.017124785,0.013139192,-0.00025047862,0.02770383,-0.04300754,-0.039242886,-0.03988633,0.011931965,-0.0061637512,0.019601248,-0.0058248905,0.05318708,0.069676906,-0.062476683,-0.060273323
-0.019658074,-0.025823768,-0.01858937,0.009144577,-0.034449536,0.016105503,-0.048471063,0.011446996,-0.07304978,-0.0735046,-0.03464835,-0.011105237,-0.00957616,-0.047500063,0.008579192,0.0045665926,-0.0064395145,-0.021161852,-0.05997004,-0.05985294,-0.047003124,-0.027486518,-0.06909439,-0.0066344263,0.025079375,-0.041652467,0.025277618,-0.0022957013
0.032906305,-0.012230766,0.0043043983,-0.008874285,0.0047376673,-0.005691958,0.022741608,-0.07428225,-0.022659287,0.063257635,0.032908466,-0.04787154,0.019610716,-0.048637994,-0.021137271,-0.0020716966,0.04377949,-0.071772054,0.060840216,-0.061009336,-0.037419192,-0.04978092,0.023767356,-0.01808859,-0.08251601,0.06605288,0.0668773,0.023694228
-0.025879715,0.05292099,0.04465244,0.036512297,0.04878455,0.0030882687,0.048749827,0.035905708,0.030594524,-0.051612895,0.017025715,0.0023487983,-0.076782465,0.019534262,-0.008573259,0.009878757,-0.002370188,0.079945534,0.07324669,-0.03398564,-0.02628071,0.006959825,0.014999626,-0.008976652,0.037474323,-0.039929263,-0.04103274,0.0072397226
-0.028193207,0.0673621,0.07171297,-0.040111497,0.017248878,0.017535586,0.026167104,0.03346496,0.022162616,-0.04884728,0.03907203,0.08049437,0.027563753,-0.04654578,0.0061495444,0.039710302,0.08182335,-0.056057185,-0.03990744,0.08040365,-0.006504345,-0.022268606,-0.07204471,0.024964454,0.075046785,-0.026796903,0.02186755,-0.04863968
0.015543968,0.01505706,-0.00902964,-0.042397782,-0.057511434,-0.037589476,-0.036845922,-0.041798502,-0.041672062,-0.07165817,-0.04092495,-0.012513508,-0.069709875,-0.022499254,-0.009679483,-0.06591899,-0.031894635,0.023392078,-0.019716939,-0.064731985,-0.019550644,-0.0565907,-0.025431862,-0.049902532,-0.02443451,-0.011329783,-0.06256513,-0.023032332
-0.07468587,0.024072152,0.046346884,-0.055541616,-0.02971425,0.050725196,-0.045905802,0.021334376,0.03307388,-0.007838118,0.07997341,-0.07377567,-0.033113737,0.03497478,0.046590924,-0.010160229,-0.045836095,0.04330398,0.0010726101,0.008315362,0.06414762,0.035003703,-0.012220892,0.004208138,-0.008464794,-0.057437204,-0.05360637,-0.09254035
0.054389108,0.018775094,0.061803587,0.015307873,-0.005856813,0.012276835,0.03620478,0.010723009,-0.027334366,-0.05916192,0.06686865,-0.019195698,-0.0003936753,0.012086307,0.040239263,-0.0003070766,0.008097372,-0.01679482,0.07971608,-0.020091107,-0.0140931085,0.0485515,0.061377883,0.02418344,-0.04798053,0.07018101,-0.005376736,-0.06192568
0.034965716,-0.04445683,0.041945755,0.05550803,0.021888884,0.042471312,-0.0054851705,0.03199973,0.015267739,0.015871625,-0.02872261,0.037185673,-0.036628705,0.049317334,-0.0015122849,-0.044106007,-0.05278801,0.04373166,-0.020893868,-0.07280109,0.04006432,0.07022322,-0.0063817697,0.024681373,0.00903073,-0.029917788,-0.006376448,0.046030995
-0.018437495,-0.08362015,-0.06056909,-0.026814966,-0.0029546414,0.06327158,-0.036072157,-0.033323344,0.022410326,0.047608856,0.07624634,-0.06594374,-0.048957743,0.07278247,0.071431756,-0.017572636,-0.079076335,-0.021289546,-0.057137012,-0.062512666,0.0016848764,0.012897707,0.045728315,0.056113087,-0.07835641,-0.047515113,0.0042653326,0.06705582
-0.028562594,-0.023061864,-0.018865325,0.008984065,0.05825459,0.042664506,0.017794002,-0.058733255,-0.06360649,-0.007186097,-0.028820569,0.023640728,0.016376818,0.013027617,0.04821258,-0.01525741,0.018201735,-0.026533324,-0.014428746,-0.0045392886,0.025471322,-0.027374657,-0.026768668,0.04730411,0.00972289,0.02873494,0.008611168,0.029364426
-0.021782063,0.031292412,0.04896106,-0.031225424,-0.041256413,-0.03737285,-0.07693997,-0.040747654,0.06037524,0.056586243,-0.014788077,-0.040856037,-0.05802543,-0.08070249,-0.053219803,0.045794602,0.07388836,-0.025448494,0.0688187,-0.042138465,0.08499469,-0.030086124,-0.032853767,-0.046410132,-0.04442518,-0.021411298,0.07856295,-0.083759695
-0.016268969,0.0009287341,-0.061373908,-0.03703423,-0.052794676,0.0021669376,0.016709013,-0.052473057,-0.04475603,0.030491097,-0.0074757654,0.029949753,0.023057424,0.07355944,0.00855988,0.013085325,-0.047580447,0.0019573467,0.04031628,-0.015225462,0.03682589,-0.027532525,0.047449354,-0.066651076,-0.07550778,0.029166332,-0.044546504,0.06803619
-0.06874199,-0.0027430952,-0.032822404,-0.043543074,-0.025798552,-0.013296538,-0.030132927,-0.04849519,0.014606068,-0.035638582,-0.005305442,-0.041009504,-0.0011043958,0.012442826,-0.02583841,-0.056742743,-0.06750532,-0.057283882,-0.03604844,0.019270474,-0.0856872,-0.046074346,0.006656439,-0.06894898,0.014795601,-0.03381837,-0.07223834,0.0068892282
-0.011014701,0.025007254,0.044797562,-0.02125156,0.005070508,-0.008306571,-0.031862218,0.050561063,0.046455503,-0.07246456,0.007986677,0.006213228,-0.05732148,0.03905878,-0.00891189,0.006632682,0.024978299,0.015111875,0.021757266,0.046645246,0.04664563,-0.011623588,0.02701029,-0.023650916,-0.0071436786,-0.012905687,-0.0064575635,0.046524793
-0.031943753,0.03837805,-0.014889089,0.0156173585,-0.017386753,-0.022422904,0.0005746,0.03462783,-0.06793824,-0.038895607,-0.03646969,-0.0076248674,-0.028820528,0.0710131,-0.016548239,-0.0032546946,-0.032524385,0.026683489,-0.022864891,0.0067513245,-0.03844106,-0.02785341,-0.044941425,-0.0184797,-0.051145505,0.03854059,-0.03340345,-0.002505635
-0.077368654,0.06521659,0.04127845,0.06894393,0.05483801,-0.0035987096,-0.012221867,-0.017274046,-0.017444618,-0.022511678,0.041022215,0.08270148,-0.04958869,-0.023569187,0.05397516,0.035895754,-0.06679695,0.044293795,-0.030676562,0.017917205,-0.05043678,0.014489097,0.014579145,-0.0011406447,0.050050102,0.0027797504,-0.04603102,-0.01038164
-0.02900691,-0.03807675,0.05600809,-0.014502942,0.016298886,-0.054614794,-0.017359706,-0.021401688,0.053631492,-0.015288179,0.04900435,0.059012733,-0.07052133,-0.047068704,-0.028158484,-0.020245178,0.045492828,-0.029886682,0.0072469,-0.04954874,-0.037781693,-0.051913388,-0.005766327,-0.03659817,0.024043307,-0.06344131,-0.040787302,-0.054044057
0.010513361,0.01573884,-0.07588779,-0.030947857,-0.07627162,-0.05899239,-0.009265783,-0.07574964,-0.060940526,-0.049373653,0.02322079,-0.04614492,-0.07399632,0.029951567,-0.059592023,-0.02525396,-0.04925273,-0.0074109137,-0.047098428,0.023457117,-0.014911115,0.03568506,-0.029410709,-0.061360184,0.023851432,-0.063284785,-0.026166642,-0.020377178
-0.024049688,0.022264954,-0.018984739,0.04561232,0.0006666022,0.037528455,-0.012732459,-0.041208487,-0.035269283,-0.00039264193,-0.013457023,-0.04788994,0.07063329,-0.007625462,-0.037990164,-0.04315714,-0.007664883,0.00251764,-0.014815174,-0.019736223,-0.020275032,-0.06328271,-0.07636016,0.028434178,-0.02184904,-0.012917129,-0.0014164147,-0.043044243
0.04064162,-0.07937964,-0.0663787,-0.07363956,-0.0708753,0.010583594,0.061298408,-0.051335927,-0.0040695113,-0.038292013,-0.06905092,0.05907568,-0.023830514,-0.025477283,-0.030963909,-0.04486508,0.059963856,-0.049887,0.018826028,-0.005125263,0.026433887,-0.03724952,-0.040948957,-0.047193017,-0.0033388492,-0.062652856,0.0158268,-0.031040855
-0.028402932,0.048465975,0.06454023,0.043845993,-0.013816845,0.02972872,-0.043436177,0.0021231375,0.009535799,0.07654575,0.0045004785,0.046498783,0.01945011,0.05485644,0.08004636,-0.00058569765,-0.018030833,0.022414763,-0.010472638,0.024929535,0.08141025,-0.0003580088,0.022042546,-0.05625975,-0.029368103,-0.05251717,-0.002076358,0.02888124
0.016689327,0.0012026401,-0.050129294,0.040963877,-0.010558303,0.0776462,-0.0038607034,-0.023530344,0.045805797,-0.044263326,0.005892961,0.023468336,0.07168856,0.06367754,0.0339008,0.075989455,0.060386498,0.050550103,-0.008738664,-0.03618991,0.031857446,0.015343203,0.04335005,0.009084433,0.057675455,0.0068863453,0.023930652,-0.0013696612
-0.055638034,0.026566053,0.018994574,0.025034206,-0.00065454555,0.029365422,-0.006528281,0.025347576,-0.01635817,-0.056761242,-0.008050821,0.014138409,-0.03167175,-0.0030440218,0.026660273,0.027190017,-0.01031241,-0.007271877,0.031166393,-0.018801508,0.011424086,-0.02117538,-0.010555774,-0.016942034,0.007051349,-0.036924105,-0.03154079,0.020693414
-0.07673583,0.009304993,-0.06835349,0.0013023237,-0.042147916,-0.027932284,-0.023200119,-0.07052258,-0.06255136,-0.012611327,-0.040093135,-0.04759712,-0.029964061,-0.06980988,-0.046019707,0.04740609,-0.012327507,-0.04252788,-0.0054160915,-0.060239792,-0.04246127,0.025722377,-0.05934635,-0.03538028,0.005006503,-0.047906883,-0.06050509,-0.06947303
-0.023237228,-0.012291741,-0.04552148,-0.050050247,-0.06234585,-0.05718514,-0.035316244,-0.07770066,-0.057021283,-0.047435474,-0.049017712,0.0025001897,-0.055322427,-0.05831391,-0.04578433,-0.03800799,-0.032708038,-0.011932358,-0.02969162,-0.0019615388,-0.05256356,-0.019268993,-0.04633833,-0.049961414,0.013049116,-0.0616669,0.0077105677,0.00046837458
0.041273776,0.013741464,-0.03104773,0.051994443,0.05705267,-0.05293052,0.010458372,0.0001431949,-0.018938495,0.00509292,-0.08098265,-0.0341762,0.017142277,-0.05075343,-0.06246617,-0.011985199,0.031251773,0.04158093,-0.0249402,0.062523976,0.035042867,0.0003012885,-0.0071296217,-0.005422095,0.07313542,0.040754776,-0.07894312,-0.06914349
0.010244319,-0.06121619,-0.023982521,0.0061786557,0.030880116,0.010764122,-0.0071246675,-0.027690765,0.028911555,0.07029817,-0.02640285,0.007361279,-0.0021466694,0.008895185,0.030404769,0.053555466,-0.015584991,-0.052400433,0.011976508,0.05015517,0.00887427,0.027982803,0.04117194,-0.020875974,0.031721473,0.01800617,-0.00070013554,-0.034778308
-0.06829655,-0.041902535,0.010840075,-0.017629098,0.009521983,0.016314466,0.003919699,0.021311086,0.007906281,0.054406825,0.05860386,-0.052781846,0.0016039221,0.054856855,0.037098043,-0.05691001,-0.020902054,0.06266528,0.019780273,0.0025405395,0.042312834,-0.05612623,0.07566739,0.017127303,-0.038467154,0.05967752,0.05937417,0.06627416
-0.014685014,0.062123243,-0.005834015,-0.06174769,-0.0841942,-0.08484026,0.060522847,-0.021709714,0.014105943,-0.035527024,-0.026434839,-0.056471363,0.04009849,-0.07454293,-0.032792516,0.012691593,-0.051865835,0.017543267,0.0049300883,0.074015014,-0.07722827,0.059536472,-0.076131776,-0.06775134,0.037360176,-0.020218022,0.03395175,0.054999065
0.033170547,0.053609446,0.073743135,0.0049649347,-0.03514839,0.062309746,-0.006897653,0.050747007,0.06318382,0.015648067,-0.025308272,0.08207929,0.031616792,0.07765191,0.048034046,-0.064008884,-0.0030774677,0.018609481,0.08908529,0.009591033,0.020960031,0.05525981,0.051712856,0.040430497,0.07706647,0.018433763,0.0324468,0.07489089
-0.036801428,0.0055322573,0.020868782,0.05283038,0.05068603,0.010845955,-0.045514744,0.06441627,-0.04981325,0.05345579,-0.008110413,0.077825524,0.06401953,-0.013361284,-0.016105905,-0.07519716,0.049054205,-0.06732004,0.01121241,0.0076012453,-0.03041821,-0.018325917,-0.04966059,0.021056922,0.038162522,0.02771152,-0.026509607,-0.0023846293
-0.021157624,0.028803611,0.043870516,0.017914,0.04952101,-0.020591388,0.05058853,0.06361119,0.04438632,0.068726756,0.062413916,0.014042901,0.0018315497,-0.044860817,-0.022307232,-0.015440391,-0.0045487867,-0.00035237864,0.045251366,0.006864407,-0.04130481,0.0029073497,0.047031224,0.051048517,-0.036525637,0.046104543,0.05950793,-0.05530706
0.003110312,-0.064205855,-0.041184034,-0.011253527,-0.02060775,0.022247642,0.022898566,-0.03925912,-0.063868895,-0.011269115,-0.08403968,-0.017588336,0.034651972,-0.009699179,-0.077946335,0.06508005,-0.00883048,0.032594364,-0.081993334,-0.037803773,-0.048965335,-0.029628206,-0.07833376,-0.044398956,0.027340816,-0.03599408,-0.051959246,-0.021292798
-0.01427352,0.07706953,-0.036455628,-0.063307755,-0.07509662,-0.057959743,0.07461867,-0.0480822,0.0024589365,0.014164404,-0.06060505,0.05853138,-0.08096052,-0.056441467,0.016695464,-0.06944769,-0.0041877576,0.045286503,0.054110397,-0.04304679,0.037634697,-0.06979986,0.049466632,-0.029291585,0.014318096,0.0007016172,-0.07285233,-0.040971287
-0.010509114,0.04346313,-0.05156421,0.012116266,-0.03417791,0.066559665,-0.012472234,-0.02554972,-0.03108463,-0.013683983,-0.020146225,-0.05798625,-0.016367467,0.042678166,-0.028045017,0.06769896,0.04605868,0.04629665,0.051785145,-0.01876374,-0.0005747711,-0.076161936,-0.02165419,-0.020391393,-0.04176438,-0.011287905,0.01727813,-0.024490675
0.022035059,0.07374319,-0.00035580585,0.05274137,-0.04984012,-0.021861931,0.055794597,0.02940131,0.020108733,0.055161364,-0.037060637,-0.027251463,0.05606225,0.065317675,-0.0707118,-0.067399316,0.031485718,-0.032759916,0.04232253,-0.042330474,0.029077683,0.033684053,0.0007248844,-0.031886954,0.012291368,-0.024314407,0.010674219,-0.019559534
0.054687135,-0.00011798554,-0.056151465,-0.027443768,-0.035709035,0.010589621,0.03940927,-0.015542039,-0.035758976,0.00828384,-0.0028879237,-0.053518303,0.017822655,-0.055092968,0.008915312,-0.058056578,0.039892986,0.0529843,0.01021507,0.0008577721,-0.014936744,0.03180301,0.045740288,-0.04578635,0.06447135,-0.02819251,0.04659321,0.01304343
-0.03824255,0.06584293,-0.015719894,-0.042884193,0.012741542,-0.026032005,0.009987371,-0.042795803,0.06371874,0.053165138,-0.046315115,-0.04115036,-0.062026814,-0.061146818,-0.070146196,-0.06426516,-0.005129239,-0.03358674,0.022584869,0.056468315,-0.035799384,-0.02319468,-0.0681928,-0.0020228503,0.049691107,-0.0008513843,0.050518554,0.028149271
0.031038579,-0.038048703,-0.026132908,0.0039902767,0.041369803,0.015422556,0.03248033,0.044715572,0.020634979,0.008383985,-0.05370033,0.010027478,-0.012959027,0.046390053,0.012980792,0.06425,-0.060563274,0.06650907,0.0039034656,-0.008167642,0.02037479,0.052086893,0.04262933,0.06178053,0.059146572,0.00784294,0.025186282,0.008430324
0.0012941554,0.0065827286,-0.017052028,0.06579403,0.03622271,-0.04758623,0.023904234,0.013214649,0.049072508,0.05908254,-0.046884302,0.042450678,-0.02857049,0.0025531405,0.04108658,0.0053888024,0.046783604,0.0026677465,-0.021753252,0.06900404,0.005371764,-0.051636748,0.032014377,0.0032404654,0.026633326,-0.0036240837,0.04779067,0.036026698
0.05784089,-0.06903226,-0.016224796,0.011739834,-0.003385221,-0.05853812,0.011492049,-0.018640371,-0.047877654,-0.01540365,-0.044166148,0.010338223,0.043341108,0.006680533,0.014234349,0.035974476,-0.047654368,-0.013706655,0.023192389,-0.035024516,-0.0020951303,0.029850796,-0.022733448,-0.007335914,0.024090545,-0.07065247,-0.06685748,-0.051972926
0.011032564,0.06669673,0.079495564,0.06702154,0.08122825,0.078800425,0.051511813,0.08065542,0.07087426,0.03971391,0.072694845,0.05954681,0.049993016,0.07916889,0.047614343,0.08236021,0.0017608419,0.039779805,0.025222475,0.04510246,0.05256794,0.056236304,0.0061576227,0.07378265,0.011569223,0.058272656,0.040050864,0.0154488105
-0.071164735,-0.067140654,0.076247655,-0.07030858,0.07118168,0.07990355,-0.015067188,0.027340777,0.035299424,-0.0168889,-0.06655895,-0.053060584,0.045796856,0.007232956,-0.011931583,-0.07973002,0.0731132,-0.07857961,-0.0707848,0.013493663,0.0642034,-0.004862675,-0.057727244,0.067487605,0.007290587,-0.024254264,-0.038370166,-0.01718355
0.040204167,0.044667155,-0.039025743,0.062593706,0.07527536,0.048025444,-0.02813319,0.076352194,0.025539232,-0.0045597255,0.029660821,0.018621285,0.031153465,0.0067746188,0.055441014,0.06818987,-0.028431753,-0.038164522,-0.04218542,0.033417135,0.047529757,-0.052493144,-0.040028542,0.058081277,0.045685794,0.076231964,0.008369504,-0.048042912
-0.0056405375,0.027267145,-0.004486871,0.033373885,0.029891107,0.011482838,0.075826794,0.082512595,-0.06806057,-0.003539258,-0.0030850682,0.0717039,0.03024467,0.08262585,0.080871426,0.023617556,0.010608779,0.05714468,0.019830566,0.053187497,0.032468483,0.059899583,0.011861507,0.0014174556,0.013115699,-0.0437716,-0.0011138389,0.0016116685
-0.053225093,-0.02110551,0.023313835,0.028690359,0.036491185,0.046013255,-0.05894578,-0.0047598453,0.051627677,-0.02993042,0.018314805,0.013925751,-0.032791525,-0.07849348,-0.025439028,0.0726397,0.012809182,-0.054842323,-0.026888484,-0.056507796,-0.033597097,-0.05147473,-0.08012668,0.04858607,-0.026375575,0.016394317,-0.010330713,-0.027511328
0.03161901,0.02447879,-0.036314905,-0.03364502,-0.047097325,-0.017263835,-0.050080784,-0.016824374,0.008455772,-0.058744743,0.038564675,0.011209747,-0.0070069907,-0.021931395,0.034885943,-0.03915589,0.03725462,0.06561863,-0.0005475663,0.013775864,0.0012385234,-0.036288034,0.034153,0.025508787,0.06281709,0.024662947,-0.051412288,0.0009454498
-0.043772854,-0.04886235,-0.048105497,0.0077261543,0.043025915,-0.023937976,-0.0015535291,-0.03420885,-0.029608663,-0.041008323,-0.02559768,-0.051895976,0.009039665,-0.035196677,0.014909347,-0.039189868,-0.013989748,-0.0363251,0.005278907,-0.037450492,-0.038017545,-0.058832143,-0.030471824,-0.024185278,-0.026702192,-0.04673731,-0.011692754,-0.031623933
0.066280834,0.007931348,0.032477453,0.042489126,-0.027440948,0.071493946,0.008723968,0.050762616,0.06854757,0.06746247,0.035718553,0.04412349,-0.025941947,0.03341095,0.0270799,0.07533843,0.03840461,0.029510004,0.052623443,0.030049387,0.047835983,0.010801986,-0.013155355,0.027350124,0.001549636,0.0029128827,0.06590453,-0.007507051
-0.041973867,-0.019425893,-0.032617103,-0.044584624,-0.06863413,-0.04247356,-0.016304865,-0.005863316,-0.055316996,-0.01963401,-0.03017377,-0.049900882,-0.0700662,0.0025838644,0.024645042,-0.08069047,-0.049699314,-0.05087433,-0.00419097,-0.018307056,0.006394959,-0.029149977,-0.051294524,-0.07029187,-0.06325313,-0.055097505,-0.037766073,-0.07183954
-0.00038296072,-0.05322137,-0.058136534,0.01786403,-0.026280077,-0.020427719,0.008562163,-0.047809944,-0.060090296,-0.005510148,-0.066921234,-0.058271173,-0.019597791,-0.05716229,-0.017268108,-0.04533298,0.006632789,-0.04749605,0.004522092,-0.053650483,-0.044849057,-0.013214577,-0.056528863,-0.007934205,-0.039464537,-0.03568242,-0.074162625,-0.030721938
0.0714773,0.01432752,0.071320936,-0.016797407,-0.0063450374,0.023471015,0.033066783,0.01936841,0.042247042,-0.018713336,0.08682687,0.07473515,-0.031867355,0.020905137,0.045646228,0.051581237,-0.049257226,-0.0094378255,0.007884137,-0.010360024,-0.014064749,0.059214193,-0.02868744,0.007366886,0.018784054,0.038208522,0.051291995,0.017058965
-0.04321705,-0.029603854,0.044098943,0.011076256,-0.030092914,-0.078421466,-0.042231288,0.004561712,-0.018799843,-0.0764015,-0.0055489605,-0.050850764,-0.056951083,-0.046473082,0.0026809925,0.011052104,-0.049107444,0.015753107,0.035738476,-0.036996037,-0.07141509,0.0055974624,-0.04691791,-0.013211611,-0.0064923167,-0.074920505,-0.00020439636,-0.04730372
0.012511421,0.011450048,0.02643338,0.07953994,0.051172376,0.070503704,0.051582586,0.049203765,0.037831962,-0.009208693,0.036040492,0.0080376435,0.06942425,0.08396542,0.07181591,0.06577918,-0.011316943,0.04170332,0.046427183,0.049341593,0.06559654,0.033000525,0.049239557,0.03600103,-0.02331445,0.027888583,0.049292665,0.044805735
0.011893648,0.027215237,0.04767752,0.032248124,0.0683893,-0.043027434,0.011685743,0.02501214,0.029947024,0.041734874,0.023991061,-0.08272838,0.03346454,-0.06137354,0.03379263,-0.038326133,0.009195654,0.045812048,0.006419621,-0.02515942,-0.038702372,-0.041338783,0.015605092,-0.044141002,0.0490073,0.07160452,-0.033408545,-0.01824508
-0.020065308,-0.0074135466,-0.025603725,0.002397201,0.0069498634,-0.028823216,-0.02989897,-0.01936942,0.009592731,-0.020511366,-0.020469822,-0.0005884401,-0.013883204,-0.0063170013,-0.027064204,0.009761264,0.0013696211,-0.053434137,-0.009944907,0.023800993,-0.021205906,-0.022658195,0.011139313,-0.027420327,-0.024497204,-0.031317,0.01565223,-0.025468625
-0.029378522,0.020413892,-0.0046135616,-0.02998475,-0.006876685,0.01238194,0.020996226,-0.0012050167,0.042962432,0.068828516,-0.033004053,0.022502773,0.036755335,-0.03316135,-0.012672244,-0.066835254,0.027947051,0.023776794,-0.029933713,0.05157376,0.044162724,-0.0018343142,-0.014899721,0.0001962248,-0.06577894,0.011631097,0.03449803,0.04133967
0.071438596,0.0490992,0.025886502,0.05773497,0.010708592,0.019087303,0.060518876,0.031155063,0.032395072,0.03439321,0.039157648,0.03041087,0.060778666,0.03448324,0.009836119,0.021888144,0.025437044,-0.010546611,-0.02372041,-0.007198948,0.017603384,0.042015757,0.020395935,-0.0630456,-0.037861906,0.015909106,0.030744845,0.06321177
0.06253299,-0.05921773,0.047120534,-0.06010774,-0.07864119,-0.022324013,-0.06922388,0.01993004,-0.061921753,0.027178125,-0.033409033,0.046123803,-0.015668854,-0.011716527,0.0409917,-0.040599264,-0.057031877,-0.076242305,-0.011890668,-0.0013320042,-0.007965181,-0.0066923406,0.059377044,-0.052325066,-0.07785101,-0.046635486,-0.006666436,0.055310402
-0.06870923,0.038609166,-0.06401863,-0.012563674,-0.01828546,0.008891999,-0.02864621,0.003651829,-0.051967405,0.01763531,0.050200354,0.023792414,0.04539888,0.0018430976,0.041222308,0.022158373,-0.004553114,0.025917238,0.009902578,0.05073166,0.001233259,0.04232039,0.06953908,0.05582354,-0.024239173,-0.06331973,0.06936025,0.073576994
-0.06503403,0.009821203,0.054914203,-0.04840901,-0.020823393,-0.069062576,0.030174535,-0.0834938,-0.06321173,0.02482929,0.014376557,-0.05071095,-0.043566983,0.027837854,0.0010377029,-0.08255448,0.024691448,0.01828944,0.010097611,-0.022924112,-0.04322354,-0.027441246,0.022036111,-0.0064156093,-0.060561083,-0.053204697,-0.059296757,-0.04502705
-0.05041771,-0.0118454145,-0.032640066,-0.048994515,-0.0564515,0.005719877,-0.03232255,-0.047302354,-0.048441455,0.069391,0.047434818,-0.017608676,0.061509643,-0.015479979,0.06682551,-0.044874396,-0.023149787,-0.07874542,0.057406787,0.053140048,0.05810238,0.06565939,0.028182276,0.024265677,0.021761883,0.029626537,0.066613115,0.028292302
-0.0074192877,0.0122518465,0.069514215,0.075904496,0.057543676,0.066914,-0.035453152,0.0701104,-0.06282596,-0.028160932,0.028373174,-0.02168686,0.07553158,-0.04116195,-0.011019213,0.010138859,-0.05674663,0.037548475,0.041545413,0.05446786,-0.019253079,0.06263028,-0.039171156,-0.0101379175,-0.05390233,-0.009065952,0.020631975,-0.043827802
0.0162687,0.06778398,-0.027835326,0.055984993,0.0389092,-0.06909946,0.0646058,0.049776286,0.002459844,0.068109296,-0.041099355,-0.06653726,-0.0755628,-0.056188006,0.04701348,-0.08505809,0.009236649,0.024682768,0.0074768774,-0.004123523,-0.065658554,0.060447074,0.027513864,0.07231847,0.0411623,0.0126822535,0.015162883,0.05591063
-0.0034852652,0.038587082,0.023386393,-0.082527794,-0.059913598,-0.06305874,-0.0141948145,-0.05558116,-0.02043139,-0.07411986,-0.049484115,0.080962844,-0.06329014,-0.05561558,-0.05931169,-0.017486729,0.006437737,-0.089143135,-0.0328439,-0.028600205,-0.07983716,-0.045803435,-0.036451556,0.044394203,-0.071700945,0.01923887,-0.00052919233,0.0042587905
-0.053350843,-0.012116831,-0.043494597,-0.013260317,-0.00625757,-0.046038255,0.04522259,-0.055943727,-0.02583309,-0.06263464,-0.029428212,-0.0642425,-0.066487886,0.017484497,0.026200727,-0.028040433,-0.05983105,0.020196967,0.047558323,-0.07337908,-0.043064546,-0.037980337,0.058921214,0.0044850544,-0.01655999,-0.05294005,-0.072049014,-0.04527379
0.01651725,-0.041148324,-0.02624352,-0.05300694,-0.04687106,-0.022977626,0.0026713796,-0.037766892,0.056183625,0.04266828,0.020264458,-0.06739626,0.024932615,-0.06128967,-0.033608988,-0.017298078,-0.04008574,0.0067506586,-0.03719806,-0.03947384,-0.009996392,-0.057374552,-0.046189297,-0.009313671,-0.040941056,0.021341603,-0.011279515,0.03450577
0.04421013,0.0049957335,0.020083698,-0.02737324,0.0048466795,-0.01724376,0.072509065,0.059117198,-0.029422633,-0.06241231,-0.0273768,-0.05186115,0.011861134,-0.066166475,0.037310474,-0.055517152,0.008976111,-0.011400198,0.059854012,-0.07748822,-0.049251292,0.0038421117,-0.06450551,0.07029603,0.00064737594,0.065481864,-0.028690007,0.06880324
0.019186173,-0.05233551,0.034546252,-0.03360815,-0.002504784,0.015062686,0.059632193,0.061917674,0.044357445,-0.015974358,0.0055215284,0.062768735,0.049699668,0.014930979,-0.010167054,0.040717524,0.04919609,0.034785345,0.031368528,-0.013863087,0.004868526,0.055986665,-0.03862461,0.057049964,-0.010669087,0.05501777,-0.023059117,0.011099369
0.03543647,0.06769406,0.0053427676,0.035141252,-0.0012264848,0.05723087,-0.041450806,0.033675868,-0.0014258616,-0.042446136,0.0145345135,0.0020127255,0.042237557,0.0118801,0.022514936,0.08587494,-0.060218662,0.014420978,-0.027125174,0.04398249,0.0025656477,0.029137863,-0.018892918,0.040026817,-0.011506377,-0.032956924,-0.011797339,-0.015144342
0.017768385,0.0395066,0.031181505,0.076588646,-0.025764035,-0.025921093,-0.013962609,-0.008744776,-0.028796002,0.023072265,-0.03823235,-0.0030193974,0.0014469468,-0.020928858,0.031960584,0.019696811,0.053072397,0.01610861,0.015928358,0.02161974,-0.07607588,-0.057499427,0.047136653,0.022016607,-0.0041336357,-0.009671988,-0.0017994326,-0.04376303
0.07181693,-0.028847108,0.0025688333,-0.052120734,-0.0018850311,-0.0047144317,-0.067959055,-0.054853503,-0.037672695,-0.05143549,-0.041931655,-0.0050786524,-0.0663846,-0.05101438,-0.034534607,-0.029969862,-0.029827181,0.0013187418,-0.06426131,-0.056519043,-0.041168816,-0.058613133,-0.036171217,-0.024523275,0.045227498,-0.058617692,-0.05675322,-0.009003457
-0.07815886,-0.035417963,-0.07263582,-0.04374812,0.032300368,0.015534881,-0.015896248,-0.012287659,-0.053525373,-0.036065876,-0.08039011,0.017913615,-0.05521469,0.05874428,-0.03295076,-0.00011885496,-0.07040923,-0.059694756,-0.009825872,-0.07052441,0.06764156,-0.041830864,-0.013098533,-0.057151824,-0.056134515,-0.060843777,-0.04857502,0.044238374
0.055829186,0.014927128,0.045075487,0.02663561,0.059313834,0.039320674,-0.012662553,-0.0068164053,0.07083961,-0.009618458,-0.0012068157,0.066251986,0.06280323,0.020274714,0.07799128,0.030439887,0.04829215,0.057581693,0.08112664,0.067878,0.038705457,0.018512592,0.043547552,0.031714864,0.071337074,-0.012873725,0.036799602,0.06481754
0.041815925,0.028521143,0.017638508,0.05522905,0.041346114,-0.013447361,-0.07645421,0.014083125,-0.055523466,-0.021802701,0.017389694,-0.03649459,-0.04986824,-0.011492566,0.00021832612,-0.0007434912,0.03806482,0.012910578,-0.09204216,0.034510855,0.018248353,-0.03325425,-0.055356577,-0.020737633,-0.059248593,0.038453367,-0.03797773,-0.042121656
-0.05248992,0.04716959,-0.042496257,0.024345992,-0.01624419,0.04207939,-0.015234602,-0.0025499326,-0.0064315447,-0.006832082,0.071398854,0.027095255,-0.018410591,-0.013993649,0.061280612,-0.0025806548,0.0043286067,-0.033112135,0.006186775,0.035706814,0.0068275006,-0.0040598735,0.044705436,0.034617398,-0.04758267,-0.015047034,0.03452674,0.030722765
-0.052494813,0.0059642973,0.050242595,0.035019726,0.06770587,0.053094786,0.01445375,0.054136377,0.013302354,0.05945092,-0.03459412,0.0674137,0.037291832,-0.023380483,0.032545716,-0.0425816,0.014544859,0.05333099,0.0065466617,0.03997748,-0.067862436,0.008442042,0.028755251,-0.050200853,-0.065265626,0.036205493,0.03916527,0.0620716
-0.0014293586,0.04592997,0.008060285,0.07186881,0.041252967,0.04011842,0.040591653,0.047730383,0.033559915,0.022478623,0.015035727,0.048383188,-0.0014777686,0.073174715,0.063334875,0.072685406,-0.012939125,0.04216991,0.028410228,0.017872997,0.06498275,0.036624797,0.03606236,0.043531477,0.0034686911,0.028659657,-0.025178075,-0.02125497
-0.06610601,0.006261776,0.06925332,-0.024672495,0.007575514,-0.002031382,-0.007795096,0.019289922,0.06414175,0.06115152,0.015852455,-0.03421839,0.0588347,-0.01890389,-0.0014979234,-0.06703173,0.06857096,-0.047573213,0.07892629,0.012662706,0.053260695,0.023128334,0.032343358,-0.0012789434,0.016864209,0.045023523,0.035452113,-0.02872034
-0.04359159,-0.04383407,-0.06875545,-0.035299864,-0.03522654,-0.06246311,-0.014763063,-0.0638234,-0.048202153,-0.01829667,-0.0625138,-0.0530871,-0.053198528,-0.05963473,-0.06274305,-0.059603628,0.019084837,-0.081809856,-0.02336331,0.00832013,-0.049601477,-0.04621343,-0.036785964,-0.054566983,-0.029960714,-0.018857235,-0.08229761,-0.04247642
-0.030293077,-0.06996653,-0.069426,-0.023785168,-0.051419236,-0.016738085,0.016276093,-0.085495144,-0.05804459,0.055276062,-0.071504794,-0.07464248,-0.05353491,-0.08097891,-0.06421893,-0.068133086,-0.02087662,-0.080138475,-0.05208457,-0.07151822,-0.05650068,-0.050769933,-0.06922346,-0.07203411,-0.033943016,-0.055581797,-0.057558462,-0.03163857
0.04265279,0.05793374,-0.054830566,0.03994182,-0.07668428,-0.057407208,-0.072489336,-0.028570868,0.0523479,-0.04548125,0.082679234,0.04673572,-0.010816211,-0.025113938,0.047931775,0.004801222,0.02992774,0.055348802,0.021963019,0.032513436,0.024764273,0.0072362856,0.019266672,-0.06408925,0.057599504,-0.0011694136,-0.007926013,0.03558117
-0.042144008,-0.039705772,-0.05954909,-0.06232012,-0.08446135,-0.08651767,0.07081871,-0.03656121,-0.060631394,-0.04919479,-0.040006258,-0.040753268,-0.06193207,-0.03495531,-0.067865245,-0.023811216,0.05209461,-0.07504998,-0.044190515,-0.042329695,-0.06815461,-0.019308694,-0.059669565,-0.06893153,-0.07444331,-0.07722426,-0.005322028,-0.035555787
0.038862817,0.061911535,0.04291515,0.027465401,0.045731176,-0.012370718,0.073395334,0.06820092,0.013672297,0.027085334,0.04617192,0.040460303,0.024971066,0.0011885696,-0.01212618,0.04640267,0.031199815,0.04210687,0.030013971,0.02495357,-0.025327547,0.06822872,0.06445931,0.031929452,0.06103401,0.035566628,-0.0010974563,0.055690244
-0.057456516,0.0035448712,0.061126642,-0.037809543,0.018635025,0.01381393,-0.008751551,-0.017400384,-0.03860004,-0.036425192,0.03360858,0.04628137,-0.053756196,0.028526107,-0.0023056108,0.01844496,-0.07741289,-0.0763927,-0.01718919,-0.06469033,0.04672731,-0.035791703,-0.00019174746,-0.014534386,-0.064665385,0.02867049,-0.027250865,0.056670163
-0.059733808,-0.05678658,-0.07030586,0.06395249,0.031158755,-0.0072252923,-0.024376674,-0.060191944,0.06645609,-0.06117806,-0.05046019,-0.051869906,0.028475417,0.051463235,0.015483241,0.032831177,0.062015202,0.008787563,-0.07848105,-0.012336641,0.000771875,-0.07915099,-0.057601403,-0.012709864,0.0142557435,-0.05422504,0.04540308,0.07526672
0.06678621,0.06582925,0.057755362,0.06857521,0.0676907,-0.028848559,0.08275766,0.088502176,0.049900368,-0.010526814,0.03295711,-0.03091666,0.02777147,0.060284503,0.0454198,0.031464994,0.0755838,0.069108695,-0.0575842,0.07547433,0.07658569,0.015084915,0.0106244115,-0.06269564,0.05285042,0.07969245,-0.0011218393,0.04360579
0.07901389,-0.05447575,0.06566428,0.079096094,0.04384881,0.01752642,0.0057495167,0.051949378,0.07984177,0.035224326,0.054423183,-0.050574433,0.063403904,-0.07275431,-0.04028987,0.024198,0.04546477,0.054762952,0.017697774,0.03905149,0.045837823,0.0018363959,0.041890156,0.07885982,0.047853243,0.05854193,0.075270504,0.0039929985
0.019886335,-0.027230296,-0.024027118,0.047668573,0.008863047,-0.05024419,-0.000762217,0.013984017,-0.027560405,0.029826041,-0.0545536,0.0103434585,0.041103117,0.017526524,0.0018238648,0.039373025,0.034514785,0.032925937,-0.0074195853,0.0103027485,-0.0057925815,-0.02490379,0.018288372,0.0164337,0.013963341,-0.007151425,-0.017689634,0.020668184
-0.05312945,0.06892343,-0.06711563,-0.07227331,-0.058002662,-0.01767235,-0.046360407,-0.047578413,-0.07098959,-0.0726629,-0.017067695,0.004104608,-0.017091215,0.027697474,0.018444236,0.0245631,-0.00036590136,0.0353524,0.071802706,0.0714052,0.06495717,0.08390825,0.018704358,-0.02986494,0.07099184,-0.026034186,0.03562891,-0.031601373
-0.007701486,-0.0014326103,-0.076019965,-0.048739377,-0.052258294,0.0030824433,-0.06036258,-0.051032808,-0.07778108,0.021726651,-0.02861588,-0.04013893,-0.07892161,-0.02809809,-0.004851319,-0.053071316,-0.06843704,-0.046018038,-0.060427707,0.0064474856,-0.07140536,-0.06974156,0.08061987,-0.05061539,-0.07788428,-0.0006265168,-0.05595249,-0.005450628
0.02018618,-0.0663505,-0.0076635764,0.07430981,0.0852083,0.037794147,0.0031790875,0.0451616,-0.049796827,-0.010063768,0.0012890788,0.0821395,0.04473617,-0.05043876,-0.062836975,0.058718674,-0.043249797,-0.08617313,-0.048178125,0.032478955,-0.06321953,-0.056951344,0.0595761,0.058676876,0.04572654,0.071322806,-0.044920947,0.044977736
0.07405732,-0.0035850923,0.060937498,0.06623654,0.033814304,0.021604322,0.027997877,0.05393238,0.0704234,0.070346706,-0.0060461327,0.000703864,-0.018078135,0.046206243,0.036311463,0.009319227,-0.005565526,0.047317144,0.052144114,0.072730154,0.016831728,0.012724215,0.007539518,0.009057812,0.012902402,0.02926542,0.07425493,0.02709154
0.060237903,0.050067313,0.025523774,-0.03292895,-0.07496589,-0.02559153,0.04123869,0.024744803,0.05249129,0.05525276,0.013374207,0.0063174544,-0.022597453,0.04366406,0.045855556,-0.019897578,0.01653613,0.058778916,0.047726944,-0.0012777284,-0.009932907,-0.059675124,-0.06950634,-0.05677884,-0.074059136,0.025756912,0.046433438,0.06641097
0.024291122,0.049564462,0.08461945,-0.05192885,-0.06776486,0.035179697,0.07571226,0.020520572,0.038525295,0.05079296,0.06826296,0.0460545,-0.06841748,-0.010911301,0.007902597,0.07749332,-0.010098054,0.07349286,0.0862289,0.055901974,0.019216126,0.041596502,-0.048402477,-0.077830404,-0.02644028,-0.06217425,0.0028084826,-0.0561017
-0.028256623,-0.021750633,-0.06721233,-0.07126785,-0.06859056,-0.072091125,-0.049256682,-0.04758709,-0.06672418,-0.05064461,-0.049395803,-0.054771386,-0.029009428,-0.06729492,-0.067536734,-0.039172094,-0.062038727,-0.009911609,-0.039810043,-0.06119199,-0.061997578,-0.0445217,-0.04044915,-0.069687285,-0.026654739,-0.058182705,-0.075342394,-0.01727963
-0.03131871,0.023534995,0.06324251,0.01695864,0.075248025,0.057975676,0.037826218,0.04696381,0.053921055,-0.012237807,0.063837625,0.041570514,0.052133255,0.02489738,0.02798586,-0.016513018,0.013927476,0.008315672,0.050223112,0.044834565,0.03835363,0.03945098,0.028333237,0.051839832,0.058166366,0.04127164,0.029345835,0.043342106
-0.021632642,0.053392977,0.055968434,0.017349353,0.042181615,0.039652478,0.070182,0.048073694,0.0109158605,0.047591347,0.057109777,0.062744394,0.02052564,0.021942247,0.041055176,0.040786102,0.06349382,0.04189058,0.017300248,0.052560672,-0.0040031765,0.04520472,0.058903065,0.024765382,-0.0022566984,0.050800644,0.04547345,0.07139037
-0.030974682,0.035747834,-0.0044246954,-0.06563354,-0.0713613,-0.08290548,0.070990525,0.0040707355,-0.061757494,0.070653886,-0.051787183,-0.025862275,-0.013569577,-0.07158483,-0.07346679,0.053743333,0.042980496,0.0050611887,0.05105626,0.015662285,-0.07454687,0.05190474,-0.07893661,-0.07666169,0.016656166,-0.07565655,0.030194608,0.059051707
0.032137994,-0.005832879,0.06652458,0.060710695,-0.009294817,-0.03969933,0.02671059,0.052644935,0.0055585746,0.03840428,-0.025636483,-0.047928937,-0.058655865,0.046616964,0.040532283,0.017162096,-0.008617764,0.026149401,-0.00092989026,-0.017359255,0.0047040298,-0.028332368,0.011576419,-0.006239781,-0.079426855,0.00023220785,-0.032609485,-0.039545912
0.04326816,-0.00454836,-0.029897433,-0.06684784,-0.03400531,-0.004316686,-0.003733392,-0.019647453,-0.0041563567,-0.032240093,-0.03117265,-0.04173701,-0.06530688,-0.009558298,-0.045163486,-0.08107259,-0.01300156,-0.018462876,-0.036988884,0.039677124,-0.007305538,-0.024784697,-0.008550568,-0.0468749,0.0008689522,-0.042231623,-0.07291619,0.015007468
0.022866312,0.071477525,-0.016106306,-0.07012976,-0.008836973,-0.0026931784,0.07981508,0.021030236,-0.056961607,0.04500804,0.046233535,0.055814605,-0.025973538,0.0439604,0.020906715,-0.08150131,0.049098693,-0.02833675,0.07134529,0.035651784,0.016202563,0.06589079,0.060085386,0.016808752,0.008214228,0.037333213,-0.008074601,0.052583925
0.06944416,0.050778195,0.06193097,-0.026126599,-0.03150533,0.04506247,-0.022401007,0.024965027,0.012331895,0.061422274,0.016669735,-0.022481399,-0.054080248,-0.024572078,-0.033998143,-0.010232641,0.019807948,0.036665875,0.04885273,0.03159171,-0.027579973,0.059315268,-0.032097384,-0.025059199,0.0350186,-0.040735573,-0.010160728,0.04170913
-0.010848612,0.039721563,0.049406603,0.04705067,-0.0011577696,-0.02171663,-0.06397886,-0.065265365,-0.048808046,0.03780407,-0.07611433,0.046485867,-0.043697283,-0.010435035,0.031940877,0.0065015317,-0.046735883,0.011049698,-0.044533662,-0.080445364,-0.061660282,0.020530462,0.044126887,0.026223544,-0.029508162,-0.030236179,0.010490829,0.045385655
0.035833552,-0.018756486,-0.01742106,-0.056684807,-0.019732416,-0.00037627993,-0.04110171,-0.036479805,-0.058088634,0.02917879,0.0055911303,-0.017688433,0.012603783,0.0191132,-0.042136095,-0.027885571,0.028242907,-0.0098734,-0.019592328,-0.058176387,-0.042874783,-0.07634019,-0.04207791,-0.020614678,-0.018565806,0.04180737,-0.019056583,-0.0004857774
-0.03465177,-0.06912915,0.033853352,0.049395397,0.07033203,0.017374836,0.014558465,-0.03044719,-0.031206593,0.024691246,0.024844596,-0.040656116,0.061446056,-0.038234085,0.0017872914,0.043069743,0.032037042,0.038330093,0.050456025,-0.058898825,-0.025438877,-0.0425362,0.03326603,-0.007027154,0.016456908,0.03378634,-0.010311665,0.06892622
0.0320553,-0.0046289735,-0.0025644472,-0.022744345,-0.030891862,-0.06934805,0.04592678,0.069784336,-0.011662993,-0.010522559,-0.060660094,-0.039264485,-0.040549684,0.013303881,-0.01736871,-0.01056106,-0.047142386,0.009129726,-0.041094773,-0.0023365635,-0.017175827,0.0026350948,0.027137078,-0.0092921285,-0.047026217,0.021187816,-0.01810187,0.0019450065
-0.057600442,-0.03260398,-0.032679364,-0.027003594,-0.007358497,0.0038423638,-0.03452317,-0.002756799,-0.026012827,-0.052245833,-0.033920217,-0.024939844,0.0520015,-0.008491987,-0.0017195691,0.020785999,-0.0066639814,-0.030012524,0.028736847,0.0042295186,-0.0111357765,-0.02272439,-0.01978751,-0.027313232,-0.018588725,-0.040817678,-0.07575119,-0.04870258
0.023950739,0.07435585,0.0739841,0.00861507,-0.013058879,0.026663857,0.025199438,0.04993653,0.05366477,0.07088891,0.07991809,0.0199158,0.076197796,0.019547574,0.023989873,-0.03191785,0.025727794,0.07711985,0.07687916,0.0688615,0.034002125,0.023377025,0.068215385,0.009679441,0.0067841946,0.04904566,0.0664549,0.03188338
-0.06349665,0.004897496,-0.017390292,-0.05572929,-0.02295848,-0.019104848,-0.0071637253,-0.08340426,-0.07110443,0.04782239,-0.060413785,-0.029276567,0.03023174,0.05904955,0.023636794,0.014712792,0.034331188,0.047386494,0.04555891,-0.07864299,-0.01701366,0.022900805,0.055090167,-0.055454087,0.03456398,-0.06776282,-0.01837108,-0.008256376
-0.024169873,0.0010065837,-0.037366495,-0.017299268,-0.0014833872,0.018439775,0.03154761,0.045926396,0.021090133,0.068854496,0.010584501,-0.025297185,0.019420154,0.019083008,0.05871055,-0.03864367,0.06586694,0.052912712,0.020414252,0.02339122,0.041495685,-0.03136611,0.019814767,0.00053597795,-0.0173017,0.035385117,0.05394461,0.03476026
0.05967011,0.073308624,-0.030005002,0.029357497,0.016130991,-0.010698257,0.004877667,0.006206021,0.059263937,0.025535231,0.08477785,-0.05920959,0.033716463,-0.055571638,-0.054781612,-0.024496423,0.0108872,0.0049229935,-0.0032364596,-0.064968094,-0.03960745,0.048500236,-0.048527446,-0.020875745,-0.016627744,0.073127456,0.038094208,0.07927893
-0.044323176,0.03808353,0.02109638,0.05700516,0.072769396,0.020711793,-0.017755525,0.00094984303,0.041676357,0.013367421,0.049323216,0.0062093846,0.08035722,-0.017022407,0.024562689,0.03878573,0.0020661466,0.047872756,0.0026896792,0.051210754,0.039935704,-0.015239525,0.034408335,0.044923797,0.02762196,0.030915344,0.07108972,-0.0017562349
-0.024516536,-0.030790813,0.0052528647,0.046905607,-0.036693446,0.0424076,-0.05631404,-0.06074384,-0.036696445,-0.04853455,-0.07907774,-0.0052290927,0.0248441,-0.011128756,0.06456358,-0.04200483,0.018247904,0.0076103588,-0.05683474,-0.079728805,-0.0018959868,-0.04067177,-0.07073468,0.032498885,-0.036232036,0.05192827,-0.027309928,-0.057829164
0.04895524,-0.018472208,-0.019933403,-0.03793374,-0.0020087513,-0.06665469,-0.032178894,-0.058980342,0.009032781,0.024560316,0.04385016,0.020781863,0.07746012,-0.021515457,0.015721543,0.008665255,0.058421843,-0.058967963,-0.045862842,0.027977742,-0.0026642699,-0.04322686,0.06891607,-0.022888286,-0.007835026,-0.051617887,0.04098222,0.062335063
-0.0294569,-0.014361782,0.019580003,0.007958579,0.03112082,0.026948122,0.03703379,0.0009433258,0.020802788,-0.06818263,0.006644009,-0.022400087,-0.07105486,-0.015846023,0.026619587,0.059734777,0.0088339895,-0.049378514,-0.040656786,0.016744677,-0.022644239,0.039863117,0.047150005,-0.0053385193,0.06255176,0.018786347,-0.031224396,-0.017136445
-0.01917927,-0.019060118,-0.009269882,0.029294599,0.059128642,0.03474138,0.013637033,0.024656672,0.047462966,-0.03548655,0.03494856,0.03231775,-0.03036003,0.050466392,0.0044834847,0.04276007,-0.027725749,0.032617833,0.043536443,-0.02904024,0.011279422,0.056759316,-0.056661017,-0.021209853,0.045973614,0.0330637,0.056997903,-0.032476895
-0.07589936,-0.08171344,-0.08520719,-0.08205591,-0.08677442,-0.088518664,-0.08286522,-0.090348266,-0.083144136,-0.08386648,-0.084817275,-0.081493646,-0.0889046,-0.09113858,-0.088896476,-0.09149,-0.08097071,-0.09023612,-0.0910902,-0.07997343,-0.08593162,-0.08397975,-0.08025169,-0.085945494,-0.07856588,-0.079024084,-0.094332986,-0.09126076
0.06890223,0.05177909,0.023379292,0.046726108,0.04956833,0.020222481,0.06304526,0.026803935,0.06774844,0.033069093,-0.044210922,0.018618293,-0.005096884,0.06278627,0.03659881,-0.011991603,0.061237827,0.0205583,0.010993004,0.05088262,0.05773636,0.046438597,-0.011787729,0.014846451,-0.05393398,0.07387751,0.06990824,0.060131017
-0.0020814647,0.01685999,-0.010303663,0.012640888,0.019524006,-0.07953159,0.062473956,-0.008927948,-0.004666288,0.07511482,0.04747787,0.014674381,0.053128146,0.04215063,0.068792745,-0.0216107,0.008780048,-0.05908166,-0.0007342804,-0.051477544,0.027477337,0.004258163,0.072505414,0.0275663,-0.017266016,-0.019930083,0.05536871,-0.0054997765
0.019004863,-0.080977626,0.041658845,0.0070004915,-0.07075315,0.009476552,-0.07766123,0.022552961,-0.061422113,-0.058642168,-0.024377652,0.03446624,-0.01480638,0.06490661,0.08054613,0.020247059,0.019563673,0.058956932,0.050787278,-0.0794476,0.03795708,-0.038814552,-0.019444687,-0.03527138,0.05760168,-0.03165033,-0.008201568,-0.015737647
0.07470013,0.047291804,0.0181532,0.025543613,-0.05343951,0.02376555,-0.082137965,-0.037458286,0.044064097,0.0054802005,0.038645253,0.036185794,-0.003914682,0.022438422,0.0035751313,0.03500115,0.06223936,-0.07963182,-0.008161701,0.013657891,0.06433024,-0.009504891,-0.023564523,-0.06397871,0.0038652807,-0.042986974,0.034670394,0.009236415
-0.06716413,-0.022800788,-0.06522593,-0.07004368,-0.069983676,0.03388608,0.037437398,-0.02039399,-0.0032450927,-0.027824309,-0.038323756,-0.020650854,-0.026070844,0.019975744,-0.011765632,-0.055361263,0.0002961908,-0.0379951,-0.031373736,-0.056228466,0.039642565,1.1100719e-05,-0.008270836,-0.057652418,-0.048939854,-0.031931397,-0.042568382,-0.054033265
-0.02838293,-0.04299889,-0.044687815,-0.03589685,-0.027360778,-0.037033867,-0.017062468,-0.04166141,0.0001781859,-0.050966587,-0.014701996,-0.023130944,-0.0699258,-0.0313467,-0.00807381,-0.036286242,-0.05947809,-0.07322498,-0.02887511,-0.054784723,6.185284e-05,-0.016614774,-0.05121713,-0.0468172,-0.07253235,0.04302945,-0.045424826,-0.043268003
0.07706389,0.058528647,0.0477284,0.079232804,0.010085727,0.008441453,0.042368528,0.07328259,0.08303603,0.046229135,0.0678893,0.049087383,0.07813171,0.038689334,0.08391848,0.043221835,0.07770053,0.050189164,0.06352373,0.079305045,0.030601148,-0.0021741395,0.044004682,0.080885224,0.06839293,0.063927725,0.035160486,0.07600852
-0.059155554,-0.043046374,-0.038169615,-0.00422339,-0.06061071,-0.06997895,0.038845476,-0.06064414,-0.061078705,-0.07882801,-0.008606431,-0.02064425,-0.0361584,-0.051129237,0.013544452,0.009551149,-0.04823008,-0.073644966,-0.052925047,-0.010392704,-0.0029582863,0.009778195,-0.03041397,-0.075718775,-0.0138535015,-0.043075584,-0.024898965,0.00042683806
