Furnishings & Decor,ashtray,barrel,bed,bench,calendar,candle,chair,chandelier,clock,crib,curtains,desk,discoball,dresser,fan,hammock,highchair,jukebox,lamp,magazines,mattress,mirror,piggybank,pillow,radio,recordplayer,rockingchair,rug,safe,speaker,stocking,stool,table,tray,treadmill,vase,wreath
-0.06892414,0.021721294,-0.020295354,-0.051063284,-0.038307525,-0.031238452,-0.01983434,-0.05630687,-0.011330351,-0.050159022,0.010707976,0.038558036,-0.060424663,-0.0051679113,0.011000254,0.008988855,-0.0036983192,-0.04935686,0.019516667,0.021421516,-0.034438353,-0.056133572,-0.03558266,-0.06432866,-0.00035689675,-0.061250154,-0.0032887175,-0.010337999,-0.039873954,-0.041542117,-0.044357765,-0.048125993,-0.044856034,-0.06826509,-0.008534837,-0.0130130965,-0.041703485,-0.002091612
0.055574127,0.049355064,0.010214562,0.03930134,-0.013621973,-0.06988322,0.011611387,0.038371153,0.06325415,-0.04976864,0.05442268,0.055642996,0.063897274,0.02699198,0.03651124,0.02728558,0.03210032,0.04973848,0.018480044,0.037454963,0.031358287,0.031748287,0.041613575,0.005982976,0.050901618,0.01311501,0.02928987,0.012283725,0.05652938,0.0145044215,0.045956373,-0.05596621,0.026659077,-0.0027118016,0.06546594,-0.0055649355,0.05140322,0.028762242
0.03256104,-0.022957092,0.009537203,-0.005593429,-0.0059061456,0.022833103,0.074828625,0.055143777,0.076062895,-0.029525202,-0.031676974,0.042691275,0.01188032,0.0059875958,-0.012004848,0.023499053,0.070568815,0.025760781,0.088762574,0.0729219,0.06368008,0.013131812,-0.004280905,0.008282377,0.059530225,0.06813825,0.057547677,0.047758423,-0.027353521,-0.002298743,0.036002025,0.06551936,0.020421844,0.035726685,0.014784684,-0.06670481,0.0022213154,0.03908418
-0.007797772,0.019296998,0.0009966698,0.025959525,0.06298177,0.02649941,0.06402903,0.06730562,0.033732973,0.042202152,0.048304725,0.016166441,0.062558316,0.039025716,0.02980421,0.017207522,0.017613266,0.07458069,-0.0032056475,0.061195552,-0.043430503,0.04899008,0.038533613,0.06933217,0.045941155,0.033744693,0.020574087,0.08218482,0.0531488,0.00544013,0.032865282,0.016490838,0.071804345,0.031158706,0.047481865,0.031076174,0.05547485,0.02389843
0.007798042,-0.03229851,0.024157338,-0.017406553,-0.042030506,-0.071519196,0.0076183877,-0.054103922,0.011575549,-0.02811493,-0.063102536,-0.03527079,0.015186647,-0.023939751,0.019746235,0.032269776,0.018745707,-0.0050079213,-0.071764946,-0.015162135,-0.07302611,-0.06244077,0.0519427,-0.046212953,0.049317397,-0.06066179,-0.02809176,-0.02427831,-0.048243385,0.013906823,-0.028040668,-0.040700953,0.0028527535,-0.08529717,-0.017590927,-0.05166471,0.041734714,0.04943047
0.016025698,-0.081546165,0.012674909,0.026152404,0.057271402,0.03266546,-0.055034235,0.05782885,-0.08297432,-0.056746338,0.021411888,0.00075237104,0.0296285,0.0425252,0.037773587,-0.052985903,0.058000695,0.03892017,0.008020282,-0.07266349,-0.034262378,0.020498147,0.06820783,0.005265528,-0.0025985392,-0.052707706,-0.021366807,0.027561782,-0.026056072,0.046863038,-0.035409894,0.034066606,0.0036338281,0.012805743,0.048763495,-0.010534336,0.033276085,-0.07106837
-0.06960143,0.038612362,0.0074720783,-0.028219061,-0.0020532536,-0.056941178,-0.013206833,0.07658391,0.019394705,-0.014167617,-0.044081796,-0.06267258,0.06085412,0.0065398165,0.019260226,-0.003518181,-0.018624056,0.06068884,0.0033255832,-0.040093917,0.042411122,-0.064241976,0.048947297,-0.028722832,0.005053263,0.012725245,0.013450037,-0.0045908527,-0.050271757,0.011190571,0.031027252,-0.012359754,0.031249946,0.00086818606,0.064471535,-0.023313908,0.01354527,-0.052076295
0.01842238,0.071330935,0.0006369847,-0.018398156,-0.0101064285,0.026464544,-0.039108057,-0.020635383,-0.015519054,0.061846934,-0.01456794,-0.008466005,0.02261877,-0.0036852919,0.015040118,-0.07345344,-0.0090784095,0.017459825,-0.017067205,-0.029693339,0.042395398,-0.05772591,0.08313982,-0.03767155,-0.042332187,-0.05665708,-0.08071401,-0.034243777,-0.0108000105,-0.017562343,-0.04297204,0.054403927,0.0056879735,0.030512925,0.074408025,0.025350919,0.04271291,-0.005382563
0.027622648,-0.046220865,0.07022101,-0.027301477,0.0028160722,0.059272863,0.015619953,0.03644582,0.0046741976,0.012805026,0.010746302,-0.07694246,0.0027881179,0.04481279,0.04597094,0.047835622,0.002647611,0.002049426,-0.061563984,0.03948265,-0.07628715,0.014531742,0.045471918,-0.047050614,0.018006146,0.007968665,0.01585393,0.04798143,0.039792705,0.020866925,0.056057557,-0.038468353,0.043067854,0.055014286,-0.000104852006,0.04213314,-0.00499301,0.032313105
-0.03856478,0.022583216,0.03177813,0.032301854,-0.00059650757,-0.045552388,0.012057631,-0.035675142,0.03475681,0.025416328,-0.0011240259,0.029579312,-0.038025714,0.07154576,-0.028955227,0.05023603,0.020607648,-0.0165176,-0.02374065,-0.031320147,-0.006566635,-0.029873814,0.03437602,-2.9389697e-05,0.055501003,-0.0064383093,0.051315602,0.056060083,0.057590857,0.06557851,-0.0113471905,-0.05002923,0.047874067,-0.0053687277,-0.072785884,0.04918645,0.018302685,-0.031133732
0.05926673,-0.03277589,0.06636985,0.04069424,-0.06669867,-0.0033737626,0.042756673,0.03236796,0.029197099,0.012179608,0.05443182,0.018349415,0.0010301386,0.016013825,0.03426479,0.009994102,-0.008992333,-0.008259114,-0.028194355,0.016498435,0.0047325836,-0.010783161,-0.02499067,0.05962547,0.008736269,0.020334145,0.0059784316,-0.0032135174,-0.02792378,0.073771186,-0.032473434,0.019461248,0.013893965,0.0019211189,-0.054910455,-0.0104220845,0.048439298,0.033008344
0.02599871,-0.044213943,-0.032097243,0.083722234,0.050882395,-0.055253677,0.028810306,0.056175984,0.019277358,-0.049506538,0.070562884,0.040056802,-0.018595485,0.053940166,0.005900332,-0.0143964635,0.053616155,0.07101404,-0.021292327,0.08161856,-0.04638784,0.06808502,0.032654803,0.048015386,0.06996836,0.024523834,0.05871446,0.019160857,0.07354767,-0.011425371,-0.0020231523,-0.03602293,0.07790162,-0.026792262,0.0142746195,0.040653538,0.038269833,0.021579893
0.018830108,-0.04730609,-0.018671514,0.013782717,-0.037845097,-0.055962756,0.038995836,0.03011193,0.04037854,0.01653458,-0.048745826,-0.031625833,-0.028487714,0.0009522525,-0.03196692,0.057475604,0.026364015,0.0059836023,0.019831419,0.053694937,-0.039204534,0.0038393168,-0.030700693,-0.040465117,-0.02478783,-0.047467902,0.05169514,-0.01596077,-0.0067885746,-0.08222353,-0.0075454484,0.029200263,-0.044434592,-0.03176223,-0.039392434,-0.047397673,0.01280618,-0.024101038
-0.04077014,-0.004974932,0.012615714,0.026317678,-0.055071957,0.051284485,-0.0075892806,-0.04763264,-0.07252546,-0.024209756,-0.0055982214,-0.017013464,0.02018428,0.055274304,-0.037511785,0.043188937,-0.036828328,-0.06992444,-0.018676747,-0.02771515,-0.057497263,-0.0020252524,0.025494583,0.021206897,-0.028552217,0.020525029,0.01891848,0.052705273,0.00950244,0.081074975,-0.010388872,-0.0013562815,-0.005245103,0.0064661643,-0.03434703,-0.016069993,-0.03781787,0.010738746
0.06494457,-0.0116364835,-0.049271774,0.06217801,0.0659733,-0.04184917,0.06197426,-0.05840246,0.018198749,0.04160152,0.055708498,0.017294925,0.037175145,-0.036926944,0.06139496,0.040640473,0.064350665,-0.07459766,-0.024241176,-0.0045274543,-0.061033685,0.052063562,-0.014493566,-0.07960423,0.042796258,0.032379657,-0.026610944,-0.09496534,0.057360426,0.024685005,-0.06843943,0.05852175,-0.082133286,-0.08539243,-0.08134438,0.060224447,-0.04917886,0.037131604
-0.00039230104,-0.030373134,0.008822505,0.0029316698,0.017505018,0.0065448424,-0.06859878,-0.054713733,-0.018184494,-0.030261189,0.02335262,0.01987717,-0.0038339202,0.022399832,-0.033621218,0.013848953,-0.021079706,0.0009788317,0.058407847,-0.013775831,0.014935683,-0.03989335,0.017273858,0.01386023,-0.028937142,-0.01674894,0.024777008,0.01714436,-0.021209564,0.032714274,-0.0010699073,-0.038926534,-0.011176257,0.038091492,-0.0047445786,0.02492344,-0.03830854,-0.009111224
0.026736775,-0.025403984,0.038154993,0.010633494,-0.023287307,-0.0355705,-0.023865443,-0.008178057,0.008151627,-0.043053694,-0.0793501,0.060853016,0.015583804,-0.018711105,0.010438122,0.04595194,0.07177164,-0.049598742,0.021917641,0.030232983,0.014379055,0.013228748,0.015998203,0.021636868,0.052765165,-0.025295781,-0.053504255,-0.06667787,0.034300506,-0.010737396,0.013297847,0.028150396,-0.06203924,-0.029305764,0.03352691,-0.021768915,-0.053225532,0.01609213
0.004813605,0.04655661,0.07288738,0.052106522,0.06928264,-0.026408948,0.032508243,0.06552087,0.045023624,0.019773642,0.051948912,0.020523917,0.0773269,-0.00447694,0.060864333,-0.012177194,0.07738983,0.06521224,0.07793802,0.055664152,0.072403625,0.055903576,0.017392227,0.034939624,0.03632863,0.0042872927,-0.03407428,-0.00087008957,0.06516619,0.0030953435,0.052716915,-0.0031043268,0.047711432,-0.0003028852,0.08129393,0.021570068,0.047857407,0.047216263
-0.0070980205,-0.06338248,-0.049633823,0.026679615,-0.062167402,0.052029114,-0.044634275,-0.015891496,0.017696138,0.058807272,0.057709184,0.07077279,-0.062682204,0.00066073815,-0.009339837,0.054009046,0.058408763,-0.01920339,0.0069476985,0.056703962,0.040660568,0.05410709,-0.03952214,0.023220943,-0.071005374,0.063719556,0.04708631,0.04090152,0.06867756,-0.005775115,-0.0539018,-0.021664685,0.06940485,-0.010468407,-0.07966213,0.044107545,-0.02528612,-0.042634632
-0.013947214,-0.014152208,0.0350646,-0.012367728,-0.007153981,0.06959603,-0.048421662,-0.013455746,-0.027205499,0.011641464,0.020459743,-0.057012282,-0.0006512872,-0.03337808,0.007917864,-0.07395229,0.018100915,-0.005477179,0.056194264,-0.028599456,-0.029312443,-0.031307053,-0.027316337,0.020662306,-0.039309435,-0.020441884,-0.07602673,-0.0023211222,-0.04890771,0.06478353,-0.010575614,0.025400713,0.033570983,0.039209127,0.05757403,-0.027798465,-0.042068318,0.02667605
0.0065618507,0.024078527,0.017848518,-0.033953566,-0.01158474,-0.035700057,-0.021173222,-0.01859734,0.052021768,-0.04845561,-0.053121276,0.041921366,0.0035142316,0.028346013,-0.05408735,0.057419557,0.06311431,-0.02826849,0.020045279,0.010903828,0.06323196,0.031882096,-0.036071375,0.009895617,-0.04096084,0.016903594,0.08412936,0.0005267245,0.007554526,-0.013840528,-0.0103975395,-0.022599805,-0.008896898,0.013422547,0.03438019,0.020460289,0.051823527,0.0005648602
0.0118817035,0.046545025,0.027635701,0.033326883,0.037401523,-0.009840194,0.03718721,-0.019917773,0.006367025,0.0443635,0.054403383,-0.04808573,-0.02750229,0.05715628,0.044600006,0.05065203,0.03450628,0.030430498,0.02036605,-0.0068295244,-0.030129412,-0.008802862,-0.04526498,0.026905062,0.073457696,-0.018136904,0.021871226,0.0072487104,0.037492987,0.025837844,0.028410554,0.038904972,-0.019843323,0.04081033,-0.019093659,0.029020261,-0.028984204,0.055349696
0.054353148,-0.043184403,0.017741699,-0.010173188,-0.040715415,0.031573918,0.0452906,0.0012768676,0.00610364,-0.0018025636,-0.026591815,-0.020497313,0.006632688,0.002931561,0.04057252,0.08209002,0.039170977,-0.043607507,0.00797121,0.040261198,-0.010501113,0.054590683,0.017499251,0.0015366222,-0.0076889545,-0.036620423,0.0017542195,0.04675166,0.03155982,0.016732328,-0.016205654,0.030924955,-0.05222477,-0.030286476,0.0022793354,0.009711614,0.019085921,0.06871263
-0.03401652,-0.016092908,-0.031897437,-0.031409472,0.037234716,0.072919175,-0.012739506,0.0034917751,-0.05183539,0.042774208,-0.022122998,-0.07344623,-0.025434904,-0.006588777,0.004708215,0.03154952,-0.017176015,-0.0030431526,-0.009195095,-0.011253229,-0.05734158,-0.0024155327,0.06405748,-0.027701406,0.0027851395,0.024333369,-0.07918865,-0.01589683,0.0011803026,0.017458025,0.0053820633,-0.074703485,-0.031454887,-0.0153735615,-0.021193748,-0.022384338,-0.045452688,-0.030917719
0.022972485,-0.04602551,-0.040349912,0.0032679355,0.01309383,0.06271355,-0.04011467,-0.0066028195,-0.052302133,-0.038835168,-0.06930909,-0.038923837,-0.011104608,-0.002201526,-0.02398093,-0.05215456,-0.04254696,0.012250019,-0.08886426,-0.06051997,0.04516365,0.0251656,0.01899885,-0.039267495,-0.05075006,-0.085834995,-0.029053941,-0.06512798,-0.028253406,-0.034639694,-0.098274395,-0.0024565163,-0.0018441962,0.065939784,-0.026865333,-0.04517799,-0.020182379,-0.043959685
0.0016842446,0.055185042,0.059943844,0.006342041,0.027287692,0.00091979787,-0.004447044,-0.0232505,0.049020316,0.036543254,0.009925097,0.011840672,-0.01935205,-0.033187583,0.0021575585,-0.008283755,0.062288474,0.017051972,0.07087472,0.023260912,-0.06888599,0.050338216,-0.047879808,0.021705015,0.074210666,0.037117902,-0.018181669,0.013623938,0.032327734,0.030080121,-0.023414873,-0.018527638,0.007925071,-0.0392589,-0.046438243,0.032346074,0.068262406,-0.02317737
0.055787437,0.03880702,-0.049683362,0.050120987,0.04274105,-0.022798188,-0.072716154,-0.04964429,0.0023901132,-0.0016846447,0.027020665,0.027668769,-0.06470244,-0.023466201,0.021737034,-0.06411732,0.07523385,-0.039501492,-0.05023219,0.054452054,-0.04236308,0.050628122,0.048144642,-0.022406155,-0.024109837,-0.04349467,-0.0980933,0.04006699,0.040887117,0.0592991,-0.014426381,-0.04349474,-0.014026137,0.031538688,0.03427305,0.020571357,-0.007269013,-0.01648107
-0.022725046,-0.05238041,-0.0024089927,-0.04740793,-0.008683035,-0.049014255,-0.0024223216,-0.0645573,0.012982806,0.021782901,-0.023796957,0.047514267,-0.044722106,-0.013764724,-0.003327243,-0.04626578,0.004382559,-0.020686185,-0.062043466,-0.024763059,-0.053682595,0.008095532,0.0031977645,0.014788201,-0.04006659,-0.06465291,-0.051713742,-0.054171335,-0.03374824,-0.011470182,-0.07847002,0.033115223,0.01768644,-0.05373782,-0.03542282,0.03902095,-0.058702674,-0.031391215
0.06374903,0.013791417,0.06694732,0.076876536,0.04529513,-0.024875673,0.061646134,0.0076294304,0.013940247,-0.026062064,0.059145592,0.057423137,0.047595702,0.048750125,0.062456917,-0.05367412,0.031669464,0.04356999,0.023175806,0.062388904,-0.030420456,0.038606346,0.075194135,0.030603057,0.07509628,0.009397535,0.09216692,0.033598594,0.05483928,0.032396615,0.016749073,0.03466177,-0.035854656,0.012348215,-0.07211319,-0.056486093,0.057494637,0.03386416
0.017959066,0.048105933,0.05571246,0.012768891,0.014701955,0.004579363,-0.045856655,-0.039031804,-0.01892086,-0.036093306,-0.037598368,0.018401954,-0.03560528,-0.009419457,-0.045600887,-0.025233889,0.011208811,-0.033152927,-0.03589102,-0.031649254,0.015278229,-0.0140972445,-0.05266555,0.021274159,-0.055324856,0.06630488,0.060300462,-0.024695741,-0.0321893,0.016781697,0.054393116,0.015160691,0.019274743,-0.02307606,0.07165021,-0.045769975,0.018946923,-0.014477186
-0.019390652,-0.037694387,-0.07176962,-0.030401058,0.0030416865,-0.054670814,0.015878478,-0.047895975,-0.004259767,0.05022827,0.0022781393,0.07363006,-0.044925444,0.0744464,0.08020773,-0.009348048,0.0789457,-0.0033012847,0.01149126,-0.014372646,-0.043493185,-0.019073676,-0.034546155,-0.017166017,0.06295041,-0.0017573457,-0.02144408,-0.03595887,0.053115726,0.01825899,0.026227182,0.00036167627,-0.027010545,-0.04207447,-0.052258052,0.0072880676,-0.030299203,0.054910466
-0.042185195,-0.039186284,-0.06291602,-0.03857504,-0.02595083,0.05611958,-0.076060176,-0.051190976,-0.04068892,0.030779582,-0.0010700295,0.01422415,0.0145473555,-0.018156325,-0.024247393,0.009590813,0.030237796,-0.03504223,0.012160169,-0.044785783,-0.012473433,-0.05967502,0.0273592,-0.007271143,-0.043375723,0.043731127,-0.02865961,0.040090572,-0.058906965,0.0368498,0.006602443,-0.06537704,0.054016165,-0.02068775,0.010416735,0.07676357,-0.008946909,0.03683367
-0.0046043117,-0.02495638,-0.013590787,-0.02257857,0.068310045,-0.032741282,0.008869924,0.07222459,-0.039980628,-0.024590233,0.022306219,-0.00819255,0.07888197,-0.0047521135,0.06376247,-0.03326811,-0.05203971,0.06940264,0.0638892,-0.04299952,0.039870676,0.010353595,-0.031011809,0.005034069,-0.063793525,-0.03914688,-0.05018502,-0.053874336,-0.053731352,-0.010674973,0.059842587,-0.024381775,0.024486795,0.08340019,0.053487193,0.01961103,-0.05338074,-0.057806935
-0.07191046,-0.04904958,0.060907025,-0.07234633,-0.04072568,0.000952301,0.07951111,-0.010195568,0.071362704,0.07571453,0.008617833,-0.050853137,-0.04220603,0.06427376,-0.046045497,0.06632335,-0.037773393,0.04924518,0.01838353,0.038423195,-0.04334404,-0.07876189,0.049350183,0.018821593,-0.010946901,-0.03470763,-0.02556241,0.013610755,0.07414336,-0.038575824,0.05799468,0.023916233,0.008159503,0.007530285,0.07803834,-0.050893303,0.071633995,0.046321757
0.005099772,-0.024034454,-0.060204912,-0.05848699,0.016059587,0.008047659,-0.034101747,0.09433261,-0.048360907,0.058159515,-0.0299726,0.06482284,0.049007382,-0.03706617,-0.07830519,-0.031383857,0.018226564,0.08691906,0.015743867,0.032145966,-0.06396896,-0.040810395,-0.024436213,0.06892868,-0.0050558294,-0.041710526,-0.012445604,-0.007643208,0.038404074,-0.0041001784,0.064326145,-0.008062572,0.057237454,0.04470077,0.057557516,0.042908136,0.051756885,0.0068008034
0.062470943,0.0655983,0.06991498,-0.027812326,0.037692804,-0.042050753,-0.003995432,0.026291072,0.015020756,0.028696332,-0.040586352,-0.0611105,0.024045477,-0.0049142353,0.01740589,-0.06868889,-0.029734902,0.050792005,0.05418251,0.007483843,0.047849998,-0.05055688,0.06764725,-0.04645459,-0.02947814,0.00449642,-0.03379339,-0.00745402,0.057014104,-0.024295345,0.04512077,-0.02371648,0.055760227,0.026461883,0.064141706,0.050852403,0.036719434,0.077233724
0.039252456,-0.02187105,0.05777098,0.08570964,0.052241456,-0.061219923,0.06829295,0.05877313,0.04752375,0.06816646,0.04207843,0.058477752,0.014836751,0.067496695,0.018684208,0.024644356,0.051901802,0.02849054,-0.0011766669,0.04347207,-0.032656465,0.06030178,0.04428637,0.065347336,0.056185972,0.06422566,0.02278572,0.04460774,0.06545891,-0.031501144,0.045512937,0.057661757,0.007971568,0.038979452,-0.020920202,0.061248638,0.027737223,0.047073077
-0.066568494,0.06947462,0.036625866,0.032602623,0.065218195,-0.07755631,-0.008472189,0.032407474,0.03105206,-0.05226713,0.04244057,0.01072286,0.028526116,-0.0098501975,0.009548476,0.015727632,0.054527797,0.055859756,0.04581885,-0.0461268,0.06776303,0.013607825,0.015940132,0.030618994,0.031074317,0.0061492287,0.06012464,0.012722614,0.033348598,-0.017454851,0.026588352,0.037916616,0.045505457,0.06463033,0.048501026,-0.011339836,0.036308095,0.0065836203
-0.0070018847,-0.05441534,0.0203382,0.037329156,0.007049783,0.06790473,0.0058396934,0.058076736,-0.06912536,-0.030432917,-0.040309448,-0.0014619956,-0.021453394,0.016448617,-0.03595069,-0.056734513,0.016626844,-0.029200146,-0.03176367,-0.042222757,-0.056198426,0.05728071,0.038998853,0.035721526,0.04163008,0.034245383,0.014693139,0.05895693,0.008722296,0.0129247,-0.015167363,0.037846416,-0.018057337,0.038671866,0.0037640906,-0.03764564,-0.029612713,0.03874738
0.027696,0.06487633,-0.05299456,0.052906457,0.035747886,-0.015204137,-0.057989534,-0.027847685,-0.033730205,0.023285776,0.045689926,-0.04224143,0.018652385,0.021306008,0.03390703,0.057017155,-0.04712365,-0.0198579,0.076243535,0.004964296,0.027092943,0.06348637,-0.0482659,-0.0355055,0.066729724,0.0638151,-0.013039739,0.013805008,0.0032482485,0.00603556,0.038780447,-0.023343835,-0.07093196,-0.029954305,0.054232948,0.06798558,-0.052871056,-0.083375975
0.010273609,0.01707443,-0.05211401,0.022825398,-0.07349638,-0.051257618,-0.019975597,0.04682979,0.042863175,-0.015500446,0.08334909,0.020781212,0.049354423,-0.014975836,-0.008046753,0.024639726,-0.03648619,0.06394098,-0.033496086,0.025161555,-0.030090697,-0.03273711,0.015724288,0.0040897015,0.062259983,-0.0032975527,-0.031738956,-0.022345126,-0.004056572,-0.044404812,0.012075636,0.050943103,0.04781239,-0.042186636,0.020570738,-0.020109221,0.044807825,0.025336863
-0.030362977,0.009182075,0.015829086,0.04179372,0.06723821,0.0646474,0.030475413,-0.011538407,-0.008807968,0.010108967,0.04305221,0.0043677334,0.03468263,-0.047443595,-0.05717022,0.050024725,0.046565633,-0.028289918,-0.037276708,0.019939866,0.026733069,-0.050515357,0.017718635,0.05777088,0.0057948628,0.06442645,-0.054366224,-0.005252106,-0.013858663,-0.0027741187,0.04679044,0.07526833,0.0041726576,0.05380198,0.052124538,0.065804794,-0.034747213,-0.013073125
-0.066306226,-0.044026315,-0.037076518,-0.043006193,-0.08421039,0.018574571,-0.045204107,-0.007031349,-0.076820455,-0.04299026,-0.050213505,0.0647988,-0.037513137,-0.040785186,0.043771982,-0.012281456,0.030316973,0.021204036,-0.013510194,-0.078194015,0.019320004,-0.04439381,-0.053043175,-0.05229626,-0.015662745,0.024025094,-0.043212242,-0.08093801,-0.04532261,-0.063478716,0.017022645,0.004985546,-0.06890772,-0.056315243,-0.014717821,-0.06827159,-0.06319246,0.059234288
-0.07121812,-0.06886505,-0.04003159,-0.036875736,-0.061006833,-0.03424203,-0.034849994,-0.07369514,-0.07393076,-0.056628656,-0.063592196,-0.057934865,-0.081031255,-0.02693009,-0.047393966,-0.054043345,-0.036343776,-0.064166375,-0.016754543,-0.07241597,-0.025662366,-0.041449968,-0.07823256,-0.042700782,-0.04298756,-0.031333506,0.08472886,-0.033668183,-0.058365904,-0.026797464,-0.05404493,-0.07138409,-0.060826708,-0.07334859,-0.08125259,-0.061979987,-0.037180077,-0.027561566
-0.078142375,-0.06312704,-0.06561113,-0.047212526,-0.048704304,0.014757228,-0.056095462,-0.01863188,-0.07368292,-0.0021745379,-0.06811624,-0.073754124,0.031860307,0.0048716683,-0.036563754,-0.0077976426,-0.083467245,-0.01020385,-0.025200263,-0.07490916,0.031174716,-0.026300507,0.022868693,-0.057556923,-0.044803403,-0.07440403,-0.015636502,-0.02545258,-0.06850629,-0.029327286,0.040450297,-0.05586725,-0.030028095,-0.010019638,0.004554231,-0.054916225,-0.08548514,-0.0645561
0.07602434,0.058090318,0.05600795,0.07842705,-0.037634615,-0.04466245,0.040879156,0.08450639,0.01942047,0.04305448,0.02800907,0.012625643,0.08381207,0.014735322,0.061278235,0.045962334,-0.0018909574,0.06329718,0.03420803,0.071082406,0.063718,0.04168921,0.04133464,0.024835473,0.004134679,0.069324,0.051579133,0.0001437604,0.056903142,-0.07275061,0.070038475,-0.041108526,0.037561234,0.04098884,-0.0017978764,0.06412533,0.07372558,0.073912725
0.04381254,-0.0021419963,-0.042075057,-0.069937706,-0.08322121,-0.025529549,-0.051960465,-0.05164767,-0.052232116,-0.048859216,0.007027864,-0.04790898,-0.043300845,-0.04400025,-0.0037543646,0.034405157,-0.041990485,-0.010633364,-0.0158591,-0.03578754,-0.049855717,-0.044178843,-0.00014885984,-0.06389278,-0.064600706,-0.00754782,-0.014672703,0.022631949,0.020464119,-0.02546661,0.023127273,-0.005293021,-0.024197632,-0.04566283,-0.04555778,-0.029112991,-0.008324956,-0.015921917
0.038412973,-0.028015101,-0.009948983,0.08493834,-0.01327407,0.0048093805,0.03395696,-0.0032374726,0.05366925,-0.02204964,0.05251628,0.06632767,0.025399229,0.051532425,0.03067344,0.0492038,0.07288423,0.027813483,0.0734656,0.069204725,0.07161928,0.078870885,0.011788208,0.021484377,0.072078265,0.0012723214,-0.010021803,0.016961923,0.060748167,0.009825238,-0.05401111,-0.017116997,0.024641782,-0.052548114,0.0360463,0.056144036,0.04623273,-0.017061278
0.047579613,0.037617203,-0.05525331,0.031973314,0.060723003,0.05044519,0.0524701,0.01576298,0.027000127,-0.012178907,-0.03485827,-0.008417904,0.067140214,0.06464403,0.059916843,0.075924374,0.029000422,-0.022971176,0.017058851,0.05377841,-0.022817574,-0.013737015,-0.009885561,-0.032250322,-0.03392987,-0.015054307,-0.026866058,-0.04531371,0.05207469,-0.010920191,-0.022458073,-0.0501771,0.08622304,0.066450335,-0.023268292,-0.009723193,0.063323945,-0.04629681
-0.01247971,0.04587466,0.08673867,0.06059447,-0.027383545,-0.067171484,-0.016916437,0.0045073805,0.026602069,-0.047796093,0.07911548,0.07405322,0.022722041,0.011986512,-0.023126964,0.021489106,0.07600929,0.037264433,0.049227614,-0.0098189,0.08071747,0.07272357,0.057312857,0.024269072,0.044638947,0.010913443,0.05025848,0.03645527,0.06939719,0.0042057624,-0.011419663,0.025003534,0.0060764286,-0.08266998,-0.009788445,0.06947637,-0.048837695,0.047304243
0.057044856,0.0030430425,0.06084594,0.022515947,0.07404776,0.007586283,0.059085336,0.0072802445,0.05257546,0.03694518,0.019467372,-0.0043631443,0.010567791,0.06669866,0.02564982,0.08129023,0.04977755,0.016679468,0.0001846711,0.009340048,-0.052612558,0.0031850815,-0.009018241,0.0835091,0.04180443,-0.0051011685,-0.022879124,-0.06227706,0.054914206,0.047366407,-0.029043376,0.07764832,0.019769082,0.05058487,-0.026344346,0.02130049,0.072540745,0.06772663
0.06704673,-0.007598531,0.055464588,-0.0016090696,-0.016228395,0.025142407,0.010019132,0.018714098,0.02213903,-0.007063901,0.072822124,0.0322352,0.012660242,0.0012563115,0.05986678,-0.01647034,-0.007831502,0.06504562,-0.040299706,0.046475325,0.03916378,0.013345866,0.008411218,0.023252487,0.022846619,0.041168112,-0.017082352,0.09315299,0.047798473,0.06858077,0.07688382,0.07094554,0.064690955,0.012615426,0.050420996,0.04804734,0.03950182,0.07662989
0.06915001,0.01315954,0.08621918,0.08977714,0.08363627,0.081114516,0.07602475,0.07689942,0.06402735,0.0790142,0.07014361,0.06721741,0.081757054,0.09471193,0.089720696,0.07182266,0.06859304,0.06293699,0.047461998,0.076454535,0.061003823,0.07637432,0.06977174,0.11219172,0.07364787,0.07823716,0.11152939,0.1355662,0.06428461,0.094412826,0.08763025,0.082695894,0.07524179,0.08769319,0.08573525,0.060455885,0.05408214,0.08086197
-0.040453177,0.028698333,0.02891645,0.0909904,0.074055664,0.07840892,0.071160674,0.07137395,0.022465013,0.07149098,0.044633754,0.023760447,0.07881751,0.10197482,0.063143075,0.048443798,0.04180837,0.041103978,0.021159919,0.072592035,-0.0004425709,0.06463249,0.0698464,0.10619164,0.04431817,0.07617854,0.063843384,0.12752888,0.038328033,0.06034123,0.042096935,0.07066274,0.056094907,0.077040784,0.06235651,0.05851108,0.025990855,0.042899083
0.04347365,-0.05852785,-0.089353494,0.0056473482,-0.00058032287,-0.0092765195,0.074129246,0.031770065,0.078073874,0.011133364,0.062197905,0.035722267,0.028561775,-0.11996583,0.063013494,0.025745716,0.05482975,0.055469267,0.029081268,0.07606488,-0.052948,0.055561565,0.016338272,-0.03844845,-0.027645992,0.012793422,0.07026292,-0.021181075,0.07078154,0.014707223,0.040992156,0.038494684,-0.020678354,0.059109967,-0.013400259,0.07340343,-0.07270936,-0.0070125163
-0.06482769,0.055669237,0.01916033,0.011126886,0.009287996,0.021254694,-0.062048286,-0.04645219,-0.08481986,-0.038919512,-0.046328068,-0.027921064,-0.04227319,-0.029388087,-0.05656423,-0.035847288,0.058226187,-0.07036311,0.052728485,-0.04626151,-0.060016815,0.033952568,-0.06937856,0.015432138,0.02070656,0.03572065,-0.044230785,0.001894503,-0.04961202,0.008785886,-0.03748905,0.04436245,0.056918353,-0.07029833,0.027661704,-0.04573503,-0.04503346,-0.04635096
0.010074722,0.0033641309,0.031795267,0.035549976,0.015396303,0.026387602,0.04557828,-0.067908496,-0.044174083,-0.020071253,0.006997307,0.025342608,0.014575942,0.07985218,-0.011661229,0.021073822,0.027518239,-0.065161936,-0.036519017,-0.03870278,-0.009240084,0.0072621615,-0.003140941,0.013692185,-0.022622818,-0.0353167,0.060633797,-4.5101024e-05,-0.0127620045,-0.03857803,-0.06324109,0.012858348,0.019092573,-0.018802067,-0.047715418,0.05913142,-0.047505934,-0.0147280125
0.020783605,0.04858395,-0.04249441,-0.039678913,0.0633048,0.021345638,0.033038117,0.047248054,-0.02789567,-0.01755931,-0.043378815,0.023337882,0.051609725,-0.016183129,-0.0011471994,0.058276292,0.025833357,0.04295507,-0.052052863,0.054348283,0.011225389,-0.060295362,-0.022018546,0.026426291,0.07152507,0.033657137,0.03992777,0.035683468,-0.00736845,-0.04283154,0.0029019667,0.0071485694,0.07691495,-0.0030396704,0.009178626,-0.05214687,-0.0011035092,-0.05622585
0.08551552,0.07632073,0.0724655,-0.0015904108,0.071258016,0.07546785,0.027144883,0.06259472,0.06228325,0.024244834,0.078702696,0.045709465,0.0716429,0.020788256,0.062863074,-0.031707585,0.040934406,0.07249842,0.062918186,0.06293261,0.07869905,0.036333084,0.039106704,0.065227404,0.06572462,0.06495173,0.020390328,0.05462324,0.065818414,0.08734122,0.081181414,0.068099804,0.0709519,0.08166292,0.07648316,0.07290847,0.059438694,0.079297766
-0.027598958,-0.05960832,-0.03529867,-0.02386505,-0.06046496,-0.069483116,0.04272154,0.04543569,-0.06851688,-0.061153453,0.04874276,0.00086226664,0.0024089166,0.037785355,-0.033655602,-0.010402045,0.082387425,0.009562649,-0.043332294,0.070452385,0.025084661,0.02722402,0.0781533,-0.014527877,0.0133025395,-0.0036832811,0.05768604,-0.029958518,0.017938336,0.01108238,-0.006229135,0.012675109,-0.018083684,-0.06941155,-0.042989437,-0.00091699895,0.07239537,0.026066462
0.07038005,-0.065256156,-0.020088265,-0.0053718127,-0.02526834,0.046052236,-0.05062709,0.014704678,-0.04447041,0.0025656072,-0.04735492,-0.0062829736,0.017294077,0.06372706,-0.011940017,-0.029529842,0.0108917905,-0.014319385,-0.078411765,0.0111321,-0.027669476,-0.042320456,-0.013636855,-0.018725203,-0.06608014,-0.020894928,-0.017840557,0.032503203,-0.03447368,0.056142684,0.06454224,-0.040834498,0.0005557471,-0.0045009716,-0.029972905,-0.052926928,-0.06840123,-0.05859347
0.063385524,-0.070741266,0.081789464,0.022675464,-0.05669862,-0.046318535,-0.056706984,0.02589499,-0.05914073,-0.05231545,-0.0813012,-0.0058152196,0.025854269,0.008441593,0.038530715,-0.033566635,-0.014036747,-0.0733826,0.05337452,0.0042709904,0.0785652,-0.03440682,0.034822315,-0.06808022,0.022879528,0.009975568,0.015075948,0.017068394,-0.056607097,0.009953438,-0.012114066,0.009679401,-0.019241655,-0.014886912,-0.035742823,-0.046567444,-0.059973404,-0.0121474
-0.0177455,-0.045255676,-0.050610073,-0.018717304,-0.023202507,0.036216833,-0.02447963,-0.05785449,-0.04313009,0.023241753,-0.07829472,-0.006413912,0.023477668,-0.008606659,-0.05679947,-0.07742549,-0.015952006,-0.08243153,0.06268912,-0.047169577,0.014878735,0.0008943782,-0.03192848,-0.037301555,-0.009356764,0.028277297,-0.02003054,-0.016716318,-0.049748126,0.017875526,-0.08759865,-0.027485572,-0.02316564,-0.026715329,0.040961288,-0.016313374,-0.013050612,-0.021138886
0.05077185,0.05915748,0.05496248,0.05985596,0.041630734,0.052917145,0.04448236,0.049985066,0.044393495,0.05790929,0.06992005,0.050142102,0.074584894,-0.035372615,0.015867412,0.062087685,0.05012132,0.05215405,0.05680751,0.059638884,0.037824392,0.071611755,0.05075671,0.035576567,0.039149843,0.06973406,-0.031461142,0.038843945,0.060663164,-0.05696128,0.028194673,0.019814765,0.041842077,0.0375118,0.043032225,0.003764148,0.0343615,0.0785519
0.07120857,0.01856198,-0.050823748,0.09072685,0.0062949737,0.029990634,-0.02384015,0.065181985,0.024013236,-0.008873007,0.040054414,0.07262583,0.08148669,-0.0607757,0.06224083,-0.00076325424,0.07349809,-0.0037894892,-0.009081788,0.070738524,-0.022534164,0.07727544,0.038720742,0.068910904,0.06749042,-0.006193021,0.04454965,0.044874012,0.06948787,0.0029348028,-0.014690275,-0.02629931,0.061063476,0.06648072,-0.030241173,0.058574736,0.058023956,0.0031800966
0.016593704,0.03849799,0.013074548,0.048443563,0.03991337,0.03398855,0.010123748,0.03019711,0.027250344,0.016940473,-0.014882133,0.034511693,0.035680357,-0.029678524,0.03316034,0.0686268,0.05233995,0.0062487074,0.0030583434,0.026888486,0.044601392,0.021718726,-0.031584192,0.045705896,0.028779121,0.0431629,0.06681509,0.025796605,0.023703296,0.019763889,0.017292788,0.032555558,0.02914451,0.05119959,0.014405365,0.032486185,-0.0060031703,0.0016079595
-0.054493014,-0.04061061,-0.06811507,-0.04932651,-0.06943839,-0.07012946,-0.040667303,-0.063749805,-0.047215085,-0.0027665435,-0.06649168,-0.06942236,-0.06276358,-0.05471089,-0.06529755,-0.03865623,0.017177338,-0.023526482,-0.05017419,-0.064717256,-0.07460151,-0.04256803,0.006340989,-0.06909139,-0.056458715,-0.03543835,-0.07350175,-0.0658296,-0.06389733,0.012401832,-0.0642529,-0.07633356,-0.06801579,-0.06677417,-0.05737991,-0.0625611,-0.058517,-0.037296373
-0.02616811,0.005086605,-0.04763012,-0.025432087,-0.036932975,-0.06836332,0.061517943,-0.04523153,0.054025892,-0.04221926,-0.030166002,-0.035575133,-0.03903432,-0.04838459,-0.043114528,-0.013391292,-0.057812758,-0.015189587,0.020359945,0.06457968,-0.052077375,0.04654476,-0.07145071,-0.055996932,-0.039709967,-0.073737055,-0.0491979,-0.078254655,-0.03410775,-0.030603237,-0.06486873,0.065062754,-0.061548386,-0.034349866,-0.017884165,-0.025958303,-0.032901756,0.04949429
0.06431423,0.058281753,0.04922058,0.02587504,0.07612848,0.064213745,0.070835635,0.06562701,0.018582014,0.06423367,0.0019868263,0.060108118,0.063518174,0.07410525,0.05256536,0.07520132,0.051089562,0.032695062,0.03695737,-0.026530655,0.0058985585,0.070024446,0.025918204,0.06327605,0.064126626,-0.016199622,-0.0039687646,0.04277386,-0.023659393,0.08775357,0.07052826,0.069969535,-0.010670677,0.05424272,0.0679752,-0.033409804,0.032651767,0.06252464
0.04242006,0.0096932305,0.033902645,0.022453422,-0.0139425695,0.0009967836,0.019742347,0.07781893,-0.018401716,-0.069196895,0.07917433,0.066966996,-0.019597514,0.0598707,0.015916545,0.022204971,0.067085065,0.03146542,-0.0030601926,-0.014649544,-0.05396149,0.05234516,-0.029642172,0.053178463,0.032205794,-0.03795549,0.0482094,0.08168368,0.0408885,0.06514208,0.080315106,0.015733797,0.016163256,0.014363056,-0.008964962,0.05807762,0.057766106,0.05665302
0.027749341,-0.07539642,0.041345526,0.02923155,-0.038091138,-0.04260019,-0.03332328,-0.07189855,-0.04604821,-0.03422633,-0.03499162,-0.06733981,0.0007384364,-0.00332672,0.04377502,-0.0006730967,-0.039988864,-0.04806181,0.037272744,-0.03453746,-0.06038085,-0.0008416111,-0.062735155,-0.042584375,0.029074587,-0.05341701,0.019597033,-0.016480641,-0.032631144,-0.056177102,-0.016284674,0.030609159,-0.053510275,0.05319765,-0.038678467,-0.055699192,0.0340781,-0.07475514
-0.035407633,-0.0073205624,-0.005263642,0.03623342,0.020117803,-0.08580325,0.0023300136,-0.005464323,-0.007203786,-0.085759215,-0.025902957,-0.023317453,-0.017588453,0.04757824,0.009997633,0.00032935687,0.029133625,0.0018230266,-0.012959343,0.051102594,-0.07385428,-0.016065842,0.06340281,-0.010040155,0.047206376,-0.029471934,0.018249512,0.010558477,0.016265817,0.015362108,0.034528337,-0.043078583,-0.0010866743,0.025560806,-0.03384837,-0.05996304,-0.0020418519,-0.03725691
-0.05005093,0.029645033,-0.016357813,0.008753777,0.0008395378,-0.017773652,-0.047342565,-0.018866308,-0.033648707,-0.009853466,-0.017848184,0.06263494,-0.0060755867,-0.0049118567,0.0023016988,-0.0601227,0.01722533,-0.014873202,0.0834125,-0.013525142,-0.01313301,0.041863356,0.043775346,0.07326458,-0.031924322,0.018578999,-0.046011157,-0.000104983075,0.05195608,-0.03705993,-0.03492706,-0.015780348,0.04884235,0.008287138,-0.048068386,0.056432188,0.0722897,-0.062981896
-0.044222638,0.03847937,-0.020280577,0.03028002,0.010873,0.05862909,-0.012930394,-0.043289125,-0.012266342,-0.019521127,0.011810088,-0.0655317,-0.069446295,0.011975719,-0.0038048965,0.027652558,-0.03233757,0.042234402,-0.015653113,-0.007043507,0.013262192,-0.05784033,-0.033296954,-0.048808917,0.018217023,0.020328103,-0.009550737,-0.022926262,-0.010101077,-0.0540627,0.010469842,0.06532217,-0.022230212,0.050309323,0.043077327,-0.051242985,-0.047533005,0.0628063
-0.025070697,0.030362664,-0.004522265,0.033747744,0.022346076,0.037904758,0.014104791,0.0031620888,-0.011021436,-0.00084360293,0.019613493,0.02551376,0.009508197,-0.07866508,-0.0031452968,-0.018135283,0.02061265,0.019486248,-0.032725338,-0.030443596,0.061185636,0.043656856,0.015921252,0.0016250126,0.04871871,0.015818726,-0.033992764,-0.0643362,-0.034671478,0.020311428,0.011562736,0.0585613,0.049746502,0.060030296,0.050104193,0.018673126,0.060525656,-0.006244595
0.07400201,0.022244334,-0.041148797,0.049698286,0.03630444,0.077722915,-0.05121253,0.06749556,0.023163594,-0.038168624,0.07594789,0.051123433,-0.07205643,0.005702026,-0.022561522,-0.018162934,0.0694324,0.0712997,-0.008417363,-0.029251263,0.0038290115,0.0350912,0.06549186,0.020584822,0.07714843,-0.010484202,0.005072676,0.027511692,0.06497233,0.02555585,0.018992765,-0.011322906,0.020400524,0.07707129,-0.016992196,0.048513472,-0.010925541,0.0438891
0.0738425,0.057992905,-0.043409735,0.062390022,0.05493736,0.055311322,-0.019582685,0.0702681,0.039058838,0.044919092,0.029349007,0.067842945,0.050147574,-0.018153997,-0.028289787,-0.06919519,0.059205405,0.0812291,0.044037048,0.07912085,0.016118053,0.06249089,-0.05055795,0.008807456,0.0330465,0.07620442,0.017568676,-0.03191039,0.06836326,-0.00089185924,-0.005633514,-0.0059933895,0.06529884,0.090147406,-0.004063912,0.07691034,0.014956677,-0.009335602
0.05455318,-0.07356605,0.024247078,0.017273098,-0.045464866,-0.023787297,-0.049014468,0.010793506,-0.031681012,0.0009789424,-0.055508275,0.031055333,-0.026714588,-0.020179518,-0.007914171,-0.0017719486,-0.06275123,-0.0033556593,-0.051839553,-0.055986643,-0.0065913773,-0.023572413,0.049090087,-0.019329034,-0.06558213,-0.047898073,-0.060667966,-0.0039733183,0.048607998,-0.0153158875,0.044322122,-0.025941277,0.011640475,-0.030986546,-0.05167771,0.026122514,-0.048991833,-0.045262355
-0.0076665003,-0.02193835,0.032586876,-0.042412467,0.038921848,0.009602274,0.012147366,-0.010876705,0.06830274,0.018280085,-0.008271446,-0.01128727,-0.023674296,0.002697493,-0.029227762,0.0013711021,0.012609249,0.03964675,-0.023757007,0.00044984565,0.07732654,-0.04015827,-0.03587699,-0.013057464,-0.008821432,0.03210089,-0.031323314,-0.0058063692,-0.032705117,-0.059378944,0.041864846,-0.03456392,-0.010157134,0.00168653,0.0059017143,0.07678539,0.040188424,0.024883747
0.03279742,-0.03208044,-0.031238792,0.042489782,-0.03835238,-0.04411924,-0.02858097,0.029974421,0.015642973,-0.06340374,-0.0087677585,-0.0069191097,-0.00994988,-0.055888586,-0.03399297,-0.056256063,-0.0028205076,0.03602503,0.031964824,0.027452359,0.0002891151,0.02543467,-0.042883214,-0.06762466,-0.027736563,-0.012890661,0.054965492,0.032162704,-0.009013401,-0.057094883,-0.014204685,-0.03284351,-0.03770075,0.0071904818,0.0097660655,-0.010116764,0.009809053,0.012281783
-0.027955338,0.07713141,-0.011802081,-0.021393126,-0.027154999,0.012676703,0.07261639,-0.058307584,-0.04256618,-0.065130115,0.005900362,0.0015346713,-0.077476576,-0.032032505,-0.06891831,0.06948155,0.06531656,-0.064128675,-0.047796614,0.029258408,-0.010588219,-0.03809194,-0.06424474,0.021307655,-0.060456596,0.07326377,0.0143009825,-0.010841016,-0.028408013,-0.065934755,-0.019687125,-0.03601983,-0.0847829,-0.05724965,-0.04770156,0.044095986,0.051333822,0.07018831
0.037510596,0.047331735,-0.02514289,-0.020158952,0.017768731,0.034768607,-0.039035775,0.029869039,0.025144883,0.014900377,-0.056382284,0.061752807,-0.00796914,0.008499754,0.0679009,-0.006728882,-0.00030095148,-0.000376031,0.06641547,-0.040574968,0.0013584673,0.0010013739,0.05712686,0.0044032936,0.038268562,-0.0406391,-0.024960225,0.0010120445,0.035980474,-0.00034169212,0.022649292,0.025555883,-0.009766527,0.0010329172,-0.015499994,-0.0037733365,-0.035878517,0.036355097
-0.0763558,-0.07584486,-0.06622177,-0.070404574,-0.07455424,-0.06556454,-0.076610945,-0.08312026,-0.084143475,-0.08286375,-0.07546226,-0.07095482,-0.07400462,-0.006013975,-0.08612551,-0.076666616,-0.07598657,-0.0798371,-0.071289234,-0.07592669,-0.076820426,-0.0748756,-0.04237275,-0.07378093,-0.0712801,-0.07781608,-0.053479094,-0.047134597,-0.06876124,-0.036537167,-0.06401346,-0.060572963,-0.08285858,-0.06432748,-0.07270341,-0.07117511,-0.0719086,-0.07988716
-0.06864614,-0.016572587,0.018046156,0.061993692,-0.021335248,-0.056366537,-0.0238274,-0.043182056,-0.01308321,0.060931437,-0.0025945124,0.008541311,-0.07288567,0.0013361014,-0.04029348,-0.04491701,-0.03560609,-0.048602797,-0.022456964,-0.0060836514,-0.023704538,0.07622159,-0.02532135,-0.044131648,0.041699782,0.028811214,-0.048337646,0.016827064,-0.024102474,-0.07841755,-0.023434779,-0.01868812,-0.03617255,-0.08784229,-0.0046401154,-0.008259504,-0.017916236,-0.061731447
0.06319179,-0.036943298,-0.061860066,0.00039901782,-0.033436462,-0.004575046,-0.048392594,-0.07445343,-0.0038580592,-0.059083633,0.019129245,0.015722124,-0.05827175,-0.026256787,-0.06642369,-0.07474522,0.05171837,-0.06608564,-0.066561624,-0.010883089,-0.013267589,-0.014199313,-0.05431159,-0.0275234,-0.0048445743,0.009161012,0.02895763,0.024201881,-0.01935939,-0.022957575,-0.014483034,-0.059769336,-0.06361637,-0.032015815,-0.05107619,-0.048664354,-0.0011876067,-0.00742154
-0.028397324,-0.04117826,-0.016621068,-0.00095283333,-0.0010083829,-0.033510335,-0.0031585703,-0.031187382,-0.035731297,-0.052569434,-0.034741778,-0.049923167,-0.017499566,-0.001761419,0.033824738,0.013753584,-0.004353339,-0.021402875,0.010953306,-0.006406325,-0.021831453,-0.028208008,-0.028080648,-0.021031057,-0.029585201,-0.022543835,-0.014962874,0.08960246,0.010072317,0.029169036,-0.013901118,-0.04062837,-0.015606119,-0.011082517,-0.021313576,-0.030414168,-0.01047571,-0.04565702
0.024278568,-0.02101139,-0.03329674,-0.06576436,-0.056402843,-0.073716104,-0.050298005,-0.075638235,-0.006052377,-0.06532675,-0.06626845,-0.054762118,-0.063942224,-0.020412292,-0.033052806,-0.07111229,-0.06548617,-0.034572948,0.047411203,-0.050920993,-0.03100824,-0.078369856,-0.00960353,-0.017337257,-0.06596609,-0.062492874,0.016580723,-0.035017453,-0.0054177404,-0.013485709,-0.07628363,0.003876559,-0.039264977,-0.044930544,-0.03846557,-0.028646005,-0.045841068,-0.06880927
-0.014605032,0.014861236,-0.046190985,0.060032267,0.052524272,0.05592541,0.008282615,0.025535468,-0.029298477,0.029312972,-0.04691657,0.010770782,0.049621828,0.03762493,0.043495253,0.048336867,-0.06559525,0.010116558,0.014382235,0.05384922,0.0019200972,-0.00096254644,0.06600617,0.039603915,0.0031180915,0.018690588,0.029565264,0.024295071,0.0019434349,0.041863978,-0.0053709894,0.04251973,0.0042964923,0.07850868,0.05984631,0.025679188,0.03020807,-0.024195028
0.06868472,-0.004969321,0.0063998913,0.055648055,0.0407479,0.007875262,-0.028369986,0.085519575,0.03405617,0.068775386,0.051973194,0.05499134,0.080828995,-0.018681023,0.080978446,0.053139586,0.006142725,0.07959993,-0.01812224,0.078985676,0.01321371,0.0706614,0.048395984,0.012308789,0.061791267,0.028085437,-0.0031919375,0.017087553,0.06825875,0.057542954,0.09403582,0.018427892,-0.005950973,0.054656893,0.072119914,0.030444225,0.022859259,0.048786964
-0.026089683,-0.021628488,-0.048305422,-0.06918192,-0.055909835,-0.0635814,0.029807584,-0.030520175,-0.05215422,-0.07858008,-0.06359165,-0.009128922,-0.06593636,-0.022247257,-0.05331578,0.012434307,-0.03809166,-0.051514264,0.013820117,0.02043425,-0.06560728,-0.03876955,0.010482699,-0.0012753069,-0.04631978,-0.06605419,0.0014091152,0.0148608815,-0.0699873,-0.019310744,-0.025373852,0.035394844,-0.06324472,-0.030184941,-0.07344184,-0.043886505,-0.06791438,0.0015869173
0.020823313,0.004008717,-0.0064167227,0.0013345622,-0.017963052,0.05874991,-0.021469172,-0.03283418,-0.03704297,0.029179307,0.007048577,0.014406269,0.038705043,0.04350177,-0.022080101,0.043407917,-0.014429254,-0.020840274,-0.007477628,-0.031129293,0.023719994,-0.045495108,-0.012580288,0.028200569,-0.0024621964,0.007669393,0.022812545,-0.044703305,-0.05384538,-0.028370058,-0.0031590734,-0.012933586,-0.014016487,-0.034818295,-0.027803328,-0.07336059,-0.07045809,0.032157395
-0.028193535,0.00078688894,-0.036885746,-0.033995472,-0.032289837,-0.022874076,-0.049203884,0.0074025923,-0.027310137,-0.06465649,-0.042945053,-0.048919104,0.022758778,-0.008776328,-0.01722886,-0.01912176,-0.015883122,-0.03236477,0.008429942,-0.044917583,-0.03006373,-0.03677673,0.00185695,0.009910359,-0.052488178,-0.02907755,-0.0042424113,0.0012084031,-0.0684629,-0.013772564,0.038124118,0.04722713,-0.0390195,-0.031603392,-0.0038775569,-0.01716204,-0.03912726,-0.03985415
0.025824107,0.054767706,0.064000644,0.025263285,0.039222296,0.037454505,0.04295084,0.051419504,0.06899414,0.035459448,0.041991457,0.06291048,0.026075844,0.016976122,0.045691643,-0.06992727,0.044017833,0.027965724,0.030069966,0.04632048,0.05943355,0.03004115,0.010651249,0.039615706,0.028163549,-0.037994366,0.07732067,-0.017723164,0.02093217,-0.09246502,0.03609393,0.0010411163,0.02077271,0.034424435,0.032499086,0.012352401,0.052003946,0.072452165
0.0847475,0.07679322,-0.0018797113,0.033314552,0.06901816,0.061667196,0.06366044,0.059012778,0.051195305,0.058635507,0.066299334,0.049433783,0.057809208,0.050739095,0.053503532,0.03782065,0.07282803,0.04252801,-0.024706315,0.038810555,-0.02552194,0.02967239,0.052876826,0.024354935,0.073311046,-0.041173436,-0.033047307,0.017035743,0.06246003,0.044091485,0.0062344074,0.022771528,0.07619803,0.0026409263,0.06815434,0.03503697,0.06876468,0.06774465
0.031105736,-0.027310504,-0.07107293,-0.05290836,-0.002202237,-0.024152433,0.05379097,0.036989897,0.021092907,-0.07843853,-0.001791231,0.053903345,-0.07506943,0.031493317,0.03773851,0.019224543,-0.031547338,0.049128983,-0.0084579205,0.035977013,0.040271375,-0.03611322,-0.039341018,-0.03512425,-0.05542109,-0.07079707,0.04126686,0.052595854,0.011345733,-0.02299411,0.021103041,-0.027351245,-0.038278583,-0.017815862,-0.00026514067,0.027788714,-0.066143215,0.022478156
-0.013126205,0.008372789,-0.055910937,0.021097073,0.050839536,0.020458637,-0.015118511,0.008118176,0.0031937566,-0.015461176,0.010040009,-0.015691165,-0.007961278,-0.008560791,-0.056869227,-0.04598534,0.00964953,0.008579923,-0.06294288,-0.0006897656,0.08047528,0.010476493,0.024933664,0.01904996,0.020493507,0.030529343,-0.011010841,-0.047948714,0.032199945,-0.058260363,0.04299796,0.0061687655,0.007342686,0.04029835,0.015951842,-0.031605616,0.024828866,-0.062389668
-0.044885486,-0.05127946,-0.031916883,-0.034135487,-0.054628175,0.047939375,-0.00030511746,-0.05957329,-0.046398405,-0.027970865,-0.06890811,-0.054175857,-0.052918322,-0.013995434,0.007909586,-0.064012595,-0.059015315,-0.07121084,-0.053837582,-0.04354563,-0.018527195,0.004018011,0.047458164,-0.022630185,-0.043779604,-0.046936065,-0.010561761,-0.009783059,-0.038894627,0.017973425,-0.08355058,-0.05578222,-0.0665976,0.01852959,-0.05431026,-0.049314104,-0.071571186,-0.060329307
-0.07610508,-0.04131011,-0.05644039,-0.06971923,-0.06539685,-0.048744753,-0.06887393,-0.084011726,-0.04542271,-0.04029164,-0.070122786,-0.074444436,-0.082979634,-0.028903058,-0.07814847,-0.057020318,-0.034221604,-0.072716475,-0.030896408,-0.08011208,-0.076732084,-0.07302907,-0.04838578,-0.049605437,-0.061338708,-0.079577155,-0.082175694,-0.047942773,-0.06579388,-0.028861329,-0.076597184,-0.07530257,-0.07172229,-0.06550587,-0.08207398,-0.05065551,-0.078803115,-0.072426885
0.023286233,-0.003006337,-0.017497383,-0.022683568,-0.061171457,0.015930135,0.050955914,0.02031737,0.038396914,0.014744973,-0.010525974,0.006877444,-0.021481274,0.032451343,-0.0055572456,-0.039749328,-0.028582808,-0.0051100617,0.0637977,0.025302023,-0.006589814,-0.024178356,0.023891887,-0.037989378,0.017161265,-0.031973112,-0.012456616,-0.017954119,-0.0028829388,-0.0092510395,0.012567141,0.0031332173,0.010876998,0.027047472,-0.015214052,-0.0062922733,0.04534417,0.03369498
-0.024032578,0.0026524107,-0.04513339,-0.003438579,-0.0060513145,-0.015717302,-0.022028891,0.013006614,-0.009768704,0.00501037,-0.011881974,-0.01669371,0.02640487,0.017749034,-0.033443235,0.06271078,-0.03388601,0.047134433,0.047899194,0.027882222,0.061972875,0.035398737,0.044043254,0.04305529,-0.036848787,0.061004236,-0.02331584,0.02735839,-0.014336227,0.051161043,-0.003684791,0.029405156,0.02894987,-0.010860389,-0.004980343,-0.026362726,-0.022152316,-0.064280525
0.03508195,0.071769565,-0.048679803,0.041272327,-0.02030842,0.040371865,0.07914695,0.028271934,0.08505687,0.044046815,0.0071440106,0.062681496,0.02924531,0.044655114,-0.026518442,0.009391152,-0.019222047,0.029268375,0.0560024,0.08506611,0.034645814,-0.01809755,0.052579414,-0.007939293,0.0055472036,0.070768654,0.049648944,0.03762203,0.07755267,0.013882161,-0.0046934774,0.060173523,0.070011795,-0.00063975586,0.043977827,0.03382111,-0.012204868,0.0041734893
-0.05650454,-0.06478548,-0.060646333,-0.014470972,-0.026807487,-0.011094798,-0.026533457,-0.055981193,-0.041579403,-0.031707678,-0.06980275,-0.034572005,-0.047895472,-0.025173297,-0.082583144,-0.045016967,-0.011477628,-0.07335635,0.028346388,-0.050746467,-0.058617838,-0.027864367,-0.074092194,-0.026910836,-0.028440913,-0.054529805,0.014541598,-0.04493426,-0.056424443,-0.01984821,-0.08574519,-0.06902172,-0.050399486,-0.00813705,-0.052274846,-0.025528058,-0.070906654,-0.06492534
-0.05353326,-0.071384035,-0.0476812,-0.04978118,-0.03704544,-0.06594922,-0.059689134,-0.037945718,-0.047434654,-0.063292414,-0.06275129,-0.034784958,-0.050439473,-0.041800424,-0.058176134,0.04835673,-0.0140080545,-0.030669436,-0.027627371,-0.037113898,-0.037547912,-0.037160993,-0.06744381,-0.06239125,0.025254529,-0.07342674,0.028972974,-0.036736906,-0.021434974,0.053367216,-0.06352909,-0.0057882145,-0.058878683,-0.036449216,-0.061426133,-0.027347272,-0.06117598,-0.052694213
0.020349711,-0.005908829,-0.079548165,-0.07285139,-0.04530412,-0.044060845,-0.018666985,-0.07367411,0.0040187063,-0.059274312,-0.013848041,-0.048267383,-0.08073236,-0.04636533,-0.046416596,-0.057423133,-0.049594916,-0.052615456,-0.054700393,-0.05886477,-0.074340545,-0.0607453,-0.041614592,-0.026091374,-0.023590242,-0.061211437,-0.047465377,-0.031646606,-0.0700981,-0.038637634,-0.057233594,-0.06398969,-0.04701945,-0.09071469,0.015159958,-0.018323623,0.003012238,-0.055573124
-0.02044415,-0.0006511593,0.06595632,0.087190665,-0.05697559,0.0582032,-0.013946143,0.029786259,-0.025634741,-0.037726518,0.08018739,0.004177089,-0.01279145,0.058481205,0.025912026,0.045887038,0.07755009,0.0380165,0.056924645,0.06667234,0.06444623,0.07581662,0.039848026,0.060696494,0.046712182,-0.0053347168,0.043848064,0.043925185,0.0059248637,0.017695019,0.0053270804,-0.001426659,0.018312074,0.06633052,0.016473608,0.0514065,0.044432826,0.062809214
0.044765417,0.021923194,-0.01888021,-0.07845549,0.004368673,-0.023452178,-0.03526516,0.011457277,-0.014446406,-0.012043343,0.039031796,-0.004768943,-0.033435665,-0.01956834,-0.02470394,-0.069222875,0.075397186,-0.025388109,0.012711351,-0.04815835,-0.038232457,-0.047320955,-0.010879436,0.09925492,-0.0072934073,-0.0077348226,0.07369394,0.008144626,0.06915504,-0.028692005,0.053523693,-0.028373541,2.247667e-05,0.003481054,-0.023973282,-0.013152138,-0.06744296,-0.008410646
-0.022302778,-0.020019222,-0.08160732,-0.04586786,0.009517064,-0.01084804,-0.034244794,0.0029924756,-0.055068478,-0.0690375,-0.04516951,-0.03510318,-0.028067987,-0.013362868,-0.08087541,0.05311139,0.029613528,0.028229866,-0.061396666,0.031922136,-0.02573989,-0.04344558,-0.05127973,-0.023040686,-0.023013297,0.014736065,0.014853384,0.047470663,-0.0679529,0.0074240253,-0.04446805,0.00840831,-0.002795191,0.016934978,-0.027414033,-0.053132653,0.011061612,0.016153764
-0.040159255,0.01487263,0.0058363276,0.025585273,0.023184152,0.050055392,0.012504615,0.031303547,-0.02434134,0.049576346,-0.01249301,-0.048673104,0.04527562,0.0061626993,0.046029683,0.044509925,-0.07285044,0.0072253225,-0.036206577,0.019384108,0.033269845,0.053549327,0.044759188,-0.046103753,0.0089487005,0.005478575,-0.017349424,-0.031750724,-0.049185272,0.038837586,0.069261186,-0.008646938,0.026396245,0.036433615,-0.03374272,-0.037569158,0.0094993515,-0.020079875
-0.016067406,-0.04230941,0.070854805,0.012001934,-0.05548665,-0.03767408,0.06612572,-0.06030761,0.027814355,-0.04224572,-0.023950366,0.043869264,-0.024151696,0.036394875,0.04402027,0.062208846,-0.0147154145,-0.029235054,-0.06889656,0.02589973,0.04045464,-0.009440102,0.007997474,0.0015090493,-0.008237756,-0.06993389,-0.047210015,-0.0487312,-0.02727932,-0.005305373,-0.02113698,-0.045266874,-0.014570621,-0.0789656,-0.023418585,0.03397726,0.044303413,0.039036136
0.0013927077,0.07154422,0.06081999,0.011891294,-0.02049824,-0.0040602162,0.06443524,-0.014518169,0.054143514,0.06951416,-0.04429732,0.06469413,-0.021721909,0.05357614,0.081925154,-0.0043396177,-0.0625956,-0.007943888,0.018773044,0.020692341,-0.012954836,0.01972816,-0.047508743,-0.021587938,0.022784557,0.0016010111,0.026083365,0.016453635,0.045279723,-0.011683598,0.06518037,0.06620313,0.03830821,-0.020168498,0.04847902,0.009496234,0.057072453,0.03799291
0.042302277,-0.05620256,-0.018073337,0.020026432,0.07528944,0.074597776,-0.072670676,0.05768291,-0.05145947,0.044244077,0.027249312,-0.011334081,0.08165277,-0.056782074,0.03385275,0.059232768,-0.025502702,0.07064597,0.007030804,0.05036221,0.031281043,-0.020686816,0.06511805,-0.078525834,0.02960252,0.0138270715,-0.036195662,-0.039297026,0.027047785,-0.059449885,-0.012204401,-0.048110906,0.06950953,0.060688745,0.01662077,-0.020443022,-0.03204086,-0.049262956
0.022223393,-0.057057798,-0.03617912,0.021721592,-0.016773188,0.03410574,0.062013015,0.04708415,0.021355208,0.018249333,-0.009735495,-0.0021927815,0.035724845,-0.05019504,0.007642402,0.05173853,0.026137853,0.016244266,0.05683662,0.07849987,0.035151366,0.013582043,0.01571792,-0.031174159,0.06274631,0.0508566,-0.05879025,0.026801735,0.0051838085,0.060479473,0.02791071,0.02255611,-0.014486805,0.030750338,0.03550489,-0.046591416,-0.0039637554,0.04394695
0.008721898,-0.056867182,-0.044378757,-0.027335681,-0.04785787,-0.025451764,-0.028095312,-0.012084879,-0.044461627,-0.0133881075,-0.055400338,-0.022009844,-0.026309209,-0.06337537,0.0020366786,-0.013628257,-0.047555793,-0.014206865,-0.0149435885,-0.023985,0.005451018,-0.06614478,0.07156903,-0.03065853,-0.024769751,0.00072209345,-0.04412537,-0.008592248,-0.042403642,-0.053116214,0.013631212,-0.05047729,-0.04190756,-0.029219478,-0.026292019,-0.06385952,-0.0098595675,0.03748511
-0.011573848,0.045259565,-0.021863803,0.03260804,-0.012103247,-0.044266757,-0.04537612,0.01940939,0.027118206,-0.033666022,0.026478326,-0.035156317,-0.018392876,-0.07206202,-0.0010762088,-0.00600705,0.047685537,0.053533856,0.013773759,-0.047828283,0.009365888,0.03742359,-0.025949178,0.030919647,-0.0538239,0.008175718,-0.045215126,-0.036320362,0.042438187,0.024917979,0.026446495,-0.020685432,-0.027520185,0.010086741,0.029793877,-0.019399824,0.010733156,-0.026553277
0.0479628,-0.015555847,-0.051736284,0.029321402,-0.057006523,0.06677148,0.04804134,-0.00681118,0.0075094164,0.024587365,0.07034319,-0.034533676,0.059935223,0.02362535,0.04453888,-0.0036827147,-0.05498629,-0.006202409,-0.032290332,-0.018119685,-0.016430028,0.045836035,-0.069323756,-0.07667741,-0.038912117,0.06757973,-0.019831548,-0.021259664,0.027635757,0.0117530245,-0.013085605,-0.020143615,0.0068098595,0.062203445,0.053362217,-0.05258629,0.024634443,0.07699765
0.011473071,-0.014754063,-0.006907865,0.064216845,0.023719842,-0.07415338,-0.046764083,-0.009531476,0.0044692447,-0.0443068,-0.029969499,0.0076367385,-0.0040705227,0.052811023,-0.049262807,0.048761822,0.0047341003,0.028608575,-0.00636193,0.0054764403,0.04435775,0.03183718,0.059181347,0.06770546,-0.028985325,0.044408306,0.070334904,0.032437295,0.010396841,0.04532871,-0.019534698,0.008369701,-0.026386417,-0.016705416,-0.0017100092,-0.028149057,-0.038524702,-0.022033308
-0.047250893,0.021417465,0.019340284,-0.07774796,-0.05564812,-0.06984966,0.016494738,0.0065641254,-0.06931534,-0.071267486,-0.055093102,-0.07093022,-0.04336914,-0.0013129525,-0.023445189,0.043470707,-0.084858686,-0.0007182473,0.003968503,0.026052678,0.04813733,-0.060939543,0.059718393,-0.058924817,-0.0732712,-0.037608143,-0.017518526,-0.05829252,0.005372698,-0.01765958,0.0046220464,-0.07065231,-0.009283938,-0.00054688676,-0.058012344,0.065949984,0.0020914583,-0.064591765
-0.041566867,0.039059848,-0.013778418,0.082013614,-0.05156621,0.055813797,0.04778881,0.0085522095,-0.02467019,0.07724857,0.04684932,0.06340803,0.008614513,-0.07028243,0.059887324,0.03428001,-0.016788881,-0.006457698,-0.016043473,0.013720596,-0.024057833,0.06875883,0.06962705,-0.07526332,0.07272406,-0.018165385,-0.024756622,-0.014622176,-0.05839191,0.005965677,-0.009175211,-0.016767552,0.04797972,-0.0026752576,0.0076746186,-0.04529582,0.033615533,0.04285603
0.0010040002,0.034586556,0.042014096,0.006692465,0.056002412,-0.018311396,-0.054539755,-0.05609683,0.041711457,0.020280179,0.0017191295,0.057338603,-0.048427053,0.0063035376,0.0062150448,-0.0004784676,-0.06202232,-0.027286585,0.0393145,0.01385073,0.008190234,0.0058395355,0.069990195,0.03440204,-0.054699272,0.013920183,0.01811026,0.051454537,0.009845706,0.010414164,-0.040939264,0.027847225,-0.0030667945,-0.05528848,-0.063310616,0.037199248,-0.068594635,-0.06422007
-0.07158563,-0.022073526,-0.027166545,-0.028357878,0.032386404,-0.02353159,0.030151334,-0.0026163768,-0.02804245,0.0012550177,-0.002557443,0.03631739,-0.06994134,0.03554892,-0.037663206,0.07206792,0.030356836,0.002184149,-0.009468965,-0.03153714,0.036680143,-0.048771136,0.01656272,-0.03701829,-0.06162505,0.05127307,-0.00026459532,0.0647058,-0.046112426,-0.075235926,0.01267366,-0.06320561,-0.019334707,-0.08523359,0.036987115,0.0033241406,-0.021517403,-0.014428645
-0.011001312,-0.062467612,-0.06258818,-0.03817359,-0.0015102968,0.0050842273,-0.05965729,-0.035732836,-0.049458373,-0.07796158,-0.0324539,-0.0735508,-0.06730764,-0.031026829,-0.06535452,-0.062314138,0.07238968,0.0020095485,-0.0654642,-0.06864437,-0.07792886,0.06425303,-0.06744651,-0.058562152,0.02914311,-0.032092042,-0.010639519,-0.06806286,-0.0754696,0.00067153876,-0.053105876,0.05182295,-0.049245812,-0.00785981,-0.038276237,-0.06983351,0.034188095,-0.05207717
-0.0073741204,0.076574214,-0.024202082,-0.020343341,0.03344978,-0.02609538,-0.062780626,-0.015150935,0.003054881,-0.04160243,0.03651239,0.022544894,-0.0245348,-0.03718199,-0.028879683,0.042520378,0.048218444,0.011504265,0.038231775,-0.024066266,0.05554577,-0.040434234,0.050577845,-0.014400805,0.050084606,0.07163703,0.02186537,0.04095695,-0.06087059,0.023734411,0.037821762,0.034906287,-0.075235516,-0.015881447,0.042532913,-0.027620934,-0.068238094,-0.034834787
0.049864516,0.016118325,-0.07336134,0.08019825,0.074504584,0.06341052,-0.050650902,0.055900592,-0.025259255,0.00090736937,0.0776596,0.07456694,0.03608518,0.00593361,-0.002730837,0.0463974,0.078425035,0.058425415,0.0653991,0.022761444,0.03199681,0.04606975,0.035496745,-0.022578385,-0.037265386,0.072272524,-0.031486355,-0.027362969,-0.010274273,0.033112064,0.02494084,-0.05469585,0.058524217,0.038411323,0.048294563,-0.03807081,-0.015249288,0.0430029
-0.00021905356,0.007734693,0.048108745,0.016487788,0.03024954,0.02031538,-0.040054627,-0.07140284,-0.007245995,0.005708608,-0.029817577,0.0011451009,-0.022515317,-0.017526422,0.045972567,-0.0062105595,-0.056508664,-0.033236705,-0.03692508,-0.024996292,0.053607307,-0.05646019,-0.04113232,-0.07492069,-0.0771464,-0.084570415,-0.029145937,0.020559408,-0.052714612,0.031495843,-0.09433625,-0.025894202,-0.044248402,-0.03327502,0.053126138,0.0628685,-0.06243557,-0.04230213
-0.076545015,0.009884362,0.005312341,0.019126764,-0.011980332,-0.013508119,-0.05242535,-0.062171917,-0.05124241,-0.006053208,-0.013212226,-0.033351153,-0.031170215,0.043772373,-0.060190428,0.038358014,-0.023899047,-0.07737542,-0.033980705,0.02662037,-0.03834648,-0.014357947,0.011080087,0.01999117,-0.020592706,0.049551405,0.05592706,0.050710287,-0.06044337,0.008127491,-0.067721196,0.060864452,-0.05069238,-0.0042033484,-0.015275354,0.033508997,-0.022110108,-0.06003629
0.053810883,0.065188736,0.078240156,0.04354485,0.028566618,0.036040764,0.08075361,0.05775396,0.05098299,0.07699095,0.07504673,0.058154646,0.07421756,0.037382618,0.07916838,0.05439493,0.007700579,0.04936713,0.01980447,0.05204784,0.072868064,0.038443424,0.075914875,0.06827891,0.017772919,0.07933865,0.048998192,0.09481734,0.049152747,0.06151171,0.06413506,0.037186284,0.0569981,0.03570745,0.060173426,0.05361718,0.08327871,0.07330824
0.022131091,-0.050682683,-0.034298245,-0.030990874,-0.060195543,0.035460964,-0.025121642,-0.017641906,-0.060849693,-0.021766596,-0.058509815,-0.019584648,-0.0016645356,-0.02762633,-0.08019481,0.034842033,-0.035937607,0.025861558,-0.057865296,-0.0227699,-0.01627642,-0.03751308,-0.035656907,-0.048369214,-0.023090808,0.025881682,0.03820465,0.013263378,0.01331119,0.00690429,-0.010562058,-0.027675329,0.0033576093,-0.05817623,-0.0019301561,-0.024243236,0.0121191135,-0.020070085
0.03271701,0.048673555,0.077918,-0.0035656323,0.06751664,-0.028609443,0.019181568,-0.018115157,-0.042045426,-0.04942627,0.023502259,-0.0019585583,-0.03085255,0.04889614,0.05329427,-0.040700883,0.05384755,0.034672312,-0.088841505,-0.054743722,-0.011436291,0.031721614,-0.06572589,0.060812023,-0.007282959,-0.08554027,0.04494016,0.039046705,0.019953169,0.049980413,-0.084633715,0.06644779,0.06035084,-0.014256024,0.022388997,0.033940047,0.028556423,0.067397155
-0.0307558,-0.052754596,-0.009895759,-0.056269147,-0.017478595,-0.011171776,0.0075877043,-0.06463841,-0.028964086,-0.030046253,-0.061016623,-0.05033404,0.0050433665,0.027563335,-0.009877185,-0.05103447,-0.024909498,-0.06536013,-0.07116577,-0.057042763,-0.032567132,-0.047316514,0.02584023,0.0052034827,-0.04877482,-0.041871704,-0.10134509,0.012517531,-0.06318377,0.060206328,-0.014222306,-0.039049648,-0.054692995,-0.038074493,0.014092093,-0.003105995,-0.04402516,-0.024856104
-0.069055274,-0.05621728,0.026919607,-0.064552404,0.011886443,-0.038630508,0.003974511,0.040316675,-0.06333706,-0.042804003,-0.054432835,0.06322609,-0.0249479,-0.0030696865,-0.023584474,-0.018537153,0.07771783,-0.045948997,-0.043201774,-0.066432916,-0.07744098,-0.044332605,0.020441854,0.031261086,0.06353202,-0.033262778,-0.016959181,0.029046878,-0.0023345836,0.02019922,0.0072553437,0.015679354,-0.058150154,0.0084298,0.012910621,0.012674412,-0.03667295,-0.029996738
0.022687247,-0.017314652,-0.023143003,-0.02323159,-0.055554908,-0.06491,-0.07037014,-0.059766054,-0.011513928,-0.08262194,0.027312815,0.014784265,-0.06165068,0.021321068,0.0039190543,0.0013397139,-0.042414583,-0.064225756,0.007876944,-0.024113463,0.02075769,-0.041413043,-0.03245263,-0.07157382,-0.05358347,-0.02705685,-0.026665647,-0.0031903775,0.0015797461,-0.023550667,-0.037223022,-0.020566855,-0.019066064,-0.053651344,0.02820357,-0.058083385,-0.035178915,-0.024691321
-0.006578414,0.026575787,-0.018036611,0.027990356,0.023419725,-0.0028782655,0.0474114,0.06782745,-0.0017423857,-0.0065932693,-0.014159217,0.037005384,0.068717316,0.015731996,0.05734861,0.00032781847,0.06934913,0.07560942,-0.038940396,0.058300126,-0.039171632,0.028153466,0.037039176,0.03651561,0.023089036,-0.027403822,-0.0026606636,-0.0072399434,0.02993175,0.057288215,-0.015045228,-0.031464692,0.083596036,0.057094008,0.020689841,0.07712817,0.06955056,-0.01283941
0.013119269,0.0698574,0.07869226,0.0744715,0.08194439,0.07239383,0.074780665,0.08386315,0.08358234,0.07620012,0.078314215,0.072800346,0.087196305,0.1355425,0.083371766,0.081960335,0.07625505,0.06525625,0.08500501,0.08024227,0.06778218,0.07105921,0.051965225,0.12479682,0.06419304,0.0770617,0.13315794,0.13915108,0.070985,0.086334795,0.08108453,0.07700686,0.0690643,0.085089564,0.08052236,0.03508737,0.07334512,0.08660001
0.016885722,0.04916079,0.062101033,0.05623318,0.051760335,0.061320473,0.020810882,0.022741675,-0.02038823,0.0379953,0.037413944,0.033110652,0.030263614,0.07509072,0.06670039,0.054539017,0.044360384,0.027099863,0.07886329,0.069733605,0.060491186,0.053482804,0.05013935,0.09494104,0.049925875,0.06878399,0.10531181,0.105326526,0.052523274,0.065245315,0.05935111,0.07426869,0.039003465,0.05490738,0.066249825,-0.006617141,0.0602206,0.054498546
0.056831993,0.04534781,0.026170788,0.052889735,0.07651924,0.07138358,0.038314354,0.025546094,-0.036712263,0.010796696,0.0021760385,-0.022391906,0.03898243,-0.015355644,0.07053956,0.00037210702,-0.013826843,0.0116430195,-0.02102581,0.03228054,0.06661067,0.042008027,-0.038836226,0.03314883,0.012584031,0.03722718,0.020294493,0.02651599,0.038321644,0.006363331,0.017079024,0.0076408414,0.068023905,0.0820127,0.082859516,0.046946503,0.035902157,0.014328106
-0.06437378,0.023504475,0.011682923,-0.006063927,0.015053668,0.06287753,-0.008099596,0.016943594,0.052764304,0.05274537,0.046215735,0.044467956,-0.00154978,0.035116885,-0.0038184812,-0.0608498,0.013909861,0.028641932,0.053057823,0.05716643,0.05729537,0.0065130093,0.011093525,0.05439941,0.04836725,0.058174994,0.10099365,0.059682373,-0.015243355,-0.026485002,0.049286187,0.075488865,0.04461599,0.044587314,0.061282948,0.053845767,0.03096358,0.015424849
0.008968988,0.071389675,0.026240002,0.078464784,0.048633832,0.04422211,0.061878826,0.064528964,0.06776703,0.07028598,0.041325014,0.058217533,0.039336003,-0.006033847,0.0012246371,-0.014450888,0.06781446,0.078794695,0.0808986,0.030659677,0.07144121,0.06097414,0.026672957,0.039041165,0.047364682,0.0666341,0.086528905,0.045714427,0.057731286,0.04976894,0.068764016,0.056640707,0.051889993,0.06284884,0.03554778,0.05339162,0.0621896,0.043571245
-0.021574646,0.06297413,-0.02827644,-0.0373483,0.048511416,-0.054189906,0.010891831,0.02733871,-0.04482585,-0.011858342,0.018633682,0.029530797,0.004958438,-0.0729735,0.03159359,-0.04138115,-0.059492264,0.056827642,0.02846428,-0.035862893,-0.007832494,-0.024720887,-0.079458185,0.016774885,-0.035508398,0.037072513,0.027858797,-0.02500767,0.04598987,0.029211447,0.01466427,-0.027429827,-0.052882962,0.027486298,-0.030603824,0.060657997,-0.06445632,-0.023055919
-0.041488267,0.011301934,0.010679847,0.011942443,0.0130415,-0.031076973,-0.0346034,-0.025135957,0.0040330533,-0.056045823,0.063696876,0.016845249,0.0021680936,0.006344966,0.0059210416,-0.013780571,0.01835912,0.044707127,-0.014275053,-0.0059430893,0.015568901,0.011889966,-0.062714666,0.0033526244,-0.00715758,0.036449313,-0.056400638,-0.017280618,-0.0077524157,0.035785776,0.023435827,0.009643711,0.03373425,-0.03245031,-0.013939527,0.010297866,-0.058045615,0.007225225
0.07978659,0.024516005,0.02828755,0.02971959,0.071897626,0.07344809,-0.069980934,0.06820609,0.011152146,0.05355276,0.057430882,0.050750356,0.0637078,-0.042828944,0.050502587,-0.0020113871,0.052812383,0.06828881,0.054115478,0.0069188657,0.03342481,0.049458195,-0.04075675,-0.07714413,0.055185642,-0.0307106,-0.046717416,0.008807614,0.03270621,0.06593007,-0.0261162,0.0063431445,0.04912724,-0.022885883,0.008931829,-0.01801937,-0.032597292,0.0027215397
-0.047130037,0.07704473,0.0062781726,-0.03576544,0.019853372,-0.073523514,-0.04219299,-0.06513944,0.045121137,-0.0046097706,-0.013822368,-0.031148376,-0.037226386,-0.02083698,-0.057610944,-0.0722623,0.015667925,-0.0633427,0.012185315,0.009771846,-0.060638018,-0.015308758,0.022415403,-0.050165754,-0.067387454,-0.029151693,-0.035101134,-0.018113296,-0.011200979,0.09860227,-0.084997185,-0.03544986,-0.07033643,-0.036403883,0.010292431,-0.06808655,-0.049686566,-0.027858641
-0.066682294,-0.0005230918,-0.019324914,-0.053234998,-0.04000258,-0.03260314,-0.055609386,-0.042499494,-0.055214204,-0.030008767,-0.062548265,-0.032968935,-0.04942267,-0.042908587,-0.06060584,0.010127501,-0.011402019,-0.032126624,-0.03252283,-0.047963735,-0.035790134,-0.047448575,-0.03154626,-0.07045384,-0.056060776,-0.019764947,-0.045870274,0.002968848,-0.02346458,-0.017142754,-0.0061371527,-0.038194913,-0.015853565,-0.042222515,-0.005986513,-0.030851146,0.0021404794,-0.029159192
0.01122828,0.023529906,0.06301295,0.05711795,0.050105076,0.025523717,0.038064416,0.032886587,-0.00069078687,0.0480588,0.053839818,0.030451199,0.05810458,0.11203254,0.0673968,0.028101359,-0.004434569,0.0367573,0.0022813294,0.03944838,0.06453274,0.03396043,0.073715284,0.034597337,0.034206554,0.020661019,0.008521243,0.078061216,-0.0011984183,0.003754974,0.06436282,0.035517283,0.052173156,0.018042363,0.0762302,0.0064231525,0.041856296,0.057122663
-0.070933506,0.014034318,-0.055634074,-0.018836772,-0.038402185,-4.8680766e-05,-0.046188623,-0.053230166,-0.079551496,-0.06708749,-0.08403993,-0.0657551,-0.026221482,-0.055673853,-0.0463063,-0.067086324,-0.05976136,-0.04509725,-0.08873082,-0.032119635,0.005182188,-0.06002672,0.05666238,-0.074289314,-0.054719947,-0.08387618,-0.081259675,-0.04247481,-0.07078703,0.00021282026,-0.08916236,-0.004949309,-0.06393455,-0.03412549,-0.02772665,-0.05854356,-0.059887912,-0.06986346
0.03744931,-0.01407844,0.011362668,0.0384878,-0.0075861965,0.05785453,0.035321753,-0.013787186,0.05366482,0.011006809,0.008963564,-0.038437452,0.056164835,-0.05265968,0.0049880296,0.03351592,0.017148927,-0.015970293,-0.015735481,0.034656167,0.022571007,0.06123494,-0.04705758,-0.030448057,0.026179379,0.050270494,0.029095953,-0.064794704,0.07368799,0.045396145,-0.00018374021,0.0436738,-0.013246335,0.019569654,0.019852042,0.04502381,-0.012551267,0.073497705
-0.011531583,-0.011201787,0.064691626,0.061515644,0.021295164,0.040957384,0.00706719,0.017802926,-0.046375737,0.023751155,-0.0070704496,-0.019084152,-0.022257637,0.017896945,-0.0038991633,0.02481942,0.018676385,0.018599961,-0.04199872,-0.058922693,0.007508613,0.05910846,-0.011284588,-0.035617296,-0.05096246,-0.03870402,-0.028996523,-0.014800502,0.026969358,-0.0018450796,0.021187678,-0.0029201647,0.068364754,-0.020792352,0.07741806,-0.03878617,0.036355354,0.036354225
0.011296721,-0.040459003,-0.016279954,0.060850404,-0.053845163,0.058763295,0.008877973,0.03374784,-0.0369541,-0.04294569,0.0523991,0.050064493,0.018741889,0.044054702,0.009361598,-0.026472077,0.03283535,0.020679971,-0.06965029,-0.040242992,0.02612148,0.073030666,0.047086913,-0.017122474,0.060657892,-0.046702553,-0.03195189,0.01705848,0.0016066753,-0.002668429,-0.030111212,-0.023848174,0.06921589,0.032955747,-0.03474237,-0.05633983,-0.020334518,0.02080992
0.020541823,0.03980886,0.020727653,0.04564597,-0.012051155,0.028426211,0.054868694,-0.024817135,0.077874064,0.04004763,0.069347546,0.0077138366,0.021206917,0.028317891,0.08182003,-0.023603262,0.054936633,0.05930362,0.019204024,0.033594828,0.03208466,-0.05033487,-0.019433819,-0.0010227067,0.01130941,-0.061730266,0.051507384,-0.011668071,-0.009277046,-0.0063894913,-0.02530113,-0.040196404,-0.044496156,0.025965963,0.032932226,-0.0133286165,-0.061882023,-0.053349957
0.02714687,-0.024247983,-0.021304196,-0.05146685,0.037323747,0.07417202,-0.061000783,0.023945605,-0.04992879,0.010595247,-0.02781982,-0.04767871,0.044083565,-0.035793915,-0.020096475,-0.01430633,-0.019666286,0.044706315,0.010631668,0.015787184,0.020643478,-0.030508805,-0.055664565,-0.014326061,-0.06454738,-3.363249e-05,-0.029855741,-0.012718771,-0.028163558,-0.05748815,0.050594475,0.043836758,0.0089898305,0.020948416,0.056885097,-0.021727353,0.03500767,-0.053310215
0.0017630648,0.06535569,0.028079327,-0.014655085,0.02578369,0.017528394,0.056861065,-0.016749935,-0.05056337,-0.0092216665,0.012101902,-0.00016138767,-0.016366497,0.043276325,0.0019092264,0.04063556,-0.05295797,-0.0064942986,0.0068416325,-0.067434326,0.03941452,0.040722057,-0.040041633,0.026907517,-0.075419545,-0.026908228,0.052725736,0.069229156,0.011771083,0.0208911,-0.07986272,-0.017740697,0.07358496,-0.039019234,0.048280917,-0.047772564,-0.06767942,-0.02700602
0.018974258,-0.02052723,-0.026692618,0.023483986,0.04708597,-0.014734768,-0.0008749343,0.01418398,0.01166258,-0.047711413,0.01837698,0.0212105,0.0016765019,0.012998188,-0.06793876,0.015895009,0.038064927,0.033056412,-0.01491779,0.032295346,0.0074159624,0.054901216,0.061161745,-0.063621856,0.029294407,0.05085746,0.009606252,-0.0045664078,0.07254382,0.0005535212,0.025359163,-0.075770706,-0.024621306,0.014203816,0.02896567,0.04054298,-0.009516326,-0.028241722
0.014677654,0.01507992,0.036387656,-0.0030661116,0.041728385,0.07300125,0.044462536,0.041946102,0.0044058757,0.06916817,-0.008390775,-0.02985939,0.022938784,-0.0007252787,0.05144196,0.06143191,0.037837088,0.02298248,0.0034482626,0.032012347,-0.024429018,0.033651322,0.03919931,0.03929315,0.06344675,0.04116003,0.07519284,0.022325704,0.016350592,0.07416487,0.004193028,0.071421556,0.036949843,0.056003496,0.0060402695,0.018945936,0.05732217,0.026858844
-0.01145155,-0.014490373,-0.06093775,-0.020458667,-0.02819835,-0.045764934,-0.051767793,0.018858,-0.00045312184,0.020673966,-0.03007729,-0.027413253,-0.016670465,-0.050975174,-0.03465134,-0.0745518,-0.011185752,-0.04440921,0.002413622,-0.019375505,-0.06796845,-0.020741053,0.018778732,-0.043649793,-0.0026900175,-0.014255447,-0.084900655,-0.047930412,-0.001002745,-0.035033513,0.00014467895,-0.069758765,-0.011715104,-0.03615555,0.005837213,-0.039933298,-0.02362667,-0.040328078
0.05909414,-0.076611094,-0.0596535,-0.012408663,-0.016964767,0.03391404,-0.07491621,0.0843087,0.055408143,-0.0027808899,0.054597218,0.0029818933,0.03679279,0.04746786,0.019317618,-0.086385615,0.04470796,0.05309649,0.010578307,-0.023103287,-0.03636201,0.038738325,0.070578866,-0.034530997,-0.022415586,0.017507955,0.0038561763,-0.046107814,0.010523688,0.010726446,0.07570923,-0.0696811,0.08247719,0.037975658,0.054077666,-0.06918668,-0.060163856,0.057403576
0.047930993,-0.05010987,0.03591193,0.040288884,0.039638467,-0.022969307,-0.06775839,-0.020310054,-0.06711952,-0.016910253,0.022500224,-0.046533134,0.021751096,-0.00063226663,0.008001701,-0.031432517,-0.020115271,0.014101646,-0.022372264,-0.05126221,-0.019696545,-0.008963015,-0.0071438057,-0.033559296,-0.062557,-0.006581852,-0.041514296,0.01797266,0.049411304,0.052695632,0.0039140037,0.07958938,-0.0033516644,0.03904117,-0.0045717633,0.033778984,-0.08090406,-0.029139908
0.016491603,-0.075218424,-0.0352635,-0.0678487,-0.047561806,-0.011384686,-0.060925514,-0.029481605,-0.044534065,-0.0508219,-0.05289645,0.009448847,-0.04775582,-0.05425147,-0.028722256,-0.07928622,-0.035010897,-0.06443513,0.04066708,-0.051025465,-0.035430342,-0.016390195,-0.014143164,-0.015014721,-0.02789865,-0.063626155,-0.010757118,-0.048825286,-0.061317645,0.003640979,-0.057500254,-0.046922553,-0.059419118,-0.045437925,-0.06543331,-0.06596441,-0.061176285,-0.044026278
-0.03516908,-0.010596718,-0.019540528,0.034246594,-0.032089904,-0.014387509,-0.034936137,-0.00023244013,-0.039795157,-0.008347369,0.05094059,0.041071482,0.031559106,-0.083423935,-0.021267513,-0.012060952,-0.071687825,-0.002789231,0.055031743,-0.060434856,-0.04848915,-0.052101187,0.060212094,-0.03313398,-0.033341113,0.06570448,0.002527263,0.0066693127,-0.07010684,0.01955057,0.005546451,-0.044068094,0.016056275,-0.03286074,-0.012748357,0.017265515,0.009492309,-0.046974853
0.018369744,-0.06432333,-0.025134258,-0.08701697,-0.054176755,-0.04874451,-0.072014,0.020067498,-0.076753296,-0.051063977,-0.07453267,-0.050215498,0.03035493,0.0031732584,-0.03633307,-0.05976648,-0.058213055,-0.039676916,-0.07281149,-0.036664464,-0.05580959,-0.06626771,-0.066071615,0.0041209166,-0.064885,-0.035483282,0.020539409,-0.050700806,-0.056917667,-0.014514808,-0.016840205,-0.010973857,-0.055350725,0.061325245,-0.030575702,-0.07515053,-0.026369872,-0.00812792
0.04494668,-0.002905669,0.058981527,0.006302037,0.031181145,-0.005694529,-0.030945282,0.06814783,0.053343885,-0.04742235,0.013591973,0.001332832,0.024198618,0.019395096,0.039299138,-0.038522992,-0.04527581,0.040164314,0.041849446,0.03198088,0.017856479,0.05528062,0.06990569,0.045192547,-0.015786942,-0.026914991,0.0050483565,0.056391582,0.0534332,-0.0770093,0.03798751,0.057194307,0.0614371,0.011989857,0.046158064,0.011946722,0.07239057,0.05766564
0.04351717,0.050872017,0.0805923,-0.008966059,-0.037783634,0.0653684,-0.062324073,-0.040610228,0.04845363,0.06030873,0.0008875821,0.013088915,0.0016507619,-0.01410786,0.011217262,-0.013942848,-0.06261716,-0.039890066,0.03122497,0.026791513,0.05528295,0.015820054,-0.015939677,0.054880768,-0.0044216746,0.052313264,-0.0058728303,-0.029641801,0.048774943,0.09208305,-0.04287029,0.040482927,0.029109709,0.035088964,0.065148786,-0.050162397,0.051033728,0.055815797
-0.034083188,-0.073982276,-0.03930043,-0.0009432853,-0.023359254,-0.05861464,-0.067999616,0.057488177,-0.03397916,-0.014409928,0.01698903,0.006013118,-0.064958386,0.04645996,-0.090403914,-0.056269813,0.051394258,0.06698868,-0.079260126,0.069546185,-0.04463375,0.021361275,0.0458458,0.059412915,0.030730478,0.0049186777,-0.041603766,-0.032396555,-0.05722072,0.025296729,0.04069042,-0.072133355,0.03105752,-0.07866498,0.00794187,-0.058560643,0.018813534,-0.008561576
-0.061249275,-0.04203141,-0.033782117,-0.049940027,-0.012346835,0.0011298127,-0.06476106,0.07849216,-0.039803565,0.012021118,-0.04618786,-0.018553043,0.03707482,-0.015222511,-0.08518842,0.03903153,0.022953335,-0.0043566357,-0.07730265,-0.06584111,0.004220378,-0.01600061,-0.053548142,0.047961988,-0.052575555,-0.00807493,-0.017337888,-0.061372954,-0.048656017,-0.041660603,0.0044227964,-0.049081627,-0.012258393,0.049685393,-0.0055981693,-0.025149703,0.0054695564,-0.05599206
-0.031260148,-0.008864239,-0.02592959,-0.055782944,-0.05819884,-0.029760245,-0.04736464,-0.022679135,0.033266217,0.001063845,-0.028657462,-0.032435793,-0.023833878,0.026865274,-0.037072707,0.0056331432,0.025131773,0.019416722,0.009165128,-0.009654409,-0.043781504,-0.036328316,-0.011135872,-0.0675222,0.019996282,-0.026310539,0.029395778,0.015850067,0.018752057,-0.04362984,-0.00024880047,-0.085872665,0.0056842556,-0.013287915,-0.068247944,-0.049812995,0.011066905,0.006954009
0.0027814405,0.05569859,0.012446652,0.027416283,0.05552597,0.049141705,-0.0469477,-0.0033574218,0.034066603,-0.052710935,0.06748485,-0.0074418476,0.06567303,-0.05517804,-0.00092047476,-0.044963494,-0.012316922,0.009399658,-0.009984845,0.0018998613,0.012464728,-0.0065831016,-0.017596675,0.02491572,-0.056054797,0.018216565,-0.047018167,0.028928215,0.03190715,-0.046797954,0.07205007,0.04902493,0.05488874,0.06779046,0.064694345,0.010371867,0.011694275,-0.012394767
0.04244556,-0.049554568,-0.02090368,-0.033177346,0.049199447,-0.009103822,0.006455099,-0.032572646,-0.018896371,0.0010449176,0.011416107,-0.06575126,-0.016906546,-0.07492626,0.033057302,-0.07397291,-0.059799597,0.022206264,-0.0178481,-0.045073327,0.011745922,-0.04905649,-0.0701966,-0.027084798,0.0007516529,-0.06560183,-0.018584618,0.011453146,0.033042952,0.05241322,0.0010418122,-0.023433689,-0.020820891,0.03434333,0.023874134,-0.06087133,-0.046764888,-0.053974297
-0.07047959,-0.039885692,0.04186709,-0.053194076,-0.05414242,-0.007680662,-0.06231003,-0.015009501,-0.07319551,0.053889014,-0.049279906,-0.055141132,-0.045616467,-0.03372853,-0.005472833,-0.0056842216,-0.0067919525,0.01805051,0.04024524,0.016409889,-0.009407965,-0.074155696,0.008404562,-0.038601134,-0.022334466,-0.006759101,-0.024734857,0.03131531,-0.012288829,-0.08309305,-0.008340102,-0.037745927,-0.02330804,-0.08597686,-0.017026413,0.04714073,-0.0255557,-0.077362485
0.082399264,-0.04414292,-0.014309737,0.06661825,0.03408038,-0.05004983,-0.005555282,0.016238844,0.05622031,-0.0098712,0.0005090004,0.066053964,0.07459227,0.040547926,0.04766423,-0.05417096,0.009479012,-0.035135128,0.037160937,-0.026191492,-0.029426308,-0.011656447,-0.058000926,-0.0027063284,-0.045403577,0.009164497,-0.021767074,-0.052739277,0.035454925,0.0045912312,0.008578556,-0.056262635,0.0066001555,0.0636671,0.07331348,0.029831419,-0.031447336,-0.05707323
-0.035918538,-0.027509352,-0.016609248,-0.008650643,-0.056392837,0.033476096,-0.06307551,0.0021436403,-0.056573555,0.030284628,-0.045455635,0.0057579596,0.008630744,-0.009186096,-0.06564358,-0.035338942,-0.049299963,0.026007198,-0.04629674,-0.0744653,0.06888974,0.03647761,0.05974866,0.014384139,0.012638505,0.051099602,-0.042729452,-0.011109945,0.045063276,-0.0076715015,0.033144336,-0.028267216,-0.06436021,-0.035922945,-0.026008477,-0.008373622,0.028337223,0.036632642
0.0012692569,0.000119170414,-0.01005317,0.013279934,0.03185703,0.015045157,-0.01508129,0.03391239,0.036118798,-0.0024934916,-0.038173497,0.02105631,0.005944613,-0.058270875,-0.01572063,0.014118946,0.0026093377,-0.016857633,0.0275984,-0.0031267744,-0.039422564,-0.042709887,-0.036189526,-0.007938674,-0.003932836,0.016813628,-0.0008896537,-0.035006188,0.0017843633,-0.006749136,0.014291236,0.008479113,0.017872699,0.054612085,0.010090428,-0.032263298,0.046918504,-0.0045505553
0.06312017,-0.01062687,-0.037059125,0.01095558,-0.061047927,0.07471701,0.080938056,0.0052492647,0.0776281,0.04647319,-0.0294268,0.068476826,0.038594782,-0.027781023,-0.041899867,-0.0012235675,0.02926771,-0.02030946,-0.042834423,0.07970913,0.0443362,-0.04615922,0.0071974006,-0.003912149,0.010937492,0.053282317,0.014821646,-0.042150076,-0.017139127,-0.06164389,-0.037292764,0.04441958,0.05161264,0.040645048,0.0075059244,-0.031844027,0.011635191,0.021904984
-0.037354797,0.016924115,-0.033674672,0.005910999,0.0089431945,-0.020380627,-0.0013452128,-0.04963792,-0.02527115,-0.036976416,0.0025683523,0.029325573,-0.00560644,-0.033437148,-0.03551475,-0.030017903,-0.021860126,0.018245308,0.05915325,0.027524427,0.060031924,0.053986832,0.0661397,-0.016952407,0.026041672,0.037629623,-0.021781517,-0.023669565,0.01581357,-0.012236357,-0.06241875,-0.012038472,0.046574578,0.0065613,0.025838956,0.021237476,1.0278407e-05,0.0044997176
-0.008930532,-0.028963858,0.027422559,-0.009208443,0.0077548022,0.06409832,-0.025267927,-0.017221048,-0.03509973,0.0030166304,-0.004581076,-0.026707092,0.06408986,0.005688171,0.005357043,0.04113684,0.011354666,0.015963472,0.027326183,-0.010193208,0.025557313,-0.050578516,-0.034618344,-0.049073666,-0.012572233,0.0056579523,0.0052812505,0.0009759429,-0.047881152,-0.07145857,0.02482025,0.014855513,-0.055180352,-0.018273843,0.028503716,-0.049273394,-0.034080293,0.032713376
-0.04266848,-0.07487309,-0.033211596,-0.0429195,-0.004884134,0.056395367,-0.045545053,-0.031816002,0.0006356353,-0.021014882,-0.04000645,-0.013180297,-0.052697577,-0.055153336,-0.024080852,-0.03207322,0.0008095563,-0.017457444,0.012444236,-0.05196135,-0.028991641,-0.0044545396,-0.062373064,-0.04665588,-0.0019310905,-0.07713406,-0.0053250166,-0.034052327,-0.018184992,0.0061264224,-0.078469396,-0.018785756,-0.050914824,-0.05613682,0.010591586,-0.021427391,-0.059721578,-0.004545786
-0.040141072,-0.056199912,-0.045619685,-0.022299325,0.05708443,-0.042452164,-0.011895426,-0.075774275,-0.016576432,-0.042708132,0.06595263,0.00055411266,-0.037448674,-0.037617657,-0.005385912,-0.024553213,-0.025829554,-0.06646991,0.027890116,-0.043797586,-0.04737062,0.0014935525,-0.07343857,0.040066116,0.058494512,0.055157404,-0.007237796,0.0346417,-0.04343022,0.019045634,-0.02985653,-0.08158445,-0.087160654,-0.044702657,-0.0826343,-0.039325904,-0.026864799,-0.017873256
0.01787897,0.060910925,-0.049707387,-0.013624401,0.010583798,-0.08468337,-0.0607603,0.033674907,-0.040698703,-0.08344162,0.025275465,-0.02461575,-0.07622634,0.033941854,-0.08094664,0.01855232,0.059492197,0.02484535,-0.017991409,-0.028607747,0.0784633,-0.044770896,-0.03080668,0.042014908,0.00030165832,0.058614604,0.0049780817,0.019457737,0.055795748,-0.00923334,0.037928123,-0.06265155,0.01546954,-0.032286115,0.026861254,0.017640509,-0.00040404306,-0.004366264
0.03906394,0.020201521,0.054954924,0.03236071,0.00462531,0.07627848,0.013308261,0.0067293607,0.06635059,0.0533381,0.012787539,0.046450954,0.04178007,0.042603806,0.021195099,0.038002834,-0.014262812,0.04501311,0.07515443,0.0805306,0.063746996,-0.00084756245,0.06624518,0.006790187,-0.018514004,0.019667434,-0.050674517,0.057121962,-0.038956493,0.035680007,0.055294197,0.054868333,0.03540486,0.046651457,0.046194684,0.041372135,-0.017733932,0.055324353
-0.014126237,-0.004178699,-0.004295485,0.03328611,-0.01781916,-0.027913589,-0.0077235405,-0.015489317,-0.009976362,0.019966928,-0.02261396,0.007689956,0.026926767,0.04246687,0.050926518,0.06880127,0.08291051,0.040428348,-0.016777616,-0.0022574605,0.025728391,0.06580889,0.033083502,0.05053305,0.051405076,0.038600132,-0.0035730302,0.000541162,0.06814949,0.081341684,0.040190265,-0.018877357,0.020254176,0.02472227,-0.04393856,0.068269014,0.012486523,-0.047834955
0.009691209,-0.072853096,-0.06787462,-0.08807902,-0.0024781711,-0.025620619,-0.06977318,-0.0071699694,-0.060717303,0.017868875,-0.051412836,-0.055747233,-0.035733335,0.04664643,-0.068402015,0.023370137,0.014460221,0.0007764465,-0.0646388,0.03533725,0.0327471,-0.078263335,0.028465156,0.005632869,-0.073504746,-0.030013403,-0.07730538,-0.04333608,-0.06496048,-0.001613739,0.010694815,-0.021009685,-0.053997453,-0.0306711,-0.0362021,0.05843823,-0.0724253,-0.016971938
0.028361961,-0.028576666,-0.054711882,-0.012343864,-0.061623447,0.008947002,0.050246075,-0.042061128,0.03851255,0.006331925,-0.027362572,0.0082551325,-0.04948853,0.0019578189,-0.012942492,-0.06098997,0.044805083,-0.010941318,-0.03389655,-0.04609279,-0.0055610426,-0.031220214,-0.02316705,-0.032543354,0.000768223,-0.04799614,0.009198363,-0.053525392,-0.015761679,-0.0145749645,-0.07889933,0.00018843361,-0.040378723,0.0018987547,-0.08401631,-0.052331656,0.015617036,-0.015962759
-0.057638075,-0.041404154,-0.03522776,-0.067675926,-0.05142279,-0.002130255,-0.03983201,-0.039380718,-0.06597895,-0.03956736,-0.04661522,-0.04228395,-0.07595854,-0.066835076,-0.054438096,-0.0010300183,-0.045504216,-0.0751451,-0.019712612,-0.048425827,0.017407265,-0.044660088,-0.053075705,0.03592022,-0.0070969784,-0.012971725,0.019701801,-0.08431466,-0.016185798,-0.09054118,-0.013478151,-0.025179332,-0.0466809,-0.06294158,-0.039092373,-0.048800733,0.00082601694,-0.07762209
-0.051969893,0.049581625,-0.028913898,0.0170656,0.03991879,0.035809003,-0.027551915,-0.047086325,-0.053965524,-0.06394512,0.03806954,-0.061084595,-0.032760102,-0.033146337,-0.06885155,0.015115881,0.046640538,-0.03996815,-0.042000074,-0.015149916,0.023364788,0.02326145,0.03562381,-0.012684231,-0.05477616,-0.03601508,-0.012032304,0.0006085158,-0.04443077,0.07155992,-0.0340116,0.06234966,0.030107457,-0.060416877,0.054602243,-0.027097965,-0.07459203,0.022360545
0.060656264,0.010610165,-0.043713827,-0.040766314,-0.029956453,0.06622688,0.055597503,-0.0040674675,0.08704024,0.0031659584,0.015675401,0.024245778,0.024388295,0.0322195,-0.010102918,-0.025781361,0.06198623,0.059849087,0.06728596,0.030726705,-0.08137258,-0.01142373,0.0019027765,-0.045330588,0.038559522,-0.027998295,-0.0147392675,0.04217733,0.06347317,0.013409111,-0.009175013,0.04631757,0.057472423,0.06962535,0.05439737,-0.010280879,0.074977994,0.08333288
-0.048196718,0.06502904,0.028221285,0.0074599343,0.04131951,0.049368814,0.047389884,0.04670644,0.017408531,0.04457828,0.02979613,-0.028897272,0.04359023,-0.0056439606,0.08386671,0.018052831,-0.004879314,0.061940707,0.018988654,0.057731688,0.049398765,-0.028670376,0.041057188,-0.017813217,0.06503748,-0.03584032,0.04143904,-0.0140510155,0.04603982,0.020703789,0.061823234,0.046456043,-0.005262589,0.041688118,0.05832457,0.02933298,0.06967724,0.077069096
-0.020822398,0.002344734,0.052430958,0.042317733,-0.047546912,-0.052931376,-0.031425234,-0.07436512,-0.022644132,0.037308466,0.03981701,-0.071885474,-0.06227284,-0.009971169,-0.0021780345,0.02978987,0.031821776,-0.06714176,0.02471032,-0.007352078,0.0689053,-0.009834068,0.06487471,-0.015851246,-0.06377059,0.039369594,-0.023154259,0.018909262,0.004128199,0.039341763,0.017208844,-0.059385657,-0.036934223,-0.06736372,-0.017263385,0.008675894,0.048833363,-0.011989191
-0.019003494,-0.009868713,0.04869535,0.06556013,-0.0015445106,-0.035508603,-0.06430929,0.021596959,-0.06411469,0.036136497,0.015738463,-0.0059331977,0.05226339,-0.0095721185,0.061465114,0.021319838,0.029404696,0.030543242,0.05978472,-0.043908954,0.07736675,0.06697764,-0.030673556,0.07684868,0.0112878755,0.06968066,0.028995067,0.094538234,0.024212657,0.020601016,0.048425518,0.045821793,0.03261732,0.037963923,-0.0030836873,0.06032754,-0.047543235,-0.06593408
0.06070394,0.013629684,0.03671231,0.07884961,-0.010121959,-0.012553284,0.024652854,0.0032297573,0.00071573653,0.0036731588,0.040966455,0.055329096,0.050805263,0.07393155,0.022780038,-0.06766102,0.014318646,0.010725464,-0.034796357,-4.8924805e-05,0.031536892,0.07134702,-0.044673927,-0.0017762587,0.052210636,-0.013480703,0.017051268,0.051425353,0.059314884,-0.045679808,-0.005127574,0.06216611,0.0729201,-0.021258768,-0.037338264,0.06617077,-0.01173606,-0.013801012
0.014462278,0.08433719,0.07478664,0.017223911,0.038976256,-0.0128035005,0.0029245333,0.008122106,0.024953159,0.020746352,0.011833985,-0.054937217,-0.058179438,0.078787506,-0.03818576,0.008970653,0.0685439,-0.019455926,-0.0013551443,0.027662897,0.02612601,0.05096124,-0.026926767,0.016569056,-0.06956951,0.07301155,-0.06740892,-0.001295674,-0.040464427,0.0027689221,0.05296949,-0.013976716,-0.00017662928,-0.0074524195,0.04463351,-0.034422353,-0.01161492,0.042563334
-0.0034751527,0.05347379,-0.05856238,-0.04035908,-0.05628683,-0.056125723,0.024300996,0.024073731,0.030129967,0.025137989,-0.026730826,0.032547567,-0.0389464,-0.0524635,0.0033705516,0.023746124,0.0046160636,-0.011637903,0.004673417,0.0075499443,0.005575831,-0.028195651,-0.033213407,0.016145965,0.030340293,-0.020584552,0.052408773,-0.026969085,0.046941407,-0.05714183,-0.024002425,-0.015594257,-0.03247408,-0.013738392,-0.0022733235,-0.03896758,0.07023215,0.04327867
0.07670184,0.032200158,0.027594356,0.050335273,0.006634256,0.03383795,0.044555996,-0.005820762,0.05540881,0.03021419,0.004663428,0.016589224,0.054559547,0.010214237,0.04030677,0.0917063,0.07611785,-0.01742977,0.088390075,0.036656655,0.031406265,-0.015370295,0.054666042,-0.005718344,0.06125057,0.06848343,0.016939456,0.002474296,-0.029766737,-0.003462286,-0.0099728145,0.07232617,0.0031563286,0.057523593,0.03970267,0.009444608,-0.029341862,0.07006142
0.022193069,0.034142137,-0.003582555,-0.0367159,0.031484988,-0.04644493,0.0098131,0.042487048,0.0730871,-0.032971423,0.007657421,0.04570837,0.06246847,0.010043077,0.03909139,-0.0055498253,0.059692264,0.036937907,0.04857099,-0.012039294,0.06918214,0.054537855,-0.053253964,0.041155007,0.0025751663,0.016752345,0.08480385,0.032079823,0.06418168,-0.06800024,-0.043429576,-0.032872763,0.01967494,0.005863473,0.027487136,0.05849818,0.04351868,0.040134043
-0.010821105,-0.012848942,0.00088904036,0.0032774885,-0.019658541,-0.022057801,-0.06915907,-0.019267594,-0.04952796,0.039847992,0.037813306,0.027864473,0.06689491,0.023088906,0.03063994,-0.026538977,-0.02003539,-0.035087805,0.021514256,0.018175138,0.04761041,-0.0045076716,-0.0047851945,0.04352065,-0.035425212,0.04812914,-0.0078947,-0.002882753,-0.037460983,0.06470911,0.023682399,0.005681164,-0.013631903,0.00072352437,-0.047352493,-0.039033588,0.019642763,-0.06047573
-0.029486354,0.07334428,0.052571297,0.08675118,0.0549437,-0.022096954,0.011206438,0.04139939,0.037297755,0.06617836,0.04202824,0.056737613,0.06359753,0.04928366,0.053310394,0.031588074,0.06810944,-0.008663694,0.062953286,0.06242087,0.004797572,0.07880617,0.05424612,0.047425848,0.04779741,0.04632149,0.009143439,0.040776387,0.021444596,0.04783907,0.056100357,0.017388051,0.02545243,0.0495517,-0.020267634,-0.05602999,0.050202653,0.032670964
0.062178783,0.071608014,0.07058399,0.04453701,0.073075436,0.044501815,0.07732666,0.061096646,0.04820403,0.06951381,0.076905854,0.06356825,0.055652685,0.05831765,0.08146302,0.027917983,0.06327363,0.07726016,0.022632187,0.035296485,0.043982673,0.055660885,0.018382337,0.018950325,0.060874034,0.048874862,0.004566107,0.07354778,0.03311461,-0.0064809197,0.030079883,0.073200285,0.05959508,0.009118995,0.08518282,0.059828136,0.06470783,0.08450997
0.029907594,0.011144252,0.057123296,0.013287575,0.044848323,0.06005936,-0.040940788,-0.0001549896,-0.040379666,0.020374656,0.0038122449,-0.041739658,0.074033394,0.031241897,-0.009467429,-0.040615063,0.008073019,0.007803332,-0.08832455,-0.01834177,0.04564824,0.03453125,-0.002507047,0.0033133063,-0.046435114,-0.07142132,-0.0483537,0.004437893,-0.022552842,0.06080654,-0.079754315,0.008487387,0.03534124,0.072727524,0.054994166,0.0677769,0.016802449,-0.013795879
-0.04351791,0.06536348,-0.050060116,-0.019894406,-0.059787065,-0.026047653,-0.074509546,-0.08665035,-0.062847175,-0.023449415,-0.03308774,-0.05401567,-0.021987433,-0.025883652,0.005082521,-0.028692273,-0.06783625,-0.07966942,-0.050036844,-0.069295526,0.06258404,-0.060213856,-0.020688493,-0.04504057,-0.051703844,0.033003975,-0.05813522,0.023898767,-0.06535192,-1.0501341e-05,-0.07870227,0.0093249865,-0.03808827,-0.06461374,0.042055953,-0.015195734,-0.0032857107,-0.036642082
-0.035495702,-0.017473543,-0.07757982,-0.06267751,-0.05668749,-0.042847212,-0.07241784,-0.06609262,-0.017060518,-0.045582313,0.008693507,-0.028867655,-0.072256684,-0.12095188,-0.045944344,-0.06968994,-0.04942079,-0.06868961,-0.022297999,-0.06952021,-0.009287021,-0.054079503,-0.06467623,-0.043354247,-0.053022,-0.0619207,-0.088397756,-0.13259871,-0.046170127,-0.07910588,-0.058841977,-0.0679569,-0.05973939,-0.06094125,-0.071347535,0.027465941,-0.07443443,-0.071005255
0.058127094,-0.08065923,-0.024790335,-0.04489735,-0.0010666717,0.022217698,0.008868862,-0.04349043,-0.021072192,0.019045852,-0.044895954,-0.026689725,-0.017830411,-0.009908595,-0.01694062,-0.0031961238,0.020077275,-0.06754048,0.00411444,-0.022854758,0.0544134,-0.05961958,-0.03326121,-0.04380427,-0.026725663,0.06540032,-0.047064878,0.0007235956,-0.07979435,-0.027440334,0.014818093,-0.03044382,-0.011313803,-0.030013403,-0.029888108,0.006239981,-0.033793908,-0.0469836
0.0690979,-0.046416212,-0.07348827,-0.054669134,-0.029060097,0.011707346,-0.067582145,-0.063122004,-0.06142691,-0.009350729,-0.0635568,-0.04581281,-0.067582235,-0.03259869,-0.07096208,-0.03750328,-0.0498368,-0.06583841,0.07968283,0.008002378,-0.07159507,-0.052013602,0.03474275,0.009865837,-0.042835265,0.006754976,-0.061300844,0.007599037,-0.06776606,0.033538915,-0.069402754,-0.034376934,-0.07398958,0.029343942,-0.020032287,-0.056377254,-0.050521478,-0.031066531
0.0046500037,0.024245985,0.05512107,0.02099159,-0.02473957,-0.06286162,0.020782897,-0.051066574,0.053072173,-0.053906992,0.025819022,-0.05744888,0.01416927,-0.07599529,0.06100848,0.03487345,-0.025456248,0.051759668,0.0005416973,0.0018346581,0.00060754456,-0.005690855,-0.022210993,-0.006740022,0.044025525,-0.049643308,-0.055209097,-0.05709126,-0.030561078,0.071725376,-0.04949724,0.041412275,-0.0717735,0.016425123,-0.06474704,-0.012864588,0.025787273,0.0023089289
0.047500644,0.0045974692,0.032967944,0.02232763,0.033982266,-0.024274794,0.016950719,0.016427027,0.016562134,-0.00057399366,0.021559572,0.051475223,0.0141804665,0.015117188,0.008352579,0.027379861,0.05560706,0.025861084,-0.04262364,0.035284042,-0.014162568,0.057382073,-0.056928974,-0.032735888,0.03578752,-0.061451934,0.013959207,-0.004202286,0.0010285191,0.03575369,-0.025094936,0.042769317,0.04844149,-0.0017107307,0.031987492,0.022542296,0.032105613,0.011832368
-0.043185312,-0.07498409,-0.021408645,-0.024705423,-0.0031429222,-0.00077741814,0.008614533,-0.026099311,-0.032245234,-0.019902386,0.012974335,-0.075363375,-0.03654735,-0.0382295,-0.022207512,0.017093856,-0.03173297,-0.07826711,0.038615253,-0.03505552,-0.0470224,-0.035002824,-0.0012885121,-0.08318875,-0.020469185,-0.0046823053,-0.03988023,0.026525697,-0.04311253,-0.009661357,-0.031617384,-0.048128024,-0.0035334136,-0.030111717,-0.022807075,-0.023454938,-0.0806357,-0.048767406
0.057512306,-0.0292954,0.03485734,-0.06662571,-0.078264005,-0.04643496,0.05679358,-0.09183938,0.02785502,0.015643029,-0.007929704,0.0045773913,-0.05351872,-0.030603785,-0.044141226,0.023331735,-0.08392969,-0.06891956,-0.012901192,-0.037680175,-0.05758247,-0.077163056,-0.027258674,-0.063588105,-0.06455471,0.030347327,-0.030384041,-0.06897834,-0.078094564,0.005246311,-0.042538658,0.06909357,-0.07785219,-0.024542928,0.014452079,-0.07767468,0.045421336,0.058593985
0.0049144863,0.013425546,-0.0045554503,0.033584904,0.05550464,0.059454486,0.06631362,0.041579615,0.007615978,0.031621028,0.014012656,0.069419734,0.052853685,0.042956073,0.0074154693,0.05245134,0.07453724,0.044146337,-0.043367613,0.06644503,0.019395057,0.045752246,-0.00043243743,0.052497763,-0.014082666,0.04362059,0.028873427,0.047833953,-0.053629212,0.0400347,0.05527162,0.026138866,0.048367627,0.024487868,0.022117402,-0.066455424,0.030581836,0.019267067
-0.04105023,0.029544106,0.0020789956,0.04740628,0.046426065,0.036609374,0.04012139,0.031540327,0.037720855,0.010181371,0.03788501,-0.018237643,0.039798595,-0.04629531,0.03551744,0.021017922,0.04251945,0.028654281,0.055296987,0.053274363,0.008866395,-0.015621649,0.06125808,0.04582611,-0.008243441,0.02127585,-0.04787552,0.05385826,0.040210396,0.022046331,0.028305883,0.06246965,0.04134871,0.061854377,0.053866796,0.041994233,0.03564615,0.041665893
-0.0723087,-0.051005624,-0.06635464,-0.084865086,-0.0650633,-0.07241248,-0.064010136,-0.0049868207,-0.061716504,-0.054391623,-0.07112058,-0.06604441,-0.07330588,-0.042541984,-0.03798565,-0.07399695,-0.06280695,-0.015377627,-0.045120828,-0.046398707,-0.051190995,-0.044733893,-0.031016724,-0.055758428,-0.06558604,-0.062222682,0.050608516,-0.031163966,-0.052479286,-0.08382618,-0.0151893385,-0.072333075,-0.069676675,-0.072393164,-0.092787415,-0.048250247,0.005424333,-0.056815553
-0.027335659,0.052462496,0.033733316,-0.038977895,0.0446802,0.0682072,0.012535833,0.03854647,0.0050379965,0.031159867,0.052143708,0.061398875,-0.042667568,-0.036919177,0.04936182,0.059304804,0.010255408,-0.011912582,0.07139896,0.030455781,0.073040105,-0.027584558,-0.03996447,0.0013155213,0.021118889,0.030841412,0.07903719,0.07975672,0.00558678,0.02086349,-0.0029597217,0.046155445,0.0736203,0.023842957,0.05174525,0.03221006,0.02592946,0.0013800728
0.05348896,-0.040341146,0.00095008855,-0.04155403,0.012357762,0.05196474,-0.0053093773,-0.010766286,-0.050700724,-0.0038562152,-0.056559253,-0.005258743,0.023724124,0.07315834,-0.021543719,0.03837342,0.0041498393,-0.015387627,-0.026064036,-0.0038957605,0.024369355,-0.04068391,0.008889257,-0.046387833,0.0018017452,0.023492474,0.029989004,-0.014196356,-0.024630135,0.0012121914,-0.014910479,-0.048228238,-0.02123663,0.01787659,0.0032456538,-0.028360965,0.0024039366,-0.014380075
0.030915024,-0.04182462,0.0031576133,0.014970293,-0.008571914,-0.0046262695,-0.03897365,0.007123117,-0.041347243,-0.008698631,0.08747296,-0.00059079373,-0.073393874,-0.012143075,-0.04342219,0.019326705,0.07108668,0.083807044,-0.047778722,-0.029651847,-0.034122232,0.010988321,-0.073512726,0.017963655,0.050673217,0.010131816,-0.011863306,0.033078995,0.06151343,0.024756413,-0.061759155,0.06713093,0.04259902,-0.036033925,-0.028215393,0.0056621316,-0.028012222,0.03597862
0.053448487,-0.0033887716,-0.06897088,0.00089859165,0.008367772,-0.020101061,-0.07686498,0.045775533,-0.02849761,0.04940047,-0.034696054,0.037986495,0.04068179,0.050329685,-0.024618622,-0.0044549117,0.039831452,0.0635542,0.025666697,-0.059848,-0.045009896,-0.03481074,-0.045725312,-0.006923848,0.017639317,0.02124645,0.042057518,0.015622931,0.021210257,0.010805151,0.066487044,-0.020292228,-0.003640722,-0.014589211,0.0007125255,0.052577175,-0.040455136,-0.03767815
0.050343107,-0.02024101,0.020325424,-0.023029316,-0.034300275,-0.015309064,-0.07935868,-0.034359805,-0.06558482,0.06647619,0.028746286,0.0030088846,-0.034157123,-0.008236507,-0.009273824,-0.029746652,0.022103326,-0.010766456,-0.046967678,-0.05089587,0.060958914,-0.0064110914,-0.04381859,0.005672559,0.030668184,0.006573829,-0.048002396,-0.063206516,-0.028912455,0.034067772,-0.05909512,0.042832166,-0.06143153,0.0063710464,-0.04986758,-0.008987936,-0.08019086,0.022434246
-0.04015314,-0.054649603,-0.0721836,-0.026475467,-0.07300063,-0.080178164,-0.06062608,-0.009520843,-0.043785054,-0.057703227,-0.031246996,-0.029553777,-0.01245289,-0.04660688,-0.0401626,-0.05916614,-0.040093083,-0.006103322,-0.040579103,-0.0018708168,-0.059613433,-0.062027056,-0.0045679426,-0.029166061,-0.067104645,-0.04626241,-0.06992946,-0.00319342,-0.03146437,-0.0008312601,-0.05534025,-0.04844281,-0.03159969,-0.05726771,-0.04743642,-0.0524035,-0.027013572,-0.018653875
0.05022874,-0.0077295112,0.06562208,0.012439657,0.033286095,0.038177837,0.019726709,-0.034084845,0.0010345116,0.0843392,-0.011777572,0.06618369,0.031973924,0.049172193,0.017477388,-0.0803001,0.06495432,-0.062675774,0.003756192,0.069636375,-0.0094780605,-0.016352877,0.026803114,0.044164307,-0.01549742,0.04570237,-0.03113048,0.020818671,0.024678212,-0.0034478896,-0.02656204,0.075627245,0.019019537,-0.014598974,-0.03485018,-0.06673115,0.07161061,0.052289397
-0.0041343095,0.009192872,0.01627047,-0.018640578,-0.01378214,-0.024251105,0.008734095,0.050538395,-0.014562763,-0.0017138158,0.009292027,-0.029681414,0.030334093,-0.01622645,0.042071976,0.07757942,-0.006913821,0.032961953,-0.042159516,0.04418993,-0.042816218,-0.027773159,0.027100934,-0.07062275,0.047122467,0.007913278,0.02644949,0.026345575,-0.03509635,0.04108254,0.029944954,-0.015851965,0.03012852,0.03717065,0.030287443,0.03326714,0.009086877,0.044032592
-0.06656064,-0.011481541,0.019263495,0.023314275,-0.037088178,0.025786633,0.049186435,0.052244794,-0.0020714235,-0.0005935111,0.042496953,0.0037699093,-0.031994246,0.04143379,-0.030021565,0.04393901,-0.013763404,0.03829235,-0.08062786,-0.00564599,-0.050207533,-0.017594967,0.010243083,-0.028102022,-0.035866637,-0.015237728,-0.016388327,0.020417098,-0.018066982,-0.036321685,0.02129207,0.025768545,0.05489744,0.0012691454,0.0111081395,0.014872817,0.021021763,0.021797806
-0.06836839,-0.064915396,-0.014913029,0.023737356,-0.04475492,-0.044741936,0.014052237,0.059483495,0.029374711,0.004216734,-0.020943053,-0.007460613,-0.019724816,0.07899268,-0.015188253,-0.03918444,-0.022755865,-0.01616221,-0.048270114,0.006932786,-0.048078313,-0.013829666,0.0009374537,0.039873082,0.033904493,-0.043192547,0.105940014,0.029739546,-0.052389055,-0.07682779,0.04129425,-0.0571662,-0.010923015,-0.004981638,0.011284148,-0.04927334,-0.040273502,0.013308509
0.050742667,0.07115503,-0.00434483,0.05529747,0.017076667,0.01753885,-0.0089325765,-0.064372554,0.04530354,-0.012104745,0.059074424,-0.027544422,0.05044151,-0.017510133,0.012660197,0.021366118,-0.03297454,-0.0010653044,0.050147105,0.060674287,0.053477082,-0.024900658,-0.0066646207,0.002190563,-0.027907249,0.02889342,0.015318698,0.06302906,-0.023596944,0.06596534,-0.08209733,0.058661256,0.08192347,0.053429414,0.027444445,0.022442637,0.049493995,0.021598177
-0.02628838,-0.0642334,-0.042243477,0.014035636,0.008996033,-0.017909696,0.01990186,0.014354016,-0.0074464497,-0.05358054,0.0035282634,0.055612937,-0.03622884,-0.0021082105,-0.034427088,0.009943508,-0.057210162,-0.055323258,-0.020022599,-0.018620118,0.05117133,0.042174246,0.0384932,-0.004426664,-0.040433593,-0.03825793,0.0013587493,-0.032538254,0.051623013,-0.03322384,-0.039211515,-0.06887723,0.06705265,-0.0010831823,0.028706042,-0.06627381,-0.016458448,0.0068189693
-0.026538474,-0.011584843,0.009524017,0.0239325,0.028665593,0.027607283,0.025400808,-0.023219753,-0.004388116,-0.030538714,0.05128828,0.0070755444,0.006594397,0.020403784,0.016238552,-0.020700056,-0.0058755972,-0.035703897,0.018536681,0.01490888,-0.016123608,0.03387539,0.022263898,0.007618996,0.03334085,-0.032388173,-0.0006898559,-0.006695869,-0.0061282157,0.06754006,0.036981847,0.054959875,-0.043131582,0.015985169,-0.0025192718,-0.021730067,0.0017162209,-0.013166234
0.00045406513,0.030856866,0.0118878605,0.045574848,0.042488478,0.023655834,-0.017492905,-0.05789239,-0.025140233,-0.030304268,-0.013188528,-0.057709396,-0.07274119,-0.015469719,-0.0030917854,-0.0075659435,-0.021755474,-0.022191158,-0.054425318,-0.028179402,0.02957214,0.071427435,-0.014655796,0.06990028,0.01123649,0.0038351351,-0.014142339,-0.002547783,-0.06787778,-0.03226529,0.02719556,-0.020303393,-0.024193157,-0.04660033,-0.012816993,0.07704126,0.029899964,-0.049913857
-0.03565261,0.058979496,0.07559871,0.048009053,0.08231776,0.024819534,0.0045109433,0.08248908,-0.0017620459,0.047641013,0.053478353,-0.026148086,0.047409013,-0.04291417,-0.013176443,-0.0036367006,0.074136965,0.07673224,0.028115047,0.033186786,-0.00934402,0.063888974,0.05958551,0.012832556,0.06224615,-0.040424794,0.01579269,-0.007723694,0.050850336,0.006589035,0.03069033,-0.0028269067,0.06853037,0.02689467,0.00035568618,0.054683622,0.04907446,0.06749677
-0.0696563,-0.062434237,-0.034118313,-0.057188887,-0.08488928,-0.016339483,-0.032873876,-0.06457681,-0.046021182,-0.054990493,-0.061048858,-0.02150868,-0.038858958,-0.025153004,-0.024514088,0.03362721,0.04332832,-0.070172,-0.014890028,-0.016477058,-0.01109045,-0.047768984,0.0065246993,-0.028480504,-0.0025740433,0.020049358,-0.022397274,-0.012475522,-0.038755383,0.0022823222,-0.035436142,0.06575139,0.03520212,-0.06432011,-0.047374964,0.049472064,-0.040980723,-0.02459966
-0.07098853,0.0395022,-0.020766873,-0.013707508,-0.060202066,-0.014569379,-0.026317803,-0.079554915,-0.03286866,-2.0404364e-05,-0.07729894,-0.059142567,-0.06963787,0.036220312,0.023228157,-0.016637903,-0.061092503,-0.04378222,-0.026037738,-0.04939699,-0.067827344,-0.02314779,0.03400169,0.0013303584,-0.06722382,-0.03825171,-0.009588216,-0.01234119,0.05002278,-0.0805482,-0.081063055,-0.037095178,-0.038210124,-0.057161327,0.04714424,0.032729927,-0.015583536,-0.0043675452
-0.06159436,-0.05036563,-0.030997239,-0.018096335,-0.061973,-0.026524229,-0.031837594,-0.044776328,-0.07280813,-0.06710639,-0.041398946,-0.07273667,-0.030282099,-0.017881183,-0.08640048,0.039489634,-0.040443454,-0.061596684,-0.054877594,-0.030346118,-0.019634029,-0.013757763,-0.070873365,-0.054814696,0.054323103,-0.04799219,-0.015142384,-0.0341571,-0.07476172,-0.0076587074,-0.046026964,0.016224252,-0.016738493,-0.012128711,-0.032860305,-0.057363994,0.041861977,0.0014723936
-0.079687156,0.0038750893,0.072158,-0.006571642,-0.033894543,-0.05868651,-0.046458,-0.074079774,-0.07448579,0.0012963071,0.017548565,0.06468419,-0.047262304,-0.018019173,-0.008202317,0.01644983,-0.062326238,-0.060695387,-0.00043409923,-0.04691705,0.0624375,-0.07525786,0.06777331,-0.005462496,0.0070944508,-0.01683828,-0.0073418566,0.031429935,-0.02374091,0.006940654,-0.05079903,-0.014154312,-0.013676749,-0.05150166,-0.036470726,0.00080124807,0.004925696,-0.07310106
-0.03728852,0.02268889,-0.019005103,0.0012834601,-0.0005131642,0.008175362,-0.044514038,0.04050464,0.009349386,-0.033972904,0.048793055,0.018065969,0.016421955,-0.052984983,-0.007232079,0.041449048,0.041499615,0.049320307,0.088745505,-0.021830231,0.02569147,0.044663645,0.017971357,-0.07448757,0.021969054,0.042065736,-0.07748461,-0.039640557,0.0420685,0.019853223,0.04257875,0.0029901133,0.019918904,0.0689781,0.06094818,0.013960206,-0.010523498,-0.016764773
0.051125225,-0.0663085,-0.035815593,0.018605966,-0.013742141,-0.071056,-0.018705968,0.0333979,-0.06987043,-0.05432279,-0.048839003,-0.024027476,0.024252554,-0.08523607,0.02733603,-0.0059784446,-0.008944791,0.07110134,-0.05688651,-0.037826657,-0.018059455,-0.0126833,0.0055217184,-0.067754835,0.014106999,-0.03215364,-0.03761465,-0.07700873,0.028466055,0.074809745,-0.0170604,0.012600497,-0.057029568,0.004061339,-0.042179164,-0.0594504,-0.03941364,0.043451898
-0.070530415,-0.038342796,-0.02269076,-0.07289866,-0.050386027,-0.046911977,-0.03946681,-0.07654144,-0.029724296,-0.0019406169,-0.051963463,-0.040984835,-0.052159246,-0.012901131,-0.03232385,0.04163706,-0.015571353,-0.066194475,-0.015227189,-0.03788587,-0.03724739,-0.06395373,0.018542023,-0.027919967,-0.05758036,-0.06590504,0.00018640474,-0.013640459,-0.06536376,-0.015847623,-0.009323553,-0.022914458,-0.033599917,-0.07002245,-0.07429862,-0.06141489,-0.04946005,-0.06514703
-0.014025783,-0.039532974,-0.0033390056,-0.018769983,-0.02569697,0.0069965385,0.019809172,0.003449658,-0.027691523,0.033493485,0.0026092608,0.0058604265,0.014872622,0.0010451925,0.019988716,0.016640646,-0.002794989,-0.013345175,-0.04409054,-0.025089135,0.028239429,-0.014542682,-0.00057054806,-0.0089991195,-0.026886133,-0.051173758,-0.012467471,-0.015060163,0.033731658,0.0071281167,-0.016380848,-0.016199632,-0.05892101,-0.034990538,-0.045602527,0.009169826,0.008191496,0.017120212
-0.021762682,-0.02416252,-0.06517045,0.018584833,0.032140248,0.04230101,-0.044874307,-0.0037529173,-0.0750506,0.0430383,0.0041130674,0.030940179,0.07278436,-0.044460107,-0.02332736,0.05390999,0.009925234,-0.015114995,0.03518204,0.03517493,-0.018607853,0.019350149,0.020250643,0.023473063,0.07078544,0.0265648,-0.04065646,-0.0051128287,0.056922212,-0.053780362,0.011220255,0.02291732,-0.026626702,0.016930994,0.010894581,0.009427481,-0.057253856,-0.04156797
-0.061458092,-0.026741412,0.02231181,0.0024271733,0.06004724,-0.010432116,-0.04536222,0.010101714,-0.0032759905,0.04032706,0.008439756,-0.022232348,-0.03771275,-0.005246962,-0.05771921,0.041538946,0.035928115,-0.022520423,0.027563572,-0.04059071,0.011209273,-0.04253817,0.005240428,-0.029013805,-0.039406814,0.02562212,-0.034639023,0.021989057,-0.053857185,-0.052577972,0.048940018,-0.08374782,-0.022310246,-0.0049359445,0.015325993,0.0351866,-0.068271026,-0.06476471
0.011133086,0.056451395,0.008561531,0.0004251411,0.0216984,0.03161646,0.049216237,0.0099218935,0.05566978,0.042357847,0.03308761,-0.02023405,-0.010439898,0.031837936,0.024721561,0.009240782,-0.0376599,-0.008930204,0.035295583,0.07659679,-0.040468615,0.033499878,0.0440486,0.05725955,-0.038087938,0.054777488,0.023632878,0.04736121,-0.0063670343,-0.012207314,0.021456556,0.028491095,0.073596016,0.022516761,0.005883463,-0.016867543,0.050326392,0.02036628
0.028948627,0.018466963,-0.053652007,-0.07308454,-0.071252875,-0.06769824,-0.060129583,-0.049872935,-0.01440751,-0.078828044,-0.015888443,-0.028406477,-0.05117246,-0.11840361,-0.059291553,-0.038922887,-0.026905565,-0.039297372,-0.06060735,-0.03856477,-0.041452672,-0.0076394062,-0.07588508,-0.057260983,-0.064347304,-0.07234534,-0.10101031,-0.10169278,-0.0329963,-0.076779686,-0.06656183,-0.007821179,0.0029337062,-0.07696777,-0.046758313,0.010181443,-0.0013804266,-0.0035246757
0.05780747,0.046947822,0.00692465,0.03530735,-0.01673681,0.013997785,0.0020655047,0.007345037,0.044244476,0.019377654,0.04610819,0.040614717,0.00012346088,-0.017820247,0.01168453,0.03540835,-0.054507088,0.045506876,-0.03157184,0.034111977,0.06559816,0.02015477,-0.0069908453,0.016817812,0.044075485,0.0012546706,0.013068527,-0.042481504,0.025883025,0.030009177,-0.024395732,-0.03881606,0.016223773,0.01917826,0.011061039,0.05523483,0.015934115,0.061726063
-0.06080414,0.08295164,0.08986539,0.0992396,0.089702554,0.07876952,0.0821624,0.09494113,0.0903023,0.08846353,0.08167099,0.079952516,0.093030944,0.1540367,0.10222502,0.09373068,0.08509756,0.084915645,0.088634856,0.08578059,0.06809732,0.076791935,0.08547758,0.13930947,0.0791081,0.085713066,0.13718419,0.16196412,0.07864033,0.10054897,0.098394096,0.0885553,0.08308957,0.09129862,0.095225506,0.059625752,0.0880816,0.08649301
0.05158492,-0.009969389,0.0061692046,-0.0074899592,0.049943678,-0.058727257,-0.025971966,0.054027583,0.06961066,-0.032297153,-0.02256325,-0.014907861,0.0597816,-0.016902326,0.017823877,-0.002200311,0.04607098,0.052374374,0.011030652,-0.03752155,0.037386578,0.056454197,-0.024063872,0.062552944,0.0480048,-0.026121005,-0.035209015,-0.096949495,0.05896306,-0.04098638,-0.0253486,0.045843348,0.0013447168,0.032116607,-0.06542692,0.034778055,0.055579923,0.04861952
-0.04071452,-0.049199097,-0.053231277,-0.047531836,-0.054661117,-0.048529983,-0.04505386,-0.030084737,-0.06542714,-0.0060290666,-0.032144114,-0.046356443,-0.06715566,-0.0617626,0.019720566,-0.030296905,-0.06641876,-0.00449089,-0.07740685,-0.01020797,-0.04499344,0.007928808,0.027876873,-0.047356825,-0.031204198,-0.03363998,0.036752332,-0.00089395716,0.021757247,-0.0658538,0.027998416,-0.0028966065,-0.023044283,0.022812212,0.00055606157,-0.037084974,-0.04247854,0.005594557
-0.008141005,-0.057478428,-0.04513866,-0.014819342,-0.0062833996,0.07309311,0.031821948,0.05062126,-0.036967434,0.03866221,-0.0026130802,0.020115193,-0.006354968,-0.062349066,0.034912385,0.050949518,-0.010963654,0.022512656,0.044551637,0.052851733,0.034374192,0.04005011,0.0691881,-0.10280139,0.03476298,0.023256794,-0.060744166,-0.00024366022,0.039103072,0.01687061,0.021529917,-0.034346513,-0.026716202,0.0019879916,-0.031118786,-0.0008462028,0.007459258,-0.023929538
-0.053362597,0.056004774,-0.07961791,-0.03298486,0.013428875,0.016827827,-0.013160646,-0.021683255,0.025938215,-0.055359803,-0.029454168,0.0013945587,0.05783694,0.039998498,-0.022774216,-0.045582157,0.0146094,-0.042992443,-0.039499667,0.05473635,0.031695116,0.022179732,-0.07389378,0.086527094,-0.053972103,0.04350284,0.060940757,-0.008948999,-0.0443001,-0.02808227,-0.016400352,-0.011031398,0.0135413045,0.0773769,0.027171804,0.003490784,0.021652564,0.0289202
-0.012425083,-0.017463852,-0.060383987,-0.08367635,-0.052910928,0.011703641,-0.0217129,-0.065975524,-0.06329956,-0.061291534,-0.02949233,-0.07257927,-0.02892567,-0.06280819,-0.0691299,-0.06188625,-0.067283824,-0.0060725175,-0.043004774,-0.034151636,-0.059746612,-0.073958054,-0.025648357,-0.08411921,-0.06526995,-0.06672151,-0.09806745,-0.09730789,-0.04867849,-0.090305924,-0.06310031,-0.024551647,-0.04654129,-0.0407452,-0.016494436,-0.04204264,-0.042072922,-0.029510504
0.023086546,-0.041931298,-0.031534698,0.021147957,-0.043927465,0.06303644,0.0011142575,0.02428603,-0.021272799,-0.0041022305,-0.012878662,0.046124153,0.044037618,0.009038603,0.034742698,-0.055387612,0.0122988755,-0.060611792,-0.067955345,-0.046417728,0.004834059,0.046405464,-0.0326569,0.026636811,-0.04019073,7.923013e-05,0.0049418886,-0.031752106,0.005911655,-0.08116746,0.01135963,-0.045730956,0.039894912,0.015711538,-0.025526296,0.031462464,-0.036586754,-0.050817043
-0.024662295,0.05448451,0.013201951,-0.0130901085,0.028256098,0.019368032,0.020987915,-0.009061833,0.029928098,0.04496299,0.0058812643,0.014476218,-0.02987008,0.026094692,-0.031543154,-0.04221926,0.015150549,0.006601095,0.080223806,-0.029574912,0.046457354,-0.014730043,-0.017924687,0.02207436,0.00545121,0.052402858,0.06371029,0.015006453,-0.011944102,-0.031707685,0.0081104245,0.022446515,0.03157636,0.049156174,0.0036610567,0.03524769,0.018223558,0.003619732
0.015188741,0.018892314,-0.029349713,-0.061491173,0.03980595,-0.013118187,0.037169635,0.07025884,0.0565073,0.006903308,-0.05754807,0.06404554,0.006251021,0.037980195,-0.0359454,0.030395139,-0.04514412,0.054893065,-0.049430836,0.05223068,-0.068615034,-0.027381424,0.065130495,-0.023035845,0.057322163,-0.004282941,-0.005471097,0.07066614,-0.06508979,-0.036089737,-0.003782553,-0.035942614,-0.013769522,-0.015292174,-0.03474181,-0.038473822,0.031162597,0.024062352
0.069162525,0.07023041,-0.004418556,0.05496929,0.02136952,0.061317634,-0.02929444,0.025097081,0.05237354,0.04859661,0.06547994,-0.013649954,0.030762726,0.056525573,0.04475622,0.035366394,0.049597677,0.070800595,0.032441646,0.034491137,0.07269973,0.022426402,-0.07395123,-0.0284732,0.054181904,0.06946929,-0.011127894,-0.039273184,-0.0051893923,0.032302845,0.057101768,0.02125666,0.024083342,0.036972653,0.08244181,0.039104838,0.011755948,0.05583522
0.03305694,-0.058267135,-0.0372121,0.089330345,-0.017612912,-0.005414172,0.030875718,-0.055211302,0.043496273,-0.055612836,0.0108748,0.069506325,0.0009176585,-0.038731776,0.08656182,-0.026154876,0.00697012,-0.061327953,0.01723477,0.030902755,0.051194593,0.06452226,-0.045392312,-0.06522036,0.03271112,-0.0400171,-0.013968781,0.02067112,0.02029377,0.0046217516,0.020997511,0.07359618,0.012373362,0.0066649783,0.0046029333,-0.054106284,-0.032354612,-0.056155883
0.0018904508,0.02262624,0.07350481,0.026814818,-0.03434319,-0.03291444,0.01832559,0.017286438,0.06714385,0.013651991,0.060314506,0.058045343,0.019471262,0.034914847,0.03484253,-0.026917253,0.073434226,0.05840356,0.043302473,0.0029066242,0.050593454,-0.041819815,0.03931269,0.076861255,0.008108865,0.06863214,0.028686572,0.003944876,0.043727607,-0.0010652874,0.010771823,-0.009503165,0.064533286,0.0065508946,0.01316678,0.01627082,0.06358793,0.019696563
0.0039608893,-0.041947328,-0.014200211,-0.03152358,-0.030783238,0.013871049,-0.051649354,-0.06202267,0.009310835,-0.02588981,-0.02442172,-0.047880586,0.014261151,-0.08153976,0.04231423,-0.053934567,-0.025285643,-0.04255387,-0.022826502,-0.038152583,0.023957254,-0.04916464,0.056688942,-0.013710302,0.005364702,-0.05220159,-0.10664178,-0.02724901,-0.0071565523,0.086847015,-0.022375375,-0.00028524897,-0.034954466,0.0012835694,-0.015009316,-0.014837499,-0.05862543,-0.021875663
-0.07134826,0.031464636,0.008556266,0.023700573,0.047633305,-0.0047086095,0.05217258,0.049224455,0.014964134,-0.064268485,0.031272117,-0.016858129,0.020148499,0.05600534,-0.027893877,-0.06530738,-0.029429877,0.07319019,0.080734976,0.037048064,0.021383772,0.05552057,-0.02976337,0.008714375,0.03596913,-0.0038265728,0.04765953,0.041551825,-0.05684268,0.02082818,-0.0043904707,-0.05260217,0.07453099,0.02537837,0.0762292,0.0630716,-0.071079746,-0.019884096
-0.021063348,-0.05439231,-0.010970715,0.011452342,-0.02942756,0.0062495964,-0.064383075,-0.08282893,-0.017214198,-0.026609188,0.047693547,0.03205478,-0.010693043,0.0010783835,0.057406627,-0.06354063,-0.034398057,-0.042518876,0.0012423801,-0.03642539,-0.0016849,-0.037098933,0.0310405,-0.07318378,-0.050566953,0.054109227,-0.05673225,-0.0390372,-0.07236655,0.06591538,0.011918294,-0.082049444,-0.061908174,-0.025391527,-0.048726812,-0.048640933,0.015072202,-0.01665134
-0.07718287,0.0157452,-0.019603774,-0.025215542,-0.032246303,-0.03301643,-0.022148978,-0.036162414,0.042479835,0.0050501004,-0.0067195734,-0.04357899,-0.041916493,0.0016340093,-0.014115845,-0.057648044,0.001419914,-0.040386517,-0.053372726,-0.0066820947,0.023532161,-0.03219891,-0.052347306,0.048846833,0.0132365795,-0.0022093477,-0.022282818,-0.00215596,-0.01546473,-0.049217552,0.009501546,-0.022559704,0.009856711,0.01519796,-0.016708737,-0.0058165593,0.023097413,-0.013857993
0.004229683,0.014453199,0.019757068,-0.06733992,-0.039366014,0.024876935,0.015805526,-0.06911854,0.025495969,0.031481944,-0.06337928,-0.05452025,0.01733614,-0.01642612,-0.0452625,0.017944068,-0.036537763,-0.07096255,0.029937042,0.016377924,-0.067625105,-0.021569025,-0.059597775,0.017432138,-0.07301081,0.02489738,0.052750524,-0.045289736,-0.04238181,-0.01877114,-0.004967265,-0.02659205,-0.06753609,0.021272073,0.012342073,-0.076999694,0.00970257,0.03971437
0.026538521,0.020333868,0.056059204,0.06353192,0.07898979,0.0198446,0.07777226,0.027213354,0.07369293,0.04185435,0.051990625,0.050722778,-0.050673068,0.024173273,0.07341911,-0.0040432336,0.080287,0.06844484,-0.04443117,0.017901406,0.025442308,0.07059263,-0.020430285,0.050682053,0.049789127,-0.026845844,0.05767719,0.05004031,0.0737467,0.040994253,0.011430175,0.03932655,0.075820364,0.027466808,0.03595727,0.014837647,0.0712687,0.07075163
-0.0064638546,-0.069907255,-0.05429017,0.029704744,0.044661503,-0.030381111,-0.0018360694,0.05806556,0.00037358832,0.04256509,0.0019469531,0.015206366,0.038626228,0.019232318,0.0064745164,0.040003076,0.03300608,0.035345722,-0.06361757,-0.025050702,-0.06639597,0.0075692614,0.06370985,-0.03340975,0.002926359,-0.013064003,-0.07192804,0.008787362,-0.0044729905,0.069962926,0.016132016,0.017763859,0.020216346,-0.0032094761,0.0016184936,0.035202187,-0.0218851,-0.036840957
-0.07642823,-0.06490751,-0.056110315,-0.072724335,0.0011396286,-0.07476353,-0.04007202,-0.012954512,-0.07208851,-0.05907059,-0.076250814,-0.059682157,-0.060147375,0.009464755,-0.018852983,-0.067885995,-0.06359229,-0.057793066,-0.035530254,-0.03449761,-0.0684152,-0.07570837,-0.06004638,-0.033701565,-0.071646936,-0.04397853,0.01835689,-0.02021731,-0.059965298,-0.06551849,-0.009296389,-0.064589486,-0.0016457237,-0.058153626,-0.05553238,-0.06643227,-0.019821094,-0.05850308
-0.07387908,-0.039070033,0.046706777,0.023670759,-0.02216482,0.022334713,-0.029437743,-0.023691926,-0.06613639,-0.0013359096,0.0360487,-0.0115250675,-0.01623297,-0.04022108,0.006801634,0.0046011074,0.05605003,0.006862023,-0.037147947,0.0032547524,0.062387552,0.07466937,0.021397507,-0.021488603,-0.016960628,0.06164473,0.002709605,0.028097313,0.014363637,0.04545265,-0.003064849,0.03415526,0.057345405,-0.08381592,-0.04439662,0.055586208,-0.006378972,-0.057880025
-0.04550684,-0.06445993,-0.05326028,0.024345491,-0.027177699,-0.0022446688,-0.05719077,0.026755122,-0.026362011,-0.029861948,-0.06212652,-0.06926259,-0.025515975,0.05162726,-0.01791783,-0.019534064,-0.031376563,-0.01074917,-0.012590432,-0.031858653,-0.047356516,-0.021701848,0.005291345,-0.025193058,-0.056039304,-0.0067417673,0.0031894848,0.06270191,-0.059772953,-0.06372323,0.006464223,-0.05636329,-0.052874856,0.036011036,0.019397855,-0.06992148,-0.046529327,-0.042028327
0.035779502,0.038481966,0.0084120715,-0.009948734,-0.018289026,-0.047848515,0.024125263,-0.0151726315,0.022567507,-0.026343564,-0.030249326,-0.01817499,0.023381686,-0.0007086948,0.05744443,-0.02447997,-0.054865025,0.014464839,-0.073845014,0.042754266,0.023531033,0.010551264,0.067827724,-0.074141346,0.021999562,-0.07262053,-0.0477195,-0.03515326,-0.038824964,-0.015651027,-0.07621852,0.05284044,-0.021748671,-0.015613314,-0.006313063,-0.040270053,0.026315503,0.054059908
0.027766958,0.05994768,0.016834443,0.025172183,0.066925816,0.029898472,0.074432015,0.03377833,0.06665289,0.0035625263,0.057191048,0.071871884,-0.003983542,-0.021576427,0.031826053,0.060345814,0.054462638,0.028911253,0.066268325,0.050000597,0.0064749657,-0.03779343,-0.03933884,-0.021937186,0.050619215,-0.011293747,-0.034030113,0.029524608,0.036752723,0.033120707,-0.007003831,-0.029018555,0.017523572,0.0027846717,0.070492245,0.056969404,-0.01759102,0.040854428
9.995268e-05,-0.020775048,0.016852083,0.016225716,0.007857521,-0.024674863,0.013221562,0.081889,-0.0040213,0.0039027415,-0.03659701,0.016376048,0.071834736,0.03634247,0.015584484,0.025504807,0.008539566,0.020690113,-0.013611397,0.062393866,-0.020489495,0.03463465,0.033142168,0.0067332084,-0.03978372,0.010650419,0.10265809,0.05895741,-0.02947208,0.038283955,0.051037926,0.004108468,-0.028997557,0.061990652,0.058905512,-0.06105795,0.05126975,0.0070834514
-0.018423108,-0.07051229,0.06383519,-0.049468968,0.04112857,0.058219615,-0.008124092,-0.007045445,-0.047431745,0.04979374,0.0052390774,-0.014662472,-0.06414124,0.0038980637,-0.01857064,-0.059405353,0.0007387668,-0.020782644,0.0038428374,-0.026001655,0.033757027,0.0047128326,0.042945147,-0.06275879,0.042022705,-0.0006126275,-0.03972907,0.029335031,0.041988365,-0.023995277,-0.07095941,-0.050194357,0.0053734416,-0.03549807,-0.023993904,0.040211733,0.07128911,0.045049824
0.030184627,-0.009731038,-0.040037718,0.021573126,-0.014266606,-0.056653336,0.058325384,0.052174002,-0.0005716219,0.029443685,0.070517145,-0.03786098,0.08272493,0.02892731,0.036735237,0.01503969,0.03769218,0.079258285,0.031057376,0.054260265,-0.04954092,-0.03590675,0.0046542757,-0.026840573,0.043952405,0.0010090872,0.03462743,-0.002652194,-0.0154039,0.034028936,0.0605209,0.029675934,0.003104431,0.08739384,0.020037962,0.0059102154,0.037103787,0.002792461
-0.074868724,-0.02153661,-0.015778767,-0.02743071,-0.07259824,-0.07987422,-0.053409167,-0.03867766,-0.04589449,-0.065029636,-0.086834945,-0.010503752,-0.01671404,0.005370423,-0.067294754,-0.056559827,0.049322877,-0.07042632,-0.051296696,-0.07422267,-0.021148425,-0.021374404,-0.065756895,-0.024972437,-0.029424544,-0.06877346,-0.050729554,-0.04711045,-0.006859782,-0.06278704,-0.07636259,-0.0357143,-0.006085374,-0.082399465,-0.05268391,-0.0446082,-0.019179996,-0.040169705
-0.028155161,-0.0008031855,-0.042397413,-0.009515205,-0.023420526,-0.011397158,-0.011009592,0.023886735,-0.015288121,0.008327569,0.033009857,-0.039497044,0.0074493904,0.0011997839,0.0042354614,0.022200435,0.018907445,0.044274498,-0.045272734,0.023257002,-0.052559916,-0.031315632,-0.029433135,-0.02508007,-0.05544143,-0.04968849,-0.020704782,0.06342347,0.014245464,-0.0130004715,0.008312399,0.013201123,0.033207297,0.005116663,0.0013613484,-0.021689307,0.046097707,-0.020299934
0.03584909,0.033604205,0.031994402,0.06445217,0.08191939,0.07782615,0.055107523,0.06253996,0.034086883,0.06729481,0.06280153,0.06221664,0.077479534,0.008141595,0.07249869,0.046932273,0.024618493,0.071735315,0.05954624,0.06755265,0.0702757,0.07220379,0.056547966,0.023416704,0.056983136,0.044044375,-0.014664468,0.058582865,0.06801967,0.018554002,0.055817652,0.070638426,0.051946685,0.078703895,0.02025417,0.0048205154,0.051022727,0.035229273
0.041281234,-0.020872204,-0.04030896,0.05766859,-0.06438589,-0.0615854,-0.060806725,-0.078736424,-0.016532598,-0.07638074,0.028693868,-0.050470043,-0.0048705325,0.046339206,-0.073872685,-0.08079651,0.043732382,-0.030533794,-0.04309226,-0.05568504,-0.059959963,0.058011066,-0.013656865,-0.07869341,-0.02868148,-0.023113152,-0.09575698,-0.005175428,-0.024989381,-0.056602564,-0.07143495,-0.010731015,0.027525146,-0.05204279,0.0060537327,-0.051117864,0.0063911607,-0.0010477358
0.0505864,0.07490134,0.0051323716,0.05902642,0.009352239,0.07588172,0.033460643,-0.035157546,0.05846481,0.015598382,-0.011363448,0.059612777,0.062343407,-0.041925862,0.041756336,0.06383485,0.03526792,-0.050765235,0.073476106,0.01330367,0.071516804,-0.0017612361,0.037118215,0.032569926,0.05542913,0.06978885,0.024244431,0.026346065,-0.033567544,0.009215315,-0.02322583,0.01357602,0.04960253,0.0340677,0.07129657,-0.024831716,0.0718447,0.04521239
-0.0790536,0.046431776,0.07157814,-0.03270027,0.04052568,0.025715759,0.043092743,-0.040054865,0.054894306,0.058302883,0.06055322,0.03364298,-0.025543239,-0.010274168,-0.02403879,-0.016179888,0.05807268,-0.03894885,0.075820215,0.03643649,0.068510674,-0.016512489,0.069331035,0.012510248,0.009480393,0.02238129,0.03860333,0.0023537695,-0.012293005,0.008196125,0.03288712,0.07459412,0.034292415,-0.0092876535,0.040014673,-0.004758186,0.08000957,0.033770937
0.005704316,0.06254801,-0.044496123,0.020644363,0.03254232,0.003101753,0.060542464,0.0355886,0.048341062,-0.003463728,0.01799022,0.052067433,0.06917343,-0.019768734,0.065274656,0.018886441,0.00526615,-0.053258087,-0.025075369,0.03537439,0.024813425,0.033286016,0.055162266,0.010628598,0.06153106,0.056682747,0.04295035,-0.09757115,-0.047389213,-0.053758767,0.0042048167,0.06355575,0.00080861145,0.053668197,0.061585132,-0.047847554,0.040946674,0.06841508
0.008032272,0.047861908,0.023649987,0.03570395,0.043003924,0.041206557,0.041137654,0.0437498,0.0694471,0.016647803,0.07061233,0.03534421,0.020254271,-0.021555798,0.053113185,-0.030825844,0.007783502,0.050948814,-0.013815672,0.054854445,0.05597026,0.04376166,0.014839944,-0.039596055,0.04455341,0.036010627,0.060472876,-0.0056126583,0.04623345,-0.06882478,0.040897246,0.060121946,0.0011095349,0.010167418,0.06001152,0.05691564,0.04744988,0.025070418
0.03667793,0.07202724,0.08580308,0.07120143,0.083057344,-0.025672784,0.031174866,0.02813615,-0.030218104,0.019792896,0.0550839,0.01578425,-0.030401329,0.02284954,0.0058213184,0.040909883,-0.054319236,0.07587015,0.083617955,0.037222933,0.05014161,0.019654602,0.005973806,-0.017470174,0.06755379,0.007177421,0.0074257283,0.0069241887,0.06233714,0.04717288,0.032878637,0.003413297,0.04120925,0.053696107,0.045280416,0.062327463,0.042748176,0.031366702
-0.039407104,0.054712784,0.038651396,-0.07132617,0.0075281593,0.07364542,0.03129066,-0.029241957,-0.015529978,0.038730346,0.020926649,-0.03710626,0.010604587,-0.06346161,-0.052308775,0.013799786,-0.019480737,0.071002536,-0.02510133,-0.029669791,0.062027372,-0.07399455,-0.009410166,0.04709218,-0.025399588,0.039577663,-0.04271954,0.04595007,0.013131906,0.013077408,-0.004357772,-0.03450525,0.024743915,-0.0021605827,-0.04385861,0.023589859,0.009304059,-0.028006125
0.06595376,0.06090877,0.06995154,0.02755166,0.06695586,0.07576164,0.034543578,-0.0071444972,0.035007507,0.06825301,0.07761526,0.030351272,0.06408298,0.039463826,0.09467798,0.075530544,0.040008623,0.071868405,0.033794183,0.064240895,0.06419562,0.056211516,0.0740587,0.06371114,0.045985743,0.06489472,-0.026039245,0.09191247,0.077473216,0.09531811,0.062335283,0.0781579,0.07229783,0.06415991,0.08053066,0.06585379,0.034732383,0.08708069
-0.023835585,-0.01348423,-0.053921066,-0.041996356,-0.028204724,-0.040388796,-0.028291158,-0.024614142,0.022690987,-0.05085606,-0.025203664,-0.060945883,0.010258828,-0.09420435,-0.019792235,-0.0021114375,-0.049616236,-0.051265318,-0.011110139,0.00028981746,-0.047634527,-0.07348275,0.03770172,0.0007250695,-0.06445561,-0.06016445,-0.059983477,0.01694902,-0.034035876,-0.015611588,-0.024221318,-0.031616315,-0.07002252,-0.005183016,-0.051845662,-0.026795058,-0.027982762,-0.045057144
-0.0167759,-0.05829799,0.011100762,-0.059861045,0.029346673,-0.05749754,-0.01982752,0.01279014,-0.06172934,-0.03917806,-0.028814021,-0.079518735,-0.027635302,-0.0013738724,-0.032381747,0.025721809,-0.070431344,0.036761723,-0.06660747,0.03241389,-0.07219227,-0.06917078,0.024029491,0.025447886,-0.07444015,-0.0016948521,-0.07574837,0.024508804,-0.05581481,0.027504807,0.023688558,-0.06701012,-0.021209875,0.04927099,-0.022285966,0.023710135,-0.0013783807,-0.041018218
-0.0006446057,-0.05013057,-0.042697832,-0.04764145,0.038471006,-0.07227842,0.005857054,0.04272039,-0.03869574,-0.07717722,-0.003467587,-0.06711034,-0.042116113,-0.08338215,-0.036188435,-0.015336638,-0.023325821,0.07117473,-0.077603005,-0.05009556,-0.0010586274,-0.030048966,-0.027703976,-0.056012712,-0.022341857,-0.07770122,-0.051650524,-0.00067979813,0.0038387936,-0.030021554,0.016231477,-0.07970073,-0.050220333,-0.04246506,-0.091680825,0.0104890205,-0.026094513,-0.05976949
0.010800422,-0.00067796593,0.029333834,-0.09144553,0.07342293,0.017564517,-0.02654221,0.061340187,-0.06858384,0.0011958256,-0.08587025,-0.07616677,0.03392796,-0.0135049,0.034593295,-0.008216922,-0.08079841,0.0408539,0.036128625,0.004713571,0.001971844,-0.07612463,-0.033312958,0.021964142,-0.054162122,0.0034431475,0.029951204,0.038696863,-0.04744777,0.05967355,0.026114611,0.07212171,0.011075658,0.08741079,0.019606005,0.0492729,0.001090511,-0.02927551
-0.06395231,0.02483083,-0.0067321556,-0.039500814,-0.027312921,-0.0061554923,-0.050995357,0.050580624,-0.062129036,-0.0024146554,-0.010919505,-0.072214805,-0.020444024,-0.058890004,-0.07876167,0.02383003,-0.03870379,0.043796692,-0.034784034,-0.0011161307,-0.0032721534,-0.049016558,0.029968511,0.015493411,-0.073987536,0.07687851,-0.027600214,0.036475305,0.0077676745,-0.014766709,0.070091024,-0.047498114,0.039911844,-0.042276938,0.013850054,0.07517073,-0.05918487,-0.04667758
-0.07668934,-0.013542563,-0.06279473,-0.031344827,-0.016743649,-0.0640985,-0.035700392,-0.0088547,-0.024269702,-0.042910937,0.043356683,-0.038600955,-0.023387821,-0.053399567,-0.030949898,-0.019166859,0.07488101,-0.051582854,-0.0545637,-0.00915429,-0.06485259,0.014166467,-0.0082325535,-0.006320255,-0.015934862,-0.0247866,-0.03345089,-0.010554477,-0.049929928,0.0978672,-0.010802113,-0.0077828406,-0.06587152,-0.038874432,-0.0030144772,-0.007429672,0.04040936,0.013104965
0.054290038,0.017247695,-0.05295376,-0.023049189,0.037140492,0.0093745515,-0.05771432,0.041265585,-0.016581848,-0.03596824,0.033427093,-0.07467793,-0.0058478755,-0.106833406,-0.0048326114,-0.057891574,0.0062058917,0.038816854,0.022224208,-0.07576079,-0.07006679,0.030394103,-0.08501201,-0.0039475947,0.027433539,0.025628982,-0.02157652,0.033629533,0.04263457,0.043500494,0.060854897,0.021287575,-0.039567854,-0.01698503,-0.032761957,0.043988742,-0.050341245,-0.080542035
0.051998768,0.057430036,0.041338716,0.0321487,0.06945217,0.041624,0.066511676,0.062869966,0.068069905,0.052079316,0.0700758,0.059284646,0.083904184,0.005576236,0.064674385,0.035868496,0.03869434,0.07565826,0.08766274,0.03611494,0.058648735,0.06943543,0.046496283,0.03866537,0.056488913,0.06952129,0.028850378,-0.010653655,0.06850433,0.06604412,0.05644483,0.053395476,0.048337333,0.05403537,0.060192347,0.06567881,0.06415837,0.0406549
0.03602519,0.061418638,0.07474436,0.06430509,0.059131086,0.020668657,-0.00636189,-0.034819044,0.043818157,-0.037281528,0.057077218,0.028376339,0.0070405575,0.056855727,0.026098972,0.014307571,0.0119171655,0.032665223,-0.0009939523,0.037414327,0.070296645,0.04932305,0.062209185,0.02944425,0.060573783,-0.008356282,-0.010431564,0.018294819,0.0257882,0.09614386,-0.0335764,0.040144335,0.01601012,0.028191289,0.07619798,0.05632087,0.011282008,0.07309978
0.009636115,-0.010759417,-0.025447475,-0.044890437,-0.011359876,-0.032942526,-0.02842247,0.024031715,0.023757549,-0.06815881,-0.010309222,-0.0052061197,-0.068222634,0.006260671,-0.0763597,-0.037811212,-0.025160562,0.030817568,0.0041448604,0.028289618,-0.009259524,-0.030572567,-0.005483038,0.05363629,-0.0059432825,0.007154955,0.030996624,0.039134953,-0.022567876,-0.079681166,-0.033047367,-0.0064813416,-0.044123583,-0.03111736,-0.07437301,-0.04156704,0.05548002,0.024646323
-0.066563606,-0.019364916,0.046471577,0.0318711,0.017849863,0.039547067,0.010173479,0.014282268,-0.052056156,0.02587795,0.043495383,-0.025245344,-0.0064345826,0.038536485,0.020540176,0.029868534,-0.037733562,-0.03266111,0.044145625,0.015329055,0.039140105,0.0557727,0.03512898,0.06803891,0.013794572,0.044528134,0.05631963,0.019706462,0.031829007,-0.05831521,0.036393456,0.021417575,0.017997475,-0.0043952707,0.008959595,0.0041063256,0.030604834,0.019171597
-0.020347927,-0.050543018,0.015786426,0.04810943,-0.0055522085,0.011658331,0.019106884,0.030328058,-0.008599386,-0.0035593046,-0.017977836,-0.06388761,0.028632136,-0.0019134794,-0.02629487,0.05603098,0.033015825,-0.0147244055,-0.042268693,-0.02814856,-0.025778217,-0.016224405,0.019966535,0.033017512,0.020593215,0.008156431,0.058990568,0.028608555,-0.016893089,-0.009159875,0.011581852,-0.05572105,-0.05630595,0.05790717,0.020943694,0.00980318,-0.012049397,-0.061744865
0.033098925,0.039263837,-0.008313746,-0.038532242,-0.022759791,-0.035757694,-0.0073499195,0.015986143,0.045003943,-0.0031629507,-0.03592983,0.063953646,-0.044170097,-0.0056247986,0.0073775793,0.0063929516,0.055651497,0.034123123,0.057844717,-0.0596718,-0.014097745,-0.003182521,0.031218337,0.007144828,-0.007756588,-0.051581487,-0.023204843,0.026423732,0.061032835,-0.037684657,-0.005793498,0.031925254,0.061360557,0.025568463,0.015796438,0.07461332,-0.05758661,0.015671061
-0.066760264,0.08224394,-0.03218685,0.056425672,0.060906958,0.074087866,0.07887111,0.009736391,0.008952563,0.07275827,0.021537183,0.009201808,0.05278204,-0.025711006,-0.0073993453,-0.049197946,-0.0150578525,-0.035608523,-0.02271756,0.008378797,-0.064068995,0.053974386,-0.001888567,0.043308634,0.023076437,0.043784548,-0.025738882,0.0026644876,-0.014701262,-0.009976665,-0.037852768,0.048881173,0.027069323,0.01454458,0.06839811,0.06697154,0.011181174,-0.03243666
-0.05202881,0.0016895692,-0.02711866,0.023229888,-0.055243794,-0.012600815,0.009337742,0.03358872,-0.008973677,0.0329577,-0.02285262,0.019895175,-0.023145113,0.062787406,-0.028549796,-0.02321756,-0.0054997886,0.005936249,-0.08881733,-0.034091443,-0.062426586,-0.052564938,-0.01276641,0.063215464,-0.0075128633,-0.08031845,0.050789792,0.0824497,-0.02956302,-0.0073314607,-0.0044256677,-0.026696028,0.013178648,0.0029082717,0.021559866,-0.06398063,-0.020642739,-0.044007745
0.057357233,0.003461338,-0.01850211,0.0584209,0.0037224428,0.026307125,0.06665904,-0.007752165,0.078258835,0.014814808,0.05162606,0.0689565,0.06895927,-0.024835084,0.066385016,0.076127596,0.007082593,-0.048794687,0.05391156,0.08409234,-0.03279863,0.06105896,0.04276169,0.03433619,0.067113645,0.017287754,0.032952517,0.059309386,0.009324975,-0.05027202,0.00096588634,0.06253171,0.037617024,0.055415295,0.05388678,0.009732915,0.032934893,0.03189783
-0.078416295,-0.045689426,0.050776485,-0.034650035,-0.024713602,0.0006873663,-0.044620555,-0.027645294,-0.07625599,-0.009462217,-0.044824265,0.05008271,0.00092032144,0.0055039953,-0.034456618,-0.025567265,0.06202508,-0.041771367,0.018757896,-0.052171316,-0.0025166543,0.020769343,0.032428663,0.021842226,0.013780739,-0.0494326,0.03232671,0.010634381,0.06765538,-0.041900516,-0.054748535,0.07046031,-0.059352033,-0.013425538,-0.050793987,0.05116091,-0.049913738,-0.06366741
0.044278923,-0.06801125,-0.07453592,-0.07388607,-0.04611845,0.0024488678,-0.08054112,0.03210372,-0.069891065,-0.07475571,-0.029845959,-0.0625161,-0.0456318,-0.081770666,-0.008477031,-0.053136278,0.04135045,0.01133125,-0.075944565,0.040101323,-0.057531767,-0.030391552,-0.041695528,-0.10101282,-0.05588045,-0.06883369,-0.06738657,-0.0017811651,-0.03778421,-0.06480925,0.03665058,-0.08665832,0.005239782,-0.017257622,-0.04396544,-0.07238999,-0.083941326,-0.011501468
-0.041347917,-0.06277415,-0.00019011105,-0.04362136,-0.062193613,-0.075133905,0.07589676,0.017037304,-0.047621105,-0.07529406,-0.06765304,-0.061182432,-0.044910047,0.020488845,-0.07895361,0.03941572,-0.031337693,0.03377821,-0.02826694,0.040416207,-0.06253415,-0.031099433,0.029927494,0.013773398,0.036491953,-0.0703966,0.061259445,0.005926372,-0.016910758,-0.00072465616,-0.019752212,-0.012049603,-0.00068404427,-0.030512424,-0.08658669,-0.052305907,0.026292596,0.03536941
0.009999258,-0.05579493,0.033690784,-0.008668355,-0.010042933,-0.0029245308,-0.041749097,0.0025093027,0.04310993,0.016647765,0.071684405,0.0018122814,-0.04143906,-0.043750588,-0.023471737,-0.03525538,0.06066397,0.0309096,-0.06269861,0.04619381,-0.019158222,0.054751936,0.021176767,-0.011791672,-0.004787549,0.067348585,-0.028273642,-0.0016289207,0.009621178,0.032513116,0.03800225,-0.0657498,0.07778362,-0.010422826,-0.04242957,0.032471616,-0.06606468,0.012410457
0.003988133,-0.0023570897,-0.013699125,-0.055386525,-0.022415351,-0.06488178,-0.05995342,-0.06748804,-0.03296214,-0.06393919,-0.04866112,-0.0413975,-0.021132713,-0.052654266,-0.04019575,0.061506737,-0.022340387,-0.025615431,-0.04929953,-0.042432543,-0.058154956,-0.069498,0.009884235,-0.055328123,-0.03848877,-0.06540627,-0.08892394,-0.04810475,-0.03180233,0.030791055,-0.05170095,-0.047239188,-0.008055026,-0.047173996,-0.04814182,-0.0106544085,-0.0665936,-0.0065907612
-0.04419021,0.07848389,0.05191181,0.037739195,0.029622786,-0.008809185,0.057196647,0.079351015,0.07420537,0.0068212487,0.07292903,0.07670839,0.080594815,-0.06314968,0.059435625,-0.054823466,0.08138097,0.05728515,0.059523005,0.053956203,0.054704536,0.073386334,-0.048068263,0.0017101079,0.043133326,0.036331657,-0.027856972,-0.095744975,0.07776478,-0.05548754,0.046816316,0.041831452,0.061828688,0.031457096,-0.012834684,0.07675349,0.07469645,0.04452451
-0.032617345,-0.02748748,0.04377129,-0.006249433,-0.021657927,0.064259015,0.002975066,-0.04238223,-0.02078208,0.07088317,0.008058442,-0.07508761,0.058134194,0.0046446235,-0.018254083,-0.053638417,-0.063999206,-0.041512642,0.065993614,-0.050245006,-0.029433705,0.016225409,-0.043677896,0.0026334703,-0.035179388,-0.021303738,0.038163096,-0.02397349,0.06355381,0.010195855,-0.09335824,0.0036148652,0.039388057,0.015471049,0.03976284,-0.027083466,-0.023276778,-0.024373913
0.04223465,-0.025033368,0.04822938,0.05377162,0.055178046,0.0246407,0.032717142,0.00037963185,-0.003449404,0.033513945,0.054163523,0.048496533,0.034913916,0.044747863,0.063646406,0.060389485,0.035061922,-0.033069976,0.02362908,0.058994073,0.028216278,0.042149503,0.0724747,0.06882187,0.020045863,0.046145216,0.015126102,0.0689107,0.03780173,0.08588002,-0.0045177657,0.04935146,0.042291187,0.017813925,-0.0047527016,0.064843394,-0.0061196475,0.0055111614
0.0062297597,0.008465636,0.03955844,0.033839796,0.01725212,0.023646288,0.051103566,-0.013385025,0.025709504,0.07270943,0.055901974,0.0060185944,0.027831987,0.010210261,0.041661095,0.04129604,-0.015595419,-0.030538812,-0.01751771,0.07284859,0.016859384,0.048070177,0.063066006,0.0280354,-0.016977975,0.06396593,0.008240939,0.06034897,0.049388662,0.034472514,-0.012987344,0.007594409,0.018487466,0.03519095,0.002999757,0.05193347,0.016533196,0.033437025
-0.0655625,-0.0034585882,0.03382231,0.026662422,0.03861906,0.0152141815,-0.033848945,-0.043824643,-0.024089606,-0.009799185,0.05705168,-0.045801274,-0.02774789,-0.06904697,-0.05896832,0.012903468,0.037644185,0.029208621,-0.024520393,-0.04080623,0.061050188,0.014304748,-0.06925894,0.0064063654,0.035609055,-0.08392522,-0.019225797,-0.050627697,0.011158403,-0.03316212,-0.08173552,-0.039579183,0.017737817,-0.0536099,0.040080495,-0.018505603,-0.07942595,0.04628712
-0.046139725,0.02725307,0.013178508,0.06384681,0.085884705,-0.027095301,0.05720422,-0.017046927,-0.030397236,-0.042592023,0.0063371523,0.0319808,-0.048356798,0.052688446,-0.012869894,0.016777204,-0.009263022,-0.033204783,-0.025721395,-0.042359162,-0.05788371,-0.013711765,0.017380465,0.0064660017,0.07413635,-0.042320803,0.036923114,0.0056503713,0.035293944,-0.039466307,-0.010623909,0.026067365,0.0108827,-0.024826016,0.015431851,-0.03614422,-0.011949321,-0.031706415
-0.016827486,0.011568728,0.04350041,0.045235336,0.0748973,-0.041551247,0.05707114,-0.06464695,0.07616834,0.055570275,-0.08479071,0.024913281,-0.04278165,0.009994218,-0.0065031415,-0.007170155,-0.053260304,-0.080309086,-0.02959835,0.080869734,-0.02027363,0.031294584,0.07396764,0.034843545,0.0081656445,0.03755197,0.020816596,-0.012493295,-0.066742495,0.022203177,0.0082910815,-0.05202734,-0.07612204,-0.03534439,-0.04354225,0.022332255,0.017778095,0.014745333
-0.029866975,0.0037670266,-0.084509715,0.045137618,-0.08811916,0.038069576,0.011301379,-0.024836967,-0.011444459,-0.03163984,-0.030248705,0.070700906,-0.009695191,-0.04210564,0.0055384673,-0.05083391,0.065895535,0.022729266,0.000104163635,-0.008397772,-0.054010324,0.021613546,0.007974819,-0.05151395,0.011674454,-0.04560793,-0.020329505,-0.045319322,0.008563795,-0.03674,-0.04025357,-0.023573618,0.04580559,0.00036314793,-0.033275675,-0.0761678,-0.037288476,-0.051981837
0.036786474,0.016426476,0.026069595,-0.03673586,-0.02320483,-0.057789,0.019753793,0.073763974,0.04872698,-0.05036728,-0.007247488,0.023011213,0.043558758,0.026779445,-0.004103485,-0.05225572,-0.010836738,0.073854275,0.014865572,-0.025539286,-0.019714747,-0.0023980585,-0.028742861,-0.011644662,0.035069976,0.018493634,0.017156364,-0.0012897929,-0.025973842,0.029817805,0.0009239159,0.012910508,-0.01819274,-0.022234052,-0.044681564,-0.04053841,0.031991262,-0.0016813973
-0.048591368,-0.06765708,-0.034300253,-0.059937328,-0.031181047,-0.07151629,-0.063393995,-0.009569649,-0.07999126,-0.02961858,-0.08118051,-0.05004496,-0.0625429,0.013529145,-0.0049019204,-0.07355834,-0.05310011,-0.058326423,0.075970724,-0.077533625,0.050871436,-0.041212205,-0.031175507,0.06093774,0.04595898,-0.028669337,-0.06501227,-0.00039974402,-0.0046281083,-0.06712414,-0.018846745,0.021246573,0.019661017,-0.025704795,-0.06438727,0.018560465,0.013114955,-0.041219812
0.002393828,0.006260052,-0.028386429,-0.04484675,-0.050629247,-0.04379873,-0.05415528,-0.064803824,-0.053349312,-0.072133325,-0.043997843,-0.05187192,-0.04908533,-0.032991193,-0.031993467,-0.009638491,-0.046539865,-0.01754891,-0.04377811,-0.05241553,-0.025695596,-0.012881278,-0.018498275,-0.082541525,-0.053497873,-0.042770714,-0.081477165,-0.028127389,-0.017774548,0.03381873,-0.03995761,0.020876434,-0.048144583,-0.07343023,-0.040445346,-0.0067732898,-0.035704024,-0.0431774
-0.053282894,-0.029360946,-0.025431843,0.013272189,0.013529373,-0.07541747,-0.03026831,-0.053862497,-0.037999004,0.042729355,-0.065853275,-0.013119579,-0.033561487,0.06723664,0.03316458,-0.04149877,0.05424831,-0.06522723,0.016154056,-0.048058216,-0.023585876,-0.038819663,-0.05845128,-0.0031440356,-0.036088727,0.02493761,0.063052826,-0.00547708,0.013018768,0.06309572,-0.0416826,-0.028703315,0.028327994,-0.062789,-0.029588426,-0.012341758,-0.065388456,-0.07258221
0.042664077,-0.014799223,-0.039904874,-0.038255822,-0.059345458,0.012088525,-0.019117832,0.05691877,0.0043995623,0.056033757,0.03589361,-0.061320838,-0.056890078,0.05005475,0.019302333,-0.02542407,0.037391897,0.0575881,0.035934895,0.069125324,0.037161417,0.048858874,-0.0035345368,0.0026636492,0.050212987,0.0731734,-0.021748079,0.0014474894,-0.029193632,0.021400848,0.065864645,-0.052418865,0.061448324,0.056497257,0.022752596,-0.05495019,0.07730514,5.7088364e-05
-0.071147956,-0.02748208,0.040116534,0.037456,-0.04918065,0.052137192,0.02911068,-0.016065693,-0.030067183,0.06889199,-0.006999181,-0.009390392,-0.024546813,-0.027920896,0.060958967,0.057133183,0.048122853,-0.031870123,0.03251868,0.018298332,-0.022560127,0.02145271,0.05763229,-0.00017510433,0.044623077,0.047170978,0.028098905,0.08831009,0.07012915,0.045400765,-0.021939196,-0.019547831,-0.049326986,0.0027839371,-0.015942596,0.06470299,0.07222491,-0.015206034
-0.025235035,-0.079053834,0.010136719,0.070297465,0.06890524,0.027789358,0.03854478,0.061528314,-0.060070444,0.0794862,-0.015278115,0.05283931,0.046700742,-0.012483747,0.05777737,0.034954,0.021445358,0.015066952,-0.030773941,0.021230787,-0.053745568,0.060211577,0.030738566,0.047486126,0.059557226,0.009837581,-0.01859574,-0.020714551,0.052196227,0.03130993,0.062401,-0.0074800625,0.060364783,0.04495995,-0.029662615,0.060375795,-0.02475996,-0.075406015
-0.010239062,-0.025802696,-0.052417852,0.060249988,-0.043268308,-0.0044491,0.038077537,-0.00695196,0.012340034,0.013894532,0.020164674,0.05490691,0.06643657,-0.014062133,-0.028792083,-0.06845339,0.06961178,0.04961147,0.00652503,0.029056013,-0.040398978,0.03038645,0.017103137,0.00290633,0.055830717,0.045995332,-0.034296185,-0.04467918,0.07784485,0.04130485,-0.022042599,-0.014728256,0.016846636,0.0115400115,0.035397135,0.035309765,-0.040797062,-0.019169344
0.050294615,-0.009961561,0.0069566853,0.067010306,-0.04271025,-0.042597532,-0.062065743,-0.030235726,0.018725833,0.026072895,-0.0025569897,0.055960413,-0.04114552,0.06208205,-0.046276562,0.030110734,0.062328074,-0.006652364,-0.0475348,-0.013129461,-0.06653821,0.07318977,-0.055587556,0.022759965,0.057326943,0.028658656,0.01058165,0.04333074,0.0377017,-0.0019040223,-0.015318241,-0.05635884,-0.025459632,-0.047093693,-0.054290727,0.029584883,-0.010414358,0.009370094
-0.006760031,0.08032866,-0.06245754,-0.056145836,-0.056661014,-0.050984837,0.029243395,-0.09029719,-0.014451092,-0.052517794,-0.021624485,-0.0073832986,-0.014024113,-0.009242715,0.0072113206,-0.017547013,0.017420685,-0.084506944,0.014544302,-0.016348576,0.07707394,-0.06110116,-0.08138602,-0.053253673,-0.07007508,0.07741067,-0.020754049,-0.03801817,-0.0722715,-0.0057626013,-0.040180277,-0.08173599,-0.056158613,-0.08761491,0.019176172,-0.041114163,0.064714804,0.007528143
0.02547202,-0.003972688,0.08615844,-0.061903562,-0.07600343,0.044251963,0.04928667,-0.04303571,-0.0066404203,-0.0071915006,-0.0030920003,-0.016034331,-0.084566474,0.022473836,-0.04360245,-0.024404516,0.0013970864,0.0015609363,-0.07088428,-0.06388969,0.071285926,-0.021948002,-0.050236728,-0.07641529,0.05726939,0.03233063,0.022447418,0.038964123,-0.029153407,-0.037073016,0.00754094,0.047093585,0.011134664,-0.073393635,-0.06509715,-0.07022752,-0.04765295,0.06854966
-0.03094722,0.039004132,0.034114033,-0.05019513,0.012565805,0.0024514128,0.011863621,-0.04967721,-0.017239185,-0.048736192,-0.03324745,-0.03504742,-0.06612995,0.020235917,-0.0052637574,-0.06869836,-0.041796744,-0.032285124,0.010375339,-0.008479243,-0.041429643,-0.06087528,-0.009850912,0.04325778,0.045185007,-0.06497317,0.033871252,-0.015421118,-0.044045962,-0.030397812,0.0051087625,-0.018400105,-0.042015966,-0.014141732,0.015544394,-0.023592677,0.0015560432,-0.017148808
0.009424822,-0.006443378,0.074565776,0.07332573,0.08320037,-0.007970231,0.042395048,0.049765613,0.06460511,-0.031410012,0.079268515,0.05872266,0.07143566,0.0152347805,0.047143437,0.0032181395,0.045877103,0.07665078,0.03679208,0.07457732,-0.026089098,0.06883811,0.08148845,0.049779456,0.056685783,0.03217634,0.057289165,0.0726434,0.044456005,0.02709994,0.031334866,0.06081973,0.036027353,-0.011749361,-0.04380452,0.018338388,0.0034070383,0.0065434924
0.010946402,0.053535704,-0.07413611,-0.028454369,-0.0023187078,0.040192142,0.06703955,0.049480323,0.015780639,-0.07118164,-0.052294683,-0.03664935,0.06903534,-0.0019066981,0.0451009,0.012165066,-0.060000297,0.016999321,0.029120948,-0.052845806,0.026721658,0.01197311,-0.016273305,0.044252757,-0.06657013,0.018969944,0.068195924,-0.024399284,0.03844932,-0.0048967064,0.032138873,0.00033486102,0.024262639,0.059561566,0.046622675,-0.026354041,0.007232889,-0.034247883
0.023213286,-0.051165294,-0.065703936,0.002184283,-0.068038836,0.06790803,0.07457638,-0.010890637,-0.06449849,-0.043881908,-0.026101485,-0.007083043,0.01004836,-0.05872898,0.00888839,0.03685999,-0.038034335,-0.056149486,-0.06540439,0.009573992,0.05491045,-0.03165913,0.023285953,-0.029189097,-0.013950073,0.07430934,0.017945226,-0.019177146,0.057612225,0.030305346,-0.01807043,-0.047644604,0.06571525,-0.012143384,-0.04997957,-0.07426832,-0.012352143,0.033004202
0.06539072,-0.0821616,0.024555696,0.045661017,0.041361943,0.008046978,-0.010300637,0.005115773,0.040678788,0.06086105,0.06418914,-0.023030192,0.026805826,-0.06047394,0.0047231647,0.01872827,-0.030083628,0.019855114,0.006051835,0.055059724,0.042761303,-0.028073631,0.025859633,0.008941831,-0.0056027467,0.046942163,0.015058796,0.0012196605,-0.008791516,0.060378835,0.019242404,0.04784409,0.035376508,0.04182561,-0.005265884,-0.065282546,0.037995275,0.036046896
0.024423476,0.0472731,-0.01928533,0.024323776,-0.0566199,0.07384144,0.016481414,-0.0013825082,0.012331423,0.052792106,0.05679923,0.01577083,0.039473247,0.001755894,0.019653771,-0.018058844,0.06819848,0.0416677,0.030554082,-0.028086172,0.060918473,0.04962506,-5.812652e-06,0.0020004255,0.0121717,0.0063871806,0.002507743,-0.061637256,0.023420798,0.044567417,0.026474409,0.0013710705,-0.021234324,0.0124231605,0.058951184,-0.06513106,0.010430364,0.05915299
0.030031964,0.0748094,0.080525875,0.0467206,0.005675458,0.04655873,0.07213483,0.033177484,0.071213104,0.036274306,0.054984182,-0.0063804826,0.01572104,0.03448687,-0.007641475,0.009857419,0.010951661,0.039802242,0.032695968,0.020573828,-0.046222303,0.0020036094,0.06932509,0.07722626,0.05952034,-0.016059253,0.032536283,0.018064667,0.049811248,0.003956366,0.014462718,0.030597346,0.05066419,0.032207053,0.04313964,-0.014856516,0.039791524,0.058114145
-0.023673078,-0.044510674,-0.06411186,-0.034999736,-0.042436972,0.025282975,-0.032189358,-0.059639703,-0.07788755,-0.04083048,-0.050696336,0.041180562,-0.041309457,-0.074873045,-0.03839559,-0.020318095,-0.049096696,-0.05082708,-0.05418083,-0.06988568,0.060140852,-0.052584082,-0.03892196,-0.06604538,-0.05547276,-0.041650165,-0.037921086,-0.037193514,-0.058106937,-0.05265331,-0.06765687,-0.012439773,-0.06176343,-0.03324777,0.0077257156,-0.046369415,-0.065826036,-0.06706624
-0.0069696815,-0.0146779455,0.032903753,0.047958184,0.034738295,0.039955355,-0.07284879,0.015044759,-0.08448945,-0.033045813,0.05195672,0.011278732,0.0054153143,0.032356087,0.018084593,-0.045311064,0.019175842,0.005152349,-0.0017755938,-0.07896579,0.014771856,0.06732157,0.049869508,-0.02828623,0.06770122,-0.021240955,-0.0632037,-0.023160243,-0.03812303,-0.015954731,0.011626232,0.052577324,0.016182447,-0.023139738,0.0617686,0.0039583547,0.062059812,0.07564668
0.02094789,-0.004651103,-0.045009356,-0.014369375,-0.06830303,-0.016746962,-0.0043354165,0.0018040566,-0.004141039,-0.062492095,0.009247465,0.02452982,-0.053571355,0.087772034,0.01413696,-0.0033388888,-0.0035782356,0.0031290194,0.084219985,0.042615198,-0.035678163,0.008706209,0.007404132,0.011131937,-0.002680276,0.057376936,0.04226203,0.046296064,-0.053269506,0.027564107,-0.04600445,-0.032433078,-0.05175268,0.00998351,0.005577624,-0.028342487,-0.06421805,0.07190297
0.0043897126,-0.07316226,-0.037306692,-0.039393786,-0.06750963,-0.029349249,-0.051443774,0.060202256,0.0060742125,0.012514858,0.011585701,-0.0012209218,-0.03726454,-0.04387936,-0.012730494,-0.06159131,0.012397671,0.048265204,0.008659384,-0.04808691,-0.03037828,-0.03411468,-0.050544523,-0.06145613,-0.066373974,-0.017726652,0.027691795,-0.029998383,0.03971278,-0.062609605,-0.03200877,-0.061626256,0.030132862,0.018577652,-0.027651412,-0.045491222,-0.0151141975,-0.044588447
0.041249055,0.014498212,0.056725577,0.049758736,0.06317795,0.03272908,0.03129914,0.057197057,0.056816705,0.05001848,0.035665426,0.015590123,0.058604416,0.0025321632,0.054556042,0.02735482,-0.0023377694,0.067244686,0.050302602,0.009366725,0.027518794,0.036115542,0.037369937,0.03693606,0.048006646,0.029768843,0.013322553,0.02416948,0.06155517,0.01660751,0.04883943,0.040083993,0.06309261,0.032334566,0.04070059,0.04157285,0.029644996,0.002767818
0.06236384,0.07702904,0.0736896,-0.03692441,0.017606538,0.06647722,0.08127984,-0.003215349,0.07831593,0.05012284,0.017779872,0.014109487,-0.005967565,0.0648818,0.086110964,0.026263246,1.7669438e-05,0.028876312,0.08835559,0.058198527,0.051580925,-0.003425224,-0.035274677,0.03618278,0.035068158,0.012720068,0.04878959,-0.028251838,0.0646215,0.028353155,0.021957578,0.08392589,0.07267041,0.074577115,0.087652035,-0.0060295924,0.058336373,0.056014244
-0.0145676145,0.02815664,-0.024628902,-0.016355887,-0.042012233,0.005604923,0.02494881,-0.008666748,-0.011942652,0.03555338,-0.028217414,0.039333355,0.008440015,-0.0072379885,-0.011341545,0.0034244494,0.015814703,-0.004706573,0.035814203,0.032223567,0.010891199,0.010202258,0.0073843403,-0.04841062,-0.020098284,-0.023270011,0.029009799,0.033624347,0.017912183,0.022398794,-0.05408055,-0.018627292,-0.03407478,-0.031904373,-0.04905305,-0.019341553,0.02622403,0.018635841
-0.01818422,-0.018148452,-0.056048524,0.023388958,0.009591578,-0.05418828,0.045686726,0.056644768,-0.061776794,-0.05811318,0.0021399863,-0.03496451,0.005466426,0.021254744,-0.058803115,0.04174617,-0.038298003,0.039874952,-0.04405953,0.010683679,-0.06693491,0.071993135,-0.008498397,-0.026896888,-0.02680304,0.054155115,-0.01798762,0.054504167,-0.046190504,0.100601956,0.051920775,-0.022295183,0.04545541,0.07078073,-0.0038365743,-0.022414844,-0.028384294,0.057544947
0.014327795,0.039429016,0.044055007,-0.014221905,0.027345823,-0.03446015,0.029403135,-0.024437683,0.02429895,-0.013961778,0.02354137,0.07193945,-0.055419125,-0.027220191,0.01454513,-0.079768896,-0.003584443,-0.0015986719,0.045180578,0.051319405,0.07808016,-0.01894589,0.024434112,0.013739131,-0.04872019,0.0027185893,0.034948185,-0.03966344,-0.0030739226,-0.008536073,-0.007921002,-0.0041472027,-0.04414027,-0.02812069,-0.016618252,-0.022613311,-0.027809305,-0.05144478
-0.034468714,-0.009529309,0.014252807,0.01394152,0.017654303,0.059029,0.07251304,0.048383888,-0.0068486263,0.07177999,0.021133821,0.014939861,0.05163512,0.024406778,0.0049848193,-0.06474706,0.030614529,-0.047879335,-0.018089153,0.015682863,-0.031606242,0.049402013,-0.029361028,0.049248733,0.05504393,-0.017139768,0.08673086,0.007506057,-0.014461514,0.06689401,0.041396227,0.033391036,-0.026670625,0.05213967,0.07282977,-0.050280496,0.02640436,0.08686494
-0.03934108,0.020695742,-0.04713319,-0.011684935,-0.032416537,0.014700954,-0.0632916,0.010854906,-0.03805785,-0.046575326,0.03629289,0.0027316525,0.023680715,-0.04852796,-0.04106418,-0.0030261644,0.016985293,-0.022366896,0.012708602,0.008843234,-0.011943896,-0.02124562,-0.017635161,-0.0243302,-0.023631878,-0.00043289884,-0.026819183,0.048552115,0.00062132184,-0.018700976,-0.02616876,-0.025679909,0.05353376,-0.035108935,0.008934575,0.004621641,0.028131004,-0.03972353
0.04892131,-0.02201574,0.042743403,-0.01905681,0.03020574,-0.054062504,-0.008240194,-0.01809171,-0.03794804,-0.06664099,-0.008746111,-0.06582443,-0.017252734,0.030066935,-0.04390235,-0.07599073,0.021784134,0.0044657406,-0.065408625,-0.056811925,-0.06172989,-0.041264422,-0.054668374,0.02406666,-0.06607418,-0.055936605,-0.06319809,-0.008179061,0.0009078679,0.018186217,-0.042852413,0.029288692,-0.025807975,-0.03398263,-0.038583163,-0.058180697,-0.016086757,0.05502574
0.025429158,-0.07760922,0.05847376,-0.0887732,-0.035544954,-0.012931093,-0.05409847,-0.046628565,-0.0150307035,-0.057749804,-0.075760365,-0.029394746,-0.05065265,-0.0053483276,0.0245731,0.02124009,-0.08216628,-0.023559125,-0.03822598,-0.05261756,-0.058421597,-0.07629705,-0.03700781,-0.07610841,-0.0141090285,0.00017470561,0.047710624,0.0038979996,-0.06312981,-0.07772489,-0.029080821,-0.03744826,0.04307772,-0.006215262,-0.00026309912,-0.05556583,0.04616094,0.034792732
0.034362193,-0.06281776,-0.054439023,-0.023254007,-0.073030956,-0.06641493,0.049760696,-0.063993365,0.04199062,-0.05515081,0.0032901315,0.06869975,-0.032115825,-0.042338904,-0.0028725371,-0.008776766,-0.015470582,-0.046424434,0.029954785,-0.028865656,-0.03867038,-0.039141055,-0.050083503,0.02927413,-0.062292743,0.012899691,-0.074499086,-0.019907264,-0.030445758,0.053787936,0.027610594,-0.025416093,-0.06272411,-0.047128655,-0.04932718,0.0023306666,0.034079477,-0.0575293
0.059413373,-0.031584598,-0.016519254,-0.026239011,0.035544872,-0.070646346,0.020265456,0.07568941,-0.025791686,-0.0326693,-0.04731379,0.025291892,0.058359995,0.06575849,-0.0109490575,0.025515618,-0.045313947,0.04886609,-0.049771167,-0.05465894,0.0026715496,-0.021178938,-0.02467545,0.007645011,-0.04634737,-0.050592024,0.010527744,0.00784809,-0.017598886,0.02133273,0.026584523,0.036923956,0.024352804,0.0052660946,-0.06037008,0.055989765,0.023142062,-0.010447302
0.071221694,0.064342745,0.08336771,0.07242647,0.07713552,0.07543982,0.031458415,0.055432122,0.059993647,0.044278465,0.08159603,0.05295077,0.07347438,0.044200275,0.04914166,-0.0022357623,0.06388122,0.05940007,0.011256687,0.06507969,0.041974485,0.05646541,0.051740035,0.05354026,0.019338222,0.066869125,0.043573115,-0.0064247907,0.06635234,-0.05516712,0.064250015,0.043997724,0.070693105,0.081300296,0.09393251,0.076718315,0.048688676,0.07762416
-0.0057322513,0.013141647,-0.07778388,-0.08381353,-0.02218974,-0.05676086,-0.06544087,-0.007008793,-0.02860393,-0.03828344,-0.052339118,-0.03412642,-0.06416,-0.09759096,-0.05023348,-0.03423542,-0.07230564,0.0408052,-0.002629123,-0.040076647,-0.056020696,-0.06979932,-0.050136056,-0.08264309,-0.013825629,-0.073332675,-0.052686237,-0.04083125,-0.052669507,-0.055082753,-0.02169162,-0.0758011,-0.051546797,-0.069810994,-0.032805014,-0.0026350915,-0.057834372,-0.023580939
-0.013455895,-0.020850603,0.009056035,0.029031828,-0.029209327,-0.017798256,0.002039617,-0.016374052,0.015945092,-0.058539957,0.014673366,0.077706374,-0.034067385,-0.004452312,0.06703533,0.012563574,0.07196636,-0.04028609,0.00016804153,-0.006637495,-0.05313238,0.04985162,0.005782213,-0.0008486311,0.05938801,-0.0646944,-0.017156059,-0.053728893,0.045573752,0.035234433,-0.058562964,0.008733712,-0.06569235,-0.06894825,-0.07081155,0.055981822,0.034592204,0.07119825
0.08312313,0.030508732,0.052829053,0.06940316,0.08063933,0.06713242,0.064796865,0.078260064,0.08279595,0.07989617,0.055177923,0.043745242,0.08980604,0.06206868,0.041880473,-0.029211285,0.048623342,0.08212176,0.05540306,0.047187854,0.06685703,0.06548762,-0.03853173,0.066519484,0.056220077,-0.01704964,0.040630225,-0.019000825,0.007504419,0.026887296,0.0407102,-0.020699881,0.071319014,0.09100972,0.06361763,-0.051753983,0.0589797,0.017687263
0.044586103,0.06444577,0.05627088,0.033329014,-0.0015801716,0.011981873,0.036548022,0.025744654,0.04805141,-0.01905968,0.024209686,0.03476619,-0.012615822,-0.013760663,0.0016906712,0.026230503,0.081875466,-0.008148029,-0.07614399,-0.05589565,-0.04319584,0.07067963,0.05606581,-0.044323567,0.03037529,0.03176853,-0.012255334,0.001097435,0.07452398,0.050966285,0.04939092,0.037884124,-0.020333301,-0.06287819,0.032659546,-0.0012822278,-0.017164316,0.06105914
-0.052016012,0.014126609,0.007480561,0.019370208,0.05817279,0.04221981,0.03405452,0.027730558,-0.056361515,0.066966735,0.0054693785,-0.041555908,0.056605753,0.010109514,0.030822042,0.017976057,0.035474166,0.013796084,-0.0053982353,0.054317076,-0.03465323,0.030394,0.006190578,-0.016374169,0.0038216193,-0.010441417,-0.015872812,-0.0058347667,-0.049949214,0.0046484885,0.048077114,-0.0032501554,0.042104714,0.03143294,0.040389825,0.0047357124,-0.0029846535,0.012252258
-0.03110832,0.07530205,-0.014190982,-0.019292355,0.022686439,0.011737363,0.05525402,-0.0128938425,0.032280914,0.05325302,0.013464013,0.023906143,-0.0042313193,0.054521468,0.0015546575,0.0067115077,-0.044293635,0.014890807,0.029679151,0.0070393183,0.011369416,0.01957034,-0.030680243,0.024676941,-0.016229188,0.057346836,0.013296077,-0.0156973,-0.039856065,-0.020891402,0.0054935897,0.039121702,0.055526704,0.035578877,-0.031293537,0.036413044,0.012196629,0.028362652
-0.002189794,-0.0070770197,0.02330369,0.013871979,-0.0066424753,-0.02322726,0.012620892,0.0048579047,-0.0021461921,-0.07650924,-0.026043694,0.006859436,-0.044467002,0.03352078,-0.03434977,0.04426696,-0.043842815,0.017517267,-0.0072538033,-0.06725812,0.041024417,0.022970516,0.027215306,-0.012281515,0.036631476,0.017351095,-0.0114520835,-0.052119173,-0.045063607,0.045645103,0.044244293,-0.0052157976,-0.008161352,0.00724458,-0.062475696,-0.06148933,0.005363842,0.0007724758
-0.046588525,0.04674257,0.0520374,-0.005650871,0.03130847,0.022883078,-0.009682351,-0.06326499,0.04850346,0.018933328,0.04883928,0.049221855,0.04209976,-0.026013112,-0.008068854,0.019824509,0.07231933,-0.029689502,0.048265442,0.047561143,-0.0033219107,0.05845881,0.03004857,-0.02515868,-0.011300397,0.04446328,-0.0046586343,-0.07378395,0.04889492,-0.0374991,-0.07107069,-0.032218505,0.0517303,0.027549522,-0.009169562,-0.055214003,0.005603115,0.060910866
0.061778113,0.03981951,0.018455192,0.052715745,0.038614053,0.050897166,0.03233214,-0.029419126,0.0039618937,0.058813304,0.034663867,0.047173798,0.01680822,0.013120576,0.04760309,0.02228544,0.04629525,-0.018440265,0.05547111,0.040627647,0.04511256,-0.0071341665,0.016827704,0.067425214,0.07018009,0.059078522,0.033866405,0.05278546,0.0078755105,-0.050759703,-0.038895767,-0.0105750775,0.057660095,0.074243404,0.0022875515,0.029695058,0.0753874,0.06436342
-0.0003285324,-0.051452562,0.010367356,-0.028945765,-0.003801865,-0.033346802,-0.0022659737,-0.04504382,0.008100917,0.046580404,-0.021290772,0.009448537,-0.03530943,-0.0011920955,0.010348428,0.030196764,-0.00467567,-0.056912065,-0.044589013,0.056799557,-0.043097388,-0.0053271097,0.04797284,-0.041170817,-0.008096167,-0.050714213,0.009595523,-0.029108262,0.00072561327,0.045539428,-0.043771166,-0.041256867,-0.04448658,-0.027517274,-0.046815097,-0.016148971,-0.00455455,0.05243638
0.016145803,0.042259954,0.026830602,-0.021628246,0.021492979,-0.04329812,-0.04309265,-0.021135693,-0.028821977,-0.06158745,0.015979772,0.0015120051,-0.035388395,-0.067430265,0.04204622,0.048060954,-0.020641379,0.019900925,0.051288642,-0.019754693,-0.009057637,-0.0068424013,0.01631726,-0.078886226,-0.030053204,-0.046286475,-0.047846552,-0.002984097,0.010142256,0.033402383,-0.037738148,0.05486347,-0.0051546907,-0.06777017,0.002251771,0.020688556,0.0152436085,0.045073427
0.023497954,-0.08413561,-0.06441494,0.026398603,-0.0155166285,-0.019088317,-0.080213375,-0.00068894256,-0.029456282,0.074347354,0.037011217,0.07213853,0.043990903,-0.022575723,0.055196844,0.002692548,0.045602534,-0.042982105,-0.005101648,-0.026929406,0.04317084,-0.003912646,0.060155004,-0.05879817,-0.044387184,0.04058615,-0.023035139,-0.018823706,0.0031551747,0.027586017,0.051320154,-0.072604604,-0.086588025,-0.06669298,-0.09081897,0.011692226,-0.087081134,0.0050418815
-0.018804898,-0.025282854,0.019131403,0.005305893,-0.034937557,0.033371784,0.023715187,-0.015065841,0.0016877425,0.05298352,-0.041100066,-0.021606749,0.04544137,0.055964522,0.011485692,0.05007201,-0.008046162,0.032276984,-0.034247402,-0.03569575,0.035464726,0.02501095,-0.047960885,0.003114313,-0.032595325,0.0017380568,0.02385231,-0.0008198126,0.049437217,0.022974106,-0.059847545,-0.034007553,-0.0019983526,0.010340997,0.016656822,-0.014951832,0.0022234342,-0.019297704
-0.01419325,0.07366778,-0.017588804,-0.02221252,0.0028406405,-0.035194695,0.0020179204,-0.0003923559,-0.005149698,-0.037271068,-0.039120197,-0.052566927,0.028981578,0.012545936,-0.0022416671,0.041593987,0.06197201,0.042150516,0.008816496,-0.076746516,-0.035645075,-0.047331594,-0.037824668,0.033046737,0.046584643,-0.054338157,0.011236983,-0.009260381,-0.04341817,0.060382232,-0.018967351,-0.007948259,-0.07155064,-0.02364447,0.001659316,0.005428378,-0.045307234,-0.02105368
-0.04479214,-0.06663237,-0.05749157,0.0069810376,-0.02107401,0.028283354,-0.053217996,-0.020039177,-0.068799384,0.06598805,-0.07750699,0.014019792,0.005883571,-0.032095443,-0.028244326,-0.058488578,0.04652303,-0.06359926,-0.012653104,0.03465153,-0.060927697,-0.03551333,0.045237154,0.018162357,-0.023947729,0.05084201,-0.01194613,0.0034524964,-0.04612241,0.024865124,-0.05865459,0.05485498,-0.056363333,-0.067442685,-0.076627694,-0.010455665,-0.060002137,0.015970036
-0.07533886,0.054299463,0.054735105,-0.024885952,-0.026096126,-0.038238883,-0.012094535,-0.073051296,-0.03928473,-0.051741567,-0.022110641,0.015807206,-0.0759146,-0.002382706,-0.014530968,-0.021230256,-0.07408667,-0.06428957,-0.04987726,0.024272833,-0.052090917,-0.048609495,0.016081618,-0.044167567,0.0029709397,-0.03409208,0.009172717,0.048049692,-0.04810339,-0.021779614,-0.06123283,-0.0135733355,-0.052238658,-0.011118745,-0.033448316,-0.0043717,0.0112176305,-0.069312006
0.062567145,-0.00071049156,0.02985172,0.03215547,-0.0070633446,0.027234599,0.056500852,0.024688657,-0.017408188,0.053244926,0.04007816,0.047856715,0.008151973,-0.016421424,0.061013535,0.0702765,0.029208213,0.039563153,-0.03531362,0.08464801,0.06587225,-0.037775554,0.060216874,-0.030288229,0.040018123,0.05454902,0.029322414,0.035811648,0.051470835,0.06829509,0.035813827,0.0452556,-0.014950947,0.07420263,0.0029040545,0.0003582912,-0.029970078,-0.012011344
0.042964373,0.007794153,0.035098687,0.0023234661,-0.07191157,0.0042311116,-0.06090116,-0.004619596,-0.046190307,-0.0052741226,-0.020384608,0.04703255,0.03569508,-0.013735934,0.07887282,0.05254225,-0.075571336,-0.01924513,0.06528416,0.035834614,0.039247457,-0.010747319,0.050734576,-0.011814387,-0.018004773,0.048606634,-0.05861678,0.039851602,-0.058014844,0.027155539,0.018623484,-0.03515183,-0.044479486,0.010360345,0.007048682,-0.024224218,-0.047742907,-0.047894064
0.0051621045,0.026067726,-0.034589868,0.03933517,-0.01866961,0.065948755,0.02819674,-0.008507801,-0.008991399,0.07470855,-0.030958382,-0.051699728,0.07309549,0.043206904,0.02761955,0.0041467994,-0.02032972,-0.03008027,0.013749777,0.046982713,-0.009586471,0.06656666,-0.00039861453,0.04073065,0.039654195,-0.055396937,-0.019296063,-0.0064415354,0.06428034,0.040416136,0.058753025,-0.00020067913,0.019521035,0.05162785,0.08511476,0.050722852,-0.05934927,0.06027849
0.07008221,0.015335669,-0.05246173,0.040154874,0.0672866,-0.011266566,-0.059206948,-0.07185355,-0.015977168,0.0235519,0.0047069676,-0.051142365,-0.08589112,-0.066911295,-0.027074976,-0.01620523,-0.033409655,-0.052686147,-0.011821804,-0.043647386,0.0009980734,-0.042508278,-0.07610688,-0.03204378,0.06687728,0.062873825,0.0631265,0.0033048866,-0.010708932,-0.02293738,-0.028209193,-0.02821598,-0.08143049,-0.08832785,-0.070530266,-0.00976827,-0.049222644,0.014995714
-0.07956428,-0.037280824,-0.008866782,-0.028303856,0.031201482,0.044710014,-0.0389665,-0.0040198145,-0.051095024,0.02359896,-0.06648003,-0.020399667,-0.047492824,0.018360747,-0.070514925,-0.0014753053,-0.028965246,-0.018658236,-0.054279305,-0.032395996,-0.044740897,-0.07693224,0.030980818,-0.04397326,-0.04129781,0.029110061,0.02130865,-0.04391261,-0.026472928,0.01497434,-0.002854574,-0.08441593,0.00490652,0.0031482307,-0.050930668,-0.027253896,-0.06758594,-0.023600515
0.05301512,-0.022851145,0.034161605,0.0374533,-0.055872895,0.008414604,-0.0073046703,-0.03883864,-0.006299533,-0.03564792,0.061576705,0.027828185,-0.09289759,-0.058977958,-0.027691573,-0.0023103997,0.034781616,-0.04857622,0.0055956054,-0.032401707,-0.014583669,-0.0187622,0.015489031,0.020111717,0.045816895,0.017246593,-0.012021571,0.015079377,-0.016268404,-0.003594102,-0.051124267,-0.04962415,-0.010582383,-0.060083058,-0.04937948,-0.061275765,-0.007450461,0.008812549
-0.07045599,-0.079517566,-0.081699796,-0.086683534,-0.08375546,-0.07733335,-0.07823106,-0.079300396,-0.083591975,-0.076787606,-0.080592684,-0.0730434,-0.08156531,-0.09486925,-0.092458114,-0.08653256,-0.078024,-0.077661335,-0.08554384,-0.07359682,-0.078321435,-0.074999325,-0.075152524,-0.103169315,-0.071209125,-0.07659033,-0.1005725,-0.11784981,-0.077221416,-0.08365836,-0.08239397,-0.07742153,-0.07920401,-0.08230641,-0.08101011,-0.07583604,-0.081152566,-0.073717564
0.023182036,0.051482383,-0.055240493,-0.05869858,0.008311152,-0.022214735,0.024411663,-0.031643756,0.030762255,-0.068170324,0.03173692,0.063810535,-0.051846057,0.016289765,-0.064176135,-0.04361997,0.02545743,-0.012225636,0.06755958,-0.045864332,-0.05634207,-0.056981802,0.016195854,-0.10313979,0.032856353,-0.034912344,-0.0040187365,-0.06565371,-0.045540925,-0.03293144,-0.061017025,-0.050005738,0.069585234,-0.070957445,0.055180658,-0.06213028,0.01679608,0.043914713
-0.016402336,0.04120461,0.026170742,0.05652517,0.018419651,-0.05930317,-0.029831253,-0.025911473,0.042969175,0.025330087,-0.041785166,-0.049381174,0.0062719714,0.052280948,0.0068435,0.060185764,-0.057993464,-0.0117245475,0.07420413,0.025181372,0.07147706,0.050973125,0.06894466,-0.0017318012,0.005947446,0.07869347,-0.070464335,-0.019821005,0.014490393,0.027288059,-0.036493085,0.046677843,0.014934935,-0.020872172,0.019056965,0.0013126563,0.045849614,-0.024068113
-0.076063,-0.009306494,-0.045731943,-0.06826191,-0.027559007,0.019645246,-0.019994443,0.051774338,-0.01559881,0.05260344,-0.0738616,-0.04363852,0.025884384,0.021417525,-0.064064406,-0.06411819,-0.025706079,0.0018150785,0.05374357,-0.011737956,-0.0061435737,-0.058741175,-0.0064525944,-0.0014370824,-0.023877556,-0.026670502,0.005296606,0.026257498,-0.06445665,0.014701948,-0.017386243,-0.024332328,-0.05866054,0.024488619,0.015704207,-0.051041972,-0.013941647,-0.016913295
-0.05516462,-0.050137457,-0.0064192517,0.03664867,-0.021151857,-0.01780181,-0.03722461,-0.013291932,-0.0101519395,0.01428612,-0.036278013,-0.03898781,-0.012780314,-0.03785019,-0.017322589,-0.011150395,0.024694737,-0.05305105,-0.03197214,-0.025336886,0.025916966,-0.0011743142,-9.2552495e-05,0.015053733,-0.030102398,0.04551753,0.029332608,0.0018140926,-0.030132264,-0.013971868,-0.019363327,-0.037496038,-0.031223154,0.051807024,-0.04149405,-0.031159999,-0.042096023,-0.04942648
0.06567964,0.0031020665,-0.07327644,-0.06335625,-0.007835945,0.0032196932,0.0750614,-0.035020858,0.041998297,-0.018931001,-0.038226523,0.0045456146,-0.020342305,-0.0063563334,0.0016848671,-0.05950084,0.029867705,-0.047071625,-0.011642563,0.0844522,-0.036928114,-0.06869088,0.06387938,0.002144028,-0.02019415,-0.0422431,-0.019503241,-0.0028494564,0.0154630495,-0.052945692,-0.068581134,-0.01358957,0.0058903354,0.03353971,-0.029358506,-0.032078285,0.043916475,0.071169645
0.00853803,0.05923986,0.075317174,0.08620216,0.080187425,0.07161668,0.07279418,0.08431803,0.06918002,0.08131129,0.06000113,0.062126674,0.07162072,0.10512981,0.08744676,0.08042019,0.072958894,0.04618528,0.07846965,0.058688924,0.07125322,0.072915494,0.080738,0.062907375,0.06456564,0.068725474,0.07296747,0.12514107,0.0667447,0.08081978,0.06026077,0.060567632,0.074413866,0.05219363,0.08027455,0.05156367,0.05599146,0.04130754
0.01279755,0.05168575,-0.02573747,-0.0027222813,0.034024134,-0.043507073,-0.041033473,-0.049441114,0.053012207,0.028741535,0.04105216,0.017923217,-0.044361275,-0.05708801,-0.008682807,-0.0025769789,0.046855614,0.002885409,0.025311273,-0.03716818,0.046243828,0.045687385,0.03307609,0.045672603,0.0024956453,0.050277743,-0.045530282,-0.05893469,0.04158726,0.053790774,-0.053799983,-0.008682075,0.04624384,-0.026358735,-0.02131024,0.040208396,0.017911125,-0.03828509
-0.014081256,0.02749231,-0.013843366,-0.045762133,0.020062573,-0.059810884,-0.056777846,0.014793553,-0.029035399,-0.040790416,-0.0015961566,-0.023197971,-0.026447354,-0.03320605,-0.008712505,0.025086256,-0.009833512,0.033147525,0.034567416,-0.011034432,0.0048705987,-0.04658891,-0.031768646,-0.02594137,-0.043401428,0.004584682,-0.057666354,0.0059227278,-0.028783076,-0.011660175,-0.019316772,-0.026442299,0.018696178,-0.05689465,-0.061218042,0.0017082851,-0.02566275,-0.03126671
-0.07508882,-0.041196927,-0.06676714,-0.00963861,-0.012504194,-0.031800266,-0.052501325,-0.08126688,-0.03989933,-0.013561254,-0.07632257,0.012322465,-0.03406292,0.048102062,-0.029755307,-0.0012247664,-0.05558448,-0.0653888,-0.005259268,-0.009798347,-0.04765265,-0.06392368,0.005019383,-0.07839425,-0.010419415,-0.015212101,-0.030351756,0.058066092,-0.038318247,0.028202243,0.005230213,-0.04687308,-0.065382496,-0.012293599,-0.0013818069,-0.04264197,-0.010076848,-0.05296015
0.053003177,0.05887083,0.065333456,0.07849026,0.07586535,0.070227526,0.056450613,0.07896149,0.06670261,0.07885596,0.040324133,0.06721605,0.07113263,0.13334516,0.07597209,0.04688857,0.0698642,0.074789695,0.060275495,0.031623967,0.0717235,0.06037833,0.017222231,0.05152523,0.02419541,0.07287997,0.055751514,0.05472488,0.047152296,0.047755156,0.08211297,0.05644791,0.07131721,0.07649504,0.06742897,0.0543699,0.05176771,0.053477626
-0.0380477,0.06861438,-0.002663792,-0.011883419,-0.0012872339,0.016948989,0.0621533,0.0043169362,0.00020603361,0.053792164,0.025164703,0.052291755,0.014133859,0.0014765193,-0.049333647,0.03481462,0.043048956,-0.015300036,-0.033516753,-0.016511505,3.341467e-05,-0.05100741,0.00014101238,0.011158147,0.037717853,0.0063224174,0.007738304,-0.023078058,0.050805427,-0.04172293,0.03424675,-0.030256985,-0.027215557,-0.03159079,-0.008346854,0.02481475,-0.060993515,0.008517188
0.05840851,0.02963556,0.06252969,0.07095737,0.053627033,0.07642451,0.06437719,0.053477008,0.05747734,0.08511665,0.03539058,0.052149273,0.07956788,0.057936467,0.07634608,0.08823057,0.0064567765,0.021615066,0.042504255,0.06755793,0.06380557,0.0357449,0.06516757,0.09944632,0.06802519,0.07370351,0.06362247,0.06640633,0.06885935,-0.042310994,0.056716055,0.05252983,0.073822275,0.07814077,0.069646314,0.01425607,0.030640213,0.07445072
-0.008089319,-0.08456731,0.059229117,0.058331985,-0.057495497,0.049144324,0.05616072,0.009262724,0.067990124,0.023681441,0.01805553,0.0545772,-0.0071544237,0.0018743838,-0.058702353,0.010992303,0.008846899,0.021651344,-0.025984965,0.055577457,0.0077876477,0.038376432,0.03857535,-0.020437228,0.040677637,0.071561836,-0.030509112,-0.021158079,-0.032501504,-0.0020748337,0.015843458,0.05604924,0.03045189,-0.0056555313,-0.0520085,-0.0282046,0.046321392,0.07185099
0.02870709,-0.048301045,-0.012917168,0.051313333,0.02840149,-0.04554236,0.057522945,0.073687285,0.026796713,0.0391394,0.035113495,0.00021422541,-0.0018708034,-0.029612701,0.06671571,0.019919088,-0.033561036,0.019300804,0.029621681,0.029543558,0.0559523,0.025292117,0.06639936,-0.024562357,0.05135047,0.045476068,0.048382606,-0.0055943746,0.06124931,0.023137638,0.068395235,0.0021879312,0.009974932,0.021708978,-0.0069704624,0.05410499,0.0014704262,-0.02356929
0.054680083,0.02268261,-0.027496507,0.026119882,-0.018545449,-0.06594704,0.045904778,-0.055941932,0.01196935,0.057592772,0.049052488,-0.067719966,0.04655811,0.031105507,0.030912582,0.00734326,-0.036313143,-0.07651153,-0.04869664,0.062193785,-0.078487694,-0.026355768,-0.07715718,-0.016494578,-0.071080275,-0.009989137,0.024902754,-0.03375912,-0.018787252,-0.050534844,0.05077551,0.030482383,-0.043114457,0.0053338227,0.050124057,-0.0064843497,0.029816268,0.025675606
-0.025133697,-0.051333226,0.0098516755,0.022582902,-0.07655734,-0.0037314536,-0.045760173,0.020246431,0.037256867,-0.0045226645,-0.009960825,0.010668743,-0.031603947,0.04884224,-0.01473117,-0.046648175,0.06387315,-0.017496403,-0.060632978,-0.01888324,-0.04804294,0.023734307,-0.049630642,0.054239597,-0.041618954,-0.039226532,0.034065362,-0.006183552,0.059311,0.019380588,0.02762202,0.024352035,-0.020731764,0.017176757,-0.067696095,-0.027899291,0.0533278,-0.020551968
0.07877797,0.03428473,-0.053502753,-0.029248795,-0.017324323,-0.026306214,-0.031593684,0.011138453,-0.03137545,-0.055531513,0.025181187,0.033947933,0.031837355,-0.037094448,0.009299513,-0.0436145,0.0065867524,0.04675365,0.05054754,-0.05792595,-0.0044319956,-0.049798902,-0.039615136,-0.04260106,0.018444259,-0.05871915,-0.0052165426,0.008573033,0.03690399,-0.03460474,-0.019037956,0.016472109,-0.037912358,0.0025155197,-0.045207478,-0.06939629,0.017173072,0.05872568
0.0015107183,-0.0011726649,-0.08219797,-0.0020840035,-0.03407138,-0.038630947,-0.004037402,-0.07513109,0.009146202,-0.048145108,-0.06672212,-0.023282355,-0.014523096,-0.059015363,-0.073608786,-0.032459617,-0.02569312,-0.06727507,0.009763883,-0.0187892,-0.016531382,-0.02827304,-0.076565556,-0.07496659,-0.0032511188,0.042798426,0.023415165,-0.0730457,-0.034729123,-0.07300499,-0.07575274,-0.07527082,-0.073113345,0.04006508,-0.082210794,-0.014213159,0.021301586,-0.060746677
-0.06494403,0.031026134,-0.033996735,-0.04910511,-0.03739422,-0.049234785,-0.039136678,0.010538114,-0.015417774,-0.04757968,-0.012369542,-0.032532744,0.017985303,-0.010600873,-0.04310474,0.07591828,-0.0008354277,0.006065179,-0.036628038,-0.03690436,-0.04982764,-0.031472303,0.026878044,-0.025008736,-0.014498933,-0.017020408,-0.009649369,0.05940273,0.013529376,-0.051833097,0.010417921,-0.043481223,-0.019166948,-0.033317875,0.015303359,-0.033945426,0.008784785,0.0035995734
0.06698108,0.053163186,-0.0027095964,0.014150689,0.057107907,0.058191553,0.030699387,0.06442833,0.04471546,0.03802814,0.029366905,0.0420265,0.06727339,-0.033029757,0.062348768,0.022276836,0.055914216,0.0721403,0.04672593,0.060397666,0.014830876,0.022029562,0.05957913,0.050120376,0.056188863,0.029744579,0.01459461,0.052077692,0.06702728,0.07501156,0.00742645,0.022502381,0.026643679,0.076470785,0.04428523,-0.0039914427,0.04596704,0.056757107
-0.0024123085,-0.065554686,-0.020362195,-0.0034918513,-0.05309235,-0.07602415,-0.04540015,-0.019922026,-0.06368736,-0.07755135,-0.046141453,-0.05566372,-0.028184323,0.010980755,-0.0051383404,0.04463873,-0.07335456,-0.037485972,-0.05166792,-0.017677367,-0.04887386,0.026749864,-0.015682459,-0.087364346,-0.041093104,-0.05499173,-0.029431675,-0.036814906,-0.020054035,0.0012760119,-0.056009047,-0.0019209987,-0.060526032,-0.019911893,-0.060688168,-0.010531527,-0.06939945,-0.050687097
0.03516792,0.0243593,0.059094958,-0.07696259,-0.024241328,-0.011693114,0.021219928,-0.0079981685,0.034641035,-0.0052332515,-0.03503008,-0.01837305,-0.031445455,-0.06309132,-0.069055006,-0.05462173,-0.043258086,-0.014463941,-0.07672631,0.010807769,0.0009461395,-0.0066212476,0.006977403,0.0007937002,-0.06777751,-0.004311352,-0.06096701,0.04803921,-0.022740738,-0.020181296,-0.045701995,-0.070257075,0.020563236,0.009630206,-0.03708327,-0.06221564,-0.07532801,0.04484061
-0.01345218,-0.042261127,-0.054879095,-0.08977107,-0.053804684,0.0026860298,-0.04587849,-0.053281993,-0.04837257,-0.05964231,-0.06132701,-0.06648694,-0.065123886,-0.060583685,-0.066847175,-0.08078207,-0.07348204,-0.016382439,-0.05141874,-0.07430855,-0.0703582,-0.07434212,-0.046121895,-0.06574475,-0.005241495,-0.08113934,-0.03198289,-0.1126241,-0.06868463,-0.07094841,-0.063136935,0.0625311,-0.033677254,-0.01843613,-0.015863622,-0.07554251,0.0060256138,0.03227882
-0.07185853,-0.061246328,0.022605145,-0.016913265,-0.00043059772,-0.02260675,-0.041205145,0.08485931,-0.0289774,-0.001179844,0.0028376884,-0.0743753,-0.013885478,-0.045310143,-0.05523732,0.009756798,0.08159663,0.08281984,-0.029202754,-0.017615048,-0.062410343,0.02468414,-0.048937056,0.002327266,-0.0033316403,-0.07279769,0.00075632293,0.024197882,0.07269188,-0.026586408,-0.0064260005,0.042321242,0.052157633,-0.029451596,-0.044482693,0.076895304,-0.0595749,0.016871681
0.04383941,0.021536002,0.0055018994,0.01870644,0.07070129,0.06677328,-0.036131788,0.044859577,0.012752155,0.05798146,0.014794961,-0.032668296,0.039847374,-0.020721154,0.033904355,-0.049529467,0.017193615,0.06830044,0.07006524,-0.023617422,-0.025531767,0.055290736,0.039234646,0.06011453,0.039614305,0.061404124,0.010446127,-0.00224797,0.066521265,-0.014752331,-0.042301707,-0.06967189,0.022638537,0.07302932,-0.048102293,0.07642758,0.012077864,-0.04961847
0.05395649,0.052095372,0.0041077496,-0.0030078709,-0.012360147,0.036899857,0.031320173,-0.004557401,0.06874272,0.033160232,0.026009696,0.05554392,0.0013217111,0.0114821205,0.039658803,0.0069669043,0.009708565,-0.00925974,0.065821,0.0615195,0.0075880955,-0.033023424,-0.014059203,0.046565007,0.06395049,-0.012910069,0.046513725,0.034741256,0.028026026,0.06344657,0.059307024,0.04597645,0.0719804,0.0059926133,0.010050182,0.05299728,-0.017320326,-0.005449157
-0.050441157,0.036917917,0.050427254,0.026912428,0.011151528,-0.043402694,-0.0021335804,-0.056373917,-0.0040984303,-0.050146908,0.066713706,0.0023694066,0.026429882,-0.0337118,-0.052477017,0.013063078,0.022573842,0.0112319235,-0.042094234,0.006898787,-0.009022941,0.027471928,0.053882137,-0.008961512,-0.043346528,0.030430619,-0.062207572,-0.09839458,-0.051447332,-0.05261853,-0.039456926,0.044030014,-0.032760147,-0.041987106,-0.03899707,0.0077366545,-0.002550514,0.026256008
-0.0042038206,0.03308981,-0.002762209,0.05968694,0.021992877,0.03518849,-0.038688168,0.008767489,0.03917823,0.0117814215,0.0074238526,0.005142984,0.024463587,0.06799764,-0.030567877,-0.03310879,0.024683012,-0.00077592395,-0.051419225,-0.064463764,0.01216985,0.0039060232,-0.014011218,0.08868796,-0.060103446,-0.06258283,0.02176888,-0.014839107,0.027959561,0.026109558,-0.042713795,0.046205945,0.031435784,0.027707366,0.0055846763,0.05902723,-0.045827676,-0.035544116
0.016794462,0.0044598635,-0.01976973,-0.026149789,-0.004498705,0.034554977,-0.02185957,-0.043985862,0.00563365,0.015720963,-0.009707436,-0.06688512,-0.060685396,-0.05906267,-0.007825261,-0.050633114,-0.024499219,0.012730719,-0.036219515,0.004875728,-0.05365478,-0.033784516,-0.056333873,-0.02785963,-0.065260895,-0.05965649,-0.041428365,-0.05299469,-0.02822049,-0.027465468,-0.069973096,-0.04858384,-0.0043064365,-0.05702199,-0.02511719,-0.065290175,-0.04141775,0.0036855647
-0.060832955,-0.050897174,0.025166515,-0.031340916,-0.02487318,-0.041191835,-0.0062840367,-0.042530928,-0.05173191,-0.02078605,0.026978528,-0.04801836,-0.05238236,0.073128484,0.018448409,-0.03561159,-0.056166116,-0.016572464,-0.03970085,-0.050615013,-0.020992298,-0.066610895,-0.06035176,0.014931788,-0.054409437,0.02534881,0.039517958,0.049216177,-0.03261541,0.043378156,0.0631258,0.033870418,-0.0014919143,-0.016363064,-0.049431007,-0.020824984,-0.020413795,-0.021075215
-0.020544546,0.021061879,-0.04643395,-0.07601084,-0.08553332,-0.025231786,0.04902428,0.020587122,0.08039247,-0.042382363,-0.01668128,0.07422897,-0.07057544,0.025123568,0.04203932,0.055837996,0.020292396,0.019475171,0.024237096,0.055612344,0.050054923,-0.06318209,0.05962733,0.0049081715,-0.029302629,-0.078371555,0.056807708,-0.00483261,-0.022292227,-0.0735205,-0.01210878,0.06523087,-0.02397657,-0.058708433,-0.04637941,-0.036612846,0.04273894,0.041423395
0.00015403947,0.018015351,0.002845207,0.0052447575,-0.060354345,-0.042146076,0.008092345,-0.03702539,-0.0001468929,0.0290335,0.045330063,-0.030949464,-0.03961456,0.034163732,0.020515794,-0.030952226,-0.011804057,-0.021767281,-0.026843103,-0.058944635,-0.010333495,0.01436782,0.03630835,-0.01761361,0.014871455,-0.050236657,0.012451481,-0.018773196,0.042885482,-0.037134107,-0.042434175,-0.007912219,-0.0056096087,-0.032610837,0.0012294255,0.0034713764,0.035660394,0.027434636
0.058185156,0.046260886,0.039523847,0.037592474,0.04649338,0.008656534,0.0022375626,0.03734679,0.033726607,-0.048859388,-0.014258047,-0.011353034,0.048225213,0.032322194,-0.01764978,0.020030439,0.083163075,0.07445524,0.044665266,-0.0028703776,-0.013426561,-0.017675085,-0.004207571,-0.038205832,-2.7861104e-05,-0.004465003,-0.028499082,0.035608415,0.03540021,0.0058142156,0.00727707,0.0071337963,0.027308788,0.077913746,0.07311709,-0.058915477,0.081117705,0.024607994
-0.00079681684,-0.025226612,-0.071700774,-0.068683475,-0.05945577,-0.06679731,-0.033898123,-0.053412866,-0.02230173,-0.055131752,-0.027274985,-0.06410566,-0.039394934,-0.029841695,-0.06300372,-0.0003828994,-0.0338439,0.014771063,-0.036730155,-0.046099253,-0.02193131,-0.058753863,-0.061929304,-0.050272744,-0.060733337,-0.041923095,-0.025372533,0.0047681946,-0.02327531,-0.072861455,-0.07451181,-0.073269464,-0.07296435,-0.07361492,-0.04618209,-0.035425417,-0.042091884,0.031498034
0.08231816,0.061682064,-0.08224287,0.08844908,0.039274167,-0.0046616434,0.016081499,0.06317902,0.05668433,-0.053347733,0.078617364,0.04433635,0.059021465,0.0065843747,0.03853123,0.04684085,0.038051516,0.066189215,0.0072325827,0.077182926,0.070483,0.075407475,0.047159325,0.0054157507,0.057220004,-0.015284894,0.023119066,0.009063,0.073962204,0.019785853,-0.015915701,0.062501945,0.043326966,0.060787708,0.032510903,0.05742088,0.024196077,0.0089638475
0.036320426,-0.07283009,0.029170185,0.044019356,0.029627545,0.053334445,-0.015277482,0.0073877764,-0.036971968,-0.00459056,0.0030776877,0.01666879,0.008573404,-0.03586768,0.027008876,0.035480525,0.069349185,-0.017170884,-0.055028,-0.020922342,0.04086854,0.064582884,0.009582015,0.017070511,0.058324173,-0.01310814,0.06772641,0.08339221,0.053299766,0.063473076,-0.005317439,0.07030498,0.045655865,-0.047964565,-0.04406659,0.048761073,-0.051953953,0.04839601
-0.04088228,0.042678636,0.012395174,-0.05235709,-0.05759047,0.005028917,0.0031113306,-0.019727815,0.007983825,-0.024117779,-0.029086972,-0.04370975,0.006645379,-0.022516116,0.004816736,-0.08769427,0.011162194,0.0415733,-0.052283518,-0.06972368,-0.04763266,-0.032099497,-0.021242607,-0.058784418,-0.06848056,-0.03195195,-0.040841516,-0.070317894,-0.04287094,-0.034409046,-0.014584134,0.00599507,-0.024389526,-0.08551761,-0.024201313,-0.06839964,-0.061322596,0.054997925
0.06930884,0.010374563,-0.015108101,0.008306165,-0.05538365,-0.07176497,0.00010161957,-0.03387053,0.020240808,-0.08095697,-0.046897646,-0.07426481,0.003370189,-0.033230253,0.03329373,0.023666328,-0.07937951,0.0273467,-0.0056566363,-0.014601589,-0.037989035,-0.0030092236,-0.042727895,-0.06826917,-0.034009386,-0.0147274835,-0.013579715,-0.05217052,0.041616514,0.0139328465,0.02134192,0.00173157,-0.030517923,0.05646404,0.033577748,-0.034960184,0.016458653,0.04162439
0.0026029053,0.04362694,-0.029536843,-0.010261765,0.027103059,0.0064981394,0.06294713,0.002833744,0.048948113,-0.025446502,0.083065376,0.06212505,-0.05614209,-0.067969404,0.064802356,-0.024389591,0.041222304,0.027525034,-0.028246615,-0.039960843,0.0659803,0.034374803,-0.0050378484,-0.052478824,0.011789168,-0.0061416333,-0.008894422,0.028297476,0.023247119,-0.01711572,-0.00309731,-0.0061900364,0.018650107,-0.023185646,0.043987818,0.013114547,-0.017469753,-0.028933352
-0.0682234,-0.013655982,0.012929656,0.0080295345,-0.03719012,0.046333,-0.01829771,0.0067462013,0.044541005,-0.032598604,-0.03594063,-0.045036007,0.0071926634,-0.06794857,0.04514014,-0.026277058,-0.031854574,-0.027204938,0.015027588,-0.010268033,-0.0069493046,0.024581274,-0.030602317,0.012643419,-0.008565895,-0.017331379,-0.01510253,-0.023841662,-0.013444061,-0.017887047,-0.018239489,-0.0145332925,-0.0601657,0.03266135,-0.01601865,-0.02920789,0.017041584,-0.023573598
-0.027044814,-0.013597438,-0.028363725,0.04846305,-0.05307671,0.021538828,0.014423497,0.023002634,0.042249285,0.028985793,-0.061426938,-0.046740588,-0.022386044,-0.042868137,0.016241433,-0.02670326,-0.022856183,0.006471938,0.06274025,0.014526308,0.027150402,-0.03407984,-0.023947386,-0.03073635,0.017877525,0.0539675,-0.025253557,-0.065203846,-0.057354264,-0.010106809,0.052121717,0.04237676,0.038566772,0.065349564,-0.00079748756,-0.053666517,-0.057955444,-0.026307438
0.008827736,-0.048170064,-0.05858156,-0.014925508,-0.033297013,0.03243376,-0.0153385205,-0.03627202,-0.045262616,0.044837374,-0.06840703,0.036230642,-0.032537967,0.021917358,-0.07408112,-0.055024546,-0.04838336,-0.0703845,-0.024185097,-0.0363776,-0.016614372,-0.061362185,-0.011308416,-0.0056137857,-0.023469646,-0.037565496,-0.06805637,0.029695354,-0.04328437,-0.033445258,-0.04661031,-0.016780993,-0.023312908,-0.037851404,-0.024165906,-0.06601306,-0.018174626,-0.060183752
-0.031567898,-0.051777594,-0.0016470784,0.051592115,-0.00998357,0.01247232,-0.019218277,0.0005871167,-0.03505766,0.028096227,-0.065071486,0.030906003,0.0102065,0.037232075,-0.023446184,0.008835286,0.062135827,0.02130217,-0.038381197,-0.051776223,-0.008294966,0.024501024,-0.0013528116,-0.059936624,-0.006420661,-0.039522488,-0.026586259,-0.045965604,-0.0025680244,0.022335416,-0.019309862,-0.022319006,-0.042580605,-0.0125737265,-0.0056562615,0.0064169853,-0.058952983,-0.0736534
-0.050806027,-0.052332725,-0.052834447,0.031536568,-0.038997363,-0.003918915,-0.052343614,0.045528516,-0.05036673,-0.05945311,-0.014293599,-0.04101025,0.03572756,0.003686453,-0.05905123,-0.032290664,-0.042194422,0.013382125,-0.048489857,-0.04513392,-0.032341406,-0.051454503,-0.054709665,-0.014940483,-0.028462084,-0.0552187,-0.057382546,0.01589248,-0.044019625,0.045504685,0.00868743,-0.05523275,-0.041862193,0.032244325,-0.07762323,-0.057808455,-0.06377196,-0.030513141
0.06591895,0.05881372,0.007814413,0.06072517,-0.03192583,0.025505383,0.06955119,0.021626838,0.016907636,-0.038213298,0.05764004,-0.0065366053,0.059675712,0.047319263,-0.018572526,-0.047948975,0.04978474,0.0042983615,-0.0031829244,0.040248144,-0.010731242,0.060611546,-0.05523156,0.049272798,0.07216826,0.055675074,0.07328747,0.04679481,0.030261358,0.058524195,0.018215721,0.06821821,0.05647418,-0.027770815,0.05443338,0.05401201,0.032360993,0.029807443
-0.0045814374,-0.047491055,-0.005410065,0.026807774,0.011263684,-0.02209842,-0.05625516,-0.053292118,0.009360853,-0.05412648,0.02210988,-0.07035048,-0.07427892,-0.023899488,0.06250232,0.045676265,0.05275295,-0.019911226,-0.025967797,-0.016426805,-0.05926153,0.06039442,-0.08012103,0.018323291,-0.0046561044,-0.032162737,0.0286806,-0.02189053,0.058910705,-0.010235334,-0.016588882,-0.025687063,-0.06280216,-0.006859142,-0.020304324,0.074052595,0.00018477518,-0.048141103
-0.026997887,0.0014389922,-0.053775705,-0.024682779,-0.05804464,-0.0080576325,-0.04154218,-0.014669925,-0.0763079,-0.048277516,0.026757818,-0.024774035,-0.027210696,-0.0652165,0.00955268,-0.026553988,-0.029796403,0.02759101,-0.064944014,-0.074981116,-0.055106226,-0.04434007,-0.06424483,-0.05029809,-0.050190672,-0.069414124,-0.07393198,0.014740578,-0.07115685,0.0032945795,-0.026126854,-0.02587229,-0.022131503,-0.065996766,-0.079656474,-0.046955995,-0.03935473,-0.05348418
-0.008399028,-0.021112913,0.009587494,-0.037136342,0.050246514,0.0066592675,0.033062454,0.0040458394,0.075044155,0.052194264,-0.014261699,0.0073028053,0.034397934,0.029178325,0.062713936,0.07686866,0.02613962,0.04272308,-0.033468276,0.031044059,-0.0017077037,0.010506035,0.074837856,0.0022527336,0.040432055,0.05147591,0.007249768,0.0019069605,0.034349233,0.020450957,0.030770507,0.00039719974,0.02286017,0.017344886,0.0078046387,0.057489693,-0.012786376,0.03723724
0.014229236,0.049769636,-0.046643987,-0.012609981,-0.056078166,0.017182942,-0.03596177,-0.06301425,0.046799988,-0.041582443,0.06049176,0.0088864155,-0.07734001,0.032667834,-0.028874692,-0.03352501,-0.036221243,-0.019549886,-0.04354966,-0.06615279,-0.06315643,0.019787552,-0.026364407,-0.06559257,0.020950964,-0.06341919,-0.06478629,0.0011215557,-0.041256916,-0.047272645,-0.078540154,-0.073114365,-0.06530709,-0.06509656,0.04495411,-0.06205909,-0.0142628625,0.050989006
0.01202523,-0.0015504424,0.03137519,-0.046595886,0.07308404,0.051123273,-0.03182972,0.025679864,0.040327925,-0.028784297,0.0195411,-0.05523991,0.008191431,0.027110398,-0.007268957,0.084174484,-0.031081283,-0.011292187,0.0306982,0.022310248,0.038595803,-0.040950082,-0.026998771,-0.003594669,-0.046487886,0.018514404,-0.003673831,0.008208367,-0.026577855,-0.022469763,0.04740436,-0.06767383,-0.010177902,0.00068066415,-0.0373291,-0.02984519,-0.024425283,0.010618391
-0.007373693,0.022021458,0.082337946,0.0421863,0.051643386,0.012681399,0.074794225,-0.031711742,-0.05839219,0.0058274292,0.06650412,-0.032463957,-0.026580833,0.029296571,0.044364177,0.028845688,0.0090929335,-0.0012727623,-0.0037969437,-0.06305735,0.0710728,0.041379675,-0.007079104,0.014910278,0.049262106,0.024811067,0.039605785,0.028389648,0.00169299,0.06744183,-0.032361027,0.02227537,0.0137715265,-0.0484928,0.053939264,-0.032654103,0.050102,0.07018199
-0.061051924,-0.032842126,-0.030645782,0.004035004,-0.005549981,0.020041445,-0.013602146,-0.021643404,-0.033260923,-0.009811255,-0.06250319,-0.03232128,-0.00021195061,0.032815926,-0.027414743,0.019889256,-0.0040204097,-0.04222293,-0.03436952,-0.024112133,-0.04978034,-0.048134647,-0.035987813,0.010947414,-0.035248425,0.00815024,0.0067373533,0.04865326,-0.016786199,-0.06943197,-0.0065107457,-0.004716078,-0.006636023,-0.036868334,-0.0020213795,-0.028656699,-0.010445807,0.013140481
0.03395156,-0.04374203,-0.010148149,0.043755855,-0.036142066,0.07852267,-0.06352328,-0.04278683,-0.05742322,0.053106118,-0.012672236,-0.02271982,0.03445535,0.015856078,-0.012563933,-0.08126994,-0.0328509,-0.0759351,-0.03845685,-0.043104753,0.048785217,0.046243325,0.011754121,0.019075232,-0.04558329,0.0396961,-0.07997722,-0.010018902,-0.050891194,0.0018855559,-0.077880226,0.05550156,-0.00329488,0.023211038,-0.03151748,-0.025803631,-0.034938615,-0.023904515
-0.041826874,-0.03681178,-0.031889547,-0.088974,-0.04583073,-0.012360803,-0.041007947,-0.07771838,-0.046967253,-0.05322974,-0.026172023,-0.033299685,-0.057690155,-0.01823644,-0.0648769,0.011781842,-0.050388608,-0.053820845,-0.044227455,-0.050466068,0.00877408,-0.04570795,-0.041492123,-0.07262137,-0.06494895,-0.064927265,-0.07513263,-0.078317076,-0.044346113,-0.061943557,-0.055586394,-0.0010840929,-0.041564073,-0.0571165,-0.037627935,-0.0031127455,-0.040535472,-0.031751815
-0.08001075,-0.07178514,0.011118564,-0.020597236,-0.005531805,-0.023264399,0.021922773,-0.027823344,-0.08462239,-0.04761009,-0.077949144,-0.07469308,-0.05075699,0.046439555,-0.046272747,-0.049964998,0.05554145,0.0010141641,-0.058256168,0.03716693,-0.0030073372,0.00010325032,-0.06205722,-0.03548992,-0.016616052,-0.029862588,0.008030118,0.0116280485,-0.06597919,0.007960497,-0.04425928,0.043013413,0.04659082,-0.035442024,-0.04001747,-0.07184103,-0.07664441,-0.017622922
0.061358385,0.03276372,0.017031925,-0.0206329,0.017363666,0.039013855,0.02735698,0.0231961,0.02663525,-0.034109324,0.007883241,-0.03884156,0.007736414,0.010023218,-0.01971948,-0.021368777,0.04796909,0.0010030895,0.0138061745,0.04308444,-0.04315539,-0.024466734,-0.0005050627,-0.047365487,0.055616707,-0.014915809,0.011610094,-0.059423167,0.0015050244,-0.060476046,0.035229415,-0.008953181,0.0026974205,0.02449598,-0.016102731,0.009669602,-0.016535768,-0.020138001
-0.012093622,0.0055943686,-0.031440005,0.037437413,-0.03455308,-0.058486648,-0.045889065,-0.009595287,-0.012590923,0.048116982,0.047436357,0.06463494,-0.06122162,-0.050509173,0.014397077,-0.027108982,0.061225686,0.01076945,0.022644814,0.031595267,-0.013541481,0.008064663,-0.03662943,0.0702408,0.026135178,0.05126688,-0.052450106,-0.042061687,0.049034018,-0.037891045,0.06754104,-0.06527802,-0.034954745,-0.004009955,0.007999378,0.055192705,-0.0021344987,0.03167681
-0.026247697,-0.026351878,-0.07007306,-0.061218716,-0.033321206,-0.04339809,-0.06882844,-0.062343344,-0.07616668,-0.07098226,-0.038153417,-0.06345588,0.0027140593,-0.020818444,-0.043173987,-0.043298934,-0.040776152,-0.009375662,0.0034907928,-0.028805615,0.015018771,-0.060423467,-0.026270688,-0.07183902,-0.014594148,-0.07940027,0.013701775,0.0069013634,0.05213244,-0.0257257,-0.052792177,-0.08075508,-0.042300127,-0.017365552,0.031140815,0.037379798,-0.02826964,-0.08219701
-0.058053646,0.03890772,-0.0027101606,-0.0012821263,0.015379651,-0.05303908,0.01837726,0.037749864,0.014683425,0.059047963,0.08742261,0.00673424,-0.03522335,-0.004962664,0.0030125706,-0.017661827,0.001140118,0.08553776,0.03522663,-0.016406162,-0.003811939,0.047467455,0.047541216,-0.031248905,0.036655042,0.03728079,0.016710415,-0.0087672165,-0.016548086,0.02630205,0.058896586,0.021021817,0.0040397523,0.018877856,0.05414054,-0.032500174,-0.067750156,0.0021830136
0.045322455,0.06865992,-0.004544295,0.037091088,-0.005598457,-0.04806699,0.07370624,0.08255401,0.031702887,-0.05420315,-0.0376695,0.040385872,0.05150671,-0.028525192,-0.00802669,0.039876334,0.043283816,0.056142606,-0.032706283,0.08009523,-0.009216221,0.042630352,-0.0010359564,-0.0005176862,0.07145534,0.014309395,0.024492603,0.054248482,-0.02048749,0.04579731,0.054448016,0.010772605,0.05424469,-0.043766573,-0.00054385286,0.010180961,0.021851825,0.023018492
0.04661697,0.014111709,-0.031890858,0.037489206,0.026725875,0.01144045,0.015768893,0.02272934,0.00349411,-0.01755356,0.031246055,-0.006646442,-0.010657019,-0.051962193,-0.01101442,0.053243324,-0.0061036875,0.035996452,0.048942927,0.042579185,0.059750553,0.034448016,0.060921524,-0.038232017,0.053459775,0.07217778,-0.020558784,-0.013431639,0.023306271,-0.052742656,0.020590978,-0.051049914,0.029860837,0.026598547,0.0022430292,0.055773098,-0.041548003,0.020689003
0.071693584,0.026011815,0.06905104,0.012469395,-0.0723883,0.069019236,-0.06917875,-0.08067333,-0.023007303,0.03450683,-0.012517229,-0.05925728,-0.028500399,0.032165617,0.014558867,-0.065809116,-0.03797098,-0.008370061,-0.0033530397,-0.055551503,0.038814504,0.020011088,0.024184568,-0.021892525,-0.059616946,-0.011455481,-0.02778002,-0.012502369,-0.015858186,-0.028550427,-0.08681342,0.023360625,0.07237535,-0.035033315,-0.010601113,-0.05758868,-0.01739115,0.043485884
1.06045045e-05,-0.06622853,-0.06315286,-0.028749922,-0.013549095,-0.036835775,-0.053222515,-0.012975465,-0.066892244,-0.03545832,-0.042211093,0.05006107,-0.06963538,-0.033691615,-0.036363125,-0.08130203,0.026952256,-0.005251161,-0.0328648,-0.056639217,0.009717515,-0.02107459,0.069675505,-0.08506649,-0.04579933,0.032321386,-0.08786149,-0.0074292845,0.04552647,-0.052764617,-0.08197277,-0.07402168,-0.062072333,-0.08655094,-0.0124124205,0.06761462,0.00031331056,-0.07724868
0.023593642,0.03187455,-0.028455146,0.06477899,0.079933345,0.016296493,-0.018744867,-0.04322184,-0.044993132,0.021923987,-0.01778609,0.011685329,0.0039261426,0.008122743,0.06834956,0.02274953,0.0013548711,-0.016812932,-0.022550803,0.06304449,-0.05096501,0.045995664,-0.05920456,0.061140172,0.06618999,0.036070395,0.010178103,0.028195366,0.07316636,0.045545693,-0.06946545,0.05268338,0.034289572,0.056579735,-0.044922058,0.043082573,-0.017662274,0.008225907
-0.008583421,0.08030932,-0.060761828,0.02503006,0.031689014,-0.04861385,0.046331163,-0.031663984,0.04379733,0.03442679,0.04655575,0.03624406,-0.06112615,-0.009926194,-0.009870681,0.020269059,0.021301223,0.0053258794,0.070163645,0.07395139,0.0006810538,-0.012545289,-0.043465503,0.013290129,-0.032059148,0.009513263,0.025064182,-0.025011195,0.031247571,0.01954011,-0.0629216,-0.07045741,-0.0276038,-0.04150467,-0.027589783,0.0341433,-0.04415804,-0.01943564
0.018021822,0.05772869,-0.014937927,-0.013145667,0.017845258,0.025816793,0.06177091,0.0012878309,0.021255367,0.032006197,0.019328244,0.015962126,-0.027928859,0.0010985231,0.0021384866,0.048297275,-0.014681517,-0.0073791556,-0.039733157,0.023474779,-0.058490995,-0.04745892,-0.0779354,0.004946793,-0.033846162,-0.046697263,-0.027849216,-0.023795206,-0.059778757,-0.01960378,-0.041209795,-0.0027892552,-0.024026757,0.013461881,0.045556623,-0.0004475913,0.06976713,0.012772021
0.010285318,-0.013521496,-0.020247476,0.0048767,-0.08181737,-0.06890337,0.06226847,-0.017814776,0.068220854,-0.057937287,0.042396933,-0.0037948855,-0.025494998,-0.0044353846,0.02795656,-0.07574699,0.027327033,0.037862275,0.018308386,0.05363452,0.0054628896,-0.041973256,-0.011914459,-0.033700693,0.03397224,-0.05719759,0.007509508,-0.0070950994,0.024180654,-0.06594012,-0.038749352,0.017044725,0.023262182,-0.024800427,-0.000786778,-0.049551096,0.060475696,0.014183921
0.043630462,0.053118017,0.042647857,0.075813055,0.0673358,0.015427259,0.008088886,0.050534323,0.048744887,-0.04583126,0.06361904,0.05038944,0.06940621,-0.005194488,0.080239095,-0.05166109,0.046476852,0.07610253,0.0306828,0.017618092,0.030057916,0.048970442,0.075566456,-0.029490722,0.0715458,0.037453633,0.00017295187,-0.004995698,0.049286988,0.057165876,0.07728127,-0.023534495,-0.010610105,0.06801267,0.05516562,0.018812416,0.011352053,0.001477845
-0.037290785,-0.0019260462,0.02318131,-0.012321987,0.021680227,0.041889388,0.028377812,-0.017437225,-0.015444192,0.053734794,0.02990048,0.020153653,0.014835985,0.022342723,0.01876397,0.027383562,-0.01901422,0.028941175,0.021976754,0.03498851,0.06561867,0.017646883,0.021656483,-0.016704788,-0.004835206,0.038393836,0.024336899,0.045133814,-0.04199189,0.03300397,-0.029878013,0.01172778,0.024983801,0.048497856,0.053909384,0.043765377,-0.050296728,-0.040398523
-0.0010842575,0.017644674,-0.014192307,-0.042124175,0.004837769,-0.027527949,0.037677746,-0.00047148063,0.007340171,0.020476356,-0.007462692,-0.008963878,0.025173401,-0.021573136,0.065230474,-0.0070082466,-0.017441018,-0.002085564,0.027198007,0.0005052459,0.021539927,-0.009985182,3.782098e-05,0.038692076,-0.0039030744,-0.05183046,0.035179447,0.035109024,0.030301278,0.071852595,0.037916027,0.07231088,-0.005835895,0.0064597586,-0.0024972886,0.015169883,0.06407446,-0.071701586
0.0686089,0.020001005,0.0751909,0.061699566,0.08150885,0.07314948,0.06984289,0.079265565,0.04849984,0.07200729,0.06878283,0.057108838,0.05831816,0.010394925,0.08182008,0.07998773,0.03825454,0.06817065,0.02271122,0.0636696,0.06268689,0.06384228,0.068672925,0.038132455,0.07097751,0.07588085,0.026887713,0.030117288,0.07358887,0.052208073,0.08228122,0.066644825,0.06513772,0.078385085,0.07590459,0.05535015,0.05085024,0.07727219
0.03918148,0.033289433,-0.0068468032,0.07133726,-0.03294345,-0.038636558,0.016231751,-0.010579426,0.074716315,0.008315978,0.064211674,-0.014637148,-0.0045788414,0.061459117,0.040395178,0.016919466,-0.041205402,0.02341631,-0.009052886,0.05605434,0.07161918,0.05396316,0.08120506,-0.022181101,0.027174987,0.06541144,-0.011658092,0.009672271,0.058886867,-0.039973386,0.04092979,-0.004296308,-0.062528595,-0.0061206375,0.014363734,0.05260302,0.0031263593,0.06593949
0.0011861551,-0.057610285,-0.02535284,-0.01786736,0.072967134,0.017344024,0.03010559,0.03458793,0.0132495845,0.06332935,-0.033061616,-0.032021113,0.023075499,0.06494024,-0.015985353,0.0338107,0.023034679,0.0137388185,0.014735791,-0.028863557,-0.009007163,-0.044720057,0.073806584,-0.0065496084,0.071941264,-0.024893038,0.034494594,0.07767538,0.040613268,0.017102707,0.03517499,-0.049877245,0.0530975,0.029259436,-0.047401574,-0.030735847,0.031983975,-0.03758792
0.04265696,0.0037896282,-0.05331593,0.034002345,-0.049348157,0.05343306,-0.03298548,0.019378722,0.007735928,-0.023409931,0.018802188,-0.051554967,0.0032428768,0.08525792,-0.0066081155,0.0610487,0.06566945,0.04015757,-0.0030727466,0.01596596,-0.018176515,0.031323582,-0.029390417,0.016333181,0.025992172,-0.027611764,-0.014894887,-0.016283143,-0.045502882,0.027080879,0.061463565,-0.059688665,0.017723478,0.036476128,0.0104163755,0.001489053,-0.059980907,-0.044894055
0.005248122,0.0301081,-0.043866437,-0.06221971,-0.04361108,-0.015413397,0.050300427,-0.0065015676,0.03647032,0.049851593,-0.024112359,-0.019726874,-0.056387875,-0.03437749,0.065073565,-0.03259618,-0.031048886,-0.014263088,-0.049254093,-0.033623155,-0.04977463,-0.06445227,0.0518315,-0.025586773,-0.013592487,0.0143383825,0.025876308,0.055796854,-0.04241385,0.02250735,0.017990593,-0.06473972,-0.02955757,-0.070922986,-0.031114772,0.029926123,0.06479631,0.029442802
0.0680076,0.06506293,-0.042583723,-0.030739339,-0.013653146,-0.07206131,-0.00031729336,-0.047412,-0.03323793,-0.032415323,-0.037009154,-0.031129288,-0.04137082,-0.077016406,-0.0031265456,-0.003943521,-0.022017652,0.0011095521,0.024941575,-0.049726762,0.034319554,-0.017908365,-0.04840769,-0.021909934,-0.062002547,-0.013502303,-0.04639849,-0.09658872,0.024544325,-0.07863344,-0.04400237,-0.059209168,-0.046498723,-0.059684496,-0.024493879,0.056811232,-0.007162257,-0.0055908817
-0.05898616,-0.04621717,-0.032321833,-0.012288711,-0.042131603,0.08597099,0.028882027,-0.043283112,-0.046053432,0.088186935,-0.015629053,-0.056136724,-0.025748855,-0.025795652,-0.029874628,-0.034965567,-0.034441587,-0.075487,-0.045473438,-0.037014082,-0.022877188,-0.00083888834,-0.06828605,0.020038573,-0.070612766,-0.019443588,-0.069482096,-0.024332704,-0.058183454,-0.01612154,-0.06776007,0.0220911,0.030644557,-0.012742865,-0.024258712,0.044520885,0.002494712,0.0071400935
-0.0063590724,-0.022063825,0.057253886,-0.0010613421,0.022896428,0.0797033,0.005498984,0.034331854,-0.03426671,0.005051693,-0.038598306,0.0009015066,0.01788084,0.040002096,0.012676987,-0.047319658,0.02460053,-0.017625043,0.016595257,0.021617243,0.031378865,0.04201737,0.02722181,0.03259805,0.018182263,0.032703914,0.018816017,0.015451665,-0.034820735,0.083695665,0.055230048,0.056601755,-0.0123945745,0.058410004,0.026356757,-0.011394714,0.0015109242,0.053198893
-0.06384555,-0.06309085,-0.06427282,-0.0065757087,-0.032938533,-0.06262106,-0.045945115,-0.045460455,-0.040744632,-0.047128566,-0.057667356,-0.04273867,0.0006759455,0.030825067,-0.028190814,0.015609456,-0.021897037,-0.063274965,-0.058619477,-0.040604543,-0.0413291,-0.052325644,-0.064104095,-0.0071643996,-0.040745154,-0.037000068,0.035747577,-0.013329688,-0.048209127,-0.04130307,-0.06592124,-0.07259675,-0.041473087,-0.027986614,-0.05996069,-0.047560565,-0.058817666,-0.038756378
-0.04729251,-0.020570772,-0.02675342,-0.027777027,-0.05768842,-0.033056915,-0.024099436,-0.023931883,-0.037777092,-0.054445516,0.0025076633,-0.015584441,-0.0425813,0.015912175,-0.037721727,-0.03995943,-0.010304834,-0.059355147,-0.055592835,-0.019499887,-0.033344314,-0.04427956,-0.056598347,0.031974345,-0.011534486,0.0041805403,0.034044094,-0.00953806,-0.04697419,-0.072319984,0.001751004,-0.048693266,0.013029443,-0.035998538,-0.0053381925,-0.03524562,-0.008106105,-0.06208742
0.06459065,0.06257116,-0.025495958,0.04722058,0.03938286,-0.022053342,-0.03762366,0.046232596,0.027368538,-0.03382334,0.021553705,-0.051683504,0.04526905,-0.055190995,-0.007388559,0.011929412,0.060926843,0.009597024,0.0031278552,0.037959184,0.063715786,0.07139981,-0.041436713,-0.0154622495,0.07106513,-0.0039381594,0.004594133,-0.007563012,0.04495641,-0.017880866,0.07090112,-0.047310933,0.00021991896,0.01650937,0.02234084,0.016551813,-0.06964978,-0.0069802664
0.04904058,-0.054012373,-0.062403906,0.0531471,-0.016099986,-0.040301006,0.062270243,-0.0050422377,-0.003948396,-0.08213964,-0.0343574,-0.0067680352,-0.024087317,0.0024944886,0.025235374,-0.06084216,-0.082413055,-0.022596803,-0.023563948,0.053500675,-0.042398505,0.026633237,-0.01942305,-0.007514775,0.06643557,-0.016127326,-0.027698936,0.05935756,0.040020104,-0.032186545,-0.08581074,-0.052119594,0.010221645,0.04690378,-0.0380953,0.04156605,0.04228941,-0.083358444
0.07821657,0.013857083,0.058811344,0.08471543,0.054180007,0.0151943425,0.06253001,0.06839349,0.04650099,0.07221058,0.024392115,0.033402525,0.046147373,0.11978673,0.08609406,0.08568651,0.0017680267,0.05237982,0.059846412,0.067731686,0.034269366,0.051447477,0.0316969,0.08092528,0.04465723,0.059537727,0.11693054,0.12624751,0.043855574,0.06998354,0.0846255,0.08115118,0.031967126,0.07743013,0.06875367,-0.051101934,0.074396916,0.06482376
-0.022004446,0.043601103,0.024602182,0.042599022,0.011775239,0.011463995,0.039114878,-0.06692714,0.0007076297,0.079421334,-0.045948546,-0.015518587,-0.05377411,0.026573673,0.033523653,-0.016557358,0.05032202,0.019714335,0.06573672,0.04944988,0.076106474,0.015510719,0.038222704,-0.04540789,0.03129741,0.08041623,0.03163298,0.025156373,0.05863413,0.0516745,-0.01646469,-0.025554901,0.05198441,-0.015266077,0.018036723,-0.015110602,0.030165123,0.0008574
-0.014347546,-0.0336318,-0.021391774,0.023582717,-0.0010542937,0.03861617,0.004763779,-0.031119918,-0.015399826,-0.017274313,-0.0024956728,0.058655743,-0.045056935,-0.052806817,-0.024158709,-0.04791869,-0.041858792,-0.060419735,0.034465563,-0.01109712,0.05376966,-0.028999144,-0.0030616103,0.03427797,-0.02208564,0.029410038,-0.040382084,-0.034171525,-0.04176082,-0.01379172,-0.028548094,0.04643364,0.0018347115,-0.026349885,0.0017076527,-0.032885548,-0.031787712,-0.056457672
-0.04229568,0.05258458,-0.010602507,0.023361307,0.009972203,0.010485612,0.0030375812,-0.016165383,0.038675647,-0.007289812,-0.012827133,-0.027109293,-0.021952821,0.027205354,0.03520791,-0.0042845756,-0.011178588,-0.0011097859,0.033149887,0.05254838,-0.0033592603,0.018189158,0.07337378,-0.019630373,-0.045974918,0.05575984,0.0049002874,0.09621875,0.013807439,0.025562981,0.029595502,0.0197869,0.020862782,-0.031841155,0.03230466,0.0414641,0.051853444,0.011858725
-0.04765151,-0.007936922,0.017707797,-0.032845605,0.044754315,0.045927044,-0.021438641,0.030002894,0.052442838,0.00041257098,0.05085404,0.00335376,0.04945519,0.056676317,0.027301379,0.04878859,0.06695858,-0.017056072,0.011605616,0.068764806,0.0020844736,-0.00946663,-0.03773883,-0.00017504202,-0.039758045,-0.028828455,0.04991118,0.0390819,0.007420966,-0.05259066,0.039801586,0.050863776,0.047545787,0.019991845,0.012409555,0.024283038,-0.04828789,0.05695432
0.006408834,-0.033039235,0.044345416,-0.05171033,-0.08388626,0.080382995,-0.04347869,-0.0819513,0.035402786,0.0064814673,-0.08226228,0.0070109223,-0.011617995,-0.045476604,-0.0010330334,0.0050010723,-0.07667641,-0.06189251,0.028758433,-0.03256771,-0.034312535,-0.073664814,0.04520498,-0.03129886,-0.07128376,-0.039884627,-0.005053999,-0.006363493,0.0017174698,0.069127314,-0.035118185,0.08272174,-0.04338052,-0.007512462,-0.0060194954,-0.04106873,-0.010951983,0.045732953
0.08167678,0.07416536,0.08679003,-0.0016041861,0.031660374,0.07755949,0.0015020408,0.025833385,0.077923045,0.011441549,0.06716762,0.0678646,0.047316357,-0.06319648,0.08441001,0.014909424,-0.06757956,0.05118413,0.07087312,0.010901661,0.053750463,0.005269059,-0.019487245,-3.1057534e-05,-0.00083245995,-0.026728217,0.040162526,-0.0076032975,0.06960527,0.003800298,0.05768519,0.025192572,0.05035667,0.053274155,0.029616887,0.008303655,0.07190485,0.04382234
0.00013276476,0.021582054,-0.0060694385,-0.0024412947,-0.03198369,0.005903067,-0.060856514,-0.025615308,-0.026612941,-0.034554597,0.0025927771,0.07489936,-0.07670068,-0.009782148,-0.08098205,-0.0009114115,-0.034767114,0.028120415,0.015221372,0.013468014,0.005109635,0.04033761,0.046419155,0.060060065,0.038373478,0.05676273,0.008856997,0.04694981,-0.057309967,0.03643452,-0.029098922,-0.05484443,-0.0637969,-0.012043972,-0.07698655,-0.038132038,-0.0113748275,-0.025535168
-0.0323135,0.011192457,-0.0071208733,-0.0081601655,0.049918864,0.045343447,-0.04562339,-0.077034205,-0.058114547,0.00022296805,0.006303017,-0.06263489,0.043220997,0.018184844,-0.0604497,0.04985353,-0.018257998,-0.056044564,0.07051712,-0.002204078,0.07064843,0.034484755,-0.016868226,-0.018786404,0.07025541,0.085221514,0.01875279,-0.0357331,-0.025918974,0.04655999,-0.08190487,-0.038977217,-0.057952926,-0.046868242,-0.024352528,-0.0074906033,0.045877494,0.036092978
0.02231471,-0.016262943,0.060906257,0.023938162,0.027158028,0.066881485,0.03821562,0.048046436,0.06494146,-0.04193293,0.03852232,-0.03134913,0.026382506,-0.042807885,0.020921914,-0.03795765,0.015982024,0.030211879,0.0053200414,0.010710578,-0.019660665,-0.020885063,0.04560017,0.008520758,0.04008103,0.0005164629,0.06668764,0.07569843,0.019538082,-0.058110204,0.051418856,0.058563605,0.020392664,0.0018685382,-0.0022169983,-0.07042965,0.009927927,0.04270097
-0.04307567,0.007259353,-0.037631698,-0.015908785,-0.070282385,-0.062760375,0.049770366,-0.052871358,0.054208092,0.010123337,0.0096619325,-0.05622374,-0.020248238,0.009209183,0.03561782,-0.020052731,-0.01335463,-0.005725725,0.01710854,0.06430655,0.059660707,0.0017461973,-0.07371906,0.05209309,-0.066003844,0.04754195,0.09544588,0.0070514223,0.022977054,-0.001689456,-0.061164577,-0.03553505,0.055322673,-0.01592836,-0.062292807,0.0597376,0.013908227,-0.062799744
0.0261415,0.026758652,0.023797482,-0.09250481,-0.08580241,-0.02576257,-0.038888805,-0.049861733,-0.04505559,-0.07908503,-0.07340085,0.01599042,0.0014066007,-0.03026938,-0.056541428,-0.0051590507,-0.010102161,0.017959319,0.000535246,-0.049517248,0.058620982,-0.07944488,0.0016946757,-0.058434393,-0.06830758,-0.013212771,-0.06351611,-0.05312168,-0.035838056,-0.023904834,-0.06381475,-0.013061793,0.017679583,-0.038859956,-0.0416694,0.06812899,-0.011177947,0.013814325
-0.035812598,0.042045563,-0.033364896,0.025273284,-0.04976292,-0.038712353,0.011390953,-0.031909604,-0.059667964,-0.07094356,0.015414616,0.039378446,0.0052697933,-0.05059121,-0.011819728,-0.07598458,0.03852533,-0.023229724,-0.06598081,-0.068781815,0.041452885,0.013359495,-0.06869983,0.06389896,-0.070849806,-0.03160575,0.011927324,0.011357618,-0.017391406,-0.0008043505,-0.05846242,0.046674196,-0.0027371978,-0.051699266,-0.052641712,-0.019110367,-0.033382352,0.005810065
-0.03191525,-0.044778027,-0.04918664,-0.043301083,0.017133828,-0.028335353,-0.034889,-0.025904167,-0.0154578565,-0.031093432,-0.00765107,-0.041638732,-0.039810903,-0.06386686,-0.06592973,-0.01729027,0.014175552,-0.01664797,0.033371046,0.024530279,0.0018164533,-0.004403172,0.02741396,-0.005090987,-0.030307235,0.027773017,-0.06313374,-0.07556842,-0.030740112,0.031669833,-0.037703644,-0.012472614,-0.05622591,-0.023641296,-0.006416609,0.015659912,-0.04356689,-0.060739234
0.018600669,0.027766515,-0.024643553,-0.02719023,-0.018544374,0.044004712,-0.020955576,0.047224924,0.023273055,0.007758083,0.029665936,0.037292153,0.033121042,-0.04506107,0.065202065,0.05806304,0.026535181,0.05216723,-0.065668575,0.015824798,0.04403278,0.011443847,-0.032104213,0.010769981,0.055787496,0.014132336,0.07097012,-0.022097653,0.04899617,-0.01974407,0.060920928,0.04201881,0.033636805,0.045667958,0.028196244,0.051875595,0.048802823,-0.00048289128
0.054943502,0.031132579,-0.034089617,0.03955839,0.029638216,-0.018858274,-0.039812308,0.011372965,0.03935502,-0.009089215,0.04455008,0.033114225,0.035181418,0.040179063,-0.0043560085,-0.01579156,0.07259463,0.019502437,0.043427724,0.0014828717,0.010490927,0.046959057,0.035869252,0.014601032,0.05244291,-0.018192448,0.040616196,-0.013500026,0.07257159,-0.068763025,0.014608387,0.008084931,0.031293564,-0.026167838,-0.008024734,0.07377251,0.029864952,0.061416045
0.04507449,0.015275536,0.04375244,-0.036734205,0.06526221,0.05892073,-0.014557439,0.052739225,-0.0068738423,-0.002424124,-0.0419487,-0.014907932,0.072462335,0.030459164,-0.029468942,0.060881056,-0.009685325,0.057715837,0.0044461526,0.028258186,0.040517442,0.0341425,0.066959806,0.03971448,-0.0041613425,0.01959901,0.013810264,0.016378677,0.040844996,0.029958358,0.05143404,0.06286057,0.010357654,0.077837504,0.07134202,-0.00940215,0.044237718,0.045149513
0.02608356,-0.06496096,0.024675567,0.010734181,-0.07202094,-0.0021099504,0.0628916,0.002746204,-0.05683114,-0.0072957813,0.04487216,0.05343496,-0.057242308,-0.0050773523,-0.04731084,-0.026071453,0.02890106,0.031047335,-0.0883913,0.046835717,-0.05749006,-0.03822777,-0.06012689,-0.012505222,0.036481705,0.010156901,0.029360283,-0.0134143215,-0.032703925,0.041386608,0.0840764,0.0102295885,-0.06043385,-0.000107530126,-0.042577256,-0.077165924,0.040483277,-0.000885821
0.022641368,0.021554962,-0.046097796,-0.072606,-0.004330311,-0.032944337,-0.04215884,-0.025823824,0.019683313,-0.044184953,-0.01898156,-0.0044317497,0.05569765,0.066641055,-0.06779405,-0.03676475,0.0020799178,0.020217163,0.00090615806,-0.054286063,-0.06417613,-0.06431841,0.0012462968,0.013509606,-0.057372984,-0.041378357,-0.08439541,-0.03103902,0.018084131,0.008095145,-0.03300931,-0.018206986,0.036833975,-0.016921906,-0.0005421257,-0.00015241424,-0.029713284,0.036291044
0.039513588,-0.07949081,-0.039303802,0.02472924,0.015411868,0.05350809,0.008623854,-0.019639615,-0.017528042,-0.026593177,-0.06059018,-0.052515265,0.02917052,-0.014183748,-0.02663199,-0.05608729,-0.0012554801,-0.026915265,-0.07586932,-0.031896867,-0.012072644,-0.046819504,-0.07022635,-0.04392198,-0.033216424,-0.0018639506,-0.04717567,0.01718564,-0.035550475,-0.09970401,0.0027197322,-0.05219402,-0.04263241,-0.019109266,-0.013729349,-0.013503843,-0.07057163,-0.027614307
-0.019906664,0.054363545,0.047817506,0.061683,0.004327787,0.029161664,0.06527534,0.060120825,0.031685278,0.068515085,0.06828868,0.066200145,0.02673537,0.025221488,0.055646874,0.052489527,0.07047189,0.05847363,0.051958587,0.044268496,0.05478825,0.024357963,0.043281727,0.062771276,0.046224385,0.016184844,0.046638396,0.021230783,0.056207314,0.02506128,0.036867548,0.026606731,-0.008468331,0.035206806,0.05666936,0.0628616,0.06917504,0.010125345
0.054087628,-0.0102513945,-0.012373035,0.0084392615,0.011212196,0.010022156,-0.031868957,0.032684837,0.026176827,0.018968403,-0.08386053,-0.03636564,0.06660644,0.019675301,0.0331844,0.014996217,0.06961725,-0.073022164,0.03302386,0.038961425,0.01967988,0.03158518,0.023885781,0.015757484,-0.006106693,-0.01740162,0.030612929,0.03435813,-0.0044028186,0.0012847568,0.031216938,-0.020848922,0.03231704,-0.021584593,0.029261116,0.040094685,0.044924583,-0.014611229
0.042086348,0.025341729,0.041740038,0.021289404,0.008927369,0.03686587,0.04843093,0.032264378,0.020000085,4.061357e-05,0.030015836,0.069712445,0.0052714427,-0.03788117,-0.0063161408,0.04214924,0.038944215,-0.023972888,0.026687266,0.061959535,0.023859004,0.05455046,-0.059796534,0.0476097,-0.0096837515,0.0318834,-0.008074645,-0.044311974,-0.02219113,-0.035912782,0.030635606,0.06853293,0.051975057,0.014948818,0.019215822,0.051390473,0.039436713,0.049480453
0.012451031,-0.010391368,-0.02482564,0.004692617,-0.019258328,0.04874775,-0.04138658,-0.06742573,0.0021258465,0.0129251,-0.03439193,-0.011513653,-0.0810376,-0.06347576,-0.008933903,-0.051598698,-0.046459757,0.021282833,-0.054706037,-0.053852234,0.0038394022,-0.06732542,0.0458807,-0.011317485,-0.0030419042,0.030978044,-0.022939218,0.01512913,-0.03776232,-0.082135126,-0.051241066,0.032476805,-0.035021722,-0.06792422,0.0068103764,-0.07407656,0.005014254,-0.022020437
0.04134324,-0.04551382,0.055723626,0.015648058,0.021971947,0.06873731,-0.0025136308,0.029020363,0.01648453,0.062476687,-0.012585807,-0.00071364595,-0.038159285,0.031075232,-0.031232882,-0.030397495,-0.0011752244,-0.04653387,-0.043671004,0.026316477,0.029310232,0.03498706,0.05445474,0.07427891,0.035555996,0.067593895,0.05809961,0.030778557,-0.06727697,-0.05309872,0.035801888,-0.017664049,-0.012400055,0.02669243,-0.0034055945,-0.063859284,-0.029407682,0.03554797
0.075761415,0.014818235,-0.043504946,0.0688956,0.05500892,0.06006146,0.046490457,0.029711286,0.067993134,0.00626631,0.08254427,0.057685412,0.025822554,0.008807586,0.08620197,0.046632577,0.014282654,0.06559854,0.0472953,0.056791283,0.0559245,0.054261953,-0.011740144,-0.025890939,0.07559525,-0.026060333,0.05786234,0.093672484,0.033022154,0.04180511,0.01890432,0.06251098,0.010654514,0.06825873,0.030580968,-0.024868116,0.061379425,0.01234267
-0.026540555,-0.010664614,-0.053462323,-0.04990855,-0.057076264,-0.054414626,-0.06669021,-0.024772946,-0.052756328,-0.071398705,-0.06078618,-0.019755693,0.004955457,-0.06904515,-0.030523159,-0.033784833,-0.029486071,-0.05505122,-0.04559194,-0.017253557,-0.015096262,-0.033619933,-0.045576684,-0.02972732,-0.04037323,-0.029993983,-0.023278575,-0.0011033892,-0.04434608,-0.026924957,-0.024129003,-0.03582172,-0.056817465,-0.054381806,-0.049193405,-0.027893128,-0.04492335,-0.05201516
-0.058269683,-0.03644871,0.015158566,-0.052466255,-0.078088425,-0.06804735,-0.034900963,-0.048852958,-0.049736645,-0.0473152,-0.03038451,-0.05770569,-0.077466875,0.020675989,-0.05966461,-0.0816632,-0.028700216,0.029082092,0.029376484,-0.03631569,-0.07145125,-0.036127206,-0.063449584,-0.0488543,-0.04990685,-0.075909846,0.0054816795,0.027986208,-0.073517025,-0.06406563,-0.048298914,-0.06461578,-0.06048842,-0.06484534,-0.048753794,-0.040976148,-0.07277447,-0.05105238
-0.029092975,-0.014226059,0.05633032,-0.028178154,0.0057399683,-0.025927547,0.031266693,-0.04016141,0.033507753,-0.020439956,-0.031897206,-0.03929391,-0.014950405,0.002343283,0.050950646,0.051300827,0.04692072,0.0026847525,0.008095076,-0.042680368,0.005724581,0.03821869,-0.0012308737,-0.0413132,-0.04264862,-0.065847576,-0.045981083,-0.0016180896,-0.070240505,0.026905097,-0.0025184378,0.02225251,0.04224884,-0.04542612,0.019690601,-0.020590892,0.04725098,-0.06051388
-0.04772823,0.05054995,-0.06500349,-0.035562683,-0.0662393,-0.021000428,-0.051201195,0.010962519,-0.040585376,-0.08218292,-0.063503236,0.06814423,-0.0044521377,-0.047079477,-0.054569524,-0.0023026718,0.05828757,0.0135188745,0.02242065,-0.056942455,0.0042748493,-0.030065363,-0.025365395,-0.025272666,-0.033701126,-0.06336767,0.032336395,-0.008786287,0.05551092,-0.032297008,-0.039747894,-0.06349995,0.069066815,-0.029448032,-0.028248178,0.07579481,0.047931854,-0.07740284
0.017557548,0.06360097,0.03244782,0.014806955,0.03125484,0.06875427,0.052911226,0.052573305,0.051113833,0.051958896,0.06591321,0.0458592,0.08063035,-0.025701402,0.028172811,-0.00797072,0.01837579,0.04456427,0.0050195926,0.030612815,0.0521052,0.05380917,0.05507306,0.015928453,0.047740843,0.07742133,0.029632734,0.041144963,0.05465623,0.058019206,0.074678384,0.026936691,0.042916846,0.05340962,0.04939233,0.049561102,0.068011925,0.041928843
0.041452896,0.017782146,-0.042082537,0.044711508,-0.043834403,0.028966743,0.045867603,0.0041050846,0.0009960565,0.02070597,0.021447308,0.067972645,0.0006791758,0.028177476,0.041364197,0.03629443,-0.0105584655,0.01046896,-0.030197993,-0.030834956,0.024800716,-0.037911307,0.011227486,-0.030138656,0.049073346,-0.03769345,0.06676124,0.07276349,0.052709084,0.061328057,-0.027268136,0.008166996,-0.023437236,-0.007017457,-0.017414132,0.026575744,-0.08566623,0.07648201
0.07214682,0.030978477,0.0005408013,-0.012285583,-0.023893995,0.05485046,-0.062650904,-0.024488661,-0.053617477,0.020713197,-0.055255678,0.076844536,0.0004591794,0.0037890482,0.039347548,0.07765139,0.017166365,-0.059580166,0.05003541,-0.047274835,0.02208804,0.058319323,-0.020101964,0.019949906,0.03388548,-0.024693798,-0.030672355,0.025175568,0.014071976,-0.06106441,-0.042085323,-0.038843144,-0.044464063,0.046269875,0.03420742,0.028066965,-0.043901592,-0.03393842
-0.0431115,-0.04573825,0.03974398,0.03473742,0.0768862,-0.012062268,-0.043721702,-0.00022630463,-0.071493246,0.017177695,-0.082069516,-0.04327838,0.037244856,-0.049483035,0.0038161133,0.04832786,0.05095423,-0.076483294,-0.037659883,0.044184346,-0.057414394,0.0054160864,0.045313913,0.061441567,0.020533446,0.04802232,-0.0560969,0.030983139,0.05682472,0.020032277,-0.008701159,0.0432801,0.03496209,0.0043998505,-0.030281462,0.022517376,0.022370683,-0.037909795
-0.031602208,-0.029137729,0.039534286,0.01283596,0.04184277,-0.020109488,0.061752304,-0.0131713245,0.023916833,0.027928237,0.018791983,-0.07078043,0.038521744,0.037712455,0.059590053,0.087271824,0.011845809,-0.058203913,0.01592956,0.06842026,-0.042767603,0.06542559,0.057643417,0.016359324,-0.040750023,0.05219201,0.026035955,0.063049495,0.047600437,0.08801248,-0.016208952,0.087087534,-0.020466905,0.020031407,0.08209099,0.07043628,-0.024008147,0.009251974
-0.041560747,-0.034313597,-0.037199143,0.053299405,-0.028025964,0.07109046,0.013667477,0.019827964,-0.05287396,0.03722385,-0.03366931,0.04214963,-0.007844815,0.034068752,0.004602958,0.012839084,0.0568122,-0.031420786,-0.057879515,-0.036324657,-0.046667617,0.032107536,0.010029685,0.047170922,0.03056362,0.02074608,0.03356571,0.061987355,0.018357486,-0.01676385,0.016836848,-0.06077958,-0.013678393,0.032904778,-0.050517112,0.050090335,0.0015338273,-0.053649988
0.005196685,0.033155475,-0.03617023,0.016897153,-0.028124124,0.040424053,-0.016219474,0.058356438,-0.054643176,0.03980259,0.021330439,0.023689168,0.059262887,0.026634347,0.041099086,-0.005762968,0.0029709972,-0.0047732466,-0.07193088,-0.045482136,0.004840113,-0.05464599,-0.047967304,-0.031779125,0.009591883,-0.027795147,0.004964614,0.031846084,-0.06283006,-0.05049801,0.059521325,0.023914693,0.042906273,-0.035148956,0.05606653,0.045479458,-0.068593696,-0.0028825526
-0.034722786,-0.07633723,-0.042318508,-0.070839144,-0.07179266,0.045241114,-0.06976531,0.0016547036,-0.054481067,0.013697487,-0.031166798,-0.067047104,-0.050621923,-0.019943101,-0.08308433,0.054701727,0.05068909,0.030177055,-0.06598231,-0.03754385,-0.06008077,-0.055598788,-0.037946034,-0.08154547,-0.033631347,-0.06038562,0.009946652,-0.04098356,0.058030237,-0.07048219,-0.03206113,-0.028079748,-0.024857404,-0.07228846,-0.051374894,-0.073043555,-0.055155385,0.055349957
-0.0036010803,0.024308434,0.08967701,-0.051913988,-0.061560784,0.037446383,-0.04694541,-0.034122225,-0.04884806,0.0012761904,0.04978949,-0.01607988,-0.03342619,0.080208786,0.017872527,-0.072299264,0.037457906,-0.03356058,0.072125636,0.02316218,0.079444215,0.045944694,-0.055073246,0.07225936,0.06097421,0.039381746,-0.013429722,0.045040127,0.04560437,0.010208241,-0.05713417,0.025028674,-0.009659521,0.01563297,0.043562297,-0.04212054,-0.009204192,0.0824791
0.041525465,0.049372237,0.036367133,-0.0030301434,0.040927432,-0.06411024,0.025830237,0.04825576,0.07040225,-0.019630224,0.00088298775,0.042771813,0.041915752,0.013945443,0.023816437,0.06616689,0.0066843466,0.07780004,0.06485277,0.046350908,0.008955693,0.033238843,0.02838802,0.019903904,0.04243571,-0.015855022,0.078121476,0.010412016,0.032287817,0.06768779,0.036197137,0.054072857,-0.013968183,0.0128264325,0.055025857,-0.03471119,0.046295766,0.025571078
-0.05325754,-0.058582645,-0.073141545,-0.08077818,-0.039629314,0.048807908,-0.06438438,-0.07575213,-0.08021291,-0.07163118,-0.057279952,-0.07681337,-0.08175738,-0.031973384,-0.09381882,0.015635062,-0.080136284,-0.08370483,-0.08697098,-0.07206111,-0.021317761,-0.06528518,-0.06423669,0.008972787,-0.07503541,0.011523448,0.028992271,0.083204135,-0.07936223,0.02055443,-0.023309082,-0.011458091,-0.050688714,-0.079844095,-0.024993243,-0.07505768,-0.081206515,-0.027777718
-0.07791809,0.024157953,-0.017093718,0.061447546,-0.03629227,0.042453986,0.026536169,-0.046559684,0.017809775,0.014181254,0.07422121,-0.06673515,-0.04359108,-0.023793291,-0.04173802,0.045437954,0.079192184,-0.0051417598,-0.016970506,-0.06029767,0.040922824,0.07890356,-0.01946645,-0.008044288,0.06515211,0.019200077,0.07381244,-0.04995701,0.01221605,0.04468352,-0.033757787,0.062697336,-0.06124986,-0.03243757,0.0774826,-0.010651573,-0.023254098,0.049099892
-0.03006534,-0.027620524,-0.07073185,-0.053206414,-0.061276477,-0.060719825,-0.058012515,-0.061276775,0.017277788,-0.05958968,0.00993593,-0.050694987,-0.034006584,-0.10436081,-0.0527126,-0.085518695,-0.02596907,-0.06700192,-0.047455132,-0.04262235,-0.06014903,-0.03890566,-0.051397394,-0.06841488,-0.060785193,-0.076641016,-0.09078579,-0.06480808,0.0053706807,-0.08667989,-0.043448325,-0.059426334,-0.021140981,-0.06928733,-0.04324043,-0.010174696,-0.045370802,-0.07079591
0.07365635,0.03788038,0.018685881,0.062057704,0.024420394,-0.004230209,0.014367478,0.06082971,0.01973252,0.004577852,0.07021871,0.063896686,0.060705863,0.06853333,0.018574696,0.010728606,0.017035585,0.040604413,0.0114371795,0.014684468,0.0017290433,0.039986677,0.06236151,-0.010088642,0.040742103,-0.0024852897,-0.040586695,0.071172476,-0.037367832,0.05533792,0.04521154,0.021426389,0.025015665,0.016151868,0.064503856,-0.035815824,0.05190268,0.068200864
-0.030014029,0.013199076,0.034048706,0.06611492,0.033299148,-0.025531203,0.023317521,0.012035962,0.07177843,0.020942334,0.04113465,0.03253299,0.03435428,0.1035932,-0.0025986726,-0.013423484,0.04955051,0.0035802766,0.04286937,-0.027107274,-0.013183116,0.033278413,0.026783297,0.076801375,0.025532288,0.016665874,0.059185475,0.07052383,0.028019203,0.0011725621,-0.005686705,0.03180001,0.04976306,0.025150897,0.018479062,0.055220272,-0.02996316,0.008157114
-0.06529973,0.013704188,0.0070628566,-0.06596811,-0.049028225,-0.01401146,0.035799637,-0.06263724,-0.022499735,0.03510196,-0.0544138,0.07674272,0.016256096,0.013999831,-0.038292207,-0.020784823,-0.05445861,-0.07660843,-0.0032670682,-0.0058153295,0.04667467,-0.0740937,0.032099426,0.07298963,-0.029362518,0.08194465,0.01906463,0.040747747,-0.0055087768,-0.0026802307,0.07648353,-0.06485245,-0.05295417,-0.059838004,0.03053046,0.07597015,0.054397583,-0.06845199
-0.077732265,-0.07887657,-0.06939602,0.00756198,-0.010167044,-0.07349235,-0.021664554,-0.0067153284,-0.011159695,-0.020073388,0.012607673,-0.03795145,-0.029609265,-0.0017523621,-0.014865843,-0.060299385,0.0061319177,-0.008431882,-0.071207084,0.023200406,-0.0576641,0.009614842,-0.06552314,0.0051818863,-0.022994513,-0.0028178978,0.009033538,0.0032509654,-0.014394106,0.018812379,-0.02311939,-0.034073897,-0.06213663,-0.011018571,-0.050857406,-0.04882419,-0.05697588,-0.08352775
0.053433117,-0.04618312,-0.045243196,-0.07448274,-0.03205497,-0.011856955,-0.070143744,-0.015904028,-0.049761537,-0.06378439,-0.02319988,-0.029412448,-0.030343555,-0.035105344,-0.033882607,0.02622566,-0.025291922,0.003991327,-0.04982793,-0.06415082,0.008117327,-0.048596963,-0.004921334,-0.0133293085,-0.07171712,-0.0020340963,-0.067094326,0.040378567,0.020163968,-0.06735937,-0.03285921,-0.037534315,-0.052139137,-0.07391257,-0.0012649357,-0.025185592,-0.0028968584,0.0044645537
0.027035302,0.0586178,-0.015678003,-0.012159406,-0.019424157,-0.010204963,0.025436336,0.06390137,0.0670117,-0.0053368746,-0.029506646,-0.061548553,0.027121266,0.046358578,0.015789706,0.04167702,0.06267189,0.07599412,0.040921286,-0.05029992,0.0737357,0.050616927,-0.056734238,-0.025127593,-0.02389828,-0.007295122,0.025982423,0.045514643,0.03806556,0.061314665,0.0067745065,-0.018295115,0.0608012,0.017335907,0.082942694,0.020103727,-0.009205686,0.012969652
-0.03966759,0.08100127,0.004031865,0.04383928,0.02866037,-0.047527086,-0.0004535807,-0.0653911,0.06322482,-0.020374445,0.038911887,-0.0008197275,0.02704607,0.0015399802,0.03613811,-0.050046638,0.05355686,-0.07710477,-0.019570496,0.054126006,-0.0102278795,0.056701694,0.03683742,0.02126265,0.00037964428,0.049948677,0.024560722,0.040038005,0.049060334,0.027948026,0.04005705,-0.01558723,-0.06564792,-0.07211539,-0.07028687,0.06286369,0.057567306,0.022802455
0.027475407,0.03836525,0.063303426,-0.06303382,0.050264373,0.01939194,0.022973053,0.011914278,0.078191735,-0.007252568,0.008727862,-0.0057950807,0.01553163,-0.0122475345,0.05048501,0.050936315,-0.07116179,-0.0021799945,0.04896391,0.060321562,-0.0060620666,0.004596992,-0.01307867,0.037573498,-0.03318177,0.016128726,0.013185822,0.014498432,0.029711928,0.024729097,0.052847743,0.007877478,0.08233477,-0.05047929,-0.054879643,0.046038996,-0.047087207,0.002813995
0.005381467,-0.056383677,-0.04341273,-0.020367706,0.024101475,0.00024234739,-0.017568795,0.0413535,0.004382673,-0.036368806,-0.058853198,-0.04722687,0.050652772,-0.038066577,0.0006634052,-0.0336837,-0.0074462644,-0.012305367,0.010175973,-0.026109278,-0.048169047,0.010824133,-0.0103189275,0.028268714,0.05467841,-0.069315776,-0.024282034,-0.038354546,0.030658444,-0.07122638,0.002236146,-0.06803428,0.011936135,0.021551702,-0.03991394,-0.0498297,-0.05217086,-0.06890729
-0.0353745,0.026765773,0.0066785733,0.0008846013,0.038219936,0.04891157,0.059616975,0.051355645,-0.0034223257,0.024913475,0.03759695,0.028485624,0.010066586,0.01138402,0.032399986,0.024590578,-0.014471686,0.058752522,0.017745964,0.009913266,-0.004676459,-0.031358413,0.026399884,0.023252988,0.056223813,0.017851196,0.06532683,-0.011745951,0.038464613,-0.022313397,0.06522129,0.038458604,0.05467479,0.036134604,-0.046228316,0.042597976,0.05265494,0.032489065
-0.04211353,-0.07178049,-0.056277636,0.029938497,-0.02934795,0.0030826654,-0.077709995,-0.045962036,-0.030869845,-0.026341094,0.020844981,-0.06842928,-0.028988233,-0.065622196,-0.03937774,0.040875055,-0.007329818,-0.04092536,-0.025482485,-0.0032751113,-0.012660318,0.007189377,-0.038667586,-0.042794637,0.027634617,0.006508651,-0.04321686,-0.048309363,-0.050632875,-0.007162371,-0.0047121546,-0.06073556,-0.054900654,-0.033818256,-0.06966961,-0.0545879,-0.059935674,-0.050324105
0.010059561,-0.034956876,-0.028076261,-0.034284763,-0.042133782,0.008406171,-0.006163082,-0.04683145,-0.012535452,-0.022430468,-0.0622051,-0.022338493,-0.06157623,-4.69736e-05,0.013841017,0.038975056,-0.03714814,-0.07835786,0.009841795,0.00014051724,0.047636557,-0.024738261,-0.022948675,-0.013449007,-0.02653647,0.009555494,0.02275147,-0.02349918,-0.03385074,-0.0047027855,-0.042528745,-0.05343096,-0.054271765,-0.022105778,-0.046110637,-0.009179396,-0.047924593,0.047009826
-0.07372138,0.0396636,-0.0045094956,-0.045056578,-0.06388341,-0.011675378,0.0525219,-0.029976988,0.0012095674,0.012883894,-0.006517978,-0.011358583,-0.05986892,-0.070813075,-0.0006920326,0.08452064,0.00973134,-0.00016868055,0.03214959,0.01471663,-0.026246538,-0.011695746,0.0508695,-0.061895244,0.011298227,0.010360649,0.01903947,0.0013345024,-0.033558886,-0.06744111,-0.025630368,-0.0104476875,-0.04972595,-0.06430427,-0.009438194,0.0089805415,0.047094803,0.014579933
0.0257774,-0.0694866,0.057524573,0.028131373,-0.003041378,0.062069118,0.0053813593,0.05882229,-0.019846175,0.045670625,0.050261676,0.07785838,0.0042809155,0.072492324,-0.060460392,-0.06295017,-0.014553,0.049486034,-0.054936342,0.02395372,0.037886713,-0.00084567606,0.0078120045,0.0442165,-0.03322126,0.00928431,-0.050712373,0.02313876,0.031097742,-0.0062323017,0.066269495,0.03301271,0.068709604,0.004958703,-0.07147264,-0.051589224,0.008453678,0.017802883
0.07027579,0.05349407,0.027247297,0.040468544,0.057157233,-0.028345665,0.02690102,0.034478918,0.05782783,0.04557865,0.021373212,0.07255103,0.046694487,0.011196194,0.053635478,0.06626692,0.02995718,-0.018224904,0.061929673,0.046487488,0.03905443,0.06839608,0.039969046,0.054166466,0.0018627369,0.059101682,0.02023385,-0.003085839,0.066690944,0.042207435,0.027355857,0.021981364,0.06751204,-0.015236928,0.035807632,0.07561756,0.056776438,0.039258648
-0.024251906,-0.03394933,-0.06699676,0.0009759935,-0.043730833,-0.011821074,-0.026099276,-0.061247602,0.020869158,0.016879331,-0.029346528,-0.05120051,-0.044520162,-0.0013373548,-0.080621004,-0.06658654,-0.061632693,-0.059598412,0.012382695,-0.054035407,0.040586624,-0.041360628,-0.057548303,-0.052558944,-0.028573032,9.4507835e-05,-0.025006186,-0.09718042,-0.008751879,0.01301233,-0.06583412,-0.058211025,-0.05976664,-0.036114223,-0.03559179,-0.043011945,-0.06395125,-0.057502422
0.043730322,0.010066361,0.064226374,0.06558692,0.057909686,0.061874393,0.059678063,0.067097045,0.018971913,0.075288095,0.045480993,-0.030966671,0.053934436,0.021548636,0.06762943,0.08170334,0.018715048,0.041659847,-0.026525019,0.07415003,-0.008599358,0.03952623,0.06421263,0.00085637387,0.010187412,0.05036552,-0.016312197,0.039706323,0.04774086,0.053431474,0.028717566,0.044853613,0.055619102,0.040161196,0.079230286,0.023531463,0.017946722,-0.02697812
0.048799288,-0.0018533359,0.019218689,-0.04269434,-0.042387083,-0.0047752797,-0.04165331,0.018080557,0.060198188,0.036320202,-0.035686117,0.032353785,0.05161223,0.0021593939,0.02239887,-0.048641745,-0.009669501,-0.009678333,0.003258726,-0.00013399549,-0.024108784,-0.0374622,-0.05221272,-0.037266895,-0.04644886,-0.0749805,0.0013203385,0.0014080164,-0.035397917,-0.05128707,-0.011128425,0.038624004,0.0033371479,0.026187634,-0.049443,-0.07496048,0.07785354,0.027897637
-0.035127196,-0.01893465,0.0074412003,-0.027140487,0.04898367,0.031558853,0.016992526,0.030233918,0.0037881478,-0.013430067,-0.0026464514,0.0664566,0.02238188,0.011686296,-0.018924613,0.03579703,-0.0014870573,0.02760021,0.04723833,0.04073045,-0.020098474,-0.063454375,0.07510898,-0.020570299,-0.013481489,0.028948862,-0.024793457,-0.018657912,0.01905964,0.004681864,0.056458917,-0.041466538,0.051078293,0.0119257225,-0.05474355,0.031628862,0.033936642,-0.054077543
0.08509949,0.027996926,-0.051076323,-0.050225437,0.011508511,0.060158208,0.019691983,-0.014902285,0.06423097,0.038669404,0.011730234,0.07322766,0.046838146,-0.01444269,0.09313467,0.043790355,0.031112699,-0.039376665,-0.07036785,0.027340043,0.051171683,-0.043065555,-0.04481947,-0.0238709,0.0072655138,-0.08296792,0.01320613,-0.02313254,0.068319276,-0.022731397,-0.05516079,0.026651334,0.017383788,0.016774664,0.041274186,-0.011129804,-0.0028026358,0.08143681
0.07896492,0.032707367,0.037288897,0.047114898,0.080312714,0.040785924,0.051172245,0.02102535,0.036651116,0.06128017,0.028039023,0.03217851,0.012976227,0.0011325232,0.06618417,0.008126716,-0.058495954,0.0044814525,0.034961734,0.0021092948,0.072633296,0.06520259,-0.007421205,0.08338315,0.07626431,0.010218296,0.016939348,0.039934568,0.0688043,-0.06777302,0.03243797,0.026446551,0.029902803,0.020703278,0.012419509,0.07302985,-0.006841474,0.0572766
-0.07664372,-0.08248404,-0.089801624,-0.09908484,-0.08966766,-0.08520536,-0.08115739,-0.09465703,-0.0892012,-0.08747229,-0.08630097,-0.07939642,-0.09365321,-0.15270667,-0.10226623,-0.092332564,-0.08363088,-0.08698362,-0.08677602,-0.08549943,-0.07780349,-0.08020449,-0.085080475,-0.13744764,-0.07677261,-0.084962934,-0.13426405,-0.16047323,-0.08016792,-0.097717285,-0.09858441,-0.08882421,-0.086088575,-0.092287205,-0.095792785,-0.07564008,-0.08683689,-0.0900726
0.016863205,0.00848489,0.037151136,0.0136919,0.015314784,0.066335514,0.0011715032,0.028698295,-0.002859105,-0.0003128076,0.054775815,-0.018210553,0.020489106,0.07597422,0.033583898,-0.0019677228,0.008340427,0.05890281,0.018614275,0.012207364,0.035085253,0.0054505053,-0.009535443,0.02407448,0.014042256,-0.014616861,0.041135166,0.050643656,-0.03819847,0.040027324,0.022160234,0.051968344,0.040385645,-0.0013973833,-0.0112046115,0.012670632,0.02700457,0.03598313
0.048569392,0.024999293,0.05565483,-0.06956322,0.020190502,0.011227659,0.06703145,-0.026318658,0.07152881,0.07372112,-0.06062093,0.034922056,0.029160723,0.026852945,0.09011061,0.047870766,0.012973266,-0.038218025,0.07691021,0.04023189,-0.004938854,-0.06534555,0.007251505,-0.0067184875,-0.019254966,0.01736394,0.03693666,-0.012828091,0.07158828,0.024226295,-0.005272172,0.043380965,-0.028319241,0.06398813,0.064709544,0.058925066,0.01874349,-0.008058272
-0.06998083,0.035000004,0.008340527,0.04599519,-0.010793012,-0.016265431,-0.00584704,-0.05276164,0.0542206,0.066325694,0.05187928,-0.06356666,-0.034835234,-0.002913701,0.022078482,0.053497884,-0.08250572,-0.05850071,-0.0013702887,-0.034859434,-0.040303547,0.0398985,-0.02009486,-0.027972603,-0.029210906,0.036478586,-0.04482896,0.013529378,-0.025320899,-0.030580774,-0.0028130678,0.037847646,-0.04062669,-0.015145739,-0.012094302,-0.010985857,-0.05384661,-0.05233185
-0.023475075,-0.039288886,0.068953745,-0.029642966,-0.006678001,-0.020671561,-0.039095175,-0.05657724,-0.0032532767,-0.048246782,-0.014452066,0.052082073,-0.038234953,-0.060727146,0.0067912415,0.06862045,-0.06607192,-0.07873896,-0.038625218,-0.07873202,-0.06136951,0.025341664,-0.06834052,-0.022025984,-0.053184975,-0.03245328,0.0038428793,-0.0075107054,-0.06872395,-0.026701022,-0.036985967,-0.06144581,-0.07933033,-0.009339652,-0.06277106,-0.07533428,-0.0076199244,0.0065366067
0.01058962,-0.03555631,-0.04724532,0.026233647,-0.05162326,0.043296207,-0.04476888,-0.023526788,-0.054509163,-0.040688742,0.0065410403,0.003895635,-0.0056021125,-0.022970373,-0.083618015,-0.05675264,-0.025288258,-0.047699198,-0.022436246,-0.069893196,-0.044840716,0.01812034,-0.06282691,-0.006723208,-0.060197365,0.002893593,-0.037524454,-0.07253784,-0.031052528,-0.05818827,-0.020922102,0.032379217,-0.033015795,-0.03017482,-0.076305136,-0.040627416,-0.037521698,0.012344488
-0.05488762,-0.06132698,-0.054634932,-0.0118201,0.014474029,-0.0040845126,-0.053466592,-0.033578373,-0.013909969,-0.054975364,-0.02383868,-0.035358872,-0.021962047,-0.017562706,-0.07231339,-0.036907036,-0.017420124,-0.0028325098,-0.07120943,-0.06559378,-0.021918774,-0.009918982,-0.05249894,-0.0363582,0.00613893,-0.07953255,-0.042407185,-0.06913228,-0.037520867,-0.013450679,-0.03725894,-0.028679183,-0.013734521,-0.056195684,-0.049116075,0.053396195,-0.070907496,-0.048586834
0.08439409,0.015037076,0.054717526,0.08725711,0.019456666,0.012130132,0.068651654,0.06307701,0.076143496,0.033903178,0.077552885,0.07725136,0.019860605,0.0934943,0.09198232,0.07403715,0.074107654,0.012325176,0.0033374063,0.021465952,-0.008837122,0.06963405,-0.005609037,0.060499378,0.076070316,-0.005979616,0.046309706,0.042610087,0.072167605,0.04058669,0.068090014,0.018572336,0.049762502,-0.018187007,-0.020351276,0.05537281,0.06455493,-0.007028419
0.021318652,-0.07571288,0.012849261,-0.03871129,-0.050134227,-0.016966438,-0.005469023,-0.03305972,-0.044859614,-0.012565601,-0.008494328,-0.016622284,0.00618883,-0.015773349,-0.0029310908,-0.054163862,0.01240904,-0.062441986,0.024476493,-0.023024313,0.023671288,-0.021598158,-0.032033153,-0.07927246,-0.07088414,0.03031371,-0.006629838,-0.0074933963,-0.035274375,-0.042612556,-0.011767646,-0.0004998715,-0.034343604,-0.009145417,-0.03691273,0.00087919325,-0.061001472,-0.028440807
