ItemNumber,Image,Audio,NormName,NameAgr,FrqPerMil.Log10,LOG10(SUBTLWF +1),SUBTLWF +1,SUBTLWF,VisComp,Length,IPA,AltPro,Morphemes,Syllables,Target,First Phoneme,CategoryName,Category-Level Cohesion,Item-Level Cohesion
12,apron_12_mono.jpg,apron_12_mono.wav,apron,1,0.564666064,0.56427143,3.666666667,2.666666667,3,5,epr?n,ep?rn,1,2,apron,e,Accessories,0.199736666,0.333217903
22,backpack_22_cmpd.jpg,backpack_22_cmpd.wav,backpack,1,0.667452953,0.66717817,4.647058824,3.647058824,3.333333333,6,bækpæk,,2,2,backpack,b,Accessories,0.283939965,0.355084718
805,bandana_805_mono.jpg,bandana_805_mono.wav,bandana,0.8,0.091770373,0.091770373,1.235294118,0.235294118,3,7,bændæn?,,1,3,bandana,b,Accessories,0.335529662,0.416345425
47,belt_47_mono.jpg,belt_47_mono.wav,belt,1,1.403977964,1.404028349,25.35294118,24.35294118,2.272727273,4,b?lt,,1,1,belt,b,Accessories,0.342733785,0.371042877
49,bib_49_mono.jpg,bib_49_mono.wav,bib,0.8,0.173186268,0.173243416,1.490196078,0.490196078,2.4,3,b?b,,1,1,bib,b,Accessories,0.244414954,0.383288375
811,bracelet_811_mono.jpg,bracelet_811_mono.wav,bracelet,0.95,0.944676165,0.944676165,8.803921569,7.803921569,2.4,7,bresl?t,,1,2,bracelet,b,Accessories,0.409139891,0.404897596
96,cane_96_mono.jpg,cane_96_mono.wav,cane,0.95,0.969881644,0.970036777,9.333333333,8.333333333,2,3,ken,,1,1,cane,k,Accessories,0.243258037,0.327935363
103,cast_103_mono.jpg,cast_103_mono.wav,cast,0.95,1.382737266,1.382687877,24.1372549,23.1372549,2.2,4,kæst,,1,1,cast,k,Accessories,0.307898395,0.310370905
818,collar_818_mono.jpg,collar_818_mono.wav,collar,0.9,1.061067925,1.061067925,11.50980392,10.50980392,2.111111111,5,k?l?r,,1,2,collar,k,Accessories,0.37980795,0.419545363
153,crutches_153_mono.jpg,crutches_153_mono.wav,crutches,1,0.419955748,0.419534622,2.62745098,1.62745098,1,4,kr?t?,,1,1,crutches,k,Accessories,0.165926659,0.288701155
820,diaper_820_mono.jpg,diaper_820_mono.wav,diaper,1,0.722182104,0.722182104,5.274509804,4.274509804,1.666666667,5,da?p?r,,1,2,diaper,d,Accessories,0.078939115,0.314813643
629,earmuffs_629_cmpd.jpg,earmuffs_629_cmpd.wav,earmuffs,0.95,0.35320432,0.124938737,1.333333333,0.333333333,2.4,6,irm?fs,,2,2,earmuffs,ir,Accessories,0.325909296,0.389531607
821,earrings_821_mono.jpg,earrings_821_mono.wav,earrings,1,0.853531208,0.853531208,7.137254902,6.137254902,2.777777778,4,ir??,,2,2,earrings,ir,Accessories,0.343639266,0.37142772
232,glasses_232_mono.jpg,glasses_232_mono.wav,glasses,0.8,1.533009022,1.532979072,34.11764706,33.11764706,1.25,6,?læs?z,,1,2,glasses,?,Accessories,0.303662262,0.358855733
234,glove_234_mono.jpg,glove_234_mono.wav,glove,1,1.045322979,1.045246255,11.09803922,10.09803922,1.923076923,4,?l?v,,1,1,glove,?,Accessories,0.235256828,0.340153019
248,handcuffs_248_cmpd.jpg,handcuffs_248_cmpd.wav,handcuffs,0.9,0.789580712,0.789359472,6.156862745,5.156862745,1.266666667,6,hænk?f,hændk?f,2,2,handcuffs,h,Accessories,0.288857709,0.362505246
251,hat_251_mono.jpg,hat_251_mono.wav,hat,0.8,1.814114356,1.814090839,65.17647059,64.17647059,2.777777778,3,hæt,,1,1,hat,h,Accessories,0.323188865,0.380109109
256,helmet_256_mono.jpg,helmet_256_mono.wav,helmet,1,1.019946682,1.019971081,10.47058824,9.470588235,2.384615385,6,h?lm?t,,1,2,helmet,h,Accessories,0.165776603,0.352000502
353,necklace_353_cmpd.jpg,necklace_353_cmpd.wav,necklace,1,1.031408464,1.031210382,10.74509804,9.745098039,2.818181818,6,n?kl?s,,2,2,necklace,n,Accessories,0.35988983,0.412098273
392,pipe_392_mono.jpg,pipe_392_mono.wav,pipe,0.85,1.309417226,1.309463163,20.39215686,19.39215686,3,3,pa?p,,1,1,pipe,p,Accessories,0.348962846,0.335403711
408,purse_408_mono.jpg,purse_408_mono.wav,purse,1,1.317227349,1.317325784,20.76470588,19.76470588,2.272727273,4,p?rs,,1,1,purse,p,Accessories,0.415908158,0.409216094
426,ring_426_mono.jpg,ring_426_mono.wav,ring,0.95,1.971971276,1.971948568,93.74509804,92.74509804,3.461538462,3,r??,,1,1,ring,r,Accessories,0.308833129,0.378270161
451,scarf_451_mono.jpg,scarf_451_mono.wav,scarf,0.95,0.755112266,0.754827822,5.68627451,4.68627451,3.666666667,5,sk?rf,,1,1,scarf,s,Accessories,0.284892417,0.411237498
515,sunglasses_515_cmpd.jpg,sunglasses_515_cmpd.wav,sunglasses,0.95,0.693726949,0.693830365,4.941176471,3.941176471,1.6,9,s?n?læs?z,,2,3,sunglasses,s,Accessories,0.247087218,0.362846276
517,suspenders_517_mono.jpg,suspenders_517_mono.wav,suspenders,0.95,0.264817823,0.265557678,1.843137255,0.843137255,1.888888889,10,s?sp?nd?rz,,1,3,suspenders,s,Accessories,0.393151422,0.374586705
860,tiara_860_mono.jpg,tiara_860_mono.wav,tiara,0.8,0.444718168,0.444718168,2.784313725,1.784313725,3.222222222,5,tiær?,"tier?, ti?r?",1,3,tiara,t,Accessories,0.289126383,0.325202019
541,tie_541_mono.jpg,tie_541_mono.wav,tie,0.75,1.657342737,1.657355858,45.43137255,44.43137255,2.230769231,2,ta?,,1,1,tie,t,Accessories,0.356374894,0.370563799
573,umbrella_573_mono.jpg,umbrella_573_mono.wav,umbrella,1,0.92890769,0.92891772,8.490196078,7.490196078,2.333333333,7,?mbr?l?,?mbr?l?,1,3,umbrella,?,Accessories,0.226859702,0.3308598
586,walker_586_mono.jpg,walker_586_mono.wav,walker,0.95,1.226342087,1.226422988,16.84313725,15.84313725,3.181818182,5,w?k?r,,1,2,walker,w,Accessories,0.066832346,0.192675044
658,wallet_658_mono.jpg,wallet_658_mono.wav,wallet,1,0.609167374,1.376648511,23.80392157,22.80392157,2.142857143,5,w?l?t,,1,2,wallet,w,Accessories,0.319707082,0.354897754
589,watch_589_mono.jpg,watch_589_mono.wav,watch,0.8,2.519854234,2.51985372,331.0196078,330.0196078,3,3,w?t?,,1,1,watch,w,Accessories,0.300788375,0.290698349
601,wig_601_mono.jpg,wig_601_mono.wav,wig,1,0.970811611,0.970948203,9.352941176,8.352941176,3.181818182,3,w??,,1,1,wig,w,Accessories,0.147084699,0.3641381
39,bathroom_39_cmpd.jpg,bathroom_39_cmpd.wav,bathroom,1,1.797059695,1.797036595,62.66666667,61.66666667,3.615384615,6,bæ?rum,bæ?r?m,2,2,bathroom,b,Bathroom Items and Toiletries,0.433087761,0.337969236
76,brush_76_mono.jpg,brush_76_mono.wav,brush,0.95,1.180699201,1.180609318,15.15686275,14.15686275,2.166666667,4,br??,,1,1,brush,b,Bathroom Items and Toiletries,0.08536767,0.399370561
135,comb_135_mono.jpg,comb_135_mono.wav,comb,1,0.848804701,0.848732325,7.058823529,6.058823529,1.181818182,3,kom,,1,1,comb,k,Bathroom Items and Toiletries,0.057925056,0.401934859
196,faucet_196_mono.jpg,faucet_196_mono.wav,faucet,1,0.385606274,0.385851509,2.431372549,1.431372549,2.333333333,5,f?s?t,f?s?t,1,2,faucet,f,Bathroom Items and Toiletries,0.155977474,0.369938462
310,lipstick_310_cmpd.jpg,lipstick_310_cmpd.wav,lipstick,1,0.991226076,0.991399828,9.803921569,8.803921569,3.2,7,l?pst?k,,2,2,lipstick,l,Bathroom Items and Toiletries,0.141377919,0.298277841
324,mascara_324_mono.jpg,mascara_324_mono.wav,mascara,0.9,0.352182518,0.353127664,2.254901961,1.254901961,3.222222222,7,mæskær?,"mæsker?, m?skær?",1,3,mascara,m,Bathroom Items and Toiletries,0.137535667,0.322972976
350,nailclipper_350_cmpd.jpg,nailclipper_350_cmpd.wav,nailclipper,0.9,0,#VALUE!,#VALUE!,-,1.444444444,9,nelkl?p?r,,2,3,nail clipper,n,Bathroom Items and Toiletries,0,0.331755183
351,nailpolish_351_cmpd.jpg,nailpolish_351_cmpd.wav,nailpolish,1,0,#VALUE!,#VALUE!,-,2.6,8,nelp?l??,,2,3,nail polish,n,Bathroom Items and Toiletries,0.133235609,0.32124862
399,plunger_399_mono.jpg,plunger_399_mono.wav,plunger,0.9,0.28780173,0.288065018,1.941176471,0.941176471,2.5,7,pl?nd??r,,1,2,plunger,p,Bathroom Items and Toiletries,0.197905753,0.369131473
420,razor_420_mono.jpg,razor_420_mono.wav,razor,0.8,0.896526217,0.896655877,7.882352941,6.882352941,3.181818182,5,rez?r,,1,2,razor,r,Bathroom Items and Toiletries,0.056472133,0.296959195
650,shavingcream_650_cmpd.jpg,shavingcream_650_cmpd.wav,shavingcream,0.95,0,#VALUE!,#VALUE!,-,2,9,?ev??krim,,2,2,shaving cream,?,Bathroom Items and Toiletries,0,0.279472731
466,shower_466_mono.jpg,shower_466_mono.wav,shower,0.9,1.624488363,1.624464101,42.11764706,41.11764706,3.461538462,4,?a??r,,1,2,shower,?,Bathroom Items and Toiletries,0.151117326,0.330623779
467,sink_467_mono.jpg,sink_467_mono.wav,sink,0.9,1.253338005,1.25337602,17.92156863,16.92156863,2.090909091,4,s??k,,1,1,sink,s,Bathroom Items and Toiletries,0.182132616,0.399470481
543,tile_543_mono.jpg,tile_543_mono.wav,tile,0.85,0.494154594,0.493826948,3.117647059,2.117647059,1.769230769,4,ta??l,ta?l,1,2,tile,t,Bathroom Items and Toiletries,0.122065601,0.322891763
547,toilet_547_mono.jpg,toilet_547_mono.wav,toilet,0.9,1.475671188,1.475699668,29.90196078,28.90196078,2.5,5,t??l?t,,1,2,toilet,t,Bathroom Items and Toiletries,0.370694434,0.338399506
548,toiletpaper_548_cmpd.jpg,toiletpaper_548_cmpd.wav,toiletpaper,0.95,0,#VALUE!,#VALUE!,-,1.727272727,10,t??l?tpep?r,,2,4,toilet paper,t,Bathroom Items and Toiletries,0.278986403,0.420276095
552,toothbrush_552_cmpd.jpg,toothbrush_552_cmpd.wav,toothbrush,1,0.77815125,0.77815125,6,5,2.333333333,7,tu?br??,,2,2,toothbrush,t,Bathroom Items and Toiletries,0.214743761,0.427778288
553,toothpaste_553_cmpd.jpg,toothpaste_553_cmpd.wav,toothpaste,1,0.617000341,0.616712279,4.137254902,3.137254902,2.142857143,7,tu?pest,,2,2,toothpaste,t,Bathroom Items and Toiletries,0.088015504,0.345795221
557,towel_557_mono.jpg,towel_557_mono.wav,towel,0.9,1.180699201,1.180609318,15.15686275,14.15686275,3,4,ta??l,"ta?l, tæl",1,2,towel,t,Bathroom Items and Toiletries,0.166670249,0.309656906
570,tweezers_570_mono.jpg,tweezers_570_mono.wav,tweezers,0.9,0.305351369,0.305267049,2.019607843,1.019607843,2.111111111,7,twiz?rz,,1,2,tweezers,t,Bathroom Items and Toiletries,0.007435107,0.338531429
120,chick_120_mono.jpg,chick_120_mono.wav,chick,0.85,1.433929766,1.433879597,27.15686275,26.15686275,3.571428571,3,t??k,,1,1,chick,t?,Birds,0.465099888,0.38353079
627,dove_627_mono.jpg,dove_627_mono.wav,dove,0.8,0.538422911,0.817474631,6.568627451,5.568627451,2.818181818,3,d?v,,1,1,dove,d,Birds,0.340921303,0.336658049
179,duck_179_mono.jpg,duck_179_mono.wav,duck,0.9,1.410945859,1.411025189,25.76470588,24.76470588,3,3,d?k,,1,1,duck,d,Birds,0.388757585,0.346496992
632,flamingo_632_mono.jpg,flamingo_632_mono.wav,flamingo,0.85,0.444871979,0.337752803,2.176470588,1.176470588,3.909090909,8,fl?m???o,,1,3,flamingo,f,Birds,0.414114319,0.414845713
637,hummingbird_637_cmpd.jpg,hummingbird_637_cmpd.wav,hummingbird,1,0.398825067,0.206243676,1.607843137,0.607843137,3.666666667,9,h?m??b?rd,,2,3,hummingbird,h,Birds,0.524407518,0.448875308
365,ostrich_365_mono.jpg,ostrich_365_mono.wav,ostrich,0.9,0.28780173,0.288065018,1.941176471,0.941176471,3.888888889,6,?str?t?,"?str?d?, ?str?t?, ?str?d?",1,2,ostrich,?,Birds,0.446195745,0.418856638
366,owl_366_mono.jpg,owl_366_mono.wav,owl,1,0.820201459,0.820059725,6.607843137,5.607843137,4.272727273,4,a??l,a?l,1,2,owl,a?,Birds,0.48601569,0.39441848
840,parrot_840_mono.jpg,parrot_840_mono.wav,parrot,0.85,0.630886318,0.630886318,4.274509804,3.274509804,4.111111111,5,pær?t,per?t,1,2,parrot,p,Birds,0.54426293,0.420759925
376,peacock_376_cmpd.jpg,peacock_376_cmpd.wav,peacock,1,0.786751422,0.786584418,6.117647059,5.117647059,4.166666667,5,pik?k,,2,2,peacock,p,Birds,0.455361087,0.448205497
843,pelican_843_mono.jpg,pelican_843_mono.wav,pelican,0.85,0.43855786,0.43855786,2.745098039,1.745098039,3.25,7,p?l?k?n,p?l?k?n,1,3,pelican,p,Birds,0.491554952,0.421499899
381,penguin_381_mono.jpg,penguin_381_mono.wav,penguin,0.95,0.588831726,0.589095014,3.882352941,2.882352941,3.25,7,p???w?n,p?n?w?n,1,2,penguin,p,Birds,0.484035328,0.404372264
646,pigeons_646_mono.jpg,pigeons_646_mono.wav,pigeons,0.9,0.512591018,0.65415766,4.509803922,3.509803922,3.133333333,5,p?d??n,,1,2,pigeons,p,Birds,0.66845377,0.431009171
436,rooster_436_mono.jpg,rooster_436_mono.wav,rooster,0.9,0.686636269,0.686881505,4.862745098,3.862745098,3.833333333,6,rust?r,,1,2,rooster,r,Birds,0.441202921,0.389549398
848,seagull_848_cmpd.jpg,seagull_848_cmpd.wav,seagull,0.8,0.345508267,0.345508267,2.215686275,1.215686275,3.75,5,si??l,,2,2,seagull,s,Birds,0.498849615,0.44683891
655,swan_655_mono.jpg,swan_655_mono.wav,swan,1,0.549346636,0.89340272,7.823529412,6.823529412,4.384615385,4,sw?n,,1,1,swan,s,Birds,0.368677893,0.414391776
568,turkey_568_mono.jpg,turkey_568_mono.wav,turkey,1,1.373095987,1.373056311,23.60784314,22.60784314,2.333333333,5,t?rki,,1,2,turkey,t,Birds,0.423554464,0.317286412
863,vulture_863_mono.jpg,vulture_863_mono.wav,vulture,0.9,0.441648937,0.441648937,2.764705882,1.764705882,3.6,6,v?lt??r,,1,2,vulture,v,Birds,0.454981326,0.388880889
659,woodpecker_659_cmpd.jpg,woodpecker_659_cmpd.wav,woodpecker,0.9,0.432584505,0.296751198,1.980392157,0.980392157,3.833333333,8,w?dp?k?r,,2,3,woodpecker,w,Birds,0.520875284,0.439992919
802,antler_802_mono.jpg,antler_802_mono.wav,antler,1,0.111973759,0.111973759,1.294117647,0.294117647,2.166666667,6,æntl?r,,1,2,antler,æ,Body Parts,0.375946282,0.314148062
13,arm_13_mono.jpg,arm_13_mono.wav,arm,1,1.82223348,1.822245021,66.41176471,65.41176471,1.571428571,3,?rm,,1,1,arm,?r,Body Parts,0.454391533,0.407665678
42,beak_42_mono.jpg,beak_42_mono.wav,beak,0.95,0.491361694,0.491086911,3.098039216,2.098039216,3.714285714,3,bik,,1,1,beak,b,Body Parts,0.341781162,0.39567702
44,beard_44_mono.jpg,beard_44_mono.wav,beard,1,1.133858125,1.133789294,13.60784314,12.60784314,3.2,4,bird,,1,1,beard,b,Body Parts,0.234853764,0.336695593
52,blackeye_52_cmpd.jpg,blackeye_52_cmpd.wav,blackeye,0.85,0.008600172,#VALUE!,#VALUE!,-,1.333333333,5,blæka?,,2,2,black eye,b,Body Parts,0.255514455,0.328952684
58,bone_58_mono.jpg,bone_58_mono.wav,bone,1,1.432327792,1.43230891,27.05882353,26.05882353,1.615384615,3,bon,,1,1,bone,b,Body Parts,0.380720715,0.38258575
620,brain_620_mono.jpg,brain_620_mono.wav,brain,1,0.66221935,1.892203763,78.01960784,77.01960784,1.833333333,4,bren,,1,1,brain,b,Body Parts,0.521856049,0.354657552
75,bruise_75_mono.jpg,bruise_75_mono.wav,bruise,0.85,0.627365857,0.626883575,4.235294118,3.235294118,3,4,bruz,,1,1,bruise,b,Body Parts,0.306559749,0.344148671
119,chest_119_mono.jpg,chest_119_mono.wav,chest,0.95,1.623042434,1.623046491,41.98039216,40.98039216,2.6,4,t??st,,1,1,chest,t?,Body Parts,0.479661482,0.419793649
623,chin_623_mono.jpg,chin_623_mono.wav,chin,1,0.581107318,1.136285247,13.68627451,12.68627451,2.8,3,t??n,,1,1,chin,t?,Body Parts,0.328008339,0.399078817
181,ear_181_mono.jpg,ear_181_mono.wav,ear,1,1.51851394,1.51851394,33,32,3.769230769,2,ir,,1,1,ear,ir,Body Parts,0.447523069,0.426083271
188,elbow_188_mono.jpg,elbow_188_mono.wav,elbow,1,0.853698212,0.853531208,7.137254902,6.137254902,2,4,?lbo,,1,2,elbow,?,Body Parts,0.379511078,0.362348139
631,eye_631_mono.jpg,eye_631_mono.wav,eye,1,0.677241846,2.052248701,112.7843137,111.7843137,3.909090909,1,a?,,1,1,eye,a?,Body Parts,0.395089475,0.417904727
197,feather_197_mono.jpg,feather_197_mono.wav,feather,1,0.882524538,0.882379425,7.62745098,6.62745098,3.166666667,5,f?ð?r,,1,2,feather,f,Body Parts,0.282702056,0.353798896
199,fin_199_mono.jpg,fin_199_mono.wav,fin,0.8,0.644438589,0.644612342,4.411764706,3.411764706,2.8,3,f?n,,1,1,fin,f,Body Parts,0.218479371,0.270929496
200,finger_200_mono.jpg,finger_200_mono.wav,finger,0.8,1.57599562,1.575957189,37.66666667,36.66666667,1.666666667,6,f????r,,1,2,finger,f,Body Parts,0.44440525,0.415308024
206,fist_206_mono.jpg,fist_206_mono.wav,fist,1,0.921686475,0.921839423,8.352941176,7.352941176,2.090909091,4,f?st,,1,1,fist,f,Body Parts,0.397089411,0.395710874
214,foot_214_mono.jpg,foot_214_mono.wav,foot,1,1.819017199,1.819027533,65.92156863,64.92156863,1.727272727,3,f?t,,1,1,foot,f,Body Parts,0.460354803,0.437202108
243,hair_243_mono.jpg,hair_243_mono.wav,hair,1,2.189069009,2.189066254,154.5490196,153.5490196,2.6,3,her,,1,1,hair,h,Body Parts,0.474622324,0.400367614
247,hand_247_mono.jpg,hand_247_mono.wav,hand,0.85,2.448165047,2.448160495,280.6470588,279.6470588,2.818181818,4,hænd,,1,1,hand,h,Body Parts,0.469551336,0.388359016
262,hoof_262_mono.jpg,hoof_262_mono.wav,hoof,1,0.436162647,0.435444624,2.725490196,1.725490196,2.5,3,h?f,huf,1,1,hoof,h,Body Parts,0.29702338,0.31787141
264,horn_264_mono.jpg,horn_264_mono.wav,horn,0.85,1.343999069,1.343968214,22.07843137,21.07843137,1.4,4,h?rn,,1,1,horn,h,Body Parts,0.343449719,0.34033369
309,lips_309_mono.jpg,lips_309_mono.wav,lips,0.9,1.50758604,1.507538405,32.17647059,31.17647059,2.833333333,3,l?p,,1,1,lips,l,Body Parts,0.497732614,0.40141094
315,lungs_315_mono.jpg,lungs_315_mono.wav,lungs,1,1.064083436,1.064017305,11.58823529,10.58823529,1.285714286,3,l??,,1,1,lungs,l,Body Parts,0.446243153,0.337354738
834,mane_834_mono.jpg,mane_834_mono.wav,mane,0.9,0.200914843,0.200914843,1.588235294,0.588235294,3.25,3,men,,1,1,mane,m,Body Parts,0.250862534,0.295417649
347,mustache_347_mono.jpg,mustache_347_mono.wav,mustache,0.95,0.773786445,0.773872452,5.941176471,4.941176471,2.090909091,6,m?stæ?,,1,2,mustache,m,Body Parts,0.290609443,0.323497533
352,neck_352_mono.jpg,neck_352_mono.wav,neck,0.9,1.781827153,1.781825746,60.50980392,59.50980392,2.75,3,n?k,,1,1,neck,n,Body Parts,0.452592841,0.42305591
357,nose_357_mono.jpg,nose_357_mono.wav,nose,0.95,1.849726444,1.849696353,70.74509804,69.74509804,3.333333333,3,noz,,1,1,nose,n,Body Parts,0.411746168,0.372061463
471,skull_471_mono.jpg,skull_471_mono.wav,skull,0.95,1.196176185,1.19606234,15.70588235,14.70588235,1.909090909,4,sk?l,,1,1,skull,s,Body Parts,0.445575495,0.37247013
491,spot_491_mono.jpg,spot_491_mono.wav,spot,0.85,1.796366155,1.796356628,62.56862745,61.56862745,3,4,sp?t,,1,1,spot,s,Body Parts,0.213213457,0.31516669
506,stomach_506_mono.jpg,stomach_506_mono.wav,stomach,0.85,1.541828767,1.541872785,34.82352941,33.82352941,1,6,st?m?k,st?m?k,1,2,stomach,s,Body Parts,0.445385558,0.376468848
858,tail_858_mono.jpg,tail_858_mono.wav,tail,1,1.396233545,1.396233545,24.90196078,23.90196078,2.846153846,3,tel,,1,1,tail,t,Body Parts,0.306161214,0.369765502
859,tattoo_859_mono.jpg,tattoo_859_mono.wav,tattoo,1,1.112631283,1.112631283,12.96078431,11.96078431,4,4,tætu,,1,2,tattoo,t,Body Parts,0.33618048,0.339249185
529,tear_529_mono.jpg,tear_529_mono.wav,tear,0.95,1.431363764,1.447158031,28,27,2.555555556,3,tir,,1,1,tear,t,Body Parts,0.309086191,0.332693959
538,thumb_538_mono.jpg,thumb_538_mono.wav,thumb,0.85,1.107888025,1.108007572,12.82352941,11.82352941,3.166666667,3,??m,,1,1,thumb,?,Body Parts,0.338418154,0.406304407
546,toes_546_mono.jpg,toes_546_mono.wav,toes,0.85,1.130655349,1.130649046,13.50980392,12.50980392,3,2,to,,1,1,toes,t,Body Parts,0.519663286,0.369847549
550,tongue_550_mono.jpg,tongue_550_mono.wav,tongue,1,1.50731604,1.507273672,32.15686275,31.15686275,2.666666667,3,t??,,1,1,tongue,t,Body Parts,0.390376691,0.397485736
551,tooth_551_mono.jpg,tooth_551_mono.wav,tooth,1,1.163459552,1.163418638,14.56862745,13.56862745,2.2,3,tu?,,1,1,tooth,t,Body Parts,0.260357123,0.37160524
565,trunk_565_mono.jpg,trunk_565_mono.wav,trunk,0.75,1.318063335,1.318145208,20.80392157,19.80392157,3.25,5,tr??k,,1,1,trunk,t,Body Parts,0.451304411,0.377691068
605,wing_605_mono.jpg,wing_605_mono.wav,wing,0.95,1.327154512,1.327058281,21.23529412,20.23529412,3.133333333,3,w??,,1,1,wing,w,Body Parts,0.329218336,0.358268596
611,wrist_611_mono.jpg,wrist_611_mono.wav,wrist,1,1.05422991,1.054357662,11.33333333,10.33333333,1.769230769,4,r?st,,1,1,wrist,r,Body Parts,0.36716463,0.416519377
803,armor_803_mono.jpg,armor_803_mono.wav,armor,0.85,0.918770191,0.918770191,8.294117647,7.294117647,4.75,5,?rm?r,,1,2,armor,?r,Clothing,0.419456041,0.351707565
60,boot_60_mono.jpg,boot_60_mono.wav,boot,1,1.084218687,1.084120473,12.1372549,11.1372549,2.75,3,but,,1,1,boot,b,Clothing,0.360686589,0.398221446
84,button_84_mono.jpg,button_84_mono.wav,button,0.95,1.46612587,1.466198647,29.25490196,28.25490196,1.333333333,5,b?t?n,,1,2,button,b,Clothing,0.264866885,0.296684595
176,dress_176_mono.jpg,dress_176_mono.wav,dress,0.9,1.945468585,1.945449275,88.19607843,87.19607843,2.2,4,dr?s,,1,1,dress,d,Clothing,0.646933143,0.480114297
254,heel_254_mono.jpg,heel_254_mono.wav,heel,0.95,0.923761961,0.923873593,8.392156863,7.392156863,2,3,hil,,1,1,heel,h,Clothing,0.243095798,0.361279048
277,jacket_277_mono.jpg,jacket_277_mono.wav,jacket,0.9,1.536684673,1.536706945,34.41176471,33.41176471,2.75,5,d?æk?t,,1,2,jacket,d?,Clothing,0.569385813,0.485364101
279,jeans_279_mono.jpg,jeans_279_mono.wav,jeans,0.8,0.881384657,0.881261549,7.607843137,6.607843137,1.857142857,4,d?inz,,1,1,jeans,d?,Clothing,0.56926663,0.413226012
371,pants_371_mono.jpg,pants_371_mono.wav,pants,0.95,1.77633791,1.776302278,59.74509804,58.74509804,1.833333333,5,pænts,,1,1,pants,p,Clothing,0.564473306,0.450554569
400,pocket_400_mono.jpg,pocket_400_mono.wav,pocket,1,1.564784385,1.564735668,36.70588235,35.70588235,1.666666667,5,p?k?t,,1,2,pocket,p,Clothing,0.346926566,0.388061583
417,raincoat_417_cmpd.jpg,raincoat_417_cmpd.wav,raincoat,0.85,0.423245874,0.422763592,2.647058824,1.647058824,3.2,6,renkot,,2,2,raincoat,r,Clothing,0.465374734,0.380565726
429,robe_429_mono.jpg,robe_429_mono.wav,robe,0.9,0.977266212,0.977275186,9.490196078,8.490196078,2.6,3,rob,,1,1,robe,r,Clothing,0.618739755,0.476721537
847,sandals_847_mono.jpg,sandals_847_mono.wav,sandals,1,0.435444624,0.435444624,2.725490196,1.725490196,2.666666667,6,sænd?l,,1,2,sandals,s,Clothing,0.375483465,0.342532974
462,shirt_462_mono.jpg,shirt_462_mono.wav,shirt,0.9,1.675503385,1.675526754,47.37254902,46.37254902,2.692307692,4,??rt,,1,1,shirt,?,Clothing,0.560699848,0.430568586
463,shoe_463_mono.jpg,shoe_463_mono.wav,shoe,1,1.496791316,1.496821156,31.39215686,30.39215686,3.4,2,?u,,1,1,shoe,?,Clothing,0.488600666,0.45409726
464,shoelace_464_cmpd.jpg,shoelace_464_cmpd.wav,shoelace,0.95,0.243038049,0.241819831,1.745098039,0.745098039,1.8,5,?ules,,2,2,shoelace,?,Clothing,0.372840846,0.417374366
474,sleeve_474_mono.jpg,sleeve_474_mono.wav,sleeve,0.9,0.820201459,0.820059725,6.607843137,5.607843137,1.4,4,sliv,,1,1,sleeve,s,Clothing,0.406486586,0.427053776
853,slippers_853_mono.jpg,slippers_853_mono.wav,slippers,0.9,0.789359472,0.789359472,6.156862745,5.156862745,2.8,6,sl?p?r,,1,2,slippers,s,Clothing,0.331407872,0.361728777
482,sock_482_mono.jpg,sock_482_mono.wav,sock,0.95,0.999130541,0.999147606,9.980392157,8.980392157,3,3,s?k,,1,1,sock,s,Clothing,0.322497147,0.4040955
513,suit_513_mono.jpg,suit_513_mono.wav,suit,1,1.842671634,1.842658177,69.60784314,68.60784314,3.444444444,3,sut,,1,1,suit,s,Clothing,0.526904929,0.407778207
518,sweater_518_mono.jpg,sweater_518_mono.wav,sweater,1,1.170261715,1.170376776,14.80392157,13.80392157,2.666666667,6,sw?t?r,,1,2,sweater,s,Clothing,0.471503928,0.450859593
574,underwear_574_cmpd.jpg,underwear_574_cmpd.wav,underwear,0.8,1.35545152,1.355387658,22.66666667,21.66666667,1.142857143,8,?nd?rwer,,2,3,underwear,?,Clothing,0.630167562,0.426149638
581,vest_581_mono.jpg,vest_581_mono.wav,vest,0.85,0.81756537,0.817474631,6.568627451,5.568627451,2.333333333,4,v?st,,1,1,vest,v,Clothing,0.516202315,0.43826934
615,zipper_615_mono.jpg,zipper_615_mono.wav,zipper,0.9,0.582063363,0.582464435,3.823529412,2.823529412,2.4,5,z?p?r,,1,2,zipper,z,Clothing,0.356728022,0.406574104
23,bacon_23_mono.jpg,bacon_23_mono.wav,bacon,1,1.109240969,1.109333663,12.8627451,11.8627451,3,5,bek?n,,1,2,bacon,b,Food,0.374334326,0.366508218
25,bagel_25_mono.jpg,bagel_25_mono.wav,bagel,0.95,0.608526034,0.608400169,4.058823529,3.058823529,3.2,5,be??l,b???l,1,2,bagel,b,Food,0.324814903,0.351557127
619,biscuits_619_mono.jpg,biscuits_619_mono.wav,biscuits,1,0,0.630886318,4.274509804,3.274509804,3.545454545,6,b?sk?t,,1,2,biscuits,b,Food,0.46608634,0.409967304
68,bread_68_mono.jpg,bread_68_mono.wav,bread,1,1.467312063,1.467361417,29.33333333,28.33333333,3.888888889,4,br?d,,1,1,bread,b,Food,0.537833873,0.410174197
69,breakfast_69_cmpd.jpg,breakfast_69_cmpd.wav,breakfast,0.9,1.827950528,1.827977103,67.29411765,66.29411765,3,8,br?kf?st,,2,2,breakfast,b,Food,0.511383013,0.352802703
82,butter_82_mono.jpg,butter_82_mono.wav,butter,1,1.331022171,1.331049986,21.43137255,20.43137255,2.6,5,b?t?r,,1,2,butter,b,Food,0.367741394,0.375154664
88,cake_88_mono.jpg,cake_88_mono.wav,cake,0.95,1.663323934,1.663312841,46.05882353,45.05882353,3.363636364,3,kek,,1,1,cake,k,Food,0.482312427,0.411422993
95,candy_95_mono.jpg,candy_95_mono.wav,candy,0.95,1.565611725,1.565662658,36.78431373,35.78431373,2.6,5,kændi,,1,2,candy,k,Food,0.46250197,0.379738388
816,champagne_816_mono.jpg,champagne_816_mono.wav,champagne,0.8,1.509123423,1.509123423,32.29411765,31.29411765,3.615384615,6,?æmpen,,1,2,champagne,?,Food,0.215088227,0.275040445
117,cheese_117_mono.jpg,cheese_117_mono.wav,cheese,0.8,1.602494069,1.602485562,40.03921569,39.03921569,3,3,t?iz,,1,1,cheese,t?,Food,0.483522427,0.390683156
122,chocolate_122_mono.jpg,chocolate_122_mono.wav,chocolate,0.95,1.4827307,1.482761522,30.39215686,29.39215686,2.384615385,6,t??kl?t,"t??k?l?t, t??k?l?t, t??kl?t",1,2,chocolate,t?,Food,0.419903829,0.370037616
819,cookies_819_mono.jpg,cookies_819_mono.wav,cookies,1,1.276506858,1.276506858,18.90196078,17.90196078,3.181818182,4,k?ki,,1,2,cookies,k,Food,0.418453201,0.371073163
142,cottoncandy_142_cmpd.jpg,cottoncandy_142_cmpd.wav,cottoncandy,0.95,0,#VALUE!,#VALUE!,-,3.4,10,k?t?nkændi,,2,4,cotton candy,k,Food,0.43824291,0.32791789
146,crackers_146_mono.jpg,crackers_146_mono.wav,crackers,0.8,0.824125834,0.823908741,6.666666667,5.666666667,3.2,6,kræk?r,,1,2,crackers,k,Food,0.397289362,0.3746407
149,croissant_149_mono.jpg,croissant_149_mono.wav,croissant,1,0.274157849,0.274701057,1.882352941,0.882352941,2.333333333,7,kr?s?nt,"kr?s?nt, kw?s?n",1,2,croissant,k,Food,0.251060123,0.296177374
156,cupcake_156_cmpd.jpg,cupcake_156_cmpd.wav,cupcake,1,0.630427875,0.630886318,4.274509804,3.274509804,2.428571429,6,k?pkek,,2,2,cupcake,k,Food,0.317309655,0.358380632
173,dough_173_mono.jpg,dough_173_mono.wav,dough,0.95,1.227372442,1.227432975,16.88235294,15.88235294,2.846153846,2,do,,1,1,dough,d,Food,0.448883971,0.356925968
184,egg_184_mono.jpg,egg_184_mono.wav,egg,1,1.432006687,1.43199409,27.03921569,26.03921569,1.769230769,2,??,e?,1,1,egg,?,Food,0.42908179,0.367329167
186,eggrolls_186_cmpd.jpg,eggrolls_186_cmpd.wav,eggrolls,0.75,0.008600172,0.008433168,1.019607843,0.019607843,1.857142857,5,??rol,e?rol,2,2,egg rolls,?,Food,0.48168187,0.398152447
261,honey_261_mono.jpg,honey_261_mono.wav,honey,0.95,1.414973348,2.479273194,301.4901961,300.4901961,2.5,4,h?ni,,1,2,honey,h,Food,0.325380697,0.358800679
829,hotdog_829_cmpd.jpg,hotdog_829_cmpd.wav,hotdog,1,0.143688173,0.143688173,1.392156863,0.392156863,3,6,h?td??,h?td??,2,2,hotdog,h,Food,0.281053828,0.307608034
286,ketchup_286_mono.jpg,ketchup_286_mono.wav,ketchup,0.9,0.850033258,0.849937026,7.078431373,6.078431373,3,5,k?t??p,"kæt??p, kæts?p",1,2,ketchup,k,Food,0.274139356,0.335905047
348,mustard_348_mono.jpg,mustard_348_mono.wav,mustard,0.95,0.872156273,0.872213421,7.450980392,6.450980392,2.636363636,7,m?st?rd,,1,2,mustard,m,Food,0.256404797,0.335632648
839,pancakes_839_cmpd.jpg,pancakes_839_cmpd.wav,pancakes,1,1.027229653,1.027229653,10.64705882,9.647058824,2.857142857,6,pænkek,,2,2,pancakes,p,Food,0.379637524,0.37137722
841,peanuts_841_mono.jpg,peanuts_841_mono.wav,peanuts,0.95,0.931916313,0.931916313,8.549019608,7.549019608,3.142857143,5,pin?t,pin?t,2,2,peanuts,p,Food,0.402362069,0.368611545
645,pickles_645_mono.jpg,pickles_645_mono.wav,pickles,0.8,0.515410172,0.670827725,4.68627451,3.68627451,3.5,5,p?k?l,,1,2,pickles,p,Food,0.279928972,0.306694554
385,pie_385_mono.jpg,pie_385_mono.wav,pie,0.9,1.47348697,1.473415405,29.74509804,28.74509804,3.285714286,2,pa?,,1,1,pie,p,Food,0.455735377,0.373085988
394,pizza_394_mono.jpg,pizza_394_mono.wav,pizza,1,1.537944959,1.537942492,34.50980392,33.50980392,3.5,5,pits?,,1,2,pizza,p,Food,0.534369415,0.376859007
401,popcorn_401_cmpd.jpg,popcorn_401_cmpd.wav,popcorn,1,1.005180513,1.005079526,10.11764706,9.117647059,3.166666667,7,p?pk?rn,,2,2,popcorn,p,Food,0.297392815,0.335441724
404,pretzel_404_mono.jpg,pretzel_404_mono.wav,pretzel,1,0.477121255,0.477121255,3,2,1.333333333,7,pr?ts?l,,1,2,pretzel,p,Food,0.342324001,0.374139483
425,rice_425_mono.jpg,rice_425_mono.wav,rice,0.95,1.206286044,1.206243676,16.07843137,15.07843137,2.75,3,ra?s,,1,1,rice,r,Food,0.458331697,0.341449459
444,salad_444_mono.jpg,salad_444_mono.wav,salad,0.95,1.255754787,1.255745335,18.01960784,17.01960784,4.142857143,5,sæl?d,,1,2,salad,s,Food,0.432314293,0.356398399
446,sandwich_446_mono.jpg,sandwich_446_mono.wav,sandwich,0.95,1.360214613,1.360244335,22.92156863,21.92156863,4.142857143,7,sændw?t?,"sænw?t?, sæmw?t?, sæmw?t?, sændw?t?, sænw?t?",1,2,sandwich,s,Food,0.444885749,0.383137284
651,shrimp_651_mono.jpg,shrimp_651_mono.wav,shrimp,1,0.562102447,0.987035023,9.705882353,8.705882353,2.818181818,5,?r?mp,,1,1,shrimp,?,Food,0.37910333,0.347140605
483,soup_483_mono.jpg,soup_483_mono.wav,soup,1,1.418301291,1.418236282,26.19607843,25.19607843,2.777777778,3,sup,,1,1,soup,s,Food,0.454629478,0.369133924
484,spaghetti_484_mono.jpg,spaghetti_484_mono.wav,spaghetti,0.95,0.840106094,0.840204529,6.921568627,5.921568627,3.363636364,7,sp???ti,,1,3,spaghetti,s,Food,0.365337352,0.356842247
502,steak_502_mono.jpg,steak_502_mono.wav,steak,0.95,1.236537261,1.236418699,17.23529412,16.23529412,4.076923077,4,stek,,1,1,steak,s,Food,0.468536095,0.366368458
512,sugar_512_mono.jpg,sugar_512_mono.wav,sugar,0.85,1.588383768,1.588436493,38.76470588,37.76470588,3.8,5,????r,,1,2,sugar,?,Food,0.359683725,0.344364053
516,sushi_516_mono.jpg,sushi_516_mono.wav,sushi,1,0.728353782,0.728592471,5.352941176,4.352941176,3,4,su?i,,1,2,sushi,s,Food,0.417533799,0.334174266
521,syrup_521_mono.jpg,syrup_521_mono.wav,syrup,0.85,0.785329835,0.785190213,6.098039216,5.098039216,3.307692308,5,sir?p,"s?r?p, s?r?p",1,2,syrup,s,Food,0.299548073,0.362060483
527,teabag_527_cmpd.jpg,teabag_527_cmpd.wav,teabag,0.9,0.017033339,0.016705694,1.039215686,0.039215686,3,5,tibæ?,,2,2,teabag,t,Food,0.287233076,0.28641839
864,waffles_864_mono.jpg,waffles_864_mono.wav,waffles,0.95,0.554880914,0.554880914,3.588235294,2.588235294,3.571428571,5,w?f?l,w?f?l,1,2,waffles,w,Food,0.343859538,0.352602134
604,wine_604_mono.jpg,wine_604_mono.wav,wine,0.9,1.787814567,1.787835387,61.35294118,60.35294118,3.8,3,wa?n,,1,1,wine,w,Food,0.412160236,0.308031595
11,apple_11_mono.jpg,apple_11_mono.wav,apple,1,1.392169149,1.392110465,24.66666667,23.66666667,1.666666667,4,æp?l,,1,2,apple,æ,Fruits & Vegetables,0.35220418,0.337262654
16,asparagus_16_mono.jpg,asparagus_16_mono.wav,asparagus,0.85,0.29666519,0.296751198,1.980392157,0.980392157,1.444444444,9,?spær???s,"?sp?r???s, ?sper???s",1,4,asparagus,?,Fruits & Vegetables,0.342097949,0.330983669
19,avocado_19_mono.jpg,avocado_19_mono.wav,avocado,1,0.346352974,0.345508267,2.215686275,1.215686275,2.75,7,?v?k?do,æv?k?do,1,4,avocado,?,Fruits & Vegetables,0.330581762,0.310234242
29,banana_29_mono.jpg,banana_29_mono.wav,banana,1,1.069298012,1.069131008,11.7254902,10.7254902,1.615384615,6,b?næn?,,1,3,banana,b,Fruits & Vegetables,0.353066632,0.406597884
56,blueberry_56_cmpd.jpg,blueberry_56_cmpd.wav,blueberry,1,0.552668216,0.552501212,3.568627451,2.568627451,1.4,7,blub?ri,"blub?ri, bluberi",2,3,blueberry,b,Fruits & Vegetables,0.301041499,0.363189607
73,broccoli_73_mono.jpg,broccoli_73_mono.wav,broccoli,0.95,0.514547753,0.515146295,3.274509804,2.274509804,2.090909091,7,br?k?li,br?kli,1,3,broccoli,b,Fruits & Vegetables,0.489085424,0.376768242
102,carrot_102_mono.jpg,carrot_102_mono.wav,carrot,1,0.683047038,0.683364931,4.823529412,3.823529412,2.833333333,5,kær?t,ker?t,1,2,carrot,k,Fruits & Vegetables,0.49500812,0.364240024
107,cauliflower_107_mono.jpg,cauliflower_107_mono.wav,cauliflower,0.95,0.190331698,0.190056915,1.549019608,0.549019608,3.444444444,9,k?l?fla??r,"k?lifla??r, k?l?fla??r, k?lifla??r",1,4,cauliflower,k,Fruits & Vegetables,0.4071183,0.340956386
110,celery_110_mono.jpg,celery_110_mono.wav,celery,0.95,0.456366033,0.45678268,2.862745098,1.862745098,2.411764706,6,s?l?ri,s?lri,1,3,celery,s,Fruits & Vegetables,0.41790539,0.353127094
118,cherries_118_mono.jpg,cherries_118_mono.wav,cherries,1,0.471291711,0.471406771,2.960784314,1.960784314,3.307692308,4,t??ri,t?eri,1,2,cherries,t?,Fruits & Vegetables,0.373402435,0.333469594
134,coconut_134_cmpd.jpg,coconut_134_cmpd.wav,coconut,0.95,0.747411808,0.747274684,5.588235294,4.588235294,2.272727273,7,kok?n?t,,2,3,coconut,k,Fruits & Vegetables,0.315095953,0.401146726
141,corn_141_mono.jpg,corn_141_mono.wav,corn,0.9,1.182414652,1.182291545,15.21568627,14.21568627,3.888888889,4,k?rn,,1,1,corn,k,Fruits & Vegetables,0.399451881,0.346908306
154,cucumber_154_mono.jpg,cucumber_154_mono.wav,cucumber,1,0.474216264,0.474273412,2.980392157,1.980392157,1.615384615,9,kjuk?mb?r,,1,3,cucumber,k,Fruits & Vegetables,0.474089185,0.341811306
185,eggplant_185_cmpd.jpg,eggplant_185_cmpd.wav,eggplant,0.9,0.322219295,0.321813602,2.098039216,1.098039216,1.888888889,7,??plænt,e?plænt,2,2,eggplant,?,Fruits & Vegetables,0.446231396,0.341330184
225,garlic_225_mono.jpg,garlic_225_mono.wav,garlic,0.9,0.84509804,0.84509804,7,6,3,6,??rl?k,,1,2,garlic,?,Fruits & Vegetables,0.30549691,0.320530991
229,ginger_229_mono.jpg,ginger_229_mono.wav,ginger,0.9,0.869818208,0.869921624,7.411764706,6.411764706,3.166666667,6,d??nd??r,,1,2,ginger,d?,Fruits & Vegetables,0.156408173,0.307046736
239,grapes_239_mono.jpg,grapes_239_mono.wav,grapes,0.95,0.693726949,0.693830365,4.941176471,3.941176471,2.777777778,4,?rep,,1,1,grapes,?,Fruits & Vegetables,0.487280292,0.365197083
639,kiwi_639_mono.jpg,kiwi_639_mono.wav,kiwi,0.85,0.417106167,0.251471216,1.784313725,0.784313725,2.166666667,4,kiwi,,1,2,kiwi,k,Fruits & Vegetables,0.365538208,0.347398714
299,lemon_299_mono.jpg,lemon_299_mono.wav,lemon,1,1.114610984,1.114597903,13.01960784,12.01960784,3,5,l?m?n,,1,2,lemon,l,Fruits & Vegetables,0.313433491,0.390735328
307,lime_307_mono.jpg,lime_307_mono.wav,lime,1,0.632457292,0.632873939,4.294117647,3.294117647,2.866666667,3,la?m,,1,1,lime,l,Fruits & Vegetables,0.289416322,0.365347697
363,onion_363_mono.jpg,onion_363_mono.wav,onion,1,0.719331287,0.718941085,5.235294118,4.235294118,3.166666667,5,?nj?n,,1,2,onion,?,Fruits & Vegetables,0.311518664,0.351782388
364,orange_364_mono.jpg,orange_364_mono.wav,orange,1,1.367542274,1.367611679,23.31372549,22.31372549,1.727272727,5,?r?nd?,?r?nd?,1,2,orange,?r,Fruits & Vegetables,0.331614293,0.373903369
378,pear_378_mono.jpg,pear_378_mono.wav,pear,0.95,0.367355921,0.367976785,2.333333333,1.333333333,2.714285714,3,per,,1,1,pear,p,Fruits & Vegetables,0.358024468,0.336354464
644,peas_644_mono.jpg,peas_644_mono.wav,peas,0.95,0.528479616,0.751822312,5.647058824,4.647058824,3,2,pi,,1,1,peas,p,Fruits & Vegetables,0.392750387,0.368972692
390,pineapple_390_cmpd.jpg,pineapple_390_cmpd.wav,pineapple,1,0.550228353,0.550108399,3.549019608,2.549019608,1.666666667,7,pa?næp?l,,2,3,pineapple,p,Fruits & Vegetables,0.370696238,0.381455576
398,plum_398_mono.jpg,plum_398_mono.wav,plum,0.9,0.644438589,0.644612342,4.411764706,3.411764706,2,4,pl?m,,1,1,plum,p,Fruits & Vegetables,0.359569625,0.346595694
403,potato_403_mono.jpg,potato_403_mono.wav,potato,1,1.089551883,1.089697365,12.29411765,11.29411765,2.454545455,6,p?teto,p?tet?,1,3,potato,p,Fruits & Vegetables,0.305509212,0.345966454
407,pumpkin_407_mono.jpg,pumpkin_407_mono.wav,pumpkin,1,1.073351702,1.073466763,11.84313725,10.84313725,2.636363636,7,p?mpk?n,"p?mpk?n, p?mk?n, p??k?n",1,2,pumpkin,p,Fruits & Vegetables,0.313334736,0.373644146
419,raspberry_419_cmpd.jpg,raspberry_419_cmpd.wav,raspberry,0.95,0.459392488,0.459747159,2.882352941,1.882352941,3.6,7,ræzb?ri,"ræzb?ri, ræzberi",2,3,raspberry,r,Fruits & Vegetables,0.26309085,0.382013637
509,strawberry_509_cmpd.jpg,strawberry_509_cmpd.wav,strawberry,1,0.814913181,0.814874057,6.529411765,5.529411765,3.153846154,8,str?b?ri,"str?beri, str?b?ri",2,3,strawberry,s,Fruits & Vegetables,0.313741677,0.376959423
549,tomato_549_mono.jpg,tomato_549_mono.wav,tomato,1,0.838849091,0.838972487,6.901960784,5.901960784,3,6,t?meto,,1,3,tomato,t,Fruits & Vegetables,0.401086431,0.354954259
591,watermelon_591_cmpd.jpg,watermelon_591_cmpd.wav,watermelon,0.9,0.505149978,0.504617428,3.196078431,2.196078431,3.6,10,w?t?rm?l?n,"wat?rm?l?n, w?t?rm?l?n",2,4,watermelon,w,Fruits & Vegetables,0.496911264,0.40643767
15,ashtray_15_cmpd.jpg,ashtray_15_cmpd.wav,ashtray,0.95,0.62838893,0.628889558,4.254901961,3.254901961,2.777777778,5,æ?tre,,2,2,ashtray,æ,Furnishings & Decor,0.210671975,0.293733855
34,barrel_34_mono.jpg,barrel_34_mono.wav,barrel,1,1.065579715,1.065484517,11.62745098,10.62745098,3.666666667,5,bær?l,ber?l,1,2,barrel,b,Furnishings & Decor,0.18103321,0.315348568
45,bed_45_mono.jpg,bed_45_mono.wav,bed,1,2.27443497,2.274429538,188.1176471,187.1176471,2.4,3,b?d,,1,1,bed,b,Furnishings & Decor,0.293945537,0.367613242
48,bench_48_mono.jpg,bench_48_mono.wav,bench,1,1.028164419,1.028028724,10.66666667,9.666666667,3,4,b?nt?,,1,1,bench,b,Furnishings & Decor,0.258382309,0.351850002
90,calendar_90_mono.jpg,calendar_90_mono.wav,calendar,0.95,0.909556029,0.909430165,8.117647059,7.117647059,2.714285714,8,kæl?nd?r,,1,3,calendar,k,Furnishings & Decor,0.23081992,0.26053057
94,candle_94_mono.jpg,candle_94_mono.wav,candle,1,0.955206538,0.955187656,9.019607843,8.019607843,1.545454545,6,kænd?l,,1,2,candle,k,Furnishings & Decor,0.219665957,0.335104523
113,chair_113_mono.jpg,chair_113_mono.wav,chair,0.95,1.701049631,1.701008949,50.23529412,49.23529412,2.75,3,t?er,,1,1,chair,t?,Furnishings & Decor,0.303971957,0.354045804
622,chandelier_622_mono.jpg,chandelier_622_mono.wav,chandelier,0.95,0.456866853,0.382334935,2.411764706,1.411764706,4.6,8,?ænd?lir,,1,3,chandelier,?,Furnishings & Decor,0.400930966,0.336889161
130,clock_130_mono.jpg,clock_130_mono.wav,clock,1,1.775464809,1.775446244,59.62745098,58.62745098,2.25,4,kl?k,,1,1,clock,k,Furnishings & Decor,0.161243529,0.319793456
148,crib_148_mono.jpg,crib_148_mono.wav,crib,1,0.857332496,0.857095888,7.196078431,6.196078431,4,4,kr?b,,1,1,crib,k,Furnishings & Decor,0.297757638,0.352390444
157,curtains_157_mono.jpg,curtains_157_mono.wav,curtains,0.95,0.862727528,0.862972764,7.294117647,6.294117647,2.857142857,6,k?rt?n,,1,2,curtains,k,Furnishings & Decor,0.327621821,0.301596248
163,desk_163_mono.jpg,desk_163_mono.wav,desk,1,1.652246341,1.652265306,44.90196078,43.90196078,3,4,d?sk,,1,1,desk,d,Furnishings & Decor,0.365599544,0.359689395
166,discoball_166_cmpd.jpg,discoball_166_cmpd.wav,discoball,0.9,0,#VALUE!,#VALUE!,-,3,8,d?skob?l,,2,3,disco ball,d,Furnishings & Decor,0.137083691,0.259851311
177,dresser_177_mono.jpg,dresser_177_mono.wav,dresser,0.9,0.6599162,0.659785745,4.568627451,3.568627451,1.666666667,6,dr?s?r,,1,2,dresser,d,Furnishings & Decor,0.411604443,0.367082027
194,fan_194_mono.jpg,fan_194_mono.wav,fan,1,1.557988148,1.557955159,36.1372549,35.1372549,3,3,fæn,,1,1,fan,f,Furnishings & Decor,0.130057439,0.247852357
246,hammock_246_mono.jpg,hammock_246_mono.wav,hammock,0.9,0.378397901,0.378789655,2.392156863,1.392156863,4,5,hæm?k,,1,2,hammock,h,Furnishings & Decor,0.179330267,0.265955701
257,highchair_257_cmpd.jpg,highchair_257_cmpd.wav,highchair,0.9,0.064457989,0.063281836,1.156862745,0.156862745,3.181818182,5,ha?t?er,,2,2,high chair,h,Furnishings & Decor,0.312268039,0.312760248
283,jukebox_283_mono.jpg,jukebox_283_mono.wav,jukebox,1,0.514547753,0.515146295,3.274509804,2.274509804,4.454545455,7,d?ukb?ks,d?utb?ks,1,2,jukebox,d?,Furnishings & Decor,0.194480903,0.266718208
296,lamp_296_mono.jpg,lamp_296_mono.wav,lamp,0.85,1.142389466,1.142463082,13.88235294,12.88235294,2.666666667,4,læmp,,1,1,lamp,l,Furnishings & Decor,0.300276864,0.36023214
316,magazines_316_mono.jpg,magazines_316_mono.wav,magazines,0.85,1.051152522,1.051341716,11.25490196,10.25490196,3.333333333,7,mæ??zin,,1,3,magazines,m,Furnishings & Decor,0.229321201,0.26156774
327,mattress_327_mono.jpg,mattress_327_mono.wav,mattress,0.85,0.881384657,0.881261549,7.607843137,6.607843137,2,6,mætr?s,,1,2,mattress,m,Furnishings & Decor,0.259489918,0.347388393
334,mirror_334_mono.jpg,mirror_334_mono.wav,mirror,1,1.401055726,1.400994848,25.17647059,24.17647059,2.4,5,mir?r,m?r?r,1,2,mirror,m,Furnishings & Decor,0.093806569,0.247884853
387,piggybank_387_cmpd.jpg,piggybank_387_cmpd.wav,piggybank,0.95,0,#VALUE!,#VALUE!,-,2.866666667,8,p??ibæ?k,,2,3,piggy bank,p,Furnishings & Decor,0.1281078,0.329019174
389,pillow_389_mono.jpg,pillow_389_mono.wav,pillow,1,1.093071306,1.093146902,12.39215686,11.39215686,2.555555556,4,p?lo,,1,2,pillow,p,Furnishings & Decor,0.276711666,0.341684061
647,radio_647_mono.jpg,radio_647_mono.wav,radio,0.9,0.662304418,1.89307606,78.17647059,77.17647059,3.6,5,redio,,1,3,radio,r,Furnishings & Decor,0.158684321,0.294048823
422,recordplayer_422_cmpd.jpg,recordplayer_422_cmpd.wav,recordplayer,0.95,0,#VALUE!,#VALUE!,-,3.4,11,r?k?rdple?r,,2,4,record player,r,Furnishings & Decor,0.092916493,0.271137757
844,rockingchair_844_cmpd.jpg,rockingchair_844_cmpd.wav,rockingchair,0.85,0,#VALUE!,#VALUE!,-,2.8,8,r?k??t?er,,2,3,rocking chair,r,Furnishings & Decor,0.123251136,0.283994874
845,rug_845_mono.jpg,rug_845_mono.wav,rug,0.9,1.057352809,1.057352809,11.41176471,10.41176471,3.615384615,3,r??,,1,1,rug,r,Furnishings & Decor,0.366232849,0.339267052
442,safe_442_mono.jpg,safe_442_mono.wav,safe,1,2.15896526,2.158953449,144.1960784,143.1960784,3.333333333,3,sef,,1,1,safe,s,Furnishings & Decor,0.173053733,0.231228506
486,speaker_486_mono.jpg,speaker_486_mono.wav,speaker,0.95,0.897627091,0.89773487,7.901960784,6.901960784,2.818181818,6,spik?r,,1,2,speaker,s,Furnishings & Decor,0.213195963,0.324726823
505,stocking_505_mono.jpg,stocking_505_mono.wav,stocking,1,0.559906625,0.559601552,3.62745098,2.62745098,2.333333333,6,st?k??,,1,2,stocking,s,Furnishings & Decor,0.229787224,0.296209542
507,stool_507_mono.jpg,stool_507_mono.wav,stool,0.9,0.654176542,0.65415766,4.509803922,3.509803922,1.75,4,stul,,1,1,stool,s,Furnishings & Decor,0.264713968,0.353609964
522,table_522_mono.jpg,table_522_mono.wav,table,0.9,2.027879409,2.027869027,106.627451,105.627451,2.75,5,teb?l,,1,2,table,t,Furnishings & Decor,0.351968436,0.352161646
861,tray_861_mono.jpg,tray_861_mono.wav,tray,0.75,0.956130749,0.956130749,9.039215686,8.039215686,3.333333333,3,tre,,1,1,tray,t,Furnishings & Decor,0.239185965,0.333499499
560,treadmill_560_cmpd.jpg,treadmill_560_cmpd.wav,treadmill,0.9,0.260071388,0.260912772,1.823529412,0.823529412,3,7,tr?dm?l,,2,2,treadmill,t,Furnishings & Decor,0.13397228,0.261416769
579,vase_579_mono.jpg,vase_579_mono.wav,vase,0.95,0.684845362,0.685126777,4.843137255,3.843137255,1.225352113,3,ves,"vez, v?z",1,1,vase,v,Furnishings & Decor,0.247408086,0.307305076
609,wreath_609_mono.jpg,wreath_609_mono.wav,wreath,1,0.31386722,0.313619123,2.058823529,1.058823529,3.769230769,3,ri?,,1,1,wreath,r,Furnishings & Decor,0.395839736,0.30189224
24,bag_24_mono.jpg,bag_24_mono.wav,bag,0.9,1.977906428,1.977902844,95.03921569,94.03921569,1.909090909,3,bæ?,,1,1,bag,b,Kitchen Items,0.310975962,0.373386191
36,basket_36_mono.jpg,basket_36_mono.wav,basket,1,1.151676231,1.151568121,14.17647059,13.17647059,3,6,bæsk?t,bæsk?t,1,2,basket,b,Kitchen Items,0.286632463,0.334630292
54,blender_54_mono.jpg,blender_54_mono.wav,blender,1,0.426511261,0.425968732,2.666666667,1.666666667,1.2,7,bl?nd?r,,1,2,blender,b,Kitchen Items,0.340554612,0.310596513
61,bottle_61_mono.jpg,bottle_61_mono.wav,bottle,0.95,1.713910354,1.713869214,51.74509804,50.74509804,2.6,5,b?t?l,,1,2,bottle,b,Kitchen Items,0.300745761,0.374954377
63,bowl_63_mono.jpg,bowl_63_mono.wav,bowl,1,1.351216345,1.351235311,22.45098039,21.45098039,1.857142857,3,bol,,1,1,bowl,b,Kitchen Items,0.266056538,0.372516584
814,cabinet_814_mono.jpg,cabinet_814_mono.wav,cabinet,0.95,0.970036777,0.970036777,9.333333333,8.333333333,1.6,7,kæb?n?t,"kæbn?t, kæb?n?t, kæbn?t",1,3,cabinet,k,Kitchen Items,0.462716031,0.334649314
93,can_93_mono.jpg,can_93_mono.wav,can,0.8,1.113943352,3.720031145,5248.45098,5247.45098,1.769230769,3,kæn,,1,1,can,k,Kitchen Items,0.104037053,0.155419092
99,canopener_99_cmpd.jpg,canopener_99_cmpd.wav,canopener,0.95,0,#VALUE!,#VALUE!,-,3,9,kænop?n?r,,2,4,can opener,k,Kitchen Items,0.187182146,0.266516018
124,chopsticks_124_cmpd.jpg,chopsticks_124_cmpd.wav,chopsticks,1,0.450249108,0.450792316,2.823529412,1.823529412,2.111111111,7,t??pst?k,,2,2,chopsticks,t?,Kitchen Items,0.326197897,0.325949174
138,cooler_138_mono.jpg,cooler_138_mono.wav,cooler,0.95,0.906335042,0.906271646,8.058823529,7.058823529,2.777777778,5,kul?r,,1,2,cooler,k,Kitchen Items,0.213684426,0.28226436
140,cork_140_mono.jpg,cork_140_mono.wav,cork,0.8,0.586587305,0.58689605,3.862745098,2.862745098,2.25,4,k?rk,,1,1,cork,k,Kitchen Items,0.162310646,0.252899507
155,cup_155_mono.jpg,cup_155_mono.wav,cup,1,1.721398376,1.721374114,52.64705882,51.64705882,1.181818182,3,k?p,,1,1,cup,k,Kitchen Items,0.26777405,0.379537769
175,drawer_175_mono.jpg,drawer_175_mono.wav,drawer,0.85,1.146128036,1.146128036,14,13,2.8,4,dr?r,dr??r,1,1,drawer,d,Kitchen Items,0.352906365,0.348749276
209,flask_209_mono.jpg,flask_209_mono.wav,flask,0.95,0.326335861,0.325853579,2.117647059,1.117647059,1.714285714,5,flæsk,,1,1,flask,f,Kitchen Items,0.185692068,0.297707328
216,fork_216_mono.jpg,fork_216_mono.wav,fork,1,0.992111488,0.99226755,9.823529412,8.823529412,1.363636364,4,f?rk,,1,1,fork,f,Kitchen Items,0.220984097,0.35754923
826,grill_826_mono.jpg,grill_826_mono.wav,grill,0.85,0.73647462,0.73647462,5.450980392,4.450980392,1,4,?r?l,,1,1,grill,?,Kitchen Items,0.362422927,0.337482057
278,jar_278_mono.jpg,jar_278_mono.wav,jar,0.9,0.968949681,0.969123434,9.31372549,8.31372549,1.181818182,3,d??r,,1,1,jar,d?,Kitchen Items,0.242586936,0.360594576
290,kitchen_290_mono.jpg,kitchen_290_mono.wav,kitchen,1,1.773127924,1.773155203,59.31372549,58.31372549,3.8,5,k?t??n,,1,2,kitchen,k,Kitchen Items,0.78169253,0.304158216
292,knife_292_mono.jpg,knife_292_mono.wav,knife,1,1.679427897,1.679463525,47.80392157,46.80392157,1.857142857,3,na?f,,1,1,knife,n,Kitchen Items,0.367143299,0.39507018
640,ladle_640_mono.jpg,ladle_640_mono.wav,ladle,0.9,0.413484174,0.241819831,1.745098039,0.745098039,2,5,led?l,,1,2,ladle,l,Kitchen Items,0.393058709,0.421711197
329,measuringcup_329_cmpd.jpg,measuringcup_329_cmpd.wav,measuringcup,0.95,0,#VALUE!,#VALUE!,-,2.428571429,10,m???r??k?p,,2,4,measuring cup,m,Kitchen Items,0.169206945,0.194480252
360,nutcracker_360_cmpd.jpg,nutcracker_360_cmpd.wav,nutcracker,0.85,0.23299611,0.231949077,1.705882353,0.705882353,2.555555556,9,n?tkræk?r,,2,3,nutcracker,n,Kitchen Items,0.196586743,0.299635162
396,plate_396_mono.jpg,plate_396_mono.wav,plate,0.95,1.425697213,1.425649281,26.64705882,25.64705882,1.166666667,4,plet,,1,1,plate,p,Kitchen Items,0.355654423,0.377894165
423,refrigerator_423_mono.jpg,refrigerator_423_mono.wav,refrigerator,0.9,0.971739591,0.971857721,9.37254902,8.37254902,3.4,12,rifr?d??ret?r,r?fr?d??ret?r,1,5,refrigerator,r,Kitchen Items,0.353620469,0.313504078
434,rollingpin_434_cmpd.jpg,rollingpin_434_cmpd.wav,rollingpin,0.9,0,#VALUE!,#VALUE!,-,2.75,8,rol??p?n,,2,3,rolling pin,r,Kitchen Items,0.176346662,0.339673235
485,spatula_485_mono.jpg,spatula_485_mono.wav,spatula,0.9,0.322219295,0.321813602,2.098039216,1.098039216,1.666666667,7,spæt??l?,spæt?l?,1,3,spatula,s,Kitchen Items,0.389740937,0.351067083
490,spoon_490_mono.jpg,spoon_490_mono.wav,spoon,1,0.935003151,0.934894344,8.607843137,7.607843137,1.923076923,4,spun,,1,1,spoon,s,Kitchen Items,0.280008067,0.396460008
508,straw_508_mono.jpg,straw_508_mono.wav,straw,1,0.859738566,0.85945619,7.235294118,6.235294118,1.285714286,4,str?,,1,1,straw,s,Kitchen Items,0.163324347,0.343070783
528,teapot_528_cmpd.jpg,teapot_528_cmpd.wav,teapot,0.95,0.269512944,0.270153429,1.862745098,0.862745098,3.25,5,tip?t,,2,2,teapot,t,Kitchen Items,0.219933409,0.317876393
545,toaster_545_mono.jpg,toaster_545_mono.wav,toaster,1,0.688419822,0.688629171,4.882352941,3.882352941,3,6,tost?r,,1,2,toaster,t,Kitchen Items,0.331133512,0.307470664
554,toothpick_554_cmpd.jpg,toothpick_554_cmpd.wav,toothpick,1,0.305351369,0.305267049,2.019607843,1.019607843,1.769230769,6,tu?p?k,,2,2,toothpick,t,Kitchen Items,0.26916111,0.392316773
38,bat_38_mono.jpg,bat_38_mono.wav,bat,1,1.335056519,1.335005336,21.62745098,20.62745098,4,3,bæt,,1,1,bat,b,Mammals,0.373880375,0.375719743
43,bear_43_mono.jpg,bear_43_mono.wav,bear,0.95,1.766487206,1.766500327,58.41176471,57.41176471,4.166666667,3,ber,,1,1,bear,b,Mammals,0.246434526,0.38116945
79,bull_79_mono.jpg,bull_79_mono.wav,bull,0.95,1.454997217,1.45499423,28.50980392,27.50980392,2.2,3,b?l,b?l,1,1,bull,b,Mammals,0.303029247,0.336185688
91,camel_91_mono.jpg,camel_91_mono.wav,camel,1,0.779596491,0.779568199,6.019607843,5.019607843,4.090909091,5,kæm?l,,1,2,camel,k,Mammals,0.352502753,0.345357086
105,cat_105_mono.jpg,cat_105_mono.wav,cat,1,1.828208614,1.828230115,67.33333333,66.33333333,3.307692308,3,kæt,,1,1,cat,k,Mammals,0.333890075,0.400793929
143,cow_143_mono.jpg,cow_143_mono.wav,cow,1,1.423409728,1.423406516,26.50980392,25.50980392,3.181818182,2,ka?,,1,1,cow,k,Mammals,0.439352031,0.400489171
159,deer_159_mono.jpg,deer_159_mono.wav,deer,0.9,0.98721923,0.987035023,9.705882353,8.705882353,2.166666667,3,dir,,1,1,deer,d,Mammals,0.392196438,0.388624987
168,dog_168_mono.jpg,dog_168_mono.wav,dog,1,2.287443401,2.28745043,193.8431373,192.8431373,3.2,3,d??,d??,1,1,dog,d,Mammals,0.339630247,0.39957917
170,dolphin_170_mono.jpg,dolphin_170_mono.wav,dolphin,1,0.575187845,0.575731053,3.764705882,2.764705882,3.8,6,d?lf?n,d?lf?n,1,2,dolphin,d,Mammals,0.419257435,0.311972764
189,elephant_189_mono.jpg,elephant_189_mono.wav,elephant,1,1.0923697,1.092459183,12.37254902,11.37254902,3.769230769,7,?l?f?nt,,1,3,elephant,?,Mammals,0.382987216,0.41876854
218,fox_218_mono.jpg,fox_218_mono.wav,fox,1,1.354300562,1.354259131,22.60784314,21.60784314,3.166666667,4,f?ks,,1,1,fox,f,Mammals,0.283539634,0.317089127
230,giraffe_230_mono.jpg,giraffe_230_mono.wav,giraffe,1,0.396199347,0.396233545,2.490196078,1.490196078,3.181818182,5,d??ræf,,1,2,giraffe,d?,Mammals,0.371320918,0.342773651
235,goat_235_mono.jpg,goat_235_mono.wav,goat,0.95,1.061829307,1.06180715,11.52941176,10.52941176,3,3,?ot,,1,1,goat,?,Mammals,0.346350507,0.376899969
827,guineapigs_827_cmpd.jpg,guineapigs_827_cmpd.wav,guineapigs,0.75,0,#VALUE!,#VALUE!,-,3.888888889,7,??nip??,,2,3,guinea pigs,?,Mammals,0.360855401,0.293625784
265,horse_265_mono.jpg,horse_265_mono.wav,horse,1,1.972573081,1.972583966,93.88235294,92.88235294,4.2,4,h?rs,,1,1,horse,h,Mammals,0.399735554,0.423431482
285,kangaroo_285_mono.jpg,kangaroo_285_mono.wav,kangaroo,1,0.519827994,0.520316529,3.31372549,2.31372549,3.571428571,7,kæ???ru,,1,3,kangaroo,k,Mammals,0.39588914,0.366382219
308,lion_308_mono.jpg,lion_308_mono.wav,lion,1,1.213517757,1.213595875,16.35294118,15.35294118,4.272727273,4,la??n,,1,2,lion,l,Mammals,0.30308987,0.387521301
336,monkey_336_mono.jpg,monkey_336_mono.wav,monkey,0.95,1.537944959,1.537942492,34.50980392,33.50980392,3.181818182,5,m??ki,,1,2,monkey,m,Mammals,0.316109933,0.393674916
837,moose_837_mono.jpg,moose_837_mono.wav,moose,0.95,0.814874057,0.814874057,6.529411765,5.529411765,4,3,mus,,1,1,moose,m,Mammals,0.348035995,0.380038498
343,mouse_343_mono.jpg,mouse_343_mono.wav,mouse,0.9,1.303627976,1.303577185,20.11764706,19.11764706,2.818181818,3,ma?s,,1,1,mouse,m,Mammals,0.388409694,0.355145375
386,pig_386_mono.jpg,pig_386_mono.wav,pig,1,1.603577368,1.603547667,40.1372549,39.1372549,3.615384615,3,p??,,1,1,pig,p,Mammals,0.291747289,0.387388594
402,porcupine_402_mono.jpg,porcupine_402_mono.wav,porcupine,1,0.217483944,0.21670911,1.647058824,0.647058824,4.333333333,9,p?rkj?pa?n,"p?rkipa?n, p?rkjupa?n",1,3,porcupine,p,Mammals,0.30956756,0.38273597
412,rabbit_412_mono.jpg,rabbit_412_mono.wav,rabbit,0.9,1.341236623,1.34125991,21.94117647,20.94117647,3.888888889,5,ræb?t,,1,2,rabbit,r,Mammals,0.318257804,0.396335057
413,raccoon_413_mono.jpg,raccoon_413_mono.wav,raccoon,0.9,0.385606274,0.385851509,2.431372549,1.431372549,3.4,5,rækun,,1,2,raccoon,r,Mammals,0.336135105,0.333494896
457,seal_457_mono.jpg,seal_457_mono.wav,seal,0.75,1.197280558,1.197145369,15.74509804,14.74509804,3.4,3,sil,,1,1,seal,s,Mammals,0.356823939,0.293378687
472,skunk_472_mono.jpg,skunk_472_mono.wav,skunk,1,0.62838893,0.628889558,4.254901961,3.254901961,3.666666667,5,sk??k,,1,1,skunk,s,Mammals,0.263366643,0.348302615
493,squirrel_493_mono.jpg,squirrel_493_mono.wav,squirrel,1,0.810904281,0.810943764,6.470588235,5.470588235,3.545454545,7,skw?r?l,skw?rl,1,2,squirrel,s,Mammals,0.310267053,0.369413462
542,tiger_542_mono.jpg,tiger_542_mono.wav,tiger,1,1.290702243,1.290689162,19.52941176,18.52941176,3.833333333,5,ta???r,,1,2,tiger,t,Mammals,0.250838489,0.38031383
588,walrus_588_mono.jpg,walrus_588_mono.wav,walrus,0.9,0.326335861,0.325853579,2.117647059,1.117647059,4.8,6,w?lr?s,w?lr?s,1,2,walrus,w,Mammals,0.413175447,0.365457874
595,whale_595_mono.jpg,whale_595_mono.wav,whale,0.8,1.088136089,1.088309841,12.25490196,11.25490196,3.666666667,3,wel,,1,1,whale,w,Mammals,0.406429028,0.355520483
607,wolf_607_mono.jpg,wolf_607_mono.wav,wolf,1,1.32776749,1.327859562,21.2745098,20.2745098,4,4,w?lf,w?f,1,1,wolf,w,Mammals,0.286935199,0.389941621
614,zebra_614_mono.jpg,zebra_614_mono.wav,zebra,1,0.545307116,0.545282855,3.509803922,2.509803922,3.5,5,zibr?,,1,2,zebra,z,Mammals,0.324967631,0.352534555
616,bagpipes_616_cmpd.jpg,bagpipes_616_cmpd.wav,bagpipes,0.9,0.40761182,0.226928275,1.68627451,0.68627451,3.428571429,6,bæ?pa?p,,2,2,bagpipes,b,Musical Instruments,0.556437088,0.443184064
31,banjo_31_mono.jpg,banjo_31_mono.wav,banjo,0.85,0.419955748,0.419534622,2.62745098,1.62745098,1,5,bænd?o,,1,2,banjo,b,Musical Instruments,0.442140196,0.401899299
46,bell_46_mono.jpg,bell_46_mono.wav,bell,1,1.605628222,1.605664116,40.33333333,39.33333333,3,3,b?l,,1,1,bell,b,Musical Instruments,0.193757644,0.275763857
129,clarinet_129_mono.jpg,clarinet_129_mono.wav,clarinet,0.75,0.409933123,0.40970112,2.568627451,1.568627451,2.25,8,klær?n?t,kler?n?t,1,3,clarinet,k,Musical Instruments,0.525251241,0.473717979
178,drum_178_mono.jpg,drum_178_mono.wav,drum,0.9,0.976349979,0.976376955,9.470588235,8.470588235,3,4,dr?m,,1,1,drum,d,Musical Instruments,0.426762253,0.404685423
242,guitar_242_mono.jpg,guitar_242_mono.wav,guitar,1,1.219846386,1.219800187,16.58823529,15.58823529,2.272727273,5,??t?r,??t?r,1,2,guitar,?,Musical Instruments,0.644039622,0.434773176
635,harmonica_635_mono.jpg,harmonica_635_mono.wav,harmonica,0.9,0.470439894,0.43855786,2.745098039,1.745098039,3,9,h?rm?n?k?,,1,4,harmonica,h,Musical Instruments,0.541016769,0.461335937
250,harp_250_mono.jpg,harp_250_mono.wav,harp,0.85,0.559906625,0.559601552,3.62745098,2.62745098,2.6,4,h?rp,,1,1,harp,h,Musical Instruments,0.499037779,0.4433153
383,piano_383_mono.jpg,piano_383_mono.wav,piano,1,1.412628521,1.412674619,25.8627451,24.8627451,3.307692308,5,piæno,,1,3,piano,p,Musical Instruments,0.599278509,0.486587122
449,saxophone_449_mono.jpg,saxophone_449_mono.wav,saxophone,0.85,0.42975228,0.429150391,2.68627451,1.68627451,3.615384615,8,sæks?fon,,1,3,saxophone,s,Musical Instruments,0.538634453,0.477513999
564,trumpet_564_mono.jpg,trumpet_564_mono.wav,trumpet,0.9,0.709269961,0.709070331,5.117647059,4.117647059,1.833333333,7,tr?mp?t,,1,2,trumpet,t,Musical Instruments,0.439981549,0.480095794
582,violin_582_mono.jpg,violin_582_mono.wav,violin,0.9,0.759667845,0.759297444,5.745098039,4.745098039,3,6,va??l?n,,1,3,violin,v,Musical Instruments,0.532904953,0.463902298
660,xylophone_660_mono.jpg,xylophone_660_mono.wav,xylophone,0.85,0.301029996,0.070581074,1.176470588,0.176470588,1.25,7,za?l?fon,,1,3,xylophone,z,Musical Instruments,0.418201117,0.342724704
5,alien_5_mono.jpg,alien_5_mono.wav,alien,0.95,1.265525335,1.265557678,18.43137255,17.43137255,2.2,5,eli?n,elj?n,1,3,alien,e,Mythical & Mystical,0.182433309,0.288803556
9,angel_9_mono.jpg,angel_9_mono.wav,angel,1,1.899108858,1.899133565,79.2745098,78.2745098,2,5,end??l,,1,2,angel,e,Mythical & Mystical,0.276970925,0.303465358
14,arrow_14_mono.jpg,arrow_14_mono.wav,arrow,0.95,0.946452265,0.946606366,8.843137255,7.843137255,1.333333333,3,æro,ero,1,2,arrow,ær,Mythical & Mystical,0.033931149,0.265720227
810,bow_810_mono.jpg,bow_810_mono.wav,bow,0.9,1.327859562,1.327859562,21.2745098,20.2745098,3.666666667,2,bo,,1,1,bow,b,Mythical & Mystical,0.02602695,0.309356191
152,crown_152_mono.jpg,crown_152_mono.wav,crown,1,1.167021796,1.166911642,14.68627451,13.68627451,3.727272727,4,kra?n,,1,1,crown,k,Mythical & Mystical,0.080653067,0.307906339
165,dinosaur_165_mono.jpg,dinosaur_165_mono.wav,dinosaur,0.9,0.697229343,0.697263541,4.980392157,3.980392157,2.111111111,7,da?n?s?r,,1,3,dinosaur,d,Mythical & Mystical,0.244614713,0.255372514
174,dragon_174_mono.jpg,dragon_174_mono.wav,dragon,1,1.307282047,1.307370174,20.29411765,19.29411765,3.615384615,6,dræ??n,,1,2,dragon,d,Mythical & Mystical,0.361092001,0.374305437
193,fairy_193_mono.jpg,fairy_193_mono.wav,fairy,0.9,1.247727833,1.247636361,17.68627451,16.68627451,4.384615385,4,feri,færi,1,2,fairy,f,Mythical & Mystical,0.365432575,0.327914857
227,genie_227_mono.jpg,genie_227_mono.wav,genie,1,0.652246341,0.652265306,4.490196078,3.490196078,2.142857143,4,d?ini,,1,2,genie,d?,Mythical & Mystical,0.275371713,0.242126926
228,ghost_228_mono.jpg,ghost_228_mono.wav,ghost,1,1.575072326,1.575051937,37.58823529,36.58823529,1.666666667,4,?ost,,1,1,ghost,?,Mythical & Mystical,0.235632145,0.31014128
828,halo_828_mono.jpg,halo_828_mono.wav,halo,1,0.416281465,0.416281465,2.607843137,1.607843137,2.454545455,4,helo,,1,2,halo,h,Mythical & Mystical,0.212701685,0.259059831
263,hook_263_mono.jpg,hook_263_mono.wav,hook,0.9,1.591064607,1.591064607,39,38,1.307692308,3,h?k,,1,1,hook,h,Mythical & Mystical,0.113319428,0.280639473
289,king_289_mono.jpg,king_289_mono.wav,king,0.95,2.114777732,2.114794076,130.254902,129.254902,4.857142857,3,k??,,1,1,king,k,Mythical & Mystical,0.153657101,0.297710288
293,knight_293_mono.jpg,knight_293_mono.wav,knight,0.95,1.443419462,1.443493077,27.76470588,26.76470588,2.777777778,3,na?t,,1,1,knight,n,Mythical & Mystical,0.166731203,0.325363474
321,map_321_mono.jpg,map_321_mono.wav,map,1,1.516138577,1.516185278,32.82352941,31.82352941,4.846153846,3,mæp,,1,1,map,m,Mythical & Mystical,0.078315897,0.189249011
835,mermaid_835_mono.jpg,mermaid_835_mono.wav,mermaid,1,0.618765685,0.618765685,4.156862745,3.156862745,2.6,6,m?rmed,,1,2,mermaid,m,Mythical & Mystical,0.375187023,0.261824356
836,monster_836_mono.jpg,monster_836_mono.wav,monster,0.8,1.600567203,1.600567203,39.8627451,38.8627451,2.666666667,7,m?nst?r,,1,2,monster,m,Mythical & Mystical,0.267894925,0.280368596
346,mummy_346_mono.jpg,mummy_346_mono.wav,mummy,0.95,1.033423755,1.033581423,10.80392157,9.803921569,2.5,4,m?mi,,1,2,mummy,m,Mythical & Mystical,0.233503152,0.286642312
393,pirate_393_mono.jpg,pirate_393_mono.wav,pirate,0.95,0.921686475,0.921839423,8.352941176,7.352941176,4.764705882,5,pa?r?t,,1,2,pirate,p,Mythical & Mystical,0.169574844,0.284394146
411,queen_411_mono.jpg,queen_411_mono.wav,queen,1,1.745777218,1.745748164,55.68627451,54.68627451,5,4,kwin,,1,1,queen,k,Mythical & Mystical,0.173002479,0.296939845
469,skeleton_469_mono.jpg,skeleton_469_mono.wav,skeleton,1,0.786751422,0.786584418,6.117647059,5.117647059,4.076923077,8,sk?l?t?n,,1,3,skeleton,s,Mythical & Mystical,0.217799656,0.270816455
481,snowman_481_cmpd.jpg,snowman_481_cmpd.wav,snowman,1,0.462397998,0.462691539,2.901960784,1.901960784,4.5,6,snomæn,,2,2,snowman,s,Mythical & Mystical,0.206816931,0.316171589
520,sword_520_mono.jpg,sword_520_mono.wav,sword,1,1.434249452,1.434193054,27.17647059,26.17647059,2.6,4,s?rd,,1,1,sword,s,Mythical & Mystical,0.219950872,0.314951633
862,treasurechest_862_cmpd.jpg,treasurechest_862_cmpd.wav,treasurechest,0.75,0,#VALUE!,#VALUE!,-,2.875,10,tr???rt??st,tre??rt??st,2,3,treasure chest,t,Mythical & Mystical,0.1677789,0.226580778
575,unicorn_575_mono.jpg,unicorn_575_mono.wav,unicorn,1,0.540329475,0.54040309,3.470588235,2.470588235,4.230769231,8,jun?k?rn,,1,3,unicorn,j,Mythical & Mystical,0.436927529,0.28802601
606,witch_606_mono.jpg,witch_606_mono.wav,witch,1,1.457124626,1.45708004,28.64705882,27.64705882,4.272727273,3,w?t?,,1,1,witch,w,Mythical & Mystical,0.28028697,0.315733766
865,wizard_865_mono.jpg,wizard_865_mono.wav,wizard,0.95,1.065484517,1.065484517,11.62745098,10.62745098,2.777777778,6,w?z?rd,,1,2,wizard,w,Mythical & Mystical,0.270124373,0.272771807
2,acorn_2_mono.jpg,acorn_2_mono.wav,acorn,0.95,0.238046103,0.236912496,1.725490196,0.725490196,1.888888889,5,ek?rn,ek?rn,1,2,acorn,e,Nature,0.088215177,0.217080023
28,bamboo_28_mono.jpg,bamboo_28_mono.wav,bamboo,1,0.409933123,0.40970112,2.568627451,1.568627451,1.727272727,5,bæmbu,,1,2,bamboo,b,Nature,0.197481753,0.295312878
618,beach_618_mono.jpg,beach_618_mono.wav,beach,0.85,0.649403016,1.76062941,57.62745098,56.62745098,3.857142857,3,bit?,,1,1,beach,b,Nature,0.35119317,0.308665691
86,cactus_86_mono.jpg,cactus_86_mono.wav,cactus,0.95,0.591064607,0.5912829,3.901960784,2.901960784,3,6,kækt?s,,1,2,cactus,k,Nature,0.116656649,0.28901456
621,cave_621_mono.jpg,cave_621_mono.wav,cave,1,0.585877903,1.175523182,14.98039216,13.98039216,2.272727273,3,kev,,1,1,cave,k,Nature,0.168379322,0.280404038
624,cliff_624_mono.jpg,cliff_624_mono.wav,cliff,0.95,0.60657482,1.353505148,22.56862745,21.56862745,2.090909091,4,kl?f,,1,1,cliff,k,Nature,0.187136126,0.337576224
132,cloud_132_mono.jpg,cloud_132_mono.wav,cloud,1,1.105510185,1.105343181,12.74509804,11.74509804,2,4,kla?d,,1,1,cloud,k,Nature,0.231122094,0.34515928
162,desert_162_mono.jpg,desert_162_mono.wav,desert,1,1.462098381,1.462104258,28.98039216,27.98039216,3.727272727,6,d?z?rt,,1,2,desert,d,Nature,0.146825989,0.323511829
201,fire_201_mono.jpg,fire_201_mono.wav,fire,0.95,2.33543784,2.335438234,216.4901961,215.4901961,3.181818182,4,fa??r,fa?r,1,2,fire,f,Nature,0.298642378,0.365107237
210,flower_210_mono.jpg,flower_210_mono.wav,flower,0.95,1.375846436,1.375932444,23.76470588,22.76470588,3.25,5,fla??r,,1,2,flower,f,Nature,0.331433553,0.323024232
824,forest_824_mono.jpg,forest_824_mono.wav,forest,0.95,1.298467779,1.298467779,19.88235294,18.88235294,3.5,6,f?r?st,f?r?st,1,2,forest,f,Nature,0.325354055,0.334157329
224,garden_224_mono.jpg,garden_224_mono.wav,garden,0.9,1.440121603,1.440106148,27.54901961,26.54901961,3.6,6,??rd?n,,1,2,garden,?,Nature,0.358101107,0.314786837
240,grass_240_mono.jpg,grass_240_mono.wav,grass,0.95,1.249931757,1.250037111,17.78431373,16.78431373,3.166666667,4,?ræs,,1,1,grass,?,Nature,0.341984685,0.338201226
252,hay_252_mono.jpg,hay_252_mono.wav,hay,0.85,0.867467488,0.867617669,7.37254902,6.37254902,3.444444444,2,he,,1,1,hay,h,Nature,0.281332739,0.280841226
260,hole_260_mono.jpg,hole_260_mono.wav,hole,0.95,1.772468403,1.772436767,59.21568627,58.21568627,3.857142857,3,hol,,1,1,hole,h,Nature,0.173797941,0.316785017
638,island_638_mono.jpg,island_638_mono.wav,island,1,0.633983244,1.608190315,40.56862745,39.56862745,4.2,5,a?l?nd,,1,2,island,a?,Nature,0.323688872,0.318545869
831,lava_831_mono.jpg,lava_831_mono.wav,lava,0.9,0.648455681,0.648455681,4.450980392,3.450980392,4.4,4,l?v?,læv?,1,2,lava,l,Nature,0.103663205,0.321191285
298,leaf_298_mono.jpg,leaf_298_mono.wav,leaf,1,0.792391689,0.792116907,6.196078431,5.196078431,3.4,3,lif,,1,1,leaf,l,Nature,0.268848397,0.351780032
305,lightning_305_mono.jpg,lightning_305_mono.wav,lightning,1,1.180125875,1.180047124,15.1372549,14.1372549,4.8,6,la?tn??,,1,2,lightning,l,Nature,0.243037218,0.318316485
337,moon_337_mono.jpg,moon_337_mono.wav,moon,1,1.707229419,1.707236103,50.96078431,49.96078431,2,3,mun,,1,1,moon,m,Nature,0.150101349,0.305313495
342,mountain_342_mono.jpg,mountain_342_mono.wav,mountain,1,1.560982056,1.561007796,36.39215686,35.39215686,3.666666667,6,ma?nt?n,ma?t?n,1,2,mountain,m,Nature,0.25805107,0.359180113
345,mushroom_345_mono.jpg,mushroom_345_mono.wav,mushroom,1,0.496929648,0.496549807,3.137254902,2.137254902,3.4,6,m??rum,m??r?m,1,2,mushroom,m,Nature,0.080035136,0.254241723
838,nest_838_mono.jpg,nest_838_mono.wav,nest,0.9,1.082714988,1.082714988,12.09803922,11.09803922,2.818181818,4,n?st,,1,1,nest,n,Nature,0.299068841,0.254254387
370,palmtree_370_cmpd.jpg,palmtree_370_cmpd.wav,palmtree,0.85,0,#VALUE!,#VALUE!,-,3.888888889,6,p?mtri,"p?mtri, p?lmtri, p?lmtri",2,2,palm tree,p,Nature,0.058641914,0.172018204
842,pearl_842_mono.jpg,pearl_842_mono.wav,pearl,0.95,1.22184875,1.22184875,16.66666667,15.66666667,2,5,p?r?l,p?rl,1,2,pearl,p,Nature,0.278092421,0.278215172
395,plant_395_mono.jpg,plant_395_mono.wav,plant,0.95,1.456517858,1.456485116,28.60784314,27.60784314,1.4,5,plænt,,1,1,plant,p,Nature,0.291761332,0.379231551
415,rain_415_mono.jpg,rain_415_mono.wav,rain,1,1.698100546,1.698117611,49.90196078,48.90196078,1.6,3,ren,,1,1,rain,r,Nature,0.310811698,0.366200153
416,rainbow_416_cmpd.jpg,rainbow_416_cmpd.wav,rainbow,1,0.953276337,0.953295302,8.980392157,7.980392157,2.555555556,5,renbo,,2,2,rainbow,r,Nature,0.2821162,0.328211684
427,river_427_mono.jpg,river_427_mono.wav,river,0.8,1.751817788,1.751822312,56.47058824,55.47058824,3.533333333,5,r?v?r,,1,2,river,r,Nature,0.325469126,0.335965822
431,rock_431_mono.jpg,rock_431_mono.wav,rock,0.85,1.940317222,1.940301589,87.15686275,86.15686275,3.285714286,3,r?k,,1,1,rock,r,Nature,0.346201717,0.333134488
437,roots_437_mono.jpg,roots_437_mono.wav,roots,1,0.867467488,0.867617669,7.37254902,6.37254902,4,3,rut,,1,1,roots,r,Nature,0.180674554,0.284293839
849,seaweed_849_cmpd.jpg,seaweed_849_cmpd.wav,seaweed,0.8,0.435444624,0.435444624,2.725490196,1.725490196,3.666666667,5,siwid,,2,2,seaweed,s,Nature,0.064301352,0.257443489
478,smoke_478_mono.jpg,smoke_478_mono.wav,smoke,0.95,1.822364252,1.822373226,66.43137255,65.43137255,3.909090909,4,smok,,1,1,smoke,s,Nature,0.261098176,0.331872262
653,snowflake_653_cmpd.jpg,snowflake_653_cmpd.wav,snowflake,0.85,0.444871979,0.337752803,2.176470588,1.176470588,1.117647059,7,snoflek,,2,2,snowflake,s,Nature,0.25059587,0.282794254
500,star_500_mono.jpg,star_500_mono.wav,star,0.95,1.915663604,1.915679114,82.35294118,81.35294118,3,4,st?r,,1,1,star,s,Nature,0.305682124,0.302616146
503,stem_503_mono.jpg,stem_503_mono.wav,stem,0.85,0.51054501,0.509913768,3.235294118,2.235294118,2,4,st?m,,1,1,stem,s,Nature,0.17423173,0.288976669
514,sun_514_mono.jpg,sun_514_mono.wav,sun,1,1.849235091,1.849214606,70.66666667,69.66666667,2.25,3,s?n,,1,1,sun,s,Nature,0.381934642,0.366974514
654,sunflower_654_cmpd.jpg,sunflower_654_cmpd.wav,sunflower,0.9,0.405534178,0.22184875,1.666666667,0.666666667,3,8,s?nfla??r,,2,3,sunflower,s,Nature,0.249576729,0.281591064
556,tornado_556_mono.jpg,tornado_556_mono.wav,tornado,0.95,0.550228353,0.550108399,3.549019608,2.549019608,4.666666667,7,t?rnedo,,1,3,tornado,t,Nature,0.177904273,0.272701146
561,tree_561_mono.jpg,tree_561_mono.wav,tree,1,1.819543936,1.819543936,66,65,3.769230769,3,tri,,1,1,tree,t,Nature,0.402909689,0.383204854
583,volcano_583_mono.jpg,volcano_583_mono.wav,volcano,0.95,0.636487896,0.636822098,4.333333333,3.333333333,4.833333333,7,v?lkeno,v?lkeno,1,3,volcano,v,Nature,0.140206028,0.268263015
590,waterfall_590_cmpd.jpg,waterfall_590_cmpd.wav,waterfall,0.95,0.456366033,0.45678268,2.862745098,1.862745098,4.5,8,w?t?rf?l,"w?t?rf?l, w?t?rf?l",2,3,waterfall,w,Nature,0.269378654,0.312756107
592,wave_592_mono.jpg,wave_592_mono.wav,wave,0.9,1.347330015,1.347425685,22.25490196,21.25490196,4.4,3,wev,,1,1,wave,w,Nature,0.233487232,0.342183294
10,ant_10_mono.jpg,ant_10_mono.wav,ant,1,0.802773725,0.802974834,6.352941176,5.352941176,1.75,3,ænt,,1,1,ant,æ,Non Mammal,0.326725477,0.340247441
806,bee_806_mono.jpg,bee_806_mono.wav,bee,0.75,1.055108388,1.055108388,11.35294118,10.35294118,4.111111111,2,bi,,1,1,bee,b,Non Mammal,0.204544061,0.316194949
807,beetle_807_mono.jpg,beetle_807_mono.wav,beetle,0.95,0.485554422,0.485554422,3.058823529,2.058823529,3.666666667,5,bit?l,,1,2,beetle,b,Non Mammal,0.262633469,0.379503041
83,butterfly_83_cmpd.jpg,butterfly_83_cmpd.wav,butterfly,1,0.813580989,0.813567908,6.509803922,5.509803922,3.428571429,8,b?t?rfla?,,2,3,butterfly,b,Non Mammal,0.263314277,0.386062143
106,caterpillar_106_mono.jpg,caterpillar_106_mono.wav,caterpillar,0.95,0.326335861,0.325853579,2.117647059,1.117647059,3.545454545,10,kæt?rp?l?r,kæt?p?l?r,1,4,caterpillar,k,Non Mammal,0.251134883,0.368695023
145,crab_145_mono.jpg,crab_145_mono.wav,crab,1,0.897627091,0.89773487,7.901960784,6.901960784,3.571428571,4,kræb,,1,1,crab,k,Non Mammal,0.273430614,0.35489225
628,dragonfly_628_cmpd.jpg,dragonfly_628_cmpd.wav,dragonfly,0.85,0.500291376,0.584685895,3.843137255,2.843137255,4,9,dræ??nfla?,,2,3,dragonfly,d,Non Mammal,0.252467688,0.392440773
183,eel_183_mono.jpg,eel_183_mono.wav,eel,0.9,0.385606274,0.385851509,2.431372549,1.431372549,1.933333333,2,il,,1,1,eel,i,Non Mammal,0.265169123,0.385369088
204,fish_204_mono.jpg,fish_204_mono.wav,fish,0.8,1.92680531,1.926806318,84.49019608,83.49019608,2.777777778,3,f??,,1,1,fish,f,Non Mammal,0.391008193,0.3736802
212,fly_212_mono.jpg,fly_212_mono.wav,fly,1,1.934498451,1.934498451,86,85,3.571428571,3,fla?,,1,1,fly,f,Non Mammal,0.327015379,0.338170704
220,frog_220_mono.jpg,frog_220_mono.wav,frog,0.95,1.107888025,1.108007572,12.82352941,11.82352941,3.181818182,4,fr??,fr??,1,1,frog,f,Non Mammal,0.323644278,0.376079528
633,goldfish_633_cmpd.jpg,goldfish_633_cmpd.wav,goldfish,0.95,0.50421252,0.606297044,4.039215686,3.039215686,2.272727273,7,?oldf??,,2,2,goldfish,?,Non Mammal,0.265002847,0.31307316
825,grasshopper_825_cmpd.jpg,grasshopper_825_cmpd.wav,grasshopper,0.95,0.2836559,0.2836559,1.921568627,0.921568627,2.272727273,9,?ræsh?p?r,,2,3,grasshopper,?,Non Mammal,0.250824234,0.348393809
281,jellyfish_281_cmpd.jpg,jellyfish_281_cmpd.wav,jellyfish,1,0.389166084,0.389339837,2.450980392,1.450980392,4.6,7,d??lif??,,2,3,jellyfish,d?,Non Mammal,0.332406609,0.371828757
641,ladybug_641_cmpd.jpg,ladybug_641_cmpd.wav,ladybug,1,0.365899621,0.143688173,1.392156863,0.392156863,2.818181818,7,ledib??,,2,3,ladybug,l,Non Mammal,0.204842905,0.329887787
312,lobster_312_mono.jpg,lobster_312_mono.wav,lobster,0.9,0.920645001,0.920818754,8.333333333,7.333333333,1.307692308,7,l?bst?r,,1,2,lobster,l,Non Mammal,0.271132461,0.323306904
339,mosquito_339_mono.jpg,mosquito_339_mono.wav,mosquito,0.8,0.450249108,0.450792316,2.823529412,1.823529412,4.111111111,7,m?skito,,1,3,mosquito,m,Non Mammal,0.333215669,0.37052848
340,moth_340_mono.jpg,moth_340_mono.wav,moth,0.9,0.514547753,0.515146295,3.274509804,2.274509804,3.25,3,m??,,1,1,moth,m,Non Mammal,0.274988819,0.365268129
361,octopus_361_mono.jpg,octopus_361_mono.wav,octopus,1,0.46834733,0.468521083,2.941176471,1.941176471,4.571428571,7,?kt?p?s,?kt?p?s,1,3,octopus,?,Non Mammal,0.31818657,0.387383046
453,scorpion_453_mono.jpg,scorpion_453_mono.wav,scorpion,0.95,0.564666064,0.56427143,3.666666667,2.666666667,2.5,8,sk?rpi?n,,1,3,scorpion,s,Non Mammal,0.21022697,0.336153374
456,seahorse_456_cmpd.jpg,seahorse_456_cmpd.wav,seahorse,1,0.056904851,0.055857817,1.137254902,0.137254902,4.714285714,6,sih?rs,,2,2,seahorse,s,Non Mammal,0.355165576,0.352656248
460,shark_460_mono.jpg,shark_460_mono.wav,shark,0.95,1.203576775,1.203587433,15.98039216,14.98039216,4.333333333,4,??rk,,1,1,shark,?,Non Mammal,0.325311776,0.370150289
479,snail_479_mono.jpg,snail_479_mono.wav,snail,1,0.440909082,0.441648937,2.764705882,1.764705882,3.545454545,4,snel,,1,1,snail,s,Non Mammal,0.330786354,0.362969348
480,snake_480_mono.jpg,snake_480_mono.wav,snake,0.85,1.368286885,1.368341585,23.35294118,22.35294118,4.733333333,4,snek,,1,1,snake,s,Non Mammal,0.367361133,0.363827374
488,spider_488_mono.jpg,spider_488_mono.wav,spider,0.95,1.045322979,1.045246255,11.09803922,10.09803922,4.166666667,6,spa?d?r,,1,2,spider,s,Non Mammal,0.312882684,0.386433961
855,starfish_855_cmpd.jpg,starfish_855_cmpd.wav,starfish,0.95,0.241819831,0.241819831,1.745098039,0.745098039,2.555555556,7,st?rf??,,2,2,starfish,s,Non Mammal,0.32231062,0.375402083
569,turtle_569_mono.jpg,turtle_569_mono.wav,turtle,0.9,1.256236533,1.256217651,18.03921569,17.03921569,2.6,6,t?rt?l,,1,2,turtle,t,Non Mammal,0.306387112,0.354418352
608,worm_608_mono.jpg,worm_608_mono.wav,worm,0.9,1.046104787,1.046012883,11.11764706,10.11764706,2.2,4,w?rm,,1,1,worm,w,Non Mammal,0.232407537,0.35648714
3,africa_3_mono.jpg,africa_3_mono.wav,africa,0.85,1.29578694,1.295890356,19.76470588,18.76470588,4.2,6,æfr?k?,,1,3,Africa,æ,Places and Buildings,0.213060881,0.272323568
4,airport_4_cmpd.jpg,airport_4_cmpd.wav,airport,0.9,1.591509809,1.591501084,39.03921569,38.03921569,4,6,erp?rt,,2,2,airport,er,Places and Buildings,0.251544687,0.288703004
18,australia_18_mono.jpg,australia_18_mono.wav,australia,0.9,0.974511693,0.9745749,9.431372549,8.431372549,3,8,?strelj?,"?strelj?, ?strelj?",1,3,Australia,?,Places and Buildings,0.110283225,0.261029387
804,bakery_804_mono.jpg,bakery_804_mono.wav,bakery,0.8,0.65415766,0.65415766,4.509803922,3.509803922,3.428571429,6,bek?ri,bekri,1,3,bakery,b,Places and Buildings,0.254190013,0.240286797
32,bar_32_mono.jpg,bar_32_mono.wav,bar,0.95,1.939419403,1.939421361,86.98039216,85.98039216,4.666666667,3,b?r,,1,1,bar,b,Places and Buildings,0.197675106,0.287043573
617,barn_617_mono.jpg,barn_617_mono.wav,barn,1,0.584489532,1.164002759,14.58823529,13.58823529,3.181818182,4,b?rn,,1,1,barn,b,Places and Buildings,0.20537666,0.288253855
813,cabin_813_mono.jpg,cabin_813_mono.wav,cabin,0.95,1.314858195,1.314858195,20.64705882,19.64705882,4.384615385,5,kæb?n,,1,2,cabin,k,Places and Buildings,0.248667594,0.332045519
104,castle_104_mono.jpg,castle_104_mono.wav,castle,0.9,1.353146546,1.353127664,22.54901961,21.54901961,4.846153846,5,kæs?l,,1,2,castle,k,Places and Buildings,0.262685867,0.290089863
125,church_125_mono.jpg,church_125_mono.wav,church,1,1.849235091,1.849214606,70.66666667,69.66666667,3.181818182,4,t??rt?,,1,1,church,t?,Places and Buildings,0.298385334,0.313504925
128,city_128_mono.jpg,city_128_mono.wav,city,0.85,2.230704314,2.230699307,170.0980392,169.0980392,3.714285714,4,s?ti,,1,2,city,s,Places and Buildings,0.298834593,0.29538717
187,eiffeltower_187_cmpd.jpg,eiffeltower_187_cmpd.wav,eiffeltower,0.8,0,#VALUE!,#VALUE!,-,4.857142857,8,a?f?lta??r,,2,4,Eiffel Tower,a?,Places and Buildings,0.109016764,0.251849386
268,house_268_mono.jpg,house_268_mono.wav,house,1,2.711807229,2.711807229,515,514,3,3,ha?s,,1,1,house,h,Places and Buildings,0.230901704,0.300342324
270,hut_270_mono.jpg,hut_270_mono.wav,hut,0.8,1.152899596,1.15276783,14.21568627,13.21568627,3.5,3,h?t,,1,1,hut,h,Places and Buildings,0.270895804,0.342282381
271,igloo_271_mono.jpg,igloo_271_mono.wav,igloo,1,0.11058971,0.111973759,1.294117647,0.294117647,2.555555556,4,??lu,,1,2,igloo,?,Places and Buildings,0.148842893,0.24530697
275,italy_275_mono.jpg,italy_275_mono.wav,italy,0.95,0.392696953,0.392800369,2.470588235,1.470588235,1.571428571,5,?t?li,,1,3,Italy,?,Places and Buildings,0.188522459,0.255756328
300,library_300_mono.jpg,library_300_mono.wav,library,1,1.379124146,1.379145488,23.94117647,22.94117647,4.6,7,la?breri,"la?br?ri, la?b?ri",1,3,library,l,Places and Buildings,0.284875626,0.303209867
304,lighthouse_304_cmpd.jpg,lighthouse_304_cmpd.wav,lighthouse,1,0.610660163,0.610493159,4.078431373,3.078431373,3.666666667,6,la?tha?s,,2,2,lighthouse,l,Places and Buildings,0.176986328,0.252148631
410,pyramid_410_mono.jpg,pyramid_410_mono.wav,pyramid,1,0.698970004,0.698970004,5,4,3.8,7,pir?m?d,,1,3,pyramid,p,Places and Buildings,0.165336747,0.230722558
424,restaurant_424_mono.jpg,restaurant_424_mono.wav,restaurant,0.9,1.676967814,1.676962439,47.52941176,46.52941176,4.6,9,r?st?r?nt,r?str?nt,1,3,restaurant,r,Places and Buildings,0.31521115,0.304857044
495,stadium_495_mono.jpg,stadium_495_mono.wav,stadium,1,0.852479994,0.852336449,7.117647059,6.117647059,3.8,7,stedi?m,,1,3,stadium,s,Places and Buildings,0.329432702,0.292474074
532,tent_532_mono.jpg,tent_532_mono.wav,tent,0.9,1.266936911,1.266941517,18.49019608,17.49019608,3.8,4,t?nt,,1,1,tent,t,Places and Buildings,0.207565086,0.250326663
657,tepee_657_mono.jpg,tepee_657_mono.wav,tepee,0.9,0.266019909,0.04830468,1.117647059,0.117647059,3,4,tipi,,1,2,tepee,t,Places and Buildings,0.221008482,0.339021605
534,texas_534_mono.jpg,texas_534_mono.wav,texas,1,1.462697408,1.462691539,29.01960784,28.01960784,1.6,6,t?ks?s,,1,2,Texas,t,Places and Buildings,0.13732143,0.248913503
602,windmill_602_cmpd.jpg,windmill_602_cmpd.wav,windmill,0.75,0.356025857,0.356887813,2.274509804,1.274509804,4.454545455,7,w?ndm?l,,2,2,windmill,w,Places and Buildings,0.215455368,0.26004828
59,book_59_mono.jpg,book_59_mono.wav,book,1,2.250371202,2.250372159,177.9803922,176.9803922,2.636363636,3,b?k,,1,1,book,b,School & Office Supplies,0.205760113,0.329237615
64,box_64_mono.jpg,box_64_mono.wav,box,1,1.957846634,1.957823174,90.74509804,89.74509804,1.363636364,4,b?ks,,1,1,box,b,School & Office Supplies,0.08855187,0.32110194
89,calculator_89_mono.jpg,calculator_89_mono.wav,calculator,0.95,0.359835482,0.360615686,2.294117647,1.294117647,1.923076923,11,kælkj?let?r,,1,4,calculator,k,School & Office Supplies,0.195903106,0.28099123
114,chalk_114_mono.jpg,chalk_114_mono.wav,chalk,1,0.661812686,0.661645681,4.588235294,3.588235294,1.857142857,3,t??k,,1,1,chalk,t?,School & Office Supplies,0.166735727,0.332446292
815,chalkboard_815_cmpd.jpg,chalkboard_815_cmpd.wav,chalkboard,0.9,0.091770373,0.091770373,1.235294118,0.235294118,1.4,7,t??kb?rd,,2,2,chalkboard,t?,School & Office Supplies,0.339479448,0.374994293
137,computer_137_mono.jpg,computer_137_mono.wav,computer,1,1.778440684,1.77843501,60.03921569,59.03921569,2.384615385,9,k?mpjut?r,k?mpjut?r,1,3,computer,k,School & Office Supplies,0.215892022,0.321397244
147,crayon_147_mono.jpg,crayon_147_mono.wav,crayon,0.95,0.149219113,0.14976232,1.411764706,0.411764706,1.142857143,5,kre?n,"kræn, kra?n, kre?n",1,2,crayon,k,School & Office Supplies,0.22587762,0.369998168
190,envelope_190_mono.jpg,envelope_190_mono.wav,envelope,1,1.043755127,1.043708928,11.05882353,10.05882353,1.181818182,7,?nv?lop,?nv?lop,1,3,envelope,?,School & Office Supplies,0.108564346,0.341539611
191,eraser_191_mono.jpg,eraser_191_mono.wav,eraser,1,0.301029996,0.301029996,2,1,1.833333333,6,?res?r,ires?r,1,3,eraser,?,School & Office Supplies,0.257638747,0.379043326
233,globe_233_mono.jpg,globe_233_mono.wav,globe,1,0.793790385,0.793489086,6.215686275,5.215686275,3.833333333,4,?lob,,1,1,globe,?,School & Office Supplies,0.063734344,0.276084941
258,highlighter_258_cmpd.jpg,highlighter_258_cmpd.wav,highlighter,0.9,0.049218023,0.04830468,1.117647059,0.117647059,1.666666667,7,ha?la?t?r,,2,3,highlighter,h,School & Office Supplies,0.175843568,0.307707018
288,keyboard_288_cmpd.jpg,keyboard_288_cmpd.wav,keyboard,1,0.447158031,0.447765861,2.803921569,1.803921569,2.555555556,6,kib?rd,,2,2,keyboard,k,School & Office Supplies,0.126611506,0.332794379
314,locker_314_mono.jpg,locker_314_mono.wav,locker,0.95,1.229937686,1.229947716,16.98039216,15.98039216,1.6,5,l?k?r,,1,2,locker,l,School & Office Supplies,0.309372176,0.346013008
832,lunchbox_832_cmpd.jpg,lunchbox_832_cmpd.wav,lunchbox,0.9,0.143688173,0.143688173,1.392156863,0.392156863,2.142857143,8,l?nt?b?ks,,2,2,lunchbox,l,School & Office Supplies,0.256866565,0.250611708
323,marker_323_mono.jpg,marker_323_mono.wav,marker,0.85,0.79518459,0.794856944,6.235294118,5.235294118,1.6,6,m?rk?r,,1,2,marker,m,School & Office Supplies,0.17319299,0.372794979
333,microscope_333_mono.jpg,microscope_333_mono.wav,microscope,0.85,0.547774705,0.547702329,3.529411765,2.529411765,3.363636364,9,ma?kr?skop,,1,3,microscope,m,School & Office Supplies,0.165915235,0.315124018
356,newspaper_356_cmpd.jpg,newspaper_356_cmpd.wav,newspaper,0.95,1.39252109,1.392455554,24.68627451,23.68627451,2.666666667,8,nuzpep?r,njuzpeper,2,3,newspaper,n,School & Office Supplies,0.256079414,0.348033922
358,notebook_358_cmpd.jpg,notebook_358_cmpd.wav,notebook,0.85,0.748962861,0.748795857,5.607843137,4.607843137,2.5,6,notb?k,,2,2,notebook,n,School & Office Supplies,0.307937593,0.337051717
367,package_367_mono.jpg,package_367_mono.wav,package,0.95,1.37621185,1.376290625,23.78431373,22.78431373,3.153846154,5,pæk?d?,pæk?d?,1,2,package,p,School & Office Supplies,0.153624557,0.311483264
372,paper_372_mono.jpg,paper_372_mono.wav,paper,0.9,2.018492453,2.018504694,104.3529412,103.3529412,1.2,5,pep?r,,1,1,paper,p,School & Office Supplies,0.301702607,0.415678025
373,paperclip_373_cmpd.jpg,paperclip_373_cmpd.wav,paperclip,1,0.017033339,0.016705694,1.039215686,0.039215686,1.153846154,9,pep?rkl?p,,2,3,paper clip,p,School & Office Supplies,0.187691123,0.323320834
379,pen_379_mono.jpg,pen_379_mono.wav,pen,1,1.410439786,1.410363659,25.7254902,24.7254902,1.461538462,3,p?n,,1,1,pen,p,School & Office Supplies,0.252945021,0.392459182
380,pencil_380_mono.jpg,pencil_380_mono.wav,pencil,1,1.035829825,1.035939589,10.8627451,9.862745098,1,6,p?ns?l,,1,2,pencil,p,School & Office Supplies,0.26661081,0.40461543
406,printer_406_mono.jpg,printer_406_mono.wav,printer,0.85,0.491361694,0.491086911,3.098039216,2.098039216,2,7,pr?nt?r,,1,2,printer,p,School & Office Supplies,0.202575414,0.34073811
439,rubberbands_439_cmpd.jpg,rubberbands_439_cmpd.wav,rubberbands,0.95,0,#VALUE!,#VALUE!,-,2.555555556,9,r?b?rbænd,,2,3,rubber bands,r,School & Office Supplies,0.193865432,0.335917542
440,ruler_440_mono.jpg,ruler_440_mono.wav,ruler,1,0.621176282,0.620809427,4.176470588,3.176470588,1.285714286,5,rul?r,,1,2,ruler,r,School & Office Supplies,0.190367303,0.277970917
452,scissors_452_mono.jpg,scissors_452_mono.wav,scissors,1,0.88592634,0.885715891,7.68627451,6.68627451,2.166666667,6,s?z?rz,,1,2,scissors,s,School & Office Supplies,0.175220942,0.332824976
496,stamp_496_mono.jpg,stamp_496_mono.wav,stamp,0.9,0.840106094,0.840204529,6.921568627,5.921568627,1.857142857,5,stæmp,,1,1,stamp,s,School & Office Supplies,0.114629838,0.366865891
498,stapler_498_mono.jpg,stapler_498_mono.wav,stapler,1,0.269512944,0.270153429,1.862745098,0.862745098,2.090909091,8,step?l?r,stepl?r,1,3,stapler,s,School & Office Supplies,0.415667227,0.356582427
497,stapleremover_497_cmpd.jpg,stapleremover_497_cmpd.wav,stapleremover,0.85,0,#VALUE!,#VALUE!,-,2.166666667,13,step?lr?muv?r,step?lrimuv?r,2,5,staple remover,s,School & Office Supplies,0.09712332,0.269991672
499,staples_499_mono.jpg,staples_499_mono.wav,staples,1,0.227886705,0.226928275,1.68627451,0.68627451,3.2,6,step?l,,1,2,staples,s,School & Office Supplies,0.452435409,0.351633798
572,typewriter_572_cmpd.jpg,typewriter_572_cmpd.wav,typewriter,1,0.619093331,0.618765685,4.156862745,3.156862745,3,8,ta?pra?t?r,,2,3,typewriter,t,School & Office Supplies,0.232403052,0.331807053
808,birdbath_808_cmpd.jpg,birdbath_808_cmpd.wav,birdbath,0.9,0.077759659,0.077759659,1.196078431,0.196078431,2.833333333,7,b?rdbæ?,,2,2,birdbath,b,Structure,0.215951688,0.277200557
809,birdhouse_809_cmpd.jpg,birdhouse_809_cmpd.wav,birdhouse,0.8,0.098609798,0.098609798,1.254901961,0.254901961,3.25,7,b?rdha?s,,2,2,birdhouse,b,Structure,0.204959261,0.231487295
53,bleachers_53_mono.jpg,bleachers_53_mono.wav,bleachers,0.85,0.334453751,0.333822509,2.156862745,1.156862745,3,6,blit??r,,1,2,bleachers,b,Structure,0.233920793,0.281767104
72,bridge_72_mono.jpg,bridge_72_mono.wav,bridge,0.95,1.669409867,1.669371581,46.70588235,45.70588235,4.454545455,4,br?d?,,1,1,bridge,b,Structure,0.369252608,0.342609385
109,ceiling_109_mono.jpg,ceiling_109_mono.wav,ceiling,0.9,0.970811611,0.970948203,9.352941176,8.352941176,3.4,5,sil??,,1,2,ceiling,s,Structure,0.409542857,0.297630767
121,chimney_121_mono.jpg,chimney_121_mono.wav,chimney,1,0.71432976,0.714033751,5.176470588,4.176470588,2.555555556,5,t??mni,,1,2,chimney,t?,Structure,0.264508804,0.331542056
131,closet_131_mono.jpg,closet_131_mono.wav,closet,1,1.448397103,1.448372842,28.07843137,27.07843137,3.25,6,kl?z?t,kl?z?t,1,2,closet,k,Structure,0.275636925,0.311638834
151,crosswalk_151_mono.jpg,crosswalk_151_mono.wav,crosswalk,0.95,0.149219113,0.14976232,1.411764706,0.411764706,1.727272727,7,kr?sw?k,,2,2,crosswalk,k,Structure,0.124189603,0.232847286
172,door_172_mono.jpg,door_172_mono.wav,door,1,2.466956545,2.466954802,293.0588235,292.0588235,3,3,d?r,,1,1,door,d,Structure,0.328631161,0.39826389
630,elevator_630_mono.jpg,elevator_630_mono.wav,elevator,0.95,0.61230693,1.405034825,25.41176471,24.41176471,4.333333333,8,?l?vet?r,,1,3,elevator,?,Structure,0.282339113,0.303682137
198,fence_198_mono.jpg,fence_198_mono.wav,fence,0.9,1.231979027,1.231949077,17.05882353,16.05882353,4,4,f?ns,,1,1,fence,f,Structure,0.290971592,0.358023624
822,ferriswheel_822_cmpd.jpg,ferriswheel_822_cmpd.wav,ferriswheel,0.95,0,#VALUE!,#VALUE!,-,3.461538462,8,f?r?swil,fer?swil,2,3,Ferris wheel,f,Structure,0.20281319,0.267002127
823,firehydrant_823_cmpd.jpg,firehydrant_823_cmpd.wav,firehydrant,0.95,0,#VALUE!,#VALUE!,-,3.153846154,11,fa??rha?dr?nt,fa?rha?dr?nt,2,4,fire hydrant,f,Structure,0.298332417,0.299197379
203,fireplace_203_cmpd.jpg,fireplace_203_cmpd.wav,fireplace,1,0.783903579,0.783791518,6.078431373,5.078431373,3.888888889,8,fa??rples,fa?rples,2,2,fireplace,f,Structure,0.253953521,0.319157577
207,flag_207_mono.jpg,flag_207_mono.wav,flag,1,1.266936911,1.266941517,18.49019608,17.49019608,2,4,flæ?,,1,1,flag,f,Structure,0.249622799,0.248825206
217,fountain_217_mono.jpg,fountain_217_mono.wav,fountain,0.9,0.897627091,0.89773487,7.901960784,6.901960784,1.6,6,fa?nt?n,fa?t?n,1,2,fountain,f,Structure,0.205109957,0.309928295
223,garage_223_mono.jpg,garage_223_mono.wav,garage,1,1.450557009,1.450490618,28.21568627,27.21568627,3.222222222,5,??r??,??r?d?,1,3,garage,?,Structure,0.380070861,0.300401549
226,gate_226_mono.jpg,gate_226_mono.wav,gate,0.95,1.519040039,1.519029729,33.03921569,32.03921569,4.636363636,3,?et,,1,1,gate,?,Structure,0.230751658,0.337855838
319,mailbox_319_cmpd.jpg,mailbox_319_cmpd.wav,mailbox,1,0.712649702,0.712385572,5.156862745,4.156862745,3.307692308,7,melb?ks,,2,2,mailbox,m,Structure,0.181512184,0.296140259
328,maze_328_mono.jpg,maze_328_mono.wav,maze,0.95,0.550228353,0.550108399,3.549019608,2.549019608,4.5,3,mez,,1,1,maze,m,Structure,0.206785375,0.264676953
428,road_428_mono.jpg,road_428_mono.wav,road,1,2.052847783,2.052852307,112.9411765,111.9411765,3.461538462,3,rod,,1,1,road,r,Structure,0.357336846,0.323437391
433,rollercoaster_433_cmpd.jpg,rollercoaster_433_cmpd.wav,rollercoaster,0.85,0,#VALUE!,#VALUE!,-,4.285714286,11,rol?rkost?r,,2,4,roller coaster,r,Structure,0.1672726,0.240638341
435,roof_435_mono.jpg,roof_435_mono.wav,roof,1,1.564073979,1.564039125,36.64705882,35.64705882,2.5,3,ruf,,1,1,roof,r,Structure,0.421890342,0.342052862
851,sidewalk_851_cmpd.jpg,sidewalk_851_cmpd.wav,sidewalk,1,0.810943764,0.810943764,6.470588235,5.470588235,3.5,6,sa?dw?k,,2,2,sidewalk,s,Structure,0.356359931,0.340168045
852,sign_852_mono.jpg,sign_852_mono.wav,sign,0.85,2.127993576,2.127993576,134.2745098,133.2745098,2,3,sa?n,,1,1,sign,s,Structure,0.289739272,0.299159979
494,stage_494_mono.jpg,stage_494_mono.wav,stage,0.95,1.668106238,1.668093438,46.56862745,45.56862745,3.222222222,4,sted?,,1,1,stage,s,Structure,0.418516701,0.293142548
501,statue_501_mono.jpg,statue_501_mono.wav,statue,0.95,1.064083436,1.064017305,11.58823529,10.58823529,4.111111111,5,stæt?u,,1,2,statue,s,Structure,0.332992293,0.287165864
567,tunnel_567_mono.jpg,tunnel_567_mono.wav,tunnel,0.8,1.27600199,1.276056111,18.88235294,17.88235294,4.272727273,5,t?n?l,,1,2,tunnel,t,Structure,0.219177087,0.250585546
594,well_594_mono.jpg,well_594_mono.wav,well,1,1.361727836,3.475910356,2991.647059,2990.647059,2.333333333,3,w?l,,1,1,well,w,Structure,0.241355437,0.170734454
603,window_603_mono.jpg,window_603_mono.wav,window,1,1.939519253,1.939519253,87,86,3.666666667,5,w?ndo,,1,2,window,w,Structure,0.406216339,0.348424581
20,ax_20_mono.jpg,ax_20_mono.wav,ax,0.9,0.726727209,0.726998728,5.333333333,4.333333333,3.571428571,3,æks,,1,1,axe,æ,Tools & Hardware,0.259699261,0.299939951
40,battery_40_mono.jpg,battery_40_mono.wav,battery,1,1.127428778,1.127485926,13.41176471,12.41176471,2.4,6,bæt?ri,,1,3,battery,b,Tools & Hardware,0.332339157,0.325116682
70,brick_70_mono.jpg,brick_70_mono.wav,brick,0.9,1.048441804,1.04830468,11.17647059,10.17647059,1.888888889,4,br?k,,1,1,brick,b,Tools & Hardware,0.162580243,0.314473288
74,broom_74_mono.jpg,broom_74_mono.wav,broom,1,0.760422483,0.760777154,5.764705882,4.764705882,2,4,brum,br?m,1,1,broom,b,Tools & Hardware,0.204443317,0.346749585
78,bucket_78_mono.jpg,bucket_78_mono.wav,bucket,0.8,1.042181595,1.042166139,11.01960784,10.01960784,2.454545455,5,b?k?t,,1,2,bucket,b,Tools & Hardware,0.188912102,0.317631769
112,chain_112_mono.jpg,chain_112_mono.wav,chain,0.95,1.346744055,1.346659734,22.21568627,21.21568627,2.692307692,3,t?en,,1,1,chain,t?,Tools & Hardware,0.243744722,0.304973079
180,dustpan_180_cmpd.jpg,dustpan_180_cmpd.wav,dustpan,0.95,0.096910013,0.098609798,1.254901961,0.254901961,1.615384615,7,d?stpæn,d?spæn,2,2,dustpan,d,Tools & Hardware,0.251799507,0.412258488
208,flashlight_208_cmpd.jpg,flashlight_208_cmpd.wav,flashlight,0.9,0.840106094,0.840204529,6.921568627,5.921568627,1.857142857,7,flæ?la?t,,2,2,flashlight,f,Tools & Hardware,0.339017592,0.298709297
213,flyswatter_213_cmpd.jpg,flyswatter_213_cmpd.wav,flyswatter,1,0,0.016705694,1.039215686,0.039215686,2.090909091,9,fla?sw?t?r,,2,3,flyswatter,f,Tools & Hardware,0.208250964,0.330111383
222,funnel_222_mono.jpg,funnel_222_mono.wav,funnel,1,0.322219295,0.321813602,2.098039216,1.098039216,1.8,5,f?n?l,,1,2,funnel,f,Tools & Hardware,0.162927878,0.283318944
245,hammer_245_mono.jpg,hammer_245_mono.wav,hammer,1,1.129367596,1.129386561,13.47058824,12.47058824,1.75,5,hæm?r,,1,2,hammer,h,Tools & Hardware,0.427766703,0.358297692
259,hinge_259_mono.jpg,hinge_259_mono.wav,hinge,0.85,0.195899652,0.195519811,1.568627451,0.568627451,2.666666667,4,h?nd?,,1,1,hinge,h,Tools & Hardware,0.229896116,0.273485323
266,hose_266_mono.jpg,hose_266_mono.wav,hose,0.8,0.957128198,0.957071799,9.058823529,8.058823529,2.75,3,hoz,,1,1,hose,h,Tools & Hardware,0.347506257,0.355611028
273,iron_273_mono.jpg,iron_273_mono.wav,iron,0.95,1.277379975,1.27740695,18.94117647,17.94117647,2.538461538,4,a??rn,a?rn,1,2,iron,a?,Tools & Hardware,0.264138037,0.304023735
274,ironingboard_274_cmpd.jpg,ironingboard_274_cmpd.wav,ironingboard,0.95,0,#VALUE!,#VALUE!,-,3.153846154,10,a??rn??b?rd,a?rn??b?rd,2,4,ironing board,a?,Tools & Hardware,0.109132085,0.248433675
276,jack_276_mono.jpg,jack_276_mono.wav,jack,0.85,2.402416153,2.402413119,252.5882353,251.5882353,2,3,d?æk,,1,1,jack,d?,Tools & Hardware,0.127944061,0.238455845
287,key_287_mono.jpg,key_287_mono.wav,key,1,1.943791199,1.943804768,87.8627451,86.8627451,1.727272727,2,ki,,1,1,key,k,Tools & Hardware,0.269168302,0.303006543
294,ladder_294_mono.jpg,ladder_294_mono.wav,ladder,1,1.010723865,1.010931513,10.25490196,9.254901961,1.6,5,læd?r,,1,2,ladder,l,Tools & Hardware,0.296755625,0.329859658
297,lawnmower_297_cmpd.jpg,lawnmower_297_cmpd.wav,lawnmower,0.85,0.167317335,0.167491087,1.470588235,0.470588235,1,7,l?nmo?r,,2,3,lawn mower,l,Tools & Hardware,0.182300809,0.312553826
302,lightbulb_302_cmpd.jpg,lightbulb_302_cmpd.wav,lightbulb,0.95,0,#VALUE!,#VALUE!,-,2.75,7,la?tb?lb,,2,2,lightbulb,l,Tools & Hardware,0.249869848,0.354790055
303,lighter_303_mono.jpg,lighter_303_mono.wav,lighter,1,0.998259338,0.998293536,9.960784314,8.960784314,2.5,5,la?t?r,,1,2,lighter,l,Tools & Hardware,0.181907046,0.292465282
306,lightswitch_306_cmpd.jpg,lightswitch_306_cmpd.wav,lightswitch,0.9,0,#VALUE!,#VALUE!,-,1.909090909,7,la?tsw?t?,,2,2,light switch,l,Tools & Hardware,0.218141546,0.292211559
317,magnet_317_mono.jpg,magnet_317_mono.wav,magnet,1,0.574031268,0.573463191,3.745098039,2.745098039,1.461538462,6,mæ?n?t,,1,2,magnet,m,Tools & Hardware,0.199258118,0.284820073
326,match_326_mono.jpg,match_326_mono.wav,match,0.9,1.702688968,1.702700788,50.43137255,49.43137255,2.5,3,mæt?,,1,1,match,m,Tools & Hardware,0.210083611,0.250774007
338,mop_338_mono.jpg,mop_338_mono.wav,mop,1,0.710963119,0.710731115,5.137254902,4.137254902,3.222222222,3,m?p,,1,1,mop,m,Tools & Hardware,0.193816204,0.291833572
344,mousetrap_344_cmpd.jpg,mousetrap_344_cmpd.wav,mousetrap,0.9,0.201397124,0.200914843,1.588235294,0.588235294,3,7,ma?stræp,,2,2,mousetrap,m,Tools & Hardware,0.187570996,0.315077239
349,nail_349_mono.jpg,nail_349_mono.wav,nail,0.95,1.293362555,1.293297545,19.64705882,18.64705882,1.571428571,3,nel,,1,1,nail,n,Tools & Hardware,0.277066676,0.336392024
368,paintbrush_368_cmpd.jpg,paintbrush_368_cmpd.wav,paintbrush,0.9,0.184691431,0.184524427,1.529411765,0.529411765,3.545454545,8,pentbr??,,2,2,paintbrush,p,Tools & Hardware,0.317408366,0.30431936
397,plug_397_mono.jpg,plug_397_mono.wav,plug,0.8,1.057285644,1.057352809,11.41176471,10.41176471,2.111111111,4,pl??,,1,1,plug,p,Tools & Hardware,0.252673898,0.354934536
418,rake_418_mono.jpg,rake_418_mono.wav,rake,1,0.599883072,0.599925862,3.980392157,2.980392157,3.5,3,rek,,1,1,rake,r,Tools & Hardware,0.19716687,0.301186852
438,rope_438_mono.jpg,rope_438_mono.wav,rope,0.95,1.374931554,1.374856125,23.70588235,22.70588235,3,3,rop,,1,1,rope,r,Tools & Hardware,0.256917365,0.359446233
448,saw_448_mono.jpg,saw_448_mono.wav,saw,0.9,2.605832776,2.605832987,403.4901961,402.4901961,1.888888889,2,s?,,1,1,saw,s,Tools & Hardware,0.212829319,0.283054585
454,screw_454_mono.jpg,screw_454_mono.wav,screw,0.85,1.585347911,1.585350124,38.49019608,37.49019608,1.727272727,4,skru,,1,1,screw,s,Tools & Hardware,0.225827289,0.332046508
455,screwdriver_455_cmpd.jpg,screwdriver_455_cmpd.wav,screwdriver,0.95,0.545307116,0.545282855,3.509803922,2.509803922,1.615384615,10,skrudra?v?r,,2,3,screwdriver,s,Tools & Hardware,0.396564535,0.315232858
465,shovel_465_mono.jpg,shovel_465_mono.wav,shovel,0.95,0.894316063,0.894489815,7.843137255,6.843137255,2.777777778,5,??v?l,,1,2,shovel,?,Tools & Hardware,0.331703722,0.30542796
492,Springs_492_mono.jpg,Springs_492_mono.wav,Springs,1,0.916453949,0.91671192,8.254901961,7.254901961,1.857142857,5,spr??,,1,1,springs,s,Tools & Hardware,0.23055599,0.232359062
535,thermometer_535_mono.jpg,thermometer_535_mono.wav,thermometer,0.9,0.505149978,0.504617428,3.196078431,2.196078431,1.142857143,10,??rm?m?t?r,??m?m?t?r,1,4,thermometer,?,Tools & Hardware,0.265579214,0.290665386
577,vacuum_577_mono.jpg,vacuum_577_mono.wav,vacuum,0.8,0.829946696,0.830248919,6.764705882,5.764705882,1.833333333,6,vækjum,vækj?m,1,2,vacuum,v,Tools & Hardware,0.179154834,0.316146037
610,wrench_610_mono.jpg,wrench_610_mono.wav,wrench,0.95,0.695481676,0.695550345,4.960784314,3.960784314,2.5,4,r?nt?,,1,1,wrench,r,Tools & Hardware,0.418374794,0.328636218
26,ball_26_mono.jpg,ball_26_mono.wav,ball,1,2.02514195,2.025145164,105.9607843,104.9607843,1.888888889,3,b?l,,1,1,ball,b,"Toys, Games & Hobbies",0.149866976,0.361738663
27,balloon_27_mono.jpg,balloon_27_mono.wav,balloon,1,0.985426474,0.985276743,9.666666667,8.666666667,1.857142857,5,b?lun,,1,2,balloon,b,"Toys, Games & Hobbies",0.165631679,0.346650164
35,baseball_35_cmpd.jpg,baseball_35_cmpd.wav,baseball,1,1.419129308,1.419210401,26.25490196,25.25490196,2.818181818,6,besb?l,,2,2,baseball,b,"Toys, Games & Hobbies",0.20398261,0.318768147
37,basketball_37_cmpd.jpg,basketball_37_cmpd.wav,basketball,1,1.350054094,1.350095928,22.39215686,21.39215686,1.666666667,9,bæsk?tb?l,bæsk?tb?l,2,3,basketball,b,"Toys, Games & Hobbies",0.243684682,0.328617023
41,beads_41_mono.jpg,beads_41_mono.wav,beads,0.9,0.656098202,0.656041804,4.529411765,3.529411765,4.538461538,3,bid,,1,1,beads,b,"Toys, Games & Hobbies",0.047075726,0.282710599
50,binoculars_50_mono.jpg,binoculars_50_mono.wav,binoculars,1,0.409933123,0.40970112,2.568627451,1.568627451,2.25,11,b?n?kj?l?rz,ba?n?kj?l?rz,1,4,binoculars,b,"Toys, Games & Hobbies",0.150424991,0.261325142
77,bubble_77_mono.jpg,bubble_77_mono.wav,bubble,1,0.954242509,0.954242509,9,8,1.769230769,5,b?b?l,,1,2,bubble,b,"Toys, Games & Hobbies",0.085108521,0.311519837
92,camera_92_mono.jpg,camera_92_mono.wav,camera,1,1.763427994,1.763427994,58,57,2.846153846,5,kæmr?,kæm?r?,1,2,camera,k,"Toys, Games & Hobbies",0.100352977,0.295987998
115,checkers_115_mono.jpg,checkers_115_mono.wav,checkers,0.85,0.459392488,0.459747159,2.882352941,1.882352941,2.2,5,t??k?r,,1,2,checkers,t?,"Toys, Games & Hobbies",0.146721846,0.256044931
136,compass_136_mono.jpg,compass_136_mono.wav,compass,1,0.704150517,0.70404953,5.058823529,4.058823529,1.181818182,6,k?mp?s,k?mp?s,1,2,compass,k,"Toys, Games & Hobbies",0.077496368,0.2374923
158,dart_158_mono.jpg,dart_158_mono.wav,dart,1,0.465382851,0.465616092,2.921568627,1.921568627,1.444444444,4,d?rt,,1,1,dart,d,"Toys, Games & Hobbies",0.133871018,0.306066067
164,dice_164_mono.jpg,dice_164_mono.wav,dice,1,1.058805487,1.058842671,11.45098039,10.45098039,1.727272727,3,da?s,da?,1,1,dice,d,"Toys, Games & Hobbies",0.101266272,0.273296789
169,doll_169_mono.jpg,doll_169_mono.wav,doll,1,1.410945859,1.411025189,25.76470588,24.76470588,3.5,3,d?l,d?l,1,1,doll,d,"Toys, Games & Hobbies",0.299621605,0.296069511
171,dominoes_171_mono.jpg,dominoes_171_mono.wav,dominoes,1,0.274157849,0.274701057,1.882352941,0.882352941,2.111111111,6,d?m?no,,1,3,dominoes,d,"Toys, Games & Hobbies",0.121078375,0.288272319
215,football_215_cmpd.jpg,football_215_cmpd.wav,football,1,1.585799009,1.585792379,38.52941176,37.52941176,4.142857143,6,f?tb?l,,2,2,football,f,"Toys, Games & Hobbies",0.21553818,0.306050956
238,golfball_238_cmpd.jpg,golfball_238_cmpd.wav,golfball,1,0,#VALUE!,#VALUE!,-,2,7,??lfb?l,"??lfb?l, ??fb?l, ??fb?l",2,2,golfball,?,"Toys, Games & Hobbies",0.067111836,0.332057565
636,hopscotch_636_cmpd.jpg,hopscotch_636_cmpd.wav,hopscotch,0.9,0.343231295,0.111973759,1.294117647,0.294117647,2.333333333,7,h?psk?t?,,1,2,hopscotch,h,"Toys, Games & Hobbies",0.255610679,0.323210295
284,jumprope_284_cmpd.jpg,jumprope_284_cmpd.wav,jumprope,0.9,0,#VALUE!,#VALUE!,-,2,7,d??mprop,,2,2,jump rope,d?,"Toys, Games & Hobbies",0.18010406,0.356166195
291,kite_291_mono.jpg,kite_291_mono.wav,kite,1,0.517195898,0.517739106,3.294117647,2.294117647,1.857142857,3,ka?t,,1,1,kite,k,"Toys, Games & Hobbies",0.07309483,0.295003323
318,magnifyingglass_318_cmpd.jpg,magnifyingglass_318_cmpd.wav,magnifyingglass,1,0,#VALUE!,#VALUE!,-,4.5,13,mæ?n?fa????læs,,2,5,magnifying glass,m,"Toys, Games & Hobbies",0.046021563,0.224824239
322,marbles_322_mono.jpg,marbles_322_mono.wav,marbles,1,0.606381365,0.606297044,4.039215686,3.039215686,4.636363636,6,m?rb?l,,1,2,marbles,m,"Toys, Games & Hobbies",0.24794082,0.300984989
330,medal_330_mono.jpg,medal_330_mono.wav,medal,0.95,1.099335278,1.099287853,12.56862745,11.56862745,2.777777778,5,m?d?l,,1,2,medal,m,"Toys, Games & Hobbies",0.115986408,0.255341532
332,microphone_332_mono.jpg,microphone_332_mono.wav,microphone,0.95,0.744292983,0.744216259,5.549019608,4.549019608,1.75,8,ma?kr?fon,,1,3,microphone,m,"Toys, Games & Hobbies",0.036241646,0.281328103
354,needle_354_mono.jpg,needle_354_mono.wav,needle,0.9,1.111262514,1.111315238,12.92156863,11.92156863,1.333333333,5,nid?l,,1,2,needle,n,"Toys, Games & Hobbies",0.097114096,0.278528097
355,net_355_mono.jpg,net_355_mono.wav,net,0.9,1.218797998,1.218772271,16.54901961,15.54901961,1.166666667,3,n?t,,1,1,net,n,"Toys, Games & Hobbies",0.067017067,0.265960494
421,record_421_mono.jpg,record_421_mono.wav,record,0.85,1.93746774,1.937458889,86.58823529,85.58823529,2.285714286,6,r?k?rd,,1,2,record,r,"Toys, Games & Hobbies",0.036591744,0.230714677
430,robot_430_mono.jpg,robot_430_mono.wav,robot,1,1.11991541,1.119799097,13.17647059,12.17647059,3.909090909,5,rob?t,,1,2,robot,r,"Toys, Games & Hobbies",0.181773611,0.265631397
447,sandcastle_447_cmpd.jpg,sandcastle_447_cmpd.wav,sandcastle,1,0.033423755,0.032792513,1.078431373,0.078431373,3.666666667,9,sændkæs?l,sænkæs?l,2,3,sandcastle,s,"Toys, Games & Hobbies",0.151889613,0.202663799
458,sewingmachine_458_cmpd.jpg,sewingmachine_458_cmpd.wav,sewingmachine,0.85,0,#VALUE!,#VALUE!,-,3.428571429,9,so??m??in,,2,4,sewing machine,s,"Toys, Games & Hobbies",0.066499929,0.294727998
468,skateboard_468_cmpd.jpg,skateboard_468_cmpd.wav,skateboard,1,0.426511261,0.425968732,2.666666667,1.666666667,1.444444444,8,sketb?rd,,2,2,skateboard,s,"Toys, Games & Hobbies",0.24804654,0.309415652
470,skis_470_mono.jpg,skis_470_mono.wav,skis,0.8,0.371067862,0.37161107,2.352941176,1.352941176,3.714285714,3,ski,,1,1,skis,s,"Toys, Games & Hobbies",0.153865077,0.243690791
473,sled_473_mono.jpg,sled_473_mono.wav,sled,0.8,0.593286067,0.59345982,3.921568627,2.921568627,3,4,sl?d,,1,1,sled,s,"Toys, Games & Hobbies",0.136136651,0.288435228
475,slide_475_mono.jpg,slide_475_mono.wav,slide,1,1.274619619,1.274701057,18.82352941,17.82352941,3.5,4,sla?d,,1,1,slide,s,"Toys, Games & Hobbies",0.056685673,0.31437243
476,slingshot_476_cmpd.jpg,slingshot_476_cmpd.wav,slingshot,1,0.378397901,0.378789655,2.392156863,1.392156863,1.153846154,7,sl????t,,2,2,slingshot,s,"Toys, Games & Hobbies",0.220248468,0.304565616
854,sparkler_854_mono.jpg,sparkler_854_mono.wav,sparkler,0.95,0.024823584,0.024823584,1.058823529,0.058823529,3.153846154,8,sp?rkl?r,,1,2,sparkler,s,"Toys, Games & Hobbies",0.126699733,0.300090678
857,swing_857_mono.jpg,swing_857_mono.wav,swing,1,1.431048258,1.431048258,26.98039216,25.98039216,3.181818182,4,sw??,,1,1,swing,s,"Toys, Games & Hobbies",0.096057977,0.329485299
526,target_526_mono.jpg,target_526_mono.wav,target,0.8,1.590618948,1.590627691,38.96078431,37.96078431,3.615384615,6,t?r??t,,1,2,target,t,"Toys, Games & Hobbies",0.104123399,0.20826831
530,telescope_530_mono.jpg,telescope_530_mono.wav,telescope,0.95,0.595496222,0.595625881,3.941176471,2.941176471,3.266666667,8,t?l?skop,,1,3,telescope,t,"Toys, Games & Hobbies",0.1400154,0.245413094
533,tennisball_533_cmpd.jpg,tennisball_533_cmpd.wav,tennisball,1,0,#VALUE!,#VALUE!,-,2.777777778,8,t?n?sb?l,,2,3,tennis ball,t,"Toys, Games & Hobbies",0,0.238707544
537,thimble_537_mono.jpg,thimble_537_mono.wav,thimble,0.85,0.103803721,0.105343181,1.274509804,0.274509804,2.333333333,6,??mb?l,,1,2,thimble,?,"Toys, Games & Hobbies",0.219050139,0.311658592
540,tictactoe_540_cmpd.jpg,tictactoe_540_cmpd.wav,tictactoe,0.95,0,#VALUE!,#VALUE!,-,1,8,t?ktækto,,3,3,tic-tac-toe,t,"Toys, Games & Hobbies",0.159156013,0.312546398
555,top_555_mono.jpg,top_555_mono.wav,top,0.75,2.128496199,2.128500633,134.4313725,133.4313725,1.4,3,t?p,,1,1,top,t,"Toys, Games & Hobbies",0.018835007,0.237098817
562,trophy_562_mono.jpg,trophy_562_mono.wav,trophy,0.95,0.931966115,0.931916313,8.549019608,7.549019608,2.6,5,trofi,,1,2,trophy,t,"Toys, Games & Hobbies",0.104425217,0.252454447
600,whistle_600_mono.jpg,whistle_600_mono.wav,whistle,1,1.216165902,1.216191785,16.45098039,15.45098039,2,5,w?s?l,,1,2,whistle,w,"Toys, Games & Hobbies",0.027058715,0.287611575
612,yarn_612_mono.jpg,yarn_612_mono.wav,yarn,0.8,0.413299764,0.413003755,2.588235294,1.588235294,3.307692308,4,j?rn,,1,1,yarn,j,"Toys, Games & Hobbies",0.168524905,0.284043759
613,yoyo_613_mono.jpg,yoyo_613_mono.wav,yoyo,1,0.103803721,0.105343181,1.274509804,0.274509804,2,4,jojo,,1,2,yo-yo,j,"Toys, Games & Hobbies",0.302579639,0.337402242
21,baby_21_mono.jpg,baby_21_mono.wav,baby,1,2.707885138,2.707887307,510.372549,509.372549,3.2,4,bebi,,1,2,baby,b,Types of People,0.237361175,0.327574544
65,boy_65_mono.jpg,boy_65_mono.wav,boy,0.85,2.724947278,2.724950165,530.8235294,529.8235294,3.75,2,b??,,1,1,boy,b,Types of People,0.283545942,0.286552765
71,bride_71_mono.jpg,bride_71_mono.wav,bride,1,1.401745082,1.401670792,25.21568627,24.21568627,3.666666667,4,bra?d,,1,1,bride,b,Types of People,0.225217321,0.310461566
100,captain_100_mono.jpg,captain_100_mono.wav,captain,0.9,2.320706974,2.320716333,209.2745098,208.2745098,4.428571429,6,kæpt?n,,1,2,captain,k,Types of People,0.126066711,0.319427453
116,cheerleaders_116_cmpd.jpg,cheerleaders_116_cmpd.wav,cheerleaders,0.95,0.586587305,0.58689605,3.862745098,2.862745098,3.222222222,8,t?irlid?r,,2,3,cheerleaders,t?,Types of People,0.117597677,0.201672642
123,choir_123_mono.jpg,choir_123_mono.wav,choir,0.85,0.800029359,0.800285696,6.31372549,5.31372549,3.153846154,5,kwa??r,kwa?r,1,2,choir,k,Types of People,0.173733136,0.239372244
133,clown_133_mono.jpg,clown_133_mono.wav,clown,0.95,1.225825991,1.225917112,16.82352941,15.82352941,4.142857143,4,kla?n,,1,1,clown,k,Types of People,0.146397128,0.286917777
144,cowboy_144_cmpd.jpg,cowboy_144_cmpd.wav,cowboy,0.95,1.300595484,1.300604008,19.98039216,18.98039216,1.8,4,ka?b??,,2,2,cowboy,k,Types of People,0.228698871,0.310850239
160,dentist_160_mono.jpg,dentist_160_mono.wav,dentist,0.85,1.086359831,1.086220209,12.19607843,11.19607843,3.166666667,7,d?nt?st,,1,2,dentist,d,Types of People,0.17788008,0.273043385
167,doctor_167_mono.jpg,doctor_167_mono.wav,doctor,1,2.423147532,2.42314946,264.9411765,263.9411765,1.545454545,6,d?kt?r,,1,2,doctor,d,Types of People,0.154541833,0.309858081
195,farmer_195_mono.jpg,farmer_195_mono.wav,farmer,1,1.108565024,1.108671124,12.84313725,11.84313725,3.444444444,6,f?rm?r,,1,2,farmer,f,Types of People,0.183342406,0.302907256
205,fisherman_205_cmpd.jpg,fisherman_205_cmpd.wav,fisherman,0.95,0.726727209,0.726998728,5.333333333,4.333333333,1.666666667,8,f???rm?n,f???rmæn,2,3,fisherman,f,Types of People,0.091793344,0.305872345
231,girl_231_mono.jpg,girl_231_mono.wav,girl,0.95,2.746727586,2.746725755,558.1176471,557.1176471,1.444444444,4,??rl,??r?l,1,1,girl,?,Types of People,0.28377864,0.332231578
282,judge_282_mono.jpg,judge_282_mono.wav,judge,0.95,1.906712057,1.906694111,80.66666667,79.66666667,3.888888889,3,d??d?,,1,1,judge,d?,Types of People,0.180532794,0.233117774
833,mailman_833_cmpd.jpg,mailman_833_cmpd.wav,mailman,0.85,0.589095014,0.589095014,3.882352941,2.882352941,2.166666667,6,melmæn,,2,2,mailman,m,Types of People,0.187663237,0.294882541
320,man_320_mono.jpg,man_320_mono.wav,man,0.9,3.266408108,3.266406955,1846.745098,1845.745098,3.222222222,3,mæn,,1,1,man,m,Types of People,0.354164847,0.326756091
643,nun_643_mono.jpg,nun_643_mono.wav,nun,1,0.55039959,0.900955857,7.960784314,6.960784314,3.166666667,3,n?n,,1,1,nun,n,Types of People,0.188824292,0.231882161
359,nurse_359_mono.jpg,nurse_359_mono.wav,nurse,1,1.662568967,1.662572671,45.98039216,44.98039216,3.285714286,4,n?rs,,1,1,nurse,n,Types of People,0.14053144,0.325809653
369,painter_369_mono.jpg,painter_369_mono.wav,painter,0.95,0.889301703,0.88902692,7.745098039,6.745098039,3.25,6,pent?r,,1,2,painter,p,Types of People,0.118107919,0.265351198
388,pilgrim_388_mono.jpg,pilgrim_388_mono.wav,pilgrim,0.85,0.671172843,0.670827725,4.68627451,3.68627451,2.538461538,7,p?l?r?m,,1,2,pilgrim,p,Types of People,0.125980016,0.24331486
391,pilot_391_mono.jpg,pilot_391_mono.wav,pilot,0.95,1.442009159,1.441956838,27.66666667,26.66666667,4.466666667,5,pa?l?t,,1,2,pilot,p,Types of People,0.17261343,0.327273064
405,priest_405_mono.jpg,priest_405_mono.wav,priest,0.8,1.434568904,1.434506285,27.19607843,26.19607843,4.6,5,prist,,1,1,priest,p,Types of People,0.203216323,0.316555577
443,sailor_443_mono.jpg,sailor_443_mono.wav,sailor,0.95,1.126780577,1.126850528,13.39215686,12.39215686,4.6,5,sel?r,sæl?r,1,2,sailor,s,Types of People,0.141743256,0.337811824
656,teacher_656_mono.jpg,teacher_656_mono.wav,teacher,0.9,0.648730711,1.753778258,56.7254902,55.7254902,2,5,tit??r,,1,2,teacher,t,Types of People,0.190572162,0.371114819
571,twins_571_mono.jpg,twins_571_mono.wav,twins,0.85,1.206825876,1.206772981,16.09803922,15.09803922,3.833333333,4,tw?n,,1,1,twins,t,Types of People,0.103970479,0.208257997
585,waiter_585_mono.jpg,waiter_585_mono.wav,waiter,0.95,1.152288344,1.15216839,14.19607843,13.19607843,3.5,5,wet?r,,1,2,waiter,w,Types of People,0.201273108,0.330768702
587,waitress_587_mono.jpg,waitress_587_mono.wav,waitress,0.95,1.097951071,1.097930682,12.52941176,11.52941176,4,6,wetr?s,,1,2,waitress,w,Types of People,0.145538109,0.328281096
51,bird_51_mono.jpg,bird_51_mono.wav,bird,0.8,1.666985718,1.666994885,46.45098039,45.45098039,2.6,4,b?rd,,1,1,bird,b,Uncategorized,0.301311653,0.291745039
57,bomb_57_mono.jpg,bomb_57_mono.wav,bomb,0.9,1.737590166,1.737566793,54.64705882,53.64705882,1.769230769,3,b?m,,1,1,bomb,b,Uncategorized,0.249793327,0.322910463
812,bullet_812_mono.jpg,bullet_812_mono.wav,bullet,0.95,1.593676913,1.593676913,39.23529412,38.23529412,1,5,b?l?t,b?l?t,1,2,bullet,b,Uncategorized,0.224944956,0.354875714
87,cage_87_mono.jpg,cage_87_mono.wav,cage,1,1.32776749,1.327859562,21.2745098,20.2745098,2.111111111,3,ked?,,1,1,cage,k,Uncategorized,0.289537829,0.301359415
97,cannon_97_mono.jpg,cannon_97_mono.wav,cannon,1,0.98721923,0.987035023,9.705882353,8.705882353,2.272727273,5,kæn?n,,1,2,cannon,k,Uncategorized,0.278233742,0.288022748
126,cigar_126_mono.jpg,cigar_126_mono.wav,cigar,1,1.144262774,1.144299425,13.94117647,12.94117647,3.5,5,s???r,,1,2,cigar,s,Uncategorized,0.176978052,0.271327758
127,cigarette_127_mono.jpg,cigarette_127_mono.wav,cigarette,1,1.441066407,1.441032479,27.60784314,26.60784314,1.555555556,7,s???r?t,,1,3,cigarette,s,Uncategorized,0.172764622,0.313521616
817,coins_817_mono.jpg,coins_817_mono.wav,coins,0.95,0.723793588,0.723793588,5.294117647,4.294117647,3.727272727,3,k??n,,1,1,coins,k,Uncategorized,0.229775782,0.292291388
150,cross_150_mono.jpg,cross_150_mono.wav,cross,1,1.748498127,1.748492048,56.03921569,55.03921569,1,4,kr?s,,1,1,cross,k,Uncategorized,0.292477941,0.319287548
221,fruit_221_mono.jpg,fruit_221_mono.wav,fruit,0.95,1.356599436,1.35651326,22.7254902,21.7254902,4.454545455,4,frut,,1,1,fruit,f,Uncategorized,0.298330396,0.274099845
241,grenade_241_mono.jpg,grenade_241_mono.wav,grenade,0.95,0.748962861,0.748795857,5.607843137,4.607843137,1.769230769,6,?r?ned,,1,2,grenade,?,Uncategorized,0.111925919,0.252401017
253,heart_253_mono.jpg,heart_253_mono.wav,heart,1,2.389485041,2.389478789,245.1764706,244.1764706,1,4,h?rt,,1,1,heart,h,Uncategorized,0.229744217,0.302221239
830,knot_830_mono.jpg,knot_830_mono.wav,knot,0.95,0.670827725,0.670827725,4.68627451,3.68627451,2.555555556,3,n?t,,1,1,knot,n,Uncategorized,0.348586893,0.263563484
301,licenseplate_301_cmpd.jpg,licenseplate_301_cmpd.wav,licenseplate,1,0,#VALUE!,#VALUE!,-,2.666666667,10,la?s?nsplet,,2,3,license plate,l,Uncategorized,0.387554675,0.287617033
325,mask_325_mono.jpg,mask_325_mono.wav,mask,0.9,1.318063335,1.318145208,20.80392157,19.80392157,3.461538462,4,mæsk,,1,1,mask,m,Uncategorized,0.223118177,0.257026933
331,menu_331_mono.jpg,menu_331_mono.wav,menu,1,1.039810554,1.039841632,10.96078431,9.960784314,2.5,5,m?nju,,1,2,menu,m,Uncategorized,0.217879302,0.266159447
335,money_335_mono.jpg,money_335_mono.wav,money,0.9,2.807372645,2.807375829,641.7647059,640.7647059,3,4,m?ni,,1,2,money,m,Uncategorized,0.225990732,0.282512605
374,parachute_374_mono.jpg,parachute_374_mono.wav,parachute,1,0.621176282,0.620809427,4.176470588,3.176470588,3.222222222,7,pær??ut,per??ut,1,3,parachute,p,Uncategorized,0.224669694,0.316829954
375,passports_375_cmpd.jpg,passports_375_cmpd.wav,passports,1,0.525044807,0.525425934,3.352941176,2.352941176,2.111111111,7,pæsp?rt,,2,2,passports,p,Uncategorized,0.211305293,0.240630272
382,penny_382_mono.jpg,penny_382_mono.wav,penny,1,1.402948829,1.403019534,25.29411765,24.29411765,1.769230769,4,p?ni,,1,2,penny,p,Uncategorized,0.215211988,0.255470521
441,saddle_441_mono.jpg,saddle_441_mono.wav,saddle,1,0.945468585,0.945642338,8.823529412,7.823529412,3,5,sæd?l,,1,2,saddle,s,Uncategorized,0.203586106,0.284187958
459,shapes_459_mono.jpg,shapes_459_mono.wav,shapes,0.95,0.462397998,0.462691539,2.901960784,1.901960784,1.444444444,3,?ep,,1,1,shapes,?,Uncategorized,0.166754971,0.295027676
856,steam_856_mono.jpg,steam_856_mono.wav,steam,1,1.159897312,1.159897312,14.45098039,13.45098039,2.333333333,4,stim,,1,1,steam,s,Uncategorized,0.241501677,0.231275796
504,stethoscope_504_mono.jpg,stethoscope_504_mono.wav,stethoscope,0.95,0.28780173,0.288065018,1.941176471,0.941176471,2,9,st???skop,,1,3,stethoscope,s,Uncategorized,0.140981076,0.252403226
539,ticket_539_mono.jpg,ticket_539_mono.wav,ticket,0.85,1.668106238,1.668093438,46.56862745,45.56862745,2.428571429,5,t?k?t,,1,2,ticket,t,Uncategorized,0.251206206,0.293994904
580,vegetables_580_mono.jpg,vegetables_580_mono.wav,vegetables,0.9,0.882524538,0.882379425,7.62745098,6.62745098,4.111111111,8,v?d?t?b?l,v?t?t?b?l,1,3,vegetables,v,Uncategorized,0.2933213,0.261895398
596,wheel_596_mono.jpg,wheel_596_mono.wav,wheel,1,1.448087667,1.448069458,28.05882353,27.05882353,2.6,3,wil,,1,1,wheel,w,Uncategorized,0.284769014,0.330056952
599,whip_599_mono.jpg,whip_599_mono.wav,whip,0.95,1.151063253,1.150967021,14.15686275,13.15686275,1.142857143,3,w?p,,1,1,whip,w,Uncategorized,0.197953393,0.247139902
801,airplane_801_cmpd.jpg,airplane_801_cmpd.wav,airplane,0.75,1.076333403,1.076333403,11.92156863,10.92156863,1.727272727,6,erplen,,2,2,airplane,er,Vehicles,0.304721765,0.355869936
7,ambulance_7_mono.jpg,ambulance_7_mono.wav,ambulance,1,1.369401414,1.369434151,23.41176471,22.41176471,3.833333333,9,æmbj?l?ns,"æmbj?læns, æmb?l?ns",1,3,ambulance,æ,Vehicles,0.304693394,0.253282449
8,anchor_8_mono.jpg,anchor_8_mono.wav,anchor,0.95,0.924795996,0.924887116,8.411764706,7.411764706,1,5,æ?k?r,,1,2,anchor,æ,Vehicles,0.228540403,0.319828765
55,blimp_55_mono.jpg,blimp_55_mono.wav,blimp,1,0.309630167,0.309463163,2.039215686,1.039215686,2.384615385,5,bl?mp,,1,1,blimp,b,Vehicles,0.304225871,0.301362503
81,bus_81_mono.jpg,bus_81_mono.wav,bus,1,1.876102321,1.876081932,75.17647059,74.17647059,3.888888889,3,b?s,,1,1,bus,b,Vehicles,0.336316416,0.358420383
98,canoe_98_mono.jpg,canoe_98_mono.wav,canoe,0.85,0.6599162,0.659785745,4.568627451,3.568627451,3,4,k?nu,,1,2,canoe,k,Vehicles,0.229032589,0.354875622
101,car_101_mono.jpg,car_101_mono.wav,car,0.95,2.684899196,2.684898141,484.0588235,483.0588235,3.2,3,k?r,,1,1,car,k,Vehicles,0.593613087,0.385265961
634,golfcart_634_cmpd.jpg,golfcart_634_cmpd.wav,golfcart,0.8,0,#VALUE!,#VALUE!,-,3.307692308,8,??lfk?rt,"??lfk?rt, ??fk?rt, ??fk?rt",2,2,golf cart,?,Vehicles,0.246660541,0.255366584
255,helicopter_255_mono.jpg,helicopter_255_mono.wav,helicopter,0.95,1.225309282,1.225410646,16.80392157,15.80392157,2.25,10,h?l?k?pt?r,h?lik?pt?r,1,4,helicopter,h,Vehicles,0.337283968,0.342989101
267,hotairballoon_267_cmpd.jpg,hotairballoon_267_cmpd.wav,hotairballoon,0.9,0,#VALUE!,#VALUE!,-,4.6,10,h?terb?lun,,3,4,hot-air balloon,h,Vehicles,0.228855713,0.243366648
341,motorcycle_341_cmpd.jpg,motorcycle_341_cmpd.wav,motorcycle,0.95,0.996511672,0.996580341,9.921568627,8.921568627,4.166666667,10,mot?rsa?k?l,,2,4,motorcycle,m,Vehicles,0.477468531,0.367074688
432,rocket_432_mono.jpg,rocket_432_mono.wav,rocket,0.8,1.108565024,1.108671124,12.84313725,11.84313725,4,5,r?k?t,,1,2,rocket,r,Vehicles,0.347083308,0.3315449
846,sails_846_mono.jpg,sails_846_mono.wav,sails,0.85,0.624868284,0.624868284,4.215686275,3.215686275,4.466666667,3,sel,,1,1,sails,s,Vehicles,0.246078004,0.289136552
850,ship_850_mono.jpg,ship_850_mono.wav,ship,0.95,1.999488765,1.999488765,99.88235294,98.88235294,4.5,3,??p,,1,1,ship,?,Vehicles,0.374585132,0.387926671
510,stroller_510_mono.jpg,stroller_510_mono.wav,stroller,1,0.274157849,0.274701057,1.882352941,0.882352941,2.538461538,7,strol?r,,1,2,stroller,s,Vehicles,0.312327349,0.287681505
511,submarine_511_mono.jpg,submarine_511_mono.wav,submarine,0.95,0.908485019,0.908379876,8.098039216,7.098039216,4.428571429,8,s?bm?rin,,1,3,submarine,s,Vehicles,0.219097777,0.308176396
524,tank_524_mono.jpg,tank_524_mono.wav,tank,0.85,1.425044875,1.425009672,26.60784314,25.60784314,4.846153846,4,tæ?k,,1,1,tank,t,Vehicles,0.437139204,0.356032477
544,tire_544_mono.jpg,tire_544_mono.wav,tire,1,1.126131407,1.126214199,13.37254902,12.37254902,3,4,ta??r,ta?r,1,2,tire,t,Vehicles,0.393933013,0.351221503
558,tractor_558_mono.jpg,tractor_558_mono.wav,tractor,1,0.674861141,0.674446866,4.725490196,3.725490196,3.333333333,7,trækt?r,,1,2,tractor,t,Vehicles,0.422608817,0.350635685
559,train_559_mono.jpg,train_559_mono.wav,train,1,1.982542582,1.982537263,96.05882353,95.05882353,4.666666667,4,tren,,1,1,train,t,Vehicles,0.283224578,0.333940001
563,truck_563_mono.jpg,truck_563_mono.wav,truck,0.95,1.868409303,1.868425444,73.8627451,72.8627451,3.75,4,tr?k,,1,1,truck,t,Vehicles,0.594297003,0.390108095
576,unicycle_576_mono.jpg,unicycle_576_mono.wav,unicycle,1,0.086359831,0.084821513,1.215686275,0.215686275,1.5,9,jun?sa?k?l,,1,4,unicycle,j,Vehicles,0.344482724,0.334224564
578,van_578_mono.jpg,van_578_mono.wav,van,0.9,1.722469386,1.722504879,52.78431373,51.78431373,2,3,væn,,1,1,van,v,Vehicles,0.339404168,0.348285556
598,wheelchair_598_cmpd.jpg,wheelchair_598_cmpd.wav,wheelchair,1,0.857332496,0.857095888,7.196078431,6.196078431,3.727272727,6,wilt?er,,2,2,wheelchair,w,Vehicles,0.409299939,0.316033037
