,apron,boot,bra,dress,glove,hat,jacket,jeans,pants,pocket,raincoat,robe,sandal,shirt,shoe,sleeve,slipper,sock,suit,sweater,T-shirt,underwear,vest
clothing,0.4206600986182,0.3606866822407562,0.4311340487233444,0.6469331885149598,0.3160697276270992,0.4334221711530838,0.5693858434335825,0.5692666225769093,0.5644732882416424,0.34692660892156835,0.46537476407862144,0.6187397643684946,0.3166299491032567,0.5606998854925245,0.4886007551525894,0.4064866833658234,0.2681213726639695,0.32249721529802766,0.5269049853111998,0.47150391665114677,0.5207763873490754,0.6301675987958992,0.5162023515988665
