Bathroom Items and Toiletries,bathroom,brush,comb,faucet,lipstick,mascara,nail clipper,nail polish,plunger,razor,shaving cream,shower,sink,tile,toilet,toilet paper,toothbrush,toothpaste,towel,tweezers
-0.016061222,-0.057036668,0.024479661,0.033764593,-0.02582705,0.0011588088,0.011224563,0.05866136,0.017604038,0.034739695,0.024177505,-0.03126931,-0.033384927,-0.05286774,-0.0043469286,-0.06012633,-0.013404008,0.02888808,0.010120427,-0.0018789694,0.028741976
0.0012978159,0.073839836,-0.0255524,-0.029708935,-0.027779162,0.020628616,-0.014650828,-0.00939354,0.028040858,-0.009950995,-0.045322582,0.00832298,0.048647627,0.019373994,0.005478368,0.023466649,-0.055274747,-0.027031865,0.021018453,0.028868077,-0.0050124344
0.04529266,-0.052690674,0.04847411,0.06362237,-0.006161646,-0.022404764,0.06886242,0.07265461,0.06078258,-0.065776534,0.07249331,0.03194396,0.045925792,-0.011424235,-0.021456555,-0.036920406,0.04820578,0.0020475746,0.004501895,-0.02604871,0.060309783
-0.049884997,0.042422984,0.054511696,0.06564812,0.054644454,0.034754135,0.042490214,0.061410807,0.04660561,0.017273396,0.01471077,0.03600336,0.006720827,0.0708323,0.046256505,0.041256737,0.029854417,0.0490488,0.010749419,0.042111907,0.06833134
0.06497449,0.015463077,-0.0032806655,-0.0043752487,0.024072116,0.048003726,0.03082548,0.03500749,0.003766562,0.045657273,-0.04151194,0.0054341317,0.08055454,0.04199096,0.017146628,-0.01719522,0.022920866,0.020959394,0.056891564,0.077762954,0.07114619
0.016474213,0.07796026,0.042846926,0.0019680015,0.07030892,-0.0020617186,-0.020091025,-0.0737617,-0.076491944,0.050959583,-0.011119202,0.008685468,0.053846158,0.028598545,0.010001213,0.0063263085,0.026462661,0.07017512,0.046615534,0.068963625,-0.06631402
0.03734959,0.018382372,0.029684879,0.06952289,-0.0181125,0.007988903,0.018648118,0.02253483,-0.032517247,0.06048544,0.08373382,0.06285781,0.042520046,0.027039183,-0.038343728,0.06809533,0.06766672,0.027555892,0.04183296,-0.0265007,0.03459654
0.050139867,0.006685498,-0.015502313,0.034701608,0.019461215,-0.01792248,0.0018087864,-0.005837588,-0.05154332,0.06740774,0.0010533902,-0.004969885,-0.026308153,0.013882997,0.011364513,-0.017235568,0.007050076,-0.017068375,-0.0119494,-0.04811591,0.031723417
0.034723386,0.029940415,-0.0031226291,0.020901475,0.035956524,0.025810165,0.042334955,-0.01034401,0.020620855,0.031794846,-0.005333421,0.01791821,0.0291823,-0.0038181462,0.07398938,0.021628605,0.038752623,0.011473234,-0.02818758,0.02732535,-0.06904424
0.008430357,0.005756844,0.07348655,0.07243262,0.022275997,0.04339246,0.044645622,-0.013005326,0.04017689,0.040493146,0.03189064,0.03570072,0.028338356,0.04813486,0.0397438,-0.0035287964,-0.0009062839,0.07037379,0.06442885,0.07065508,0.066111
0.05044979,0.027854113,0.013964768,0.019938387,-0.013031249,-0.039544027,-0.031444345,-0.055196412,-0.0384697,0.02316698,0.008278612,-0.05871569,0.015957758,0.03253083,-0.00076128845,0.026369458,-0.005925001,0.0019170166,-0.041619487,-0.03769299,0.0028381445
-0.008665057,-0.024459552,0.049828988,0.08482723,-0.019002352,-0.020912785,0.064854994,0.06473907,-0.010781838,0.050116196,0.07835258,0.07546822,-0.006752711,-0.011997769,0.05059903,0.06526888,-0.014713414,-0.035812147,-0.055697013,-0.027798358,0.014238415
-0.000838934,0.015637772,-0.022743503,-0.0020767648,0.023523184,0.00089184375,0.017701484,0.025956525,0.06604175,0.01858534,-0.016515575,0.02883772,-0.047132306,-0.05549304,0.0056570475,0.064079165,0.0016316375,-0.021399327,0.026423525,-0.013940391,0.029542789
-0.032349765,-0.018751042,-0.023631044,-0.00025561787,-0.008363677,0.012905747,-0.039623506,-0.048317738,-0.055618163,-0.06290875,-0.04859056,-0.05479608,-0.004680774,0.03968382,0.04402372,-0.040289916,-0.06501322,-0.04235304,-0.064633295,-0.059654634,-0.058981735
0.043783568,0.046917137,-0.04476741,-0.011113536,-0.03405381,-0.07127389,0.011266777,0.034387007,-0.0065454827,0.008852259,0.04918073,0.004465681,0.06349838,-0.04398829,0.010701209,0.037039105,0.07216404,-0.06027205,-0.0703164,0.06664485,0.027709877
-0.03164901,-0.03269343,0.047767654,0.030595481,0.04878238,-0.027108815,0.03334621,0.016675105,-0.017021582,0.034161612,0.07301858,0.021969192,0.008515665,0.0075183366,0.059577916,-0.0021018889,-0.016274078,-0.009121964,0.021883719,-0.033690993,0.050678395
-0.007711123,-0.006436095,-0.018143458,-0.00063982786,0.020668231,0.051442474,0.038965255,0.00020257523,0.023239924,0.019052804,-0.019122794,0.013710812,0.050127584,0.031158902,0.03344806,-0.025468256,0.049599234,-0.047948096,-0.025933702,0.06965694,-0.026620869
0.0059775445,0.05347533,0.03729603,-0.01945201,0.00758185,0.0461054,0.052556086,0.05281183,0.040102433,0.0071646166,-0.016634848,0.0552763,0.055877622,0.05026915,0.07355806,0.06407044,0.044011746,0.013668121,-0.010854769,0.026470033,0.054569066
0.060236808,0.08484571,-0.06282403,-0.0057156184,0.07055035,0.065890476,0.010552052,0.012624868,0.068617925,0.015847387,-0.06348877,-0.03888611,-0.03588743,-0.020267658,0.017888524,0.018605478,0.056538377,-0.06646568,-0.03662947,0.0650262,0.026470466
0.04945208,-0.060090285,-0.0021467833,-0.057199966,-0.05845097,-0.032494046,-0.0025393493,0.03173567,-0.055431735,-0.027095458,0.034374975,-0.057770383,-0.055194095,0.017544689,0.014349191,0.046469435,0.009133951,-0.029357668,-0.07360169,-0.06357262,-0.04241131
0.011976201,-0.034469705,-0.052050237,-0.025979375,-0.034750897,-0.04711494,0.002313579,-0.0049075284,0.047729164,0.0640922,0.0042597894,-0.013628415,-0.07292295,-0.040971804,-0.010440557,0.061873987,0.0011668085,-0.00047938805,0.041396268,0.022146825,0.04444195
-0.04457359,-0.019711792,0.020658474,0.01155207,-0.014605423,-0.008693352,-0.02815847,-0.057758197,-0.054624807,0.06444483,-0.022915917,-0.0195081,0.044326354,0.053811155,0.014099354,0.029041836,0.059180796,0.05953114,0.0708522,0.0788682,0.02419679
-0.021707159,-0.028420255,-0.025692305,-0.041070644,-0.024244819,-0.017621994,-0.050291233,-0.033955626,-0.06640867,-0.0096737845,-0.029471267,-0.061975963,-0.017807031,-0.011008737,0.016482161,-0.0444698,-0.043171518,-0.051471278,-0.017579896,0.0069430764,-0.0607712
-0.023274664,-0.05865905,0.049492463,0.024605395,0.021006484,-0.039310973,0.07040095,0.0077302787,-0.013519545,-0.04277687,0.06105052,0.0058776755,-0.046106704,-0.06925861,0.030167004,0.010226523,0.014123136,0.0339387,-0.010986024,-0.011774428,-0.014444646
0.045773927,-0.020482916,-0.056834213,-0.06108554,-0.064964786,-0.05043248,-0.045696076,-0.008186813,-0.025189824,-0.05892719,0.024333773,0.06435974,-0.04902171,-0.0041580684,-0.014254276,-0.013800968,0.054510087,-0.07412568,-0.037840895,0.038676955,-0.018822301
0.006906494,-0.009874029,0.00025044786,0.052672695,0.057004392,-0.076436974,-0.06753364,0.06275126,-0.050488774,0.013896771,0.077382855,-0.054896533,0.07033304,-0.018576907,0.037039477,0.005697564,-0.011495907,0.034749113,-0.014865487,-0.014999637,0.03269964
-0.053548235,0.05338387,-0.06686539,-0.08037848,-0.056130763,-0.021284157,-0.01354402,-0.022580992,-0.016762407,-0.06799593,-0.06416945,0.0054348214,0.037556496,-0.04711215,-0.026096977,0.01552121,-0.006135633,-0.06745675,0.018361127,-0.020558158,-0.07162486
-0.0065734056,-0.06392537,-0.07163038,-0.0534038,0.059300993,-0.02326453,-0.05616791,0.023577409,-0.011438903,0.0024734628,-0.006398175,-0.03324201,-0.01828167,0.03313136,0.004936561,-0.042625085,-0.016248934,-0.037441507,-0.047339648,0.017494017,0.03790409
0.04128318,0.06063175,0.03601811,0.044436302,0.07312305,0.04015469,-0.03771874,-0.03642847,-0.040943697,0.008084356,-0.040190473,0.033811104,0.048635066,0.040020626,-0.0020031717,0.051561557,0.050369587,0.056450814,-0.014274914,0.02844634,0.023798287
0.021026691,0.024209686,0.046304412,0.042904895,0.016858067,-0.02747968,0.009066159,0.026018081,0.02398019,-0.074307255,0.01770146,-0.051105525,-0.030019073,0.04839642,0.048567384,0.02806939,-0.06264972,-0.026964946,-0.059984,-0.07099804,0.05539663
0.034879416,-0.019672459,-0.059526958,0.00027386015,-0.023745561,0.075878,0.072121225,-0.052327383,0.05595204,9.442098e-05,-0.051312473,-0.07364697,-0.050877687,-0.019876543,0.02183884,0.04888361,0.05835131,-0.020371793,0.00028848584,0.081910715,-0.023833765
0.046448346,0.062163986,-0.009375432,0.033481833,0.04537431,0.016929587,0.044128623,0.0674916,0.025473617,0.0269383,-0.06783359,-0.06503259,0.045700327,0.01973426,0.052617643,0.00012805176,-0.07347773,-0.02483743,-0.030831706,-0.040148728,0.042646773
0.039096087,-0.0043232543,-0.061106466,-0.052812736,-0.004462272,-0.06181091,-0.041607954,-0.0038243772,0.013734419,-0.07264633,0.030155782,0.0019505554,-0.046769712,-0.037682455,0.051875103,-0.0477198,-0.05366161,-0.049835365,-0.014163988,-0.038295407,-0.023411367
-0.003167815,0.00024124661,0.06647615,0.06466716,-0.014057043,-0.06818567,0.065817446,0.061438818,0.055264547,0.045034725,-0.039618738,-0.053595405,0.03698558,0.030864086,0.049468927,-0.04236289,-0.05092298,-0.038582727,-0.005702197,0.05502677,0.0713819
-0.05218818,-0.033882782,0.07819861,0.08557369,0.039912224,0.0035004062,0.041428138,-0.010383901,-0.03445316,0.05576588,-0.016639039,0.07454532,0.037543874,0.040963005,-0.044090983,-0.011902258,-0.031217035,0.03478531,-0.023057923,-0.058418386,-0.02596401
-0.012619722,-0.05070158,-0.01035285,0.029176332,0.020769421,-0.021512222,-0.0552062,0.050967492,-0.0063237203,-0.036437456,0.08390922,0.05564527,0.026352152,-0.0010255541,0.027186204,0.015346119,0.041525412,0.053966716,0.0742572,-0.07527603,0.059641335
0.040902346,0.06773328,0.04466425,0.05036944,0.051064905,0.0056446753,0.027969537,0.008261166,0.003783527,0.032783955,0.010731986,0.04408642,0.07318133,0.035498135,0.019533738,0.07163437,0.06991338,0.0028149644,0.04436587,0.028315749,0.035906002
-0.072494686,-0.019391378,-0.02545668,0.02576566,0.010801936,-0.06208034,0.052870072,0.07472727,-0.037721023,0.06745621,-0.0236713,-0.014643432,-0.015839629,0.06493449,0.04371344,-0.0034868082,0.063292705,-0.014602731,-0.006949692,0.06666618,0.07950792
0.054623347,0.006771065,0.020606397,0.004463254,-0.062311687,0.014803089,0.012753741,0.005065865,-0.012839996,0.0049837995,-0.016901473,0.060879108,-0.040667664,0.003305738,0.029459724,0.002946503,0.02771082,-0.030731624,0.017743088,-0.03876574,-0.030512637
-0.033237156,-0.012716981,0.06417215,-0.032726113,-0.021082077,0.041859824,-0.0002943667,0.029240465,0.026296368,0.062217537,0.04014323,0.00018791469,-0.012872881,-0.010958277,0.0344976,0.045433853,0.043367058,0.06731974,0.06515632,0.054354776,0.05627021
-0.004858668,-0.030657684,0.06627882,0.07035735,-0.03647769,0.0010944199,0.057264667,0.054454483,0.0251439,0.04746017,0.0025221754,0.018525809,0.027343895,-0.0006253246,-0.028669234,0.061689537,0.009017685,0.039443493,-0.01228663,-0.012955801,-0.018486561
0.06008044,0.04923314,0.06471078,0.004530094,-0.016535396,0.0049762987,-0.003804464,0.027841449,0.039374523,0.030518042,-0.012084616,-0.0034397452,0.016737038,0.015769035,-0.03835385,-0.010849944,0.015352217,0.02875932,0.015494968,-0.012901633,-0.04717103
-0.026430428,-0.045882843,-0.027109398,0.045561574,-0.052513894,-0.07530012,-0.03128082,-0.029614491,-0.050031736,-0.030445186,-0.051885568,-0.0706744,0.06615379,-0.075980134,-0.019348498,-0.056311887,0.020337734,-0.038763378,-0.048576884,0.029877806,-0.06584631
-0.019826893,-0.07927859,-0.04136332,-0.049785845,-0.06575547,-0.061446037,-0.042344444,-0.060929034,-0.023463408,-0.06898334,0.0024089331,-0.066403076,-0.044086363,-0.070431784,-0.06930139,-0.04844311,-0.07507824,-0.013457966,-0.012959971,-0.075496644,-0.018837413
0.048930068,-0.034139175,-0.04922606,-0.028345266,-0.06946421,0.042092573,0.07063631,-0.039934337,0.019650051,-0.07505797,0.03939757,-0.0015473071,-0.0074595856,-0.08408864,-0.060476724,-0.0724571,-0.044853505,-0.0045690155,0.04279497,-0.04146327,0.045824885
0.0432937,0.0014975205,0.058687527,-0.015396551,0.0056821746,0.03191373,-0.018280923,0.008258578,0.019668387,0.003146132,-0.0032518539,0.013920765,-0.07534917,-0.021346033,0.017034423,0.043732498,0.0033103717,0.058466025,0.0026960925,0.04256998,0.012769674
0.0017989419,-0.019344518,-0.03533346,-0.056154594,-0.05086921,0.023234516,-0.036450323,-0.05800801,0.004050798,-0.013924813,-0.0487993,-0.012969981,-0.082560375,-0.015512168,-0.012544796,-0.03777711,-0.0759361,-0.036739558,-0.05314341,-0.03098998,-0.03445185
0.020147916,0.035458636,0.01241584,-0.04164427,0.034544885,0.0051313667,-0.020772954,-0.029912971,0.037899375,-0.057942964,-0.06595679,0.0070123794,0.015966348,0.01779978,-0.03601168,0.038329534,0.053331565,-0.0228461,0.04402442,-0.028756475,-0.034007926
0.08452641,0.090561315,-0.031267773,-0.04904837,-0.049101926,0.06492893,0.009099598,0.04563751,0.01192612,-0.015149324,-0.025646487,-0.032536764,-0.07431946,-0.0017707559,0.086539395,0.08657876,0.07837656,0.009542686,-0.030973861,0.049293347,0.04491176
-0.061497316,-0.019761058,0.024275938,0.06952906,0.043699402,-0.057613563,0.05159328,0.029617114,0.01886151,0.037178934,0.082051344,0.07331782,0.052482024,-0.03539618,-0.031980183,-0.018657872,-0.02400601,0.044418063,0.027923629,0.052694358,0.067518346
-0.03861152,-0.039124034,0.0215324,0.047381174,-0.02145359,0.050745822,0.04992942,0.04611916,0.053210903,0.0040163556,0.06386547,0.054486606,0.03976405,0.042691346,-0.023473876,0.058533773,0.07066398,0.031844404,0.04425765,0.02074851,0.02080775
0.06150081,0.005690393,0.064507596,0.055032637,0.051169697,0.042757533,0.06475196,0.02982899,0.07497606,0.0033575415,-0.054639194,0.039798055,-0.025557349,0.03506025,0.04061135,-0.0073511917,0.022691322,0.055126473,0.041247442,0.014589769,0.02914452
-0.06599807,0.05678302,0.07894576,0.07758141,0.07274133,0.037687883,0.046908196,0.06647851,0.06344497,0.06511999,0.06769628,0.06021304,0.07463535,0.0822509,0.083007865,0.05370296,0.060299378,0.06340729,0.06712869,0.045508176,0.03860487
-0.04387151,0.04295358,0.058762047,-0.0012526179,0.058666565,0.05049483,0.06435212,0.020957837,0.040244408,0.04087071,-0.026555618,0.0023874303,0.0026778488,0.06819087,0.054457147,0.073524304,0.07147545,0.060254518,-0.005091318,0.012823913,-0.02174646
0.010396389,0.04298103,0.06715446,0.07019904,-0.060305763,-0.060296748,-0.072031915,0.03852953,0.037469294,-0.047185104,0.08054684,0.07248859,0.05808152,0.0073275953,-0.0006780607,-0.015461382,0.058146395,0.064917624,0.0047322973,0.023587137,-0.011991551
-0.031473145,-0.07003479,0.015447037,-0.051502477,-0.066282935,-0.035084154,0.0018275721,-0.018148864,-0.07784717,0.044513147,-0.08060548,-0.049384106,-0.066833735,-0.074539974,-0.07715435,0.034058288,0.01586559,-0.059457656,-0.074307404,-0.07052286,-0.05174118
-0.0054954262,-0.022399243,0.036502767,0.03545496,0.051473178,-0.03607313,0.015666459,0.020435834,-0.046554357,0.020440647,0.015157929,-0.01639682,0.070618376,0.029173747,0.014075154,-0.022047535,-0.017888825,0.020277794,-0.002452027,0.04064263,0.026905445
0.07581502,0.008631882,0.08343029,0.052411586,0.051370192,0.0016291045,0.025718315,0.06005452,0.07044261,0.06885209,0.06848379,0.05309302,0.045485243,0.032190174,0.07634078,-0.012631671,0.038361095,0.040979728,0.0437633,-0.008939192,0.0668767
-0.0020259707,0.038217135,0.06607138,0.051206503,0.033157475,0.06326521,0.03788997,0.054731265,0.03256277,0.05498798,0.030806964,0.044252697,0.0044696247,0.07967478,0.069260105,0.037647266,0.073955745,0.06989994,0.06155026,0.016046781,0.056084573
0.06115478,-0.01831254,0.05498093,0.076620266,0.0053309635,0.026523404,0.04521735,0.029092116,-0.072228044,0.0325616,0.086011104,0.07695543,-0.013626206,-0.011512519,-0.018344373,0.049600895,0.07389949,0.07215896,0.040684566,0.006358791,0.07649604
0.02580049,0.0015419321,-0.028582813,-0.02601338,-0.04966333,-0.02359425,-0.026062004,-0.03661403,-0.05852168,0.035878886,0.050163545,0.0037208442,-0.0031477066,-0.05453777,0.017645935,-0.0069218916,-0.016183414,-0.0501084,-0.0387924,-0.005713219,-0.059563622
0.013212472,0.010444295,-0.00831776,-0.054406613,0.0066254055,0.05198193,-0.060139745,-0.012833651,-0.0056061414,-0.07092489,0.027279891,-0.014707121,0.045012563,-0.013302358,-0.041609343,-0.07349437,-0.07095152,0.03274385,-0.05669952,-0.0076332134,-0.05989433
0.02182929,0.04390071,-0.06482677,-0.073463224,0.02631209,-0.012471701,0.014059178,0.030060131,0.028268486,-0.059901256,-0.016221667,-0.0130995605,0.021313252,-0.03799759,-0.0141856475,0.024249328,0.012033053,-0.0034279246,0.009934343,-0.026019517,-0.039084006
0.06860074,0.045655563,0.06796258,0.0620315,0.06554711,0.057083238,0.058405194,0.046004955,0.039037473,0.004534494,0.024043946,0.060384165,0.057992596,0.07238807,0.00052335375,0.0045631584,0.038614377,0.04895908,0.044702966,0.03794764,0.026029637
0.08077454,0.07962748,0.0657582,-0.023737542,0.04228004,-0.03767126,-0.034273766,0.010892292,0.010930098,0.022796556,0.02250054,0.06787512,0.065807045,0.065077,0.023637077,0.06726761,0.08048826,0.052556116,0.06739255,0.041506328,-0.07046833
0.07548342,0.0708132,0.04888037,-0.0149554955,-0.02264072,-0.0012007882,0.047958173,0.0019253048,0.03624001,0.06363874,0.01931702,0.005065327,0.07064202,0.014280735,0.013388023,0.06050502,0.059145093,0.043690138,0.03875363,0.007457351,-0.010210176
-0.055397063,-0.07852163,-0.05595479,-0.055105764,-0.054733403,-0.004777849,-0.04766305,-0.039373904,-0.06524882,-0.06243593,-0.04611648,-0.056153845,-0.06080854,-0.027817568,-0.079285726,-0.052928787,-0.031498604,-0.06554414,-0.04334174,-0.06752715,-0.038699735
-0.061336063,-0.07781476,-0.06792284,-0.06250826,0.00468549,0.04429442,0.006936037,-0.009462145,0.022287289,0.011464613,-0.03495011,0.04461362,-0.070842765,-0.02180881,0.004983273,-0.04964747,0.011020035,-0.04384334,0.032629818,-0.0034436723,-0.051179536
0.0450666,-0.04175274,0.05975151,0.06686162,0.042129863,0.028085561,0.05960369,-0.02652143,0.04481686,0.06844026,0.08274964,0.07410268,0.07576437,0.06396199,0.030725067,0.076693974,0.07518237,0.068343565,0.032790035,0.06517693,-0.0054531824
-0.046297252,0.022325091,0.04927433,0.037410982,-0.009343718,0.023777008,0.06443337,0.0034239702,0.0044169747,0.04637751,0.06632271,-0.022748021,0.060912173,0.050170466,0.07168627,-0.01746721,-0.041132424,-0.0033083446,-0.0044225706,0.01362001,-0.03787025
-0.0009789488,-0.004421259,-0.06568538,-0.015570749,-0.035996266,-0.051502768,-0.030640284,0.018615946,0.016885757,-0.05571981,-0.02576718,-0.030376408,-0.020330934,-0.045876436,-0.0639228,-0.066142134,-0.055006023,-0.013125765,0.021046026,-0.072837085,0.014600698
-0.03697411,-0.03699049,-0.007661215,-0.011429398,0.016197827,-0.057395436,-0.036852937,-0.043646585,-0.05906346,0.03732388,-0.008632398,-0.00010413569,0.017417658,0.016796023,0.026171809,0.00013155569,0.047766615,-0.01430322,-0.005073124,0.025676165,0.026969355
0.059313636,0.052608706,-0.080314845,-0.032320987,-0.030984052,0.030893732,0.004199962,-0.023747545,0.0039022863,-0.01587272,0.01905949,0.014836504,-0.057547823,0.023604285,0.0075294613,0.01642984,-0.04032105,-0.052502673,-0.07084665,-0.005777302,-0.06992608
0.019924158,-0.01695636,0.03141908,0.039656892,0.051959787,-0.026315344,0.03479835,0.04943624,0.03680969,-0.005160045,0.012274716,0.029558154,-0.001006909,-0.0047063073,0.058432758,0.031898096,0.04931066,0.05090071,0.061521683,0.064524755,0.0518275
-0.015222626,-0.027703078,0.046912927,0.032477416,0.029806672,0.0068107573,0.026372997,0.022014936,0.0335382,-0.010914018,-0.01709994,0.014299653,0.02319029,0.040982723,-0.019838866,-0.0069779125,0.02890251,0.06053806,0.07626955,-0.0044225943,0.002864753
0.035120327,-0.014431546,0.006990424,0.05176363,0.0634281,-0.019683143,-0.01684486,-0.016893394,0.030056102,-0.021062292,0.013688609,0.03809986,0.070002384,0.06230011,0.045729302,0.023331912,0.0536909,0.07209105,-0.025369707,0.04245514,0.0078758625
-0.025751831,-0.021799827,0.002817753,0.03107084,0.0073297974,0.019757118,0.009682534,0.06279621,0.049754187,0.042958263,-0.006857719,0.026487686,0.021205088,0.022709664,0.012532439,0.0033681325,-0.0048964387,0.0060031796,-0.019289065,-0.0089174295,0.07193954
-0.05258474,-0.007810812,-0.04699684,-0.044255733,-0.045350123,-0.021595238,0.031352017,-0.041315585,-0.06737241,-0.073529355,0.015917603,-0.054445926,0.028051391,-0.06559518,0.015347026,-0.07205884,-0.083677426,-0.07483055,-0.040971883,-0.06697469,-0.07363723
-0.06625662,-0.06572274,-0.07348456,-0.026873909,-0.042381346,-0.06559897,-0.053159554,0.0023918725,-0.055070486,0.04708192,0.008785833,-0.07548219,-0.069789276,0.008730774,-0.010271131,0.012847139,-0.050114002,-0.052258328,-0.07436988,0.058382854,0.013628243
0.06088393,0.06819683,-0.06951649,-0.032298677,0.0015224011,-0.029787198,-0.02393459,-0.01737574,-0.010376399,-0.041840073,-0.06351998,-0.030097283,-0.036820937,-0.003964755,0.025096828,0.030083429,-0.013473082,-0.03848617,0.015318352,0.04235534,-0.068357885
-0.075306095,-0.07764814,-0.04934603,-0.06630507,-0.067814626,-0.035076115,-0.069486625,-0.06288229,-0.055408444,-0.047777474,-0.031631272,-0.0033277106,-0.017397914,-0.075151734,-0.061532762,-0.05364426,-0.037759464,-0.07121757,-0.013792752,-0.013123007,-0.05055498
-0.0109342,0.02071966,0.043895323,0.085483775,0.012146315,0.07543273,0.07203893,0.039850045,-0.005209266,-0.0019547322,0.07178051,0.038652964,0.049259458,-0.0017256091,0.0052817026,-0.028790325,-0.027159326,-0.030826276,-0.019002588,0.029665168,0.06461496
-0.063781716,-0.07500152,-0.01657507,-0.069607094,-0.076220095,-0.06442699,-0.061726503,-0.069782645,-0.06831088,-0.057530075,-0.040171944,-0.060041986,-0.06838758,-0.074334465,-0.05459224,-0.07429651,-0.0780151,-0.071875975,-0.048721053,-0.0678324,-0.055395316
0.07026991,0.022021042,-0.06492405,-0.008680827,0.03404217,-0.06932566,-0.039407406,-0.057009503,-0.06865718,0.03905185,0.003776929,0.022466794,-0.055210005,-0.01846345,-0.07086604,0.045593496,0.016343413,-0.025655359,0.018195085,0.0020004455,-0.050189175
0.061559547,-0.052206315,0.057360906,-0.015911674,-0.043575425,-0.028161151,-0.03542308,-0.057149634,-0.021925244,0.06469197,-0.07343481,-0.047087125,-0.037950937,-0.05534946,-0.074463725,-0.016660066,-0.038097553,0.055726774,-0.011109703,0.038513355,-0.020395318
0.019419737,0.050007116,0.0018643392,-0.041139163,-0.039938893,-0.0049999864,0.048668932,-0.045183398,-0.044364445,-0.031092118,0.0006321729,-0.025727479,0.0136718275,-0.054938108,0.030903298,-0.024168154,-0.04300305,-0.029939624,0.030746624,0.014513366,-0.03284895
0.058532543,-0.042723097,-0.044647582,-0.05641883,-0.034662496,0.017426396,-0.040549867,-0.031962592,-0.0058251405,-0.016751848,0.047310594,0.0016821448,-0.03464021,-0.044680346,-0.009054495,-0.03236359,-0.0027303528,-0.015531522,-0.00058567297,0.0058306186,-0.003171586
-0.0055104718,0.050453916,0.03447348,0.044154443,0.011700166,-0.010574126,0.02931969,-0.051053535,-0.005050418,-0.05884479,0.037999783,0.011271173,0.052256152,0.052989546,0.047691945,0.049764566,0.03410638,0.052865244,0.033866122,-0.01471667,0.0012681587
-0.061305795,0.0056412104,0.053619675,0.05036139,0.04374709,0.00792962,0.045360833,-0.00047611844,0.006592932,0.0627969,0.056580238,-0.026380464,-0.0010715309,0.031048084,0.042323135,0.0636701,0.025860712,0.050142825,-0.007111299,-0.029977582,0.04573841
-0.0698697,-0.07163064,-0.0071450113,-0.05663703,-0.03408364,0.020608304,0.010314934,-0.033331577,-0.023092352,-0.00084878155,-0.05010856,0.005974296,-0.07164836,-0.057540476,-0.039258458,-0.06961101,0.01589205,0.0008138581,0.066385716,0.012745441,0.014687749
-0.040744673,-0.072512984,0.03988189,-0.02567805,0.004775989,-0.027329493,-0.06136399,-0.028922351,-0.0301538,0.023643667,0.036092635,-0.036278695,-3.2495533e-05,-0.049620017,-0.08542467,0.00533504,0.059047014,-0.0002228188,0.019230012,0.014491205,-0.008035357
-0.0469706,-0.0053683612,-0.020186562,-0.029836433,0.01068757,-0.009071019,0.025960412,-0.055768915,-0.04646315,-0.010339519,-0.06396304,-0.066203855,-0.048897356,-0.0025202096,0.006047237,-0.04476614,-0.069362305,-0.05266843,-0.06768682,-0.05374618,-0.044599514
-0.02856743,-0.008493843,0.018265998,0.04852852,0.055009533,0.025894994,0.029215412,0.02604741,0.02846725,0.039349813,-0.036400285,0.0017987188,0.02173229,-0.0021872728,-0.0065658144,-0.008700524,0.013838461,0.034079824,0.047858022,0.050103217,0.029973388
-0.016838813,-0.056338128,-0.043279033,-0.0052313264,-0.0653393,0.048446547,0.005796305,0.024267249,-0.030606667,0.0022985395,0.05406564,0.053343758,-0.019297874,0.022507006,0.037533578,0.03335455,0.05671537,-0.030296449,8.880913e-05,0.031683587,0.009639588
-0.039106604,-0.046006102,0.069649115,0.0034987587,-0.078556016,0.042438783,0.058201436,0.053663798,-0.019505693,-0.076339304,0.044527337,-0.05957724,-0.07187927,-0.06886613,-0.045975182,-0.06091011,0.04238907,0.0044522276,-0.011060426,-0.022181362,0.054466814
-0.040016096,-0.057056814,0.0026950722,-0.020460196,-0.036755603,0.0025788627,-0.032971453,-0.0664088,-0.047174226,-0.058059074,-0.0838542,-0.06850589,-0.0118681835,-0.014679583,-0.07326002,-0.042647682,0.04610927,-0.046022654,-0.02505556,0.0120235225,-0.036032002
0.035462514,0.02878283,-0.026281498,-0.03154537,-0.016553728,-0.0111575,-0.022779372,-0.057507038,-0.032845102,-0.06372132,0.025805157,0.010671805,-0.027056161,0.01680536,-0.019739093,-0.0293295,-0.05314793,0.0023944934,-0.018317463,-0.07076436,-0.0133503415
-0.012480767,-0.08823541,-0.06485753,-0.058608152,-0.046625156,-0.06260342,-0.037502952,-0.06145387,-0.062320627,-0.057613123,0.0067850417,-0.04011363,-0.022961942,-0.06980161,-0.074612185,-0.07320826,-0.051373877,-0.039633226,-0.03640015,-0.075009316,-0.05006954
-0.058447257,-0.027815036,0.0067601576,0.034620762,0.022184344,0.016525775,0.013463125,-0.005359093,-0.005284729,0.013670768,-0.030408453,-0.005403712,0.0038236491,-0.0029535901,0.05628022,-0.0012482478,0.012922214,0.0047403607,0.0214153,-0.00884845,0.009391156
0.021253813,-0.018423557,-0.050618984,-0.004057204,0.017050311,0.03612128,0.013821736,-0.010658393,-0.038064174,-0.05198927,0.012777329,-0.042752758,-0.061041716,0.006767652,-0.06275561,0.015848216,-0.023808295,-0.034501825,-0.071231745,0.0030188467,0.004611232
-0.0016631598,0.03371668,0.026058795,-0.023674712,-0.06691043,0.073565625,-0.018964201,-0.055923,0.04460561,-0.05188869,-0.0069913934,-0.0640419,0.014503311,-0.023142383,-0.011375815,-0.03947626,-0.0652222,0.049626127,0.021717751,0.03149587,-0.035632253
0.011550917,-0.017236242,-0.06191908,-0.059160795,-0.071046315,-0.04311458,-0.045600347,-0.05021321,-0.018766677,-0.0445889,-0.05492196,-0.03916818,-0.05160933,-0.07270745,-0.049843952,-0.024780983,-0.033709556,-0.046148326,-0.053047497,-0.075210206,-0.04572408
-0.04228478,-0.019725561,-0.016095966,-0.05903696,-0.0638643,-0.045891687,-0.028760966,-0.051798843,-0.041323576,-0.027496206,-0.026082741,-0.032356326,-0.06501897,-0.04949788,0.0076079983,-0.010348257,-0.03553046,-0.048960574,-0.013675491,0.04154718,-0.047727976
0.03645527,-0.0038989987,0.030463096,0.016685396,-0.03336447,-0.024896378,-0.029165886,-0.016472181,-0.06715727,-0.011965315,-0.053469207,-0.058029752,0.018849125,-0.037693836,0.059353147,-0.028206391,-0.038556125,0.05468241,-0.058236744,-0.02601591,-0.06669435
0.055498812,0.04052571,-0.0061037326,-0.048535854,0.06773064,-0.009782978,0.04514695,-0.03966909,0.041764073,0.03046233,0.018581092,0.061084338,0.038487878,0.051380668,-0.015631657,0.06754314,0.0571213,-0.0012691647,0.053529076,0.046371657,-0.036011618
-0.05598453,-0.016983353,-0.0675391,-0.03650739,-0.055475775,-0.008113512,0.027951216,0.034815226,-0.0027259341,0.012522355,0.041142054,0.04253578,-0.014854482,0.01018187,-0.003989616,-0.009445769,-0.024799667,-0.063074544,-0.05450858,-0.010682071,0.072665885
-0.0051647094,0.015931968,0.04056379,-0.053827,-0.021938868,-0.07503886,-0.06655609,-0.017930914,-0.043962244,-0.037173048,0.009499812,0.020239512,-0.0012992696,-0.040510286,-0.055771377,-0.032247663,0.019152662,0.005036011,-0.044816416,0.024196332,-0.006454307
-0.010940465,0.032358743,-0.06607723,0.002036177,-0.012470982,-0.032616094,0.008751803,-0.003220321,-0.016762685,-0.034511074,-0.026435664,-0.00033265783,-0.017469952,-0.026919167,0.04172016,-0.007625921,0.018289424,-0.006311999,-0.05212736,0.060560152,-0.009543593
0.053095512,0.053072497,-0.019737398,0.018781379,0.06966885,0.062273365,0.027828693,-0.034884486,0.017203711,0.07028039,0.02193468,-0.006080539,-0.01823882,0.01612969,-0.0070006438,0.06604973,0.05978926,0.055391435,0.03990506,0.055796288,0.06548873
-0.03559039,-0.024080154,0.040707935,0.061263025,-0.029495325,0.05303099,0.055055946,0.046891585,0.032496486,0.0598998,0.01911272,0.0163635,-0.007636123,0.022147465,0.016017279,0.06692911,0.055398416,0.051034123,0.04266913,0.036827523,0.0596191
0.07078308,0.051268697,0.06375289,0.025327636,-0.0031025058,0.013139398,-0.061082006,-0.051438686,0.036177278,-0.0072891153,-0.014946075,-0.02884889,0.027450334,-0.08064991,0.034375045,0.032866098,-0.020766584,0.04426933,0.054527413,0.0022728133,-0.05635892
0.034899343,-0.0035336553,0.017084362,-0.027707422,0.05114702,0.020701727,-0.012970674,-0.0063117207,0.058134634,0.0138822105,-0.064111136,0.016236069,-0.025168011,-0.02831584,0.06512729,0.011315114,0.05328926,0.04305237,-0.0015134689,0.072011046,-0.034482367
0.02341914,-0.05771853,-0.006855229,-0.018733356,-0.0102466075,-0.0012227912,-0.06546034,-0.040277943,-0.033488777,-0.0152746,0.003115796,0.022964662,-0.038931057,-0.0057776878,-0.024104852,-0.061441578,-0.046377055,-0.04595491,-0.019710211,-0.033641715,-0.016511934
-0.030229893,0.05939086,-0.04264706,0.036175422,-0.063993424,-0.024073234,0.05456429,-0.05551833,0.01085115,-0.03338472,-0.026213892,-0.046975613,0.04466086,-0.036226485,0.052026797,0.011521489,-0.04902051,-0.032271728,-0.011406021,0.032551862,-0.016942756
-0.018288868,-0.031690743,0.021010349,0.036240637,-0.06387695,-0.053192396,-0.05612477,-0.0013455946,-0.002303727,-0.065243594,-0.02062605,-0.04180192,0.041438665,0.007532888,-0.007694106,-0.061589833,-0.0032599526,0.0044744574,0.038468245,0.009355231,-0.04860558
-0.05228531,0.006631447,-0.020798152,0.020763326,-0.021933325,-0.011729323,0.013020248,-0.052353512,0.03511741,-0.02240616,0.007327179,0.031676784,0.03788288,0.005935383,0.006283748,0.02864624,-0.009534253,-0.025534464,0.053754374,0.04740392,0.0038312334
-0.030546388,-0.014852411,0.054020368,-0.025071733,0.07303608,-0.054819886,-0.024409426,-0.0652878,-0.030555986,0.043627262,0.016434738,0.02781601,0.048148084,-0.03399635,0.0017066638,0.0019416421,0.021650046,0.019541368,0.056951486,0.006373582,-0.012949374
0.04869179,0.004626631,0.061408155,0.04201621,-0.016115027,0.029092994,0.05741486,-0.0010755315,0.040577926,0.06016556,-0.04713729,-0.008499889,0.02251215,-0.022857761,-0.059763603,0.0018952776,0.010275371,0.031362902,0.05950069,-0.051596534,0.0007783233
-0.05359228,-0.0031221036,-0.00050186535,-0.066408284,0.059954785,0.06311427,-0.055876963,-0.07154719,-0.04013035,0.06579601,-0.08140884,-0.07194703,-0.05921632,-0.01335695,-0.004100071,-0.03620265,-0.03583212,-0.020964632,0.010431653,-0.02654291,-0.039680492
-0.01580776,0.062209696,-0.016609536,-0.02643663,-0.00631921,-0.005789649,0.017383408,0.012096025,-0.006050621,0.041067027,0.02270603,0.016754262,0.081276946,0.066698655,0.07437596,-0.0069906,-0.00065841986,0.027122738,0.006680104,0.050645992,0.00856556
0.035755366,0.03098045,0.017451465,0.07285402,0.0777288,-0.061241757,-0.03935598,-0.016402751,-0.061900612,0.03796822,0.060961016,0.07631725,0.08035354,0.071088456,0.030610437,0.023715556,-0.02077573,0.067981444,0.046289377,0.05982869,0.0075062686
-0.07436509,-0.08438103,0.019583799,0.011761588,-0.066313945,-0.0017175995,-0.0145039465,0.03826729,0.064210325,-0.045041993,-0.031223118,-0.044415783,-0.059987057,-0.006112824,-0.018327594,-0.0823322,-0.05540708,-0.020361325,0.048082583,-0.050117057,0.0059939865
-0.072016545,0.011874157,-0.03222567,0.08566655,-0.068189576,-0.07067936,-0.06723401,0.07214213,-0.006894978,-0.03356804,0.06806613,0.07265803,0.045796447,-0.059701174,0.03884229,-0.0010406809,0.04318868,-0.07669833,-0.054752015,0.066940516,0.023535626
0.061022397,0.057032812,0.0071418006,-0.0636217,0.011010648,0.050299454,0.007729208,0.019615948,0.005064958,0.061420362,-0.054659147,-0.051603135,0.022516934,0.04086694,0.008057829,0.007849828,-0.028463883,0.037978355,0.031755846,0.025332056,0.06236246
0.031900983,0.036924593,-0.0069637853,-0.0058364845,-0.026016565,-0.006037611,-0.018684346,-0.033137407,-0.05042547,0.061349075,-0.05915612,-0.039622743,-0.024103634,-0.026898555,-0.022169987,0.0074515683,-0.0051810406,0.009695326,-0.03959011,0.012418282,0.035433374
0.02738437,0.07749727,0.0764069,0.07570479,0.07433183,0.068080604,0.01695114,0.07320081,0.06355542,0.06776484,0.07823008,0.06596089,0.052081052,0.08388462,0.057949223,0.010251734,0.028683832,0.06142931,0.057813257,0.03857477,0.06841675
0.023229532,0.03242146,-0.026896058,-0.041412022,0.05220682,-0.024496088,-0.06452837,-0.0037829604,0.0043130396,0.000845566,-0.04888496,-0.05405477,-0.00014161006,-0.015621078,0.0541082,0.039284263,0.0065904935,0.01399436,-0.019217806,-0.02009615,-0.019536529
0.016311847,0.026706118,0.037394162,-0.010579503,0.06060354,-0.07085066,-0.07220821,0.063279964,0.036512885,0.059035625,-0.010039353,0.04352507,-0.004471775,0.079150796,0.062295336,-0.012767064,0.025089843,0.048123855,0.04117269,0.035332065,0.051518098
-0.0601382,-0.08463425,-0.0030470728,-0.058979277,-0.03786452,-0.060301542,-0.05136678,-0.018905964,-0.052722137,-0.050262168,-0.02034489,-0.048834793,-0.0105799865,-0.040666364,-0.064903736,-0.07562048,-0.05698277,-0.06626984,-0.030348603,-0.058570113,-0.04543415
-0.0401562,-0.008745455,-0.040317744,0.014723574,0.0662863,-0.02579085,0.06521097,0.020261284,-0.07045528,-0.042475943,0.00055286306,0.057480782,0.057632577,0.016503988,-0.00023821204,-0.017359018,-0.007832836,0.0064863134,-0.06261733,-0.06434053,-0.046396885
0.05831078,0.0108938515,0.04357194,0.021118158,-0.031958595,0.05024103,-0.019777775,-0.06694749,-0.06472197,-0.07553837,-0.03482392,0.043252844,-0.017891089,-0.010710327,-0.039034944,-0.048405185,-0.020905277,-0.00078617514,0.019311175,-0.058532715,-0.061961524
0.03087418,0.05212379,0.08329463,0.08369405,0.04339599,0.07536534,0.07196844,0.06980236,0.07345768,0.06469819,0.038991373,0.077078596,0.06487964,0.061556946,0.07444739,0.04270107,0.041056495,0.07205705,0.076302856,0.05552359,0.08049777
-0.038406968,0.027582044,0.07458334,0.08380941,0.068048775,0.04324575,0.06133118,0.033024233,0.020837268,0.060652196,0.049067777,0.040139645,0.06519625,0.07656391,0.07996006,0.040956,0.0034081894,0.067641586,0.06260634,0.071953274,0.06290959
0.03851304,0.053581208,0.048763998,0.06263484,0.019456867,0.05122417,0.045011718,0.033095535,0.042091906,0.054661795,0.053503837,-0.027091507,0.04304407,0.04606689,0.05809197,0.06809138,0.03424554,0.031518377,0.011475331,0.032685354,0.0061480827
0.034124404,0.047124352,0.04125932,-0.019953433,0.052321263,0.014899651,-0.041953426,0.028898437,0.019142123,0.052366585,-0.016316524,-0.054176304,0.041400824,0.044583485,0.065248325,0.076323226,0.031997338,0.053374667,0.03868813,0.025400745,0.043620754
-0.04850013,0.028695092,0.005754289,0.0491613,0.03477688,0.050656214,0.04115214,0.06792309,0.044660266,0.06473091,0.07135144,0.058019545,-0.031928256,0.03573774,0.011761011,0.035517648,0.061450772,0.036710538,0.032136306,0.028641447,0.061717827
0.054532185,0.07178715,0.016972361,0.06823999,0.05543121,0.05036691,0.063393444,0.06243122,0.04306296,0.06363015,0.069426894,0.020593872,0.041326348,0.03651557,0.044471115,0.075438194,0.07148614,0.070952974,0.057085212,0.061829075,0.050964355
-0.037885133,-0.0014671916,-0.06226575,-0.025910806,-0.068811305,0.026043618,-0.027403802,0.06809617,0.04760993,-0.04975181,-0.06255176,-0.05404142,-0.047048192,-0.08801944,0.030166585,-0.0786463,0.00014990778,-0.077451415,-0.047753923,-0.009117029,0.075344935
-0.03556757,-0.018133076,0.008182795,0.011940364,-0.0014927649,-0.025728138,-0.02616604,0.013093935,0.005579469,0.008669278,0.012873758,-0.044790916,0.0399156,-0.006265178,0.009526829,0.00019506474,-0.00063781906,0.0009127922,-0.041950505,-0.04481311,0.0174533
0.07909828,0.06969713,-0.06221232,-0.048338745,-0.0730042,-0.06777841,-0.06974192,-0.05937817,-0.038763404,-0.055664413,0.028408075,0.0039801933,-0.067318246,-0.023011746,0.05313006,-0.0013098769,-0.009346589,-0.0776018,-0.071509436,0.0707796,-0.06495662
-0.05673944,-0.037549075,-0.032492522,-0.010582049,-0.077009864,-0.0038160807,-0.02941441,-0.025978915,0.0043740133,-0.04705968,0.052031744,-0.059402905,-0.07297386,-0.07056902,-0.051588424,-0.065230645,-0.05409883,-0.02883574,-0.03523631,-0.047099587,0.034537524
-0.06921148,0.00800711,-0.054316286,-0.051682938,-0.00677032,-0.043486644,-0.061276563,-0.018397626,-0.06309933,-0.01796244,-0.057305973,-0.059466183,-0.03259381,-0.04860943,0.0074509922,-0.037068892,-0.06985961,-0.008495123,-0.016998636,-0.02036256,-0.009011998
-0.0052082576,0.05952664,0.045025244,0.0035313773,0.052146405,-0.020050703,0.060466237,0.057648074,0.051636614,0.05866467,0.026969273,0.021857942,0.07424547,0.06081913,0.035160888,0.07234049,0.07160063,0.050914012,0.053579394,0.05692536,0.039481185
0.0009656889,-0.03954182,0.040114846,-0.013763251,-0.0030544414,-0.0023460356,0.014380232,-0.053033005,-0.06510473,-0.011950833,0.014604826,-0.0046925857,-0.015004882,-0.012943292,-0.05120323,-0.011933382,0.016428443,0.02621895,-0.036781773,-0.04584719,-0.04219356
-0.061086524,-0.016771032,0.060646024,0.026602203,-0.0036117123,0.028111743,-0.032888096,-0.034952458,0.032965593,0.06748633,0.012962818,0.022728242,0.01541012,-0.004166663,-0.027567636,0.031135878,0.023325957,0.061562527,0.07343633,0.045167226,0.013856984
0.042166196,0.048531782,0.012391285,0.01163178,0.025133006,-0.030278826,-0.05631251,-0.04824167,-0.051861543,-0.01733593,0.03706697,0.03516853,-0.048893318,0.011912151,0.007824209,0.07388463,0.07977814,0.03905846,0.022745445,-0.013133437,-0.0048374357
0.07500376,0.0027628168,0.040561672,-0.01657229,0.032455634,0.003893906,0.05001713,-0.029272644,0.011849934,0.067033045,0.008400626,0.04602694,0.007680928,-0.00055573985,0.006865771,0.053625677,0.08183594,0.054635923,0.059440374,0.037162933,-0.010585983
0.07643505,0.048419736,0.03852501,0.019170053,0.026295558,-0.041792426,0.017192354,-0.06530895,-0.0052029435,0.02316066,0.027243791,-0.01336627,0.06767402,0.07546692,0.023059526,0.027295638,-0.023186479,0.03538284,-0.058358073,0.019556707,-0.059157487
0.015971242,-0.046650156,-0.0067400904,-0.024306387,-0.054098208,-0.02766877,-0.02603586,-0.053868618,-0.024068596,-0.062678754,0.03162137,-0.034008496,-0.062645,-0.035113238,-0.016416293,-0.017322144,-0.043351375,-0.03841595,-0.0738053,-0.0653881,-0.057833917
0.0022173852,0.03986734,-0.048576836,-0.049424663,0.036619533,-0.034430116,-0.068214126,-0.0514422,0.00837347,0.03663214,0.0060546333,0.06074908,-0.028994514,0.047967326,0.030234281,0.02378075,-0.0070956065,-0.07719112,-0.06761266,0.03506821,0.04900122
-0.010370108,0.004976101,-0.012817065,0.038951587,-0.02922533,-0.014214295,-0.06753498,-0.072786346,-0.06281861,-0.027388705,0.037119564,0.064141534,0.043024637,-0.045903713,-0.03535501,0.021729006,0.036057245,-0.0032898383,0.051567603,0.030560387,-0.042259496
-0.01928223,-0.034426346,0.03690329,0.029808216,0.04392009,0.054182798,0.03106158,0.03629224,0.04103717,0.020275943,-0.015663039,0.04712944,-0.0016149167,0.0044422965,0.022008408,-0.01703641,0.049378585,0.062323686,0.041250426,-0.023586297,0.009945295
0.019023638,0.00032751716,-0.023716902,-0.043111794,-0.009517731,-0.05555082,-0.06416108,-0.057788264,-0.06755594,-0.024767289,-0.06418269,-0.0613051,0.02521726,-0.023511041,-0.046737596,-0.024099393,-0.072716475,-0.015806964,-0.05165175,8.7733525e-08,0.005363698
-0.008872669,-0.021580316,0.027201883,0.01894708,-0.07789516,-0.045867234,-0.021902038,0.0121197635,-0.021830969,-0.07570091,0.068161495,0.054635774,0.026875889,-0.023653354,0.05433982,0.012281178,0.065945946,0.010520557,-0.037665997,0.035094786,-0.0633767
0.03256976,-0.016879683,-0.043466844,-0.021850407,-0.066410646,-0.0709572,-0.015239937,0.025256012,0.023206407,-0.012221485,-0.06317796,-0.044132523,-0.0077403537,-0.044106055,0.08504716,-0.06168701,0.027137332,-0.012325281,0.03942221,0.048192177,0.03926921
-0.019151382,-0.0736836,-0.08045843,-0.037077412,-0.05555116,-0.04498446,-0.038986187,-0.066290714,-0.037611775,-0.06382304,-0.05928836,-0.00075692654,-0.049420483,-0.04263721,-0.028998122,-0.06951218,-0.0640582,-0.062010556,-0.047954652,-0.06485531,-0.063490845
0.065636836,0.044629026,-0.046038162,0.0048178327,0.07611036,0.035634156,-0.027872376,-0.0066511235,-0.017619474,0.044018995,0.007307749,-0.019411098,-0.034279995,0.07373331,0.07600097,0.065884456,-0.008654411,0.043345727,-0.0032992125,-0.053426247,-0.0015873365
0.011837608,-0.05476274,-0.027344748,0.027878094,-0.060378876,-0.07520407,-0.07147498,-0.063563205,-0.07517289,-0.016130393,-0.08077328,-0.07546905,-0.047572456,-0.002947535,0.017835194,-0.055077165,-0.08184292,-0.07420266,-0.07415114,-0.06346219,-0.050661817
0.08153214,0.065748446,-0.026723254,0.023045745,0.03229467,-0.007118039,0.05754989,0.042464815,0.04197896,0.016702836,0.04971093,0.013375661,-0.054794293,0.040606447,0.046718962,0.036853254,0.051106844,0.03460308,0.0076742703,0.03519619,-0.013852059
-0.008450234,0.0019297283,0.05781929,0.010004486,-0.008776828,-0.031060498,0.02745051,0.019916764,0.06508379,-0.0025689031,0.011147665,0.05265116,0.03865906,0.010948922,-0.015305014,-0.030578576,-0.010451529,-0.0016728069,0.050440278,-0.026905056,-0.050413586
-0.038246196,-0.041035812,0.08541149,0.044862073,-0.016577538,-0.02859209,-0.009417631,-0.063947566,-0.07276588,-0.02412421,0.018247737,-0.034275338,-0.032512356,-0.057300635,-0.06849733,0.02153112,-0.021375513,0.025537334,0.032575894,-0.007690429,-0.010667636
-0.03407145,0.008981445,0.018597772,-0.04028952,-0.06925036,0.02305444,0.045429204,-0.07426039,-0.02489883,-0.03036733,0.032475915,-0.04130682,-0.055833664,-0.07682994,-0.06868347,-0.012442115,-0.07274826,-0.01402386,-0.04058769,-0.07719741,-0.026294108
-0.036435436,-0.06336266,-0.057100423,-0.0318299,-0.03929332,-0.053582154,-0.027763486,-0.03895695,-0.032981206,-0.03209873,-0.02468327,-0.06375138,-0.05472711,-0.055959094,0.01808229,-0.024561087,-0.047327936,-0.038588654,-0.023749655,0.014628375,-0.02830605
0.013239588,0.07379027,0.0045407433,-0.002220141,0.038386494,0.012077835,-0.027422683,0.008949147,-0.022168187,-0.017122058,-0.06368009,-0.06318949,-0.052903984,0.02208539,0.03528599,0.010535204,-0.015134981,0.042348605,0.00826841,-0.015984522,-0.027488915
0.011299139,-0.0030746758,-0.050943185,-0.055522483,-0.06979218,-0.045413904,-0.059488997,-0.038621366,-0.05951859,-0.060574025,0.013568183,-0.04494341,-0.03324453,-0.06772164,-0.038682718,0.018306863,-0.019011376,-0.049053013,-0.06417246,-0.04125258,-0.04306919
-0.028716559,0.031565182,0.017253622,0.005683572,0.025347266,0.051523298,-0.004619567,-0.027968014,-0.054187965,-0.00061382266,0.00018031024,-0.02852647,-0.043699473,-0.01921911,-0.01930387,0.0007141676,0.027617441,0.01249361,0.0020830224,-0.0019270496,0.00838632
0.079035245,0.09007661,-0.04654526,-0.061325476,0.020018363,-0.055239014,-0.061695617,-0.008138902,-0.06555629,-0.04134171,-0.05912972,-0.024158241,0.059943005,0.04163206,0.07435136,0.06821332,0.004563261,-0.047943894,-0.021441892,-0.04068906,-0.056871217
0.04764618,0.020694248,-0.05391613,-0.033416126,0.061283108,-0.01873244,0.022363218,0.018296055,0.04013745,0.04179666,-0.05097437,-0.020463638,0.058892306,0.0423968,0.057425845,0.03897162,0.06772303,0.020062016,0.019481475,-0.012572311,-0.035214204
0.00852839,0.029855896,-0.035486314,-0.015384335,-0.041546468,-0.023797816,-0.052220885,-0.02427214,-0.02572634,0.0059603304,-0.009474823,-0.03780994,0.016537972,0.008170554,-0.011851773,0.036790986,-0.02101709,-0.009163646,-0.05907228,-0.04219573,-0.04516418
-0.03317005,0.037811477,0.035681996,0.05036488,-0.043255683,0.036725175,0.010024407,0.06683091,0.06990814,0.02653421,0.06545889,0.038083505,0.04533957,-0.03115422,-0.024312846,0.018135812,0.043672025,0.06585339,0.02595795,-0.007059708,0.062454455
0.0035524457,-0.03248506,0.05741027,0.05892579,0.06976166,0.02193985,0.03810476,0.029968537,0.037330985,0.035627343,0.0036207775,0.0620352,0.0425571,0.038684536,0.0035960982,0.026686057,0.078667596,0.05579797,0.05618101,0.071571805,0.061305266
0.05890114,-0.0139030395,-0.014036615,-0.028779907,0.00062181073,-0.009573243,0.028375454,0.025329418,0.0125685325,-0.048064273,-0.03171997,-0.032710124,-0.021269824,-0.0425468,0.011457353,-0.04732392,-0.04261943,-0.029676657,-0.046822965,-0.004799498,-0.047733262
-0.0088920975,-0.080644116,-0.020478148,0.005590479,0.04487234,-0.0046999515,-0.008596328,0.066245094,0.0005964203,-0.021475682,0.037479226,0.05661777,-0.0525442,-0.06796856,-0.0049184617,-0.03652004,-0.01918569,0.037934195,0.04595596,-0.04108553,-0.022769095
-0.08338572,-0.087689824,0.018991904,-0.017906064,-0.0017201368,0.06460025,0.07102229,0.0463674,0.04513191,-0.07746685,0.024179455,-0.052452642,-0.05643725,-0.07948436,-0.08655715,-0.08777876,-0.08471808,-0.033886142,0.034575157,-0.07861664,0.028468046
-0.033334613,-0.059574705,-0.056888726,0.012465919,-0.0736916,-0.066118084,-0.071568385,0.016446289,-0.07562594,0.009235743,-0.053501774,-0.02386381,-0.05463701,-0.055541895,0.034376908,0.024619354,0.023909118,-0.071397975,-0.0268959,0.040323056,0.030750541
0.008837293,0.07103431,0.036513925,0.030124811,0.06629588,-0.066286586,0.006629737,0.0055472823,0.038177002,0.03610348,0.003997069,-0.04763842,0.03378857,0.0057587987,-0.057465475,0.073895626,0.034189306,0.039889973,-0.031198382,-0.00019140527,-0.03903987
-0.0026395072,-0.026862688,0.003998245,0.008505236,0.031763405,-0.012329202,0.030691106,0.040933605,0.012348628,0.0111121815,0.053248778,0.011837249,-0.029626457,0.008315939,0.034291323,-0.011630135,0.023033993,0.025111856,0.038517136,-0.0002918134,0.07341173
-0.057888526,-0.054074857,-0.004535765,-0.066954136,-0.055393923,-0.010331409,-0.04405889,-0.052031867,-0.04793741,-0.004843333,0.017582342,-0.041065436,0.021238644,-0.02500802,-0.0136155775,0.033749323,0.006240986,0.005723155,-0.0692161,-0.03334215,-0.021494074
0.041961536,-0.038268022,-0.04962128,-0.018316504,0.005156293,-0.046855997,-0.002396736,-0.05275383,-0.004483855,-0.04439037,-0.019024616,-0.017635439,-0.023846593,-0.034940217,-0.03677232,-0.050367057,-0.04477922,7.3591225e-05,-0.008931275,-0.0017291941,-0.055272713
-0.016643174,0.014962277,-0.06218075,-0.03853991,-0.03293558,0.030222462,-0.012990915,-0.015987046,-0.037329838,-0.042016253,0.06307295,0.006296273,-0.07320667,-0.031194348,-0.05073629,-0.034810554,-0.03989991,-0.056024887,-0.01534179,-0.07244543,0.015621396
-0.018332029,-0.02224864,0.0004807104,-0.021467019,-0.010798414,0.075277686,0.07179405,-0.06748698,-0.001721019,0.008071458,-0.03919618,0.049721934,0.033693857,-0.019583866,-0.0002543348,0.043250654,0.035723615,0.070597075,0.051971044,-0.06265899,-0.027989158
-0.03543054,0.032395296,0.028853264,0.06834192,0.061346572,0.061532855,0.019402422,0.0050978744,0.051657267,0.020544494,0.014644829,0.020727562,0.005151307,0.07078839,0.08555582,0.013623006,-0.068443105,0.069984116,0.06062062,0.0030305877,-0.021443088
-0.030367851,-0.019904682,0.05634337,0.030849263,-0.046866585,0.059440184,0.05501296,0.050626278,0.049901046,0.07321215,0.04824139,-0.03764642,0.011788228,-0.03839934,0.06501415,-0.0034294447,0.028333517,0.05925872,0.054051943,0.027746858,0.06526434
0.031713814,-0.0011262724,0.022246264,-0.014140824,-0.047276095,-0.024840867,-0.044886213,-0.063985705,-0.012925893,-0.012726119,0.032724414,-0.038732734,-0.07106734,0.04281319,-0.06260289,0.059700638,0.0068037976,0.022167131,-0.01370445,-0.06493111,-0.05945884
0.06517998,0.018905427,-0.009215028,0.04602975,-0.028656732,0.053623974,0.0576396,0.042301767,0.040189497,0.022686308,0.06717679,0.053465888,0.028795568,0.007764821,-0.01167495,-0.016342917,0.010503887,0.05744295,0.023976961,0.0650564,0.01133774
0.07459548,0.075770706,-0.048630342,-0.045803055,0.015734615,0.05758807,-0.06999219,-0.023808056,-0.021914944,0.061164744,-0.044731595,0.004726792,-0.017718155,-0.00022305304,0.047076534,0.08535374,0.082706384,0.048615266,-0.03240057,0.06081807,-0.023269724
0.018912425,-0.036795057,-0.038143147,-0.04882931,-0.045879774,-0.028917909,0.022778492,-0.02955662,-0.006479431,-0.040910903,-0.038471002,-0.035068464,-0.03956336,-0.072268106,-0.07854422,-0.0021022644,-0.037431035,-0.05790545,-0.048343446,-0.039170496,-0.072646394
0.044254836,0.011714487,-0.005138156,0.045088373,-0.028845238,0.005623533,-0.021604128,0.060626883,0.039029006,0.054024573,0.01769969,0.041030664,-0.020335624,-0.024721319,0.024316058,0.009075897,-0.0021856704,0.008297185,-0.014332356,0.037804823,0.06638771
-0.06349004,0.015728576,-0.008354864,-0.02137322,0.039827414,0.059827093,0.05754374,0.042696387,0.044120666,-0.014520197,0.003135623,0.033603646,0.06692406,-0.008438294,0.059025344,-0.018038891,-0.046325184,-0.0394226,-0.021797502,-0.020946521,-0.029650088
-0.003546885,-0.044360235,0.002418276,0.036009774,0.031344835,-0.022318594,-0.012744108,0.03480679,0.049285274,0.033933196,-0.02596311,0.008133099,0.032151178,-0.020257175,0.004189632,-0.014441354,-0.053783942,0.02655038,0.03530666,0.034078944,0.046836097
0.072470985,0.042495787,-0.030393096,-0.044335328,-0.060145672,0.036200684,-0.04469772,-0.053689197,0.05331946,-0.06626304,-0.034878656,0.037441853,-0.050390553,-0.014181932,0.035140917,0.010294979,0.05741836,0.0053205695,0.0068646614,-0.008252524,-0.04479601
-0.07289337,0.033572458,-0.038396914,-0.0058209226,0.07250723,-0.016052436,-0.02029458,0.05691284,0.03726354,0.0203767,0.040714566,0.0477776,0.043012902,0.01702333,-0.012201193,0.029908303,-0.05381131,-0.041271016,-0.07188259,-0.023005316,-0.053196806
0.060206268,0.027264722,0.07128625,0.06671472,0.034427404,0.043489672,0.05804646,0.05995298,0.031951323,0.059699006,0.070057414,0.02059051,0.07597695,0.05673303,0.040802825,0.05894524,0.06470164,0.036316656,0.044877555,0.054461766,0.060010303
0.06719632,0.02031648,0.025575493,-0.04137441,0.0053486554,-0.053836126,-0.022026887,0.031291414,-0.038985338,0.04048717,-0.01624988,-0.06273356,0.013797954,0.030361976,0.04622694,0.059005532,0.07031284,0.04698441,0.060009196,-0.02816692,0.039447628
-0.010769284,0.02191413,0.049903546,0.038322363,0.028200034,-0.06068268,0.035195146,0.07208446,0.046976727,0.0014437459,0.020589769,-0.021830043,-0.019366885,0.03994474,-0.052026484,-0.008115096,-0.029403618,0.063457124,-0.0046149627,0.016126962,0.042300947
0.0058663893,-0.07220188,-0.07696988,-0.042249836,-0.04737492,-0.06786618,-0.05638309,-0.020760687,-0.056102842,-0.05171024,-0.05782378,-0.04964201,-0.069057934,-0.059121586,-0.060943205,-0.07762298,-0.07489292,-0.064642556,-0.07182563,-0.073488876,-0.015759556
-0.0161481,0.024600558,-0.07754206,-0.019316591,0.011731492,-0.05360606,0.05165001,-0.07384061,-0.07989865,-0.07016613,0.03425541,-0.045718778,0.010246158,-0.048253976,-0.01949567,-0.02131556,-0.07048743,-0.075466864,-0.07388121,-0.05575136,-0.039660737
-0.0008650788,-0.0497189,-0.05586023,-0.06826218,-0.043808464,-0.01029726,-0.05943753,-0.06909882,-0.074368514,-0.07781339,-0.027977712,-0.07451162,-0.05042397,-0.033442374,0.014663199,-0.06032175,-0.055410374,-0.065457314,-0.06689847,-0.07864659,-0.07765032
0.06183962,-0.025514059,0.005890369,-0.04517541,-0.042002723,0.06959048,0.06906581,-0.054419152,0.069211245,-0.014735354,-0.055885155,-0.05219419,-0.04486401,0.02327136,-0.05645353,-0.03412413,0.023626518,0.010138955,0.0071972725,-0.036286883,0.028981436
0.07230196,-0.036329944,0.023202809,0.009402785,0.03554533,-0.026096703,-0.00012569722,0.008597607,0.0048965765,-0.0070543573,-0.02664886,-0.058001388,0.053250313,-0.028438384,-0.009860238,0.035078462,0.020750286,0.03986803,0.014747566,0.06276364,-0.027439231
-0.028295996,0.04798987,-0.06346244,-0.043060314,0.003984211,-0.052575473,-0.054190274,-0.0412965,-0.03577705,-0.0311561,-0.0055056238,-0.0074889157,0.05668486,-0.009925896,0.019527948,-0.05166114,-0.03518605,-0.047220178,-0.07238854,-0.027415687,-0.07007843
-0.011091526,-0.018782858,0.073930405,0.07705842,0.045978665,0.014506772,0.025096321,0.072652735,-0.01395301,0.013220856,0.034431636,0.0030608764,-0.028078819,0.040938366,0.07110988,-0.0234908,0.030883042,0.018192094,0.07331837,-0.074748605,0.047735617
0.005768862,0.0309879,0.033651832,0.015187255,0.03931628,-0.036738332,0.07048175,-0.0387516,-0.049545582,0.042106424,0.016059447,-0.0682195,0.018003555,0.011876804,0.055830944,-0.004936432,0.06338884,0.024960471,-0.0025206064,0.038516767,0.0528161
-0.019096347,0.061389312,0.03705208,0.023587698,0.06147973,-0.004910905,-0.0020259493,-0.0009330757,0.031095179,-0.026144313,0.032538157,0.011083427,0.04373437,0.037384912,0.05259547,-0.014150882,-0.031642344,-0.013535233,-0.016178498,0.03374398,-0.008460365
-0.06807607,-0.086186275,-0.079825334,-0.07760407,-0.05397678,-0.025330074,-0.060350038,-0.025880171,-0.008328036,0.0006451886,-0.053525537,-0.07423343,-0.08183961,-0.07554209,-0.017607255,-0.0714533,-0.06958624,-0.06062469,-0.05009297,-0.040595483,-0.024209132
0.008600402,-0.0039159735,0.054077193,0.06779135,-0.017331418,0.049102463,-0.006019185,0.07575184,0.075403385,0.07423785,0.07122018,0.020748192,-0.027359363,0.038532913,-0.02104281,0.032239553,0.058332924,0.028874587,-0.03352692,0.024352161,0.04463558
0.0658863,0.0035859097,0.005620099,-0.0119480435,-0.044800572,-0.030802427,-0.028758204,-0.046902414,-0.011656213,0.00545577,-0.036619022,-0.025219314,0.015683861,-0.012903974,0.04994322,-0.005429957,-0.004306817,0.023822738,-0.0236668,0.009032796,0.011545795
0.0011567955,0.0045934245,0.03040908,0.08175029,-0.007790342,0.046219524,0.05650529,0.036447562,-0.008787153,0.03146539,-0.013659488,0.0031497483,0.0035376083,-0.020968137,-0.0066734785,0.04673359,-0.014041005,0.029622592,-0.008921583,0.038686402,0.04379642
-0.006290034,0.054178838,-0.023156067,-0.04270031,-0.013665284,-0.037948355,-0.034567833,0.0527867,0.007595626,-0.058786225,0.067869626,0.021509334,-0.01705938,-0.020802498,0.06611001,-0.009040486,-0.019255184,0.013708098,-0.036547493,0.034631632,-0.0046640923
0.007250915,-0.03340437,0.0075650224,0.0072712554,0.074217014,-0.049004897,-0.003684808,-0.02064139,-0.023153871,-0.009442948,-0.03454366,-0.06187101,0.009590621,-0.04916926,-0.06922699,0.033777993,0.024194235,0.021327304,-0.006924861,-0.060679678,0.022965962
-0.068836756,-0.07599083,-0.035618793,-0.010149557,-0.06624589,-0.031230291,-0.06539843,-0.067805804,-0.052292157,-0.054851238,-0.06741091,-0.066742405,-0.06589239,-0.07094239,-0.058343258,-0.044235133,-0.05427903,-0.069220334,-0.05297944,-0.03969539,-0.063119434
-0.05348292,-0.048504148,-0.014436577,0.071125954,-0.016918587,-0.012555349,-0.019770237,0.030425435,-0.025866212,0.053104673,0.008548973,-0.03747985,-0.03526026,0.016790032,-0.009174633,0.041597016,-0.034595307,-0.007971541,-0.062484574,0.008503365,0.031130055
0.07130239,0.05182766,0.061678924,0.046901703,0.03860291,0.023605775,0.06509637,0.044611543,0.051373016,0.06759682,0.040901083,0.033085406,0.08180091,-0.00010671138,0.054509092,0.018082425,0.037130207,0.05402312,0.040630866,0.058299106,0.010055657
0.06178741,0.031067107,0.041119434,0.039137304,0.032342065,0.0113533065,-0.0047431327,0.031052927,0.05755979,0.02179303,-0.009404627,0.031115128,-0.018480666,0.012450015,-0.013520907,-0.041919027,-0.03828246,0.032037593,0.025128191,0.03790708,0.0015793819
-0.04706754,0.055504616,-0.0311613,0.0066805393,-0.0077729253,-0.06611693,-0.042947702,-0.055760942,-0.060125425,-0.060115315,-0.05690242,-0.024414936,0.031282734,0.025052251,-0.022177588,-0.04075126,-0.07496434,-0.06517806,-0.050223988,-0.043073792,-0.0428065
0.042233534,0.05254135,-0.019941712,-0.0104541695,7.346592e-05,-0.0007499838,0.02849999,-0.002821601,-0.034517035,0.07327606,-0.06859583,-0.06059552,0.0073851617,0.027168825,-0.046659168,0.08322803,0.069077455,0.027803205,-0.041550916,-0.05844845,0.00919909
0.009717985,0.057304777,0.04057246,0.041242585,0.036582578,-0.058511548,-0.0202972,0.015120688,-0.007681162,-0.04640212,-0.024028927,0.024483383,0.004673436,-0.032455765,0.06624251,-0.03889023,0.03243476,-0.057446513,-0.007195962,-0.004941173,-0.0056304405
0.06685622,-0.026560575,0.0156228235,0.0074387966,-0.030599624,-0.028905254,-0.027621528,0.004532753,-0.0022958438,0.053031277,0.036088433,-0.032513443,-0.02436425,-0.005869087,0.022123085,0.004620728,-0.04174681,0.027830463,0.0012930515,-0.045525923,0.05315348
0.036305442,0.07184622,0.05797141,-0.0202356,0.048322186,-0.0695414,0.07073915,0.005683322,-0.056541648,0.010215568,-0.027443303,-0.06504899,0.037055176,-0.02166324,0.020358441,0.07346648,0.04388886,0.07443779,-0.030230315,-0.057443555,0.02105213
-0.03278524,-0.004305609,0.07352558,0.049735907,0.052865416,0.06936975,0.039621428,0.07661252,0.062619336,0.07658436,0.068892665,0.045407005,-0.028851872,0.038039103,0.075424746,0.044389367,0.07618769,0.0780776,0.07433956,-0.045297276,0.08040333
-0.06495139,-0.018673804,-0.03440072,-0.010470679,-0.04415252,0.021734882,0.06671513,0.022667805,0.007536861,-0.06136336,0.024077943,-0.015165257,-0.009945564,-0.079596564,-0.057927527,-0.083670475,-0.054427207,0.017021844,0.017067637,0.007591072,-0.004737185
-0.02607258,-0.057036005,0.034620024,0.018066956,-0.05399922,-0.06780729,-0.0058540544,-0.02894644,-0.02123401,0.042359035,-0.044260275,-0.04650404,-0.020680085,0.013680105,0.0021199023,0.035716113,-0.045177966,-0.04277667,0.015016529,0.024251735,-0.02462774
-0.053856723,-0.051275536,-0.035382114,-0.08510484,-0.054644275,-0.072616376,-0.07190878,-0.07639069,-0.07870846,-0.016069952,-0.08338188,-0.07729763,-0.06381364,-0.08659466,-0.061035316,-0.040228527,-0.027319545,0.032134444,-0.02603999,-0.06690049,-0.06311867
-0.03405535,-0.01955481,0.0011024432,-0.008487224,0.053810336,-0.024961898,0.047175124,0.06121103,0.041894484,0.0632214,-0.03334195,-0.07356844,-0.00896492,0.051355638,-0.014506681,0.015189327,0.0656695,-0.037409436,-0.05675675,0.06443144,0.06015323
-0.06317057,-0.065079406,0.043002572,-0.0022401935,-0.054964285,-0.016743015,-0.06047399,-0.011055866,-0.049374226,-0.07027915,-0.0035519435,0.035377122,-0.06540032,-0.015235634,-0.0038440656,-0.059291206,-0.01566338,0.01467538,0.04126308,-0.052268364,-0.014523882
-0.020326868,-0.0576675,-0.029957829,-0.02983996,-0.030016756,0.0077390745,-0.0023275563,-0.007090524,0.022365857,-0.06424738,-0.037228815,0.03399399,0.0625267,-0.0104101375,0.0105321305,-0.0054062144,0.010869213,-0.026859127,0.031954862,0.025158688,-0.040399484
-0.06417767,-0.039469313,0.025248699,-0.01827602,-0.034609567,-0.0038054192,0.04851258,-0.018536417,-0.019445516,-0.0037257252,0.059039645,-0.019013477,-0.05619686,-0.049774814,-0.059592824,-0.04169775,-0.030568568,-0.0075133466,-0.039530694,-0.027752368,0.042133506
-0.008278365,0.033649072,-0.011529356,-0.039654627,0.014963024,-0.009149169,0.004981805,-0.019356623,-0.030334597,-0.026392262,0.019501809,0.00082748657,0.00756832,-0.046852708,0.045533847,0.00038408517,-0.024194822,0.009666416,-0.013657001,0.05908209,0.017322415
0.029082105,0.038389582,0.014379582,0.011570575,-0.06324028,0.014959905,-0.020651197,-0.057014305,-0.009564894,-0.007318633,0.041627526,0.006118389,0.025874462,-0.013355732,0.0040118955,-0.030322658,0.0072697927,0.03640637,0.025069244,0.0766159,-0.005432851
-0.07636174,0.08490289,-0.06744343,-0.06727419,0.013462808,-0.06596294,-0.06555927,-0.029502215,-0.07685191,-0.05609386,0.002020837,-0.074841075,-0.010605751,0.010294001,-0.0026101945,0.03865433,-0.080271706,-0.042978674,-0.076757744,-0.07322077,-0.061271098
0.054912146,0.077063486,0.072840266,-0.015187874,-0.0043633063,0.05493706,0.06108825,-0.020007495,0.04941262,0.04253625,-0.0449152,0.04155993,0.01570744,0.03389418,-0.007681252,0.056289893,0.03360468,0.04581311,0.07399533,0.017207626,-0.031355504
0.061387457,-0.061358664,-0.024645358,-0.028710375,-0.047389776,0.041778974,-0.047210082,-0.012214701,-0.04002876,0.004466084,-0.05381224,0.010267737,-0.05990416,-0.06854452,-0.07001139,-0.05951326,-0.03330266,-0.047853142,0.006102082,-0.0673931,-0.038622607
-0.00765238,0.0013388678,0.04917057,0.01847467,0.032633997,0.02193571,0.01736578,0.005886223,0.025951564,0.05852076,-0.043732148,0.032997962,-0.020364081,-0.03314205,0.03181732,0.04576302,0.036260135,0.02440401,0.06060384,-0.027014757,-0.002350226
-0.054778945,0.088464685,0.087694064,0.08954636,0.07736514,0.0750789,0.01287074,0.06033511,0.063706696,0.07800436,0.086069524,0.0734024,0.0843847,0.09598807,0.091264345,0.04626967,0.07423574,0.06810159,0.07364815,0.08227766,0.080431946
-0.07879498,-0.088327624,0.017306902,0.056342207,-0.06202684,-0.045553625,-0.028129365,0.023921391,-0.035745215,-0.047530044,0.057803825,-0.042926982,-0.0308947,-0.049815763,-0.049134575,-0.069173776,-0.056121968,-0.0057220645,0.032009326,0.025540343,-0.018103296
-0.05452551,-0.0044487417,-0.03689462,-0.030542806,0.009963741,0.041501332,-0.05050271,-0.006939935,0.07072285,-0.044257622,0.051984344,-0.030524485,-0.008898272,-0.038685158,0.040700354,-0.05811353,-0.0035199458,0.041587822,0.0707722,-0.04335814,-0.032155547
0.060789913,0.048798975,0.021615032,-0.02368228,-0.029174823,0.05186636,0.051414996,-0.0063521145,0.051007718,-0.02696091,-0.00028845176,0.048551325,0.022393681,-0.027266601,0.009002386,-0.023605809,0.012389486,0.055054657,0.036716968,0.049902897,-0.032270752
0.030910993,-0.008015657,-0.0398459,0.015274737,-0.00807386,-0.05558487,-0.043419156,-0.017271472,-0.028311849,-0.011327143,-0.061402865,-0.06890331,0.03353554,0.023982814,0.0285934,-0.030075528,-0.016896378,-0.056437775,-0.07364841,0.0409336,0.054054826
-0.011707144,-0.0760243,-0.031088438,-0.07231566,-0.05401418,0.021366753,0.038350448,0.019066095,-0.017672854,-0.049553428,-0.04007512,-0.01494766,-0.08109643,-0.07995654,-0.06061689,-0.07776457,-0.02854848,-0.039849903,-0.01464056,-0.059822556,-0.023627613
0.05640626,0.016000718,-0.044689037,-0.017492846,-0.04970251,-0.021473167,-0.020355623,-0.042188957,-0.046244986,0.0072759856,-0.010407707,0.0121567985,-0.05149651,0.019668976,-0.035000328,-0.0310262,-0.06494855,-0.026099743,-0.03459068,-0.01610254,0.01883482
-0.034094103,-0.017205857,-0.021136547,0.03537815,0.04733295,0.041217677,0.053347003,0.015511863,-0.010685024,-0.050049197,0.030372648,0.015528993,-0.039852545,-0.020880014,0.00062286516,-0.033416044,-0.00058615726,0.030557528,0.048505634,0.0009998548,0.021174677
0.028217154,0.051581502,0.07169196,0.02978961,0.05969953,0.009976906,0.045259424,0.04856989,0.009276098,0.0336287,0.07101189,0.032587532,0.03764998,0.066108584,0.08556411,-0.005322708,0.022471447,0.07578907,0.04443734,0.06526146,0.02555763
-0.012687798,0.07252702,-0.018728433,-0.037562627,-0.015730806,-0.049141876,0.045774363,0.056901846,0.053869143,0.016491849,-0.033951733,-0.017093675,0.023685062,-0.032505397,0.049937826,0.067429766,0.019121738,-0.006175837,-0.0046957047,0.037222456,-0.0042120037
0.061768547,0.076079585,0.018969053,-0.0759868,0.029641263,0.067019805,0.027538532,0.038477127,0.04317261,-0.0074456064,0.064906456,0.03948736,0.034885578,-0.009533425,-0.053545147,-0.0050034234,0.0292668,0.03149732,-0.03689641,0.039535064,-0.011855575
0.0750154,0.07219589,-0.0027427338,0.08768977,0.040536184,0.012906397,0.042416636,0.06599724,0.011214736,0.04302299,0.08000567,0.07710308,0.0035167525,0.085936114,0.02876137,0.066273205,0.039536018,0.02122516,-0.04326843,0.0707946,0.07924655
0.013001193,-0.003867358,-0.008491518,-0.038969804,-0.03153332,0.014633152,0.01939283,-0.0024335154,-0.020147761,-0.053135935,-0.018784467,-0.01208506,0.025070742,-0.040881813,-0.021997249,-0.017998777,0.0026792057,-0.050124545,-0.0062462315,-0.05612688,-0.029190855
-0.021028016,-0.018344054,-0.041397963,-0.0038716814,-0.047244713,-0.060129102,-0.0039707576,-0.054397684,-0.0778311,0.05855011,-0.04663189,-0.07235134,0.027159957,0.018899547,0.0065761893,0.002120197,0.0672392,-0.0117690675,0.009476633,0.06903711,0.024720356
-0.0082396,0.003406849,0.043143664,-0.04818869,0.073843464,-0.025848567,0.051958047,0.022167556,0.059505593,0.018416455,-0.006477313,-0.07146497,0.07719294,0.07339321,-0.03998091,-0.024770645,-0.02143416,0.053096574,0.044656776,0.06918087,-0.06413624
-0.011341213,0.021934625,-0.07412308,0.02051299,-0.016707629,-0.018277325,0.016656293,0.027189977,0.0065235314,-0.01530495,-0.018681817,-0.021999624,-0.068352684,-0.0049448335,-0.054467797,0.033370916,0.034426756,-0.008337673,-0.035536956,-0.056488026,-0.009853293
-0.0754272,-0.07825842,-0.076393254,-0.058716178,0.008956929,-0.07642168,-0.07223986,-0.06678104,-0.073148645,-0.034037482,-0.017878609,-0.064723395,-0.06938049,0.018074373,0.06731405,-0.04622937,-0.042522546,-0.06597733,-0.06799373,-0.030262345,-0.069188945
0.0392546,0.07776622,0.0729378,0.06441912,0.03835308,0.071660765,0.06969298,0.061278705,0.073773816,0.04814113,-0.032430157,0.07517932,0.07192945,0.06608753,0.030231668,0.06491287,0.064249575,0.05227457,0.06741788,0.037124302,0.05735439
-0.04115248,0.03876524,-0.048412714,-0.033283073,0.0064522154,0.05126561,0.01790558,-0.042355005,-0.010044375,-0.05324458,-0.009134107,0.00820283,0.075271405,-0.009529537,0.012506859,-0.011047127,-0.023066213,0.032529373,-0.008887403,0.046202637,-0.05543838
-0.07715096,-0.08607527,-0.05294663,-0.022510938,-0.072964795,-0.073276065,-0.06911468,-0.036485843,-0.075740725,-0.03959964,-0.0026418294,-0.04728555,-0.04013721,-0.057821628,-0.06694378,-0.068453625,-0.07541387,-0.06697992,-0.06736801,-0.04970819,-0.05488941
-0.00047954693,0.03263497,0.024276344,0.024860669,0.044523753,0.065496504,0.0351282,-0.032905024,0.033658788,0.008157606,0.05043545,0.014112562,-0.020273607,-0.0109284185,0.054330625,0.0068755043,0.011702211,0.06880969,0.042231947,0.023441728,0.021519355
-0.047621336,-0.0309143,-0.03284264,-0.06110165,-0.019729564,-0.06525932,-0.06779475,-0.067707665,-0.06352219,-0.058952678,-0.06182686,-0.035821896,-0.05172569,-0.04336364,-0.040026587,0.029539933,-0.0078051626,-0.04988592,-0.012024988,-0.04060317,-0.06726037
0.04806139,0.016902778,-0.040898867,-0.037484154,-0.03100943,0.014507161,0.05504717,-0.0002194157,0.01929666,0.018533457,-0.06155737,-0.025149407,0.044393275,0.000944575,0.004734164,-0.027318114,0.022311287,-0.02667307,-0.0015705968,-0.008276855,0.035512123
-0.032073684,-0.0048650284,0.06657181,0.048461314,-0.06327579,-0.02359576,0.023228979,0.045105446,-0.019831898,0.034064155,0.049965058,-0.025227644,0.07624046,-0.0059481245,0.073258266,0.016638689,0.039935444,0.05321781,0.01897654,0.07758551,0.039313257
-0.067722864,0.060808826,0.04858065,0.017201213,0.009157696,-0.050605882,-0.03752115,0.0033091286,-0.041276217,0.032240037,-0.0018975224,-0.029018648,-0.013575039,0.015783673,0.021844424,0.029283214,-0.013303325,0.004081445,-0.028529689,0.049615555,0.01807752
0.031306244,-0.025172183,0.032612566,0.008889658,-0.040555075,-0.007822715,0.03520661,0.039784145,-0.012557689,-0.04347895,-0.007493362,0.021657132,-0.041996073,-0.02611883,-0.006045963,-0.044243757,0.00893571,0.002924388,-0.042095955,-0.06657028,-0.05907764
-0.036904346,-0.018953528,-0.04193563,-0.0010881216,-0.06809494,-0.048634358,-0.059681147,-0.03292531,-0.025115581,-0.06939527,-0.053171013,-0.023284467,-0.023804719,0.008571984,0.031098036,-0.05292471,-0.035313267,-0.050174057,-0.04990291,0.012200947,0.010541429
-0.03318316,-0.03786038,0.028152686,0.014869434,-0.0012278812,0.03732457,0.013092281,-0.039170135,-0.051574428,0.051753804,-0.057004895,0.03290875,-0.043821115,-0.048469573,-0.077453315,-0.01036269,-2.4928993e-05,0.028967384,0.065965176,-0.017413337,0.020142328
-0.020875998,0.022838393,0.0047191726,-0.011809335,-0.02255808,-0.029393535,0.0053332397,0.03575371,-0.01571481,0.004913008,0.017210964,-0.039270204,-0.023474757,0.009945058,-0.002683932,0.020304574,-0.0062519847,0.014329532,-0.041992523,0.07076481,0.0040671327
0.054061726,0.059637446,0.07245252,0.056039724,0.05632389,0.053676218,0.05268148,0.0501349,0.06523367,0.025282158,-0.0022674347,0.05659041,0.02238797,0.04836817,0.06717462,0.04439985,0.002565986,0.058203828,0.043077964,0.052972674,0.03063844
-0.08462686,-0.023988968,-0.050716486,-0.04361266,-0.052434377,-0.062749445,0.010217214,0.055003617,-0.016333355,-0.006964157,-0.05659831,-0.04890052,-0.0004946049,-0.049336117,-0.025779726,-0.047720313,-0.0042818547,-0.029502207,0.050715953,-0.015556205,0.010772327
0.026343998,0.04046627,0.05766282,0.062484693,0.061994415,0.0659512,-0.0074578626,0.064863525,0.0077090207,0.034063425,0.05877629,0.032795567,0.035021994,0.07308329,0.07256706,0.04948927,-0.051162668,0.04275874,0.0647005,-0.049176134,0.06347165
0.0069600437,0.025028424,-0.029322583,0.029618427,0.03620829,0.03388849,0.020015337,0.0436654,0.034213435,0.0048097675,0.06242414,0.005480116,-0.043967154,0.01429863,-0.032559223,-0.07228918,-0.019474046,0.0052285334,0.02062275,0.041889533,0.051483635
-0.05015836,0.036365006,0.06721755,0.089026414,0.0684515,0.07592393,0.0706926,0.076463535,0.07227888,-0.02709825,0.07819812,0.07732197,0.06267822,0.06458726,0.034697875,0.07144888,0.054860592,0.045047324,0.03766678,-0.05064416,0.07711983
0.046615466,0.057699505,0.058811497,0.03832805,0.018469587,0.072573714,0.06921378,0.06418521,0.07360552,0.054239772,0.04344303,0.071881615,0.03762385,0.04621188,0.051363364,0.023768881,0.036069956,0.067058966,0.05625102,0.046239853,0.06583895
-0.069719754,0.037618354,0.051710565,0.053385466,0.052730598,0.017274223,0.04246784,0.055768374,-0.017806279,0.05447888,0.056829024,-0.007209838,-0.033731166,0.031732403,0.022049852,0.023072524,-0.012847614,0.07009439,0.073116936,0.054389585,0.07365823
0.013965696,0.018730657,0.06853818,0.014132615,-0.01738901,0.060815986,0.070227906,0.055843275,0.07286098,0.041603282,0.05435728,0.01565509,-0.008631679,0.035495155,-0.005393554,0.064941116,0.04657037,0.06326426,0.051815186,0.042457037,0.05456639
-0.06957489,0.022538358,0.07422049,0.058258638,0.07150514,0.069583364,0.066021904,0.05202324,0.03358941,0.024115263,0.013954748,0.052304897,0.028702404,0.079451494,0.07649098,0.028339466,0.036293015,0.07151048,0.055748638,0.03185228,0.06968772
-0.03133312,-0.04448198,-0.06217095,-0.071544565,-0.04103125,-0.009715843,-0.049877934,-0.046103463,-0.05053995,-0.05065871,-0.0069251386,-0.06764162,-0.048289753,-0.07493942,-0.07096527,-0.050839853,-0.06505977,-0.06008282,-0.06121137,0.008605625,-0.06677649
-0.02714855,-0.049178924,-0.08820749,-0.0895352,-0.03276168,-0.07728098,-0.07222279,-0.07686482,-0.076183744,-0.050695777,-0.08569574,-0.07741905,-0.07893941,0.0008104147,-0.03344883,-0.007415518,-0.07788931,-0.07791273,-0.077452,-0.058346894,-0.07986456
0.02699671,-0.011821548,-0.027108418,-0.059690736,-0.03090507,-0.07030878,-0.064680316,-0.063865066,-0.06107608,-0.05135211,-0.0048528463,-0.072424054,-0.022628484,-0.06662309,-0.029623061,0.008825036,-0.005975389,0.024126705,-0.05694284,0.018239727,-0.06737813
0.026316855,-0.014504741,0.007304712,0.032495365,0.003620882,0.05321145,0.06371052,0.076008126,0.042576976,-0.0069526946,0.061320662,0.06426427,-0.07194824,0.034790933,-0.044460114,0.058306433,0.07086031,0.027123833,-0.03947232,0.060112804,0.05427987
-0.06399932,0.013850539,-0.00884738,-0.004794044,-0.062906854,0.0539265,0.05111354,0.047896855,0.023017958,-0.0055813794,0.031814717,0.05242467,-0.031343944,-0.02618191,-0.03857704,-0.022303525,-0.06746629,-0.016741933,0.00814418,-0.035880808,0.018716576
0.058564294,-0.017458858,-0.024946576,0.008156487,-0.014521754,-0.009018646,0.03919525,-0.016492127,-0.038273178,-0.0346819,-0.008253507,0.01702182,-0.023366112,-0.04787686,-0.055213112,-0.026599523,0.00786754,0.026321722,-0.021493733,0.0029761996,0.003020827
0.022738632,0.0040844423,-0.050732054,-0.0039414843,-0.0011369374,-0.06904927,-0.072132066,0.057684224,0.036029514,-0.018830061,-0.012615554,-0.044284858,-0.016978735,0.008788454,-0.038852457,-0.027939556,-0.07653962,0.024018317,-0.065588675,-0.06312793,-0.027176965
-0.020226678,0.07136664,0.06434981,0.06750612,0.032863855,0.074760914,0.071954675,0.07003761,0.074514024,0.05396342,0.049905404,0.07601431,0.057861187,0.060375802,0.05786861,0.06988133,0.06405224,0.060349863,0.072815895,0.07496455,0.07604974
-0.04278292,-0.00081720896,0.050090034,0.04221867,0.067541204,-0.021158261,-0.002136625,0.03670545,0.031526662,0.04298975,0.04951862,0.048099678,0.06233646,0.016354864,0.06541597,0.05866327,0.078158915,0.0511143,0.06823371,0.073780134,0.014127877
-0.032424998,-0.04696259,-0.025372468,-0.016660249,-0.037561126,-0.041983716,-0.053249612,0.023050392,0.0059275557,-0.044596784,-0.0038072744,0.003316865,-0.046023365,-0.021715324,-0.0005139981,-0.059242047,-0.03123264,-0.03727555,-0.01141612,-0.03693075,-0.022291707
-0.07614572,-0.013553957,0.025001734,0.017117098,0.032534644,-0.03751599,-0.023762524,-0.028889146,-0.020898864,0.022552604,-0.03388471,-0.017099772,-0.03818798,0.05152745,0.06609003,-0.021252783,-0.022168314,-0.039872855,-0.016449705,0.010475686,-0.0199609
0.010016168,0.0059903166,-0.06076123,-0.022131527,-0.03592725,-0.04638392,-0.025410794,-0.056356,-0.062290244,-0.02321498,0.034878448,-0.028469043,0.04935256,-0.010987654,-0.06824761,-0.01765154,-0.052400026,-0.0357855,-0.051341545,-0.014916775,-0.0154532
-0.015566701,0.012911338,0.020102331,0.0286373,0.054677907,0.009482832,0.04738563,-0.0063366196,-0.01623618,0.056041002,0.009668841,0.040392663,0.037241668,-0.011553316,0.046124782,-0.0068842173,0.03534096,0.038774416,-0.0025216679,0.030024389,0.0027693599
0.018688578,0.0071719913,0.00584348,0.019668918,-0.071011595,-0.019997707,0.02873882,0.0038847995,0.033765953,0.05865278,-0.03470853,0.02792628,0.0495754,0.0026976238,-0.0060055256,-0.005315467,-0.029264905,0.0060051046,0.042201787,-0.07555464,-0.038421266
-0.058713388,0.0061353943,-0.0109356865,0.0021128177,0.013597355,-0.060559455,-0.04445268,-0.02894344,-0.043455925,0.027761072,0.01738656,-0.05452037,0.041116502,0.020018093,-0.004080976,0.0520932,0.024014663,-0.031756755,-0.029273825,0.025714675,-0.04257969
0.03703438,0.015107746,0.07907611,0.041753963,0.0021670538,0.07057133,-0.040662926,-0.050383806,0.05725346,0.054828368,0.016691012,0.041502837,-0.031865697,0.034263253,0.01868606,0.0061689187,0.041345127,0.072289556,0.06935497,-0.045827497,-0.022710297
-0.04960587,-0.011004477,0.06881783,0.089344926,0.06784117,0.06431619,0.04146296,0.053366084,-0.031047309,-0.05441097,0.08393319,0.07738053,0.06801172,-0.017230103,-0.022681559,-0.06936853,0.021978343,0.07455339,0.07636283,0.02256402,0.07892724
-0.036072653,-0.08917437,-0.034780167,-0.073207535,-0.05937997,-0.06998427,-0.034119837,-0.07059716,-0.02451494,-0.079904415,-0.00087706675,-0.063464746,0.03774051,-0.06726111,-0.079582386,-0.05508272,-0.05805194,-0.064415514,-0.027084004,-0.07364401,-0.07718953
-0.04016905,-0.044627655,-0.013950761,0.01141158,0.0136288395,-0.039285205,-0.059666865,-0.05708752,-0.044169854,0.047133036,0.074642055,-0.02658165,0.03373538,-0.027705526,0.009824072,-0.051463414,-0.008195286,0.0045187823,0.05408457,0.068300284,-0.0069148336
0.045372065,0.037484135,-0.057540108,-0.017769096,-0.013891107,-0.06330791,0.059852704,-0.06131944,-0.068677604,0.03965364,-0.047778483,0.010106962,0.06275924,-0.033589136,0.04822752,0.06472899,0.083044805,-0.0400403,-0.06296064,0.05506441,-0.0333084
-0.07652095,-0.019719305,-0.0065583615,-0.06932471,-0.053257003,-0.054953173,-0.038881786,-0.02974449,-0.056203928,0.01195247,0.0029008707,-0.05093209,0.007709216,-0.0062129213,-0.026195137,-0.041600823,-0.031032817,-0.054301053,-0.057281803,-0.02348759,-0.047042876
0.013214387,0.049105927,0.018474793,0.07059606,0.059519846,0.075236954,0.072216265,0.074712925,0.07899342,0.049016014,0.06343645,0.07618398,0.021411395,0.034352634,0.03737447,0.07521239,0.07402243,0.077426195,0.07639885,0.07211513,0.07422157
0.032309107,0.026222218,-0.07141595,-0.05810222,-0.010201743,-0.054774992,-0.072010085,-0.06613169,-0.034273732,-0.0051741833,0.050411407,-0.04964457,0.024206268,-0.026670987,0.031533048,-0.055071987,-0.019568285,-0.077371724,-0.03455774,0.0034717177,-0.04173225
0.03711944,0.076833345,0.072840154,0.0537862,0.038982317,0.048088647,0.054728433,0.045335356,0.07096027,0.07325435,0.06449967,0.075310975,0.056769803,0.04879532,0.061833285,0.056348454,0.049557928,0.057387423,0.045817696,0.056092408,0.07839204
0.073660925,0.016014995,0.025144769,0.046167657,0.004277414,0.03017399,0.04419626,0.03207401,0.04412401,0.03602109,0.033156805,0.03765347,0.027396036,0.018523438,-0.015487737,-0.018889742,-0.0013542811,0.042945575,0.05053763,0.06359305,0.059131946
0.042114258,0.051885124,-0.002108661,-0.05778644,-0.021573316,-0.0054776804,-0.0007386618,-0.04906166,0.04950205,0.023669552,-0.0076000826,0.025611963,0.07444824,-0.0337378,-0.00179811,0.02458102,0.074442185,-0.039336655,-0.023248283,0.023420805,-0.021116802
-0.044660896,-0.055262867,0.040108234,0.044549707,-0.043762635,-0.0038354688,-0.016796647,-0.0008428278,-0.07022522,-0.029908761,-0.04685013,0.006397935,-0.027593259,-0.010062691,0.032599296,0.02535433,0.06473988,0.012296477,-0.03438811,0.045916203,0.020150442
0.020649465,0.016073558,-0.026661845,-0.0583112,0.056982007,0.019203875,0.004753603,-0.014186376,0.06468434,0.021247428,0.04844961,0.034551535,0.06556244,0.0125371795,-0.031543598,0.029730266,0.012652444,-0.007830533,0.049617875,0.005329165,-0.022928197
0.02157763,0.030680304,-0.033432674,0.011792571,0.061237123,0.027400896,0.066554055,0.01726356,0.025424562,0.015330999,-0.04130955,-0.0119419675,0.03429316,-0.017143903,-0.03907016,-0.009387168,-0.0041754916,0.02576233,-0.018889463,-0.0243156,0.010413515
0.020235963,-0.032136347,0.0071132835,-0.05750103,-0.016608588,-0.0440237,-0.06547401,-0.03227634,0.016477484,-0.068493165,-0.013693564,0.045310326,0.054206852,-0.010250777,-0.06592376,-0.03945266,-0.06852544,0.008187005,0.034628358,-0.049671363,-0.018907106
-0.06393469,-0.08723654,-0.04617067,-0.01385241,-0.06437941,0.065557525,0.024199741,0.0677376,-0.0028236895,-0.06266561,-0.015775977,0.0309748,-0.080390275,-0.065925635,-0.04192173,-0.06905232,-0.04486577,-0.06575195,0.019035392,-0.05669753,0.06164534
0.060823586,-0.055664025,-0.031138107,-0.059204943,-0.053352617,0.009583109,-0.040403705,-0.028654331,0.011250932,-0.002378112,-0.060248714,-0.020914214,-0.061068133,-0.050641693,-0.0070895646,-0.06464494,-0.05444595,-0.024966689,0.037731484,-0.044798113,-0.013242896
0.027495809,-0.0042053717,-0.02935403,0.03348608,-0.052171465,0.009475869,-0.025187122,0.019175347,-0.011414949,-0.018123006,0.07415356,0.024926003,-0.04856823,0.013776486,-0.04319664,-0.019091368,-0.021011952,-0.020495877,-0.024989927,0.02824431,0.039672606
0.019475117,0.0042815264,0.026183866,0.038841046,0.03504675,-0.053448733,-0.06803063,-0.051589806,-0.024156552,0.04103628,0.080614515,0.0070700077,0.024036154,-0.0017195379,-0.041089557,0.029331557,-0.0264848,0.04778525,0.037117567,0.01280886,-0.038974736
0.0033678415,0.034667645,-0.0033321,-0.0013958282,0.054793388,0.06836045,0.0439218,0.05216863,0.072392955,0.024497995,0.025262082,0.0643065,0.014926653,0.051392727,0.050918844,0.065431185,0.06650675,0.064756624,0.052837696,0.023144165,-0.025235562
0.019199202,0.039931376,0.017189186,0.050930485,0.025882248,0.033823732,0.054079987,0.013111473,0.009621237,-0.004145589,-0.0072135837,0.023622269,0.0071071754,-0.020702496,-0.0005833829,0.016906511,0.002923629,0.014842234,0.027185073,-0.05159202,-0.0058446247
0.021570252,0.035601564,0.014187953,0.06269133,-0.01907069,0.056374397,0.03020767,0.055133563,0.05497615,0.0375149,0.0009063013,-0.007035454,0.036865335,-0.056681238,0.063077964,-0.023670265,-0.04295326,-0.019002594,-0.032477498,0.017170046,-0.04514301
0.011289053,0.0050528822,-0.021953361,-0.020583529,0.0053721727,-0.011657736,0.0032953417,-0.06964977,-0.03689368,0.02872471,-0.0783011,-0.06484963,-0.06603183,-0.012345091,0.0064854543,0.022000229,-0.037769012,-0.0424801,-0.033333264,-0.05224867,-0.07293427
0.00032874025,-0.04882462,0.04457366,-0.051195674,-0.05675094,0.015948644,0.034842163,-0.015178106,-0.06632117,-0.050913148,-0.02012897,-0.071554184,-0.020565178,-0.076384746,-0.085728556,-0.07562553,-0.05475675,-0.04502659,-0.02338785,-0.059565093,0.029274052
-0.03718742,-0.05380005,0.0045160153,0.0668113,0.025347097,0.05349929,0.06734076,0.057865094,-0.008745077,0.049543012,0.046680886,0.0687143,0.0051495675,0.0058887876,-0.023415769,-0.07040145,0.005416904,-0.03913116,0.06521432,0.07495929,0.055911038
0.04268672,-0.050527435,0.04932423,-0.021140581,0.0019186789,-0.025622867,-0.01598668,-0.0026506865,-0.05781674,0.04017555,0.02360368,0.007070166,0.013688262,0.029780913,0.047020465,-0.06119155,-0.02340788,0.015778055,-0.034039196,0.00880327,0.049747568
0.0057223868,0.039242487,0.078588374,0.030093892,0.05526535,0.072137795,0.063493505,0.025379831,0.029330827,-0.013293543,-0.0018052178,0.022281965,0.030122483,0.065717295,-0.0052662333,-0.044741355,-0.00051345315,0.070708506,0.05728043,0.052516054,0.07208058
-0.018954216,0.048067205,-0.032565624,-0.08711761,-0.06182858,0.060055476,-0.063378796,-0.07320592,0.020483416,-0.029960258,-0.07314247,-0.03218265,-0.017563378,0.068049304,-0.00087272935,-0.033001684,-0.002354009,0.021818535,0.06735163,0.039521065,-0.07332406
0.06842207,0.059979774,0.0873257,0.08777899,0.0454278,0.05992257,0.069059834,0.07203192,0.0789442,0.011518094,0.05515054,0.07722785,0.07708581,-0.0006957027,0.04514358,0.054389443,0.07527645,0.053897943,0.07651027,0.07339863,0.071262114
-0.018214837,0.036454998,-0.0029298356,-0.07593973,0.072294556,0.06735849,0.06412727,0.074550174,0.07986055,0.06167302,-4.2947293e-05,-0.028759085,-0.0032932695,0.0071061035,0.034973614,0.052081198,-0.054281093,0.051501837,-0.01971014,0.045553148,-0.05021876
-0.0044661458,-0.0028910069,0.04658041,0.047460165,-0.04298624,0.059952233,0.05282396,-0.019605007,0.042087797,-0.0048257266,0.03452202,0.004848924,0.041110788,-0.050588965,-0.033885352,0.016443986,-0.0033630184,0.06463691,0.01914919,-0.0271524,0.036284328
-0.008263689,-0.030467631,0.04425305,0.06510032,0.02839713,-0.020490749,-0.034104407,-0.0074133673,-0.06189111,0.06709752,0.052084345,-0.0032299843,0.02137453,0.079021156,-0.0019806207,0.052644916,0.053780116,0.03027519,-0.03600027,0.025039265,0.04757109
0.0039351336,-0.05097781,-0.03027777,-0.034600724,-0.0130144,-0.049803838,-0.060667854,-0.020452427,-0.030870985,-0.03050068,-0.043688625,-0.042871892,-0.04659854,-0.04301365,-0.05365448,-0.050139602,-0.054967593,-0.030838307,-0.044849675,-0.049288824,-0.012815024
0.0553749,0.022667691,0.008489136,0.034892663,0.032464538,-0.06841948,-0.021534095,0.05100441,-0.023224965,0.006091672,0.0074457955,0.0048501655,0.07299113,0.058499128,0.08274326,0.025497751,0.024928117,-0.0028493435,-0.021556243,0.028069135,0.040632866
-0.036013976,-0.0766109,0.04025565,0.08330831,-0.014752459,0.038531937,0.068718545,0.056368407,-0.016883802,-0.0604245,0.08154703,0.07383744,-0.012298366,0.040299945,0.03664656,-0.07762295,-0.078669295,-0.013131492,0.019860521,-0.01313536,0.06883949
0.04568093,0.004986878,-0.007256059,0.06130564,0.0019720818,0.00438366,0.04886898,-0.029670866,-0.049700182,0.013141477,-0.022536043,-0.060428202,-0.051154897,-0.06674816,-0.0023345493,0.002988211,-0.004159099,-0.0071801795,-0.035922743,0.045320906,-0.00968583
0.032623567,0.021425102,0.04045049,0.027110523,0.069731176,0.07197392,-0.023934303,0.02117245,0.069046475,0.016446598,0.038062025,0.008505671,-0.007306714,0.053187784,-0.008435761,-0.02793324,-0.002908113,-0.024007639,0.044418294,0.061919384,-0.003253188
0.08336286,0.061468583,0.050731424,0.014298485,0.059195753,0.07575941,0.07180376,0.032218363,0.078931145,0.040296726,-0.0046046386,0.062937886,-0.017639527,0.022578156,0.028679764,0.07127326,0.07436023,0.056897316,0.076353796,0.06283757,0.04641646
0.036041703,-0.035685435,0.0062190867,0.006720995,0.008000394,0.018823817,0.039115984,0.03286106,0.041483194,0.041930497,-0.035537846,-0.032210212,-0.023383835,-0.02341343,-0.03020903,-0.01660192,-0.046217483,-0.014773918,0.0081527345,0.056512076,0.011803159
-0.045861457,0.037610177,-0.04014956,-0.07170521,-0.035469376,0.0012033714,-0.038301565,-0.05314779,-0.030105619,-0.042929616,0.035082985,-0.007817088,0.012984371,-0.03862916,-0.0023293109,-0.03294814,0.019337991,-0.055586316,0.024572281,0.06522184,-0.008573817
-0.004742609,0.038389686,0.016513832,-0.014503139,-0.014368112,-0.021536246,-0.010861884,-0.01279391,-0.038730107,0.0077272495,-0.0040832735,-0.03225079,0.019780094,-0.0737767,-0.055736307,-0.055591807,-0.027725061,0.014876454,-0.027040917,0.0639278,0.009383078
-0.077070676,0.018828284,0.048890762,0.0656423,0.056735344,0.008611028,0.052783363,-0.027483065,-0.008658852,0.06152544,0.061488908,0.055823665,0.036554202,0.010047415,0.04577042,0.04164949,0.04686668,0.06389814,0.05415686,0.04526006,-0.01483189
0.03100991,-0.009034628,-0.0059264163,0.04531604,0.027122952,0.024791023,0.03126555,0.055281255,0.022394152,0.030417215,-0.00886142,-0.020254593,0.012184349,-0.04268227,-0.036028538,-0.0021418908,-0.01328265,0.057933807,-0.03488691,-0.032910485,0.049301878
-0.07366074,-0.061692316,0.066491246,0.04120468,-0.049322754,0.04680939,-0.017249633,0.058561794,0.052168954,-0.018488953,-0.03911859,-0.02478743,-0.020862877,0.0583054,0.06198297,-0.054855794,-0.07612145,0.062040333,0.07728564,-0.058361556,0.020739935
-0.062479623,0.010310831,0.06939898,0.03384758,0.053034015,-0.043754674,0.02206602,0.05411366,0.013006005,0.06827495,0.06889759,0.025102392,0.031073142,0.02896857,0.02465759,0.05371142,0.028485209,0.03864618,0.04534103,0.015191315,0.0635315
-0.020345693,0.046122238,-0.053924818,-0.04923914,0.0048505524,0.049440466,-0.023473697,-0.0006681838,0.036011185,0.035911012,0.007974331,-0.051160853,-0.026346982,-0.0034897735,-0.026110552,-0.050219905,-0.06609224,-0.0608784,-0.059045214,0.007309782,0.013023605
-0.080634706,-0.020072449,0.013158038,-0.007845837,-0.033557672,0.058517057,-0.040895242,0.047078922,-0.021983728,-0.074158825,0.006627175,-0.016398827,-0.0013383348,-0.034486666,0.021324204,-0.077900045,-0.028924327,-0.0034216414,0.045003563,-0.035262138,0.017066274
-0.052500937,0.04794598,0.05957155,0.056787618,0.07124736,-0.015530757,-0.018337013,0.06359756,0.035821993,0.07042416,0.041040976,0.05220991,0.066847034,0.058238108,0.052840497,0.06941047,0.061695714,0.059587438,0.06303631,-0.0026573366,0.059527494
0.067294784,-0.07046858,-0.046170767,-0.03283824,-0.06490011,-0.06891097,-0.055008218,-0.06376697,-0.031704973,-0.048235048,-0.07520729,-0.07180277,-0.06747158,-0.060580645,0.047781702,-0.04589105,-0.019967211,-0.06396457,-0.064342946,0.030211635,-0.059153173
0.033110686,-0.018913502,0.067519836,-0.0557838,0.011937935,0.07049327,0.07132935,-0.042918455,0.0473537,-0.06518437,-0.03689213,0.049150128,0.030835884,-0.0072404477,-0.057005562,-0.06522108,-0.022285761,0.020591186,0.029469797,0.01546457,-0.040767007
0.07084097,0.08236179,-0.015710263,0.055401985,0.06202935,-0.06448691,-0.064602524,-0.008357316,-0.03171449,0.055285826,-0.02161859,-0.008397423,0.045359805,0.036075827,0.008141819,0.07344034,0.060724284,-0.012397015,-0.009414975,-0.028518416,0.071972
0.017463982,0.029829735,0.06731386,0.03211199,0.051437266,-0.031021785,-0.00781922,0.005445313,0.04798118,-0.030679429,0.033383697,0.07203243,0.071976826,0.087957956,0.07256429,-0.0102817165,-0.016585968,0.06897785,0.0019377103,0.015052653,-0.05864177
-0.0077611213,0.020673625,-0.0014812894,0.023758654,-0.046659533,0.04147337,0.034560096,0.027726755,0.014551465,0.013378362,0.028334497,0.0035522496,0.03643558,-0.04382502,0.019771274,-0.04272718,-0.0020809043,-0.015152426,0.018285632,0.01313155,0.0054976963
-0.048925094,-0.04796818,0.03086877,0.0044643297,0.050610606,0.01763101,0.05881477,0.06086936,0.06855775,-0.04520089,-0.060808968,0.021208402,0.078697175,0.041756485,-0.06453766,-0.06910664,-0.055113535,0.019699106,0.04561918,0.048359938,0.007899206
-0.007874652,-0.034538828,0.047494143,0.0400658,-0.0075611584,-0.037261967,0.0018901168,-0.013893039,-0.038755804,0.04945583,0.001215882,0.039930057,0.058947843,0.044415306,-0.023280831,0.021633299,0.06155695,0.041492615,0.068846606,0.068795115,0.03834526
-0.02548484,-0.06357041,-0.08300034,0.009608405,-0.05084332,0.0011559671,-0.04943192,0.068116724,0.046320472,-0.028110078,-0.057355113,-0.028017074,0.019982392,-0.03461188,-0.0011519296,-0.049497098,-0.052772854,-0.07461005,-0.008147141,0.037106212,0.015619483
0.04815414,0.051468436,0.03839835,-0.010015558,-0.047252987,0.027891012,-0.010876494,0.039376464,0.062312,0.07480117,0.04608601,-0.0016972055,-0.007700756,0.015107169,0.02641238,-0.041860033,-0.008631806,0.036962274,0.07087794,0.058282822,0.057412423
-0.060184937,-0.05409347,-0.012819061,0.0082786465,-0.05883553,-0.0075083333,-0.04238156,-0.00089368323,0.017801268,0.04763031,-0.014999196,-0.046684884,-0.028500143,-0.043286998,0.022213895,-0.035832513,-0.0064156773,-0.004090433,0.01783335,0.027230272,-0.0056594005
0.020069445,-0.0069461702,0.050579306,-0.028943414,0.0088548,0.05900849,0.056806777,0.037111524,0.055600725,0.05042849,0.029323332,0.06283979,-0.0091417,-0.04234381,-0.041547477,-0.012210592,0.045464166,0.057705015,0.038223054,-0.009362284,0.016586594
-0.08442597,-0.090773165,-0.08074357,-0.07510784,-0.080331825,-0.055567626,-0.01083938,-0.021194505,-0.06530689,-0.08233447,0.01825877,-0.07735099,-0.08418291,-0.09486489,-0.06842308,-0.08788882,-0.08191844,-0.07690377,-0.077398494,-0.074419126,0.009907348
-0.00493043,0.008987956,0.03094272,0.034779582,0.013870503,-0.058234356,0.015257338,-0.016897481,-0.057521723,0.0035294392,0.023397986,-0.04427155,-0.0016582562,-0.023903446,0.0008617022,-0.01364409,-0.011786916,0.060146168,0.014156718,0.040695865,0.034715887
-0.023086458,-0.04344426,-0.027967775,0.0031626686,0.056529976,-0.046716776,-0.030243713,0.023139155,-0.03181872,-0.019623198,0.023902662,-0.0652423,0.034148447,-0.03931512,-0.03545099,0.00010686082,0.014621641,0.0038373834,-0.07039791,0.01762618,0.035183277
0.01280978,-0.0596806,0.03289913,0.0048003583,0.050050285,0.052161485,0.037655104,0.013463847,0.014443962,0.02895792,0.06577645,0.039636925,-0.015563729,0.008337292,-0.07533357,-0.027840564,0.05850292,-0.022602577,-0.01274173,-0.021599526,0.047276333
-0.06607366,-0.024731249,0.045718085,-0.017711574,-0.016756374,-0.006658113,-0.03570188,-0.028533626,-0.05924437,-0.009959557,0.0041291392,-0.02170886,-0.03564812,-0.011104525,-0.0017796886,-0.017612098,0.0037964091,0.051846273,0.051572632,-0.04385399,0.02619909
-0.0048947856,0.0707135,0.040805448,0.00217728,0.043702934,0.06772095,0.019915435,0.049256556,0.033617973,-0.009518233,0.058693264,0.07218468,0.04365337,0.031534996,-0.00041110412,0.017686835,-0.0009235735,0.054346018,-0.02887446,0.060150314,0.071881
-0.018288467,-0.0062551512,0.03851447,0.024813212,-0.0044828905,0.051001523,-0.06534565,-0.004429995,0.024118628,-0.0047540017,0.04271943,-0.035692293,-0.012605727,0.025841774,-0.036521055,-0.045351863,-0.019636404,0.06095232,0.011497472,-0.060328394,-0.015727088
0.02358511,-0.002980534,0.06906242,0.06360306,-0.049470853,-0.0021244609,0.0656737,0.005581472,0.032645028,-0.06263262,-0.058706127,0.025632793,-0.0033190579,-0.092945345,-0.015773123,-0.07673264,0.021340154,0.07055872,0.06928453,-0.0437118,0.049397387
0.012504626,-0.005813128,0.078662954,0.02942144,0.043360837,0.052540585,-0.064072855,0.06936465,0.031554434,0.024893956,0.01671382,0.0387837,0.03831645,0.020467361,0.04956154,0.016532868,-0.020843087,0.034749296,-0.007062224,0.049602065,-0.035007954
-0.059364513,0.04588159,0.0047860905,-0.037863422,-0.05328125,-0.05414668,-0.027487569,-0.06777325,-0.03610541,-0.0508915,-0.034532987,-0.028564898,-0.005214438,0.016605288,0.028899034,-0.041952863,-0.07106773,-0.04449338,-0.06461342,-0.030694077,-0.03117369
0.0690363,0.04183019,-0.054910727,-0.08202053,0.04270595,-0.019646663,0.027098207,-0.01585446,0.015883246,0.007744997,-0.06701871,-0.07664765,0.013193765,0.013494563,0.0006074444,0.061655592,0.04177263,-0.01303993,-0.036565963,0.0043627713,-0.06771773
-0.06815043,-0.08039045,-0.07966796,-0.0798834,-0.07272543,-0.07541919,-0.07156664,-0.07394981,-0.07798778,-0.07536907,-0.080479704,-0.07635518,-0.078081705,-0.081418075,-0.07806423,-0.078182645,-0.07950744,-0.07536746,-0.07609488,-0.07879875,-0.07650374
0.049689148,0.01829949,0.0012310935,0.065707564,-0.07458738,0.0739344,-0.021140987,-0.06453016,-0.074609324,-0.02337934,0.00852656,-0.05187857,-0.052016508,0.00033306342,-0.024673468,0.03590183,-0.0011831429,-0.042012863,0.054540064,0.0355371,-0.010342198
-0.008380191,-0.019543083,-0.0208312,-0.06706747,-0.06739211,0.026654746,-0.0031577665,0.017413294,0.0676921,-0.07078468,-0.025645915,-0.015487516,-0.07092632,-0.006541681,-0.062340427,0.018970517,0.00464952,-0.016810315,-0.0056462353,0.0063785054,-0.008064408
-0.03647554,-0.011616647,-0.057991825,0.009547004,-0.049035396,-0.046684485,-0.03708757,-0.026725262,-0.04834523,-0.04446701,-0.022579968,-0.06551842,-0.003828908,-0.013326766,-0.02777741,-0.025930226,-0.040747844,-0.04491309,-0.067960195,0.039815404,0.0018457075
0.031950705,0.020418515,-0.015310365,0.0021613725,0.03315628,-0.051256802,-0.03143566,-0.014929376,-0.03851118,0.027385749,-0.009702223,0.0055356626,0.02634506,-0.017259499,-0.010837588,0.015900357,-0.018233923,-0.025042102,-0.0046649105,-0.029854512,0.0059528225
0.023919176,-0.0016860662,0.003823503,-0.067441985,-0.07549474,0.06355325,0.021789283,-0.039617244,0.075884074,-0.07090627,0.046682496,0.034085497,-0.063612364,-0.07827757,0.0046068267,-0.05650071,-0.0153744705,-0.055101115,-0.05878507,-0.028982608,-0.07348164
0.0558957,0.08428497,0.068474725,0.065938294,0.072228454,0.0724618,0.04238293,0.06442683,0.070470676,0.07393561,0.08034769,0.07545018,0.08095389,0.071066,0.0590474,0.08075822,0.07981878,0.061177805,0.06533113,0.07355526,0.047609318
0.0090490095,-0.016744018,-0.06264608,0.0029140075,0.036470395,0.031179352,-0.02462765,0.034692794,0.019776653,-0.027402803,0.05143488,0.0356409,0.0057203174,0.06417345,-0.0125585245,0.03498663,0.05233003,0.03413095,-0.0026057055,0.0068590846,0.04524873
-0.0030016822,-0.033021588,-0.017781617,-0.051422324,-0.027290145,-0.008083971,-0.008202898,-0.016981516,-0.02600984,-0.043748237,-0.05419567,0.0029191698,-0.06830076,-0.05246197,-0.046971615,0.002930694,-0.03087694,-0.027846133,-0.02668369,0.00922426,0.029872064
-0.023634274,0.012308055,-0.051797938,-0.032774653,-0.012715279,-0.049402833,0.018221002,-0.016196093,-0.024600768,-0.042870056,-0.02782632,-0.017291922,0.05197686,0.024245454,0.0048990906,-0.011567921,-0.033038482,-0.01120257,-0.042698007,0.017921558,-0.06498347
0.008414821,0.030163063,0.058208637,0.048916504,0.04458425,0.03192902,0.022662122,0.048153646,0.05118025,0.03037851,0.071115084,0.06958588,0.0698906,0.053907886,0.05694345,0.0457348,0.0687022,0.0572068,0.057320625,0.02679276,0.06135059
-0.064867675,-0.011799709,0.02107704,0.07392415,0.027582143,0.027343517,0.052649565,0.027446494,-0.014787822,0.016711228,-0.020275453,0.04108111,0.0215045,-0.017206803,0.012562663,-0.020838756,0.015536724,0.016512886,-0.0025855068,0.06198728,0.0282151
-0.02306364,0.075006545,0.07159557,0.051434707,0.06949856,0.040941127,0.058550283,0.032502722,0.05873307,0.008951131,0.07201754,0.033614006,0.07762246,0.054462668,0.064199544,0.071477085,0.01939056,0.028104486,0.004457028,0.009368284,0.032500204
-0.061714813,-0.02684263,-0.07108794,-0.0073717358,0.06687118,0.057746444,0.02816182,0.067666076,0.036661547,-0.050279442,-0.0019356945,0.05395399,-0.05427314,-0.012268292,0.010681862,-0.06021694,-0.045720324,-0.064695455,-0.055939656,0.067819715,-0.03346758
0.08064102,0.036221277,-0.063880704,0.0048379228,-0.06929458,0.023790075,0.051259704,0.019712424,0.042484596,-0.014963938,0.07651606,0.070767164,0.016061619,-0.05519865,-0.007445133,0.07323242,0.060570516,-0.03115627,0.0641779,-0.05308012,0.013758438
-0.04226083,-0.053282287,-0.03246454,-0.012172034,-0.071500786,-0.03734267,-0.06372875,-0.056752153,-0.06095117,-0.031504318,-0.068834476,-0.031668562,0.01979551,-0.051576857,-0.071663804,-0.06928085,-0.081271194,-0.04483286,-0.046871785,0.0140063865,-0.01605147
0.015139491,-0.050904427,-0.06870192,-0.03793115,-0.05680363,-0.06485784,0.047132183,-0.03572533,0.012946195,-0.0043889866,-0.025050476,0.002549972,-0.04828451,-0.063367255,-0.02918358,0.008049749,0.040067554,-0.06523634,-0.019972365,-0.043816537,-0.06363883
0.060200136,0.0021143442,-0.009257101,-0.024280565,-0.035691615,0.04783448,-0.030169103,0.039367605,0.051419567,-0.062421255,-0.0181071,0.028449345,-0.02244088,-0.03415937,0.007761418,-0.03973645,-0.0038517246,-0.020373007,-0.021653397,0.03658019,-0.04995844
-0.024427665,-0.081013255,0.030376533,-0.03184387,-0.057344344,-0.023499181,-0.066663034,-0.04795976,-0.05647381,-0.03510195,-0.0048666843,-0.07185457,-0.07401918,-0.06256346,-0.07897138,-0.08149623,-0.039241,0.02957153,0.033453155,-0.022742128,-0.011262933
-0.071320325,-0.05960409,0.029506229,-0.0006659097,-0.024410827,0.0022594088,0.0041842773,-0.047911417,-0.037066784,0.0114962505,-0.05439548,-0.015678087,-0.02904596,-0.04036632,0.021994501,-0.045712356,-0.035788164,0.0066821775,-0.030647261,-0.011716534,0.028321603
-0.001626221,0.022469465,-0.040423393,0.031067524,0.065865934,0.028592918,-0.034289677,0.047115035,0.057803057,0.04331328,-0.0040554223,-0.008860423,0.038939636,0.060733184,0.05840286,0.0598315,0.055921488,0.009075648,-0.0014114503,0.028497463,0.017741675
-0.036391743,-0.07975875,-0.043516647,-0.023589531,-0.052276123,-0.054288786,-0.002439039,-0.055992976,-0.032794073,-0.0027973508,-0.019765444,-0.016279988,-0.023010219,-0.07806119,-0.065176114,-0.070711255,-0.061770532,-0.058070634,0.00032726806,-0.022928456,-0.06714391
0.026226047,-0.041189056,0.022373626,-0.00937024,0.06300726,-0.062269803,0.022218658,0.05129367,0.04152549,0.04451647,-0.015766356,0.028998043,-0.01761104,-0.02036196,-0.07876094,0.02205117,-0.017093642,-0.022868223,-0.07211314,-0.0059901685,0.0029889229
-0.05105578,-0.07924191,-0.045901507,-0.033177804,-0.03179772,-0.045923796,-0.06911661,-0.002811265,-0.051693454,-0.015347402,-0.013150675,-0.032838754,-0.07967624,-0.05013585,0.023304759,-0.07879386,-0.032654464,0.025777364,-0.03585651,-0.047448512,0.025632229
-0.052240886,-0.041282043,0.004425286,0.04088519,0.027292922,-0.067021765,0.05759344,0.074806005,0.04639873,-0.017577473,-0.039175864,0.02401982,-0.026671574,0.010675015,0.055019952,-0.046243045,-0.025885157,0.046796575,-0.060865063,-0.0041503627,0.070375964
-0.016651332,0.007414557,-0.08255584,-0.009019499,-0.026497392,0.03990434,-0.04103801,-0.002621562,-0.0035512433,3.794746e-05,0.012907767,0.041956127,-0.04834577,0.043063503,0.070852034,-0.021684138,-0.021707706,-0.07302554,-0.005307995,-0.0059095393,-0.05029744
0.034575593,0.059486683,0.038002755,0.05623174,0.022933368,0.028974278,-0.040697858,0.011818014,0.032332018,0.07809085,0.0077618184,-0.009523528,0.01568368,0.03890257,0.025123032,0.045316026,0.032652322,0.052608747,-0.007917776,0.010880368,0.05617541
0.044873077,-0.047365066,-0.0072288928,-0.015977237,0.02851196,0.02722842,0.069499366,0.045535214,0.045050755,0.0160801,0.0060868585,0.046234995,-0.04541543,-0.015296597,-0.07687453,-0.020167453,0.054262284,0.022075156,0.058811747,-0.0126718115,0.021188147
-0.05303295,0.020671776,0.00024380966,0.058466695,0.020175014,0.01856634,0.0056322855,-0.0045366054,-0.042313427,0.0045763943,0.04364919,0.02203335,-0.008004534,-0.009965541,-0.042251427,0.0073240376,0.004233706,-0.060522847,0.0017383988,-0.051457725,0.023723666
0.025799775,0.010908389,-0.029363561,-0.03896038,-0.036889106,-0.019621711,0.03486175,-0.0071423864,-0.0140677085,-0.06703832,-0.02251943,-0.06778872,-0.0146639105,-0.057367045,0.017626666,0.0157923,0.0027497814,-0.031099057,-0.055957764,-0.05273364,-0.05729149
-0.06319409,-0.039637797,0.00850582,-0.019872498,-0.050587643,-0.039371807,0.03477962,-0.02839594,0.023031594,-0.059036788,0.011685377,-0.04282194,-0.075025916,-0.038108516,-0.04016062,-0.08369195,-0.082054466,-0.06646898,-0.056894276,-0.0715036,-0.010500779
-0.02200911,-0.020346085,0.0063011963,0.077980794,0.005026584,0.048604045,-0.012359165,0.063494205,0.0712942,0.06748204,-0.004969797,0.057656974,-0.02557811,0.010800619,0.03791367,-0.027358197,-0.033974387,0.032370526,-0.01193317,0.07616519,0.077950984
-0.001245799,-0.014238809,-0.0057801036,0.014968592,-0.03898521,0.033102725,0.03049839,0.03784135,0.017157229,-0.046194736,-0.027755173,-0.020455632,0.025783354,-0.0676424,0.037591025,-0.031278636,-0.055841994,-0.04930621,-0.0055245054,0.003251231,-0.04741952
0.017464384,0.0332054,0.0032792771,0.012243709,0.06457917,-0.04302172,0.010096318,0.050478965,0.04872836,-0.06686076,0.048817083,0.008983299,0.012851611,0.09233559,0.06948714,0.048199635,-0.025822433,-0.021665089,-0.0068456465,0.07848388,-0.04635248
-0.05602962,-0.077281766,-0.008935515,-0.02941048,-0.011350187,-0.019479822,0.006683744,-0.019469947,-0.061885152,-0.05548372,-0.047726214,-0.063172735,-0.011606604,-0.05147948,-0.047305305,-0.058913134,-0.044118885,-0.032079834,-0.017949626,-0.0034377207,-0.050219737
0.04765293,0.07550835,0.044257343,0.027652256,-0.054890413,0.04118161,-0.049135286,0.018492669,0.035747178,0.00105461,0.06122799,0.03779762,-0.03207537,-0.0072969473,0.07240494,0.073229484,0.050175168,0.07425077,0.057298757,0.029475639,-0.016155092
0.043816827,0.01035908,-0.051458675,0.04991155,0.012264476,0.057914034,0.0461968,-0.059259474,-0.05380101,-0.023881126,0.03030812,0.037470054,0.043226648,-0.06476958,0.0022997707,0.017599694,-0.034328714,-0.008810795,-0.018265301,0.007266371,-0.02088814
0.059604336,-0.07268201,0.025440896,0.029724067,-0.07923097,-0.005158671,0.04915413,-0.07238843,-0.07662846,-0.04944492,0.06472394,-0.03491803,-0.05825264,-0.014564753,-0.02772053,-0.019498087,-0.052482955,0.03263357,0.06400597,-0.049363855,0.021986058
-0.05103995,-0.03253294,0.000386141,-0.010338255,-0.064807065,-0.07662523,-0.07215491,-0.03368886,-0.0038110907,-0.043086823,-0.05937039,-0.051017776,-0.067752585,-0.07684976,0.076155946,0.0019572536,-0.06182464,-0.026891151,0.035700824,-0.052873492,-0.070079125
-0.0056391116,0.04476649,0.03444365,0.05360916,0.037493963,0.047694188,0.0059419414,0.047122214,-0.01370182,0.03024285,0.054183833,0.041908536,-0.031500734,-0.026581405,0.0251239,-0.052279145,0.01636828,0.056609124,-0.03228282,0.049249727,0.052195646
0.017949643,-0.016118884,-0.01875264,-0.044474203,-0.056560483,-0.0010188837,-0.030205024,-0.07188055,0.030669203,-0.07269954,-0.065527126,-0.06455896,-0.038396794,-0.036423016,-0.06263088,-0.05436747,-0.067495875,-0.032172807,-0.05871799,-0.07490479,-0.050774034
-0.03201432,-0.027201483,-0.0674678,-0.0019543702,-0.028177535,-0.010483852,-0.048222374,0.02172343,-0.057774305,0.040793903,-0.07939674,-0.071546525,0.06494797,-0.021313155,-0.044015847,0.03063509,0.018623233,-0.062410634,-0.05619383,-0.037284866,0.041246448
0.0012870535,0.0066375006,-0.053937264,-0.05518356,-0.009293028,-0.016253458,-0.032870032,-0.055412788,-0.0702008,0.015544606,-0.025834743,-0.056363557,-0.032198243,-0.07720203,-0.05751964,0.040657092,-0.017904526,-0.042815086,-0.073627405,0.03398325,-0.02572965
0.0034187813,0.017883113,-0.0507306,-0.028243855,0.0068426123,-0.033168092,-0.017496437,-0.031134287,0.021656508,-0.06050577,-0.028401969,-0.019560197,0.06369843,-0.02929262,-0.046605002,0.014872167,-0.005787052,-0.0356331,-0.038297888,0.0152167445,-0.03451928
-0.06256951,-0.054611195,-0.0623564,-0.05806541,0.004271733,-0.062984794,-0.06569757,-0.06571912,-0.07157922,-0.07369432,-0.052567974,-0.033427235,0.016441755,-0.061185256,-0.057743967,-0.03321459,-0.05550109,-0.05654364,-0.06961772,-0.04137705,-0.07570423
0.06526537,0.0010237008,0.055105224,0.04520861,-0.07350531,0.048268136,0.06657993,0.038151927,-0.01061054,0.015296087,0.03522424,0.036749963,0.024936464,-0.0705443,0.049774963,0.04434705,0.055834327,0.07567744,0.07632507,0.050053783,0.07172747
0.045224287,0.0021086289,-0.045178022,-0.079313695,0.03622484,-0.07100395,0.05873912,-0.06809956,0.009370688,-0.015207902,-0.06534186,0.03944245,0.04448447,0.010694739,0.020590192,0.007455938,0.010661363,-0.07170293,-0.06949741,0.006474961,-0.076236784
0.045507234,0.059540246,-0.0680714,-0.0052622054,0.06371858,-0.057794105,-0.042450193,-0.06967564,-0.059271373,-0.039396998,0.0059867203,-0.028116278,-0.06874423,0.056365497,0.05046812,0.03764141,0.0020103387,0.03376898,0.037145138,0.07412483,-0.029282633
-0.06238138,0.0008738113,-0.01912531,0.026767632,-0.0154709825,0.02056542,0.03185787,0.051491734,0.030274991,-0.019688258,-0.009098113,0.030922566,0.007811581,-0.0044840295,-0.0006513699,0.0013739999,-0.021927373,-0.0124441,0.017769836,0.022955796,0.040241994
-0.009955142,-0.048234902,-0.04281961,-0.03423265,-0.069407806,-0.029088078,-0.027786711,0.00427512,0.020561168,-0.0018177272,-0.055977233,-0.03199772,0.009167701,0.024483806,0.06752429,-0.023406355,-0.04105767,-0.057392206,-0.055733822,-0.037639014,-0.05864024
-0.05101023,-0.030808553,-0.010896236,-0.065849945,-0.07204218,-0.027901093,-0.06528009,-0.05632354,-0.06731181,-0.042823024,-0.008443529,-0.057309058,-0.05045498,-0.080776475,-0.043304075,-0.035180416,-0.04978043,-0.059523378,-0.04107086,-0.017518181,-0.06667871
-0.0017902135,-0.019461738,0.028281188,-0.02456206,0.010785728,-0.033024557,0.026589176,0.04314853,0.049057342,0.06395841,0.0031837546,-0.0458847,0.0076596453,0.045043122,-0.008493289,0.0723376,0.07314571,0.047349013,0.042644713,0.00081668445,0.045908388
-0.04047242,0.0026954175,-0.0054973844,-0.018926973,-0.013921069,-0.042366914,-0.032155003,-0.00704173,-0.047222104,-0.017005559,-0.03774281,-0.055416357,-0.03891589,-0.037659157,0.01811359,0.002271434,-0.06539894,-0.04964721,-0.048816353,-0.025725188,-0.039182913
0.06979324,0.023848454,0.012488959,0.015645206,-0.059403513,0.002058739,-0.012384642,0.035927784,-0.042483725,-0.007519844,-0.026937062,-0.009693386,0.0050794017,-0.027111115,-0.032993242,-0.0029691523,0.03397879,-0.03225678,-0.022871835,-0.076490924,-0.019248242
0.043831673,-0.08485064,-0.0002095604,-0.04320285,-0.032903463,-0.019285548,0.035972025,0.019575125,-0.023888176,-0.023482043,0.0129931,0.007426069,-0.0643179,-0.04021532,-0.016578967,-0.058660515,-0.02535125,-0.011994169,0.01884315,-0.039144218,0.0058771474
0.027888592,-0.06275554,-0.03785226,-0.07989521,-0.033093017,0.020994356,0.04884774,0.035240367,-0.060388174,-0.07095533,-0.029165346,-0.0171243,-0.011292971,0.0004974092,-0.089611925,-0.030129496,0.0033236959,0.009775553,-0.051557314,0.06914776,0.06913509
0.016827649,-0.0254516,-0.00096904,-0.007425131,-0.056140203,0.017609729,-0.047814786,-0.039152585,-0.0504192,-0.050915875,0.021516787,-0.017103784,0.008076357,-0.029115843,-0.009437305,0.030970031,0.024004672,0.015822051,0.023645977,-0.042158946,-0.04721423
-0.06119858,-0.06603137,-0.0027509173,0.006360399,-0.0005090016,0.057244796,0.03915985,-0.041013706,0.054731254,-0.022793572,-0.08267364,-0.053602226,-0.0264957,-0.0078152735,0.010766857,0.011128794,-0.06322944,-0.05059466,0.027445816,-0.03280289,0.010979779
-0.05785373,-0.03370843,-0.044654958,-0.033719316,-0.04430461,-0.06417181,-0.028489875,-0.010453107,-0.047662284,0.06358564,-0.004335081,0.034021355,-0.04878903,0.038336873,-0.029851245,-0.07266481,-0.023827452,-0.03416668,-0.056218382,0.05234538,0.017116902
-0.02911522,-0.01643674,-0.0028300376,0.04627259,0.004035664,-0.007588039,0.05988672,-0.05463184,0.006758753,-0.06531924,-0.024712726,-0.0025331685,-0.065873325,0.03811109,0.03111433,-0.057809707,-0.05160115,-0.0063793315,-0.0048395563,-0.04342136,-0.0152639095
0.07345152,-0.026729217,0.063047364,-0.017353952,-0.027200446,0.016879046,0.0003851801,-0.03476744,-0.001157147,0.05041698,0.0012627661,0.04707474,0.020576334,0.011552963,-0.06088181,0.004587136,0.051261414,0.025350798,0.0069833687,0.020483566,-0.050631557
0.008283002,0.029639704,0.05738587,0.04041125,0.051646605,-1.0898892e-05,0.05428994,0.030155728,0.069327295,0.009646403,0.047186337,0.05609872,-0.01650575,0.019280083,0.02114081,0.039297562,0.0631824,0.045087833,0.040232725,0.05946994,-0.004871903
0.081952564,0.025698446,0.033955924,-0.018665887,0.035724204,-0.04718663,0.037525788,0.0002958233,-0.016405962,0.05112726,-0.060635515,-0.00478633,-0.008958078,0.062376667,0.02086604,0.07251246,0.05873849,0.06475962,0.05555933,-0.07796601,-0.025063554
0.02487402,-0.011395961,-0.025482574,-0.006687814,-0.04991752,0.00538285,-0.022163764,0.019919952,-0.02725358,-0.067654945,0.049637858,0.04756833,0.039486527,-0.05858314,-0.03699148,-0.047039025,-0.06376162,-0.014214248,-0.0070134285,0.043587223,0.015527863
-0.035026796,-0.019929498,-0.016567403,-0.034755636,-0.0051468224,-0.008716417,0.008634429,0.07528013,0.05339899,-0.0017655254,0.014481175,0.03402587,0.03332201,-0.06090187,0.04232305,0.029142685,0.02114189,0.0012537334,0.061246473,0.025343236,0.07182237
-0.011223935,-0.078800924,0.04889779,0.012092186,-0.050615728,-0.02330623,-0.011191293,0.037790306,0.048113555,0.034812804,0.0763178,0.02885993,-0.006772135,-0.038608536,0.0088682175,-0.03877061,0.0268018,0.0028245437,0.04830769,0.033172306,0.055465598
-0.019741056,-0.046753798,-0.008849244,-0.009413328,-0.0340617,0.024429064,0.0065598846,0.0051526134,0.04498754,-0.011758696,-0.066819794,-0.07313494,-0.06381124,-0.038701,-0.037639543,-0.051922604,-0.07671715,-0.017345274,-0.040643815,-0.058575917,0.01972702
0.027572446,0.026659898,-0.006126984,0.042316653,0.06975561,0.047578216,0.069560185,0.039538644,0.015080333,-0.026621068,-0.008176836,0.020769153,-0.008682726,0.06154786,0.04724458,0.019330515,0.05236615,0.065415315,0.037835326,0.017728778,0.05882563
0.0037630044,0.03565903,0.0060864524,-0.006091514,0.06536209,0.035777684,0.023887692,-0.010359504,0.024458246,-0.05557175,0.027899045,0.05530214,0.048050135,0.020647207,0.061989643,0.045815576,0.037904084,0.051064175,0.052221328,-0.033813927,0.06133949
0.029372869,0.02438002,0.017774291,-0.01176274,0.067517065,0.02575796,0.047133204,0.053037357,0.050861225,0.043761794,0.0107135875,0.06095775,0.07198241,0.045621376,-0.014586235,0.06535619,0.060207646,0.05318129,0.027136521,0.05024319,0.014933643
0.03054836,0.07314459,0.068510175,0.06834291,0.060438126,0.05124115,0.06328604,0.021562504,0.06435041,0.048444577,0.0043531395,0.018817147,-0.0069225365,0.051104225,0.022016449,0.039580423,0.015958495,0.06977056,-0.0018847109,0.02586645,0.037537448
0.03133211,0.029295595,0.08020132,0.07092136,0.051132508,0.05305991,0.059923887,0.05714532,0.06855961,0.058309287,0.04149303,0.06311241,0.073891155,0.06687722,0.061438423,0.051287863,0.06202687,0.069398105,0.06585991,0.052325964,0.01765841
0.0054244413,0.038257193,0.07164424,0.02011397,-0.014933697,0.051466696,0.021335075,0.074023224,0.06947023,0.00027028483,0.053962592,-0.05081382,-0.06371206,0.03650041,0.03340165,-0.030156389,0.012334793,0.06838968,0.015699837,-0.020407254,-0.043536335
0.05315822,0.06577147,-0.063905455,0.007366157,0.06386789,-0.049094513,0.010276077,-0.046713658,0.031395417,-0.020281296,0.055759657,0.023230646,0.055796154,0.0135222785,0.027939478,0.053749252,5.6115765e-05,-0.0059604305,0.035262596,0.006350289,-0.0031945566
0.057374295,-0.003074731,-0.035348706,-0.08585138,-0.031840112,0.04110838,-0.04036908,-0.07706997,-0.06390054,0.0156804,-0.08254387,-0.07672153,0.07131393,-0.015699092,-0.04943344,-0.007854623,-0.018833114,0.003822473,-0.013416466,0.03630752,-0.079558104
-0.027079446,0.019523233,0.06841652,0.01621901,0.008657921,-0.04299931,-0.062265687,-0.015399098,0.010988927,0.078335784,0.070170924,0.02462675,0.061104685,0.03755078,0.026815442,0.03375788,-0.017533798,0.055577297,0.028774701,0.017919289,0.008754327
0.02650884,-0.057399157,-0.025954364,-0.055563554,0.0021537861,0.044689123,0.05679052,0.06115165,0.020256456,0.004005031,0.0042259675,-0.03161847,-0.020676719,-0.05006287,-0.019785913,0.017605685,0.023529481,-0.03712657,-0.016194133,-0.02105761,0.042703927
0.021243611,-0.008449804,0.01121091,0.010458333,-0.033720315,0.014389401,-0.0031351664,0.050994366,0.027725952,0.06161785,0.018462537,0.021803739,0.032365102,-0.005738691,-0.048084434,-0.037805174,-0.029433258,-0.02666089,-0.024616778,0.02309421,-0.035917927
0.04944747,-0.026242495,-0.031000655,-0.052907962,-0.01353432,-0.021702623,0.01608948,-0.013796477,0.043467764,-0.019562129,0.042505722,0.006271872,0.006852347,-0.038754687,-0.021004552,0.02329139,0.027169397,0.003042159,0.062801145,-0.04585013,-0.042887703
-0.072416455,-0.05274592,-0.056715004,-0.04600973,-0.023991454,-0.07240112,-0.05675344,-0.055515863,-0.058171112,-0.07526927,-0.044880692,-0.048550345,-0.04841876,-0.0667282,-0.03829017,-0.059088763,-0.066887505,-0.07210551,-0.051460475,-0.0041093184,-0.030681064
0.0801593,0.0036506397,-0.030168314,0.021110153,-0.04731858,-0.047105633,-0.019286783,-0.040567722,-0.03078279,-0.016165603,-0.003190514,-0.022195108,-0.06675878,-0.031887837,-0.046630815,-0.0072894567,-0.0538245,-0.033503253,-0.026891526,-0.061713718,0.023719195
-0.022638647,-0.06247528,-0.010845688,-0.058263015,-0.042216603,-0.07323402,-0.05772806,0.00568934,0.0025567282,0.0024960118,-0.03317253,-0.055172946,-0.023715787,-0.054463018,-0.052112266,0.029798444,0.033534646,0.0621542,0.019075887,0.013778384,0.0053385734
0.045202587,0.025163652,0.022384208,-0.017261658,-0.055706497,-0.005860153,-0.03600813,-0.06577412,-0.028155789,-0.018700268,-0.043276653,0.04995233,-0.071969345,-0.0282424,0.008044278,0.03827613,0.04558361,-0.0055573303,0.005835256,-0.009589843,-0.061489876
0.06611566,0.08824825,0.041895017,0.03117205,0.041472428,0.006979484,0.043808647,0.050283812,0.06102718,0.042095628,0.020486131,0.011897167,0.06823384,0.08149644,0.07554098,0.07783396,-0.010062171,0.023883408,-0.027758686,0.057519227,0.06151217
0.07719153,0.061810505,0.017940309,0.08877264,0.047598183,0.055524945,0.034561608,0.07378538,-0.05287283,0.03645491,0.08599592,0.07679473,0.024919147,0.054424696,-0.02491163,0.08047075,0.06129815,-0.040829223,0.018647982,0.08028571,0.078273654
0.06741811,0.018926188,0.04063429,-0.01011188,0.034004297,-0.016310306,-0.019910092,-0.005057226,-0.025085349,-0.010866799,-0.0054495414,-0.019822506,0.068173386,0.0103112515,-0.04721206,0.007248027,-0.010728472,0.0094186,-0.030055858,-0.063528515,-0.014443796
-0.0385584,0.0555603,0.031642,-0.027660834,0.048930995,0.06254268,0.043076657,0.04415034,0.03531078,0.01150174,0.047723707,0.042883083,0.012262059,0.016943498,0.013960543,0.0424214,0.03268044,0.03904874,0.06542377,-0.03431104,0.016913516
-0.03728407,0.016097305,0.041741405,0.039348442,0.031056697,0.028570475,0.05228797,0.0013533335,0.02026695,0.014190531,0.032020524,0.039292146,-0.0025498138,-0.06323616,-0.009513871,0.013578307,0.019619027,0.025055131,0.06283488,0.04720098,0.033301
0.03950593,0.015025625,-0.044515368,-0.0041360226,0.025049161,-0.016484933,-0.03929906,-0.048410166,-0.0148981735,0.049897697,-0.048598994,0.0037977137,-0.009964337,-0.051185362,0.07652715,-0.02464409,-0.005196243,-0.07047724,-0.034207296,0.058616243,-0.012544508
-0.019029807,0.03204805,-0.013568203,-0.00019879806,-0.012335068,0.07104238,-0.019451324,0.07390266,0.07980783,0.012000902,-0.059210118,0.03134581,-0.045174148,0.08273163,0.08826085,0.03750429,0.0086055,-0.03034307,-0.003149159,-0.073669784,0.048943765
-0.00011904897,0.008777024,0.017011723,0.004326713,0.054014057,0.054595254,0.06641158,0.006183746,-0.048367873,0.017067278,0.018192079,0.04579285,0.0013563113,-0.03669493,-0.06695587,0.04784252,0.027692473,0.04180532,-0.041674167,0.008720321,0.026384003
0.046944253,-0.047189165,0.04469498,0.048344117,-0.026418848,-0.048404414,-0.06253612,0.050417993,0.06280219,-0.03702546,0.0022387144,-0.019545484,0.04438534,-0.041161332,-0.034674514,-0.052887253,0.015031859,-0.023126367,0.06962044,0.030534646,0.04568693
0.021420809,0.043861825,0.0020677852,-0.007591407,-0.011237123,-0.035694186,0.043881863,-0.017624374,0.028521903,-0.06827849,0.038797464,0.042801496,-0.0037554165,0.07102408,0.025967592,0.048632868,0.015732491,0.031269204,-0.020210588,-0.026060078,0.022223866
-0.020252945,-0.016879596,-0.024448358,-0.026105456,-0.023268195,0.017041543,-0.044813886,0.017035125,0.019619517,-0.004533007,0.02427073,0.011719032,-0.07629437,-0.021811659,-0.06378416,-0.03427148,0.01968849,-0.03875969,0.026378354,-0.04288634,0.074122325
0.053424917,-0.011185787,-0.05517572,-0.05568997,0.012432973,0.023368128,0.055360146,0.06296486,-0.013000931,-0.041593295,0.070530005,0.03953983,0.04427352,-0.06304246,-0.028343651,0.010372319,0.063397676,-0.057356313,-0.063888796,-0.05648777,0.030419894
-0.04979869,-0.038847297,0.054814707,-0.0257778,-0.051536832,0.07121392,-0.06464618,0.06755563,0.054182157,-0.018710297,-0.032900076,0.00917364,-0.04338527,-0.0031864673,-0.031420227,-0.0064273654,0.026928538,-0.008986423,0.006745287,-0.057788517,0.01690909
0.0036226679,-0.031341907,0.007147023,-0.060611624,-0.053674,0.017409332,-0.035906147,0.0004705039,0.010828204,-0.036370113,0.055687897,0.052130185,-0.038669296,-0.034014907,-0.03565706,-0.007551421,-0.03863995,-0.011697584,0.048766516,-0.074408576,0.026121195
0.04455871,0.054221734,-0.016177952,0.041163627,-0.007149471,0.05578624,0.032138612,0.02231119,0.026013149,0.049315553,0.06006758,0.007998894,-0.07272874,-0.02248451,-0.034251414,0.0035085387,-0.040984724,0.02708752,-0.040511623,0.016284753,0.048427965
-0.033140544,-0.028652696,0.057019267,0.055089038,-0.008676931,0.028770376,0.05265511,0.05415744,0.058386672,0.0478201,0.05423569,-0.034136157,0.0006239704,0.059686463,0.03331647,-0.030272821,-0.022230288,0.061481386,0.04795835,0.013283193,0.053288195
-0.05239584,-0.02912074,0.00050030963,0.039279353,-0.03393969,0.025793504,-0.0057722935,0.0031649864,-0.020078195,0.040110037,0.04407911,0.0017556036,0.0061996193,-0.015962133,0.068135425,-0.022680996,0.02709886,-0.0110076275,0.039148685,-0.025699355,0.016781691
0.06809795,0.02556723,0.01787146,-0.0175417,0.066301875,-0.020800607,0.008863637,0.058084253,0.03380559,0.072439305,0.044879045,0.06288926,-0.014164339,0.021601181,0.00982111,0.04701829,0.05113627,0.052791618,0.030590197,0.006736281,0.011113898
-0.057673413,-0.08006856,0.03571054,-0.0056647025,-0.059256285,-0.015007241,0.036936264,-0.011360548,-0.031881675,-0.039047018,-0.002844718,-0.06301458,-0.03776253,-0.019275716,0.0030956117,-0.006649878,-0.03793207,-0.04309694,-0.048756704,-0.034325793,-0.013362505
-0.043765258,-0.0034198212,0.024452869,-0.03651451,-0.0253731,-0.058067523,-0.036739178,-0.019043215,-0.05706642,-0.05000659,-0.061760623,-0.033933662,0.01625288,-0.034201965,0.0020946336,0.0010647088,-0.040655654,-0.0069063604,-0.038548652,-0.019619817,-0.06340807
0.026150083,-0.014937244,0.04733643,0.05257043,-0.05819059,0.04775083,0.043162394,0.030762793,0.0338979,0.05921812,0.030495565,-0.03225874,0.036098674,-0.0363321,-0.0071430253,0.04230702,-0.012454631,-0.011431347,0.047549065,0.04481696,0.061738476
0.03581051,0.007863497,-0.05928337,-0.057384837,-0.021160448,0.0077197864,0.026663698,0.045625895,-0.0013095171,-0.007901147,-0.022159195,-0.043551452,0.041832633,0.013590323,0.0032816033,-0.0031088325,0.010786998,-0.017374633,-0.02241614,-0.019662876,0.021222683
0.06584646,0.0047519854,0.052203204,0.043870125,0.0026604205,0.0094680935,0.023128733,0.056625765,0.060061768,0.06396426,0.039600994,0.0652706,-0.020765392,-0.008935111,0.018695671,0.019069236,0.008969487,0.027888972,0.061814114,0.011139305,-0.012207515
-0.0055302763,-0.04103593,0.025509106,0.023184882,0.0044462304,-0.046355173,0.044886902,0.036686733,0.036283843,0.062293522,-0.05405236,-0.03351605,0.044916492,0.052652556,0.030251337,0.054851025,0.029646577,0.02682017,-0.020095339,-0.04699643,0.02036134
0.0041406215,0.0067933802,-0.047367666,-0.05269879,-0.017628452,0.004768383,-0.066053346,-0.04243349,-0.05918685,-0.064097054,0.018151762,-0.05672503,-0.031200238,0.041623104,-0.06819773,0.013900509,-0.013250521,-0.060472712,-0.022162972,-0.06718448,-0.077795126
0.0747208,0.08733247,0.024379095,0.020605298,0.042511422,0.06591183,-0.0139324805,-0.029487496,0.07332865,0.057309747,0.0088068275,0.04708622,0.054323643,0.0012440631,0.00015326995,0.055635598,0.05957717,0.064919405,-0.009932888,0.06936421,0.017171156
0.034784354,-0.026291808,-0.06481159,-0.061740372,-0.039635096,-0.03366328,-0.019094976,-0.045056082,-0.03641117,0.0073560933,-0.037711933,-0.049674258,-0.06892876,-0.06406598,-0.046295747,0.008925899,-0.06061189,-0.061629552,-0.06670871,-0.05957752,0.051059127
-0.067834795,-0.039714973,-0.012452706,-0.034319308,0.021695718,-0.0518934,-0.060961463,-0.039280158,-0.062385947,-0.0040584155,-0.05686513,0.0038700448,-0.001671772,-0.023835622,-0.027042946,-0.07110342,-0.038484927,-0.018101081,-0.0030002175,-0.047491875,0.0097781755
0.07416298,0.014948298,-0.08721798,-0.08954965,-0.029102016,-0.07167991,-0.06101376,-0.07708798,-0.07442582,0.03844683,-0.048102282,-0.07737914,-0.0788235,0.028223755,0.020499,0.07412185,0.036056064,-0.07174892,-0.0689956,0.0042747296,-0.07799667
-0.02560376,-0.01911885,-0.01691205,0.02405956,-0.011041836,0.039523706,-0.03755244,0.062047835,0.061005924,-0.028287135,-0.0084429225,0.0268442,-0.039249953,-0.01601421,0.06804968,-0.06540386,-0.0032884646,-0.003790832,0.07130407,0.042676557,-0.050883316
-0.030938232,0.051881593,0.042116135,0.029110216,0.066176236,0.058167603,0.02927558,0.033895362,0.016751997,-0.002839389,0.04193043,0.018930476,0.03253655,0.0613646,0.020507447,0.004837878,0.009065303,0.052590474,0.047161303,0.004440092,0.0027914443
-0.059436753,-0.016490374,-0.008256545,0.019358754,-0.080310136,-0.04390316,-0.04656841,-0.023863612,-0.06179097,-0.07431209,-0.030092228,-0.06534823,-0.06661103,-0.0917846,0.009118458,-0.08126631,-0.06591676,-0.056947876,-0.0673091,-0.012700912,0.051889632
0.0044197813,0.0012725184,-0.04877718,-0.062520415,-0.01716569,0.041953456,0.04990467,0.03116802,0.046484914,0.00819796,-0.06325641,0.025123127,0.021152815,0.046948485,0.06269994,-0.048751146,-0.053170823,-0.025009105,-0.051862117,-0.06269343,-0.074730426
-0.02628403,0.0018925528,0.05287774,0.049413085,-0.0051967767,0.058359645,0.060561128,0.06477097,0.018561391,-0.049463395,0.034800857,0.011421407,-0.047788605,0.04144178,-0.026944572,0.067026556,0.06592237,0.03508525,0.02910961,0.041283615,0.066908196
-0.046743717,0.040096983,0.07855713,0.06254184,0.011159202,0.07189147,0.06499932,-0.016683254,-0.01894281,-0.021350317,0.08114375,0.06602415,0.025228696,0.045394696,-0.000999605,-0.05013259,-0.040636465,0.07216002,0.071032636,-0.02832692,0.06310186
-0.010196939,0.027405487,0.019663468,-0.012545278,-0.033539087,-0.025180655,0.006812984,-0.06409416,-0.026306726,0.02254549,-0.028095022,-0.019210001,0.03292844,0.0028311717,-0.02435269,-0.0039784345,-0.04396657,-0.011302998,0.01660492,-0.046228763,0.010113467
-0.06501569,-0.08339972,-0.016867898,0.067682266,0.003872628,-0.051858187,-0.016111389,0.054028388,-0.036194723,0.02864391,-0.03378908,-0.06758356,0.021726282,-0.05037151,-0.03724104,-0.05588625,-0.061311353,0.002681945,-0.053296775,0.032109834,0.07584879
0.025757978,-0.030608378,-0.046708796,-0.055926625,-0.038658813,-0.059584524,-0.06689726,-0.06051781,-0.016801583,-0.06809152,-0.061411534,-0.049217667,-0.056029737,-0.07111694,0.0071961456,0.0043235244,-0.014159883,-0.031891663,-0.005853795,0.0060268184,-0.056760408
-0.053597793,-0.068791494,0.016975176,-0.025511352,0.014075068,0.041846458,-0.02740898,0.04299715,-0.0029205685,-0.003409407,0.0067537716,-0.04100323,0.044982854,-0.04646998,-0.05982864,-0.057606548,-0.053753138,-0.025740305,0.033859856,0.022566983,0.059026852
-6.2525665e-05,0.032309607,0.032438293,0.022723228,-0.04212545,0.0013557086,0.013798094,0.03121688,0.006111551,0.060755976,0.06269153,0.031569544,-0.0036185402,0.07038863,0.033279404,0.03621957,0.047141522,0.010677708,0.059208207,0.05995425,0.04013622
-0.07948939,-0.08378466,-0.082802825,-0.08876697,-0.052517418,-0.07704677,-0.07224285,-0.077032976,-0.079637125,-0.08148658,-0.07974667,-0.07741776,-0.07137363,-0.08368212,-0.08942024,-0.053375334,-0.08242817,-0.07440114,-0.07600163,-0.08066136,-0.080925986
-0.038640667,-0.028063172,-0.035276156,0.028955137,-0.054236565,-0.07172686,-0.0238809,-0.07364879,-0.062382415,-0.033565585,0.05359899,0.0548368,0.0358037,0.0049586543,0.020318938,-0.0424653,0.064311944,-0.028619958,0.072978675,0.046950914,0.004656278
0.041816,-0.05158719,-0.046715755,-0.05929296,-0.033500627,-0.026949346,-0.054479565,-0.056848254,-0.06959359,-0.056536876,-0.06491689,-0.036013953,-0.07593339,-0.039568733,-0.06623016,-0.033455912,-0.029849032,-0.013598899,-0.052072473,-0.052710906,-0.035272464
-0.03862117,0.04514786,0.04855803,0.04492998,0.03718144,0.038122676,0.0062359436,0.01591612,-0.04748869,0.030836944,0.0135633275,-0.011614105,0.048388828,0.042916548,-0.009866346,0.027056,0.050333068,-0.007813619,-0.021298891,0.032886267,0.007630864
-0.020549066,0.025006251,-0.0014085051,0.038626537,0.0423708,0.013677459,0.048641313,0.03563048,0.02723345,0.011791745,0.06258823,0.063876554,0.004916088,0.042510107,0.03453458,0.014116184,0.009132955,0.048576687,0.060160927,-0.009411787,0.053358734
-0.013097205,0.045149986,-0.009925556,0.044346943,-0.02082856,0.05612028,0.035867788,0.016415777,0.058050048,0.071319155,-0.031536225,0.05669389,0.07972065,0.045704745,-0.007197864,-0.018926589,-0.039702218,-0.050293863,-0.07278673,0.018550256,0.0027285528
-0.06662964,-0.05632371,-0.027558574,-0.030054966,-0.056313217,-0.029508859,0.038998522,-0.057351552,-0.012491797,-0.0025802033,-0.023640102,-0.01566428,-0.032809716,-0.06555971,-0.03202371,-0.002114054,0.016179435,-0.015892651,-0.015354054,0.014111068,0.0038597283
-0.07118282,-0.07007754,-0.008279735,-0.06648571,-0.05714129,0.0046355003,-0.03838838,-0.06731483,-0.0452329,-0.06617755,-0.0061151707,-0.05083991,-0.06759668,-0.03197206,-0.056335445,-0.03564986,-0.07064908,-0.045142166,-0.057225894,0.009133989,-0.038056266
0.03845713,0.032203276,0.02193834,0.015733883,0.05124488,0.0050202073,0.018470254,0.04004163,-0.000886755,0.05267791,-0.038580965,0.06573475,0.037477616,0.052815046,0.02935448,0.040773183,0.071113706,0.027133094,0.019761046,0.07141846,0.030426497
0.02569558,0.057786677,0.046650775,0.005091798,0.060224175,0.037260525,0.062218152,0.018745031,0.007711566,0.06899876,0.06655124,0.033644274,0.057415254,0.069642045,-0.004280815,0.051647756,0.03804596,0.07589536,-0.008753677,0.006266457,0.03956703
0.0184647,0.023462059,0.039903585,0.008891269,0.0494132,0.066253915,0.041612174,0.054238606,0.021301249,0.06360649,0.07379933,0.035834555,0.031195909,-0.046521172,0.07800851,0.006995542,-0.061449632,0.03634535,0.06293409,-0.013228984,0.032164834
-0.012959804,-0.011016674,-0.054733995,-0.041051414,-0.031801976,-0.025869515,-0.05885198,-0.030092882,-0.058047533,-0.06296588,0.015093395,-0.06208142,-0.033244766,-0.029114647,-0.047782365,-0.02795672,-0.026319914,-0.041293647,-0.065504216,-0.019966846,-0.024088029
-0.006993447,-0.0026546635,0.05063916,0.06543748,-0.06817216,0.0057012634,0.062123377,0.02900939,-0.039089646,0.019304693,-0.033710506,-0.05271827,0.0039232885,0.023416933,-0.057191253,0.031219825,-0.016053548,0.047014095,0.030062525,-0.025207989,0.01216797
-0.01007868,0.014426885,-0.048933055,-0.066391654,0.014066997,-0.060281835,-0.00017801324,-0.06420471,0.03118935,-0.05992245,-0.033324793,-0.009240026,-0.017450891,-0.0503993,-0.063653514,-0.06648713,-0.03818804,-0.03319021,0.004026461,0.025277263,-0.05742354
-0.012790844,-0.011033677,0.015624551,0.013001312,0.022005638,-0.010727806,-0.014341782,-0.01682363,0.022647887,0.012268993,-0.03254069,0.060600236,0.032076783,-0.0039000781,-0.018761542,-0.03406877,0.0024015699,-0.027076472,0.018269598,0.038944796,0.052756477
-0.05904957,-0.060322076,-0.00026435984,-0.0052124523,-0.012192835,0.035540376,0.01927228,0.060699973,0.053327005,0.042537868,0.07393006,0.052237317,-0.021238925,0.003508854,-0.037635986,-0.049043644,-0.008026432,-0.001318117,0.047936685,0.02839142,0.045981973
0.07859924,0.03341113,-0.0063536903,0.039373368,0.0098089455,-0.06435187,0.050267935,0.009654138,-0.05230325,0.078047186,-0.028765831,-0.017769028,0.018253429,0.0057077925,0.010927302,0.07769938,0.056321472,0.037161812,-0.04457453,0.061285485,-0.023826813
0.059901867,0.069774054,-0.012267726,0.025796909,0.05633231,0.053749345,0.008539172,0.054468542,0.06306612,0.04061073,0.027970148,0.06309451,0.03371237,0.06427813,0.058803048,0.07195349,0.045996856,0.023403708,0.06136219,0.051234405,0.03862389
0.020174654,-0.013433211,-0.044949494,-0.055683266,-0.04144459,-0.0029769256,-0.069215566,-0.040379114,-0.047313403,-0.047728974,0.014528908,-0.052700378,-0.06962481,-0.03648088,-0.0683938,0.012117603,-0.036210664,-0.044589326,-0.052785985,-0.042497046,-0.06847307
0.06417613,0.086005144,0.07333425,0.039352123,0.003240991,0.0570071,-0.037119355,0.023220519,0.05771404,-0.006473093,0.052115656,0.073146984,0.058017228,-0.012421233,-0.024328886,0.043308306,0.056987546,-0.0087505365,0.044304684,0.012772146,0.011098689
0.027640628,-0.018275658,-0.024920357,0.046470292,-0.006228349,0.067791685,0.056840286,0.049503546,0.003394845,0.071916245,-0.006243665,0.03297659,0.0009745349,-0.026570607,-0.055368025,0.015215232,-0.049390443,0.019283324,-0.037278537,0.03134844,0.015591717
0.068254106,0.08181328,-0.04609741,-0.03821016,0.030323021,-0.025544759,-0.06572257,-0.039840307,-0.05534863,0.011662468,0.075964704,0.04823002,-0.0033465426,0.06490662,0.004758189,0.048206475,0.06820405,-0.057539944,-0.063793875,0.035899512,0.005238909
0.05666838,0.0043518534,0.06892298,0.059634846,-0.072309636,0.076802485,0.07223919,0.072127394,0.07989383,-0.07027673,0.06873736,0.055312287,0.012793112,-0.06394236,0.081084765,-0.03776954,0.029290786,-0.015678005,0.075002685,0.074503556,0.028844757
0.03780093,0.0333696,0.06974131,0.044269063,0.07294532,0.03847038,0.06228255,0.06431531,0.044111833,-0.00083089934,-0.056094345,5.2480325e-05,0.029876111,0.064033814,0.07285425,0.040396884,0.03374383,0.05751066,0.0335059,0.07540825,-0.004816141
0.018372035,-0.09116933,-0.087912,-0.08916354,-0.07809655,-0.07643931,-0.07091546,-0.068386234,-0.072879106,-0.07959942,-0.08239359,-0.07467332,-0.08334876,-0.09504696,-0.09154131,-0.08456382,-0.07850008,-0.076638795,-0.075973004,-0.08165311,-0.0790008
-0.035319228,-0.016555961,0.06799759,0.0123501085,0.040186744,-0.025218027,0.0246437,0.057091355,-0.012338502,-0.044798456,-0.0027444018,-0.022589058,0.013178083,0.020504551,-0.02918848,-0.06492804,-0.061105363,0.038372107,0.029151896,-0.034392487,0.062184654
0.0052477624,-0.004952253,0.023003703,0.083208635,-0.025949815,-0.041976407,-0.042336967,-0.008244154,-0.0031728842,0.036190584,0.0124088265,0.006926686,-0.0098593235,0.057230346,0.08462619,0.042789754,0.017533088,-0.06514117,-0.058049172,0.0281883,-0.01873821
0.05520441,-0.030950116,0.01244728,0.039079927,-0.022855153,0.064966425,0.04964511,-0.05156133,0.06287622,0.0037101088,-0.0745625,-0.052198127,-0.011575204,0.048935924,0.005139464,-0.012210007,-0.036897764,-0.044795796,-0.025594845,0.037439212,-0.0586066
-0.03932137,-0.015056812,-0.0032029757,-0.06191553,0.028131293,-0.06364717,-0.0501321,-0.026167626,-0.035508968,0.026048401,-0.0593506,-0.0706498,-0.049921602,-0.018743245,0.08679857,-0.0634358,-0.053269852,-0.056583095,-0.036867633,-0.011940406,0.030964285
-0.0072203246,-0.03732446,-0.027307933,-0.04311166,-0.02631563,-0.046245854,-0.065079,-0.038415894,-0.043481704,-0.01842999,-0.076949,-0.012932631,-0.052235797,-0.06835441,-0.06933146,-0.05115452,-0.032948688,-0.057780392,-0.043762118,-0.062065933,-0.07328955
-0.054493535,-0.017320609,-0.04195123,-0.055313904,-0.031006448,-0.010962547,-0.01243971,-0.019832183,-0.0102629475,-0.076104075,-0.025866127,-0.043089435,0.017161205,-0.050123855,-0.03325851,-0.057558108,-0.032015342,-0.029557833,-0.03112866,-0.0059317295,-0.06868172
0.057640616,0.07591594,0.03145816,0.03917634,0.015815172,-0.005450707,0.0245687,-0.038621582,-0.04477716,0.06471638,0.023697594,0.053837754,0.08021688,0.033191066,0.04057339,0.048150606,0.029743206,0.05069634,-0.00840068,0.060005527,0.040725168
-0.0103890225,-0.026774475,-0.06168423,0.020922258,-0.053563412,-0.0049302825,-0.05882473,-0.00636233,-0.037273493,-0.038387157,-0.008662287,-0.030902684,-0.0022580782,-0.059682697,-0.07845464,-0.07210708,-0.01532442,-0.07550247,-0.0038499564,0.018849723,-0.03254767
