,backpack,beads,belt,bib,bracelets,button,cast,crown,earring,glasses,goggles,mask,necklace,purse,ring,scarf,shoelace,sunglasses,suspenders,tie,umbrella,watch,wig,zipper,cuff link,earmuffs,wallet
accessories,0.283939924776478,0.2747776295717297,0.3427337942589759,0.2444149074851556,0.4283023751306605,0.34234941564657706,0.30789842923719424,0.27563610781858205,0.2873959850821409,0.30366224910985884,0.20594858921035275,0.17107726851787253,0.3598897904266065,0.4159082166357254,0.3088331275415366,0.2848924358930207,0.3163449455383216,0.2470871891119384,0.39315139317508385,0.35637491779694885,0.22685967032452103,0.3007884265936943,0.14708471273839885,0.24485501860410364,0.3192909086483313,0.32590926766619865,0.3197070988291455
