Accessories,apron,backpack,bandana,belt,bib,bracelet,cane,cast,collar,crutches,diaper,earmuffs,earrings,glasses,glove,handcuffs,hat,helmet,necklace,pipe,purse,ring,scarf,sunglasses,suspenders,tiara,tie,umbrella,walker,wallet,watch,wig
-0.06179139,0.022781227,-0.045666594,0.042609602,-0.0061143967,-0.03313738,-0.035696413,-0.001283252,-0.08088209,0.013847613,-0.060951877,0.04105149,-0.03510199,0.0059027863,-0.0018005252,-0.027428135,0.012233247,-0.026102861,0.035698004,-0.021095669,-0.017680366,-0.034530234,-0.060033824,0.00528481,0.030708129,0.052163497,0.020891681,0.0025028817,-0.053365372,0.028026966,-0.046979055,-0.053713292,0.009808081
0.033407934,-0.0011123136,0.047817323,0.05077234,0.020950204,0.019827057,0.0009055101,0.0051522222,0.028745288,0.019543936,0.011999167,0.043242045,0.052473918,0.035503343,0.040441293,-0.033850454,-7.590057e-06,0.0508836,0.044914503,0.032457072,0.059175014,0.010529096,-0.010705049,0.021556115,0.03560416,0.059421077,-0.022281386,-0.035286643,0.0023686136,-0.061326016,-0.012938729,-0.012278529,-0.0068000597
0.00017185036,0.023946278,0.012602766,0.00253944,0.047530755,-0.028704843,-0.01788783,0.009686425,0.00015626548,0.04444375,0.029398905,-0.0642009,-0.006005111,0.055048943,-0.029598644,-0.06796424,0.03930423,0.016975958,-0.051244635,0.07364997,0.04836601,-0.0030837392,0.030988637,-0.01699357,0.039837144,-0.026067313,0.021714872,0.039118905,0.046453618,0.0021348207,-0.039669394,-0.00914203,0.06463
0.033979777,0.023349635,0.07121769,0.03389794,0.04294863,0.032667365,0.03214108,0.060348585,0.055427346,0.045636367,0.040940076,0.048452042,0.06039734,0.031410966,0.046461497,0.024237895,-0.00035988685,0.03976673,0.008024431,0.06166333,0.0736611,0.046929874,0.04992073,0.03969188,0.027402664,0.04166757,0.019712169,0.05892926,0.014991922,0.031921186,0.031145714,0.045222074,0.06540952
-0.038364187,0.058734618,-0.03277533,0.028541666,-0.02725365,-0.07169187,-0.00966562,-0.042395297,0.01023668,0.04767457,0.04605761,-0.0022529317,0.012716731,0.029972363,0.009154968,0.048186466,0.04070671,0.0496864,0.06967429,0.059787825,-0.017443297,0.031639494,-0.03418238,0.047251604,0.007672775,-0.03246727,0.021364465,0.042517412,0.002016958,-0.03812735,0.062135436,-0.07240752,0.061200187
0.037762955,0.010569504,0.056710664,0.069069155,0.049265187,0.04380211,-0.022433532,0.05449194,0.050886177,0.050449025,0.055182714,-0.0072758817,-0.057722334,-0.041967597,0.05884164,-0.03125473,0.05273112,-0.0060580825,-0.037974294,0.04908532,-0.08146525,0.06462763,-0.069715135,0.04729184,0.061503742,-0.01849339,-0.054926082,0.031322468,0.07835339,0.064331874,0.04899977,-0.017606499,-0.0730596
-0.06773827,-0.042407025,-0.017708536,-0.06293261,0.019375188,0.0077817678,-0.06871483,0.031470094,0.02310933,-0.035832416,-0.009262118,-0.017191116,0.0529515,0.008862598,0.004532343,-0.014110008,-0.029895335,0.021065295,0.04738792,-0.06384508,0.07241781,-0.007877995,0.03718918,-0.022962166,0.020051878,0.001138121,0.026353193,-0.027510336,0.03194808,-0.066328265,0.018611846,-0.024489565,0.057378337
0.038151745,0.030163739,0.02693733,0.03943779,0.047968637,0.042844012,0.0037419498,0.016354028,0.0021117348,0.029015869,0.023678388,-0.03759139,0.014960384,0.017803386,-0.012187538,0.015216622,-0.0017822785,-0.026666967,0.018987918,0.04528867,0.042035136,0.042011723,-0.030369991,0.028137458,0.020147845,0.0636266,0.012290447,-0.002891644,0.03129352,-0.033321097,0.05559032,0.069073275,0.023291549
0.022683052,0.059048466,0.057319246,0.008404205,0.052981734,0.00712457,0.031219533,0.02827795,0.008281483,0.049867634,-0.07608887,0.052693874,-0.05972388,-0.074676745,-0.07974107,0.03025065,-0.07521738,0.05866143,0.028744541,0.0590119,0.064537905,0.061734524,0.06794282,0.035183743,-0.07462577,-0.076005965,0.030384928,0.016272577,0.034322906,0.012052838,0.03605353,-0.009477635,0.03440359
-0.047332633,-0.031696554,-0.008103378,0.03864196,0.0023671652,-0.015046037,0.0025870092,0.02898286,-0.032650482,0.011681249,-0.0030057644,-0.009271315,0.024820391,0.03824389,0.038838863,0.04700449,-0.049148418,0.020020239,0.0050852904,6.816289e-05,0.00684051,-0.049573738,-0.005162016,0.063063644,0.030379886,0.030664835,-0.05009442,0.063491955,0.032778263,0.014868954,-0.07099594,0.049015112,0.020443805
-0.003658374,0.025003029,0.025595881,0.05331725,-0.02683659,-0.04597333,0.016465226,0.058440633,0.056372825,0.028235834,0.06351317,0.012999445,0.049456116,0.007777769,0.023308823,0.035508703,0.029322138,0.049724724,0.047744546,0.040165197,0.0060523516,-0.051852625,0.010681546,0.009326251,-0.010175899,-0.011754395,0.06811561,-0.029141912,0.013492516,0.006301689,-0.027339665,0.013575341,0.04810941
0.02179446,-0.043218315,0.021214364,0.05215189,0.05177608,-0.025833447,0.01711515,0.058363132,0.022384953,0.07058759,-0.06435943,0.07266931,0.02230499,0.048093576,0.03381262,-0.050368138,0.0454138,-0.016682796,0.07726266,0.025783667,0.043455437,-0.052840173,-0.051758166,-0.039501805,-0.04291834,-0.0021248756,0.06439084,0.06352582,-0.0785436,0.014654171,-0.077022515,-0.057092994,0.08124725
-0.01856975,-0.00783434,0.02161484,0.0099968035,-0.019539928,-0.002256409,0.037911862,0.031297516,0.05049489,0.06209225,-0.024357697,0.052793663,0.0685491,0.0043754894,-0.021456769,0.007366663,0.026283696,-0.049272772,-0.01129788,0.027139828,0.011244206,0.05638086,0.03315306,0.03127958,0.00501355,0.024952792,-0.0025314868,0.03526575,-0.01440003,-0.059489638,-0.008699707,-0.008223553,-0.014092541
-0.023737548,-0.041204214,-0.04537641,-0.03743631,0.0046302583,0.033015966,0.018248953,0.04992941,0.056686748,-0.0011599082,-0.05666996,-0.038782533,0.00808395,0.0019683638,-0.022734562,-0.01765139,-0.06070409,0.0067559616,-0.06436844,0.015748186,0.014903804,-0.028387873,-0.0020540652,-0.05335614,-0.054441016,0.01993971,-0.022353489,-0.052813698,-0.025877874,-0.070548825,-0.025282575,0.080625586,-0.009778755
0.042321343,-0.084713876,0.012598782,0.06537768,0.032850645,-0.08736061,0.048594184,-0.0016997748,0.02843388,-0.03055225,0.040318303,0.041668717,0.04769205,0.054758366,-0.027943047,0.06220745,0.04929037,-0.036514215,-0.047198664,-0.05341461,0.003312268,0.0023390793,0.0396447,-0.0016696011,-0.004473954,0.0015670568,0.00863004,-0.015258916,-0.012163763,-0.0682837,-0.0028584925,-0.0073802345,0.04240174
0.028716622,-0.0046530804,0.019161398,-0.023867434,0.029747356,0.018338148,-0.036050856,-0.02355088,0.023668049,0.015381901,0.013151461,-0.035279676,-0.014927178,0.015149555,0.016146123,-0.0026056718,-0.058026932,-0.05027309,0.002533973,-0.0542007,0.023493107,-0.062412348,-0.010724773,0.0055489345,-0.015508777,-0.028311646,-0.008220201,-0.0016731598,-0.0263047,0.035105273,-0.014434611,-0.03132084,-0.017278787
0.023053907,-0.0024072514,0.022632984,0.016044369,0.03363025,-0.051059086,0.002453609,-0.056734696,0.019173032,0.06159303,-0.074915,-0.07626536,0.0033989926,0.026363103,0.007863609,-0.035159435,0.05001084,-0.010215747,0.0348912,0.04025277,0.03866058,0.02512907,-0.034769945,0.04945738,0.058309425,0.058747053,-0.026976787,0.04539599,0.06088043,-0.044554867,0.049097665,-0.014789615,0.019203221
0.0051205615,0.03720506,0.06569844,-0.0024562997,0.053465277,0.060550336,0.04172269,-0.024163429,-0.01893985,0.06489507,-0.027454985,0.029066173,0.054656707,0.07365801,0.04547945,-0.011302219,0.053750284,0.0033316307,0.018712,0.061042007,0.048082076,0.005526059,0.04467752,0.025361406,0.044806007,0.057462994,0.048520718,0.07452898,-0.010052169,0.028157374,0.018451758,0.0046515125,-0.07432339
0.0068774307,0.036740605,0.03441026,0.011906399,0.04100224,0.017504215,0.0003396322,0.033999406,-0.008968715,0.021108521,-0.06771195,0.025609452,0.011134905,-0.07336183,-0.036481865,0.05796203,0.03475992,0.005533427,0.050529324,0.0054537565,-0.000528671,0.04741377,0.03142204,0.021080205,0.018271511,0.0058098054,-0.029890586,-0.019907026,0.07145227,-0.03018123,0.03549993,0.0644778,0.009930751
0.05176691,0.02295663,-0.071905814,-0.043281294,-0.010342349,0.0429507,-0.033935845,-0.075690016,0.028540181,-0.027984947,-0.06381871,-0.030126853,-0.047208674,-0.03477564,-0.074356906,-0.038743738,0.053918794,-0.010443311,-0.06614566,-0.040900383,-0.0045112907,-0.04885963,0.03782357,-0.06887621,-0.061939906,-0.023573942,0.01155469,-0.012173702,-0.03236687,0.042395987,-0.016288834,-0.011763268,-0.0061999913
0.039935004,0.027319802,0.029754426,-0.003575977,-0.02841678,-0.011765339,-0.009242252,0.018950403,-0.035757117,0.03583263,0.026503002,-0.009019407,-0.024205344,-0.007939478,-0.0383955,-0.012126276,0.03423155,-0.016573083,-0.052737582,0.016202861,0.0016345102,0.019190801,0.012967954,0.010201889,0.011542722,-0.039901175,-0.0050123823,-0.031863745,0.010699517,0.032668117,-0.042531937,-0.042250805,-0.022138776
0.0060361684,0.08453739,0.046460804,0.0718725,0.019717753,0.06893616,0.05321491,-0.06858258,-0.027766813,0.06456003,0.0018601187,0.051122036,0.061907936,0.0726228,0.06489449,-0.057196125,-0.038244195,0.079336174,0.067742996,0.055307187,0.043062307,0.012759572,0.07666397,0.07336314,-0.0053384937,0.06059187,0.07188767,0.022743432,0.06902613,0.013801268,0.053338993,-0.07489391,0.002779128
0.05145402,-0.043144785,-0.042529777,-0.008760003,0.007130923,-0.050508168,0.004299859,-0.01132403,-0.012604073,-0.018032879,-0.0625365,0.014075193,-0.016033623,-0.018969363,-0.05315375,-0.035455555,-0.028230833,0.03865272,-0.048667464,0.028690157,-0.011795609,-0.020993378,0.03362338,-0.055870753,-0.044563603,-0.028385082,-0.024845274,-0.004004421,-0.045394912,0.06177138,-0.008707362,-0.05789142,-0.024609964
0.001942751,-0.062022645,-0.0028621345,-0.062660664,0.017461305,-0.0149081815,-0.0056638485,-0.05146696,-0.05248234,-0.03036121,-0.06500644,-0.0048670014,0.047935702,0.05468466,0.0127592385,0.021903576,-0.058080576,0.011340476,0.030832134,-0.0015159776,-0.05008483,-0.01830297,0.030955669,-0.055587817,0.048589963,-0.046108108,0.05376765,0.04170182,0.03373112,0.06538545,0.009013658,0.0512629,0.004206698
-0.079255916,-0.0036647052,0.04565435,-0.06064234,-0.057353258,-0.015503421,-0.055341717,-0.03861815,-0.013785672,-0.07682119,0.04148353,0.06981277,-0.08863669,-0.077795886,0.04719652,-0.011676518,-0.004654733,-0.0668826,-0.053858817,-0.06996821,-0.08473505,-0.008993659,-0.0755558,-0.068159744,0.031565472,-0.05469188,-0.0517528,0.0139830215,-0.05004799,-0.002240231,-0.0026104164,-0.047550157,-0.0029050792
0.041741274,-0.0037998524,0.07646515,-0.0030141014,-0.011361246,0.048876546,0.056000266,0.051587876,0.07457842,0.06490131,0.06450288,0.026674489,-0.029525563,0.043579374,-0.06454077,0.016841345,0.019327642,0.0027741862,0.036538146,-0.02047122,0.026157109,0.01064314,-0.023041194,-0.036236707,-0.049993742,0.03783483,-0.052658003,0.044098742,-0.02032286,0.0804577,0.031776108,0.034501694,-0.0064110025
-0.0451799,-0.039897475,0.0018941188,0.027378364,-0.01786196,0.034538068,-0.02484084,-0.068106,-0.060021866,-0.07882739,-0.014862191,0.039196897,-0.06288101,-0.06625203,0.077591226,-0.015900945,-0.06432845,0.011776592,0.025499742,-0.06726112,0.05544673,-0.0023223578,0.014881543,-0.039169278,0.06799727,0.026719598,-0.003963114,-0.0503566,-0.037712008,-0.05781302,0.0409169,-0.026320355,0.019551776
-0.047843393,-0.054718208,-0.04177505,-0.00988345,-0.02142997,0.02994266,-0.0051136133,-0.06167929,0.0026752937,-0.017197678,-0.043113694,-0.023695413,0.00402669,-0.050871883,-0.05731438,-0.02218608,0.029627312,-0.05586229,-0.0115056215,-0.006229864,0.039067592,-0.06534856,-0.03710628,-0.02317439,-0.06357377,0.03172696,-0.025036206,0.023907186,-0.041870505,0.016719885,-0.070723824,0.03287696,0.032557067
0.057891447,0.01796544,0.030165764,-0.02806317,-0.04510643,0.018851178,-0.0357586,0.069096014,-0.017586716,0.023419261,0.020804811,-0.008544327,-0.0024373857,0.003721266,-0.005852331,0.0758422,0.034941576,0.03920437,-0.048158545,0.021433908,0.010493432,0.0450828,-0.0025130622,0.022606073,0.02880198,-0.01157159,0.02529385,-0.019245895,0.022596603,-0.033112105,0.05017841,0.0052814223,-0.009493156
0.04321027,0.031078106,-0.035946053,0.04035258,0.022319417,0.066684276,0.051526017,-0.013585373,0.081246786,0.061196618,-0.0549292,-0.033138447,0.0316579,-0.0027938734,-0.07225831,-0.0072626476,0.000878794,0.022942305,0.06530616,0.06006258,0.060246535,-0.019111995,0.06681652,-0.0031784312,0.015264839,0.004885502,0.030800734,0.023920592,0.01650191,-0.050808243,0.0140957935,0.037432596,0.031639628
0.05063048,0.08778917,0.07646334,0.08187601,0.08089819,0.0845754,0.081558205,0.0004232111,-0.023003714,0.086386375,0.05377427,0.08076835,0.08714412,0.07684689,0.08141858,0.0710588,0.06442846,0.09050781,0.08241703,0.07897584,-0.009315747,0.08274841,0.002009233,0.0833827,0.0777143,0.081193715,0.06909986,0.088444196,0.08242631,-0.06619958,0.06511225,-0.008343298,0.07787807
0.067436926,0.047161747,0.028284507,0.018268993,-0.0581191,-0.019441878,0.055357248,-0.039633527,0.005072039,0.042699218,0.08027359,-0.020576613,-0.057277504,-0.0009357778,0.07214105,0.01688767,-0.030976322,0.06855744,0.0014548237,-0.0015320595,0.006921421,-0.004448187,-0.040446393,0.052532546,0.029432887,-0.00755243,0.047901463,0.05040307,-0.02515249,0.040229127,-0.036901876,-0.058726676,0.041780047
-0.05594125,0.01969081,-0.0739361,0.006504782,-0.05226523,0.028620213,-0.02581681,0.014731578,-0.032887015,0.03454632,-0.014729046,-0.04102614,-0.04524894,-0.0718881,0.07170006,-0.05280552,-0.03940481,-0.064914964,-0.07100334,-0.0028233454,-0.0785018,-0.060694944,-0.045798536,-0.058048148,0.068739526,-0.0057383836,-0.031404354,-0.028246261,0.0036855142,0.074658126,-0.058094442,0.05136004,-0.07360221
0.025701445,0.0382089,0.046637695,-0.030988315,-0.05175159,-0.04595041,0.0070894747,-0.007943505,0.030900748,-0.027521145,0.022665607,-0.0149850175,0.0779935,0.06588329,0.07661138,0.032045245,-0.06134141,0.03321157,0.07734958,0.060339358,0.06841887,0.035510074,0.07651155,0.062229197,0.05255957,-0.05964603,0.08297937,0.07244622,0.06436258,0.055643797,0.07019815,0.061010562,-0.03583603
0.027893834,-0.015446871,-0.06396132,-0.0582582,-0.04837397,0.00962597,-0.026651764,0.07138224,0.0073453714,0.027611407,0.0461124,0.013358847,-0.032803323,-0.072426066,-0.060776565,0.0013264582,-0.03200344,-0.03197727,-0.05051886,-0.033282205,0.070453905,0.014366142,-0.010987854,0.065986596,-0.064607926,-0.07198628,0.052340526,-0.008477069,-0.0322989,-0.041687086,-0.036141526,-0.0048983656,0.0141617
0.004860006,-0.017862193,-0.034439575,-0.0020274026,0.0494761,0.064855956,0.046888873,0.050956268,-0.024502676,0.08249814,0.033784706,-0.037348308,0.031004367,0.020333273,-0.010741282,0.023008367,-0.058285594,0.037780583,0.024063472,0.06484739,0.009518571,-0.02741207,0.05307792,0.022944469,0.007718964,-0.016942585,0.045355093,0.03164248,-0.07592469,0.04680434,-0.01658871,-0.0103220595,-0.01414374
0.042358827,0.05628617,0.004691195,0.042952497,-0.008529858,0.019186381,0.010482,0.04279941,0.050504215,0.024750117,0.056521293,-0.007917759,-0.06056596,0.013822419,-0.021305764,0.01905188,0.039861344,0.048053194,-0.055752993,0.026579205,0.05961262,-0.025405262,0.02281446,0.033544604,0.00021786349,-0.0025297948,-0.0058811936,-0.011132692,0.04550312,0.03548218,0.017062297,0.050504327,0.012034058
-0.04107394,-0.0004357088,0.05463105,0.0027241127,0.061599445,0.014943068,0.019494988,0.043702897,0.03594811,0.037287492,0.07085824,-0.015122723,-0.013214923,-0.00713462,-0.025210636,0.08156956,0.063991494,0.027237942,-0.029552901,0.009971686,0.0126205925,0.050944366,0.046880335,0.039867133,-0.04032532,0.046201598,0.032384295,0.009090144,0.0630235,-0.01462127,0.05543972,-0.016274512,0.003800152
0.04476485,-0.044194404,0.016481325,0.035302646,0.054085445,-0.011283954,0.029977065,0.044906136,-0.022620235,0.072779894,-0.009703364,0.0028559926,0.018072369,-0.03778697,0.0076191286,-0.050633043,0.037800204,-0.008656808,-0.036437765,0.04215872,-0.053509012,-0.012979698,-0.07347479,-0.06826519,-0.0038548273,0.023088282,-0.0038704835,0.073819496,-0.04758175,0.034916226,-0.075572774,0.012603819,0.02310535
-0.05846225,-0.06522061,-0.023285259,-0.02684593,0.015189759,-0.052623156,-0.018827664,-0.06517743,0.01938492,-0.04294363,-0.052757744,-0.017608989,-0.0128544895,0.014868292,0.033321384,-0.024849834,0.0314224,-0.06012802,0.012595697,-0.061829932,-0.04558835,0.02426261,0.018310653,-0.053268075,0.010521315,0.024908867,-0.05026929,-0.008807465,0.018715687,-0.021444032,-0.02732999,0.02624339,0.012835528
0.03918432,0.05792113,0.016652279,0.01374109,0.043083712,-0.01122868,-0.03355451,-0.058788624,-0.06616123,-0.068551704,-0.06740808,0.081607684,-0.016354043,0.050904088,0.04132801,-0.010681829,-0.04704778,0.061140765,-0.029339515,-0.040007785,-0.008682705,-0.009735139,0.023584584,-0.024827044,-0.02314112,0.0016101634,0.054005273,0.013473094,-0.005549551,-0.05535106,-0.026285544,-0.066014186,0.04221468
0.06431034,-0.020541659,0.010016012,0.03630692,0.055427782,-0.009813107,0.055176012,-0.040170006,0.016985992,0.013588029,-0.028529152,-0.03466311,0.058359377,0.009098093,0.016891388,-0.009240762,0.043470215,-0.004618726,0.056104925,0.032124314,0.036520477,0.0152207855,-0.0004118973,0.034146212,0.025589082,0.043292157,-0.043888927,0.05815733,0.0042985626,0.027899323,0.006848453,0.051168688,-0.058538985
0.037766654,0.08394763,-0.07443313,0.05385496,0.043977454,0.06099559,0.06473256,0.004445974,-0.034294456,0.077291556,-0.0064420584,-0.0014692568,0.06193956,0.057092477,0.07245642,0.050238386,0.05130251,0.0864981,0.045218814,-0.0015791648,-0.06391551,-0.07237569,-0.06622686,0.066095494,0.07332443,0.07984932,0.07159115,0.039911643,-0.028129155,-0.070867404,-0.016482173,-0.059058547,0.04532717
-0.04598661,-0.05088334,-0.07032602,-0.07268175,-0.0647948,-0.041498195,-0.06824345,-0.033701736,-0.06819821,-0.048734594,-0.03358096,-0.057544354,-0.06752229,-0.053711206,-0.07682998,-0.06772617,-0.056382217,-0.06923446,-0.07244167,-0.04863974,-0.06512025,-0.07467734,-0.041884378,-0.074819565,-0.07585739,-0.045135997,3.123833e-05,-0.051200118,-0.067448296,0.024211615,-0.07558111,-0.062137358,-0.07172264
0.0019929693,-0.0719857,-0.011495283,-0.035578948,-0.027635274,-0.029630357,0.03586596,-0.08128563,-0.021357339,-0.0756984,-0.028070783,-0.041232497,-0.0581927,0.030919066,0.043765932,-0.04852305,-0.0490615,-0.012262332,-0.077095225,-0.031685572,-0.08466789,0.002931901,0.006282391,-0.038748775,0.008419173,0.029315913,-0.01518169,-0.017233243,-0.07223445,-0.065988936,0.014077729,-0.01577911,0.0075538014
-0.016952166,0.0021581869,0.062185366,0.0116641475,-0.072966084,0.041800972,0.0036699164,0.027275013,0.009782877,0.012421835,-0.02702271,0.0676933,-0.024788853,-0.011882714,0.012633962,0.027287975,0.011008658,0.07086847,0.030499266,0.009535828,0.04602598,-0.013878501,-0.019121846,-0.027500803,0.019497495,0.016777739,0.0027605083,-0.011740967,-0.014316655,0.047131035,-0.07990512,0.027462123,0.01898482
-0.0008080578,-0.012258392,-0.02609686,-0.0084609445,0.022280892,-0.051792674,0.0056755873,0.018083386,-0.023901066,-0.024563814,-0.06617273,-0.037205916,-0.02337443,-0.042175375,-0.074200846,-0.055491067,-0.038361046,-0.060355302,-0.033827372,-0.047676496,-0.05253245,-0.013266135,-0.037781697,-0.06347018,-0.056873426,-0.0444352,-0.024957947,-0.019619575,-0.050467208,0.006676316,-0.07105147,-0.030767612,-0.040599078
-0.016737286,0.0009376024,0.0034248908,0.039514847,-0.0055564786,0.051408324,-0.0045754793,0.00080426235,-0.027087795,0.0047753286,0.031397056,-0.009123848,0.008154672,0.025061924,0.03923748,-0.059694614,0.05564027,-0.05324206,-0.02444454,-0.016493578,0.021095311,0.023197714,-0.049544517,-0.0114700245,0.025832906,0.07419186,0.019002097,0.040696353,-0.047551427,-0.04263949,-0.0033105554,-0.017597536,-0.01180349
-0.021220043,-0.06482194,0.0085213315,-0.05031482,-0.024338782,-0.054387685,0.010485639,0.0034629097,-0.01661255,0.026415953,-0.06740406,0.08128913,-0.073884994,-0.057128783,-0.0046422025,-0.032912586,-0.025893528,-0.06246573,-0.067526296,0.03410946,0.04151003,0.030435022,-0.02390922,-0.033277854,-0.039840654,-0.031375762,0.06335945,0.028081324,-0.06845379,-0.00016109833,-0.079823144,0.010995595,0.006097181
0.00092053344,0.01304994,0.07408252,0.06869979,0.05624527,0.0040153004,-0.0735827,0.023307553,-0.03414072,0.01354126,0.05275836,0.011268067,0.06471299,0.055059686,0.05597382,-0.03231744,0.0011290087,0.010523789,0.040230658,-0.034264594,-0.040699888,-0.07620982,-0.014271583,0.02424223,0.060430918,0.0577331,-0.00036093465,-0.022392765,0.0423237,0.07112508,-0.044554893,-0.035010573,0.06254082
0.017071247,0.004194555,0.015186236,0.072071046,-0.011104986,-0.008102498,-0.0108190635,0.01856702,0.069159165,0.0024019692,0.056991793,0.0060254107,0.06490692,0.029425787,0.057178333,0.06772411,0.016241716,0.06373744,0.07566533,-0.010359489,0.064665616,0.048841458,0.031440966,0.066806346,0.06800924,0.02834293,0.045458768,0.068544336,0.006848104,0.06231422,-0.00033959764,-0.02113172,0.06523762
0.054370817,0.061124608,0.064262874,0.07015623,0.061085783,0.05454721,0.07939143,0.07573362,0.080391936,0.06925936,0.060617205,0.06568506,0.021573484,0.065346695,-0.00059452053,0.034459025,0.06535135,0.059761636,-0.01605477,0.07848069,0.022738688,0.07398772,0.06652176,0.03145429,0.051294852,0.04960347,0.047731973,0.04358065,0.034736555,-0.034419768,0.011600513,0.056489404,0.046251893
0.0742788,0.011926698,0.0713791,0.05082706,0.078827575,0.084740184,0.07769445,0.07637483,0.09406465,0.079842955,0.04534496,0.07331617,0.07294384,0.071960226,0.055944573,0.061965164,0.06448641,0.080640875,0.05778405,0.07479327,0.07892441,0.07369682,0.091625564,0.064714685,0.030641723,0.07438521,0.07260127,0.08785224,0.07077709,0.065626346,0.06624361,0.08721676,0.068515114
0.03144351,-0.011316775,0.021332009,0.005639995,0.039703596,0.03347811,0.072375104,0.03293701,0.07458429,0.016542394,0.02025306,0.052278638,0.055750277,0.06364344,0.06897502,0.040544562,0.03916684,0.03583902,0.039407577,0.020234546,0.05524595,0.019034043,0.058023445,0.0069359746,-0.010438916,0.062354494,0.042308725,0.07359728,-0.027144387,0.049912628,0.06293516,0.053276602,0.036597267
-0.0050065774,0.050717488,-0.07735827,-0.026376368,0.056614675,0.023431517,0.0317502,0.011514642,0.028430946,0.030160092,0.057824835,0.047735374,-0.015507099,-0.0320176,-0.08171985,0.06946825,0.04105946,0.02549595,0.027908329,0.008050408,-0.057380684,-0.07967659,0.07841704,0.019546939,-0.077286124,0.050017957,-0.0017445205,0.025205225,-0.055301003,0.053822782,-0.077907,-0.022694934,0.075863354
-0.012383038,-0.0433851,0.073087156,-0.061544213,0.06943981,-0.017508442,-0.043659296,-0.06541631,-0.066824585,-0.065067716,-0.07546204,0.027190201,0.0035930253,-0.0390192,-0.07348659,-0.032911763,-0.04443793,0.00030502366,-0.01946202,-0.03549368,-0.041182484,0.03819579,0.0021638968,-0.06633785,-0.045646705,0.023025364,-0.041406874,0.046303812,-0.0046239495,-0.046794634,0.04414638,-0.054480877,-0.0670394
-0.010940022,-0.0008670399,-0.01445786,-0.042958327,-0.027548118,-0.041113537,0.025578216,0.05754332,0.052305557,-0.018451001,-0.03613967,0.011168609,-0.0021575568,0.023898395,-0.035872005,0.014727228,-0.029141236,-0.028877672,-0.06324322,-0.029548611,-0.010194086,-0.034172304,-0.0027555332,-0.014881965,-0.040340856,0.013807562,-0.028410317,-0.045494154,0.016986266,-0.011758006,0.005464216,-0.050710436,-0.018493773
-0.033870086,0.05732347,0.05579456,-0.051932868,-0.008355868,0.03178354,-0.0147137735,0.028441159,0.016359003,-0.01501632,0.04111944,0.08130617,-0.036366332,-0.05240943,0.057442755,0.0046524396,-0.05111556,0.013944129,-0.021838615,0.032502294,0.0756555,0.05696819,-0.07884393,0.043527942,0.06501945,-0.050879106,-0.06244397,-0.051138666,-0.06657805,-0.07875514,0.018484302,-0.009339086,-0.0033415467
0.0866537,0.078258544,0.05300106,0.04670892,0.071232386,0.06389096,0.06628036,0.017999055,0.08325221,0.05119836,0.030565506,0.019537177,0.0611565,0.07238512,0.046110127,0.065082215,0.04682465,0.04840409,0.06660537,0.071714796,0.075033486,0.07392696,0.07193613,0.07262492,0.049552947,0.06400748,0.061081074,0.068282254,0.06579001,0.0043696593,0.06296516,0.09271227,0.040221114
-0.030385975,-0.06195696,0.058959335,0.016894758,-0.04260881,0.04132718,-0.051533375,0.043306056,-0.033811893,-0.0725774,0.009710262,-0.019514278,0.009662581,-0.04276534,-0.029321603,0.047745146,-0.05715269,0.023951812,0.07239895,-0.046719376,0.060982686,-0.02136431,-0.08850135,0.06158154,0.036681402,-0.06402623,-0.057885822,-0.05175943,0.028624289,0.03719514,-0.06963172,0.03184813,0.047445953
-0.0049638655,-0.029624697,-0.014949441,-0.032801095,-0.031554468,-0.013471656,-0.041332286,0.06976309,-0.058972307,0.015676765,-0.03810524,-0.06565334,-0.044081416,-0.04694956,-0.018342344,-0.007972369,-0.0038093214,-0.019936109,0.008100752,-0.051869452,0.032317437,-0.0478423,-0.05362992,-0.018022705,0.0054990062,0.04629163,-0.08649228,-0.0028423977,0.031597376,0.04334144,0.0047479672,0.042638276,-0.03593828
0.02146176,0.0050397604,0.014536084,0.07375539,-0.080127455,-0.0531433,-0.06376175,0.011197765,0.00095975964,0.053333964,-0.0023900752,-0.08161634,0.032574546,-0.049847443,-0.057411455,0.0024217144,0.030788956,0.02976959,0.048996206,-0.03706887,-0.00069389783,-0.012336456,-0.045699947,0.008669901,-0.06523906,-0.06467921,-0.081453055,0.015630668,-0.02190132,0.064038426,-0.01966082,0.050650265,-0.052707236
-0.0035698682,-0.05263283,-0.036960483,-0.015974626,0.025933629,-0.0643197,0.005026137,-0.02405571,-0.07071044,-0.06859784,-0.017723305,-0.063991524,-0.043747712,-0.033048756,-0.04290757,-0.06502489,-0.06698088,-0.05242103,-0.04088073,-0.041884124,-0.052872103,-0.049887788,-0.0077296738,-0.05329218,-0.04667999,-0.015553664,-0.0320873,-0.05215631,-0.050031535,-0.08337358,-0.007149714,-0.02050818,-0.06917257
0.014057409,0.019681277,0.036924142,0.051186267,0.0056151315,0.062705934,0.058935817,0.037554454,0.0132802855,0.047433607,0.02405528,0.05039737,0.047968313,0.04849618,0.062448487,0.06207077,0.042448133,0.06573343,0.0062467274,0.037628036,0.06850575,0.06469917,0.0420068,0.07204078,0.06892896,0.041518725,-0.0065487525,0.06150842,0.023417251,0.029668994,0.06882979,0.07126181,0.037703793
-0.04131119,-0.044109866,-0.019779302,-0.057735167,-0.025767118,-0.0032367304,-0.056418795,0.03776118,-0.038448207,0.043405082,0.0039444193,-0.03322923,0.01888856,-0.059735242,-0.038080912,-0.0144600645,-0.024365686,-0.06797792,-0.0018634401,-0.005806003,0.04709468,-0.016122665,-0.0428412,-0.0027889556,-0.04793581,-0.06535136,-0.04999101,-0.030376391,0.011823457,-0.07466632,-0.050257795,-0.03902005,-0.06587534
0.052884806,-0.0002799105,0.041045636,0.003916343,0.020194637,0.012486842,0.018002098,0.04355538,0.009702135,0.03662792,0.03780457,0.041295633,0.04726327,0.05073981,-0.005786166,-0.008275684,0.04895596,0.019870715,0.019277196,0.00019254278,0.020764124,0.02095711,0.021222994,0.019666402,-0.0026759738,0.036827672,0.020467978,0.060840048,0.015739404,-0.0067635877,0.040295333,0.04424496,0.033442907
-0.05819238,-0.069930375,-0.066035055,-0.053897806,-0.051893495,-0.01562011,-0.051656418,-0.05356425,-0.06491117,-0.043997016,-0.04714217,-0.056342892,0.0064747925,-0.02075976,-0.052699093,-0.06064839,-0.02979232,0.0044376287,-0.034281377,-0.058002133,-0.06898487,-0.052411556,-0.07176118,-0.06006141,-0.030475227,-0.027775336,-0.009804191,-0.047043823,-0.03177841,-0.07194324,-0.05878751,-0.08213169,-0.028409984
-0.055611704,-0.046529096,-0.05075071,0.027247304,-0.032343227,-0.060695946,0.0691532,-0.012668853,-0.038195115,-0.0010711366,0.027541226,0.030781208,-0.039042477,0.07265876,-0.017683083,0.036498412,0.027461637,-0.06457135,-0.03276726,0.023041535,-0.013006478,-0.04098172,-0.015533285,-0.008970463,0.026124801,0.06896484,-0.0055744057,-0.052966345,-0.05922873,-0.043969035,0.029516635,0.009041856,-0.012586514
0.014228505,0.02037966,-0.017505266,-0.012835692,0.013111533,0.042077675,-0.00044188887,0.025450999,0.060032744,-0.013187831,-0.01386556,0.0012522793,0.07773158,0.06789371,0.06128702,0.08149598,0.06512375,0.020930592,0.06586612,0.026585633,0.07060884,0.02663804,0.07166479,0.018768055,0.068209454,0.05207633,0.056736358,-0.012423069,0.020348439,-0.024200998,0.033567935,0.08855471,0.07558539
-0.0142240655,0.060244307,-0.012640708,0.024049478,-0.016084857,0.051364128,0.036652382,0.07169449,0.038794145,0.020005887,0.02115694,0.041707262,0.06328486,-0.0108405845,0.015244217,0.075593024,-0.03818443,0.01768217,0.07572757,-0.012673139,0.025561715,-0.04959871,0.0611381,-0.027353091,0.043644518,-0.018027896,0.04234951,0.032968957,0.077797085,0.07142361,0.012851534,-0.00077078666,0.047977574
0.035557475,-0.05733229,-0.021745317,-0.045916915,-0.006321545,-0.048899475,0.00035535978,-0.03571395,-0.010676566,-0.0056058727,-0.06358749,-0.0679496,-0.024235632,-0.00824463,0.059793606,-0.055608246,0.02515675,-0.06127885,-0.08189241,-0.009341678,-0.036147535,0.023335524,0.0143591445,-0.0472736,-0.0006022409,-0.014362212,-0.057657577,0.044898886,-0.053539827,-0.011007649,-0.037034065,-0.046738263,-0.059057873
0.057021827,0.03466949,0.032747887,-0.03069267,-0.017211618,0.004951747,0.0026366354,-0.021246247,0.010284586,0.050565414,-0.016295925,-0.009973678,-0.015919361,-0.051892035,0.00863221,0.045912314,0.002228052,0.016653173,0.035800036,0.01267102,0.038826946,0.0005539426,-0.039720364,-0.0028125104,-0.0069963653,-0.041654468,0.039372068,0.030048672,-0.03496267,-0.037598062,0.04756552,-0.041688465,0.014962059
-0.052221674,0.00224576,-0.018943692,-0.0033530816,-0.030915549,0.016809694,-0.0048089167,-0.0123968385,0.06212042,0.008442495,0.03953497,-0.023213265,0.0059436536,-0.024773331,0.024833843,-0.035553124,-0.036305517,-0.0055795405,0.010027054,-0.060176875,-0.042295218,0.0049517876,-0.07867069,-0.026730219,0.06480309,-0.024503082,-0.04523675,-0.071003504,0.010455563,-0.041464947,-0.02942722,-0.05465981,-0.01766077
-0.02520999,0.0075398535,0.016408782,0.008387793,0.0137963295,0.05407241,0.02339532,0.022853285,0.028145604,0.03437472,-0.036350727,-0.027265195,0.026300592,0.052028887,-0.030613074,0.026418056,-0.010430298,0.013303236,0.01987451,0.010936973,0.027134234,0.024912378,0.07372921,0.048341293,-0.023120033,-0.018536588,0.018036295,0.0608725,-0.010045362,-0.03078534,-0.0464193,-0.048531465,-0.002390207
-0.047130324,0.030708145,0.02517698,0.060739826,0.008146696,0.05967176,-0.041428212,-0.07454783,0.04812545,0.018579025,-0.04254215,-0.06279513,-0.022350071,-0.032943852,0.0008748938,-0.049677517,-0.04037363,0.02234017,-0.0060728313,0.018403402,-0.010556253,0.017627941,0.010724395,0.034135327,0.040286455,0.014169362,-0.014952372,0.017728047,0.032856204,0.06386538,0.015105263,0.05311035,0.022696065
0.034220174,-0.045703482,0.07159386,0.05507095,0.053458985,0.05963874,0.072555274,0.006674769,0.02925482,0.02523826,0.04125524,0.020539382,0.019692278,0.03930108,0.037242673,0.031229118,0.012720184,-0.019766835,0.032572605,0.06526357,0.039178748,0.06586281,0.017472534,0.05431465,0.039694536,0.025595136,0.03125071,0.0105955,0.04433806,-0.031494856,0.0538435,0.069457956,0.06976019
0.044241883,-0.005112659,0.032297947,-0.0042719785,0.030511236,0.018133815,0.07266025,0.066242605,0.020828933,-0.024907973,0.047468577,0.06319093,-0.005034938,0.039268702,0.054976564,-0.025895141,0.06091874,-0.07062548,-0.031558707,0.020914044,-0.0023712346,0.056593947,-0.016291915,-0.005557988,0.003283116,0.07278937,-0.025835507,-0.02740111,0.049516242,0.012144708,0.025208564,0.0028831623,-0.009437822
-0.06434586,-0.06048925,-0.064667106,-0.06453498,-0.024605278,-0.047565833,-0.07326688,-0.034404058,-0.023194814,-0.06703717,-0.06847269,-0.064170666,-0.04406392,-0.024272064,-0.06920167,-0.07632789,-0.06386289,0.010382504,-0.07055509,-0.035875306,-0.028936613,-0.07300009,-0.0033081186,-0.026248794,0.031070286,-0.06447043,-0.076369725,-0.04943772,-0.079474345,0.021703474,-0.058571257,0.020486115,0.023537194
-0.02467997,-0.02576212,0.029172447,-0.056296773,0.022488292,-0.058318537,0.024422307,-0.017602215,0.0036314097,0.012859864,0.07588848,-0.066065654,0.0034607109,-0.06552025,0.021880858,-0.05116496,-0.058809716,-0.0059348745,0.00943918,-0.020171678,-0.00022754945,0.0056476053,0.031201923,0.0037036506,-0.008955247,0.026505211,0.029939936,-0.0042989003,0.004393982,-0.05158247,-0.05679822,-0.0350149,0.05134428
0.027759342,0.02731734,-0.006407761,-0.040484734,-0.039897013,-0.031249216,-0.018986097,0.045588087,-0.039437152,-0.0021397946,0.065645255,-0.02257279,-0.038983025,-0.005871484,-0.005739342,-0.0001235185,-0.027881272,-0.010697618,-0.04329184,-0.005734968,-0.008233969,-6.941582e-05,-0.0720295,-0.04356558,-0.042087615,0.0026435251,0.011147065,-0.056191478,0.016349874,-0.0114338845,0.026004583,-0.09397372,-0.04979451
-0.009324614,-0.032580562,-0.060722854,-0.041067235,-0.057083793,0.005204046,-0.017164864,-0.037887733,-0.040848516,-0.06879692,-0.01739911,-0.01728616,0.060940575,-0.04884873,-0.0754598,-0.0060668495,-0.06192767,0.021200027,-0.037892897,-0.04187818,0.045033917,-0.0800232,-0.049207497,0.027687106,0.011885802,-0.03332627,0.03562154,-0.06632999,0.06686115,-0.015243451,-0.06952808,-0.0659838,-0.04484411
0.07885516,0.0648745,0.04831854,0.06681031,0.06320001,-0.0026369812,0.047359042,0.040727645,0.06985368,0.045420617,0.001978015,-0.043081444,0.029894013,0.044268195,0.043449502,0.04068249,-0.0072532273,0.067842,0.0022450844,0.04525295,0.023671394,0.06318457,-0.008157917,0.07724358,0.061908863,0.06889382,0.08247023,0.007751876,0.040510856,-0.06309283,0.037646778,0.03400129,0.07746266
-0.058274794,-0.075834684,-0.06586806,-0.07378436,-0.06118244,-0.07676351,-0.0673079,-0.081864744,-0.047021307,-0.07337201,-0.07022798,-0.06469929,-0.08139929,-0.07210723,-0.0671521,-0.07947332,-0.07398391,-0.07116746,-0.053274937,-0.06943457,-0.08041517,-0.07712819,-0.076822765,-0.0790367,-0.0741635,-0.075905934,-0.06525403,-0.051967062,-0.07145191,-0.04988013,-0.06477541,-0.07365039,-0.077726275
0.03563955,-0.01720722,-0.008305095,-0.0002789662,0.04644182,0.02446178,0.04823912,-0.013132405,-0.080359004,-0.017913034,-0.07471705,-0.044965792,0.03687033,-0.05565208,-0.03180569,0.056688443,0.04486907,-0.011899277,-0.025645433,-0.0030619034,-0.0015645106,-0.00042981337,-0.011928944,-0.016950784,0.015463171,0.024743626,0.0195892,-0.033060282,-0.047405843,-0.05942228,-0.03782913,-0.04763415,0.024889668
0.08027193,-0.03859612,0.0026479694,-0.03321003,0.02861004,-0.04939434,-0.037682626,-0.034330353,-0.0012223244,0.027131032,-0.023181882,-0.047575925,-0.050628904,0.02382704,-0.06444268,0.006632279,-0.03755041,-0.068685114,-0.046895932,-0.005438926,-0.05442176,0.040485892,-0.03817605,-0.02984229,-0.05530189,-0.015097459,-0.008204274,-0.007598085,0.03303227,-0.056835674,0.02136543,-0.05013762,-0.07798563
0.034773264,0.05490933,0.014965444,-0.02108685,0.013259417,-0.043178715,0.003888714,-0.024058627,-0.00095527427,-0.044768244,-0.010375487,-0.058531776,-0.07165161,-0.011351359,-0.061461985,-0.019921292,-0.037289135,0.03685789,-0.013926473,0.021661323,-0.054860923,-0.0060176677,0.014742204,-0.006030186,-0.015631301,-0.028434606,-0.01720371,-0.015705943,0.031328797,-0.0027098441,-0.009793695,0.02755375,0.011283489
0.050728332,0.020975722,-0.01734475,0.051774032,-0.060392663,-0.030507289,-0.049549043,-0.010028471,-0.07282402,-0.027216477,0.009022793,-0.046184707,-0.060500346,0.014304127,-0.022481278,-0.007022236,-0.005047372,-0.0234415,0.033923905,-0.032637797,-0.04104287,-0.031785265,-0.051237885,-0.0025368577,0.018068152,-0.049232427,-0.014253655,-0.064326845,-0.056890275,-0.02221165,-0.04380019,-0.052084442,-0.032638595
-0.028813904,-0.008066258,0.02072703,3.5002417e-05,-0.009508661,-0.030719915,0.011797389,-0.028238798,0.07034155,-0.046140533,-0.032500423,-0.042843413,-0.013555367,-0.036870025,0.040520977,0.0057452223,-0.050557468,0.049531303,-0.011168684,-0.04283376,0.0014433712,-0.010026124,0.061737217,0.07531556,0.00648134,-0.05249864,0.0098668225,0.03842017,0.053542085,-0.014310841,0.028342899,0.05006392,0.040230867
0.08596797,-0.029675279,0.022864796,0.008868825,0.06079378,0.00073948206,0.03471644,0.011289213,0.0037787633,0.022168422,-0.015934324,0.037913807,0.065794736,0.022556577,0.06028567,0.031005645,0.008593394,0.029308842,0.052037407,-0.023995128,0.067564495,0.064872846,0.043082617,-0.0048415186,0.055324826,0.06973936,0.016900895,0.033902016,-0.010200173,0.010117988,0.033083256,0.057732087,0.023247834
0.03269846,-0.016780244,0.016484803,-0.02857388,-0.04643723,-0.05467804,-0.02326237,-0.04787439,0.034297436,0.020127319,-0.027302315,-0.02837015,0.03236156,0.009608494,0.05475911,-0.031229416,-0.039786004,-0.053429894,-0.034350503,-0.00419238,-0.06668239,-0.035832576,0.014466879,-0.035871882,0.05234932,-0.022358045,-0.07888915,-0.057590798,0.0007037436,0.07184244,-0.017111097,0.044915587,-0.02878806
0.06309142,-0.017824383,-0.009102476,0.0287784,0.018776441,-0.02037084,0.037979517,0.035628773,-0.010093929,0.028874641,-0.043127343,-0.050692547,0.0679805,0.061545487,0.040722817,0.050356373,0.0005226875,-0.012860451,0.01727693,0.037616115,-0.0072154524,0.055552144,0.013790686,0.00832979,-0.031796485,0.014765657,-0.0015534281,0.017684648,-0.03178554,-0.0051049506,0.04646766,-0.019351078,0.029485181
-0.022664791,-0.03844251,-0.027806811,-0.061316922,-0.054044656,-0.011662445,-0.000121289966,-0.058439698,0.045450833,-0.058969475,-0.015916055,-0.020954765,0.014385895,-0.040533338,-0.056488045,-0.029640628,0.0176854,0.025935974,0.023867562,-0.055965964,-0.040219203,-0.017141819,-0.039072096,-0.01655402,-0.045098547,-0.0476118,-0.016437134,-0.039645225,0.03854231,0.046088133,0.020684822,-0.002230087,-0.04348091
0.04411604,0.06278259,0.037361816,0.0052202423,-0.006964292,0.031110004,0.040566072,0.040292397,0.04981745,0.06956457,0.06322061,0.025458522,-0.019520288,0.048533715,0.032549225,0.046320073,0.019243171,0.04038549,0.005670446,0.037975777,0.032635905,0.044261638,-0.019967023,0.070218496,0.028792351,0.05665528,0.08232963,-0.025190504,0.034093607,0.010282789,0.03755446,-0.03594275,0.023263426
0.0194856,0.059641287,0.06515153,0.072323315,0.0038665878,-0.0668786,0.058816757,0.053593304,0.042834654,-0.02290024,-0.012657024,0.057235513,-0.061397564,-0.046462767,0.0393027,-0.058804642,-0.045030773,-0.027245505,0.045774132,0.05476795,-0.007888234,0.0596168,-0.010777167,-0.003617721,0.06284354,-0.00015376807,0.01821876,0.06651293,0.012175959,-0.017063593,0.07524301,0.025820043,0.02862236
0.026716325,0.038072873,0.0011611126,-0.024612041,0.06053314,0.043102037,0.0074852374,-0.051735707,0.018281715,-0.030542074,0.05799344,0.009339874,-0.014222439,-0.016608166,-0.029747082,0.055609535,0.013542853,0.02392507,0.019201795,0.008656783,-0.061719377,0.03660879,-0.022567628,0.057394896,-0.019657219,0.036855057,-0.016584348,0.030819578,-0.077199586,-0.034571886,-0.035208195,0.0148073165,-0.009794803
-0.026961304,-0.023821043,0.076970175,-0.026531117,0.039573554,0.027025517,-0.017574046,0.011989555,0.05723295,0.0067511722,0.037026737,-0.03263035,-0.05175081,0.011734866,0.06624597,-0.023929592,0.013177894,0.033023525,-0.041289613,0.04686866,-0.040399972,0.049453456,-0.032657374,0.050419863,-0.030948628,0.03217742,-0.043523133,0.021748368,0.022747388,0.051410783,0.058358356,-0.046604976,-0.033470515
-0.042499308,-0.037928794,-0.051157854,-0.08053533,-0.056964856,-0.0540146,-0.023631768,-0.06968259,-0.025941877,-0.020948308,-0.054014556,-0.043508537,-0.07074845,-0.069000624,-0.07913163,-0.07102089,-0.07298707,-0.06268071,-0.069774956,-0.021820914,-0.027035601,-0.020290263,-0.026359767,-0.056367345,-0.07373414,-0.069860816,-0.06323315,-0.03917773,-0.073008485,-0.05716849,-0.016032763,0.030675,-0.04383124
-0.08007959,-0.06525945,-0.06955194,-0.07120457,-0.07787606,-0.066806905,-0.07598967,-0.063844875,-0.06661878,-0.076847516,-0.06863927,-0.06638864,-0.060532834,-0.062099494,-0.07576612,-0.073887244,-0.07007351,-0.0748041,-0.0675434,-0.07283718,-0.0700691,-0.076569945,-0.077301234,-0.06796126,-0.06235834,-0.050703857,-0.06970536,-0.045772772,-0.059652258,-0.024962228,-0.07145129,-0.07314138,-0.07200835
0.008704816,-0.024355525,-0.047814395,0.0129378205,-0.032425363,0.01764805,0.014121897,-0.010874398,0.03322494,-0.02967621,-0.031253107,-0.016194768,-0.013867649,0.03536557,-0.001309647,-0.030090833,-0.017023332,-0.008640133,-0.013045586,0.033185452,-0.0050227316,-0.0058879945,-0.01575836,0.0032537612,-0.015795678,0.013072017,-0.0010885337,-0.0018957215,0.04204277,0.011471754,-0.011333337,0.0072015626,0.0003257703
-0.028236149,-0.06615527,0.03628803,-0.021718938,-0.034828074,0.028450087,-0.034030624,0.00021035552,-0.017057044,-0.018353924,-0.062175766,0.015835084,0.032136187,0.01590531,0.0006660513,-0.039887927,-0.014793911,0.0062483074,0.03377162,-0.018989619,-0.028387962,0.022937853,0.005799211,-0.022696514,0.03201227,-0.018588386,-0.016265843,-0.037266213,-0.0038735499,-0.011782127,0.03521205,0.06645893,0.012828981
0.06661311,-0.0113521125,0.03653922,0.014560087,0.025167836,-0.004047969,0.06872297,-0.0019111852,-0.01399051,-0.011396918,0.020897992,0.034426782,-0.030343309,-0.0057407985,-0.029385015,0.048294764,0.06337545,0.023150697,-0.016762016,0.02130656,0.017012898,0.0077128983,0.0734651,0.06199607,0.0074444055,0.0549181,-0.042987786,0.033810776,0.04104125,0.07851038,-0.0048944424,0.015187687,-0.03575755
-0.043066606,-0.027223147,-0.048984252,-0.060506906,-0.06151195,-0.050217405,-0.076736376,-0.073050566,-0.055750255,-0.05751202,-0.03576902,-0.04563778,-0.07339878,-0.0553657,-0.06494898,-0.07621454,-0.062363297,-0.040383387,-0.033400297,-0.05961251,-0.07257975,-0.041537624,-0.06164485,-0.049377587,-0.056057714,-0.056426242,-0.034809504,-0.033808064,-0.041947383,-0.027738724,-0.03131292,-0.06970278,-0.068055734
0.014769754,-0.072923504,-0.02845927,-0.021848554,-0.0065454957,-0.0621837,-0.062270828,-0.06642929,-0.021808768,-0.057720385,-0.027397562,-0.046301063,-0.057334762,-0.06422366,-0.030207483,-0.06420479,-0.0669317,-0.023070691,-0.015805535,-0.0708647,-0.057095453,-0.043850552,-0.038277324,-0.057686348,-0.060775984,-0.053967234,-0.039029762,0.018419882,-0.026498266,-0.016652582,-0.061384168,-0.056920078,-0.06472312
0.022410747,-0.04650659,0.0074124816,0.008441177,-0.014206404,-0.066082634,0.03975569,-0.06615976,-0.08080334,-0.03236179,-0.067043096,-0.0065158177,-0.07891727,0.015796674,-0.04040048,0.0068578506,-0.062480398,0.0065712263,0.05011647,-0.029617392,-0.0017826316,-0.012134813,-0.038333092,0.009945822,0.02922906,-0.055705808,0.025656248,-0.007931392,0.0005363133,-0.07462541,0.006919536,-0.0033790083,0.023345022
-0.037101567,0.043888494,0.06316819,0.078134306,0.048221305,0.06078472,0.077741824,0.014226125,0.027259082,0.07014042,0.051233742,0.047916483,0.04008383,0.0006622399,0.04302096,-0.06677822,0.025803328,0.023158012,0.057847783,0.036070615,0.0063837767,-0.040989608,0.04825782,0.018702656,-0.04671639,0.016199984,0.025807733,0.06680694,0.011384747,-0.020837449,-0.04865842,0.04720258,0.036152136
0.020876925,-0.02528711,0.050974097,0.03015537,-0.08215966,-0.0303091,-0.018034538,0.018970028,0.0056586787,0.011307401,-0.031251155,-0.02726345,-0.007616133,0.049360782,-0.031706348,-0.02349718,-0.06615992,-0.056338973,-0.013209801,0.0018114075,0.006373378,-0.0111239115,-0.05672712,-0.033787407,0.036032803,-0.071578324,0.002596691,-0.02431042,0.0028661278,7.443146e-05,-0.016985178,-0.02654837,-0.011951371
-0.052756503,-0.046280913,0.042417586,-0.017954702,-0.05763352,0.03217158,0.025276337,0.022431271,-0.049848404,-0.002565231,0.05781624,0.040196165,-0.07116921,-0.05847436,0.012436532,0.02822601,0.05159744,0.00751841,0.032694317,0.001493535,-0.026760364,-0.026555862,0.011354672,0.02352699,-0.053844333,-0.04454866,-0.032732684,-0.05482574,-0.07371391,0.035360903,-0.059628073,0.02763252,-0.06119563
-0.06533888,-0.021783967,-0.02323699,-0.06423247,-0.041383885,-0.048621856,0.019686732,-0.043312564,-0.034718446,-0.057249293,-0.03474766,-0.034677356,-0.026008017,-0.055798,0.019832248,0.06373222,-0.042613085,-0.016049085,-0.0021942148,-0.05197974,-0.0028995688,-0.061346136,-0.0048415144,-0.052161615,-0.042505026,-0.04415364,-0.052549094,-0.013932559,0.044585016,0.027369937,-0.055251546,0.06938994,-0.006998027
0.00084755075,0.021535603,0.03428234,0.007175771,0.04746666,0.038789313,-0.057917718,-0.021616984,-0.0055356505,0.06299825,-0.040189374,-0.037712976,0.02603221,-0.0015879859,0.044889715,0.029605191,0.051446665,0.07105442,0.024576737,0.037323944,0.07786005,0.0131865,0.054752268,0.06061344,-0.03347267,0.060814008,0.06342862,0.06983331,0.06780858,0.066767335,0.02797941,-0.03667616,-0.0058504175
-0.042444315,0.06697398,0.020954505,0.0418105,0.037186734,0.02992576,-0.005959367,0.06275513,0.008590248,0.039675605,0.004933233,0.013135057,0.063995585,0.044206724,0.03371904,0.02580082,0.0008771163,0.0020625766,-0.04018827,0.019977156,0.005813729,0.05146454,0.067055956,0.05102925,0.042198695,-0.008836079,0.00021166563,0.03792334,0.023294862,0.03622574,0.030496499,0.0077249934,0.04888393
0.037947234,-0.0075213094,0.030785743,-0.011052155,0.03256194,-0.00069170224,0.022403814,0.019312656,-0.024544286,-0.029091043,-0.03136564,0.058651224,-0.034785688,-0.038539056,0.03402151,-0.04496136,0.020339416,0.020757262,0.011484063,-0.046926405,-0.052697264,0.02295095,0.031430636,0.030699173,0.033171546,-0.0057502785,-0.04810058,-0.020648342,0.061871286,0.041477397,-0.008241371,0.045632172,-0.023781579
0.07512945,0.033844016,-0.018865235,0.07113186,0.022974083,-0.0038081198,0.035450783,-0.017896192,-0.0025593215,0.009274888,0.045778155,-0.01204034,0.046184245,0.06798802,0.039885882,0.0757608,0.0415272,0.05785568,0.06186995,0.027052127,0.052660808,0.015382934,0.06956044,0.042032816,0.024439212,0.01638777,-0.0035852443,0.043599814,0.041036118,0.010126956,0.054351896,0.07218725,0.0057702377
-0.018142326,0.018519508,-0.062657975,-0.024532974,-0.02560622,0.026904443,-0.009592414,-0.012494719,0.019813096,0.026627736,-0.0029326356,-0.020613926,0.024250088,-0.039249048,-0.04200857,-0.0120679755,0.045702595,-0.04123142,0.013104335,0.00029877695,-0.01694725,-0.034938823,0.0045339987,-0.021341396,-0.04106331,0.020707153,-0.022652766,0.045131613,-0.050488684,-0.011045973,-0.032800596,0.005806932,-0.03877471
0.013683791,-0.013799249,0.0023781296,0.046245653,-0.004674094,0.039589405,-0.0023522496,0.026276408,0.045344744,0.051654473,-0.013068274,-0.049285498,0.043440033,-0.0019852247,-0.072696045,-0.0118922405,0.019108346,0.020503186,0.014833166,0.052732915,-0.024073638,0.041112337,0.010948593,0.018656291,-0.03652834,-0.013236916,-0.02005344,0.017572045,0.04654785,0.06864632,-0.02724385,-0.0066007427,-0.052834727
-0.018531337,-0.028270932,-0.029345497,0.043100666,-0.019038543,-0.024346014,0.028010326,0.013314551,0.06256528,-0.05617777,-0.024791662,0.038057357,0.015682274,-0.014177803,-0.004917202,0.076155595,-0.04607769,0.049071316,-0.034512263,-0.042964995,-0.072527945,0.024812534,0.0021566916,0.022946997,0.0177957,0.035102487,-0.0130247185,-0.033229157,0.028150504,-0.0017362762,-0.024084287,-0.0032013564,-0.027007816
0.022664748,0.0020331722,0.017770208,0.039882384,0.020502778,0.05626447,0.018313,0.008104366,0.021147594,0.021188226,0.048574686,0.009723314,0.026818575,-0.0015504803,0.0440086,0.038741995,0.057922076,0.07796917,0.021550914,0.028151695,0.011328576,-0.024436709,0.007206859,0.038462613,0.03983061,0.022473585,-0.010707,0.040541757,0.033178147,0.01177913,0.014553115,-0.02435855,0.0067265127
-0.044370048,-0.02454096,-0.06835555,-0.06466047,0.037811864,-0.063942924,-0.025845896,-0.056421794,-0.017226432,-0.07182663,-0.04369277,-0.051063813,-0.069243476,0.011123962,0.019180914,0.07643396,-0.07373406,-0.06260951,-0.024554996,-0.049538508,0.06753316,-0.08063092,-0.028963644,-0.060596596,-0.05783149,-0.06614517,-0.08480614,-0.0701614,-0.0438349,0.015785301,-0.031445485,0.00070852286,-0.07561348
-0.083321765,0.04969489,0.0060004257,0.01386985,-0.008195755,-0.014540205,0.0502229,0.014075844,-0.010720702,0.009355361,-0.0075248927,0.066744104,0.007938363,-0.05664701,-0.011056492,0.04757557,0.057421986,-0.0024070172,-0.024492802,-0.011778301,-0.005773666,0.012380416,0.047051612,0.013521048,-0.046901986,0.008625894,-0.050965037,0.03970528,-0.021276126,0.0043438454,0.015774304,0.053330906,0.039866988
0.05688417,-0.01590519,-0.046808332,-0.042508792,0.080672696,0.032103863,0.057479806,0.06421449,0.053357046,-0.021907197,-0.02761465,-0.070625335,-0.014849095,0.061524075,0.022759136,0.079524,0.07131345,0.012529971,-0.044724822,-0.01690306,-0.042134956,0.0724893,0.054671295,0.0724041,0.03482838,0.061698984,-0.06433462,0.01673812,0.062627934,-0.057860088,0.07170048,-0.003328561,-0.07541001
0.029032273,0.05768382,-0.02720824,0.032432158,-0.016156241,0.014750335,0.06598769,-0.027192507,0.033805087,0.064057864,0.014743128,0.038451016,0.08120037,0.066675805,-0.01850708,0.052465815,0.015572229,-0.011090421,0.06724409,0.039727706,0.0074548326,0.012583951,-0.006583619,-0.021806274,-0.02402552,-0.013853505,0.010470208,-0.044226877,-0.010708298,-0.081465945,0.046370707,-0.019612586,-0.044308387
-0.009173362,-0.07430942,-0.00618089,0.0370929,-0.049776874,-0.039479125,0.053485725,-0.0029914412,-0.030201646,-0.03289857,-0.007557107,-0.03215214,-0.05132009,-0.057355613,0.012772025,0.0039362665,-0.07464198,-0.0524835,-0.07255958,-0.03112283,-0.07408745,0.036156993,-0.057762854,-0.01917374,0.05073624,-0.056355447,-0.019926362,-0.014036632,0.06930308,-0.06638855,-0.016730864,-0.03202263,0.033714887
-0.034479063,-0.015841873,-0.06268528,-0.00075796177,0.04477277,-0.03981929,0.017460335,0.050449602,0.03185863,0.059675317,-0.009772569,-0.07323266,-0.025602533,0.03711643,0.025869228,-0.026222091,0.054404873,-0.061005507,-0.00375915,0.044994153,0.020082086,-0.05485963,0.0016301998,0.002385229,0.01977111,0.020479271,-0.03958728,0.049515795,-0.04824284,0.041227113,-0.040866204,-0.052516587,0.020805705
-0.015395682,-0.01869922,-0.041860055,0.07604456,-0.038007338,-0.026604794,0.025222246,0.01091088,0.06650003,-0.031071585,0.051068265,0.04625998,0.06517496,-0.04927383,-0.03071594,0.047348082,0.06507968,0.054943245,0.06660199,-0.034038763,-0.065686814,-0.023747237,-0.06114255,0.06015155,0.049247034,0.036173582,0.03769735,0.015559423,-0.01639111,-0.03900492,0.037380934,0.052511804,0.08179186
0.023846084,-0.009008363,0.058996644,-0.018619772,-0.014410755,-0.018455924,-0.026072184,-0.04741524,-0.07933508,-0.022686519,0.06516967,0.047265306,-0.08462997,-0.07545351,0.040737428,-0.058087453,-0.014275597,-0.0574249,-0.056219146,-0.02609939,-0.03306305,0.0057379245,-0.0325853,-0.030162212,0.041849647,0.059019625,-0.06338795,-0.03234555,-0.06612678,0.017113853,0.027117591,0.017678501,-0.035804674
0.024894979,-0.03541907,-0.019850885,-0.029025426,-0.028939476,0.011453849,-0.027757477,-0.014355042,-0.03669025,-0.04524073,0.0062579885,0.003048757,-0.049834955,-0.034679577,0.031838026,-0.0634583,0.009129067,0.015055152,-0.0446862,-0.05589234,-0.030962111,-0.019177232,-0.046550564,-0.03763779,0.003724239,-0.011388388,0.015480403,-0.035475887,0.0025494096,-0.011092347,-0.017754076,-0.062344372,-0.06421536
0.04958696,0.07778793,0.010888249,0.05966703,0.05268084,0.06576252,0.052976683,0.07450614,0.05885683,0.07205702,0.053286843,0.020021731,0.047803503,0.062774695,0.054453675,0.073881306,0.022914834,0.06051165,0.070888065,0.06997973,0.071358584,0.03520661,0.048685525,0.050408218,0.0641282,0.02041577,0.041705895,0.068089165,0.06672421,0.05737444,0.046964858,0.088542186,0.059454747
0.006531895,-0.05569839,-0.024943542,-0.015360117,-0.0013231705,-0.0711847,-0.0061176294,0.026141096,-0.015214679,-0.043753967,-0.06161253,-0.04366274,-0.05160313,-0.046898674,-0.066839315,-0.07107242,-0.0655342,0.0019295629,-0.054523062,-0.027673688,-0.050916675,-0.062179025,-0.04324838,0.035065904,-0.06658727,-0.071665235,-0.07028655,-0.013788167,0.008645276,-0.03753611,-0.05107398,-0.015099351,-0.049189728
-0.050095253,0.055873644,0.05813683,-0.037462737,0.0638052,0.056021824,0.021724474,0.065662004,-0.08068706,0.052258186,0.023536298,0.019913565,-0.041398108,0.010422398,-0.08178867,0.055217616,0.004648001,-0.030003902,-0.03266597,0.06603437,0.07238155,0.053619966,0.013923133,0.06496625,-0.07768664,-0.012680815,-0.028326005,0.06108898,0.0016857933,0.014284495,0.05250276,-0.08241938,-0.041984968
-0.074733034,-0.07223381,-0.047232665,-0.070751645,-0.018069929,-0.039097514,-0.044611443,-0.06928195,-0.038830657,-0.046698544,-0.059895325,-0.022472288,-0.024630504,-0.03935869,-0.044354413,-0.07028058,-0.03336636,-0.0291306,-0.04681377,-0.022276664,-0.03402585,-0.06424111,-0.0047780257,-0.05841053,-0.038813915,-0.0327753,-0.054211024,-0.00020270127,-0.039676398,-0.0007659649,-0.044824995,-0.031119978,-0.039133817
0.033868723,0.0029275168,-0.023128869,-0.03778441,0.04545107,0.072123684,0.048384283,0.07106343,0.039490465,0.08476319,-0.07373352,0.0012706497,0.036732335,-0.050485224,0.041433968,0.006488817,-0.01758422,-0.05089051,-0.027610464,0.051273562,0.0438968,0.026834717,-0.04990724,0.0034601546,0.036144845,-0.0018166954,-0.010625664,0.075007744,0.02666286,-0.018638028,0.044087533,0.031434216,-0.06739924
0.0064828396,-0.05657359,-0.026568418,0.04661135,-0.051416803,0.021470955,-0.057301324,-0.06444129,-0.06774692,0.003664432,-0.06966325,0.023412239,-0.032146174,-0.027023053,-0.037918955,-0.079489626,-0.062629364,0.043443535,-0.032267,-0.03889958,-0.056357507,-0.030204136,-0.048134457,-0.010776724,0.0042601367,-0.045479294,0.0106721325,-0.05545152,-0.08253961,-0.0816997,-0.0414159,-0.07650154,0.040712003
-0.029985335,0.004305668,0.059101157,-0.02848743,-0.013093769,0.042840566,0.018332066,0.037838228,0.016221,0.017039703,0.080344334,0.058823925,0.067144014,0.021988405,0.07788251,0.04693022,-0.043032262,0.041092053,0.06750902,-0.011272188,0.045077186,-0.004017569,0.005695617,0.015136592,0.06713492,0.032451466,0.0029173407,-0.015096103,0.005543256,-0.023259452,-0.063147776,-0.016157301,0.06850887
0.078478575,0.08180271,0.055502985,0.065574415,0.062387593,0.08395126,0.063701995,0.07823903,0.085366406,0.078458466,0.04245787,0.065477066,0.07597896,0.037265692,0.042432636,0.08116253,0.056673437,0.08781377,0.04457392,0.060431797,0.0692877,0.063003644,0.08985236,0.06823929,0.056738846,0.070054956,0.08184935,0.07600078,0.07651771,0.07432279,0.053908944,0.08456557,0.06286458
0.082922064,0.06203514,0.038867958,0.041823752,0.0353151,0.07396037,0.039314706,0.06270379,0.06245215,0.064872764,0.02280129,0.052500613,0.035896517,0.0216215,0.07470245,0.00220706,0.019028077,0.056415748,-0.0011308762,0.018024297,0.053913467,0.06323996,0.032238517,0.016933458,0.06829349,0.07784817,0.058082517,0.0676903,0.050770473,0.07528462,0.051909626,0.04410531,0.009856185
0.05494876,-0.032773234,-0.0015584003,-0.03949334,0.07764987,0.03378564,0.017670259,-0.037091512,0.03300575,0.06384145,-0.054163873,0.013300552,0.023747755,0.053150795,0.023219764,-0.009501496,-0.02190421,0.035288416,-0.0415288,0.039111454,-0.021357693,0.048320167,0.05478251,-0.028611604,0.0154101,0.02874404,0.060429864,0.02485969,-0.046986513,0.008637217,0.063236594,0.033965725,-0.048861936
0.06500799,0.03939312,0.001506351,0.04135876,0.011790432,0.061947703,0.0064009596,0.06561428,0.053134847,0.015562604,0.055236153,0.04819752,0.06054205,0.02874252,0.03849585,0.07374042,0.06199329,0.006956446,0.060426895,-0.03671283,0.0540816,0.009683108,0.050974876,0.039732452,-0.0052591935,0.042274173,0.048918158,0.008863726,0.014023302,0.052092727,0.03377636,0.05980247,0.03495044
0.056721054,0.07670592,0.05704784,0.05182089,0.0005898213,0.07354865,0.061029825,0.0664095,0.037088316,0.065292396,0.062160775,0.031402204,0.07251896,0.058686137,0.0522879,0.06758159,0.068046026,0.050575424,0.059579473,0.05747439,0.053263146,0.06688366,0.06410554,0.0570165,0.06717397,0.030906118,0.058040313,0.025695246,0.07232966,0.060212906,0.068109624,0.026938958,0.04750342
-0.018493013,0.030511027,-0.051932413,0.053902224,0.017941084,-0.031492062,-0.0286248,-0.04097298,-0.004911498,0.072270885,0.04262723,0.021748615,0.057572737,0.026140714,-0.055721458,0.07369731,0.044573534,0.04188048,-0.03968045,-0.0011349467,-0.065904476,0.031637523,0.0032174548,0.017174033,0.02697454,0.04585998,-0.07686619,-0.011092131,-0.05818635,0.006431391,0.056037497,0.008806703,0.028722487
-0.037823476,0.011158315,0.041615013,-0.04801289,-0.0017836066,0.0161043,-0.003964335,0.045497198,-0.024179447,0.014280067,0.034450468,0.029022908,-0.0020020888,0.050447192,0.05273043,-0.015704663,0.006707073,-0.03293837,0.016022397,-0.0023534254,0.0010422743,0.004310945,-0.022087842,-0.027293293,0.008509783,0.03597835,0.020997519,0.010114664,0.007837117,-0.011724699,0.05289287,-0.011159538,0.022896226
-0.038375895,0.050952937,0.06838865,-0.060875166,-0.024710584,-0.04511641,-0.04131012,-0.017086674,-0.010139365,-0.051928,0.054669462,0.012184883,-0.07128684,-0.07719989,-0.054040123,0.00751736,0.033608913,-0.06939205,-0.059232704,-0.07299947,-0.08497633,0.029236237,-0.050167996,0.06388416,0.0011178872,-0.042668667,-0.023282027,-0.05012079,-0.008370282,-0.008291588,-0.07808819,-0.028063754,-0.018608881
0.042509746,-0.05418996,0.026716465,0.037359618,0.023198534,-0.06614829,0.02636818,0.05689628,-0.06743037,0.049650956,-0.028366387,-0.067245215,0.02486852,0.0022062804,-0.045078363,0.062145166,0.07667699,-0.018056605,0.0062545794,0.013053007,0.021271452,0.02288364,-0.03849876,-0.005023514,0.038970236,0.019588798,-0.032813895,0.03505795,0.01757556,-0.01912608,0.0177625,-0.06731123,0.022244038
-0.026268834,0.014263843,-0.0538872,-0.042120233,-0.025043786,-0.06427468,-0.058482565,-0.011594227,-0.052937448,-0.0141467,-0.029569421,-0.05355026,-0.023944812,-0.06246354,-0.04552951,-0.0438917,-0.053994924,-0.06268065,-0.044773582,-0.06444407,-0.011185228,-0.050988857,-0.035257272,-0.055601545,-0.060033493,-0.039592452,-0.04370807,-0.018551297,-0.040663373,-0.013133724,-0.06168711,-0.016464204,-0.035610747
0.075123005,0.0009006806,0.060932618,0.059249647,0.07528972,0.01385845,0.06640968,0.034204166,0.052237358,0.054687932,0.0345986,0.06440967,0.061815914,0.06082532,0.059921477,0.017108392,0.04626996,0.035668284,0.002118575,0.052042432,0.071943104,0.06552123,0.0717181,0.02326159,0.024146141,0.07047114,0.045535587,0.030352937,0.033590697,-0.022995347,0.0711122,0.05086317,0.051026523
-0.06333333,-0.049736593,0.01197753,-0.07567207,-0.005143217,-0.04559517,-0.07353579,-0.030376483,-0.059192576,-0.0588703,-0.0415682,-0.069466986,-0.07627,-0.07527434,-0.04770437,-0.056848593,-0.05386088,-0.046547033,-0.051345415,-0.04815001,-0.057131246,-0.037774373,-0.088707365,0.016293202,-0.054932795,-0.04188675,-0.067930125,-0.040365577,-0.010564098,-0.041744128,0.006923796,-0.025528776,-0.039229486
0.011893696,-0.050837226,0.075032905,0.04052946,0.043030083,-0.03927899,0.054733038,-0.015501001,-0.05196218,-0.010211347,0.05209335,0.05415896,-0.017953437,-0.000899025,-0.00012971717,-0.03154945,-0.039316967,-0.0019425219,-0.050854854,0.04615053,-0.061838564,0.0702338,0.029050399,0.056308012,0.02953267,0.060517523,0.028310878,0.017456993,0.036923956,0.038534943,0.07503163,-0.036524743,-0.045466855
-0.03963962,-0.011148838,0.020074103,0.02496175,0.06363917,0.020762099,-0.0018759383,0.037178844,-0.056700673,0.04038078,-0.053162023,0.030132562,-0.037686843,-0.07520392,-0.01844903,0.02904479,-0.022297874,0.04165047,0.041538965,0.014955597,0.0035188287,-0.005179907,0.06766106,0.026338454,-0.007495038,-0.018214736,-0.008446866,0.0732184,0.044598494,0.044219144,0.00035137343,0.028660703,0.03656891
-0.0035437404,0.01768568,0.032032367,-0.0021008025,0.025496608,0.031686142,0.048335966,-0.0072605107,-0.012488723,0.020775195,0.015845835,0.05056228,0.025594838,-0.05162105,0.005481085,0.031258952,0.06740135,0.04723747,0.053960502,0.006673059,-0.059768848,0.0511042,0.02027012,-0.004827809,-0.019747406,0.00512994,-0.013328603,0.041166734,0.02019876,-0.012218736,0.011013932,0.041325033,-0.040167805
-0.040313806,0.04966336,-0.03718303,0.0052269152,-0.036614887,0.0008242565,2.3990433e-05,-0.015556391,-0.014792195,0.014163899,-0.048433065,0.051887598,-0.017108515,-0.07659652,-0.054227646,-0.015344796,0.0069314227,0.009531706,-0.018575862,-0.06498504,-0.018751875,-0.06884377,-0.033629302,0.0040404634,-0.025994895,0.026405247,-0.026650826,-0.026209874,0.055883925,0.021919863,-0.017170047,-0.020380221,0.007430442
0.07379684,-0.053038888,0.03916054,0.02988712,-0.028949477,0.05867176,-0.017604928,0.024805758,0.06549442,-0.04210871,0.052103344,-0.0052787215,0.031687234,-0.025285091,0.02633331,-0.0018952884,0.004660702,-0.01764229,0.028628249,-0.042415082,-0.05185225,-0.034284756,-0.02549112,-0.0067580063,0.057461,0.062799565,-0.05754506,-0.061624505,-0.005459087,0.058513116,-0.0796964,-0.024903363,-0.062468056
-0.06962294,-0.015556215,-0.021159763,-0.031349935,0.045202177,-0.011849519,0.004025481,0.011910912,0.01675921,-0.050586328,-0.061247557,-0.01740076,-0.043121614,-0.016494114,-0.045858942,0.059622932,-0.065030545,-0.058095455,-0.016356131,-0.018011112,-0.02220285,-0.01844938,-0.0022446238,-0.05951013,-0.05211835,0.0020161844,-0.077123985,-0.0003306042,-0.005139132,-0.07258224,0.029713396,0.03094657,0.050430063
-0.012349315,0.021124827,-0.06367447,-0.056039795,0.07653861,0.036746826,-0.06354788,-0.013705046,-0.011346024,0.013403202,-0.008050169,-0.039554484,0.041953098,-0.04847904,-0.07622279,-0.034988523,-0.06864589,0.059752822,0.026786381,0.019275986,-0.0035879156,-0.06302316,0.010920763,0.031181343,-0.07051277,-0.05640263,0.04028481,0.04086949,-0.016408771,-0.060149066,-0.06514959,-0.052148663,0.040588465
0.0037145652,0.05370359,-2.5170211e-05,0.023777919,0.0071243234,-0.0015179057,0.05649761,0.0629192,0.0058521368,0.014573971,-0.034826234,-0.014563444,0.0005839615,0.026682619,0.014392797,0.055865176,0.05412358,-0.018094346,0.049634177,0.025034057,0.044777963,0.024121806,0.023206713,0.017321488,0.022471355,0.034912907,0.022966819,0.04786358,0.021335503,0.05269496,0.054348793,0.054156788,0.016658014
-0.023831716,-0.011582344,-0.047205154,-0.06221359,-0.037054278,-0.069599405,-0.039867252,-0.06492459,-0.04418924,-0.026183672,-0.049903806,-0.03741486,-0.01694137,-0.057723183,-0.050789762,-0.04273348,0.039571624,-0.05224103,-0.042922176,-0.025168018,-0.030502317,-0.045533534,-0.026355483,-0.03333602,-0.0577848,-0.066545784,-0.044340216,-0.013187165,-0.042675145,-0.0509861,-0.04221688,-0.025125152,-0.06999989
0.007057743,-0.05346017,0.016756995,0.026231317,-0.04593829,-0.050332654,0.010059974,0.053220626,0.018579645,-0.03165837,0.060018063,0.050578654,0.009873032,-0.03175895,-0.0010868117,0.01948471,0.057395555,-0.05791513,0.017580334,-0.066394664,-0.08460317,0.01711711,0.07618623,-0.0712323,0.034062196,0.02135073,0.060611658,-0.022054879,0.042391613,-0.0398393,-0.044666644,-0.023279943,0.025548417
0.027030922,0.00074201974,0.010040806,0.045260046,0.0106491335,-0.06661089,0.05013097,0.016965574,-0.01584145,-0.016545989,-0.012843568,-0.014370506,-0.0134520335,0.0560343,-0.013374718,-0.037559472,0.06414825,-0.032239024,-0.012363407,0.02950944,-0.046153482,-0.016070329,-0.0048257154,-0.04254764,0.025636528,-0.020764982,-0.060720365,-0.0068513374,-0.06943756,0.0069138343,0.05311494,0.0007658131,0.03836224
0.018474855,-0.06338053,-0.045336034,-0.040935203,-0.05725688,-0.018381543,-0.052605145,-0.023052111,-0.03588613,-0.02077359,-0.036636032,-0.034831576,-0.035176016,-0.05824649,-0.063962504,-0.018051235,-0.05387916,-0.054096486,-0.05937005,-0.041530047,-0.05280063,-0.05395147,-0.07665482,-0.07497649,-0.053006813,-0.02741349,-0.024987534,-0.0051347055,-0.057710785,-0.027180063,-0.064229935,-0.028365158,-0.0335586
-0.0023080434,0.04728079,-0.062483344,0.00011888104,-0.06164685,-0.033607937,-0.046853226,0.021488927,0.07607193,0.04653027,0.074982725,0.0052179894,-0.06980071,-0.043329112,0.048095386,0.038321234,-0.02924056,0.01098627,-0.005241201,-0.015717173,0.0036893764,-0.06451164,-0.08493441,-0.009431438,-0.047790244,-0.01814851,-0.03415284,0.004685054,-0.024986194,0.017731095,-0.003934735,-0.0009159079,-0.018691558
0.060442068,0.011800638,-0.07012497,-0.07214086,-0.056427162,0.0078049577,-0.0504989,-0.0525278,0.00935062,0.005628017,-0.046654146,-0.06294841,-0.03716299,-0.06897537,-0.077259265,-0.0308749,-0.045641836,-0.027055547,-0.06792413,-0.056512106,-0.023190016,-0.03864126,-0.032130674,-0.06898037,-0.061404906,-0.06635388,-0.029718237,-0.076936446,-0.04549984,-0.036743857,-0.01597118,-0.011183696,-0.05811379
0.04479927,0.07095625,0.045105886,0.015782008,0.06724046,0.010056193,0.018978179,-0.0175631,0.030536262,0.0025594935,0.053352926,0.05283843,-0.016761648,0.0076151714,0.04593501,0.08112957,0.06403986,0.026268885,0.058926392,0.029759672,-0.019555641,0.044606406,0.071742386,0.04468107,-0.03246724,-0.0011027964,0.049912527,-0.030638326,-0.031518888,0.043332476,0.024900444,-0.019535834,0.0717834
0.052031003,-0.010169621,0.07500474,0.061141055,0.07675556,0.01619014,0.03597262,0.03240777,-0.010722717,0.03105118,-0.06325995,0.06769699,0.0249403,-0.060323752,0.028905908,0.031134175,0.07708532,-0.009112624,0.05057457,0.039112017,0.014523619,0.059714254,0.024337878,0.057974145,-0.0034483126,0.023873,0.023932789,0.04409522,7.726457e-05,0.008590198,0.065617956,0.03082513,-0.04257675
0.0059133624,-0.017535476,-0.00883794,-0.058280144,-0.0055634184,0.018027188,-0.05894573,-0.06996659,0.003697393,-0.012597718,0.024392283,0.056754414,-0.006407074,0.041503858,-0.036649935,0.01888032,0.058665372,-0.027688194,0.08054576,0.04862939,-0.044557203,-0.04958879,-0.0054183286,-0.040954154,-0.06859209,-0.041742347,0.01617342,-0.009626583,-0.049779374,0.014506477,-0.027841752,0.00164609,-0.05493074
-0.054521453,-0.06530928,-0.037123136,0.03483908,-0.06902119,-0.065154724,0.0070086922,0.023279889,-0.0022491042,-0.0306926,-0.060034767,0.046467148,0.003796968,-0.058008894,-0.06909527,-0.024818556,-0.0046506417,-0.0051682517,-0.048160456,-0.040500354,-0.029687578,-0.063240275,-0.060279228,-0.06278894,-0.041014135,-0.075921424,0.010897685,-0.0071984683,0.031687513,0.028305162,-0.052515946,-0.017699553,0.038293827
-0.016496092,0.02074281,0.04210309,-0.029307907,0.016389292,-0.0109763015,0.020372579,-0.056311257,-0.049631715,0.01757448,-0.04256433,0.03801556,-0.010854741,0.00047146445,0.020077659,-0.024907475,-0.024427777,0.037487004,0.0353945,-0.04549885,-0.031233765,-0.03616977,-0.07799281,-0.0062813526,-0.0006988664,0.024972357,0.02041689,-0.03535182,0.002401192,-0.034658432,-0.038306896,-0.025325354,-0.010290185
0.06407421,-0.009952656,0.026455646,-0.00021445984,0.038157396,0.03405791,0.02438696,-0.07419158,0.04965187,0.024002088,-0.058690194,-0.0063474732,-0.009058546,-0.0078082574,-0.010056933,0.03709315,0.039081946,-0.019347074,-0.01554244,0.024323821,0.027662631,0.021471485,0.034368116,0.03486317,0.020055767,0.00018978558,-0.0128293745,0.072136484,-0.045068834,0.009177331,0.026444023,0.031640805,-0.024520246
0.03908488,-0.07340315,-0.027459648,-0.055272773,0.051956452,0.00035179933,-0.07142389,-0.053051636,-0.05204272,-0.0507846,-0.03497655,-0.062772796,-0.043891028,-0.06579495,-0.053178992,-0.03832466,-0.07335541,-0.028404376,-0.06910077,-0.03705217,-0.0695338,-0.0061828615,-0.019626481,-0.05488098,-0.04030888,0.017084371,-0.0518751,-0.007963536,-0.031420924,0.009577473,-0.024155935,0.055624384,-0.06871906
-0.026009016,0.064890355,-0.016795157,-0.0131027475,-0.017715964,0.022460822,-0.041381955,-0.003823977,0.02672866,-0.02013116,-0.0013707875,0.05659057,-0.04828981,-0.063915156,-0.05625177,0.044051487,0.032630924,0.0066445973,0.06388621,-0.07629734,0.005194375,-0.021376507,-0.0233199,-0.047564786,-0.05218021,0.017937364,-0.06993666,0.008037826,-0.023335243,0.0204649,-0.035401363,-0.03847399,-0.05253465
0.00037227458,-0.017123139,-0.016837751,0.0007503749,-0.0011801376,-0.065148644,-0.06434234,-0.05217516,-0.015809767,-0.023580914,-0.030194197,-0.017419321,-0.031705335,-0.058506627,-0.03190932,-0.058325253,-0.055747215,-0.028914306,-0.07995366,-0.05706773,-0.04618804,-0.018363874,-0.014094415,-0.03367233,-0.023073284,-0.06810228,-0.06349411,-0.036852818,0.052220758,-0.02528002,-0.02169198,-0.04644674,-0.054783076
0.055581667,-0.04629873,-0.04088012,0.038397618,-0.01616877,-0.012034648,-0.022452142,-0.043084785,-0.0018923153,-0.07312565,-0.038497582,-0.0023322355,-0.027025718,0.002547104,0.02600032,0.066712104,-0.053371016,-0.0528808,-0.0078030694,-0.07186026,0.023166917,-0.0053659813,-0.05963149,-0.057191152,-0.0053522196,-0.0213758,-0.0064979168,0.016883472,0.046180226,-0.027890835,0.054982867,0.025016258,-0.033483155
0.04498546,-0.006333673,0.020141367,-0.05693642,0.006959322,-0.014733924,-0.057970602,0.016979227,0.03724596,0.0003471664,0.0056934813,-0.013944455,0.0043160347,-0.016694143,0.0036747274,-0.057117335,-0.016696671,-0.017196136,-0.045482095,-0.052758176,0.014830748,0.010668826,-0.0155671695,-0.03193564,-0.052119695,-0.0043077334,0.025393639,0.045855224,0.015934143,0.021518428,0.0015417971,-0.06854897,-0.03550903
0.056498453,-0.046034373,-0.071806885,-0.051017117,-0.021684961,0.020545539,0.036596615,0.0018023867,0.030624112,-0.0046331272,-0.03033889,-0.007507742,-0.02164627,-0.015669612,0.005356772,-0.014215667,0.049706195,-0.00953361,-0.065943465,0.0032811188,0.017876953,-0.003323686,0.047587354,0.061104402,0.046451658,0.04870076,-0.047792695,0.047491726,-0.0013979838,-0.058342356,0.032794464,0.032979984,0.015052177
0.043627813,0.032459065,0.050752424,0.064953305,0.039084826,0.055659246,0.028346905,0.0010319303,0.022662532,0.039553057,0.027361356,-0.009639915,0.06214659,0.07213043,0.053718098,0.019351723,0.037070338,-0.022910671,0.049805112,0.04752838,0.025442032,0.025588267,0.019797841,0.03978332,0.06072223,0.07341913,0.0030417203,-0.03388105,0.04651554,-0.023113864,0.0417416,0.019292468,0.04321126
0.07588189,0.036973704,-0.0034808784,0.047532976,-0.01488743,0.020769574,0.02254801,0.01928849,-0.01858935,-0.035518702,-0.073409684,-0.042384002,-0.020367576,0.0094993245,-0.03381683,0.009728459,-0.01221492,0.026956623,0.0012942387,-0.006233517,0.030715398,0.010469489,0.0073966314,0.0080814315,-0.0021987297,0.02697332,-0.025502216,0.009230257,-0.043505825,0.004493956,0.015052484,0.016132576,-0.015623342
-0.019804614,-0.046201836,-0.06797226,-0.014106232,-0.016312947,0.018893534,-0.074290186,-0.047231197,-0.030707017,-0.009457535,-0.02645269,-0.02809459,-0.062065184,-0.022478448,-0.025817672,-0.048374217,-0.056276366,-0.060069527,-0.027088398,-0.04797957,-0.03393097,-0.063327864,-0.0012127481,-0.07398437,-0.016192878,-0.012508395,0.026222551,0.008497202,-0.031071672,0.04028777,-0.06479409,-0.018906191,-0.04220293
0.011666375,-0.056696545,-0.03988377,0.07288547,-0.07847801,0.0043681944,0.006489617,0.025117567,-0.02665521,0.040787134,0.02695896,-0.08564661,-0.0026365027,-0.008761958,-0.0004927707,-0.0011032039,0.047594476,-0.0023766097,-0.009904125,0.005043951,-0.019485367,0.037499897,-0.021119373,0.06489661,0.04276945,-0.077452205,-0.04459265,0.037043825,0.03156792,0.059499804,0.01524962,0.02488861,-0.039901726
0.00017106126,-0.044464186,0.016574843,-0.027757086,0.037398096,0.04631656,-0.05090952,0.029106196,0.025873927,0.02222318,-0.015348048,-0.0037975302,0.043781918,0.042973734,0.04487925,0.014515261,-0.06501282,0.0008873521,0.04739278,0.01649442,0.005726968,-0.009895659,-0.0016658071,0.016579691,0.046978947,-0.02714574,0.02412954,0.055745646,0.028780736,0.061197154,0.0076419194,-0.0014756371,-0.047361404
0.0815683,-0.027816562,-0.01735712,0.0025273177,0.0748278,0.043360513,0.053845845,-0.016975142,0.049324334,0.0074711707,-0.006523488,0.017638378,-0.00546557,-0.025940817,-0.01590525,-0.04526022,0.05900031,0.0021858392,-0.014807943,0.039166167,0.061450068,0.024716312,0.014526298,-0.042978648,-0.05601728,0.072300576,0.06977361,-0.0024118398,0.0068614553,0.04282048,0.0024525365,0.030659413,0.017330403
0.03393428,0.028092925,0.050015595,-0.013200314,0.055618014,0.021289494,0.033988673,-0.028475933,0.038656548,0.032288164,0.022266915,0.036304653,0.04146679,0.028900826,0.0139996745,-0.039961614,0.0275894,-0.0044455184,0.03684529,0.041838292,0.047808267,0.050704043,0.03051337,0.037048947,0.007557918,-0.008885545,0.02607945,0.039242245,0.062077183,0.025690317,0.012249885,0.07134212,-0.0032108522
0.016703786,0.011919638,-0.061710276,0.017986633,-0.040395357,-0.021582969,0.007924538,-0.027627707,-0.052640814,-0.07708335,0.0036223119,-0.043947965,0.022573544,-0.049835794,0.012499257,0.016810685,-0.024155833,0.026039774,0.07732499,-0.07512902,0.030032998,-0.053119984,0.08077269,-0.037003346,0.049478147,-0.041061692,-0.05771447,-0.06992351,0.0488498,-0.061118696,0.070070475,0.029709667,-0.06824738
-0.028970808,0.029869195,-0.035657007,-0.061238404,-0.03464692,-0.014417559,0.0015996551,-0.016271366,0.059210956,-0.024108876,0.027744524,-0.06418111,-0.049031135,-0.02657204,-0.014088939,-0.017142054,-0.0708903,-0.037578456,-0.04375777,0.020364992,-0.041027922,-0.05136044,0.013334426,-0.03979982,-0.0056096185,-0.042516213,0.027883472,-0.06538996,0.040630065,-0.04341964,-0.0047571133,-0.04095602,-0.050831005
-0.05229941,-0.05383297,-0.05230868,-0.037039768,-0.02399961,-0.0210573,-0.05735814,-0.07186257,-0.012717695,-0.041637894,-0.034039084,-0.04993747,0.027492708,-0.060343303,-0.05927859,-0.052502844,-0.00373263,-0.07883509,0.0154355075,-0.044494554,-0.038479913,-0.007787468,-0.012892802,-0.050423015,-0.031508885,-0.06388013,-0.021230623,-0.0014426226,-0.05195203,0.027097754,-0.047873154,0.0030454898,-0.04500328
0.037079837,0.06048043,-0.061378144,-0.0006432656,0.066716745,0.07679102,-0.06554303,-0.025416424,-0.05701336,0.01631165,-0.06794014,-0.006433285,-0.069766305,0.039380666,-0.037249126,0.07655024,0.05258876,-0.038962528,0.03982132,0.02098114,0.04247699,-0.018090613,0.010924059,-0.024617122,0.023784392,0.075008504,-0.03398006,-0.033216797,-0.07559819,0.06019106,0.025561567,-0.019463478,-0.048353102
0.056119688,0.017812824,-0.049369648,0.052043892,0.00047167763,0.023367243,0.055816602,0.020330394,0.06809771,0.055900984,0.07448532,0.027761357,0.034069132,0.06756033,0.06391288,-0.05606593,0.049350508,0.031954043,0.05095321,0.06238387,0.043903805,-0.012312178,0.07955179,0.029234424,0.06128326,0.07831307,0.089556605,0.05178189,-0.018425807,-0.029998032,-0.050570898,0.03492682,0.075227596
-0.040386014,0.072086155,0.03787941,0.06572137,0.07366379,0.051117994,0.060002107,-0.011864824,0.0448585,0.055469938,0.011097686,0.052185167,0.029431878,0.06023326,0.050598368,0.03373683,0.043423433,0.043812774,0.07610588,0.05259055,0.016918994,0.045316126,0.07027242,0.062395867,0.059639927,0.015119167,0.06957778,0.06249285,0.05033502,0.034171123,0.05541196,-0.0059206267,0.05733206
-0.06803325,-0.025150232,-0.034848012,0.038099967,-0.061189,0.0010496891,-0.07071063,-0.07589097,-0.0059813,-0.017104845,-0.009769309,0.049245685,-0.05000378,0.048542883,-0.036146026,0.01684838,0.01425538,-0.0031705375,0.018554607,0.024728503,0.07726408,-0.054026097,0.06780218,-0.071309224,-0.0040638936,0.010679048,0.04626157,-0.023761284,0.046947174,-0.034952305,-0.059954893,0.034712262,0.078482874
-0.054486834,0.0500816,0.076335944,0.03273189,0.016510291,0.016091352,0.024559977,0.03956423,0.023644578,-0.011868565,0.059249073,0.048687134,0.018175498,0.028818402,0.0063395067,0.06921645,0.043803696,0.022991307,0.032954056,-0.067464635,0.0012964343,0.07294643,-0.02864056,-0.029085087,0.016468672,-0.024238128,-0.05547511,0.013670309,0.07216829,0.05392192,0.05874402,0.032089245,0.044678748
-0.028756361,0.01873805,0.05971293,-0.0275066,0.050549015,-0.045303755,-0.022420099,-0.04054094,-0.0874843,0.0058701052,-0.057757087,0.0853033,-0.025215592,-0.04212817,-0.07611375,-9.139e-05,0.0443102,-0.03138778,-0.047430165,-0.036696125,0.021101687,0.021195905,0.029133337,-0.06644273,-0.076401874,0.02171295,-0.0363695,-0.023247804,-0.07093852,-0.068234526,0.032217503,-0.038625326,0.047008306
-0.018912662,-0.07947429,-0.02934996,-0.04940413,-0.0013794036,-0.02555186,0.05104331,0.0072391904,-0.01719299,0.02942257,-0.015808867,-0.07597933,0.023980092,-0.039910026,0.072216906,0.015089889,-0.017663218,0.03836426,0.02682538,0.008042264,0.06902716,-0.054776896,0.03612383,-0.06896243,0.07552608,0.015758656,0.051042974,-0.021596901,-0.016365817,-0.03286139,-0.06921635,-0.03384551,-0.009492946
-0.0028614034,0.058440823,-0.050916657,0.036103588,-0.00852847,0.00163307,-0.026427196,0.015435507,0.0028216764,0.011673641,0.052795075,0.03473543,0.026008418,0.01665833,-0.032136485,0.05153573,0.05892021,-0.01414757,-0.0100627225,0.026399184,0.028107122,0.020848915,0.013753634,0.033954665,-0.00041790114,-0.012183098,0.020116253,0.008056118,0.0033102136,-0.03204859,-0.028594103,-0.00056983,-0.012736666
0.036393423,-0.0053606345,-0.01831453,0.023503708,-0.024671836,-0.04167112,0.046812356,0.01928727,-0.0062316856,-0.021719284,-0.017241783,-0.023038452,-0.060299154,0.0008060198,0.017241027,0.007922117,0.035588216,0.06324845,-0.014654403,0.054050293,0.058995403,-0.021351345,0.011856586,0.010959343,0.026369978,0.03405289,-0.0070528053,0.04482146,-0.01742869,0.03183314,0.010192285,0.06760773,-0.031028798
0.00789421,0.05814983,0.041349337,0.006855616,-0.008020005,0.033333857,0.048873167,0.055406682,-0.016747108,0.02669756,0.06708909,0.032048993,0.041954312,0.043524075,-0.010954419,0.0605452,0.06494404,0.028862495,-0.013784015,0.02901359,0.027581027,0.059693005,0.038839545,0.03896036,0.04888957,0.06361352,0.061521195,-0.008957518,0.047224347,0.015898092,0.016353058,0.06923851,0.061098177
-0.014086043,-0.010884718,-0.0066099255,0.00071766647,-0.04445386,0.019403456,-0.059331156,-0.04214529,-0.030727522,-0.038750544,-0.07259019,-0.04183983,0.06050781,-0.022044033,-0.022394756,-0.0029080708,-0.018804194,-0.041800812,-0.0060300278,-0.04011684,0.0033026095,0.018363724,-0.010238126,0.017660212,0.03354347,-0.03934896,-0.05878304,-0.006671474,-0.02375552,-0.06668346,-0.046366427,0.06849721,-0.044417106
0.040245406,-0.03923984,-0.06417955,0.0552934,0.022522261,0.03220241,0.034964014,0.062155742,0.054592416,-0.0021783027,0.020827245,0.033080325,0.062247504,0.048610445,0.03569474,0.07587477,0.076826565,0.023447126,-0.0068302928,-0.056521308,0.08675448,-0.020713124,0.010594437,0.0037546065,-0.013778545,0.011117805,-0.01784641,0.061891954,0.021823864,0.018457845,0.00870487,0.051047955,0.04254662
-0.047479495,0.06255378,0.048145752,0.052559126,0.062431913,0.0665569,0.031031094,0.07144016,0.029581234,0.06343627,0.06227377,0.08265779,0.06902394,0.06706585,0.0663179,0.071083516,0.06371599,0.082305044,0.072755635,0.06841544,0.06249067,0.060985662,0.07537689,0.037306033,0.06393521,0.07162936,0.08530034,-0.017530676,0.061145302,0.064641684,0.074997105,-0.012818502,0.0697347
-0.03456257,-0.026864922,0.01854427,-0.07709715,-0.03272371,-0.05677911,-0.035244156,0.048349097,-0.03525592,-0.04699926,0.05096656,-0.015423146,-0.07627532,-0.07191846,-0.014741005,0.010427421,-0.023939896,-0.050359473,-0.04492975,-0.061697815,-0.026310666,-0.012678963,-0.0020005486,-0.06471812,-0.046852782,-0.07796457,-0.07717222,-0.043722596,0.0040628114,0.0020384067,0.037918277,0.017127749,-0.074369356
-0.04821611,-0.049943764,0.063797325,-0.04691385,0.04132569,-0.029801514,0.04886908,-0.046456035,-0.062098607,-0.0210825,-0.06093141,-0.050594717,-0.02920316,-0.024068747,0.0086763725,-0.028114256,-0.059487827,-0.021807503,0.01729853,-0.018220913,-0.027132194,0.062373832,0.027213108,-0.05634095,0.046612456,-0.054656792,-0.009397603,-0.022140339,-0.051714394,-0.055479106,0.056392696,0.042642795,-0.062301125
-0.055723008,-0.0384893,-0.06226705,-0.046918124,-0.066800274,0.006824178,-0.06558309,-0.05464891,-0.0507372,-0.07380164,-0.04352132,-0.06686394,-0.056575302,-0.07368583,-0.06951244,-0.033368267,-0.06732218,-0.054804288,-0.055255923,-0.062815,-0.075781465,-0.052164394,-0.08813196,-0.032739688,-0.025870143,-0.01770126,0.0026399656,-0.06794672,-0.06090329,-0.020498283,-0.048276935,-0.027969917,-0.05706473
-0.08370937,-0.04944325,-0.07897896,-0.058918864,-0.0835618,-0.04603429,-0.080392726,-0.01135962,-0.027007835,-0.07866043,-0.060896683,-0.084732756,-0.07817857,-0.07769782,-0.07749033,-0.079112254,-0.057921443,-0.060500886,-0.07478004,-0.081296735,-0.083158635,-0.08067094,-0.04870573,-0.07633646,-0.06149084,-0.08096758,-0.032411102,-0.083831616,0.01118894,0.07280762,-0.078533225,-0.040637843,-0.026715208
-0.064679146,-0.016863221,-0.06783745,-0.05503763,-0.064049706,-0.02119274,-0.07670246,-0.06456673,-0.014683221,-0.048614256,-0.05695814,-0.037445724,-0.044915315,-0.07414011,-0.025001012,-0.03613166,-0.042200673,0.021926086,-0.030973036,-0.07096102,-0.04172375,-0.06634604,-0.049963865,-0.054759752,-0.057201724,-0.06901919,-0.042900532,-0.019959345,-0.005311002,0.039308112,-0.010981986,-0.06485581,-0.047168322
0.01796351,-0.016689327,-0.022868853,-0.029660808,-0.034384497,-0.02350191,0.02067756,-0.053843565,-0.02934989,-0.031169996,-0.012036886,0.023334356,-0.00080069114,0.07124057,-0.019870035,-0.014508226,0.01202267,0.0053711,-0.0724083,0.063105494,-0.00949074,0.07179559,-0.01853236,0.05478744,-0.025039358,-0.06984168,0.08531399,-0.068014905,0.045587514,-0.050021302,0.0006041855,-0.032762446,0.05352319
-0.01858743,0.0064894524,0.043897044,0.052290514,-0.00530241,0.040326666,-0.02428569,-0.015003095,-0.04256827,0.0092674075,-0.0061779683,0.00904862,-0.024784055,0.0117927585,0.017747523,-0.028055409,0.022940746,0.049388073,0.0025460783,0.008618827,0.03490926,0.006291473,0.0103017455,0.00082280795,0.012831279,0.04546992,0.039127212,-0.039540052,-0.018780213,0.0224083,-0.023552509,-0.03450039,-0.00565747
0.0066747223,0.019392598,-0.01751281,-0.0014266256,-0.013207999,-0.018650599,-0.06674604,-0.07490678,-0.0011806265,-0.020594943,0.02558319,0.05855868,-0.033095468,-0.04872628,-0.054690238,-0.004715702,-0.04541146,-0.020352302,0.0025770196,-0.045888975,-0.04569371,-0.028463898,-0.050549354,-0.08284493,-0.061478116,-0.008410084,-0.031061543,0.004855926,-0.076888174,-0.040509753,-0.018197201,-0.02509589,-0.050065015
-0.039264936,-0.087238595,-0.080130555,-0.065227374,-0.08547899,-0.0856323,-0.080947995,-0.0107539715,-0.0068414677,-0.08612529,-0.079662025,-0.030900244,-0.054735452,-0.030652536,-0.00417232,-0.066475585,-0.07442502,-0.06259673,-0.08015653,-0.07996308,0.009428903,-0.07510428,-0.056930564,-0.08057404,-0.050498668,-0.08008756,-0.016449569,-0.07148294,0.022043796,-0.04802245,-0.052933015,-0.07525321,0.040848173
0.039684363,-0.056525126,0.051717546,0.010035982,-0.07050534,0.0070748106,0.043029927,0.043656517,0.07594405,0.027837748,-0.011342821,-0.04193804,0.06925227,0.07030316,0.08171159,0.006610863,-0.06278955,0.022144848,-0.015726985,0.024170278,0.04819734,-0.029217245,0.026792638,-0.005597454,0.077555105,-0.02558101,-0.05947366,0.023452973,0.06935999,-0.022899352,0.02258485,0.04863208,0.029119374
-0.05583362,-0.021169346,0.024949735,0.039141446,0.020625819,0.032437548,0.006021486,-0.060122415,0.03969729,0.018418264,0.033688907,0.019254694,0.032251373,0.04489099,0.052261174,0.008360778,0.013725259,-0.024571348,0.023004713,0.049449794,0.012371556,-0.017419076,0.031855255,0.025766576,-0.031853043,0.0049171243,0.0027837427,0.0028788,0.0321237,-0.0132425,0.06034165,-0.0053839423,0.020227373
-0.0850687,-0.03379691,-0.061306864,-0.060603093,-0.073396005,-0.07079048,-0.068571985,-0.058057196,-0.05174708,-0.053816922,-0.03204135,-0.015025254,-0.03547915,-0.025783794,-0.025521312,-0.02778978,-0.026106235,-0.085669436,0.0053576576,-0.06386142,-0.06917493,-0.061162677,-0.06582589,-0.058612097,-0.036081903,-0.06314834,0.014007466,-0.08174741,-0.06694311,-0.038198203,-0.07141942,-0.053421002,-0.050776634
0.03771126,0.06045187,-0.0437826,0.06514245,0.043184616,0.06830216,0.019890029,0.07576112,0.05582342,0.012090424,0.044467352,0.060577944,0.014110472,0.0045441687,0.006988851,0.03495545,0.06804688,0.030763987,-0.014797177,0.018360931,0.040056963,0.04002288,0.013357102,0.01664879,0.0131779425,0.06352081,0.03904136,0.041325018,0.009578114,0.013434592,0.037420195,0.06327662,0.03591603
-0.008078298,0.039254557,-0.026567856,0.022895703,-0.009758779,-0.012610516,-0.007114943,-0.023177922,0.020413568,-0.017100522,0.032696117,-0.016152725,0.02629384,-0.055317573,0.01367826,-0.015633566,-0.011139227,0.005718354,0.018743781,-0.03553278,0.022101397,-0.03847447,-0.027080262,-0.057857014,-0.00687259,-0.0078240875,-0.01977176,-0.027171591,0.02469086,-0.014898861,-0.0122917555,0.03793028,0.0045936997
-0.02381485,0.048027568,0.0043470147,0.024668567,0.033612337,0.077534676,-0.006313671,0.05084523,-0.074031584,0.039517984,-0.049485836,0.084974356,-0.0074480595,-0.039426677,-0.062204946,0.027250819,-0.030556902,0.06546523,0.073162585,0.0072252024,0.03995182,0.03777136,0.016309092,-0.015471667,0.01619297,0.009239537,0.071404085,0.06489126,-0.0069751274,-0.054456502,0.050626557,-0.0379247,-0.011913763
0.027547723,-0.025873248,0.005993323,-0.05180998,-0.036627304,-0.037555166,0.057917323,-0.022067513,-0.07418018,-0.05223935,-0.067130804,-0.02037002,-0.021522254,-0.05371895,-0.04370711,-0.02568116,-0.06226907,-0.059383467,0.0068252017,-0.06752773,-0.046860166,-0.04584506,0.056634933,-0.040459517,-0.031999134,-0.062232174,-0.03695977,0.0016127606,-0.05864486,-0.047502168,-0.052897826,0.029852312,-0.07804122
0.02967136,-0.065164566,0.029020237,0.0742223,-0.039786268,-0.03310377,0.011878522,0.058389686,-0.027331522,0.0016421602,-0.021161132,-0.022912996,0.035528965,0.06557714,-0.013772943,0.047444727,0.01768937,0.019201402,-0.009425631,-0.03624843,0.008664688,0.06744293,0.007960559,0.041105274,-0.012617933,-0.02527745,-0.03393875,-0.039178714,0.050867073,0.044383027,0.07286872,-0.013295291,0.029279385
0.012725221,-0.00972366,-0.04813555,-0.055207714,-0.053745843,-0.06830691,-0.062693805,-0.05789777,-0.078855425,-0.063827485,-0.036873654,-0.007085364,-0.055543944,-0.06920798,-0.017641725,-0.054973204,-0.069504544,0.032914553,-0.010211765,-0.061590772,-0.04534072,-0.058990754,-0.055492897,-0.04996644,-0.031594153,-0.048975233,-0.022952322,-0.07351762,-0.06077662,-0.06600022,-0.036841154,-0.066146225,-0.011056553
0.077345066,0.00476133,-0.004110177,0.035273913,-0.057447024,0.0153418565,0.013556048,0.044885963,0.030898955,0.024733119,-0.050470162,-0.030855287,0.066199236,0.035342224,-0.027444772,0.0026686045,-0.0334863,-0.01845623,-0.02221718,-0.009213051,0.04885827,0.049605075,-0.00018161858,0.018453917,0.013129208,-0.0033693612,0.017032709,0.073495686,0.05770707,-0.038578477,0.068903096,0.029069673,-0.022516299
-0.06516946,0.044830304,0.0014331327,0.048022207,0.04284664,0.005484472,0.05304982,0.040791042,-0.029680902,0.03777966,-0.028747693,0.059107732,0.044355266,0.02412699,0.017120752,0.028770544,0.0037700862,0.06727129,0.067048505,0.022491904,0.040543117,0.007373257,0.045623306,0.04661129,0.04263927,-0.0073549156,0.015928192,0.024732606,0.025045328,-0.061293464,0.01445838,-0.0061882045,0.04917748
-0.06071098,0.022014868,0.049244512,0.010957674,-0.022871332,-0.053994108,0.0652734,0.057214674,-0.032029793,0.020734081,0.049977202,0.027198806,0.013007472,0.022728397,-0.00039651126,0.024922473,-0.0051933965,-0.040911444,0.034800004,0.06179647,0.007886855,0.011875943,0.033560444,-0.0024843807,-0.007026576,0.029016385,0.014759499,0.05662113,0.038657375,0.039740182,-0.065281,0.05395987,-0.0056217434
-0.029075202,-0.071297124,-0.044726007,-0.026475826,-0.005662274,0.00027176022,-0.0043353494,-0.0073946128,-0.004545724,-0.0046437536,-0.027236152,-0.021449417,-0.025587762,-0.0635652,-0.028342426,0.004234644,-0.04222222,0.018901052,-0.063526556,-0.017549993,-0.019162647,-0.068466775,-0.042593367,-0.0107883345,-0.067763284,-0.054757014,-0.042069335,-0.029768664,-0.07213659,-0.008130653,-0.06797888,-0.059020873,-0.03541138
0.07736226,0.013712626,0.06687092,0.0067109074,0.057172354,-0.02614339,0.023845654,0.07530601,0.014485265,0.035980575,0.016538901,0.010825413,-0.060720216,0.017174445,0.0043035094,-0.03378644,-0.03724299,0.024627738,-0.04487205,0.049478717,0.049636427,-0.016192311,0.07199566,-0.04960143,-0.06537488,0.07152395,-0.028044974,-0.014494911,-0.031156382,-0.020916097,0.0489766,0.03765544,0.05552664
-0.025079358,-0.036051624,-0.06930052,-0.03754009,0.045758504,0.038970042,0.023074444,-0.07276828,-0.026189448,0.0025754508,-0.06924937,0.028930645,0.04109078,0.010010411,-0.028989812,0.072954364,-0.0040721353,-0.013934765,-0.013426644,-0.04937662,-0.087905884,-0.039670985,0.008307311,0.07173658,-0.043999214,-0.061820623,-0.011365486,0.0102117825,-0.06682474,-0.04747024,0.00914385,0.001841182,-0.041558526
0.061653137,-0.008181252,0.032476462,0.021942994,0.029462017,0.06770844,0.00044734293,-0.0257422,0.064293124,0.0044978703,-0.0037312983,0.012666234,0.049868423,-0.012455214,0.00030537753,-0.045437984,0.022117844,-0.06885262,-0.0080992775,-0.0047315457,0.008673963,0.0007659458,0.010694862,-0.024691962,-0.020642115,0.06254985,0.038073,0.05668385,-0.02583481,-0.015012606,-0.0004603358,-0.033668067,0.0021649601
0.025572889,-0.08277953,-0.0076089534,-0.049385764,0.02377152,-0.016189536,0.06551739,-0.06426992,-0.013290653,-0.04813115,-0.021384988,-0.034711886,-0.003178052,0.07022631,0.038684584,0.029376607,-0.031865384,-0.026819287,-0.045168232,0.027400052,0.00032990437,-0.03684246,0.031497244,-0.06732026,0.019311763,-0.052831892,-0.009307551,-0.00919626,0.024701426,-0.019458171,-0.051257577,-0.043014765,-1.4943554e-05
0.05315105,0.057408437,0.042072263,0.045978144,0.07741247,0.07531031,0.07350054,0.082532555,0.048366625,0.07950973,0.07792951,0.009436808,0.06437841,0.077777416,-0.02759252,0.07994788,0.07438093,-0.015237906,0.072393045,0.08010191,0.042298328,0.044953592,0.08492477,0.068314485,-0.011215452,0.07485058,0.07370979,0.065649524,0.034798954,0.049662996,0.065174416,0.022480767,-0.019518409
-0.05556661,0.06419293,0.009409105,0.033029534,0.07648714,-0.034166105,0.0624494,-0.025432004,-0.060600232,0.040573083,-0.07132148,-0.008064526,0.0042279307,-0.05910998,-0.020754742,-0.029955983,0.07188206,-0.006569256,0.025092967,0.059531428,-0.06173567,-0.0070734015,0.046418887,-0.0414553,0.0016862281,0.031493433,-0.025957633,0.038444404,-0.0103743635,-0.016740067,-0.032726362,-0.044894718,0.011131182
-0.047125924,0.017620191,-0.05543527,-0.062480893,-0.011706296,-0.0044668783,-0.05660417,-0.0622592,-0.04602103,-0.0687102,-0.010851139,-0.04638555,-0.04388598,-0.05959389,-0.062696256,-0.01849443,-0.07216728,-0.010680748,-0.00752136,-0.07399892,0.024147078,-0.064667664,0.02010818,-0.031231623,-0.072313905,-0.011195696,-0.037902813,-0.081548944,-0.007923679,-0.028198741,-0.011304652,-0.05781302,-0.049592882
-0.04308241,-0.08642981,-0.045997698,-0.06181959,-0.056227315,-0.07362306,-0.015157084,-0.030080738,-0.087771624,-0.07331397,-0.050850417,-0.07393729,-0.078993365,-0.06923271,-0.071189925,-0.0520337,0.00034827387,-0.045979384,-0.068610445,-0.02709483,-0.039631013,-0.07668134,0.038652517,-0.066539556,-0.0752317,-0.07999342,-0.064228125,-0.024850858,0.010387266,-0.0344822,-0.07242496,-0.03272047,-0.08113827
-0.045817968,0.057684775,-0.05937327,-0.025919992,-0.049936388,0.0039543724,0.017036159,0.045894843,0.014443495,0.053511333,-0.033711728,0.029427515,-0.025452409,0.014757686,0.08124911,0.06888114,0.016791388,-0.058989946,-0.006909147,0.022020154,0.038014483,-0.0632057,0.040480573,-0.055922754,0.07371701,-0.04866736,-0.051961627,0.01097856,-0.033162437,0.013314562,0.07100376,-0.044394635,0.025652286
-0.06303241,-0.002715269,0.04260797,0.050295122,0.03192177,0.047625527,0.007884024,-0.040652588,-0.0655158,-0.028105563,-0.03838093,0.04605926,-0.0019416277,-0.06707258,0.013633761,-0.034784216,0.0010875957,0.0324583,0.042013653,-0.04764737,-0.02768939,-0.014352412,0.012158598,-0.011019772,0.028810332,-0.021887043,-0.05526017,0.06250977,0.06588096,-0.03638677,0.013219654,-0.0072569684,-0.0042626625
-0.029042996,0.013199894,-0.046033856,0.012241553,-0.025764827,-0.006426024,-0.038548484,0.015147969,-0.076453224,0.05735548,0.007356635,0.012450904,-0.028200988,-0.06674127,0.023335183,0.06047817,-0.002217177,-0.036404725,-0.027305871,0.024442881,0.013300615,-0.008981666,-0.062984444,-0.028896475,-0.014739251,-0.047972117,-0.058607154,0.016299501,-0.057211496,-0.0028582995,0.026915522,-0.08495069,-0.0353075
-0.07336612,-0.08006072,-0.02580843,-0.055655107,-0.06902778,-0.063095234,-0.065526634,-0.03648988,-0.046965715,-0.07574159,-0.057937257,-0.04617463,-0.041739587,-0.023550041,0.008347149,-0.046659637,-0.059017852,-0.07470816,-0.031819593,-0.07175113,-0.05712801,-0.074145384,-0.06555905,-0.03297891,0.007832054,-0.04293032,-0.055600394,0.002969117,-0.07305453,0.042068005,-0.06877733,-0.013136441,-0.041462798
-0.03539515,-0.021260116,-0.02927115,0.024942808,-0.005408532,-0.04745021,-0.016532095,-0.04841841,-0.053837076,-0.053204615,-0.01094398,-0.0023848761,-0.049623724,-0.04382105,-0.013465916,0.04098157,0.0013842898,-0.062890306,0.037086327,-0.016983947,-0.043163713,-0.04813422,-0.03748516,-0.03359101,-0.001993228,-0.060205147,0.022572247,-0.032706812,-0.023185719,0.037753798,-0.015381963,-0.00018858969,-0.06302043
-0.013418419,-0.018408466,0.046811324,0.0753122,-0.039674826,-0.039340835,-0.039248902,-0.07268316,-0.031374622,-0.016365401,-0.028237067,0.03985203,0.05094737,0.0025857033,0.023095403,0.012134954,0.015869392,0.06635531,0.057695344,-0.02115217,-0.012141921,0.010706689,-0.010617569,0.05636096,0.0487452,-0.022675503,-0.07434685,0.03957587,0.041815434,0.068139695,-0.024873368,0.014818147,0.0013108992
-0.059782207,-0.0035962733,-0.062467985,-0.054521974,-0.03341957,-0.015433468,-0.06858696,-0.007501581,0.018293682,0.007452143,0.0056708064,-0.038207434,-0.03285954,-0.07116206,-0.012633168,-0.055621166,-0.045508154,-0.013787696,-0.018822625,-0.07854945,-0.01077822,-0.07076472,-0.02025968,-0.061485842,-0.06199992,-0.0033255282,-0.022586206,-0.013614966,-0.05278002,0.0687643,-0.038795203,0.029251762,-0.07446833
0.013599757,-0.008541862,0.03121971,0.019230872,-0.03556598,0.028410835,0.0050598662,0.019479277,0.041817065,-0.013389322,-0.046005234,0.05632217,0.008936395,-0.04128691,0.05071256,0.012075533,-0.07273218,0.01597423,-0.017599493,0.0065942034,0.033521984,0.012045723,0.032528713,-0.033457637,0.023307139,-0.0711172,-0.038958706,-0.010323312,0.029590547,0.04432612,-0.038674194,0.06798621,-0.07231619
-0.049641,-0.047466718,-0.03877279,-0.03203472,-0.032242212,-0.048910413,-0.036786266,-0.049836535,-0.046032887,-0.06336528,-0.05021346,-0.04142363,-0.06226519,-0.021518337,-0.05112019,-0.060222834,-0.010433525,0.01580556,-0.013726228,-0.014244097,-0.044228554,-0.015296629,-0.045885928,-0.021127585,-0.02133428,-0.04116258,-0.012443829,-0.06998471,-0.016191984,-0.031438835,-0.03535385,0.002733192,-0.03732593
0.0078049796,-0.020891985,-0.06253073,0.0033546104,0.072709836,0.016640682,-0.007867832,-0.0073007075,-0.017321462,-0.027860072,-0.031243108,0.026883833,-0.041451063,-0.019473122,0.020316035,-0.032574125,0.033843294,0.03567546,0.042438712,-0.041005515,0.01984812,-0.02578967,0.013579612,-0.03760447,-0.033812765,0.057532415,0.06647035,0.064026505,0.05494364,0.06540429,-0.037259717,-0.0030463296,0.023920553
0.07887698,0.088609494,0.07804058,0.07901223,0.08370082,0.08908769,0.075675644,0.08601394,0.09850334,0.08632254,0.080009855,0.08449358,0.08896087,0.06879935,0.08026827,0.08369774,0.07582024,0.090670854,0.08347513,0.06084494,0.09010583,0.081964254,0.09754762,0.082822025,0.074684665,0.079648815,0.090174034,0.09004006,0.085775875,0.08511131,0.083594024,0.09516433,0.08243563
-0.039771453,-0.045916885,-0.014350644,0.012266025,-0.044473525,-0.042671073,0.037448686,-0.011903067,-0.033567805,-0.025745364,-0.025897041,-0.06797548,-0.009107782,0.06185367,-0.02363639,0.03904978,0.037960965,-0.013473283,-0.016455729,0.043881983,0.022565981,-0.050634388,0.021146182,0.029356165,0.04000427,-0.0063576605,0.07677492,-0.046666842,-0.026628932,-0.031357903,-0.04738225,0.021902088,0.029422492
-0.034726307,-0.020884218,-0.05893051,0.003764886,0.04754293,-0.022120219,-0.0026183724,-0.023649745,-0.016438078,-0.01921461,-0.06667358,0.00095560245,-0.024580868,-0.038303893,-0.04998874,0.014061931,-0.0745807,0.012876394,-0.027855173,-0.06472086,-0.0058500934,-0.06470652,-0.011393918,-0.057639793,-0.057147607,-0.012363431,-0.010496431,-0.031527124,-0.079934835,-0.014437236,-0.047302973,0.0075184815,0.0403424
0.040833768,-0.005760897,-0.009240079,0.07464847,0.012143296,-0.06590977,0.05578585,-0.051277142,-0.046745416,-0.02142374,-0.035787787,-0.005007508,0.01613633,-0.019640204,0.049800348,0.054154538,-0.008613998,0.042811822,0.011815716,0.016655363,-0.018762983,0.009856553,0.023150286,0.026427398,0.06711856,0.0051364903,-0.05757051,0.05733302,0.020751344,-0.017545938,-0.010815547,0.09197286,0.013923159
0.06636415,-0.08071305,-0.01827939,-0.045780618,-0.041839868,-0.03051563,-0.006227518,-0.0367924,-0.0065239,-0.056329764,-0.01749467,0.01283029,0.05824227,-0.04179147,0.017306965,0.04358545,-0.07005662,0.06914525,0.021614332,-0.039545145,0.044003386,-0.017089846,-0.050175786,-0.022402046,-0.009659642,-0.03569675,0.027011698,-0.050967067,0.076415524,-0.078164026,-0.037069723,-0.056700278,-0.0417664
-0.06973562,-0.054479137,-0.052712195,-0.011802451,-0.006332173,-0.029287139,-0.008496645,-0.039471578,-0.05566396,-0.055601962,-0.06303676,-0.033180103,-0.057342477,-0.02855107,-0.06382144,-0.05584861,-0.06473027,-0.06588672,-0.055407044,-0.027975712,-0.071866736,-0.043506004,-0.050835196,-0.033066805,-0.043593615,-0.063528225,-0.015125015,-0.0743904,-0.047258288,-0.05219914,-0.06428832,-0.001526293,0.025508447
0.012360456,-0.027227303,0.0065393946,-0.06059719,-0.06081796,-0.06968237,0.008645961,-0.037218083,-0.0014214739,0.007056048,0.01596474,-0.035874665,-0.04022285,-0.06978673,-0.020651063,-0.009629144,-0.011762928,-0.042897385,-0.041547384,-0.0041634054,-0.05154864,-0.003029636,-0.0682358,-0.005780693,-0.050994374,-0.04829679,-0.018924821,0.02359885,-0.037485074,0.033318598,-0.053103004,-0.0010370262,-0.018998927
-0.0072192643,0.054739695,0.0050724614,0.011634862,0.004905572,0.04808091,0.013612702,0.044266816,0.0021660996,0.0067496933,0.051093582,-0.012964906,0.03805417,0.037094083,-0.0050405688,0.02468811,0.019789595,0.0034575507,0.0054051895,-0.008155397,-0.01721085,-0.00058381027,0.015698312,-0.0073806513,0.00356123,0.051273655,0.044099994,-0.029792245,0.056579158,0.049081273,0.005866281,-0.015439606,0.03398956
0.050034516,0.017737325,0.0011023547,-0.031126989,-0.010683884,0.023363931,0.050985634,0.03649182,0.015654305,-0.0004386578,0.03157624,0.03637592,0.010202437,-0.008240341,0.07510405,0.027813425,-0.008312885,-0.00038665585,-0.059438344,-0.00278416,-0.0031532806,-0.02946753,0.028685106,0.05680652,0.03485737,-0.0003671212,-0.05976069,-0.0078097223,0.06890345,0.006547831,0.016340304,0.029191684,-0.05618939
0.0035977794,0.06383625,0.0036543796,0.011687022,0.05455458,0.020857425,0.013003358,0.012166512,0.0028083005,-0.010329131,0.052661195,0.04569056,0.038696133,0.060264587,0.006370056,0.008128716,-0.022609023,0.03522281,0.0135958055,-0.017344883,-0.0031272757,0.0034010436,0.0033920694,-0.00839858,0.01047406,0.0453419,0.0494867,-0.08252268,0.010045042,-0.03528646,-0.01347277,0.046142302,0.012379265
0.00830833,-0.021991855,-0.06625185,-0.06980817,0.039115544,-0.055578623,-0.02274544,-0.027289305,-0.018340375,-0.045933835,-0.059839543,0.07564786,-0.07211107,-0.055924,0.009940715,0.013088236,0.035877217,-0.06211179,-0.070311755,-0.07193318,0.054080192,-0.0046076966,-0.030661704,-0.0366987,-0.059682623,0.017436646,-0.04606037,0.06572746,-0.075036734,-0.06636653,-0.002517397,0.018752882,-0.023329683
0.054037225,-0.010314617,0.011084078,0.07264851,-0.024719074,0.046431273,0.00020430496,0.01161179,0.065326646,0.081971444,0.0050980905,-0.029104311,0.06905684,-0.010671825,-0.036710408,0.0038843458,0.020580065,0.013718675,0.06544496,0.068950355,0.056362625,0.05634158,-0.022609647,0.044219267,-0.020998763,0.04031874,0.06240629,0.053755946,0.077476986,0.014821565,0.03596136,-0.05140507,0.082548425
-0.013221272,-0.057196733,0.013642866,-0.03118462,-0.032837596,-0.031682823,-0.048031166,-0.06209687,0.016827289,-0.02422476,-0.011174025,-0.0055865976,-0.040588465,-0.007844156,-0.008890028,-0.058055684,-0.022764767,0.020566355,0.026194353,-0.03674431,-0.0470098,-0.026855988,-0.042008005,-0.014936026,0.02882727,-0.0065191486,-0.043817874,-0.015683012,-0.007896816,-0.040539067,-0.004612766,-0.007933295,-0.012151332
0.0009639858,0.08383788,0.014733496,0.013657911,0.043993466,0.07709996,-0.06266247,0.0409152,0.021571003,0.029385593,0.06172177,0.03887672,0.029873447,0.010707051,0.049678545,0.014943342,0.011926133,-0.019624567,-0.0034085799,-0.0024981052,-0.08227065,0.004971835,0.008713914,-0.020507285,0.041792724,0.07785739,-0.00840362,-0.04971232,-0.026255157,0.046828147,0.018675122,-0.03384333,-0.056944907
0.03834248,-0.0070655537,-0.037857164,0.03968767,-0.0035376695,-0.034522615,0.05970587,-0.07361381,-0.014493968,-0.017724065,-0.04161546,0.013046745,-0.03499637,-0.027757308,-0.01823595,-0.02879315,-0.021107962,0.015647605,0.04417418,0.039917927,-0.010535282,-0.02174846,0.02128123,-0.0689012,0.012482775,-0.016092572,0.066223405,0.022580482,0.059885137,-0.050237723,0.027912585,-0.000395217,-0.04141319
-0.05257885,-0.02892332,-0.006924575,-0.068014994,-0.027165864,0.017908027,-0.042870507,-0.059837017,0.020130858,-0.044547215,-2.7033391e-05,-0.008932461,-0.032748412,0.007965303,-0.010414779,0.015269242,-0.014366692,0.05127019,-0.037134815,0.02430441,-0.009917578,-0.009180786,0.05397599,0.0206241,0.011948304,-0.026974402,-0.031339467,-0.020508243,0.0186486,0.047271248,-0.057234593,-0.0060682395,-0.039497975
-0.08319481,-0.04564873,-0.07278593,-0.07774322,-0.06201784,-0.004284204,-0.0791621,-0.051746294,-0.014670653,-0.07584711,-0.07878983,-0.07823458,-0.05826913,-0.07760825,-0.08031339,-0.045500014,-0.07232191,-0.014662829,-0.06683391,-0.07848797,0.03616827,-0.07955595,-0.04137904,-0.07200449,-0.074408956,-0.072455585,-0.036936752,-0.057296056,-0.0063995942,0.0039652134,-0.04388583,-0.050870307,-0.06984531
0.0018768435,0.036970977,-0.02475864,0.049714398,0.047446046,0.08375735,-0.0106015075,0.06492685,0.03990406,0.05406077,0.07590456,0.021017097,0.060660843,0.036263615,0.0015192176,0.0023265244,0.029686198,0.0028976705,-0.0067931367,0.055253793,0.06322514,0.051210523,0.046813104,0.04075726,0.029016694,0.038948905,0.040091537,0.070172526,0.038574696,0.0757269,-0.04576715,0.0053170593,0.041435935
-0.02037688,-0.013770556,-0.032060117,-0.005541263,-0.02999699,-0.05416035,-0.013816639,-0.004992541,-0.04109107,-0.010648008,0.014568147,-0.008535828,-0.0043538697,-0.056185815,-0.012613922,0.001622842,0.01391146,0.03361337,0.025746511,-0.015401525,-0.03549242,-0.036196075,-0.02326197,-0.030363448,-0.031727273,-0.02304715,-0.02358141,0.036642384,-0.007825742,0.041293222,-0.009628076,-0.031349584,-0.042488445
-0.039008353,-0.061451647,-0.048713136,-0.04010025,-0.040633626,-0.01564693,-0.06285529,-0.058241896,-0.024874365,0.0074841,-0.04751151,-0.045962505,0.0010811619,-0.046488702,-0.06660939,-0.03014351,-0.020652007,-0.04068138,0.023284778,-0.029210098,-0.06254808,-0.07402186,-0.06928561,-0.07074872,-0.056588523,0.020805862,-0.03568897,-0.024743196,-0.07577938,0.018272027,-0.04883643,-0.065962486,-0.047460288
-0.087651365,0.0015840513,0.04926162,-0.051515706,-0.043648787,-0.057059634,-0.05143021,0.05501089,-0.030724198,-0.012625667,0.044165928,0.0064758305,-0.06262496,0.030489912,-0.011172791,0.005254966,0.04833869,-0.026665216,0.05807447,0.009072441,-0.02618434,-0.015319318,0.0009914559,-0.05808536,0.026588073,-0.060140364,-0.05849136,-0.07700845,0.015073093,-0.033989683,0.013097443,-0.034720752,0.013692852
0.0005628208,-0.05088867,-0.06563266,-0.063284166,-0.043192197,-0.033099163,-0.0553135,-0.061323024,-0.0078090834,-0.05256338,-0.05233924,-0.05147221,-0.037092194,-0.06258011,-0.047293242,-0.05417935,-0.0609314,-0.013018234,-0.07289662,-0.06734982,-0.029446047,-0.04422005,-0.013580985,-0.055906054,-0.06892357,-0.062187474,-0.056657024,-0.011859687,-0.047228366,-0.0063686655,-0.043225028,-0.064680345,-0.07408029
0.032852888,0.04946233,0.017777637,0.031930722,-0.011759979,-0.05967704,-0.019168114,0.009922007,0.02781015,-0.03851578,0.038498454,0.047432955,-0.026596408,0.04431796,0.061472733,0.042484686,0.04058069,0.02802893,0.04747076,-0.0011305358,-0.05060065,0.0033652554,-0.052961253,0.062677346,0.04116814,0.033613175,-0.009914232,0.03548879,-0.042434644,-0.025304506,-0.0026089586,0.010947441,0.026760314
-0.048105042,0.071498044,0.0072848108,0.0021971518,0.03803696,0.059908547,0.008166812,-0.052162725,-0.009036397,0.08110487,0.032147713,0.054921873,0.013229973,0.038425677,-0.07245944,-0.06607851,0.03767263,0.027609339,0.016177492,0.068613626,0.0059766974,-0.038274527,0.050847724,0.053078875,-0.0028609456,0.056721393,0.05567489,0.04754043,0.003594863,0.018897455,-0.0242168,0.0059808935,0.018403905
0.07489843,0.033661757,-0.02223633,-0.0038294063,0.0042134062,0.025725499,-0.024615733,0.027742084,0.018321961,0.04536925,-0.035262637,-0.008907174,0.0054876027,-0.06607692,-0.015848164,0.02625874,0.0034026995,0.064582385,-0.024571931,-0.014287107,0.0336856,-0.01600015,0.022164447,-0.009339238,-0.015825372,-0.03071583,-0.015019035,0.05840618,0.007993691,0.03554319,-0.015416426,0.0537149,-0.017747506
-0.05259437,0.040478628,0.052680258,0.073827505,0.0633428,0.034507323,-0.047048584,0.04227136,-0.044659164,-0.008505355,0.06336453,0.00018580181,0.053709026,-0.018090006,0.0010594297,-0.00083561224,0.038225975,0.06446199,0.04944869,0.021333443,-0.035697255,0.0070419163,0.054577008,0.0069316686,0.020557055,-0.046487432,0.060008038,0.050338116,0.001056176,0.065683655,-0.045989312,0.05987821,0.052737635
-0.045948494,0.08103201,-0.05938453,-0.05560887,-0.011057049,0.053390373,-0.042105287,0.027762888,0.050489936,0.023878176,0.0640799,0.07923181,0.015458508,-0.047183253,0.0146895,-0.033262182,0.031862225,-0.021371556,0.019299861,-0.03329853,-0.0014348682,-0.06830538,0.027820395,-0.049391083,-0.067741625,0.021488234,-0.030217804,-0.0081457915,-0.04013227,0.08157838,-0.06902029,0.02194967,-0.06753539
-0.069495715,-0.023572532,-0.019150157,-0.056509513,-0.016272444,-0.06924766,-0.018728336,-0.011042765,-0.06908685,-0.010669415,-0.037052616,-0.0802554,-0.015642632,-0.029876979,-0.01757674,-0.037385497,0.013057112,-0.048244763,-0.043766912,0.027091628,0.062317975,-0.035285953,-0.04353703,-0.054068916,-0.032657765,-0.0041490067,0.052483846,-0.059468366,-0.076814376,-0.07988983,-0.035415936,-0.04423616,-0.01876556
-0.029207006,0.039158586,-0.017004281,0.010493294,-0.022249134,-0.060206328,-0.044780325,-0.046835426,-0.058011815,-0.05535679,-0.019826436,-0.030828224,-0.021490138,-0.012986214,-0.053042702,-0.0128346225,-0.0041468795,-0.03194952,-0.023259854,0.0029383833,-0.043786876,-0.007014213,-0.004587198,0.011677715,-0.026415858,-0.042599335,-0.035213746,-0.015612801,0.02066479,0.020190138,-0.05219391,-0.04726789,-0.033028107
0.07580611,0.01306228,0.07081844,0.058608577,0.050651398,0.0817644,0.05565848,0.04333517,0.091700934,0.052035168,0.043333594,0.05275879,0.05818792,0.028804539,0.059764262,0.056322146,0.043690093,0.06143333,0.0024657142,0.060448512,0.036413286,0.07005554,0.066675246,0.027575156,0.06655902,0.051742993,0.0030819075,0.035425536,0.0360219,-0.013496192,0.07771788,0.060461182,0.05639711
-0.060186367,-0.04897605,0.04170423,-0.07523255,-0.06863805,-0.08105448,-0.022239221,-0.05077897,-0.0297553,-0.08107845,0.017184349,0.011024493,-0.07649745,-0.050709274,-0.010433529,-0.071431376,-0.056357324,-0.07874263,-0.0608195,-0.055859417,-0.06358206,-0.016212052,-0.07068734,-0.06723495,-0.03838378,-0.061577223,-0.04935872,-0.050859522,-0.05157129,-0.027799923,-0.06751581,-0.07537615,-0.06823702
0.063756935,0.04664917,0.01812419,-0.054837465,0.035362884,-0.025292004,0.0067935237,0.015406001,-0.015392281,0.007113401,-0.01903089,-0.0635942,-0.0050012344,0.05925217,0.04903374,0.050887574,0.06627685,0.051475115,0.059312053,0.04764876,0.062905,0.033829298,0.0360191,0.015813408,0.05673156,0.07241157,0.06916682,0.07695255,0.010623045,0.02178038,0.055574324,0.01636785,-0.01193697
-0.05256679,-0.017627312,-0.01342214,0.05225177,0.06414969,0.073704354,0.034111604,0.04246041,0.025639944,0.039615232,-0.028684042,0.0418237,-0.052456554,-0.040681582,0.017067973,0.056337774,0.05117956,0.032274403,0.004037806,0.07193126,0.046105947,-0.0055609667,0.052868463,0.058099017,0.033494506,0.050411563,0.054028057,0.08182013,-0.016645692,0.076691665,0.066001125,0.067864984,-0.01722171
-0.010620356,-0.053097162,0.04801386,0.0786884,0.0753185,0.042657036,0.056916557,0.0110970475,0.00015075799,0.06581568,-0.07411022,0.0182788,0.05279456,0.06819703,0.02908969,0.05769678,0.022133343,0.07957742,-0.009418712,0.052745912,0.01791997,0.06822092,0.0847517,0.07493247,0.05207346,0.05807609,0.07217136,0.057902846,0.04620836,-0.07091643,0.07331602,0.021784652,0.08282506
-0.052761078,0.05139772,0.066817716,0.036398854,0.06432077,0.036335874,0.06957145,0.07254384,0.065167874,0.07574063,0.06748876,0.07572865,0.03336987,0.0656739,0.05695548,0.03510794,0.06480317,0.017475627,0.05191872,0.07488705,-0.017137263,0.06551223,0.039004236,0.054513026,0.03169905,-0.0074682524,0.017490517,0.06416085,0.04678806,-0.0017732276,0.06047653,-0.035662074,0.0400644
-0.05757524,0.069663085,0.016367834,0.002153588,0.014337601,0.053765237,-0.033219334,0.022027666,0.044059068,-0.053377885,0.07320747,0.055699043,-0.003331121,-0.046164,0.07268734,0.07421104,0.011263952,0.035742037,0.007819314,-0.011061275,-0.056293372,0.052441053,0.01583451,0.058905073,0.06308701,0.020435061,0.020667393,-0.004508819,0.0068883267,0.08287354,0.037679598,0.024816794,0.029237999
0.009388785,0.046049125,0.068328254,0.058961026,0.05313862,0.061841648,0.058377195,0.06030045,-0.019524917,0.021435184,-0.010154307,0.074603304,0.0294586,0.055784103,0.06241967,0.017171444,0.044066004,0.050170824,0.06635561,0.043434214,-0.005816426,-0.014100151,-0.0031663368,0.04246058,0.042777587,0.046545886,-0.0071459967,0.066657074,0.0780131,0.0008985722,0.03648581,0.0009279201,-0.0010473132
0.07077466,0.06310343,0.068719216,0.07732729,0.08053842,0.084089905,0.07737136,0.060788926,0.08682149,0.082373396,0.052870136,0.047052357,0.08140136,0.06537224,0.06633019,0.06644939,0.0412996,0.082261235,0.06073137,0.07813012,0.0800641,0.06632547,0.0911881,0.07820352,0.059825726,0.06739161,0.02310577,0.078986384,0.045802895,-0.041248366,0.055429053,0.09412286,0.07774402
-0.03954071,-0.06205543,-0.03088629,-0.054718386,-0.03634827,-0.039508592,0.02114617,0.007724709,-0.04202177,-0.04739417,-0.058886155,-0.063929684,-0.044157997,-0.03381241,-0.0671804,0.024145257,-0.05828033,-0.019100618,-0.015513306,-0.030376349,-0.019006819,-0.06908336,-0.019363357,-0.034906395,-0.05664055,-0.045920316,-0.038729347,-0.021393012,-0.025386613,0.021666456,-0.036243975,-0.045886047,-0.0476186
0.07275424,-0.048175927,0.061008323,0.001610704,-0.041583333,0.009082514,0.043001827,-0.009347742,0.018977884,0.07283188,0.053080853,-0.07425366,-0.039271336,-0.06814973,0.052668944,-0.04911255,-0.03171225,0.020303294,-0.017859083,0.021942843,-0.04430098,0.0017151408,-0.0044583296,-0.006735342,0.025396772,-0.040370576,-0.053235874,0.038254827,0.0005370642,0.058456395,-0.043201935,0.0007336769,-0.08265571
-0.06400532,0.050953403,-0.07352593,-0.055322833,-0.04672568,-0.019244162,-0.037059825,-0.05537245,-0.05239893,-0.06764933,-0.07394971,-0.0558284,-0.024010194,-0.061616763,-0.07244578,-0.049500655,-0.06740719,-0.077115566,0.04035603,-0.024845986,-0.06885225,-0.07141026,-0.042696208,-0.022911953,-0.03169041,-0.060352955,-0.05042754,-0.023628427,-0.006372894,-0.0577739,0.008107433,-0.008266405,-0.059438955
0.066494815,-0.014581956,0.025341144,-0.000910608,0.07312723,0.058691375,0.04772565,0.07768327,-0.048136864,0.0036243978,0.02501651,0.027318416,0.029038917,-0.057558816,0.045357484,0.079024814,0.063579686,0.06944792,-0.034377836,6.163528e-05,0.053485952,0.074338645,0.054114953,-0.043459676,-0.0133597655,0.045767687,-0.022251824,-0.037014615,-0.01113161,-0.010643717,0.017977186,0.023476169,0.040930387
-0.0016117597,0.043714695,0.05076115,0.013864933,0.018574176,0.034568712,-0.009976242,0.0050811195,-0.03552386,-0.0057267365,0.05004711,0.03687571,-0.0063541713,-0.050726473,0.019088404,0.0269382,0.015026751,-0.005412452,0.078505225,-0.018665832,0.05151154,0.030450014,-0.023146197,-0.032934427,0.012206303,-0.032947138,-0.047700092,0.050574567,-0.005186536,0.030497238,0.02474079,-0.031182904,-0.03460817
0.006812737,0.04164075,0.020773971,0.067566015,0.02264835,0.048500568,0.040054448,0.012060815,-0.040069986,0.048403323,0.0460126,-0.024528204,0.03764444,0.024847595,-0.0039321543,0.080263525,0.011151002,0.023900414,0.043504924,0.021646727,-0.02011538,0.01652911,-0.041322913,0.0638403,0.02168716,-0.028665854,0.047622047,0.052881766,0.05535331,0.06146624,0.019678282,-0.040913478,0.06474737
0.02173326,0.021641595,0.0127987685,-0.037384454,0.014908102,0.013396229,-0.009652708,-0.042723883,-0.02520124,0.023383291,0.0052729044,-0.059627257,-0.02743985,0.039954662,-0.08192417,0.049343012,-0.0028802939,-0.060486317,-0.07882303,0.040105555,0.014025414,0.051563956,0.0018325808,0.0010963675,-0.07770743,0.030896667,-0.055724118,0.024432378,-0.07932135,-0.03840731,0.052750148,-0.014123413,-0.017382253
0.061432585,0.051023014,0.06788863,0.07891863,0.052620802,0.04962657,0.05598632,0.020856116,0.06672444,0.031003315,0.073451675,0.0815225,0.05609693,0.07423684,0.077425234,0.03936547,0.06893962,0.0726884,0.06585911,0.06275461,0.049746063,0.07360336,0.009246214,0.06650948,0.07411019,0.07876613,0.076279394,0.049444094,0.06875855,0.07571313,0.051054005,0.014992925,0.07628634
0.035736546,0.028390165,0.046010204,0.036841754,0.07278509,0.0549883,0.050826665,-0.017035423,0.06593703,0.030188033,0.0040035234,0.06918792,0.053950522,0.06725606,0.021810964,0.047248114,-0.009745643,0.028371425,0.04306929,0.027918365,0.0596177,0.03228263,0.057681587,0.026937898,0.035664346,0.014032862,0.060116272,-0.007301392,0.069387466,-0.059421316,0.069364466,-0.024812344,0.055239294
0.0048582517,-0.038722213,-0.031276997,-0.016404985,0.011848538,0.024809321,-0.064501695,0.0021640197,0.039283734,-0.005315968,0.016808638,-0.011158984,-0.057673354,0.016469097,0.0055486495,-0.03874044,0.035217628,0.021167459,-0.010182994,-0.016164815,0.0069990386,-0.044014893,-0.029350262,0.015203221,0.03203458,0.038728595,0.059901517,0.025534688,0.023586351,0.02419817,-0.06408155,-0.062430013,-0.0118581
0.014791291,0.01592355,0.03906577,-0.00796004,0.08039118,0.029375851,-0.009301478,-0.025500856,0.028070513,-0.053044718,-0.070325464,0.007288777,-0.01138899,0.002608212,-0.03865726,0.041685015,-0.010763122,-0.00075829605,0.024775878,0.00057988527,-0.003928175,0.0010224674,0.022145508,-0.039072692,-0.049329426,0.011483146,0.024792463,0.017724723,-0.009345131,-0.0041938685,0.032143533,0.07372904,-0.06458868
-0.01779932,-0.04505197,-0.04820631,-0.024387477,0.044200417,0.009605263,-0.020261757,0.030420154,0.0179537,-0.030691545,0.01809173,-0.066065095,0.015552849,-0.046982452,-0.051488776,-0.041711617,-0.04755653,0.017562656,-0.03319914,-0.040210024,0.03079895,-0.03552956,-0.040574454,-0.055876493,-0.068377845,-0.037959166,-0.035722833,0.05206464,0.012134345,0.060097955,-0.0054503903,-0.029053833,-0.054473404
0.0029270994,0.071377024,0.03517069,0.0059072208,0.079742104,0.058209956,0.07244306,0.017280502,-0.0600751,0.049297925,0.022237897,0.051273976,-0.027608521,-0.055861942,-0.022126764,-0.028367184,-0.03631964,-0.024417635,0.022756599,0.060570884,0.058275905,0.04263442,0.06464337,0.003571405,-0.05484627,0.020429982,0.04792147,0.010304076,0.06582159,0.020751135,0.06712901,-0.037143644,-0.0344295
-0.07764157,0.06881352,-0.063306645,-0.006162547,-0.03398809,-0.011784287,-0.014571957,0.035990715,0.08134335,-0.026888426,-0.004805358,0.035172872,-0.008777564,0.009794824,-0.027950356,-0.03303505,-0.004572231,-0.013432261,0.019856878,-0.038937133,0.07336855,-0.04936204,-0.010468588,0.016971823,-0.004246918,0.016735792,-0.018446611,-0.011079929,0.010629122,0.040035266,0.0030535443,0.018329054,0.07218787
0.035296913,-0.03918528,-0.059335314,-0.07630095,-0.02194052,-0.0061529228,-0.06610003,0.01546044,-0.08759872,-0.009500132,-0.043943144,0.046096995,0.03652238,-0.0145434635,0.0049958834,-0.0101399515,-0.043861434,0.0023209215,-0.02557503,-0.057319332,0.009211886,-0.04461089,-0.028428413,-0.06363384,-0.048824467,-0.044246506,-0.075937055,-0.01038374,-0.05914805,-0.07027254,0.026009742,-0.095065944,-0.04563433
0.027630761,0.01914095,-0.038927965,0.028497301,0.066748425,-0.07494366,0.056918383,0.054305274,-0.018894972,-0.030841678,0.025649019,0.06367039,0.0117230285,0.0051592253,0.035077177,-0.06496036,0.06272934,-0.017666742,0.0035089527,-0.05841602,0.041491687,0.040054165,0.049599886,0.029466566,-0.042853244,0.050029077,0.015671292,0.028647924,0.067691244,0.007938412,0.05205363,0.015238888,-0.0050567705
-0.06665588,-0.0061264304,-0.0284624,0.0753963,-0.025993325,0.069223106,-0.07217272,0.035494704,0.039006736,0.046804193,-0.0019459038,0.012418387,0.07907948,-0.027936017,0.014017138,-0.03778505,-0.06795872,0.068637475,0.0656947,-0.039498247,0.060803223,-0.022622565,-0.010179502,0.018941268,0.037007425,-0.018806111,0.02481759,0.039446615,-0.0014452793,0.060729396,-0.0050935666,0.03197247,0.082751594
-0.036920533,-0.043225788,0.021715442,-0.068908356,-0.033038896,-0.028281499,-0.0392859,-0.08347776,-0.051866725,-0.02909444,-0.06991187,-0.07720989,-0.06824947,-0.00842855,-0.045171425,-0.05831602,-0.04749796,-0.013082054,0.01035592,0.014916807,-0.04010964,-0.04227718,0.04852644,-0.076396815,-0.06025831,-0.038036514,-0.089559145,0.025098143,-0.081766486,-0.06908474,0.011474045,0.0013162072,-0.07426133
-0.020703286,0.007224428,-0.0064685107,-0.02006319,-0.012133259,-0.0779118,0.008594545,0.03308924,0.04142841,0.0055381157,0.040763516,0.02169347,0.011069966,0.023064595,-0.048854813,-0.009799167,-0.046600584,-0.016151853,0.05719209,0.05554716,-0.054656684,-0.051999472,0.0149888275,0.01664656,-0.038628444,-0.073982805,0.027034175,-0.068498656,0.003110646,0.02084045,0.032963205,-0.053130064,-6.958083e-05
0.011367082,0.015739862,0.035801627,-0.04191612,0.029435754,0.064549886,0.021620847,0.01973949,0.035883155,0.07366588,-0.024385296,0.082945354,-0.011670332,0.017439695,-0.029834768,0.018114937,-0.007444084,0.033964004,0.060915463,0.028137358,0.04435147,0.029957814,0.013542523,-0.022085156,-0.027121767,-0.040520728,-0.05993617,0.023337029,0.041957635,0.016055698,0.0021407132,-0.0060858573,-0.014197209
-0.028176935,-0.0740217,-0.031016499,-0.044444554,-0.023398332,-0.07104594,-0.0595551,-0.06677337,-0.0711003,-0.013891755,-0.053731717,-0.022971893,-0.04228377,-0.021975722,-0.028948018,-0.047454193,-0.027113313,-0.06145424,0.009471146,-0.04236046,-0.042824723,-0.05526999,-0.06609048,-0.047271144,-0.037351094,-0.040707383,-0.057668824,-0.01433131,-0.07239614,-0.021446934,-0.05961416,-0.010585244,-0.05211093
0.029420376,0.07829672,0.07442457,0.078679286,0.017708091,0.043492764,0.078213654,0.038590264,-0.013658045,0.06792693,0.07845658,0.08121741,0.06111272,0.07706817,0.07661374,0.0625465,0.07294658,0.05597002,0.0789759,0.06725488,0.052003644,0.078839645,0.01659803,0.073737666,0.076254584,0.07721555,0.08713667,0.023386262,0.063587815,0.05425211,0.075320676,-0.041396674,0.07194411
-0.08564607,0.04123239,-0.010729766,-0.05166155,-0.023023166,-0.085872956,-0.052587073,0.043332938,-0.0052648336,-0.061356973,-0.0059012133,0.061374437,-0.07857723,-0.06430824,-0.08182038,-0.032892134,-0.028963555,-0.07933198,-0.077057265,-0.066687614,-0.084054835,0.004163046,-0.02897855,-0.030477261,-0.0777247,-0.07253465,-0.036071513,-0.06806574,-0.012794519,-0.023044217,0.025069132,0.008071963,-0.009179472
0.087178074,0.026204599,0.064663745,0.06896144,0.045263216,0.05828404,0.0664236,0.048488274,0.05178596,0.056100238,0.03863962,0.04691852,0.064815216,0.04506547,0.04703084,0.069253236,0.07225874,0.061976835,0.06176615,0.07020124,0.044724416,0.037308745,0.070933096,0.06446254,0.07081884,0.069219306,0.033447355,0.08234471,0.05299409,0.002454935,0.011399263,0.09416257,0.059776064
0.046680372,-0.030521031,0.055699423,0.043406557,0.043126386,0.027272321,0.040604226,0.004374007,0.01909097,0.054707505,0.009994804,0.02287366,0.056465022,0.064814135,0.04360806,0.06360733,-0.008997186,0.07440968,0.0506057,0.02849953,-0.055803183,0.031385265,0.06305729,0.061000478,0.054245654,-0.010672914,-0.010793741,0.040002227,0.0666162,-0.0018489247,-0.02282556,0.08153394,-0.010997552
-0.07750869,0.01992477,0.069555156,0.061047103,0.009658239,0.01853595,-0.06917071,-0.042054072,-0.0748062,-0.054730464,0.0023422954,0.05679164,-0.041764162,-0.03708146,-0.08162986,-0.034962256,0.017294483,0.009838706,0.021996576,-0.07309015,-0.017180152,-0.0459792,0.0232633,0.025704732,-0.07734814,-0.03815339,-0.06646291,-0.0002643185,0.024643904,0.026164636,0.075281166,-0.09405342,-0.05567453
-0.07792564,-0.016354373,0.04601554,-0.019042687,-0.064107805,0.059415102,-0.052050494,-0.02977545,0.06457569,-0.023849294,0.045777738,0.077543005,-0.031503037,-0.0152274305,0.07648635,0.035117235,0.05040552,0.025303314,-0.047371406,-0.02765043,-0.043720003,0.06104676,-0.08827137,0.033938732,0.06326084,-0.04456566,-0.06720502,0.012610881,-0.046688482,0.007300039,0.08274436,-0.036857087,0.044291407
0.052866235,-0.066542454,0.044896703,-0.00019911861,-0.0025047178,-0.025558239,0.07002395,-0.05745529,0.070054665,0.03806678,0.025120908,-0.05389838,-0.015961489,0.06605442,0.07586025,0.058283363,0.036173962,-0.01054725,-0.00454799,0.074879825,0.08077459,-0.0074721714,0.028926197,0.037822593,0.06045587,0.03667664,0.032722194,-0.04568616,-0.026246639,-0.023744771,0.023141056,0.020123247,0.013458171
-0.015716447,-0.047281064,-0.043714073,-0.0669786,-0.056218553,0.0091405315,-0.023364725,0.04926675,-0.0369397,-0.037049748,-0.060856353,-0.016912242,-0.076577805,-0.04014244,0.011881619,-0.069063485,0.0033500323,-0.0523599,-0.076800615,-0.0195765,-0.049154095,0.029773287,-0.06861305,-0.010860342,-0.00026148965,0.04762915,-0.015339282,-0.06375627,0.042265117,-0.05782617,0.020592477,-0.038874738,-0.01585349
-0.057711706,0.019925106,-0.019369733,-0.03756183,-0.055737663,0.017744852,-0.012143461,0.036234964,-0.024929812,0.041291535,0.060800068,-0.061908826,-0.0064397,-0.0025788806,-0.027853893,-0.07775386,0.04542624,-0.03217502,0.03165981,0.016246138,-0.003767599,-0.031501126,-0.05717541,0.038567796,-0.040564686,-0.04884468,0.015932743,-0.033534113,-0.029541848,-0.03615713,-0.060421254,-0.0629469,0.010011554
-0.056333855,-0.024133958,0.05732584,0.057711262,0.05221174,0.0073966873,-0.062238872,-0.06638439,-0.08442225,-0.08012709,-0.036234543,-0.059241537,-0.023679702,0.02527496,-0.022273935,-0.01608813,-0.048272703,-0.047187246,-0.05601851,-0.054438062,-0.07295313,0.06689539,-0.0809299,-0.07412807,-0.0030081905,0.039237216,0.06056524,0.021524759,-0.0010487245,0.03966108,0.031449065,0.006489422,-0.0148426015
-0.042602647,-0.012512568,-0.01974773,-0.004527095,-0.014862587,-0.06438149,-0.0070019043,-0.016739694,-0.04791325,-0.040622238,-0.034164313,-0.026396506,-0.05205591,-0.0059462865,-0.04748276,-0.031218378,-0.002153921,-0.045538973,-0.024134198,-0.03964261,-0.061703697,0.013882655,-0.057750378,-0.019557502,-0.009456273,-0.022548093,-0.048958026,-0.076130435,-0.0126853725,-0.042768974,-0.021783976,-0.03276177,-0.021272978
-0.013283389,0.017192611,-0.018680964,-0.028695425,-0.020667113,-0.06576013,-0.037128646,0.013503612,-0.018876206,-0.02328637,0.004025384,-0.07259767,-0.03873576,-0.036386196,-0.074121825,-0.04301654,-0.069531225,-0.03690283,-0.07522143,-0.019135574,-0.005496998,0.010849318,-0.028911214,-0.037713856,-0.04515873,-0.039118282,-0.041114222,0.00033046052,-0.0031020201,-0.03469522,-0.0014227352,0.021534786,0.016752405
0.07669061,0.0059263417,0.041781735,0.04486327,0.07693507,-0.010905893,0.060263142,0.006646701,0.009554928,0.033221293,-0.057548497,-0.057664998,-0.0014898586,-0.0021258492,0.025545571,0.025849491,-0.03665889,0.0413217,0.056861002,0.006845002,0.004323351,-0.015014857,0.0830343,-0.0036508485,-0.03118078,-0.0023817113,0.03729198,0.008169205,0.06916928,-0.013282964,-0.056059,0.053326573,0.021443063
-0.030209333,0.07344227,0.05670013,0.021113692,0.0655784,0.053100545,0.02394734,-0.07341152,-0.00965169,0.029666442,0.01375488,0.04752871,0.058854923,0.047997586,0.050418843,0.03499922,0.040148735,0.07066669,0.07112515,-0.0007956788,0.053772017,0.06395157,0.06833303,0.0061765304,0.064466685,-0.018363548,0.008787104,0.06878175,0.052788503,-0.02966054,0.049424097,0.060997076,-0.003988357
-0.01921985,-0.026290001,-0.0007808616,0.06515929,0.005160315,-0.025020156,0.01885608,0.030444814,0.009023222,0.03632814,-0.061602954,0.0398601,0.07924733,-0.07384588,0.066364,0.021996394,0.021380099,0.05983033,0.052903917,-0.043695502,0.0041415025,-0.007916607,0.04176944,0.042560916,0.07288619,-0.017358597,-0.051451653,0.055492885,0.006266148,0.0058312817,-0.029172324,0.08439431,0.06003825
-0.039974384,-0.00082595856,0.046188034,-0.02744095,0.074376024,-0.04758154,0.030149478,-0.037058998,-0.043308415,0.0635413,-0.06558478,0.060971748,0.0031598893,-0.03261069,-0.07677924,-0.045753535,-0.042955015,-0.01630239,0.035336565,0.04651716,-0.008735952,0.042772777,0.040909026,-0.019491054,-0.023728756,0.016765539,0.02675489,0.06618598,0.050656978,-0.052752163,-0.0117986845,-0.012414457,0.030839823
0.019359073,-0.044003993,0.005589216,-0.055183124,0.041084565,-0.060610123,0.053806297,0.05289255,-0.00041519498,0.0017008543,0.02462857,0.016805764,-0.032809943,0.043535534,-0.0280925,-0.05878737,0.024974873,-0.04393392,-0.06026743,0.022894038,0.042229395,-0.0018995412,0.061466504,-0.023678716,-0.022745874,0.043271217,0.026780227,-0.016345933,-0.057424825,-0.059844617,-0.04804415,-0.036413886,-0.0021814955
-0.047301743,-0.0649123,0.03741097,0.04715653,-0.077309184,-0.06606873,0.015208721,-0.026812822,-0.018906375,-0.0118605355,-0.0013744811,-0.069468,0.023552172,0.05975731,-0.010723199,-0.0412249,-0.058933284,-0.0052674417,-0.026961477,-0.015554804,0.07348842,0.03405619,-0.07426199,0.062515,0.04303298,-0.028618844,0.014062745,-0.05091853,0.03713135,0.029133612,-0.037307926,-0.048656095,0.051781513
-0.029519474,0.057680525,-0.014454826,0.020858154,0.003454811,-0.011878045,0.010503515,-0.04581964,-0.009882537,-0.042036403,-0.06189659,-0.046866592,0.050711535,0.039702687,0.03373808,0.06801897,-0.054967392,0.0748276,0.07568814,0.021528278,-0.04704465,0.023414068,0.02581572,0.03715334,0.064583175,-0.029625572,0.042273395,0.0173379,-0.0024303398,-0.08112418,0.01007481,-0.0134809185,0.04911578
-0.03228087,0.00831756,-0.033997066,-0.027808145,0.011705017,0.031247118,-0.06241684,-0.05385472,0.042774413,-0.044824135,-0.04343723,-0.023304505,0.011380463,-0.059058927,-0.062484756,-0.019703113,-0.055194963,-0.042030495,0.02392051,-0.061330847,-0.0042796126,-0.052025165,0.0027331305,-0.0344402,-0.046759766,-0.006764945,-0.032578584,0.05129463,-0.034877256,0.036643863,-0.03862183,-0.0023952487,-0.009290327
-0.008358946,0.0034699598,0.016436586,0.040207513,0.06874738,0.043554958,0.061090667,0.077401966,0.085961014,0.008857167,0.049531862,0.036198255,0.01740954,0.049560227,0.046384707,0.022063741,0.073321626,-0.074278146,-0.04401574,0.07699368,0.029650737,0.040985934,0.044354547,0.0130998185,0.04310512,0.056482952,-0.033604253,0.0762905,-0.011681567,0.026732484,0.009896363,0.00410518,-0.011497981
-0.0017947213,0.044500146,-0.06929589,-0.028664244,-0.021573173,-0.0010972655,-0.02608343,-0.0673168,0.054799404,0.015393563,0.02244378,0.0013223803,0.011792916,-0.060083885,0.05715184,0.054646336,-0.02177867,-0.06557381,-0.059981514,-0.053535137,-0.0846381,0.030925976,-0.08519006,-0.04313077,0.04749093,0.046771098,-0.034697253,-0.044809185,0.020625323,-0.05247976,-0.014494339,0.02582466,-0.07925133
0.022359159,-0.008860977,0.009431647,0.062337983,-0.015537957,-0.014713273,-0.0024567498,-0.043578517,-0.01591062,0.012123884,-0.057375472,0.034685116,0.04934709,0.043396715,-0.023513157,0.04492671,0.031236915,0.028627072,0.003033164,0.036561076,-0.023197861,0.014817723,0.016550513,0.012232251,-0.00953132,-0.026818631,0.021091525,0.031907655,0.07254986,0.008443003,-0.0069724186,-0.013597895,0.07648497
-0.05061417,0.022036763,-0.038409945,-0.011378162,-0.0651975,-0.06820904,-0.011345327,0.023585077,-0.05943099,0.014187703,0.039030667,-0.006922122,-0.025814122,0.037588414,-0.069388404,-0.017867617,0.06282032,-0.055171758,0.04973685,0.031699765,0.0054388945,0.045047663,0.05940579,-0.038989596,0.0044614016,-0.07656542,0.048143845,0.05344863,-0.017280638,-0.050815262,0.05803915,-0.017563215,-0.07603259
-0.018999942,0.027180523,0.051969096,0.037477434,0.031939697,0.053475805,0.036745332,-0.03490008,0.023522725,-0.008390161,0.019954419,0.05404809,0.036220003,-0.033579715,-0.0011166316,0.06725952,-0.044073567,0.045609824,0.045640647,-0.015323989,-0.040713023,0.06014228,0.022050725,0.0037008135,0.017790014,0.023329673,0.031056708,0.046500407,0.077217154,0.022751316,0.0654946,0.027435862,0.023013238
-0.019000588,0.0060817925,0.030199852,-0.01877297,0.05519982,0.065807916,-0.0024420742,0.052180037,0.07806223,0.0017040443,0.030407714,0.060847983,0.04710698,0.029603096,0.00022341989,0.024642559,0.017752886,-0.013107764,-0.008655882,0.05208063,0.04660283,0.036893416,0.03717942,0.011488127,0.018451063,0.06704778,0.05631058,0.0645812,0.041377805,-0.00962073,0.050611947,0.0035318576,0.03708489
-0.052299045,-0.06400855,-0.06830262,-0.06959644,-0.041636415,-0.051755298,0.010562654,-0.029120421,-0.015961928,-0.054057058,0.033781182,-0.050521158,0.023103477,0.059140857,0.062281627,-0.046528086,0.056511737,-0.08116172,-0.06701571,-0.061798405,-0.069324546,-0.05558884,-0.0669734,-0.07409982,0.05252806,0.061478473,-0.059681352,-0.044306096,-0.040330917,-0.07168592,-0.03883507,-0.024418693,-0.07166579
-0.031826574,0.035086483,0.028843924,0.05718824,-0.046204608,0.030183898,-0.03419754,-0.042838976,0.088108875,-0.059831396,0.05510048,-0.010306327,-0.044235546,-0.03303814,0.0224657,0.04502552,-0.07508027,0.009284094,0.01598546,-0.03459371,0.04226845,-0.022713665,-0.02614303,-0.04187744,-0.062304825,-0.054845944,-0.003626709,-0.026840206,0.046466116,-0.014489385,0.006051951,0.04808857,-0.018214094
0.0601249,0.050619353,-0.006282752,0.076284006,0.012615592,-0.020007297,-0.018400392,-0.03519432,-0.064800456,-0.00831346,-0.06995841,-0.07620037,0.0590946,-0.051152315,0.045597237,-0.021312209,-0.068682246,0.06399356,0.070156306,-0.025482673,0.0061133225,-0.07084401,0.05281419,0.037132524,-0.0038947037,0.052806884,0.027794594,0.038290855,0.014259507,0.066963665,-0.061279774,-0.038137857,0.08246708
-0.016235534,0.0011884632,0.012472001,-0.047261618,-0.05775627,-0.018095193,-0.03929658,-0.0017108358,-0.010179486,-0.03188537,-0.015242479,0.013065161,-0.027412219,-0.03421811,-0.07335064,0.009245169,-0.067167975,0.0426244,-0.038916346,-0.047992397,-0.04011471,0.018305926,-0.017754586,-0.027003627,-0.02695075,-0.06393806,0.039068785,-0.07593428,-0.031186063,-0.07207319,-0.017248122,0.048022505,0.059451092
-0.06148146,0.029555902,0.05177032,0.043958344,0.036776077,-0.012062327,0.057383973,0.059107542,0.06389232,0.010455043,0.068065435,0.01998173,0.026679263,0.04775262,-0.026578244,-0.005136982,-0.006136275,0.046649102,0.01547994,-0.0019970136,0.055627935,0.056569207,0.0037826672,0.06397589,0.01684034,-0.008108887,0.04251115,-0.018690618,0.028016163,0.06235428,0.055490155,0.018263076,0.07339843
0.07814888,0.08579574,0.06683921,0.07857621,0.04603056,0.08752762,0.08087357,0.0533753,0.013720615,0.07674125,0.04358157,0.06281859,0.06836497,0.07419397,0.06486326,0.057231586,0.06347971,0.07872823,0.0586201,0.0804613,0.06549887,0.083336435,0.025211893,0.07950466,0.076872826,0.078751355,0.06997238,0.06815921,0.065831475,0.057670496,0.07131821,0.0004359254,0.0050157723
0.034855373,-0.009424568,0.00048620824,0.033146817,-0.009628455,0.013366248,0.065772414,0.048921503,-0.037356295,-0.017603388,-0.03235237,-0.020528292,-0.012631251,0.036798242,0.015128174,0.028810145,-0.005606077,3.954323e-05,-0.001814567,0.030562783,0.009335295,0.020686157,0.022929356,0.002207919,0.05375376,0.03947576,-0.019098137,0.0027543555,-0.0034006955,-0.009416742,0.056760754,0.034946203,-0.0004789003
-0.06019651,-0.008300317,0.0059859925,0.014137137,-0.016041627,-0.006905904,0.043046795,0.068325795,-0.0016833948,0.006625087,0.06915553,-0.0011586464,0.011324727,-0.07089279,0.0014230057,0.082846075,-0.036107033,1.0821447e-05,0.07401032,-0.032934614,-0.07130311,-0.058936447,0.01675355,-0.026224853,-0.0111911,-0.06864298,-0.0077534495,-0.05397758,0.048733566,0.035360754,0.010790726,0.040583607,0.03236794
-0.052903797,-0.055438902,-0.03587914,0.019721275,0.05456427,-0.014632958,-0.053320605,0.045195792,-0.05285943,0.0024395671,-0.04116226,0.05056453,-0.0030849886,-0.030712768,0.025655486,0.039229084,0.073417544,-0.050176576,0.038161688,-0.030400537,0.054828666,-0.008519323,-0.072015986,-0.020140925,0.024967253,0.03903493,-0.076636754,-0.042345926,-0.03911952,0.045176066,0.008243201,0.018926261,-0.07963951
0.0012382745,0.01804946,0.029592277,0.03815196,-0.014394503,-0.0023779306,-0.0039813532,-0.02912789,0.0027370567,0.056281775,0.04040608,0.014599507,0.0655006,0.061280843,-0.011376722,0.07681516,-0.03532685,0.04768145,0.05258205,-0.007141872,0.007832747,0.023283405,0.029683536,0.039656468,0.037040234,-0.033764604,0.06955999,0.02819745,0.07721868,0.028889691,0.023617912,0.0022069137,0.017552767
-0.0008568526,0.031349495,-0.031694617,-0.0053259125,-0.017540237,0.038008284,-0.021572562,0.041171525,-0.0172671,-0.058634344,0.021015104,0.01443474,0.006151012,-0.0030240188,-0.012870383,-0.03786293,0.031270802,-0.04918985,-0.033577815,-0.06282587,-0.008673889,0.030747037,-0.028677335,-0.040144052,0.021355694,0.03287066,0.019254591,-0.05577374,0.050086755,-0.0090192845,0.03627165,-0.038670663,-0.0008517601
-0.025723321,-0.010305533,-0.07221134,-0.06314899,-0.010068308,0.025157401,0.059770364,0.013388236,0.019402055,0.07139577,-0.037844077,-0.069030814,-0.042530514,0.0721823,0.04848427,0.053075973,-0.0073989653,0.0052386094,0.0066651683,0.08041268,0.058377776,-0.029483201,0.03427565,0.02157922,0.036847536,0.01485902,0.04311674,0.038769107,-0.010144883,-0.0827465,0.015380385,-0.058747113,-0.017059354
-0.0037737424,-0.031155234,-0.037338637,-0.059614312,-0.040536854,-0.038554046,-0.039880622,0.046647448,0.02568453,0.010678055,-0.036206685,0.04510025,-0.04566128,-0.048007388,0.0076710414,-0.013782184,-0.06201625,0.007926749,-0.01457713,-0.015758986,-0.062839285,-0.012694507,-0.0056302412,0.04064195,-0.05806615,-0.06831722,0.048289202,-0.014997893,-0.049814533,-0.05053119,-0.060325485,-0.069085985,-0.024444178
-0.0059224227,-0.058000214,-0.055895362,-0.05349277,-0.04876197,-0.07438486,0.0695819,-0.03783774,-0.0028524129,-0.03024675,-0.06743102,-0.058865555,0.037552718,-0.012675052,0.029240036,0.014604789,-0.02665384,-0.081936054,0.05257303,-0.026444353,0.04075686,-0.028918067,-0.035630744,-0.033130705,-0.007913866,-0.049800638,-0.03566688,-0.0029193433,-0.010769786,-0.030033553,0.055876177,0.020340411,-0.0051467074
0.0003581717,0.025302816,-0.072045766,0.05357683,-0.004677367,-0.036602892,-0.04063634,0.05058859,-0.017194118,0.048319682,-0.023159979,-0.04039809,0.07656245,-0.002064748,-0.02116494,0.01905921,-0.024439964,-0.012353267,-0.030833595,-0.017949384,-0.060821768,0.0051870584,-0.019555463,0.042992543,0.049056303,-0.05131624,-0.028880533,-0.035547987,-0.02981439,-0.015721386,0.022720952,0.006832628,0.04783763
-0.00038086696,0.0760834,0.019180177,0.018994272,0.07140187,0.07117922,0.06661939,0.054083314,0.04130931,0.07523578,0.03501614,0.074133076,0.024394806,0.051274616,0.03402058,0.04926272,0.070012406,-0.016822958,0.044275597,0.06262984,0.07576534,0.054312333,0.060005337,0.048567496,0.016182948,0.062526695,0.07372991,0.05616037,0.034191478,0.05237727,0.056709897,0.007087786,0.030928154
-0.05188694,0.027298663,-0.04915973,-0.062088564,-0.07283792,-0.029330384,-0.058766812,-0.046379138,-0.07961265,-0.055693503,-0.01730473,-0.023434095,-0.063030645,-0.025743518,-0.0431145,-0.052294802,-0.07570812,-0.02282596,-0.03215472,-0.05874703,-0.07197207,-0.044538416,-0.079064466,-0.024546385,-0.018448446,-0.07383231,-0.03344414,-0.07351987,-0.054492455,-0.030844692,-0.060088407,-0.06413157,-0.026055133
0.033231497,-0.008479025,0.07809451,0.080438755,0.0684242,0.08256768,0.06770275,-0.01259589,-0.053456523,0.08251966,0.010789572,0.080569714,0.066860095,0.0658337,0.07046335,0.05184871,0.07269798,0.08276756,0.07967058,0.07699544,0.020478835,0.049118306,-0.02193239,0.083179556,0.076445945,0.08126859,0.08353137,0.08090985,0.05992447,0.03653344,-0.03375412,0.031035366,0.07356187
-0.009134098,-0.061022088,-0.072148815,-0.077564165,-0.07635187,-0.00634964,-0.06576123,0.017123858,0.06492418,-0.08063401,-0.05196404,-0.063274175,-0.06366292,-0.072121136,-0.073517635,0.03413822,-0.03800971,-0.0677059,-0.08236695,-0.062086385,0.00022242244,-0.05805536,-0.0040864744,-0.077263065,-0.07571904,-0.06348609,-0.0115361465,-0.08335238,0.034402132,-0.009380678,-0.046665475,0.032747373,-0.044017382
0.052949637,0.06894149,0.059436873,-0.06215424,0.0002988662,-0.014781796,0.043721773,-0.014084351,0.04752332,-0.012552636,-0.002621681,-0.029593239,-0.00061490637,0.012914247,-0.059737332,6.9266384e-06,-0.047973774,-0.049211077,-0.053594146,0.026297128,0.062353183,-0.03486954,-0.029061168,0.055643484,-0.039765783,0.01598188,0.061443124,0.07475659,0.08009791,-0.02391665,-0.013212574,0.020460116,-0.068205364
-0.051723227,0.040680844,0.007882036,0.035403665,0.025166335,0.030231528,0.039885636,0.03428727,0.021577356,0.039354116,0.023085812,0.058078263,0.006381105,-0.005894694,0.03393128,0.06230025,0.06273289,0.057321817,0.037482608,-0.015378005,0.03648543,-0.014920412,0.002799237,0.043511443,0.049159475,0.06597056,-0.07434968,0.034557007,-0.0032875522,0.058265563,0.06116398,0.048303008,0.042520825
-0.036811695,0.036534313,0.056410763,-0.025188359,0.021952672,-0.0016678941,0.04552412,0.005845735,0.036874287,0.004384452,0.014014002,0.026057964,0.021984693,0.03874124,-0.02017415,0.02608928,0.0057920017,0.00055147405,-0.04300445,0.053135905,-0.009221794,0.05782712,0.022027375,0.058997113,-0.02938941,0.057394836,0.0068609715,0.0020932567,0.020393724,-0.03805425,0.03851513,-0.029480806,0.004634116
-0.009135697,-0.018513419,-0.07083168,0.0035817823,0.011487961,0.04138098,-0.026392309,-0.07071317,0.0674414,-0.010015993,-0.045812257,-0.034096967,0.020369165,-0.011609499,-0.00094748486,0.0021136655,0.04414476,-0.021128122,-0.019085405,0.018535664,-0.0036834236,-0.016800754,-0.023721453,0.010210784,0.031836465,0.03707387,0.039367087,0.08258576,0.035176266,-0.02644053,-0.06477431,0.0091566965,0.045465287
-0.031161651,0.05860338,-0.014351626,-0.054920167,-0.007224744,-0.014980721,-0.07066448,-0.033754725,-0.013934774,0.04012809,-0.0033189063,-0.010094384,0.05455424,-0.033338424,-0.019033454,-0.04384725,0.025042377,0.03279807,0.043912824,-0.028111313,-0.014922417,0.00818118,0.024036793,0.010602109,0.03930384,0.044449754,-0.066942245,-0.01750673,-0.040257018,-0.02832347,0.0015233151,-0.037594352,-0.00085327035
0.043256428,0.083672315,-0.004537737,0.05346979,-0.073294476,0.01575231,0.05351475,-0.0051709027,0.060944054,0.034591347,0.044623666,-0.007470998,0.035790168,0.028995866,0.063588455,-0.0687448,-0.03787418,-0.0024186205,0.015679058,0.059779637,0.013833552,0.07599826,0.02198977,0.05476496,0.018479725,-0.035025306,-0.03704254,0.023463229,0.058416005,-0.05530548,0.054336697,0.034139905,0.012504517
0.0034483937,-0.032873705,-0.01987426,0.031017283,0.043224633,-0.031046864,0.039021954,0.014103841,0.005137626,0.021354916,0.034634054,0.014738411,0.04575333,0.03501927,0.048974313,0.0230802,-0.039554227,0.02916075,0.025408871,-0.010209703,0.01964434,-0.044269662,0.045591466,0.021750016,-0.03466938,0.015277101,0.020385286,0.00030643013,0.007434834,0.06769033,-0.040384866,0.036622442,0.04114051
-0.016185055,0.04696355,0.021675231,0.070652604,0.02422342,-0.027161416,0.06013457,0.06220677,-0.050020233,0.027385717,0.033593938,0.025952356,-0.010655048,0.020375155,0.007112896,0.05467127,0.06405114,-0.024476001,0.013696319,0.047007933,-0.031143723,0.039826002,0.0014650947,0.008738478,0.051217034,0.0015217531,0.030940497,-0.0023504246,-0.007793895,-0.050318744,0.032999534,0.005616528,0.03635339
0.043466125,-0.08240841,0.020510832,0.06611506,0.02828051,-0.08340898,0.057802107,0.013263654,0.021354318,0.048512574,0.06961527,-0.078681864,0.077425696,0.05998011,0.018510599,0.017726295,0.070624724,0.022995707,0.034291845,-0.015572819,-0.09007662,0.011129967,0.0029195633,0.06466356,0.045838684,0.07680586,0.015503396,0.0290559,0.05749176,0.041389506,-0.0040344154,0.058209673,0.017604494
0.0029008684,0.028310861,-0.024116931,0.001788825,-0.010483803,-0.04104969,-0.00020343107,-0.0227016,-0.007222942,0.0066704815,0.004846217,0.028435731,0.0001959399,-0.031428006,-0.022306127,0.011389351,-0.034528986,-0.020708919,-0.058281433,0.011374646,0.0402091,-0.008750307,0.035590775,-0.021141164,-0.02360613,-0.031312503,-0.03824262,0.01266647,0.033572618,-0.01574185,-0.0045571104,-0.04748514,0.0036341657
0.022001566,0.028270243,0.043653626,0.021769574,0.0428076,0.04658613,-0.01042512,0.06345892,-0.0887689,0.042822354,0.052447364,-0.08159812,0.022376876,0.037760872,-0.004928073,-0.0034967356,0.06929588,-0.0020865747,-0.03269879,0.026391648,-0.0050332416,-0.0017817935,-0.0069021746,0.041095637,0.054924868,0.07025478,0.0058672414,-0.03366531,0.017349597,0.021720372,0.053659108,-0.0478777,-0.05483856
0.03817563,0.021550369,0.04813188,0.023549326,-0.0131588625,-0.013764001,-0.029260468,0.065028585,-0.021032372,0.047819983,-0.006445229,-0.07954051,0.047043964,0.065245055,-0.0023030273,0.0022288354,0.05344129,0.023991458,-0.02855394,0.0051599056,0.03962124,0.026091624,0.012395159,0.04966756,0.025985567,0.00046763042,-0.05514878,0.045239564,-0.037022207,-0.0738486,-0.023480516,0.011038667,-0.024398534
-0.016757958,-0.0049919668,0.0016285516,-0.012495567,0.0416181,0.03176488,-0.0326493,-0.041539513,0.055566296,0.0021628474,0.028485788,0.049222365,-0.024218393,-0.016883979,0.062094577,-0.06915887,-0.015431019,0.010107509,-0.02049615,-0.005317132,-0.06640813,-0.021931566,-0.009339576,-0.0134979235,0.056380127,0.008115831,-0.047885854,-0.008482308,0.021056669,-0.022673536,-0.02349782,-0.0417588,-0.041657586
0.022891805,0.061720323,0.054957025,0.009333383,0.041875735,0.077123165,0.0050914115,0.029831031,0.0237044,0.045178,-0.036835857,0.07612721,0.07915015,-0.023498487,0.06289182,0.031008521,-0.016660715,-0.0038187788,0.07348297,-0.042207904,-0.00052548747,0.068161204,-0.015502787,0.06575065,0.06153562,0.002430433,-0.032491732,0.01217393,0.020546407,-0.037430484,0.074590094,0.03166687,0.015493557
0.05638083,0.046534877,0.018383633,0.042349253,0.016541649,-0.010977377,-0.0077387756,-0.016540322,-0.00078682444,0.026792677,-0.063344724,-0.005960658,-0.04349061,-0.042019896,0.031358954,0.012167376,0.068895556,0.010682225,0.05764206,-0.06310241,0.03531232,-0.0032284898,0.04175796,-0.075012006,-0.008395156,0.047839023,-0.041509323,0.029166682,-0.048016373,0.080457635,0.041272,0.034914747,0.03595035
-0.009990118,-0.042845752,0.004351713,0.022485323,0.03339873,-0.027820397,-0.0031669606,0.02899934,-0.061976854,-0.07374954,0.026806025,-0.039045874,0.041098896,0.020422956,-0.054610156,0.0012447719,-0.045275632,-0.0022046522,0.0076380675,-0.03483242,0.0007844791,0.07050489,-0.07453387,0.051649578,-0.019989043,-0.033029683,0.05910122,-0.009292346,0.07263739,0.054357868,0.029985618,0.029493896,0.0466329
-0.026974078,-0.065550044,-0.025747068,-0.032162562,0.012956494,0.017366182,-0.075480334,-0.07461959,-0.0779898,-0.043938182,-0.052860536,-0.015663132,-0.054294415,-0.027636778,-0.0759488,-0.03535769,-0.042359542,-0.019586641,0.0058512385,-0.059957553,-0.010331415,0.028417617,0.025970059,0.04933935,-0.058522493,-0.01335829,0.05872752,0.052579563,-0.07133478,-0.026074445,-0.029021317,-0.013037186,-0.053054925
-0.078551956,-0.070123516,-0.061938908,-0.032520264,-0.04045915,-0.03571452,-0.05391361,-0.020295246,-0.012602758,-0.0045762984,-0.012109307,0.0033640054,-0.018599315,-0.04403185,0.0024142251,-0.03164141,-0.007243013,-0.027573194,-0.0026519364,-0.073288545,-0.02251379,-0.08310188,-0.045971293,-0.006236015,-0.052700046,0.04094818,-0.0507341,-0.020357862,-0.03411683,-0.046819832,-0.08400034,0.0019082004,-0.03443259
-0.011357508,-0.07098602,0.007287236,-0.05559148,-0.002544055,0.0038417722,0.028407734,-0.011931702,-0.062284704,-0.03830852,-0.070395544,-0.036279406,-0.07570432,0.027893098,-0.048383463,0.009241914,-0.009944912,-0.001893441,-0.05549735,0.05930047,0.01279534,0.0014948661,0.022080861,0.011914647,0.025628198,-0.03789014,0.0062506534,-0.028885536,-0.0027027342,0.01924689,0.049606115,0.00036076392,-0.076414146
-0.07633499,-0.083334774,-0.074542925,-0.07857812,-0.07823137,-0.08255371,-0.07753052,-0.078050114,-0.08657158,-0.078367315,-0.074101895,-0.07838166,-0.080202185,-0.074713804,-0.076259434,-0.07829484,-0.07289917,-0.08238213,-0.07868447,-0.07630688,-0.080923885,-0.07685363,-0.08821795,-0.07810266,-0.07553596,-0.07590932,-0.08118408,-0.08162409,-0.07843914,-0.079575166,-0.07740715,-0.08327279,-0.076620825
-0.010355003,0.06920535,0.044389963,0.06998144,0.011427431,0.04180705,-0.02748923,-0.021851694,-0.044409703,0.049884286,0.058397915,0.07189994,-0.05066526,0.016504029,0.06777919,-0.015604903,0.004330225,0.05758842,0.07482339,0.047583975,-0.048142783,0.06699578,0.0065668705,0.027681546,0.056471687,0.020252455,0.051448245,-0.07364212,-0.06837463,-0.055798788,0.060143597,-0.042857476,0.072020985
-0.05288875,-0.033518672,0.060957804,0.03171882,-0.0056582694,-0.01928127,-0.013022329,-0.07499868,-0.03522253,-0.042315856,-0.009526466,0.037148803,0.053319726,0.020282669,0.0373088,0.026528329,0.05871109,0.037876725,0.026032535,-0.038700253,-0.059259877,0.07983609,0.04339824,0.038866457,0.05340694,-0.047963925,-0.02709342,-0.0134367235,0.0369441,-0.0029215368,0.047593776,0.025661325,0.043507066
0.02855505,0.016822156,-0.065276206,-4.3606524e-05,-0.023493614,-0.012212138,-0.049786452,-0.058693472,0.0060067526,-0.017815199,0.0017944433,-0.056056287,0.036776923,-0.064624384,-0.041531153,-0.00419212,0.007873981,-0.0059154863,-0.041408066,-0.071512125,-0.048329927,-0.021948928,-0.057543475,-0.012337623,-0.037612654,0.012686832,-0.008182952,-0.058711432,-0.005851336,-0.058802035,0.038391724,-0.005530344,-0.04166238
-0.048885204,-0.040565908,-0.0382795,-0.07520421,-0.03570614,-0.0013327925,-0.018686702,-0.04577044,0.012661597,-0.006368264,-0.054016802,0.0028319375,-0.042865887,-0.066589184,-0.03362726,-0.022607544,-0.032061644,0.010123452,-0.024886258,-0.055843923,-0.010914828,0.0070157,-0.024133462,-0.041500606,-0.056355137,-0.060625885,-0.026996685,-0.00016696293,0.021304063,0.019683115,0.05242373,0.01887983,-0.027510144
0.02840604,0.038813934,0.009174126,-0.01696522,-0.047808398,-0.02000391,-0.021981696,-0.0009230285,-0.0499043,0.0207746,0.016747292,-0.07205296,-0.04381555,-0.04673314,0.06928195,-0.058541063,-0.06864466,-0.06382232,0.041732997,0.016445694,-0.026024844,-0.034419965,-0.005748758,0.039431345,0.07561871,-0.04398898,-0.024902321,-0.033636406,0.0013477693,0.07957786,-0.05995209,-0.008176258,-0.04868497
0.065153085,0.059406642,0.06896316,0.07049574,0.065659806,0.05347803,0.069454186,0.071819946,0.06235916,0.056634706,0.04925887,0.08157692,0.07426656,0.048188634,0.061593227,0.07233093,0.05826344,0.08210253,0.072862856,0.04754075,0.072479665,0.06796608,0.07236421,0.070453376,0.05992172,0.076934256,0.0795944,0.082441345,0.06486923,0.066655144,0.07216747,0.09253235,0.07178875
-0.04463974,-0.0075012175,0.05275252,-0.004065518,-0.003251274,0.0040249564,-0.011653383,0.028261855,-0.009787404,-0.00640966,0.058814768,0.00048346235,0.041796926,0.009478108,0.0497347,0.037500918,0.013566675,-0.0042033237,0.03453277,0.030599961,0.01775034,0.035709456,0.003540283,0.008821904,0.061355684,0.038447123,0.025432685,0.040131286,0.045843985,0.003849553,0.020908743,0.04920635,0.053734813
-0.011680962,-0.0140447635,0.0034787431,-0.017086936,-0.029590819,-0.02818821,-0.009352829,0.0028504757,0.010361081,-0.040120415,0.044718172,0.020423999,0.019097801,0.021055367,-0.008047951,-0.0026458378,0.032684598,-0.009264825,0.012882919,-0.03465426,-0.038340487,-0.015226003,-0.035705026,-0.042217974,-0.00023048291,0.0009543823,-0.00865547,-0.04099683,-0.052706547,0.0009186922,0.014407926,-0.035337716,0.0046855425
0.06078636,-0.00363382,-0.03452437,-0.02270361,-0.00980632,-0.010811564,-0.045923594,-0.03652757,0.00077115576,-0.06781166,-0.052137904,-0.036109935,-0.020286934,0.008390919,0.03555735,-0.034854207,-0.023032667,0.045752253,-0.07449376,-0.07679632,-0.034975536,-0.03571452,-0.031721,-0.023469156,-0.028141996,0.020662371,-0.057644498,0.020742446,-0.008023973,-0.07502599,-0.019274073,-0.07806865,-0.064226374
0.07042937,0.041774977,-0.029692229,0.048117142,0.05337899,0.050698288,0.04196875,0.073028274,0.06410434,0.045599412,0.06001705,0.015427423,0.062156472,0.07260305,0.045261953,0.04926323,0.052957997,-0.010211324,-0.02426591,0.04209497,0.017776268,0.058817912,0.06187314,0.032774623,0.044365045,0.06702251,0.04096432,0.05730515,0.072489895,0.049121726,0.07029893,0.057791438,0.05956201
-0.028810807,0.051282216,0.05077309,0.011546472,0.044441726,0.024505408,0.02534057,0.009918613,-0.029296964,0.0709889,-0.061989497,0.049851507,0.061377797,0.0040563806,-0.012248296,0.0179767,-0.029548507,0.059850506,0.020827955,0.06390689,0.050210457,0.062061332,0.037518572,0.06708028,0.05891612,-0.029908517,0.032484315,-0.006454176,0.03421605,-0.011970537,0.06333066,-0.05342155,-0.014562345
0.062482376,0.011108803,0.03523572,0.039929107,0.07710381,0.064997725,0.050090108,0.050188884,0.06769607,0.056502204,-0.030546969,0.036189195,0.053633645,0.048372187,0.04576963,0.0064669726,0.037036404,0.06890507,0.03979422,0.049683277,0.07283083,0.026717382,0.0815173,0.040714867,0.01863987,0.051820535,0.028147368,0.0795798,0.056465667,0.048742,0.01001676,0.08062034,0.025259333
-0.031891715,0.00016919212,-0.009876856,0.043810386,-0.027081518,0.012217908,0.057408586,0.014183701,0.02822646,0.038873345,0.057645038,0.05074936,0.079663076,0.044659887,0.07217128,-0.06536072,0.041920166,0.015606686,0.060068186,0.06445002,-0.08641055,0.01123313,0.067083865,0.03486017,0.065637395,0.018057302,0.078845724,0.055872623,0.068303,0.06933206,0.017831279,-0.00541566,0.06963728
0.05954808,0.02033575,-0.0035814084,0.07057736,-0.006109048,0.01798519,-0.019337911,0.05563827,-0.03589026,0.031623773,-0.06662947,-0.01584732,0.020443024,0.038167134,-0.021913242,-0.015496917,-0.047083497,0.029751612,-0.060904756,0.03159937,-0.0019244046,0.009983636,0.05819194,0.03171471,0.032780815,-0.05580177,0.026107136,0.0009558038,0.033821285,0.034243453,-0.011793361,0.051126804,0.06401513
0.009028657,-0.055588633,-0.02775262,0.04951863,-0.058352675,-0.066830724,-0.031367958,-0.06408186,-0.014069546,-0.02572013,-0.002656976,0.0226568,-0.03023786,-0.01642581,-0.05433912,-0.034846034,-0.05781519,0.018572558,-0.062748455,0.0118341725,-0.046261184,-0.00022972818,-0.047671996,0.05895518,0.032045327,-0.041889977,0.012486906,-0.05879683,-0.007033115,-0.014466047,-0.06838352,-0.025144508,-0.009900132
-0.06312463,0.026362691,0.0424882,-0.06344853,0.007040145,0.006737392,0.04357552,0.03625282,-0.00027958097,0.003025399,0.015785042,0.04449409,0.05403094,-0.06824083,-0.021047557,0.037511297,0.065573916,-0.06139747,-0.043823194,-0.008327134,0.038981456,-0.011505293,0.00096847105,-0.008253242,0.032346677,-0.025186922,0.024229651,-0.049756926,0.06723143,-0.008328719,-0.03663493,0.008910519,0.0052940114
0.026378307,0.05504069,0.004213434,0.04970197,-0.047091052,0.031525977,0.03857036,0.016489353,-0.020028066,0.010036777,0.06577686,-0.009344427,-0.047109764,0.0094945105,-0.003866537,-0.032802586,0.04529007,0.04459709,-0.01128629,0.03907057,-0.034116987,0.05692494,0.01982523,0.016630486,0.040016323,-0.018530738,0.028661802,0.011094468,-0.0021727788,-0.04347885,0.031880125,-0.024310222,-0.030176949
-0.07792351,-0.058000784,-0.027258452,-0.022732621,-0.07431761,-0.06810987,0.0275957,-0.05041516,-0.012774551,-0.044145737,-0.0043173004,-0.059837952,-0.059176903,-0.0093991235,-0.013847573,-0.047216136,0.06496684,-0.07206363,-0.06819094,-0.015841978,-0.074399896,-0.030460397,-0.033381883,0.025154365,0.012492697,-0.014956021,-0.056182496,-0.052432865,-0.04493979,-0.023476854,-0.0369904,-0.052957617,-0.010170391
-0.068498254,0.060707733,0.033987913,0.02926026,0.040605288,0.024423443,0.03448479,-0.0016122393,-0.016514428,0.006176598,-0.032752894,0.0070694354,0.0054682656,-0.043952476,0.015303913,-0.002840396,0.020505538,-0.015370716,0.010024337,0.012081718,-0.0021270188,-0.0018216312,0.008521406,0.018446073,-0.0099357795,-0.010251717,-0.025273614,0.028276779,-0.035744824,-0.067118615,-0.01448268,0.060881115,0.013583246
0.06754508,0.056637153,0.048698835,0.048546508,0.06925654,0.041535083,0.07290565,0.022328759,0.034004126,0.076111406,0.02947046,-0.026416687,0.024293236,-0.0071327076,0.053206537,0.010887496,0.058361083,0.05845742,0.031899042,0.0761349,0.003233824,0.043881584,0.049171064,0.063344985,0.0674777,0.056442726,0.044421174,0.07967354,0.044095915,0.027163884,0.064751126,0.054489054,0.06642151
-0.003193223,-0.0065244487,-0.03738921,-0.048739277,0.007042917,-0.06379117,-0.026811909,-0.047078744,0.0048678033,-0.040032193,-0.054103717,-0.0065643094,-0.061548445,-0.0029590032,-0.04586345,-0.061355785,-0.031332895,-0.04630033,-0.0482606,-0.040059336,-0.016163912,0.0024380109,-0.007818218,-0.0673696,-0.06940922,-0.0018407329,-0.02097384,-0.054099977,-0.050604876,-0.024949051,0.0008772147,-0.055692773,-0.036486175
0.082021065,-0.068515204,0.016083317,-0.06380768,0.002877186,-0.056498516,0.060160846,-0.0048099738,-0.034898154,-0.02156599,0.007624281,-0.047996998,0.009968877,-0.04915789,0.0015200884,0.05553815,6.8706824e-05,-0.039822888,-0.02096418,-0.0026726024,-0.036099914,0.016904753,-0.011232748,-0.035190325,-0.039764874,0.016039567,-0.009286135,0.032483753,0.039274275,-0.023435673,0.016345674,-0.0064090276,-0.05136626
-0.047111426,-0.0016166092,-0.042583,-0.039011225,-0.016296785,-0.051575344,0.012383687,-0.034927875,-0.056827962,-0.05173186,-0.04161847,-0.036514483,-0.036999244,-0.040665865,-0.07174837,-0.03890593,-0.020647055,-0.0850406,-0.054881196,0.020646326,-0.07730975,-0.01572232,-0.015637625,0.008290873,-0.066265404,-0.06630091,0.07673127,-0.053813428,-0.04411423,-0.064836286,-0.046640012,-0.03789974,-0.031296443
-0.0007705857,-0.0020529996,0.07783848,0.017901607,0.0026810148,-0.038603805,0.053571295,0.07670958,-0.012950867,0.0131339645,0.0804588,0.017014395,0.04862986,-0.023795262,0.021531079,0.05881631,0.07527675,-0.039541148,0.08044496,-0.0412344,0.029125785,0.067892924,-0.018667791,-0.013753273,-0.025957512,0.07050391,0.007401745,0.07154168,0.058489356,0.07990103,0.062938735,-0.050562687,-0.040574916
-0.047934663,-0.055554256,0.074733704,0.05168677,0.038750466,0.060390294,0.04444889,0.04807758,0.04562477,-0.014044225,0.06570728,0.06716528,0.009922113,-0.03830697,0.04935765,-0.027005207,0.020468704,-0.0035123378,-0.048882216,0.007919913,-0.02304401,0.038300306,0.029779367,0.0012526173,0.055912368,0.0748423,0.02450058,0.013295259,0.07614396,0.037710205,0.015761402,0.017666996,0.0308322
0.06441161,0.023373991,0.027456168,0.06093758,0.060498443,-0.05215951,0.033631597,0.014576096,0.0052770297,0.019681815,-0.0044370685,0.022672558,0.038913015,0.004806137,0.017711513,0.06304564,0.027106911,0.009617643,0.006288559,0.03354962,0.05763286,0.030998448,0.015188691,0.03126712,-0.0105689,0.06488828,-0.021562764,-0.0019761245,-0.031983275,0.015183369,0.013425997,0.031898566,0.038281024
-0.040630054,-0.02624903,0.059864968,-0.017724754,0.037177585,0.033721775,0.06644305,0.044018514,-0.03150182,0.02771547,0.023762532,0.02209034,0.037223786,0.047113236,0.024751311,0.014325798,0.06567346,-0.04250188,0.06014559,0.057878368,0.04669699,-0.012981533,0.0040152487,0.05283024,0.046370275,-0.021253558,0.035991866,0.045799527,-0.021735987,0.013044521,-0.012667054,-0.05674771,-0.016285267
-0.0040058405,-0.06759056,0.02711124,-0.012757229,0.03510253,-0.035924897,0.011249738,-0.014521327,0.041531354,-0.012476208,0.008749225,0.025392026,0.021731213,0.027892055,-0.0011669118,-0.017726332,0.020985136,-0.0081796665,0.0075400257,0.0407592,-0.036398083,0.0041614026,0.037792683,0.0073356354,-0.03627916,0.009072281,0.010763629,-0.038374912,0.012417293,0.03542994,-0.019231424,-0.029374868,0.01990267
-0.05094586,-0.007986272,-0.061698213,-0.04534221,-0.025468148,-0.043401875,-0.060672313,-0.027517773,-0.0549656,-0.05723518,-0.053216126,-0.03327415,-0.05978724,-0.0106257945,-0.034413,0.011422181,-0.051160097,-0.0065845354,-0.010710167,-0.066615,0.0003232187,-0.07009448,-0.04853165,-0.037139796,-0.05417155,-0.05004468,0.00090861507,-0.05279669,-0.05698361,-0.07670536,0.034309916,-0.06927212,0.00092947605
-0.049390335,-0.021606771,-0.013616205,-0.0043641008,0.024793644,0.034328878,0.037600137,0.0056056087,0.07433018,0.017611817,-0.004703906,-0.06435241,-0.028951393,0.029820144,-0.046526413,-0.0086155245,-0.046496786,-0.050821286,-0.059166003,0.028027507,-0.07383823,0.024238471,-0.007627952,0.03530677,-0.070647776,-0.041464042,-0.053189177,0.00797462,-0.041458752,0.058659818,-0.032779463,-0.007043211,-0.053425673
-0.0123097105,-0.010623824,-0.003982709,0.00043111393,0.021564053,0.0460278,0.006459213,0.0496624,0.01867192,0.022830075,0.010535907,0.0452846,0.07620748,0.06296801,0.05120496,0.013598111,0.06693503,0.013172828,0.06575069,0.020799223,0.0028340418,0.02736016,-0.0017281672,0.050874967,0.05375611,0.054296736,0.005262155,-0.01402265,0.05739702,-0.0529631,-0.02099616,0.044512507,0.056570034
-0.019787164,0.060916606,0.028302597,0.045651354,0.02745135,0.018949889,0.026143922,0.046673466,-0.033353735,0.054536346,-0.01241077,0.06589706,-0.01793084,-0.012697392,-0.008570117,-0.019712174,-0.035277367,0.07209662,0.049349774,0.050836276,-0.053138345,-0.01758264,0.042556714,0.042955857,-0.007822068,0.0118961185,0.029963175,0.078335114,0.049678512,-0.024020722,0.010201329,-0.0007392297,0.015540748
0.0013537393,0.062692255,0.014137365,-0.06981998,-0.029462082,0.00043162663,-0.013157747,-0.015579467,0.06745216,0.046718962,0.061179403,-0.0040222877,-0.04512079,-0.04770261,-0.0041274712,-0.044172227,-0.06781597,0.05506484,0.036732145,0.051777713,0.006321706,-0.056205507,0.038385075,-0.05380356,0.039672416,-0.029928101,0.05978184,-0.03106763,-0.01799866,-0.022101915,-0.050910342,-0.008835058,-0.018184565
-0.060342707,-0.013353835,-0.061202474,-0.01402544,-0.058068164,-0.039058685,-0.039936256,-0.06463116,-0.08796137,-0.017353857,-0.052830588,-0.008884078,-0.045705985,-0.019813513,0.001610509,-0.0051665874,-0.05189531,-0.038603313,-0.007997733,-0.03265846,-0.041259956,-0.05398533,-0.07856201,-0.020298999,-0.03387865,-0.05739205,-0.043313548,-0.07069812,-0.026443377,0.02054548,-0.02834714,-0.085026294,-0.06464008
0.029736457,0.005065997,0.0118288305,0.0046769455,0.06928194,0.054711062,0.013026756,-0.046103492,-0.080448605,-0.061148323,-0.0678916,0.04317997,-0.052311715,-0.026354084,-0.03546251,0.042821553,-0.012088037,-0.0063458593,0.015550621,-0.00031664644,-0.029509977,0.037399147,0.025661103,-0.0021400054,0.014105014,0.028013336,-0.02148384,-0.058789834,0.023893356,-0.014111126,0.014697921,0.028310353,-0.05390137
-0.021663593,0.06772382,0.07596734,0.02606572,0.08249308,0.06808132,-0.011357429,0.03536076,3.774548e-05,0.04954978,-0.025559101,0.005070513,-0.025878208,0.06553966,-0.06629398,-0.05890782,0.018750979,0.030995017,6.0686438e-05,0.055597857,0.03305079,0.06954986,0.017808637,0.074595556,-0.06207728,0.050556462,0.041949924,0.029516459,0.04765411,0.029686803,0.07701185,0.03087792,0.06868407
-0.05992267,-0.010214014,-0.012791262,-0.042816736,-0.072418615,0.047109008,-0.05134493,0.02289718,-0.058854654,-0.026038524,-0.012228767,-0.05688651,0.004749636,-0.054493234,-0.06720835,-0.015644837,-0.043468863,-0.04680905,-0.050701827,-0.058973495,-0.056004707,-0.06681587,-0.057570234,0.044781875,-0.024493985,-0.03286008,0.016476722,-0.04604934,0.029472236,-0.0027454428,-0.078553885,-0.062232602,-0.0031216978
-0.048779495,-0.06970753,-0.05806334,-0.0324006,0.02941465,-0.055029064,-0.03554966,0.01892119,-0.031797793,0.009820718,0.018743237,-0.012930797,-0.059272934,-0.037875462,0.02126221,-0.044226956,-0.022752155,0.074168205,-0.0068356195,-0.0018564701,0.005668703,-0.06665854,-0.01691967,-0.067793556,-0.059182197,0.018531844,-0.01417097,0.048908852,-0.008677973,0.0309113,-0.020384349,-0.012768745,0.052108064
-0.06277612,0.05291873,-0.06571352,-0.035691537,0.055357296,0.07335128,0.026470354,0.008285207,-0.0534486,-0.027968146,-0.0616917,0.06914119,-0.014292325,0.002162958,-0.016424112,0.07169793,0.036589026,0.01958926,-0.029117212,-0.012213252,-0.030027293,0.019283658,0.02508333,0.026110455,0.009509276,0.00533133,0.052777424,-0.012405761,0.048856556,-0.048065443,0.05697854,0.050134376,0.05535359
0.016068175,-0.042204574,-0.030401338,-0.06268984,-0.05381968,-0.056949113,0.022759734,-0.062213644,-0.024361795,-0.047469493,-0.042507082,-0.047404904,0.010630401,0.0073615485,-0.06679991,-0.037850372,-0.051994625,-0.037899986,-0.07752328,0.03786182,-0.025949134,0.051779352,0.00041987703,-0.016608058,-0.060327146,-0.0785085,0.08572952,-0.08030221,0.010994114,-0.06975684,-0.04926938,0.032550387,0.018670283
-0.0039711776,0.0209201,0.06709533,-0.046863493,0.017412933,-0.059721895,0.0035815765,-0.0671839,0.049806584,-0.055469505,0.028253233,0.038640503,-0.08145351,-0.024171764,0.041414622,0.046790373,-0.02520385,0.07441793,-0.01342863,-0.030735144,-0.054445066,0.038226634,-0.013309414,-0.0688253,-0.00016902202,0.06010111,0.004367737,-0.0004923172,0.056534648,-0.039977476,0.07597281,-0.060168527,0.044874407
0.0007287496,-0.024766777,0.00761321,-0.03502062,-0.025249476,-0.026659017,-0.058097072,0.051297616,-0.07601269,-0.020146405,-0.046456043,-0.066437565,-0.0619949,-0.06301763,-0.061305173,-0.08034266,-0.0556471,-0.026305959,-0.05919455,-0.062709756,0.038533308,-0.028975423,-0.021872591,-0.036604982,-0.071862906,-0.04443102,-0.059529003,-0.003860937,-0.035068236,0.013183956,-0.037827145,-0.012761307,-0.05669572
-0.03767991,-0.049833253,-0.040878706,0.004372227,-0.048044097,-0.06311726,-0.043091428,0.009194915,0.0070338487,-0.007168035,0.009399841,0.012883448,-0.009599033,-0.026638037,0.015755588,-0.07079467,-0.041023817,-0.014814015,-0.052218433,-0.03768256,-0.053068914,-0.025635341,-0.008495539,-0.038533766,0.030193271,-0.017043114,-0.012527,-0.023614153,-0.002790597,0.040720947,0.013422714,-0.051557392,-0.032370213
0.028119052,-0.053804606,-0.02437121,-0.044386655,-0.06456476,-0.020374984,-0.026262825,-0.052561305,0.013058868,0.00402115,-0.05416518,-0.05461451,-0.030963238,-0.0012725736,-0.036260284,0.0022897446,-0.056039337,-0.026562301,0.0026405398,-0.042154636,-0.01497503,-0.05878903,-0.0016333625,-0.011226986,-0.026568912,-0.055786368,-0.010609426,-0.035468683,-0.060202785,-0.04798383,-0.039062947,0.050364833,-0.049724225
-0.034505643,-0.023592716,0.071574025,0.013119705,-0.07335388,0.00058505754,-0.0076960423,0.06258302,-0.055385124,-0.07024655,-0.018551081,0.00042579093,-0.02679329,0.011866917,7.059235e-05,0.052949335,0.019667195,0.04278231,0.061639886,0.030700726,-0.023782693,0.06812415,-0.031246535,0.029134888,0.013706411,-0.056572333,-0.06450607,-0.041329075,0.06295137,-0.006672101,0.026294187,-0.041910782,-0.028153175
-0.035657663,0.033260163,-0.02115281,-0.041325893,-0.043151535,-0.055884626,-0.013362894,-0.03403194,-0.013729995,-0.043168135,0.06816954,-0.034602426,-0.0548639,-0.007980902,-0.031444088,-0.073015116,-0.02095989,-0.06736423,-0.07081127,-0.041560497,-0.026531208,-0.0699848,0.03125833,-0.05992555,-0.06455718,-0.049117327,-0.015783155,-0.08150118,-0.046891756,0.03306577,-0.07201787,-0.06149362,-0.058886245
0.016306182,0.06900201,0.014001361,0.0172194,-0.062923245,-0.029859824,-0.021119218,-0.07471892,-0.029039893,0.0065865126,0.011531942,0.027146,0.010804097,-0.046455104,-0.009366645,0.010615152,-0.041622475,-0.03688841,0.076009445,0.020226568,0.0025084435,-0.04386537,-0.06618317,-0.0270236,-0.026359547,0.019740077,-0.030769985,-0.0052131377,-0.025830574,-0.018345928,0.00931641,0.021282697,-0.01884536
0.04632273,-0.01913503,-0.048645206,-0.0127038,0.049396228,0.0072052204,0.07327988,-0.0044624675,0.08572769,0.024036007,0.06401641,-0.009223924,0.00951124,-0.010051381,-0.006390556,-0.023064308,-0.013109629,-0.009056974,-0.003751442,0.027363189,0.022916848,-0.012133567,0.0100016855,0.0034423128,-0.024888188,0.060375806,0.037819993,0.029273923,-0.073048055,-0.009615948,-0.050380807,0.09522761,0.055658005
-0.041061003,-0.055566106,-0.05077386,-0.055634744,-0.046084393,-0.04283218,-0.071389124,-0.07077724,-0.031295437,-0.0053074174,0.03885669,0.06194822,-0.03712737,-0.006912643,-0.021622127,-0.06690811,-0.015671901,-0.04751645,-0.03590875,-0.059023436,-0.078394264,0.04579763,-0.040835645,0.007574617,-0.013208639,-0.011835101,0.034878694,-0.039532933,0.0608559,-0.047384582,0.058337156,-0.07238019,-0.008614365
-0.054905284,-0.011540659,-0.04691939,-0.0076181022,-0.017192082,0.0027288082,-0.020015266,-0.051945623,0.032900587,-0.041391462,-0.059572518,-0.022782298,-0.054603357,-0.047934033,-0.03216229,0.047348756,-0.058170993,0.022474742,-0.0049777236,-0.016017303,-0.035796743,-0.028360061,-0.0048477,-0.034532633,-0.010521003,-0.03835102,0.050662614,-0.018070582,0.030016156,0.07566259,-0.02248934,0.04762642,0.031948015
0.026967505,0.03194657,0.01693284,0.07546021,0.03944063,0.0020019626,0.0031968884,-0.019437568,0.011194275,0.057020836,-0.017640252,0.05350224,0.07678534,0.03669785,0.041187815,0.05717562,-0.010554762,0.019985816,0.070727766,0.049916737,0.05841368,0.07020497,0.033103216,0.029111888,0.04654335,0.007950811,0.07451716,0.027866943,0.061564192,-0.027197411,0.073849574,0.05007159,0.06648285
-0.015940985,-0.03613795,-0.042773277,-0.011309236,0.017073765,-0.024428215,-0.034145392,-0.026501926,-0.021976264,-0.008353625,-0.04599752,-0.0053894934,0.007864093,-0.019538024,0.0129660275,-0.025323683,-0.020178303,-0.0024363557,-0.033869214,-0.038810715,-0.012559705,-0.04394654,-0.031273898,-0.005991831,-0.044930167,-0.048318762,-0.023494987,-0.017288618,-0.056527518,-0.0074153068,-0.0065847808,-0.075833365,-0.030595642
0.053507693,-0.049506932,-0.031748667,-0.07372814,0.03023071,-0.06855136,0.016344763,-0.040925555,-0.08167064,-0.06860802,-0.06507776,-0.047164842,-0.015581495,-0.013520473,-0.053508166,-0.034454234,0.01093423,-0.045046873,-0.06297581,-0.013648975,-0.003968518,-0.0065883975,-0.012139466,-0.057443995,-0.04116171,-0.04186711,-0.07076373,0.009516282,-0.023310564,-0.082237,0.039928123,0.053182174,-0.0054920316
-0.028531875,-0.058389198,-0.023686279,-0.018074589,-0.011076029,-0.05188644,-0.0061473395,-0.055552356,-0.05697418,-0.033618804,-0.04950036,-0.030850474,-0.045566544,0.007476761,-0.031875823,-0.05875958,-0.03587345,-0.08108992,0.006757491,-0.035382725,-0.046547357,-0.040928774,-0.019329699,-0.02561969,-0.021007517,-0.025522584,-0.03130669,-0.021951634,-0.041506995,-0.03909795,-0.048394,-0.034870084,-0.032368053
0.00085835496,-0.028664233,-0.031097602,0.02285014,-0.049555298,0.051115632,-0.015381848,-0.019657815,-0.037128184,-0.010680359,0.013514282,0.034768034,0.0335401,-0.070594355,-0.02301133,0.04936291,0.054692596,-0.023580046,0.022970105,-0.053702764,-0.064095475,0.006553288,-0.07084522,-0.03446826,-0.018238952,-0.028727725,-0.058129758,0.02450128,-0.0554043,0.014291987,-0.025488116,-0.016956354,-0.06658474
0.054390047,-0.020183155,-0.011552204,-0.0017506902,0.015304128,0.03766506,0.01807734,-0.030661214,-0.0075305104,-0.007279367,-0.039892703,-0.028678657,0.02015741,0.0055268183,-0.026172318,-0.024509087,-0.010954452,0.049476925,-0.009035893,0.024699569,0.02605005,0.019817883,-0.013240667,0.008300213,0.06043753,0.05427774,0.02491588,-0.033923008,-0.012363261,-0.042572714,0.02266634,-0.010396469,-0.00205935
-0.0019801187,-0.03207279,-0.01441069,-0.01828251,-0.029588534,-0.048948307,0.073570736,-0.004469013,0.0008366615,0.052284416,-0.0142968455,-0.018015428,-0.023990415,0.050986,0.021967066,0.046518203,-0.029021727,0.08251285,0.04144517,0.060404792,0.012013741,-0.03812012,-0.021573639,0.0510849,0.04537431,0.060769096,0.061758,0.05557515,0.028757831,-0.030325543,-0.04742657,-0.0029379632,0.004658982
-0.02470476,-0.06270806,0.04742381,-0.03367602,0.07230866,-0.03539198,-0.06284883,-0.059477847,-0.024411272,-0.079339236,0.015688073,-0.014614682,-0.05711342,-0.018075956,0.028945073,-0.020213913,-0.022533802,-0.08355099,0.008403536,-0.071742795,-0.040917914,-0.025145188,0.025350258,-0.075225994,-0.05347039,0.06499861,-0.07249795,-0.0551331,-0.042418607,-0.050941315,0.0292406,-0.035922945,-0.04394351
-0.04739555,0.04635991,0.066632494,0.03310772,0.031303078,0.059636302,-0.0019773957,0.04582336,-0.0032542604,-0.06953175,-0.034071513,0.08559715,0.029947847,-0.015968962,0.01053223,-0.03154174,0.021941235,0.07668637,0.042559285,-0.06823717,-0.050609443,-0.045289315,0.0016964818,0.010654059,0.011225577,-0.004444867,0.059236214,-0.0502524,-0.014771387,0.05220036,-0.017166834,-0.0019457121,0.056784622
0.03066965,0.017533932,-0.015553648,-0.027913095,-0.003271764,-0.001133858,0.032137815,0.07953308,0.03533554,0.04699542,-0.06027596,-0.008943319,-0.023623075,0.008078452,0.07925781,-0.03682893,0.06086986,-0.022783384,0.05290677,-0.002228277,0.07977847,0.052795332,0.04093122,0.046625756,0.05535779,-0.014818802,-0.019266767,0.023610517,0.017800296,-0.035683792,0.021964446,-0.012711418,0.026043208
0.018477712,0.02722174,0.06623957,0.040860593,0.046478633,0.0018486405,0.06468285,0.0026359316,0.049665887,0.05236241,0.048127104,0.036011245,0.04120828,0.05354768,0.05283622,0.040749,0.017399568,0.048348125,0.04272193,0.038594205,0.004708238,0.05272668,0.06697677,0.033338692,0.04432218,0.04000711,-0.021196617,0.028857693,0.07596878,0.022947775,0.012016557,0.06949679,-0.0022310966
0.082201235,0.033263955,0.012640938,-0.001646876,0.04272418,0.021423766,0.059243646,0.018075984,-0.037947595,0.029688254,-0.049081568,0.004497028,-0.07863188,0.031874165,-0.044399466,-0.06838547,0.009433823,-0.06711219,-0.04274178,0.05648302,-0.035597235,0.058230978,0.04410847,-0.053058706,-0.04045889,0.049374484,0.0075692367,0.016957581,-0.074325226,-0.046217162,0.057613764,0.02231643,-0.051397815
-0.019009486,-0.025972512,0.0017182607,-0.04086819,-0.0040963157,-0.07746054,-0.05831918,-0.04730269,-0.081632584,-0.059642117,-0.033464562,-0.00019947212,-0.008579575,-0.04169441,-0.019798994,-0.022111168,-0.057094056,-0.02406154,-0.005257987,-0.05785305,-0.070886925,-0.06346879,-0.06349225,-0.038929354,0.06338369,0.018965336,-0.038208373,-0.038778633,-0.06563465,-0.052437935,-0.027248602,-0.0717328,-0.028361226
-0.04144999,0.04363912,-0.0033375253,-0.01713369,0.074998885,0.05024237,0.047320835,-0.028271971,-0.010313632,0.05143188,-0.019538298,0.046994608,0.010512029,0.049811997,0.00092612527,0.036296356,0.04057379,0.018145574,-0.031139148,0.05465114,0.02133406,0.059060615,0.071740575,0.041889135,0.01593427,0.016158763,-0.0071797483,0.0018414999,-0.054186,-0.04563829,0.026338594,0.042971846,7.37277e-05
-0.07173437,0.046243772,-0.06517339,0.0058191204,-0.06277701,-0.03488175,-0.06030012,-0.04133242,-0.03621987,-0.03380636,-0.010033595,0.04187789,-0.05244017,-0.0008441209,-0.05202862,0.023031017,0.034317132,-0.019938463,-0.051717345,-0.03709618,-0.03840577,-0.050775062,-0.010833932,0.057480857,0.028440952,-0.031666584,-0.076538,-0.027978001,0.015825419,0.05403017,0.001114257,-0.04732412,-0.01968427
0.0040274817,0.010856587,-0.017924193,0.032805566,-0.0578026,-0.008903045,0.068138614,0.024903381,-0.019264264,0.0701896,0.02519332,0.013482562,-0.027484065,0.016896429,0.03584037,-0.027437288,0.018911246,-0.012402587,-0.0020296078,0.06492595,0.007456073,0.0156875,-0.061915625,0.008107169,0.03801181,-0.0007691919,0.025534458,0.020099556,0.01691227,0.0049230475,0.06039905,-0.074270114,-0.0048618186
9.5118994e-05,0.0117830075,-0.006875733,-0.026958127,-0.061411183,0.022668362,0.00265551,-0.015752349,-0.061074857,-0.009213664,-0.068516694,0.016946653,-0.041603405,0.050057616,-0.05153468,-0.08029095,-0.050256677,-0.058597255,-0.054761373,0.059492845,0.0105006825,-0.066075325,-0.018305304,-0.052613195,-0.06888465,0.045279842,0.06449865,-0.04751112,-0.07504872,-0.06880653,-0.06541618,-0.016998123,-0.032688707
0.04622417,0.017068774,0.05064334,0.035780277,0.01373494,0.022606969,0.038097605,0.032927923,0.032533094,0.044701718,0.044391885,-0.026123237,0.05835413,0.027189577,0.06684705,0.039982196,0.031077465,0.03737459,0.024954608,0.06373636,0.037791573,0.0617589,0.014372364,0.042049002,0.070329875,0.025477652,-0.0024560422,0.048252717,0.040860187,0.03679091,0.06419582,0.05665374,0.008170129
0.0191098,-0.016311342,0.014934171,0.0034822086,0.029776841,-0.011390909,-0.016011914,0.055367906,0.010530699,-0.052261867,0.021278411,0.04440987,-0.04168856,-0.045369215,0.00719991,-0.015017895,-0.034435708,0.018202726,-0.039477702,-0.027593292,0.016722666,0.031929698,0.029703835,-0.040345885,-0.0016685668,0.058266647,-0.03660288,-0.006069557,0.011415019,0.026192967,0.0022412066,0.033616174,0.020283384
0.03795484,0.04292306,0.016549937,0.028557396,-0.05326191,0.059958387,-0.019453863,-0.035920404,-0.019474756,0.00058401685,0.008067056,-0.0303228,-0.015727725,-0.023230711,0.02875418,0.040373452,-0.010000036,-0.03714454,0.029446473,-0.013973152,0.032717593,0.05443755,-0.01949935,0.046529606,0.06368203,-0.03020885,0.0015013438,0.026903106,-0.004726449,0.05108962,0.03805657,0.06372223,-0.028745595
0.029679641,0.0393492,0.07147419,0.07402959,0.07887536,0.061103307,0.07738756,0.053538572,0.07857409,0.08228136,0.04677891,0.07327344,0.04809146,0.075311944,0.07516803,0.056550927,0.06749097,0.0788355,0.07136626,0.08046044,0.07821015,0.07371856,0.0882564,0.05472611,0.06976574,0.07721372,0.06397159,0.08372947,0.05453278,0.047274638,0.06889153,0.06485458,0.06313771
-0.025367107,-0.059083164,-0.071244836,-0.020362683,-0.027123708,0.0006657118,-0.05843606,0.07063035,0.024569735,-0.06494131,-0.052906703,0.03974809,-0.028173588,0.030706912,-0.06561009,-0.035084765,-0.022186045,-0.020361321,-0.013142492,-0.03488288,0.036426958,-0.025144285,-0.068527825,-0.015219134,-0.07002343,-0.050373297,0.07478232,-0.029671434,0.070727624,-0.0300992,-0.05323457,-0.031051738,0.02254658
-0.007791093,-0.029563045,0.053605847,0.021381062,0.03478855,-0.044940893,0.04688927,-0.017310148,0.07871987,-0.06318035,-0.026265087,-0.02732664,-0.042915307,-0.024958076,-0.026200974,-0.06323731,-0.029544907,0.029514488,-0.03387478,-0.049236897,0.010093679,0.011972958,0.023941444,0.026049841,-0.021861086,-0.032235377,0.028984344,0.012363344,0.037236344,-0.019978276,0.056681138,0.081601344,0.010705798
-0.058241587,0.049273256,-0.040576782,-0.069955,0.030356742,0.08151033,-0.055423934,-0.030440992,0.036124684,-0.019205242,-0.052775078,-0.004561133,-0.045784418,-0.07371576,0.01840413,0.04986001,-0.04799826,-0.034804244,0.0392159,-0.057878096,-0.0050103297,-0.06301715,0.043103337,-0.013545902,-0.009141664,0.015173158,-0.023342527,0.0050366973,0.012425268,0.025304848,-0.03373523,-0.008159055,-0.08267493
0.0071080625,0.08175992,-0.05218156,-0.015233631,0.049192064,0.04654459,0.07847335,0.06385267,0.0071318853,0.08174554,0.023360224,0.03959873,-0.05207734,0.04103401,-0.050305102,-0.0063358913,0.060655776,-0.048510388,0.033431254,0.07643089,0.04665211,0.012621218,0.09179894,0.0024795076,-0.03972183,-0.042709682,0.062351722,0.037397187,-0.07769959,-0.05550186,0.0123602785,0.05207501,0.0152528975
-0.03398219,-0.0030466677,0.002901486,0.040681813,-0.016700696,-0.037613753,0.00872698,0.012465386,-0.07369687,-0.037131894,0.025064185,-0.032988403,-0.05076306,0.03828918,0.022967545,0.014232662,-0.007974987,0.009550476,0.0032102522,-0.016378889,-0.041936126,0.024293343,-0.07424679,0.043979045,0.06894691,0.0012234198,-0.0026211892,-0.08455619,0.045063026,0.0039415266,0.076488025,-0.043818116,0.0003514693
-0.08219726,-0.055631682,-0.050400566,-0.038486414,0.0037548828,-0.011777279,-0.015810844,-0.011302725,-9.513539e-05,-0.07295414,-0.033532422,0.022928754,0.00057578436,0.043203905,-0.036180094,-0.02447822,-0.06536623,-0.041958734,-0.037507568,-0.053359464,-0.051281057,-0.056059863,0.0055562863,-0.025290454,-0.025422173,0.017401991,-0.0488049,0.007422551,0.040832985,-0.041167133,-0.044938456,0.049099386,-0.027541313
0.032118026,-0.06955029,-0.023648301,-0.007217525,0.019722762,-0.00961806,0.04082893,0.012012103,0.06251221,0.02146512,0.033221707,-0.016009869,0.028556047,0.026935728,-0.0026414536,0.0015707802,-0.005644367,-0.021648588,-0.029773805,-0.00018284668,-0.0077021406,0.05572506,0.06217886,-0.033723682,-0.01298194,-0.03215516,0.00036669447,-0.024152055,0.05186322,-0.011478485,0.041510858,0.01367059,-0.012883938
-0.058213007,-0.052966066,-0.03232283,-0.064414755,-0.06603473,-0.068210974,-0.07247538,-0.010537811,-0.014706484,-0.056177333,-0.041353326,-0.024575578,-0.05285606,-0.056433935,-0.05785931,-0.07618272,-0.06636986,-0.043726742,-0.04719843,-0.04795801,-0.058725882,-0.058140993,-0.078004725,-0.05202118,-0.05819278,-0.06299056,-0.0112302825,-0.07357666,-0.060873006,0.013556542,-0.049301494,-0.06682975,-0.038413286
0.021860804,-0.0035522324,-0.013079046,-0.060667336,-0.030220456,-0.02002832,-0.050036516,-0.01361096,-0.0094782105,-0.037074193,-0.011413398,-0.017031856,-0.04143529,-0.012421005,-0.049096767,-0.028688684,-0.035492606,-0.042735644,0.0054072365,-0.041644163,-0.037216555,-0.00033027658,-0.05986448,-0.0014447141,-0.03923296,-0.009489462,0.014374344,-0.068325296,-0.028782789,0.022903474,-0.048520707,-0.040819347,-0.055881266
0.027300451,-0.07542299,0.072682254,-0.0009835343,-0.04160487,-0.0012252759,-0.026865229,-0.029178476,0.009340998,0.025276566,0.04648844,-0.06606764,0.047063768,0.06530875,0.02716077,-0.050002225,-0.02846126,-0.0017798459,-0.04397778,0.05705397,-0.007939127,0.004797626,0.053032365,-0.05675393,0.05531876,0.008955472,-0.06856018,-0.040232956,0.048148975,0.051545743,-0.0010654733,-0.0047033844,-0.011483931
0.038700253,-0.035745505,-0.036443945,-0.0076920297,0.039421227,-0.05574783,-0.034449328,-0.06848932,-0.01399047,-0.007160205,-0.047278948,0.0064822165,0.01329746,0.0059415563,0.051716182,-0.054744363,-0.018107673,-0.04672697,-0.028835513,0.021334143,-0.0005004696,-0.015703745,0.052339364,-0.00035345866,-0.033418644,-0.020337723,-0.06310597,-0.027183548,0.027580483,-0.05987887,-0.025117999,0.025941676,-0.00081949163
0.081683464,0.04864618,0.04800605,0.03320324,0.045308694,0.060517166,-0.0072424114,0.05229577,0.078093745,0.05785155,0.059180733,-0.027928302,0.044569816,0.015868047,0.06126847,0.05021804,0.02720477,0.07535605,-0.0034185688,0.03328575,0.049286943,0.056475896,0.06477505,0.051507626,0.052314103,0.033657227,0.016016418,0.08098857,0.059071742,0.07558216,0.008495114,0.08376741,0.033243377
-0.04047126,0.04460392,0.023885172,0.052082494,0.056718655,0.034042258,0.020291943,0.074115336,0.018285794,-0.019751608,-0.014964297,0.013162597,0.027048545,0.055678703,0.053684007,0.07668436,-0.00917435,0.061570644,0.04050658,0.005570087,-0.029929454,0.0685796,0.005587852,0.03210985,0.04784845,0.04541922,0.041230503,-0.01606878,0.041215036,0.056371953,0.05855693,-0.060487494,0.08259108
0.039143074,-0.033807952,-0.043329574,-0.034513436,-0.057953466,0.01018377,-0.04840942,0.030677319,0.027677227,-0.030106906,0.04105947,0.014510001,0.05486702,0.036189128,0.05528409,-0.005250409,0.070747465,-0.07520562,-0.033689085,-0.05015326,-0.0018919817,-0.02685104,-0.031323116,-0.060335968,0.058200423,0.060232677,-0.04307744,0.04314804,-0.035672083,-0.020053444,0.0009783,0.06404769,-0.041442797
0.052735336,0.023531184,-0.009580095,-0.00942213,-0.014103708,-0.056008127,-0.0018147121,0.014619267,0.0067641535,0.027171733,0.028997064,0.03970343,-0.0079161525,0.027844261,0.060582243,-0.019944673,-0.024319613,-0.016047021,0.04739497,0.001684825,-0.00865955,0.017586937,-0.01194949,-0.008239801,0.0313944,0.008817933,-0.033608012,0.06771958,-0.02111714,-0.037266415,0.0265939,0.0022578284,-0.019479841
0.039786264,-0.033244424,0.050126296,0.045302413,0.06183691,0.00058822206,0.059943512,0.03691929,-0.028486341,0.045837283,0.01701785,0.03402047,0.033728775,0.0610013,0.0075426227,-0.04279904,0.042048194,0.031335082,0.040143605,0.05797088,-0.030773953,0.027498588,0.02706206,0.064974956,-0.012210773,0.04004213,0.023946358,0.02585463,-0.061095703,0.039956268,-0.016752206,-0.0042209453,-0.028952498
0.055584084,-0.0029310693,-0.074124314,-0.03804966,0.02054708,-0.053590916,-0.072968796,0.005982711,0.0061842226,-0.06335014,0.029917361,-0.05910513,-0.06347845,-0.023219943,-0.03476613,0.070060894,0.014074797,0.005557378,-0.05194288,-0.06887432,0.033899784,-0.04808944,-0.025968129,0.054609805,-0.021248322,-0.013203897,-0.01790745,-0.031003015,-0.020723652,-0.025458047,-0.053750273,-0.049662564,-0.012071308
0.016227394,-0.012637719,0.030564034,0.02473909,-0.048586138,0.0032863494,-0.0057761613,0.022220181,0.069747105,-0.06972188,0.009823745,-0.031859692,0.03941298,0.0103599485,0.0028631252,0.068773285,-0.031047026,0.00849212,-0.036953297,-0.039836936,0.04214643,0.029779755,-0.051641025,-0.01517012,3.5407626e-05,0.021657523,-0.05756769,0.031613775,0.013732577,0.017623218,-0.018755585,0.063969254,-0.008254444
0.025966497,-0.05358503,-0.039032545,-0.044656485,0.019259382,0.02290474,-0.032836434,0.061124396,-0.06633617,0.043778654,-0.026111292,0.015783088,0.019483374,0.023613656,0.06457298,0.04588605,0.02134188,-0.05174434,0.024394315,0.055298008,0.040305715,0.0127530685,0.031176848,-0.039345123,0.048531197,-0.028648974,-0.050240956,0.05525865,0.037086397,0.025541414,-0.0015351354,0.01954345,0.0038596017
0.0021170364,-0.013624808,0.044812176,-0.0014239815,-0.07316281,-0.044148173,0.039567668,-0.07272435,0.067757845,-0.026125079,-0.035776958,-0.05701429,-0.007435374,0.044336338,0.0011599849,-0.039140973,-0.070742436,0.028748788,0.04120176,0.060421184,-0.031112198,-0.016956164,0.02136599,0.015103477,0.05568924,-0.068706155,0.05040968,-0.061657194,0.04448316,-0.074274376,-0.07117258,0.045848873,0.045052897
0.07475706,0.0045995675,0.016195657,-0.023309132,0.01610397,0.05819298,-0.012358643,0.036915928,-0.019191198,0.040206637,-0.059148036,-0.0803992,-0.013037895,-0.009025295,-0.037002336,-0.068869516,0.07045073,0.024074968,0.048293523,0.022210987,-0.044363853,-0.0025872986,-0.046124186,0.009800338,0.063920416,0.04097424,-0.048421662,0.041693084,-0.052632984,-0.02082679,-0.034577046,0.052751943,-0.07824185
-0.06987631,-0.05168751,0.0013231144,-0.04905492,-0.0664857,0.06896614,-0.071609885,0.038933985,-0.008794387,-0.038462136,0.027917832,0.05406744,0.02686285,-0.0295047,0.030112976,-0.06696093,0.032459985,-0.04631719,-0.052329555,-0.031115199,-0.045136042,0.026141483,-0.021616071,0.013962054,-0.02017611,0.00913372,-0.051972277,-0.057833534,0.019317698,0.04634544,-0.046119966,-0.035119027,0.026284475
0.0033649257,0.040543243,0.061645526,-0.010868438,-0.014201094,-0.034528755,-0.046259664,0.025781173,-0.07592172,-0.05538914,0.057514608,0.0034823974,0.063823655,0.031049607,0.07078607,-0.075966045,-0.06396228,0.032106668,0.07762542,-0.064380795,0.06136459,0.0004956873,0.047171492,-0.07914819,0.058813687,-0.04445075,0.009756727,-0.06833208,-0.011862097,0.01692495,0.009401086,-0.05499578,0.03179855
-0.08375812,-0.042158067,-0.044848006,-0.041262105,-0.052073736,-0.02625473,-0.07791202,-0.078167446,-0.06593516,-0.057199497,0.035007488,0.01732746,0.034546502,-0.004906223,-0.0814703,0.047288615,-0.06225371,-0.065439574,-0.056833174,-0.050398197,0.022295088,-0.047076114,-0.083345406,-0.07165513,-0.07728474,-0.009899574,-0.06439065,-0.0592759,-0.04608495,0.0038651507,-0.032445285,-0.0760438,0.052723296
-0.01864686,-0.07847815,0.03437573,-0.009228351,-0.028898042,-0.043305952,-0.017645502,-0.039596625,0.05894868,-0.044154983,0.002761801,0.0054128254,-0.003381298,-0.020012112,-0.03976882,-0.060706522,-0.010575816,-0.03353373,-0.0125837615,-0.02646079,-0.027911667,-0.0062785563,-0.033741925,-0.02227964,0.039485995,-0.03412482,-0.04664543,-0.04286777,0.0067568235,0.020810656,-0.026273407,0.011529391,-0.025211476
0.046421394,-0.0322874,0.026746107,0.0067544277,0.07758148,0.028829128,0.05358946,-0.05997813,0.04729552,-0.051175855,0.036395665,0.060204126,0.047991052,0.0071673603,0.017147921,0.048206102,0.013115067,0.030825272,0.0055431095,-0.04589708,-0.021792928,0.07192659,0.031591363,0.048693135,-0.06290595,0.0147343455,0.022805886,0.032012597,-0.06380719,0.05476573,-0.006654076,-0.009708939,0.018326543
0.06550028,0.036393397,0.07234469,0.028024554,0.054710284,0.060725622,0.06723297,0.0010273007,0.021522734,0.028383968,0.06752825,0.022287158,0.02593918,0.0606784,-0.035364535,0.012784942,0.05926587,-0.050324842,0.028616374,0.056124296,0.012168706,0.078533985,0.07551147,0.070338964,-0.0013993023,0.0439195,0.05142461,-0.0231322,-0.015222733,0.07123934,0.013713839,-0.005514243,-0.016872577
0.03564251,0.04887578,-0.008402361,0.04295262,0.059557345,0.040250216,0.02373822,-0.022449631,0.083380185,0.045586195,0.0026514316,-0.028029284,0.025812756,0.0411678,0.028222473,-0.00016455598,-0.02110503,0.06458502,0.04720922,0.041450255,0.03842185,-0.00085824385,0.021025099,0.042925864,0.03043641,-0.01520095,-0.02377763,0.007518889,0.039993126,0.024117947,0.06519863,0.071943924,0.05112213
-0.013638625,0.011063456,-0.058958605,-0.05393251,-0.05686157,0.07398194,-0.07589353,0.016856203,-0.06040086,0.06125922,-0.060086127,-0.0413294,0.08036774,0.0012401816,0.053564187,0.037692048,-0.0027649542,0.039428942,0.07722968,0.051811602,0.0799872,-0.01189336,0.016084766,0.01948935,0.034577675,-0.03218476,0.015830312,0.072223656,0.023930596,0.03935173,-0.057649117,-0.010851374,-0.0691345
0.019947901,-0.006277678,0.03798679,0.034233652,-0.02896203,0.046734404,-0.011655476,-0.012386856,-0.011173671,-0.026427606,0.05066123,0.0014897935,0.01740245,0.023134377,0.02035292,-0.061558373,0.028964302,-0.06574994,0.014193319,-0.02139941,-0.05696226,0.0020235921,-0.064349934,-0.03175111,0.014094268,0.040872764,0.030392312,-0.07193097,-0.0008278198,-0.07221233,0.016863056,-0.086950935,-0.0062405807
0.029658,-0.04975997,-0.02180971,-0.073841386,-0.03614458,-0.067602985,-0.05644975,-0.061554957,-0.0634209,-0.077252574,-0.01834328,-0.04925428,-0.07204779,-0.056492914,-0.027039757,-0.057841223,-0.076757975,-0.024238512,-0.058414057,-0.06995897,-0.07108997,-0.065485135,-0.05051463,-0.040514782,-0.073347196,-0.032608856,-0.046720598,-0.026326688,-0.045932196,-0.019468376,-0.04211092,-0.06389114,-0.07823601
0.023966456,0.053593706,0.041823354,0.051204067,0.0726403,0.07200655,0.031134907,0.0061986563,0.0010275587,0.057323933,-0.009591355,0.07167588,0.059949975,-0.021105416,0.027719643,0.038314257,0.024504332,0.054952245,0.066907465,0.037972976,0.06441134,0.049459174,0.011349229,0.06956946,0.040795196,0.028977128,0.0587324,0.06716197,0.06535205,0.07242907,0.0454905,0.0544737,-7.031997e-05
-0.019751959,-0.008509267,-0.049268693,-0.026508814,-0.0706911,-0.05351195,-0.043094505,-0.056366116,-0.006696445,0.0058749747,0.039046258,-0.08506014,-0.031111503,0.017108282,0.018879429,-0.0040905513,0.027451161,0.03103177,-0.0060945493,-0.01940745,-0.028689934,0.0091204,-0.017873794,0.052171394,0.019805962,-0.02704856,-0.063736945,-0.028127015,0.011198304,0.005542192,-0.0033526912,0.041251935,0.0262554
0.046177737,-0.044230822,0.009205632,-0.02495774,-0.039248195,0.051745888,0.029906841,0.04384551,0.08204557,-0.024141164,0.048650388,0.050185736,0.013391909,0.035613578,-0.030713271,-0.0016191979,0.04721294,0.03953151,0.03164593,-0.028693797,0.05177304,0.052074015,0.043824222,-0.00021323598,-0.015977519,-0.0007530921,0.023107957,-0.038882602,0.047389053,0.075603135,0.011301038,0.033106085,0.019989414
0.028291745,0.026369384,-0.05600899,-0.04242331,-0.030180776,0.021094894,-0.027019657,0.030827977,-0.017881265,-0.063806646,-0.052741952,0.03024215,-0.06756244,-0.00031803083,0.036215674,-0.0067991223,0.047311254,0.052379906,0.034466665,-0.02829527,0.019351749,-0.046660207,0.010702875,0.01265958,0.02345872,-0.0076742424,0.020324308,0.006576591,-0.001541071,-0.06579069,0.020801166,0.0066597015,-0.067496054
0.02317535,-0.04454928,-0.029820168,-0.03857375,-0.0033348694,0.0045584817,0.027201135,0.064192735,0.028250169,0.011257447,-0.03907533,-0.03887046,0.031858444,-0.038318213,-0.013457517,0.05154907,-0.027758397,0.026002387,0.03767325,-0.008852817,0.040608224,-0.036712307,-0.0012609863,-0.023176407,-0.031051908,-0.0065981057,0.004718768,0.06122952,0.026055748,0.046802804,-0.019208267,0.051690023,0.03215396
0.07912877,0.0769595,-0.00093386334,-0.009019264,0.045494515,0.045632333,0.06742251,-0.014301634,0.04146219,0.04691162,0.050068747,0.08434677,0.00053317833,0.018799348,0.052161533,-0.031693973,0.06891218,-0.008154449,-0.019773846,0.03224497,0.039774604,0.07774624,0.04897995,0.043624673,-0.029233081,0.057102207,0.08658029,0.05406026,0.038020458,-0.05239662,0.045653194,0.027930269,0.026706247
0.021331325,-0.011144905,0.0031253498,-0.07078718,-0.056261245,-0.06123481,-0.047029488,-0.0042183097,-0.067021504,-0.047604967,0.044663426,-0.05958497,-0.033401474,0.015411727,-0.019796688,-0.0577123,-0.01853438,-0.07742393,-0.053618904,-0.051833335,-0.03397684,-0.045674976,-0.0627705,-0.0115623325,-0.045112725,-0.027592449,-0.003914357,-0.057523057,-0.038060535,-0.06263704,-0.025594892,-0.052503634,-0.010577354
-0.05735114,-0.049513124,-0.06840474,-0.07792744,-0.030378787,-0.013953272,-0.0646987,-0.04593128,-0.07662271,-0.01711926,-0.044297226,-0.025579585,-0.040743314,-0.066473864,-0.07895349,-0.06504716,-0.062217556,-0.07479888,-0.036247212,-0.049139533,-0.05634985,-0.074737065,-0.07435158,-0.076250486,-0.07508664,-0.035461638,-0.040708795,-0.063259974,-0.074744076,-0.05075182,-0.064087905,-0.07355183,-0.0701192
-0.07644304,-0.003017094,0.054362126,-0.06878728,-0.004900744,-0.034167465,-0.037986282,-0.07066992,-0.02749376,-0.0672206,0.026163,-0.0012203782,-0.07050489,-0.074764065,0.063716665,-0.04436413,-0.0019211482,-0.03602468,0.017124088,-0.06190054,-0.011031364,-0.0060280687,0.04316273,-0.07449419,0.06028298,0.020037688,-0.06569056,0.013455676,0.043656185,0.045327406,-0.036344577,0.0069007925,-0.081430495
-0.072777264,0.016387027,0.060785834,-0.036899198,0.0034899546,-0.038958106,-0.021515211,0.051326398,-0.017875725,-0.007328848,0.07450038,0.027183933,-0.05179006,-0.070136316,0.009890972,0.044040408,-0.009309754,-0.071447164,-0.059801925,-0.0008796352,-0.055706248,0.056704942,-0.079823226,0.07898831,0.056452334,-0.015176736,-0.07594125,-0.050796825,0.063580096,0.056480482,0.014163155,-0.010888835,-0.050104514
0.03167195,0.0062057045,0.031357076,-0.030959427,-0.025993137,0.042361833,0.055669207,-0.025750792,-0.014144984,-0.0023795888,0.022363259,0.01000452,-0.038657468,0.0015978436,0.0055328445,0.04267242,0.022264143,0.036024638,-0.027277587,0.038774274,0.04175237,0.034670234,0.032675598,0.02378767,0.0004828809,-0.022986222,0.0023098877,-0.0011905354,0.025660887,0.0034561162,0.0689673,-0.0060044383,0.050770607
-0.014062971,0.043085843,-0.049096283,0.04461821,-0.013279771,-0.021194432,-0.051365677,-0.015384795,-0.01908917,-0.010626548,0.02670974,0.005673371,0.021577466,-0.04265126,-0.07560866,-0.00034054433,-0.002314382,-0.054321576,-0.003975616,-0.03406907,0.004436672,-0.0683898,-0.018378273,-0.019818569,-0.07157684,0.015187133,0.02053493,-0.004979253,-0.056882888,0.0017406361,-0.07160975,-0.045234103,0.045028243
0.051480684,-0.023824334,-0.06873311,-0.0043122303,0.028672736,-0.06657906,-0.023810113,0.057998713,-0.03520691,-0.06165936,-0.047916725,0.025590371,0.04051139,-0.039882746,0.011604072,-0.06339901,-0.05226651,-0.02051641,-0.0604535,-0.07678001,-0.04104114,0.026322829,-0.03027553,-0.059812102,0.025053736,0.05882707,0.026296513,-0.0399605,0.01781747,-0.0013174872,0.035626322,0.06628376,0.03162444
0.0033474872,-0.06464756,0.053716846,0.04068061,-0.027210003,-0.0065860907,-0.026513511,0.047660153,-0.0025925054,0.086437844,-0.055174947,-0.07143876,0.0053395997,0.0109576145,0.00064775377,0.064209394,-0.029934576,0.05715128,0.06487089,0.078383915,0.038999267,0.067489974,0.014682345,0.021719048,0.060272757,-0.054153703,-0.030730564,0.08490737,-0.028136889,-0.014347145,0.027945295,0.05355636,0.02595299
0.03695273,-0.008941651,0.07134378,0.06519955,0.076652184,0.01230564,0.06836697,0.054884974,0.030835219,0.0534498,0.0062883156,-0.024844939,0.059740398,0.053310428,-0.014213797,0.042009912,0.051576164,0.049545992,-0.035188895,0.06556871,0.03184482,0.08157589,0.07247443,0.06268489,0.027565796,0.029811012,-0.029954305,0.038275257,0.011398289,0.06635071,0.069722265,0.06777806,0.04263523
0.005261991,0.04782767,-0.010108892,-0.0034558307,-0.0056028976,0.01128657,0.061437212,-0.044841535,0.02791697,0.0056276186,-0.05668568,-0.028933324,0.031281285,-0.013831261,0.009331821,-0.038180314,-0.037716053,-0.0032172704,0.029783221,0.0050275517,-0.011997673,-0.04167101,0.01769973,0.02220409,-0.032957736,-0.009160969,0.008311969,0.05342158,0.016615901,0.0023020662,0.03818798,0.04398525,-0.04357907
-0.0026978303,0.072537355,-0.04151582,-0.05237559,0.07166046,-0.029168772,0.075133465,-0.049100447,-0.058478784,0.029068006,-0.036164995,0.0057672113,-0.025494052,0.010802564,0.018783653,0.003682592,0.028440384,-0.04170858,-0.044677526,0.07706475,-0.020627925,0.040535945,0.043372754,0.05004834,-0.057777584,-0.0014588739,-0.017986497,0.055655066,-0.0137158865,-0.060605075,0.064127326,0.0128298905,-0.00495247
-0.05859855,-0.055678327,-0.003929644,0.035947006,-0.026958324,0.033527065,-0.017343624,-0.050143745,-0.0682706,-0.033812948,-0.004326509,0.048180383,-0.05776505,-0.058184907,-0.068555385,-0.032950543,-0.029182252,0.06691014,0.05151809,-0.011928767,-0.044266794,-0.07903286,-0.03239718,-0.034500696,-0.059089202,-0.001503655,0.01954803,-0.031648424,-0.058941703,-0.045826472,-0.07159366,-0.06311385,-0.0014296387
0.05949433,0.0063238284,0.07741348,0.07020314,0.0002749288,0.025232397,0.035008613,-0.038023658,-0.031042162,0.00017188149,-0.0042158673,-0.05254198,0.064314984,0.0583391,0.005592819,-0.046382245,-0.0020107043,0.012074105,0.04235881,0.031611882,0.005464852,0.07920598,0.070855014,-0.022067161,0.039532714,0.021426259,0.037857536,-0.01661647,0.08198054,0.03362101,0.0766079,-0.006758745,-0.054685343
0.057108372,0.0063676625,-0.0024829458,0.039718855,0.03356995,0.0049946764,-0.02058379,0.039702166,0.019074144,0.05061408,0.044233,0.034016557,0.038136054,-0.02622409,0.032201905,0.0006905143,0.017264448,0.042714808,-0.026051948,-0.010682169,0.015430583,-0.003430627,0.010799535,0.051822588,0.026179427,0.042942356,-0.012725551,0.057900064,-0.011704466,0.035482094,-0.03110432,-0.0056341453,0.043234993
-0.054414235,-0.08326688,-0.08025761,-0.08202238,-0.0847905,-0.04948033,-0.08163034,-0.052877527,0.052960765,-0.08349919,-0.079487376,-0.07976857,-0.083983056,-0.07776762,-0.08187819,-0.08215122,-0.07491124,-0.08453356,-0.083409674,-0.08147176,-0.07803788,-0.071147256,-0.040008456,-0.08286474,-0.0777379,-0.08121391,-0.06309417,-0.0814984,-0.084118545,0.03947413,-0.064631574,0.01172022,-0.082819454
-0.08401813,0.03133132,0.012593026,0.074835815,0.00041085447,0.068836816,0.005972796,-0.007953297,0.031181104,-0.04352513,0.054076813,0.04912657,0.026970934,0.06433822,-0.025234004,0.056763947,-0.043048088,0.024508523,-0.0032919166,-0.016831554,-0.063910455,-0.040382892,0.080648966,-0.045568924,-0.004106305,-0.013554748,-0.032290157,-0.034107536,0.011765877,0.07647389,0.05134261,-0.029401844,0.020164391
0.002739811,-0.038797036,-0.0097534275,-0.024886789,-0.075888515,-0.043642495,-0.060544066,-0.06951253,-0.056927387,-0.0721511,-0.066678256,-0.055364687,-0.053592548,-0.068478234,-0.0633587,-0.055504866,-0.05839036,-0.06703293,-0.054871228,-0.039776478,-0.06954093,-0.053797252,-0.08591064,-0.044363398,-0.04255203,-0.013186229,-0.0563576,-0.034726188,-0.069601335,-0.053051278,-0.07064707,-0.047689863,-0.053948265
0.05594851,-0.027436802,0.019317817,0.006493592,0.041683167,0.013933519,-0.022814812,0.032283366,0.01648111,0.0429926,0.047453657,0.016921975,0.052891467,0.0037082017,0.043115895,0.037977885,0.043850955,0.013712387,-0.0047258288,-0.005927157,0.024354916,0.06121918,-0.003621722,-0.018413499,0.040527232,0.056742355,0.03805578,-0.002974297,0.034180008,-0.054934114,0.04689342,-0.05106507,0.030227764
-0.031449433,0.001973269,0.04082502,0.037367005,-0.0051971674,0.042364404,0.0036712042,0.045399055,0.03894863,0.030523442,0.06687488,0.039261185,0.035081718,0.052811652,0.024640596,0.0078028347,0.046901572,0.0052761375,0.020545542,0.027513666,0.004670802,0.043987818,0.040559772,0.04652066,0.02971786,0.026561562,0.071406476,0.01752159,0.053103473,0.05273862,0.031460423,0.013580069,0.062299214
-0.026321134,0.06627131,-0.06624623,0.04582031,0.007797869,0.045453653,0.010948002,-0.076992154,-0.0043714,0.061449084,-0.054446742,0.034510612,0.069493055,0.051614136,-0.007301314,-0.0584637,-0.030096067,0.034992605,-0.038882058,0.01508155,0.06035553,0.027380196,0.0024633275,0.04853018,0.043831788,-0.039387517,-0.02811524,0.019272503,0.045414943,-0.08250123,0.037280533,0.007905417,0.06432377
-0.06550517,-0.069772795,-0.07170802,-0.02825667,-0.067990504,-0.07216865,-0.053378403,0.05761474,-0.013116283,-0.01926711,-0.03824006,-0.05917461,-0.047026187,-0.04249709,0.020466486,0.023238257,-0.04663465,-0.06623201,-0.044786848,-0.07062546,-0.025961684,-0.077852845,-0.0769768,-0.058682602,-0.025840223,-0.042498652,-0.08371667,-0.070748255,-0.03979655,0.014693925,-0.061424833,-0.023259763,-0.04703043
-0.037121043,-0.022836532,0.028585097,-0.0010876039,-0.021242075,-0.06512722,-0.04293131,-0.023103904,-0.073964596,-0.04062438,0.009762461,-0.028469386,-0.023740955,-0.0534679,0.021228805,-0.016385216,-0.05941737,-0.043614753,-0.033437856,0.0011158406,-0.04549634,-0.044838883,-0.061010588,-0.042743124,-0.03585703,-0.037218135,-0.033571288,0.003970227,-0.036635187,-0.060147583,-0.03659001,-0.060956374,-0.03905516
0.016602902,0.061540682,0.03883177,-0.044957306,0.07413574,0.03446385,-0.06755316,0.048146006,-0.030848997,-0.05043259,0.036908325,0.013460804,0.030569566,0.021847414,0.00011773934,-0.018680671,0.062635966,-0.035120092,-0.032654215,-0.040589113,-0.058818765,0.05426319,0.06001078,-0.060576078,0.03545862,0.074142486,0.055967636,-0.027068293,0.079930395,-0.019650616,0.06604951,-0.03197659,-0.0362937
0.021202113,-0.08697224,0.07446356,-0.0013515939,0.020919776,-0.060624436,0.024862569,0.029972373,0.041896876,-0.004092838,0.07015755,0.04543276,0.059873175,0.071757056,-0.009542549,0.029051367,0.015611491,-0.014993711,-0.021959968,-0.008194702,0.03382868,0.03679323,-0.0043884325,-0.030313812,0.009399808,0.0084868325,0.010238457,-0.056136634,0.06915077,0.04573885,0.03746814,-0.044142403,0.043976594
0.026643055,-0.0031165623,0.05284345,-0.03541541,-0.0264721,-0.02523303,-0.05810142,0.055520877,0.013211019,-0.064264216,-0.011563914,0.02186835,0.07504701,0.07616269,-0.029560786,0.044254556,-0.032715287,0.06335058,0.07092674,-0.03427272,0.033821028,0.06344495,0.02888977,0.048692588,-0.024665054,-0.039412584,-0.023127297,0.011274215,-0.016733488,0.061271183,-0.009397162,-0.0048366087,0.028255517
0.02261539,-0.0265528,0.03885928,-0.059763003,-0.0029332293,-0.06255267,0.005961597,-0.080226645,-0.045857906,-0.03021358,-0.03770304,-0.0357197,-0.04822414,-0.028348995,-0.037792604,-0.071169846,-0.0065624933,-0.054851137,-0.03235962,-0.0016198694,-0.067531385,0.04063408,-0.07066498,-0.03280168,-0.0648793,-0.07014793,0.0032668689,0.004766111,-0.048757754,-0.020878958,0.03294505,-0.01717708,-0.02354036
0.014942351,0.03064157,0.068583034,0.026127826,0.06925863,0.07904286,0.07600736,0.07027244,0.027976675,0.08036389,0.04103335,0.063051224,0.02793516,-0.003175741,0.067727156,0.015741322,0.06430107,0.06600661,0.04583903,0.07830662,-0.0047925804,0.05164683,0.02575343,0.059385393,0.031545218,0.051065136,0.066224866,0.057659257,-0.013507313,0.0033982035,0.010652315,0.07947927,0.048471954
-0.015544092,-0.06093486,0.059143554,0.011016873,-0.02624944,-0.07012288,0.040039666,-0.071488604,-0.0034022229,-0.07346357,0.012534199,-0.012757167,-0.032181818,-0.016190194,0.0022714797,-0.0021213675,-0.04872986,-0.040725447,0.026817404,-0.029550686,-0.059876047,-0.03542882,-0.051379617,-0.039313257,-0.032563563,-0.0361148,-0.021862403,0.0076492997,-0.03881383,0.0034124793,-0.02804661,-0.009291865,-0.06486684
-0.020482248,-0.04715014,-0.04341437,-0.0060472866,0.020682348,-0.017453708,-0.0047444003,-0.04083529,0.005782537,-0.00080814376,0.0061189486,-0.01930184,0.049143553,0.0126833515,0.0071060103,0.018943926,-0.0020842217,0.0076169125,-0.007934711,-0.004666807,-0.0062921313,0.011267307,0.029289007,-0.006601891,0.03454125,-0.02750861,-0.029751102,-0.062905155,-0.0076446887,-0.06256973,0.014936811,0.08157015,0.050094526
-0.07876808,-0.0024063922,-0.00679223,0.053544074,0.019325346,0.04518797,0.04893718,0.027060736,-0.016417386,0.03486828,0.019555947,0.009830931,-0.01425792,0.021809738,0.005791962,-0.0117262965,0.03578926,0.04898434,0.01860552,0.06838396,-0.0201882,0.0062602484,0.030027336,0.03070037,0.04676772,0.025044402,0.011204477,0.05423764,0.02501944,0.05584976,-0.022727856,0.02485663,0.029757934
0.04768523,-0.061316196,0.014335571,-0.020811299,-0.01518577,-0.027988827,-0.05630663,0.051568333,-0.029671047,0.05750221,-0.053528786,0.03740194,0.059245955,0.015946934,-0.05013085,-0.049998004,0.01358353,-0.014140302,-0.055292226,0.023083692,0.015720306,-0.002114876,0.015141262,-0.048839938,-0.058575228,-0.058002174,0.012462363,-0.0012492782,0.064063355,-0.033683985,-0.0070892028,-0.021058138,-0.026231177
0.047570772,-0.002824904,0.030305881,0.057133943,0.049172644,0.026378896,0.055634927,0.041930944,0.04935337,0.050202973,0.025814276,0.028038189,0.038563903,0.007260738,0.049614705,0.032280162,0.0446662,0.06251217,0.0077169943,0.0012061391,0.00038212977,0.06013964,0.0096410895,0.070488244,0.065608285,0.07436022,0.060718305,0.014805342,0.055494487,0.0056718616,0.0514289,-0.046930183,0.046191648
0.027083667,-0.053929888,-0.042911112,5.143132e-05,-0.015012584,-0.03247459,-0.067304306,-0.07681914,-0.07057681,-0.060468227,-0.06501562,-0.055113673,-0.041303236,-0.065064356,-0.02907556,-0.029095585,0.011111239,-0.020858958,-0.05027925,-0.07407774,-0.054766417,-0.028252652,-0.04829296,-0.025069065,-0.047794674,-0.0026355558,-0.031555597,-0.004972575,0.015637547,-0.07211054,-0.022486042,-0.06626018,-0.040284976
0.007965812,0.025375875,0.046951547,0.03729229,0.07004966,0.036357325,0.058821574,0.03255949,0.039565947,0.01619969,-0.055617582,0.06540535,0.0017048111,-0.045064494,0.0003372239,0.077891916,0.045431368,0.07337465,0.06739821,0.008583175,0.061193407,0.015770325,0.073744744,0.02712473,0.053580448,0.019064458,-0.01563924,0.07555257,0.0053990083,0.005309983,0.06697596,0.06336494,0.029414928
0.026414046,-0.0779216,0.059470966,-0.045984004,-0.06154818,0.016055984,0.02070657,0.07001441,-0.062109474,0.059734832,-0.01389217,-0.011346118,-0.035749912,-0.043214448,0.053194303,0.040521406,0.031163039,0.06930023,-0.05055952,0.0279424,0.041985903,0.07456166,-0.07078152,0.06769339,0.027580313,-0.023636516,-0.01663687,0.07112804,0.028682519,-0.0745358,0.028075758,0.014340446,0.0009445501
0.010353032,0.03665948,0.01604166,0.03982174,0.031848494,0.017150432,-0.04635695,0.016209902,0.008650585,-0.03648609,0.009432869,0.020615205,0.0167089,-0.04331727,-0.035420246,0.0045505515,0.028802576,-0.060791917,0.0005472597,-0.061821375,0.016031882,0.014530632,-0.052828085,0.009026821,0.0003247823,-0.0325041,0.045257986,0.00020447033,0.063476756,0.036609765,-0.015934706,0.030520149,-0.023185493
0.08362352,0.0760756,0.078290306,0.08194019,0.045262184,0.03975568,0.080968626,-0.024371633,-0.043348864,0.08088828,0.018631455,0.08141937,0.031166337,0.077360265,0.081703335,0.02546295,0.030676883,0.087902784,0.0817156,0.08122685,-0.02707225,0.0750295,0.039462134,0.082831375,0.077758215,0.08028104,0.07787521,0.05082015,0.014267254,0.008062954,0.070532404,-0.06334927,0.082219064
0.08021244,0.015464027,0.07020923,0.05925488,0.02816576,0.037049346,0.04131936,-0.015468894,0.014009952,0.028821047,0.03750145,0.07598025,-0.029660389,0.04125697,0.06602294,0.059118655,0.050104402,0.07535085,0.041875985,0.065074034,0.037514504,0.07218923,0.052375067,0.05480109,0.062734544,0.04589651,0.041759815,0.007702825,0.014581276,-0.02448026,0.07426674,0.052588943,0.031996436
-0.088459186,-0.08802434,-0.07971146,-0.0811373,-0.08538245,-0.08900808,-0.081697814,-0.08515499,-0.09854243,-0.086766504,-0.07928986,-0.08488407,-0.08884721,-0.077150114,-0.081313275,-0.083513096,-0.075967826,-0.08973432,-0.08046638,-0.08117698,-0.089184515,-0.08478855,-0.097996406,-0.08272724,-0.0769457,-0.07994226,-0.08947776,-0.0896712,-0.08467649,-0.08208947,-0.083303474,-0.09483899,-0.08209516
-0.0021230988,-0.01015923,0.063819125,0.01332744,-0.03997363,0.070869744,-0.027841073,0.039238855,0.06604624,0.0033344615,0.060447957,-0.03079834,0.016071727,-0.0028874595,0.04704092,-0.037508138,0.045169488,-0.029648935,0.0027463748,-0.03383516,0.02073199,0.009545923,0.02914952,-0.023844847,0.043897666,0.0735637,0.058409877,-0.020326478,-0.007840306,0.07369703,-0.062108476,0.083535045,0.02805625
0.008439332,0.07733853,0.06420621,0.046657737,0.054883655,-0.04617318,-0.03128196,0.003733251,-0.019669067,0.0345823,-0.08007367,0.052988768,-0.062053625,-0.07516356,-0.062257767,-0.025713269,-0.032889217,0.079526894,-0.060054347,-0.044333782,0.010798419,0.058986623,-0.025097525,0.041520648,0.05322382,0.055743847,-0.032426655,-0.0073535694,0.07877431,0.008190013,0.037240464,-0.008968001,0.05374534
-0.0572524,0.035716377,-0.06632559,-0.05502939,0.01654354,-0.03894919,-0.0077648023,-0.035691574,0.05120092,0.009954954,-0.07021853,0.026079355,0.014961757,0.013083612,0.02879673,0.046203412,-0.019037368,-0.00309529,0.02793017,-0.013179767,-0.048612338,-0.052241545,0.06471765,0.02909324,0.000449614,-0.0086501865,0.04104376,0.012608705,-0.034279816,-0.07372518,-0.020220183,0.042487025,0.04573562
0.0035366213,-0.051946763,-0.076109394,-0.04688642,-0.07041217,-0.07402011,-0.037852213,-0.07359517,-0.0019969256,-0.012044995,-0.04545284,-0.021653967,-0.0026365651,-0.01818804,-0.041559402,0.05188852,-0.038876813,-0.047390908,-0.07384883,-0.02838508,-0.026383959,-0.047237296,0.0030048592,-0.07325881,-0.01207565,-0.07253386,-0.001805616,-0.02736816,-0.011978545,-0.0059485068,-0.037337698,-0.005992701,-0.039358765
-0.021272,-0.061969854,-0.04745501,-0.06375991,-0.0705777,-0.059217326,-0.040994175,-0.042330362,-0.06377022,-0.05044947,-0.025992557,-0.020069195,-0.038218018,-0.037165057,-0.041985,-0.016040068,0.015960481,-0.07001441,-0.031063214,-0.0483785,-0.043951456,-0.034517393,-0.033559304,-0.06782751,0.011836294,-0.030251715,-0.021499127,-0.014340187,-0.020847779,-0.054212198,0.012856381,-0.025156656,-0.055716533
-0.07498451,-0.05779871,0.039977435,-0.028757678,-0.06864494,0.020492177,-0.06404018,-0.034684435,-0.05610907,-0.04932367,-0.010048078,-0.037178632,-0.0013663104,-0.041231815,0.0068892473,-0.029140275,-0.018928725,-0.056578446,0.0040674466,-0.024829078,-0.013875917,-0.038136795,-0.018280927,-0.024199555,-0.017534496,-0.043876633,-0.056926906,-0.037448406,-0.045255367,0.032885514,-0.029304642,-0.030659717,-0.03576827
0.057877105,0.05785211,0.06842764,0.044020183,0.057146326,0.055424955,0.0077758394,0.027307456,0.097991936,0.044563487,0.061835747,-0.004044835,0.058493312,0.02887033,0.06606519,0.0215851,0.058247555,0.003931907,0.022619251,0.045967914,0.05008842,0.044364,0.021017151,0.017413504,0.033010904,0.0665081,0.07905247,0.046138942,0.005151649,0.05997185,0.034104113,0.07698705,0.062066887
-0.01801715,-0.04368536,-0.05015121,-0.04986827,-0.05955658,-0.054595705,-0.075136624,-0.011886798,-0.014595831,0.019743457,0.04992182,-0.04435084,0.045041636,-0.0030832712,-0.01652233,0.0012565521,-0.0392375,-0.021154396,-0.051306736,-0.04115922,-0.033302743,-0.05012381,-0.01872602,-0.07757785,-0.01748586,0.02781981,-0.08573692,-0.0523093,-0.056521393,0.025412025,-0.06105425,-0.03273834,-0.04333424
