,accordion,banjo,bell,clarinet,drum,flute,guitar,harp,jukebox,microphone,piano,record player,saxophone,speaker,tambourine,trumpet,violin,whistle,bagpipes,cymbals,harmonica,xylophone
musical instrument,0.4705492441285537,0.4626016429873241,0.22367958160377965,0.5471361374088283,0.47695252958644674,0.5687512530311529,0.6523294201020303,0.4962879136703575,0.2905155170603345,0.354071952894919,0.6216605111814542,0.36906250551623154,0.5436821735555191,0.25994124876964975,0.5598339743768291,0.5018953533033549,0.5515497810429553,0.3068974303835492,0.5231607910711189,0.4417785436791537,0.5461501011923802,0.49195672459067985
