,acorn,bamboo,cactus,cloud,desert,feather,fire,flower,garden,grass,leaf,lightning,moon,mountain,palm tree,plant,rain,rainbow,river,rock,roots,shell,smoke,star,stem,sun,tornado,tree,volcano,waterfall,wave,weed,beach,cave,cliff,island,snowflake,sunflower
nature,0.088215042,0.197481747,0.116656642,0.23112203,0.146825842,0.165208758,0.298642346,0.331433507,0.358101064,0.341984654,0.268848346,0.243037234,0.15010133,0.258051075,0.157055127,0.291761233,0.310811694,0.282116135,0.325469109,0.346201673,0.180674506,0.187426199,0.261098102,0.30568211,0.174231575,0.381934689,0.177904256,0.402909764,0.140206014,0.269378655,0.233487169,0.266264278,0.351193161,0.168379293,0.187136122,0.323688858,0.250595844,0.249576638
