Nature,acorn,bamboo,beach,cactus,cave,cliff,cloud,desert,fire,flower,forest,garden,grass,hay,hole,island,lava,leaf,lightning,moon,mountain,mushroom,nest,palmtree,pearl,plant,rain,rainbow,river,rock,roots,seaweed,smoke,snowflake,star,stem,sun,sunflower,tornado,tree,volcano,waterfall,wave
-0.07417494,-0.037505332,-0.01870027,-0.067143135,-0.036650684,-0.020245122,0.00039212249,-0.05192384,-0.05252101,-0.050096307,-0.035353985,-0.028442852,-0.055361204,-0.039240196,0.009991342,-0.025083788,-0.06462871,-0.019143194,-0.034753326,0.0019271759,-0.053323276,-0.044782866,0.055236463,-0.04843256,0.048167974,-0.046656042,-0.017981542,-0.06989982,-0.0460194,-0.031898968,-0.085349485,0.021863248,0.0029992135,-0.052793875,0.020171236,-0.03813126,0.025672933,-0.03763001,0.022442777,-0.019071857,-0.04716903,-0.02920157,0.008556588,-0.041200176
-0.05568307,-0.013825972,-0.015525285,0.059180666,-0.0026567178,0.047319785,0.009549673,0.033321463,-0.019876609,-0.014328973,0.040651973,-0.0022848006,-0.005959848,0.02932112,0.03305037,0.01607911,-0.016209425,0.0029659574,0.030552346,0.00056038407,-0.033180762,-0.010499498,0.025172697,0.0007091484,0.053722043,-0.028873062,0.01095339,-0.0016746435,-0.016592154,-0.037639495,-0.019310847,-0.010329607,0.029658005,0.041819435,0.025724187,-0.020652363,-0.028549012,-0.03420682,0.019349856,0.018360693,0.023386091,-0.041546885,0.024721738,0.0028788727
0.06295849,0.05475283,0.04243997,0.0580829,0.00277726,0.0134622995,0.07217136,0.045508284,-0.008235351,0.041163716,0.02081792,0.06389561,0.075526364,-0.027204216,-0.008866071,0.060868245,0.032594036,-0.06531603,0.0749569,0.0578593,-0.0014900842,0.034297828,0.0011750952,0.05213632,-0.022431498,0.039633,-0.003849274,0.06643425,0.070975095,0.035958607,0.087727554,0.01812285,0.04196526,0.06373216,-0.0317649,0.037417594,-0.012783591,0.020983769,0.053215332,-0.010225723,0.017848616,-0.025529599,0.025920136,-0.015034939
0.032224134,-0.003859859,0.021138866,-0.019860739,-0.001523801,-0.014870264,0.03371567,0.037947323,-0.024931973,0.05838198,0.06871885,0.022665517,0.029923007,0.05720901,0.06874703,0.04370374,0.04202231,0.009401572,0.059229944,0.043122478,0.0012776104,0.04362448,0.02209088,0.026536137,-0.001217575,0.035565708,0.07943943,0.034590703,-0.0030532281,0.02291042,0.027277537,0.03890451,0.011827413,0.031200167,0.047802337,-0.015519069,0.07821573,0.05604773,0.030517215,0.004342421,0.077698596,0.029399024,0.0054671434,0.046092913
0.021031532,0.03222585,0.017136673,-0.0041097216,0.056574903,-0.06717669,-0.006262227,-0.03914427,0.013768024,0.05283416,-0.03997855,-0.04672634,-0.030962031,-0.05135764,0.06296782,0.011489324,-0.0046030995,-0.004559076,-0.015241313,0.0060379645,-0.024547655,-0.0047941883,-0.018637715,-0.037076045,-0.009335295,0.052732773,-0.031377394,0.037286557,0.034170575,0.00084963825,0.036012206,0.038583726,0.004486758,-0.041116018,0.014359289,-0.010050456,0.032596502,-0.00067319884,0.07600482,0.017365389,-0.063353635,0.046921324,0.040488392,0.0032120054
0.056207128,0.03207698,0.075267926,0.0638656,-0.034642164,-0.07056904,0.0048466003,0.027625443,-0.02513097,-0.04856475,0.06232959,-0.017566623,0.049846902,0.07770564,-0.028566709,-0.01103172,0.08402306,-0.058746435,0.041241065,0.044402078,-0.06284221,0.05494921,0.06480423,0.03823632,-0.022826346,0.03198012,0.070173375,0.05518556,-0.02580131,0.06595887,-0.011121623,-0.0010276581,0.019514391,-0.08488216,0.006281474,0.017624695,-0.026074868,0.025590679,0.008954497,0.03333175,0.017299412,-0.019140774,0.052036148,-0.0062562306
0.039567914,-0.06837021,-0.0011414727,0.062397037,-0.01638656,0.030678466,0.06848402,0.074156776,0.028094161,0.029521814,-0.059159636,0.042660244,-0.0022997085,-0.009273373,0.06012553,0.0030673272,0.0410187,-0.02143142,0.03510681,0.0423553,-0.06617349,0.036841176,0.015072164,0.061873008,0.021104068,-0.07572875,-0.008486292,-0.0050572823,0.0467711,0.014590854,0.068183124,0.035466928,0.011738941,0.03171644,-0.038211524,0.024523215,0.025148317,-0.013045874,-0.030753257,0.012513374,-0.025858529,0.063952364,0.037096735,0.03982076
0.030015077,0.009176452,-0.015520848,0.0024453981,-0.021733953,0.02579648,-0.008883112,-0.012905987,0.0496791,0.009943374,0.021156082,-0.01571835,-0.038658857,0.010662774,-0.03638946,-0.0015172878,0.0119338175,-0.002687041,0.033870373,-0.041550357,-0.03643754,-0.03556177,0.009005349,-0.021687739,-0.06695823,0.0051918253,-0.017685995,-0.055218745,0.005685986,0.025597692,0.0064614085,-0.04177171,-0.0065206685,-0.010268255,0.015727269,0.011450444,-0.0031664832,-0.06545961,-0.008529862,0.051834915,-0.015587453,0.04185084,0.07121727,0.007807233
0.022824517,-0.06985621,-0.020991238,0.032448214,-0.031435348,-0.049728326,-0.04614063,-0.0025068384,0.00395924,0.002709579,0.012706246,0.002187028,-0.03209773,-0.023568682,-0.020413857,0.024255304,-0.0082617765,-0.04787537,0.01392313,0.0010888051,-0.029137833,-0.0033298153,-0.038584933,0.00435863,0.0110595785,0.035532016,0.028622223,0.0032643576,0.00485784,0.00022201201,0.019655712,-0.030462122,0.041259337,-0.07122087,0.007171874,0.013413391,-0.008295958,-0.0034627137,-0.033381943,-0.00053889636,0.037098728,-0.00043332612,0.051198725,-0.024432179
0.055490375,0.0028262576,0.01787152,-0.037401814,0.03520874,0.040216837,0.010829816,0.045741893,-0.019366,0.019211255,-0.036643036,-0.061692085,-0.026897097,0.053532187,0.068164684,0.02210447,0.03449732,0.056476325,-0.025857257,0.047943994,0.010725975,0.03076481,0.011674896,-0.0117566865,0.0260324,0.033963077,-0.023637684,0.060785934,0.054167405,-0.031183414,0.037007496,0.04283329,0.04650476,0.044049516,-0.0108773,6.443949e-05,-0.04454193,0.04075966,0.059467737,0.06755483,0.021446494,0.031957682,0.051717866,0.03484038
0.047619447,0.041532256,0.024461454,0.026989447,0.071794994,0.07897133,0.044024665,-0.035339672,0.012065625,0.06456584,0.04055172,0.06010241,0.053775076,0.013884897,0.069888316,-0.0075825113,0.05959961,0.032069575,0.023846127,0.01677727,0.01719172,0.04055548,0.07322086,0.084945954,0.04544099,0.054662857,0.06309939,-0.04320494,0.033115774,0.044693075,0.049298204,0.033171423,0.07105492,0.020769324,0.048381805,0.009963567,-0.02843046,0.02096249,0.045963988,0.072980344,0.059592273,0.013409539,0.021465836,0.022955095
0.022645805,-0.042938445,0.024508404,-0.05593908,-0.00025366282,0.018040953,-0.0175106,0.045690022,0.04362704,-0.053269178,0.050009992,-0.024958203,0.05131997,0.07318468,0.08650768,-0.015133114,-0.07466717,0.02439618,-0.021083316,0.012409603,0.026265103,0.027712755,0.060382146,0.047302593,0.01640031,-0.07004953,0.047475353,-0.005896577,0.0068591777,-0.025465308,-0.04721715,0.016731655,0.010423952,-0.07423935,0.030252649,0.0404528,0.040423565,-0.068457805,-0.005603848,0.006381484,-0.0056963633,-0.025497854,-0.029492343,-0.07197841
0.06841488,0.011433009,-0.04611399,0.04896546,-0.019219266,0.05509453,-0.07968823,-0.052529644,-0.025839128,0.027885495,0.04668001,-0.016790152,-0.008101615,-0.01927311,0.027313182,-0.0015485106,0.058127314,-0.010768844,0.005925029,0.010653786,0.016488392,-0.024181835,-0.04609667,0.06261406,-0.06755077,0.015888503,0.03432254,-0.013933727,-0.0015498607,-0.01633281,0.02109021,0.0031578892,0.0034465853,-0.016785756,0.028618151,0.014111374,0.003998111,-0.07839678,-0.046823032,-0.020449635,-0.025207793,0.010341011,-0.0060539995,-0.0021977406
0.011614136,-0.04201375,-0.013442164,-0.000121009376,-0.052379344,-0.04928314,0.007890081,-0.060133416,0.019120531,-0.05394434,-0.06009806,-0.061818406,0.062656835,-0.018820487,0.013648538,0.05904088,0.02591037,-0.03835897,-0.0010251022,-0.03871629,-0.05377572,0.016741632,0.030540675,0.050248858,0.022503885,0.018179467,-0.019561263,0.013102767,0.01678087,0.017997472,0.037454505,-0.018400203,-0.034588303,-0.038038015,-0.0134129,-0.048676018,-0.008153087,0.023024555,-0.048780497,-0.013165107,0.0348533,0.0365259,-0.040694203,-0.031405244
0.03691333,-0.05377419,0.013381753,0.08485649,0.01661049,-0.070436515,0.014387154,-0.012127827,0.05268277,0.023257192,0.035891354,0.016024357,-0.031957924,-0.04025559,-0.035885707,-0.03774056,-0.003538127,-0.020286363,-0.0114845745,0.017627835,-0.017154777,-0.03684238,-0.0758246,0.015097532,-0.04596529,0.04793036,0.02028625,0.042694498,0.033852324,0.07562397,0.06624709,0.0016462314,-0.04825094,-0.018250559,0.028781012,-0.014415061,-0.026126109,0.015861914,-0.052528985,0.06190847,-0.014363479,-0.0152654685,-0.019432914,0.055181775
-0.051538162,-0.05065597,0.053686906,-0.046361234,0.025578821,-0.034373436,-0.005441707,0.0028731474,-0.040426694,-0.02523648,-0.04384287,-0.041309837,-0.0020277114,-0.012673585,-0.023209091,-0.048596125,-0.018582659,-0.0035331862,-0.024284363,-0.033003476,-0.057199772,-0.020278808,-0.036657162,0.06416793,0.03908029,0.004676438,-0.031808253,-0.024624059,0.00035351331,-0.04582763,-0.0107293,-0.04815685,-0.022350566,-0.045830663,-0.0415013,-0.03621573,0.019058293,-0.026473377,0.019374441,0.031365324,-0.013366506,-0.0607463,0.00520143,-0.039421074
-0.031390075,0.015349206,0.065415844,-0.012899049,-0.014950165,-0.017213032,-0.026144462,0.072472036,-0.006851249,0.057045892,0.028211655,-0.008018767,-0.04624333,-0.03140256,-0.011402263,0.047747485,-0.04127039,-0.014265949,0.010283703,0.06290106,0.013541149,-0.037979163,-0.025122587,-0.046635624,-0.057877485,-0.042860154,0.023139304,0.05902017,0.021061016,-0.03165048,0.028127637,-0.024867898,0.0067795673,0.039035037,0.021549262,0.01563241,0.0250602,0.015063921,0.0063654496,-0.043948825,-0.024508014,-0.04244145,-0.028619101,0.069345936
0.024720589,-0.0024717152,0.029910106,0.07144755,0.0757391,0.0791412,0.06338669,0.06613575,0.07940114,-0.0017273149,0.043141793,0.019764274,0.07889055,0.054628197,0.0594988,0.0688588,0.06266595,0.070249304,-0.0016220061,-0.05678376,-0.0022699034,0.06086268,0.059663486,0.0825513,-0.05316057,0.05888627,0.030364145,0.07607737,0.06677731,0.046362758,0.080310486,0.064673245,-0.027282476,0.032363683,0.07273415,0.0128891915,0.04656588,-0.005949308,0.009640569,-0.018783292,0.024157912,0.050636843,0.038680427,0.031169962
0.058330223,-0.02620993,0.05422409,-0.016804338,0.040641267,0.02158204,0.05885571,0.030590277,0.011028335,0.06003332,0.0038743382,0.045728434,-0.06743281,-0.018628752,0.013262976,0.014228905,-0.008649499,-0.009092825,0.05183015,0.08041189,0.08301176,0.019232607,-0.052768614,-0.023183744,-0.002755212,-0.041981697,-0.0347701,0.06116631,0.037828024,0.001205219,0.032938126,0.017008375,-0.015644856,0.0038225427,0.058903392,0.07016756,0.050886605,0.07777698,-0.02846018,-0.02129378,0.025533058,-0.05065543,-0.027083118,0.07038497
-0.032185026,-0.024902502,-0.028801762,-0.061256647,0.027422665,-0.045537107,-0.05647466,-0.0050141253,-0.053952012,-0.011379535,-0.022011714,-0.02896749,-0.044539697,-0.062045004,-0.06575318,-0.0010611052,-0.055321954,-0.036924843,-0.051929552,-0.06709819,-0.041346796,-0.023930917,-0.004261088,-0.018193433,-0.018165091,-0.041490555,-0.024682846,-0.06488137,-0.01303235,-0.034151528,-0.042352557,-0.072284624,-0.04522017,0.020775521,-0.033139788,-0.019290121,-0.08410289,-0.050402522,-0.056443438,-0.021125972,-0.059265934,-0.07239326,-0.052156325,-0.016567485
0.070342205,-0.002217065,-0.026077786,-0.041044284,-0.0027378863,0.032017644,-0.06124342,0.0113384025,-0.022445386,-0.058203638,0.0063859024,0.021268737,0.04312362,0.03453413,0.012095543,0.014111053,0.0020763867,0.0016546224,0.01000804,0.0037201275,0.018120548,-0.009876959,0.06304346,-0.009044531,-0.037693944,0.010445875,0.02855106,0.024554824,-0.045694366,-0.03958215,-0.058585946,-0.045918915,0.03390511,-0.026116952,-0.016126363,-0.008103945,-0.022070635,-0.0104802735,-0.007523478,0.020303363,-0.017050913,-0.0053402563,-0.045946464,-0.06236687
-0.0175325,0.073769204,0.06854558,0.04371647,0.032348312,0.0013221765,0.003879374,0.031817306,-0.0064034504,-0.029155482,0.0025731283,-0.010054425,0.0098670395,0.03582504,0.0013076152,0.08075202,0.016969783,0.019534113,0.06526731,0.059086684,-0.009216231,0.04262631,0.0702466,0.038487587,0.032479357,0.052459482,-0.04000817,0.05413935,0.0538415,0.016762948,0.0212414,0.046090562,0.048613537,0.021173038,0.003839321,-0.029631497,0.06809465,0.042534523,0.045767087,0.030794948,0.059263438,0.011883437,0.05991142,-0.010014395
0.037940238,-0.030324489,-0.016108947,-0.0077408254,0.017398797,-0.03456576,-0.0064510135,0.028030952,0.03797912,-0.033642586,0.031997703,0.013932997,-0.023663452,-0.0180764,0.02464333,0.0033474423,-0.018408552,-0.024503723,-0.026830677,-0.004021912,0.040312394,0.044671312,0.058134653,-0.011096193,0.022486871,0.056969456,0.028570892,0.042073466,0.030594666,0.045677688,-0.029340716,0.07824937,-0.051846173,0.0054880967,0.03417414,-0.002475295,0.028421897,0.024154803,0.040405463,0.029639348,0.011699564,-0.008404873,0.038883757,0.013770116
0.060701422,0.0025291778,-0.06973701,0.004008346,-0.056360863,0.043798856,-0.003413119,0.056729417,-0.0036266975,-0.016082918,-0.072305694,-0.0022404087,-0.024612837,-0.0019802307,-0.012870133,0.014775272,0.052957997,0.05148651,-0.07762848,0.052818514,0.0831775,0.045561966,-0.0041411505,-0.006622152,-0.055678766,0.00945565,-0.030979438,0.03668279,0.0042903735,-0.044724002,0.03022882,-0.038890634,-0.04212417,-0.04019682,0.061794724,0.07310888,0.006760857,0.049144074,-0.021029685,0.006242996,-0.054277007,0.08031338,-0.009247152,0.04956946
0.04065561,-0.06259757,0.043483477,0.021619454,0.052849125,-0.06371326,-0.04502606,-0.0035752603,0.07679046,-0.0316849,-0.0039679725,-0.03321849,0.0036264444,0.03868938,-0.04260999,-0.069187164,-0.036300927,0.029398866,0.04567506,0.03080032,-0.0027334837,0.02150037,-0.03583724,-0.044624858,-0.042648617,-0.060475416,-0.033957284,-0.047365747,0.017564733,0.034042444,-0.082936905,-0.05012315,0.060663324,-0.05713904,-0.018669644,0.05132982,-0.03153368,0.06591054,0.013393435,-0.06002319,-0.048838995,-0.050003514,-0.00370293,-0.07260626
0.015803318,-0.020825654,0.066209644,0.08399654,0.015294697,0.069920406,0.042500842,-0.035370037,-0.033341907,0.057230547,0.053761538,0.006135951,0.018021459,0.05605272,0.009216051,0.00034085798,0.038473926,0.06924228,-0.05716724,-0.004475367,0.067129254,-0.03722602,0.01241337,0.042979576,0.044780623,0.0452622,0.0077178017,-0.010130271,-0.0006509568,0.0031355969,0.048709504,0.058459036,0.0729911,0.023626806,0.07190512,-0.0007419668,0.0394578,-0.029243456,0.054919325,-0.07456979,0.028126877,-0.0597234,0.007568778,0.05654573
0.059687246,-0.06271313,0.07040588,0.052798435,-0.04213818,-0.01608393,0.051880762,0.06105566,0.04280856,-0.03509289,0.0011347564,0.082185745,0.011145609,0.022578504,-0.030063488,-0.058869977,-0.017932128,-0.009233042,-0.013740498,0.015264485,0.010272983,-0.030322138,0.046448052,-0.009946011,0.07273784,0.012901493,-0.045451812,-0.0099666165,0.039320216,0.061698142,-0.06622859,-0.06590836,-0.058400553,0.0543119,-0.058686886,-0.030026192,-0.059528228,0.0023213637,-0.014885863,0.03879974,0.029104449,-0.014917332,-0.07158694,0.027021604
-0.021270178,-0.03170902,-0.06682204,-0.036016047,-0.05174323,-0.055668965,-0.07644873,0.0029101886,-0.062351532,-0.044725407,-0.03472502,-0.024862578,-0.08274516,-0.025852688,-0.02589532,-0.05780554,-0.046674535,0.056343835,-0.013712614,-0.037429973,-0.032576244,-0.0014273697,-0.06028203,-0.07932759,0.022616297,-0.074476086,-0.062303677,-0.05372879,-0.020962311,0.04337818,-0.05915096,-0.05413628,0.030525254,-0.052633904,-0.0060351607,-0.069345735,0.0037129351,-0.04549948,-0.0028328283,-0.038434133,-0.05531542,-0.012613776,0.0023260177,-0.039801627
0.029919859,-0.009675838,-0.05465051,0.040586762,0.025862038,0.07309112,-0.06415693,-0.0019178551,0.057243112,-0.027733484,0.024796834,-0.012932987,0.045972664,-0.014499586,0.059947465,0.0361455,0.061297342,0.002646352,-0.0063988157,-0.04327957,0.049916793,0.058183175,-0.032527853,0.07446622,0.09012582,0.062443025,0.06058046,0.010073965,-0.0068761846,-0.036856193,0.03778039,0.027755711,-0.020999001,-0.037141193,0.07593678,0.055314183,-0.012134718,0.057646416,0.050795596,-0.014178746,0.033302113,-0.043090552,-0.04705819,-0.051323492
0.007552243,0.064763695,-0.05272736,-0.046975978,-0.05500952,0.01686759,-0.021097446,-0.011035812,-0.044587582,-0.029761137,-0.032597203,0.005152554,0.067462966,0.010065782,0.043271445,-0.019023066,0.027453452,0.030702062,0.022259954,0.005628793,0.0014841419,-0.014580416,-0.044535026,0.05532652,0.064283945,-0.0020694959,0.045163482,0.018790193,0.010306764,-0.057476167,-0.031193536,0.06311414,0.03552294,0.00036841742,-0.022945182,-0.05350752,0.011064238,0.048888616,0.041900914,-0.035864387,-0.009053791,0.041418903,0.008447252,0.065152854
0.016457962,0.007633348,0.03616756,-0.05227291,0.007535023,-0.08000161,-0.07730933,0.038067594,0.024526335,0.046412084,0.014873807,-0.07502896,-0.012937807,0.01101272,0.072483666,-0.009002959,0.077405244,-0.059193913,0.053463154,-0.046682563,-0.021547744,-0.06449206,-0.07708562,0.00922095,0.036454037,0.04075591,0.036696028,0.046861336,0.040958367,0.006173928,-0.0698833,-0.033862375,-0.0036808997,0.01567159,0.00684544,0.023309369,-0.069924824,0.048537772,0.061838962,0.056243565,-0.00026802332,-0.023615096,-0.013267573,0.0054129115
0.023075197,-0.021855092,-0.015992606,-0.08213759,-0.01124557,0.010430776,0.024978472,-0.073057674,-0.05696357,-0.08278571,-0.023621198,-0.036079366,0.026830118,-0.03102662,0.018670611,0.04304597,-0.032823935,-0.060021915,-0.048922554,-0.07101849,-0.029702201,-0.014162702,0.006189122,-0.059722684,-0.05486408,-0.0140659455,-0.016873999,0.015946925,0.032747425,0.037444867,-0.023160895,-0.04340766,-0.027777065,-0.07634803,-0.06133896,-0.04856068,-0.020453982,0.029874453,0.05386879,0.00519451,-0.04555668,-0.05880548,0.07420685,-0.07920181
-0.07880239,-0.018690744,-0.03842328,-0.019388853,0.020052735,-0.041912977,-0.013582267,-0.0798296,-0.064687364,-0.061704062,-0.065418385,-0.066769056,-0.055759195,-0.056198504,-0.088705905,-0.023972316,-0.017928291,-0.03245397,-0.07117165,-0.06677046,-0.073721275,-0.05880671,0.009932892,-0.04345152,-0.012591587,-0.043336492,-0.0049057063,-0.07714265,-0.06263986,-0.010865352,-0.0404467,-0.036238167,-0.0047014155,-0.08056471,-0.077154934,-0.04937777,-0.009077318,-0.03991828,-0.056825105,-0.06447952,-0.045399867,-0.07164229,-0.027563097,-0.03425411
-0.06574423,-0.07010009,-0.03318097,-0.0078663025,-0.037991665,0.029914312,0.06301712,0.06903309,0.059646085,-0.008684022,0.08916479,0.058073565,0.02034851,0.0015423363,0.05234204,0.068664946,-0.0010786043,0.055341158,0.02459,0.061890673,0.04453377,0.087095164,0.048785944,0.002689397,0.0904587,-0.013016652,0.04141849,0.07209862,0.028142044,-0.037062578,0.00884215,0.007899541,-0.058998566,0.03295452,0.050883833,0.008723762,0.075848274,-0.05185666,0.06430791,0.046062052,0.04030252,0.07664118,0.050200608,0.048329964
0.02470458,-0.017881118,0.07266987,0.019239727,-0.053668775,-0.04273109,0.011583951,0.06324215,-0.07658935,-0.04611459,0.07182201,-0.017791586,0.025858391,0.064123206,0.016104588,-0.07011666,-0.0048349635,-0.052357517,0.05228941,-0.034158766,0.049174696,0.047901865,-0.007845787,0.033040892,0.04382762,0.006012621,0.07335611,0.053281136,-0.029121174,-0.038999755,-0.021244248,0.07271487,0.045522004,-0.011652808,0.06748134,-0.056248065,0.06711097,0.019647386,-0.005712927,0.04294321,-0.027772516,0.00449956,-0.009313473,0.052147094
0.02052257,0.041752506,-0.019460669,0.009309787,0.009134525,-0.011700661,-0.07200139,-0.07138752,0.011537972,-0.04137606,0.009670583,-0.055328637,0.04856715,0.078342296,-0.045638025,0.024703594,0.064317726,0.049903404,-0.028658964,-0.0667353,-0.041685805,0.032114424,-0.053778157,-0.005700326,-0.05034324,0.014143882,0.005730916,-0.07376185,-0.071522884,-0.071370505,0.031662278,-0.04029805,-0.015094177,-0.027191577,0.065615155,0.059849884,-0.028541422,-0.0033502448,0.027683742,-0.042869087,-0.04636551,0.064629465,-0.022896517,-0.058355547
-0.019784002,-0.06953944,0.019205863,0.041832287,0.07559526,0.05833806,0.053150833,0.027217465,0.06483494,0.06947887,0.043298725,0.06987001,0.07226622,0.059142265,0.018280271,0.06302298,0.043254808,0.05460111,-0.0051980503,-0.035977945,0.036530133,0.07936043,-0.060107384,0.06765683,-0.057714798,0.052917812,0.06330083,0.056226704,0.019731823,0.07521403,0.065419935,-0.017406002,-0.068052724,0.057566818,0.04221451,0.048211284,-0.017751334,0.07751344,-0.039949127,0.025809575,0.032613162,-0.060506556,-0.010587848,0.066366084
-0.0740043,-0.0017924397,0.025797524,0.019697858,0.06355516,0.04702586,0.091230825,0.07497341,0.017139124,-0.06764072,-0.025625303,0.02761109,0.04986957,0.0007798028,0.0019393638,0.08375164,0.066091575,0.03142739,0.03685628,-0.03676273,0.06719906,0.07433615,0.058386795,0.021026012,0.014169549,-0.013595991,0.019387223,-0.043669887,-0.014132286,0.0526293,-0.0014704745,0.06397209,0.07164239,-0.031919636,0.0146644,0.047852974,0.08300602,-0.044151343,0.046507284,0.035952725,0.01969077,0.013723351,0.047266416,0.06545983
0.07433364,-0.044050787,0.030737402,0.044568773,0.07893303,-0.060082808,0.023254957,0.019735342,0.039668083,0.07305256,0.06910558,0.06790323,0.06170728,0.06642451,0.07339291,0.08944664,0.058486838,-0.01641585,0.05272269,0.059698872,0.0357567,0.012970169,-0.05211202,-0.01018948,-0.057194367,0.07219219,0.04702768,0.023197977,0.069086485,0.020765323,0.02606785,-0.035411775,0.056443766,-0.028914884,-0.05704094,0.08342525,-0.050117742,0.043979563,-0.0120177455,0.029003032,-0.023575904,0.06318624,-0.030610232,-0.020241043
-0.0644385,-0.014444093,-0.07228954,0.060172953,-0.05015843,-0.06427005,0.04175137,0.0058032526,0.015799513,0.043776706,-0.050922256,-0.058588386,-0.0006942848,-0.022011522,0.030528381,-0.049837343,0.05656414,0.06591025,0.013054635,-0.015390374,-0.019492822,0.022818953,-0.013934559,0.054415226,0.015531996,-0.01449907,-0.00055946404,-0.024265785,-0.054939747,-0.08163546,0.032938637,0.028382473,9.524127e-05,0.0224387,-0.07355243,0.02083597,0.051473953,0.010090504,0.011667518,-0.05626798,-0.07908194,0.04140554,-0.052885216,-0.026704803
-0.022628821,0.04965243,0.010396005,-0.06278912,0.009743929,-0.02384511,-0.020373242,0.063563645,-0.05311243,-0.057351228,-0.040298462,-0.07802654,-0.018187461,-0.016638743,-0.020499257,-0.04798423,-0.084289305,-0.0139151355,-0.017149188,-0.007512784,0.022474848,-0.06151663,0.031458996,0.033742096,-0.009014646,-0.023645433,-0.019525474,0.041456092,0.007748955,0.00037600164,0.0240914,0.008578786,0.054730482,-0.011275718,0.03725512,0.030279376,0.036957618,0.0068032257,-0.054242473,0.06133982,-0.014700251,-0.077862635,-0.0138138365,-0.010186885
-0.04194182,-0.056353573,-0.031277556,0.03756419,-0.056447305,-0.05450966,0.001952069,0.026008716,-0.008810947,0.018582817,0.057639938,0.028590178,0.035299703,0.0015939336,0.01918805,0.019903302,-0.03516147,-0.019398436,0.045487408,0.03820517,0.023634909,-0.00017995173,0.015390765,-0.015124787,-0.04251906,-0.07333631,-0.011753627,0.0051492793,-0.0308213,-0.011385616,-0.031650715,-0.078490764,0.037554447,0.0420874,0.029585905,0.029192781,-0.0017586465,0.004195138,-0.01635282,-0.0066324067,0.00066598324,-0.0033944962,0.005607571,0.056282807
-0.052768677,-0.018303676,0.046071913,-0.028461687,0.016642695,-0.046307895,0.03278547,-0.011696236,-0.07093788,-0.028472584,-0.06863199,-0.060947385,0.025875743,-0.052013077,-0.030568613,-0.052989878,0.0038061375,-0.05168452,-0.01777791,0.016680188,-0.07023511,-0.0457326,0.050416883,-0.042880837,-0.05086914,-0.05444018,-0.017478487,-0.004504915,-0.006400364,-0.03766446,-0.05186735,0.03977975,0.025025768,-0.064126655,-0.0031177932,-0.01607427,-0.053473867,0.026945662,0.014023378,-0.008522473,-0.041150607,-0.019971715,-0.06303277,-0.01719421
-0.077277236,0.0027945738,-0.027597789,-0.06407255,-0.0053632897,-0.05461946,-0.013255808,-0.06799008,-0.03589139,-0.071097754,-0.05048858,-0.018826738,-0.07044483,-0.063841514,0.0044510146,-0.047232013,-0.054531496,-0.047062907,-0.07476465,-0.04727116,-0.029314421,-0.02879278,-0.024909755,-0.030235136,0.022989944,-0.04414483,-0.07441934,-0.062536,-0.04912675,-0.06563136,-0.023292813,-0.04991573,-0.06075381,-0.04836654,-0.0542951,-0.021575153,-0.07066878,-0.06372542,-0.045072354,-0.04066523,-0.054665722,-0.052115228,-0.06967829,-0.080183476
-0.07080207,-0.075907655,-0.078404166,-0.06695134,-0.07742694,-0.08414954,-0.08273434,-0.05162506,-0.081304625,-0.07277178,-0.08100657,-0.08658499,-0.08969828,-0.08760225,-0.07924579,-0.065779865,-0.06642733,-0.069475204,-0.07286428,-0.07931396,-0.06414022,-0.085639216,-0.0825958,-0.10078452,0.016355569,-0.06626686,-0.09313712,-0.08188207,-0.057733126,-0.08266501,-0.062489647,-0.0499609,-0.081039585,-0.060919173,-0.07704295,-0.04299015,-0.046697874,-0.0686657,-0.08182773,-0.07932035,-0.0889888,-0.07986037,-0.08226922,-0.055725973
0.0053856834,0.012216972,0.047573794,0.04022847,0.06887647,-0.018759463,-0.022470294,-0.0042907135,0.041296583,0.040818237,0.018878201,0.040031034,-0.0005717884,0.044790927,0.05575116,0.041693147,-0.031604245,0.07544238,0.06740751,0.0052259676,-0.03869416,0.08737306,0.07766589,-0.06923194,-0.02239339,-0.01668943,0.04283617,0.008596375,-0.00622733,0.041757364,0.025342641,-0.04700256,0.06688243,-0.03872507,0.05969277,0.037585113,0.04953457,0.042005904,0.02233315,-0.026284916,0.01998268,0.033459798,0.056713786,0.0022688303
0.018992549,-0.022541981,-0.029454641,-0.05572372,-0.009168348,-0.064039834,-0.06884645,-0.038450193,-0.046401154,-0.024912894,0.022184612,-0.040132325,-0.0681856,-0.06613829,-0.016955305,-0.054851558,-0.026643327,-0.061792955,-0.04451074,-0.03317126,-0.058289383,-0.032031983,-0.06641225,0.011746034,-0.024044974,-0.026775926,-0.031891722,-0.02903781,-0.05733869,-0.030573493,-0.051627673,-0.02763071,-0.053812657,-0.0765698,-0.024963213,-0.016788833,0.004921166,-0.05437439,-0.04073869,-0.038947638,-0.021256436,0.0039177607,-0.03397616,-0.07547785
0.06956401,-0.040992524,0.054943968,0.05717049,-0.017600702,0.023064123,0.042259537,0.067290075,0.014936971,-0.015246574,0.012434514,-0.06256769,0.085986644,0.040373195,-0.023338642,-0.04501735,-0.07567793,-0.035683297,0.07109233,-0.00070827815,0.016085345,-0.024313582,-0.009910189,-8.75354e-05,-0.019577809,-0.06682583,-0.037507705,0.037971336,0.010113838,0.0045044874,0.006154348,0.02388249,0.030947896,-0.016356224,0.022789927,0.01654497,0.030971378,-0.004999697,0.035101175,0.02015224,-0.034502305,-0.05971922,0.031885453,-0.0007617824
0.06601426,-0.05286122,-0.026230939,-0.017730404,-0.0022392133,-0.045530576,-0.04014955,0.070490405,-3.521243e-05,-0.010681213,0.045243017,0.0044005644,-0.020975044,-0.0452411,-0.0015604851,-0.030344173,-0.08109537,0.02876328,0.07117054,0.06759289,-0.06708973,0.061609685,-0.061100923,0.060433835,-0.012303142,-0.033529103,-0.0032656149,-0.031331554,0.04557347,0.07733152,-0.008764443,-0.024684472,-0.05594038,0.022351447,0.01995115,0.06690315,0.0005866412,0.004913035,0.051159933,0.072847046,0.017872343,0.0720137,0.07183061,-0.057969306
-0.06985538,0.024619611,0.009754876,-0.028578822,0.07299924,0.07057293,0.083199315,0.06174263,0.047923513,-0.00069931825,0.015480472,0.006475962,0.022234665,0.0028268876,0.023227029,0.058775526,-0.03388996,0.003595513,-0.033255078,0.07383818,0.077224456,0.029865416,0.009488059,0.00052592123,-0.015351057,0.009557992,0.0036853733,0.056213636,0.057073485,-0.00068328367,0.049121745,0.059443448,0.05656939,-0.04629538,-0.018854547,0.017993007,0.0020044888,0.062282287,0.019187726,-0.005262332,-0.012147386,-0.050480694,0.04323626,0.05819147
0.005115749,0.014877283,0.07121026,0.055526316,0.0729434,0.05003249,0.058154684,0.0308749,0.0422242,0.04195046,0.027644075,0.07170939,0.024052832,0.08375057,0.06065484,0.022234742,0.029795226,0.06594395,0.06740857,0.06567611,0.040930357,0.011176283,0.060468893,0.084751286,0.029150266,0.057418793,0.07464136,0.034950443,0.028832637,0.06312116,0.010536201,0.056753583,0.06698274,0.036280114,0.0313274,0.065604225,0.04899619,0.07066208,0.029389584,0.06131864,0.06728604,-0.0027615884,0.021409884,0.057784382
0.04988973,0.036256418,0.009399634,-0.017042378,-0.038629193,0.010027851,-0.0136620775,0.012938286,-0.007062862,-0.045513242,0.052662704,-0.011379501,0.045764823,-0.030721333,0.0039313883,0.040843867,0.043801636,-0.054918792,0.022227641,0.013343852,0.05227676,0.018773371,-0.041249022,0.07918048,-0.085656054,-0.034223936,0.0616982,0.025949549,-0.047520705,0.0049973493,0.021196116,-0.04093745,0.030045694,-0.02038265,-0.045356154,0.028765915,0.06561091,0.022762833,-0.0003209753,-0.025046855,0.02787461,-0.0073240628,-0.0033068804,0.013463834
0.07544309,0.045500617,0.059874427,0.07673789,0.053107254,0.08204059,0.089402996,0.08043634,0.06945041,0.07523091,0.0804927,0.083398156,0.08748913,0.06900096,0.0875133,0.087924466,0.085576944,0.07209633,0.08589162,0.08010376,0.08306986,0.08772554,0.051286347,0.0983986,0.10617908,0.071549006,0.089545175,0.07407555,0.08513585,0.08519329,0.079834126,0.055706713,0.060553763,0.08186153,0.067012705,0.09457458,0.07934171,0.07976695,0.06944031,0.073084965,0.08622573,0.05019309,0.058286067,0.08344695
-0.0032184483,-0.0072005964,0.053237785,0.06600018,0.026002195,-0.023240382,0.037744008,0.07163451,0.037627384,0.07078259,0.07913195,0.05657182,0.010599976,0.03852263,0.0241038,0.052300297,0.013174791,0.06583115,0.06353314,0.056617115,0.0721288,0.07971837,-0.021353137,0.08876405,0.10115698,-0.051145844,0.085477084,-0.020247187,0.05819008,0.06754531,0.06802272,0.03591195,-0.023800785,0.05681087,0.03669202,0.08836612,0.053445715,0.062182322,0.050803818,0.056297347,0.08068,0.043448173,0.0023332555,0.05035296
0.021938449,0.060978238,0.068913,-0.0447664,-0.039577115,0.008184024,0.04068933,-0.023375528,-0.009477085,0.050924208,0.0070149205,0.078505814,0.049376253,0.035370756,0.013591551,-0.014992741,0.02206589,0.063693576,0.0736948,0.07509319,-0.02586753,0.0026333728,0.06533182,0.051379457,-0.043850496,0.06544755,0.035183627,0.01169457,0.048885606,0.0018576436,-0.015144534,-0.033683356,0.044962026,-0.06969565,-0.028677177,0.06931638,-0.0057343137,0.06292127,-0.0030403263,0.03359613,0.08342489,0.017859831,-0.043688875,0.058875695
-0.005254654,0.0050836434,0.06390543,0.0004464293,-0.065702416,0.018204333,-0.020944027,0.044997204,-0.0699576,-0.018153468,-0.01345402,0.020960564,-0.003805866,0.022268744,0.034708794,0.057013895,-0.054480925,-0.062348492,-0.07399085,0.015273868,0.02880637,0.021150343,0.027232425,-0.05066516,-0.00128042,-0.000848507,-0.005641342,0.042746373,0.04811452,-0.052392274,-0.022762137,0.054555744,0.050819784,-0.047833946,-0.015855202,-0.05125733,-0.08185555,0.0119428625,-0.0508376,-0.05054501,-0.06647163,-0.061987773,-0.079007335,-0.047947165
0.04791128,0.051798347,0.01729381,0.05598745,0.03552647,0.0035632537,0.024352023,0.03402124,0.069042146,0.0028988435,-0.042127587,-0.048641603,0.025261771,-0.033659935,0.050455067,-0.0125787575,0.048992038,0.00093770033,-0.021760633,0.004664568,-0.0011372895,-0.025228128,0.045439836,0.022294762,-0.006401151,-0.024927959,-0.0059186155,-0.021167787,0.06607741,-0.00012550651,0.009040872,-0.039842803,0.0375391,0.0050157867,0.057765335,0.028691635,0.0070485277,0.017120156,-0.0058217114,0.036891107,0.03367782,0.03811436,0.029790778,0.026532998
0.029542219,0.062301826,0.0751978,0.028399654,-0.00067520334,0.021811008,-0.021316689,0.062250163,0.019699302,0.0013630255,-0.036277626,0.0068480484,-0.044781726,-0.040572066,-0.084213644,-0.030474408,-0.087548666,0.033604566,0.017475998,0.05585411,-0.008591999,0.023590576,0.022390438,-0.0090601165,-0.0023642106,0.0079462025,0.04649942,0.0017390933,0.017057676,-0.03198489,0.042870287,0.049607217,0.004673643,0.021215508,0.053705513,0.014814279,0.061490968,0.02100942,0.012568235,0.04234276,0.026056888,0.0026267748,-0.04141526,0.05236024
0.057268936,0.05003985,0.06227376,0.07330867,0.06247242,0.064258784,0.06273567,0.059248466,0.06634222,0.06321167,0.07667075,0.079414375,0.06814429,0.075174816,-0.012056964,0.022805609,0.06688268,0.046552014,0.08747748,0.06869801,0.044208184,0.07801822,0.0164322,0.057151463,0.04823074,0.077576734,0.073867105,0.05554491,0.026189517,0.0543414,0.066271804,0.07012908,0.052312657,0.039534938,0.044589214,-0.0032088768,0.08042104,0.05652061,0.074614756,0.056088395,0.035404947,0.04742883,0.0583417,0.0750078
-0.034168918,-0.032634966,0.013924149,-0.034378026,0.064845026,0.07044656,-0.013493359,0.07167851,0.06833577,0.022343492,-0.004164734,0.049962353,0.037290286,-0.025029328,0.006876944,0.014238967,-0.033229657,-0.010252453,0.023831153,0.005219965,-0.037661225,0.074931554,-0.0042196712,-0.01528306,0.049678415,0.040146835,0.058722433,0.05302848,0.058601465,0.025457256,0.016241897,0.07307019,0.033590846,-0.04084612,-0.0058653136,0.031062653,0.06399093,0.010339484,-0.03388662,0.045209337,0.074330784,-0.0031707848,0.071896404,-0.024294017
0.036423594,-0.051276192,0.0075463415,0.026524257,0.050393946,0.026882969,0.07278919,-0.004811534,0.03700627,-0.025975043,-0.083615825,0.01889209,0.042312,0.01657618,-0.01952913,-0.06230103,0.008430427,0.00021027085,-0.005318393,-0.05778282,0.01271854,0.03153856,-0.03715298,0.024467994,-0.0629891,-0.0705381,-0.001739169,0.017634002,-0.031152869,-0.03516612,-0.010707788,-0.004053569,-0.022967199,-0.053740516,-0.026994508,-0.064337194,-0.03190727,-0.028976757,-0.081474066,-0.06933157,-0.030275092,0.032602776,-0.069214135,-0.012613449
-0.01041455,-0.03836244,-0.07025772,-0.0081613455,-0.07077947,-0.00705272,-0.055562343,-0.045995504,-0.03018878,-0.0037161908,-0.027498707,-0.03139132,0.006716435,-0.07392234,-0.0266763,-0.05297892,-0.04508136,-0.0747447,-0.038021576,-0.03170916,-0.085587546,-0.054100674,-0.01030384,-0.020951437,-0.008626146,-0.07438769,-0.059408598,-0.07573504,-0.03776341,0.052936655,-0.038726624,-0.070008196,-0.0633599,0.0018608558,-0.048591077,-0.048815187,-0.051687606,-0.044424534,-0.053894226,-0.07799005,-0.053527657,-0.08292952,-0.043269232,-0.026549196
-0.04683866,0.006243118,0.03244949,-0.020128818,0.012458063,0.037779395,-0.078402065,-0.042163678,0.034133457,-0.016312374,0.003944894,0.06115086,0.058798254,-0.00791963,-0.070791,-0.010277106,0.035452865,-0.03629593,-0.046753306,0.003707556,-0.015004342,0.024730973,0.041140072,0.048392788,-0.03727431,-0.059441328,-0.038569633,-0.030822903,0.05869663,-0.060074143,0.005270072,-0.003849811,0.012398186,0.017767068,-0.039272025,-0.019516414,0.015330534,-0.003393413,0.043863986,0.049486782,-0.011578692,0.0027622036,-0.007250524,-0.05144098
0.071314864,0.043021932,0.04605781,0.057317387,0.045681152,0.051698666,0.038184583,0.07274457,0.014351096,0.056651086,0.06944552,0.055959083,0.052232604,0.06811453,0.04274471,0.05879658,0.02261637,0.035482723,0.07636421,0.05986789,0.05492112,0.070596784,0.0003647893,0.0042342623,-0.055246457,0.039905474,0.051072843,0.060740065,0.036404155,0.059832957,0.064465806,0.028021567,0.045157123,0.06615752,0.05108106,0.049033243,0.05396328,0.071021944,0.026405856,0.05314758,0.052027427,0.042025127,0.04854072,0.065784924
-0.055876512,0.067168884,0.058490664,-0.047110524,0.033393025,0.04317195,-0.073384784,0.025822178,-0.019476054,0.02370483,-0.027122848,0.06794839,0.06013435,0.04482297,0.056539245,-0.018883485,-0.06369744,-0.057218295,0.010496284,-0.010579112,-0.01587667,-0.062441874,0.036226615,0.050513756,-0.02373513,-0.05995672,0.006393344,-0.00047556823,-0.045478694,-0.05494287,-0.0655697,-0.05104647,-0.0751678,-0.024217775,-0.009593706,-0.02573359,-0.06392423,-0.064774424,-0.06843196,0.038396478,0.057277426,-0.043294735,-0.050964803,-0.048888978
0.03578575,0.015932817,0.0038430903,0.069180965,0.034823176,0.052346505,0.05977039,0.0023364462,0.025167651,0.0090197995,0.04958208,0.061602127,0.06402254,-0.0030702862,0.041988738,-0.019269736,0.036888026,0.025255185,0.029460425,-0.002336773,0.047413707,0.04271146,0.019913433,-0.034592137,0.050554853,0.042662892,0.023450565,0.049757022,0.047913104,0.02748323,0.041179877,-0.015967611,-0.0023147047,0.011131939,0.054320723,0.056792248,-0.025702683,0.045483854,0.064229466,0.044374783,0.05072694,0.024456203,0.018020147,0.020578546
-0.030461198,-0.050906636,-0.0061919275,-0.047906,-0.035916537,-0.07313994,-0.041710187,-0.025848819,-0.009696733,-0.021352427,-0.059099194,-0.06130192,-0.044504784,-0.035177458,-0.019337341,-0.026662689,-0.052631278,0.007511627,-0.0278616,-0.0070721223,-0.0009877882,-0.06881173,-0.043521807,-0.020501567,-0.0074501233,-0.034903277,-0.0779458,-0.012102086,0.03321562,-0.01665443,-0.050018404,-0.06904357,-0.04779118,-0.062008597,-0.052038636,0.011343775,-0.009980873,-0.03159871,-0.050525635,-0.010448644,-0.03626432,-0.0037270847,-0.05115358,0.017779997
-0.031105936,0.03188617,0.056547735,-0.027776603,-0.054952953,-0.07648181,-0.012587137,0.01895069,-0.06921038,-0.011020935,0.029683156,-0.0141736735,-0.082716525,0.014160305,-0.06580216,-0.07692944,-0.019382594,-0.057842866,0.028102199,0.046175785,0.041598734,-0.0787856,-0.06319965,-0.026374403,-0.022955088,-0.0654554,-0.030361017,-0.06726071,0.016050916,-0.053071663,-0.019378427,0.025880579,0.06191602,-0.032979324,-0.016288748,0.0013256044,-0.003535666,-0.061867096,0.04374845,-0.039083723,-0.022944728,-0.0022337795,-0.014120629,0.016120063
0.072062984,0.040951826,-0.05188574,0.07454959,-0.029033171,-0.016851202,0.0322197,0.04248932,0.036588043,0.07765122,-0.03802395,-0.020114893,-0.007820713,0.050694104,0.07434995,0.059632365,0.05555519,0.05651027,0.07035571,0.030867556,-0.048046596,0.03277312,0.002015442,0.059598684,0.022448411,-0.035177305,0.06968049,0.043495018,-0.011024862,0.012354713,0.02697449,0.058945425,-0.013681764,0.07489804,0.027984032,0.008931332,0.023784304,0.056974936,-0.0358216,0.06670543,0.059405457,0.0804703,-0.00046015656,0.042777695
0.067637846,0.021648632,0.07480575,0.051273275,0.034392484,-0.02262029,0.074538335,0.07656924,-0.025425758,0.016182354,0.06502661,0.061324824,0.007442603,-0.035832636,-0.0050024744,0.04400713,-0.007784123,0.06725398,0.009882088,0.07782185,0.03951104,0.0579183,0.070520274,-0.030441811,0.050845124,0.07371854,0.07483538,0.07453002,0.07550958,0.03925747,0.06831034,0.06491222,0.062614955,0.060199957,0.05276683,0.065714486,0.03252428,0.0251131,0.04576836,0.07377813,0.028082602,0.053745463,0.06848973,0.081578866
-0.05419823,-0.043915935,-0.07003128,0.019653277,-0.012213174,-0.041437425,-0.031564016,-0.079589814,0.010176842,-0.06245282,-0.0070140227,-0.07284978,-0.028390007,-0.07503485,0.017625108,-0.054110695,0.011391247,-0.04991707,-0.029162442,-0.079835124,-0.06327303,-0.07807842,-0.06661177,-0.060056984,-0.008940307,-0.027449062,-0.0076794783,-0.050061423,-0.06544491,-0.040173534,-0.020021778,-0.030503804,-0.051539212,-0.043021742,-0.07218349,-0.071673706,-0.058058422,-0.07917011,-0.051748116,-0.055627603,-0.06584093,-0.066418186,0.006573908,-0.06667838
-0.005421071,-9.45614e-06,-0.018663136,-0.001872333,0.046521105,0.011115779,0.027449252,0.07765513,0.00772628,0.047320783,0.03988383,0.038822316,0.01213486,-0.016646191,-0.0021902078,0.06377586,0.04430453,-0.0071308613,0.027213935,0.037047084,0.007308652,0.06092462,0.031667497,-0.028408863,0.014465402,-0.007557757,0.04091774,0.028460769,0.05087689,-0.026951654,-0.015436276,0.0017544266,0.04140964,0.024273336,0.02896695,0.0070584035,0.019514939,-0.031466715,0.016773978,0.0143712405,0.048562657,-0.034785558,-0.01972671,-0.05472583
-0.0696227,-0.048333995,0.07364874,0.03348496,0.0742191,-0.062281765,-0.06758837,0.012075581,0.03922176,0.032221183,-0.046396576,-0.016033567,0.04796439,0.050828636,0.01824405,0.015925752,-0.0022721048,0.022607297,-0.04714208,-0.010276964,-0.026401104,-0.083923906,0.043559708,-0.075615056,-0.0714619,0.030979542,0.026355973,-0.018894425,0.05957531,0.057533547,-0.06390861,-0.0777757,0.059380323,-0.0062367967,-0.02219491,0.045244932,-0.05130712,-0.027488973,-0.08002952,0.05391014,-0.04946234,0.03066073,-0.047679145,-0.006449295
-0.022422472,0.07154444,-0.017254347,0.021155288,0.02177243,-0.038816024,0.008870645,0.0029362892,0.025647724,0.008705113,-0.0016025349,0.028690506,-0.050227307,-0.036841482,-0.068946175,-0.026912218,-0.006514906,0.0082464265,0.048188757,0.009535054,-0.042666886,0.022899695,0.01680182,-0.034624003,-0.05121155,-0.055234484,-0.02542707,0.009209795,0.05483555,-0.044812642,-0.026436767,0.023930803,0.0048513366,-0.06366705,-0.007940422,0.04666842,0.03278558,-0.05805586,-0.024432741,-0.0038859297,-0.012397217,0.053207178,0.040741876,-0.006727137
0.032870077,0.064255334,0.010809399,0.050078988,-0.07564909,0.015330131,0.072742976,0.031892497,-0.05583765,0.01674057,0.0010462563,0.045318283,-0.0071799955,-0.03605726,-0.07071273,0.018687421,-0.017299866,0.035546936,0.009982413,0.018373383,0.06594311,0.026198346,0.0015518547,0.024805078,-0.019149207,0.05290657,0.018714422,0.031026714,-0.0066766385,0.0676765,-0.048818395,0.048095647,-0.021061888,0.032091808,0.026779115,-0.0032369674,0.0032772429,0.044626415,0.04188574,-0.016753713,0.016248621,-0.030076563,0.0677832,0.04309108
0.015415979,-0.016800553,-0.012453089,0.06232644,-0.02547285,-0.0019662818,-0.0021224723,-0.025167782,0.022392722,-0.08041834,-0.066131495,-0.019934539,-0.053563315,0.0019155757,-0.031791475,-0.01652163,0.030428145,-0.015840271,-0.029785458,-0.022739137,0.00036297878,0.024863455,-0.00060596055,-0.007454794,-0.05771888,0.033004828,-0.0628603,0.04371393,0.08233838,0.03275847,0.041644923,-0.036329515,0.025237188,-0.03755355,0.0554974,-0.049071264,-0.052363668,-0.023214526,-0.06000822,0.01580132,-0.01393967,-0.037270904,0.037045293,-0.044654492
-0.052097064,-0.025897799,0.07254761,0.007867928,0.05195927,0.00605033,0.041854028,0.028640283,-0.047389444,0.0385994,-0.019940492,-0.038155515,0.07963364,0.05384224,-0.049096476,-0.063172966,-0.02931588,0.038030144,0.04952019,0.03156799,0.06560626,0.044510935,0.0036304556,-0.05084426,-0.0793982,-0.034687143,0.047311235,0.060940973,-0.013229573,0.07670934,-0.01575077,0.034109935,0.07364055,-0.036798555,0.041062504,-0.027527291,0.06854671,0.016056722,-0.004037751,0.045432393,-0.019992877,0.026258016,-0.024992038,-0.019932088
0.0719614,0.05018701,-0.040100314,0.022106558,-0.0017593595,-0.0047381492,0.08319941,0.005985361,0.039167047,-0.051138252,0.012927883,0.023277853,0.0004494567,0.026494011,-0.00158235,0.014743495,0.048687354,-0.03945359,-0.013513551,0.00629893,0.066685975,0.046090547,0.07573072,-0.006888606,0.042368673,0.005664742,0.05801458,-0.041945994,0.03468669,-0.0017195151,0.022261763,0.06492339,0.020297555,0.06673526,0.0031294094,0.020004274,-0.0033193657,0.061186496,0.03776439,6.520975e-05,0.023692684,-0.0089259595,0.053820312,0.017147321
-0.0038999745,-0.04608817,0.041859407,-0.07357566,0.053054005,-0.012640115,0.020494403,-0.027640684,-0.052314296,-0.021439856,0.011177246,-0.045485158,-0.056277424,-0.023921201,-0.03350026,0.0072256885,-0.035642557,-0.06417935,0.018502474,-0.01699116,0.02546884,0.026249163,0.027387615,-0.069408454,-0.076875046,0.038953602,0.012489761,-0.060469314,-0.06533069,-0.0062924437,0.032533716,-0.008151589,0.041806202,0.012494082,-0.007009581,-0.022810271,0.055681806,-0.032576963,0.06775788,0.033352565,0.010762896,0.037441123,0.048746027,-0.027824352
0.031785514,-0.031304326,0.0067506004,0.026743134,0.027179008,0.018768666,0.034192756,-0.034381952,-0.0016455719,-0.05535039,-0.010992575,0.0004830323,0.059188344,0.025301281,-0.0025439197,-0.034779117,0.043659046,-0.014242653,-0.004632453,-0.032507565,-0.051196687,0.053444054,-0.019994678,-0.040419493,0.03426721,-0.00244163,-0.049319386,0.0014414438,-0.02346275,0.021355668,-0.021317305,-0.07763727,0.015714863,-0.07551077,-0.048015874,0.0032494063,-0.05287939,-0.0075220806,0.0076177013,-0.0185228,-0.014118984,-0.037080724,0.00740152,-0.07021829
0.051562812,-0.06615442,-0.019549904,0.07958777,0.07474665,-0.012339926,0.07685014,0.07682912,0.073573865,0.08685276,0.08672404,0.06568385,0.075457804,0.07741255,-0.026209904,-0.015733521,0.076911025,0.0670127,0.07500261,0.059604067,0.08439029,0.07142011,-0.07750721,0.040884804,0.042642113,0.012068934,0.08769763,0.08228582,0.061295982,-0.045384206,0.011543313,0.05459171,0.053559203,0.090161026,0.08149074,0.08139969,0.014353763,0.09080365,0.08289956,0.07805818,0.082971975,0.081446394,-0.01768356,-0.0011610064
0.04965724,0.055788025,0.034133848,0.0027680255,0.017518185,0.010801822,0.018507633,0.008192132,0.07071091,-0.00970084,0.003097035,-0.002122934,0.0020572725,-0.02673791,0.0038150833,0.064442135,0.0094763255,-0.028434433,0.0038891383,0.03579177,0.05532071,0.016476147,0.02122292,0.068172,-0.020373948,0.06701699,0.011258649,0.04837353,0.079831734,0.010759113,0.05343751,0.03408379,0.037334096,0.045623682,0.055380344,0.020149175,0.036343157,0.072062716,0.025621666,0.027606467,-0.0058937143,-0.028116493,0.0018906291,0.062295843
-0.07526197,-0.07073214,-0.07289412,-0.07753065,-0.075774014,-0.06353864,-0.06947891,-0.06823841,-0.07505825,-0.07414762,-0.07533785,-0.073520124,-0.07441361,-0.07270117,-0.059164107,-0.077563375,-0.04536349,-0.07056667,-0.07810891,-0.07859954,-0.07528254,-0.06923282,-0.06732497,0.0033164062,0.052869562,-0.058991306,-0.073477075,-0.07847579,-0.07571244,-0.079181574,-0.07836976,-0.054841086,-0.07526001,-0.0760173,-0.07884557,-0.07602453,-0.07350486,-0.07139044,-0.06659372,-0.071402736,-0.07947691,-0.060310945,-0.06589183,-0.08272904
-0.06873105,-0.050593626,-0.056475867,-0.07585385,-0.032684296,0.012712498,0.015426341,0.0434894,0.049704403,0.002879243,-0.03166228,-0.0545734,-0.06997604,-0.01777935,0.0005566648,-0.078032345,-0.023465587,-0.0273222,0.07248169,0.023218302,0.07328532,0.021889796,0.007051006,-0.0729235,-0.034569092,0.05647679,-0.032554846,0.023935266,0.007959354,-0.04614501,-0.06647926,-0.07693192,0.027071293,-0.0051537002,-0.0800376,-0.011017073,-0.07034568,-0.0028347916,-0.062193397,-0.0030464483,-0.07305348,0.011493857,0.00033507636,-0.029186081
-0.033146076,-0.008246728,-0.041861914,-0.003734764,-0.058359433,-0.07099604,-0.0072400183,-0.03387656,-0.06036599,-0.064211376,0.024488673,-0.008430172,-0.003164042,-0.062001374,-0.070502214,-0.0630729,-0.01573373,-0.0658202,0.025256293,-0.027482178,-0.051038586,-0.037477847,0.045672826,-0.021907603,0.006508078,-0.03816316,-0.018774882,-0.02149337,-0.05425602,-0.02739668,-0.025228286,-0.04785536,-0.025597647,-0.06366406,-0.006519451,-0.036634248,0.003035768,0.002408479,0.02020666,-0.0140967285,-0.017399471,-0.059330378,-0.035793453,-0.052559257
0.065590076,-0.024102831,-0.0020217423,0.0063459203,-0.025652984,-0.032144297,0.05294993,-0.015807746,-0.027723227,0.039815545,-0.025972147,-0.0073329085,0.040937204,-0.032681484,-0.019155964,-0.029772477,0.036272325,-0.0022503969,-0.06035941,0.013415861,0.031220954,0.045159347,-0.00850757,-0.069491915,0.03221808,0.030453227,-0.021967584,-0.003745369,0.04217306,0.04172463,0.04933889,-0.025453256,-0.05509338,-0.06219058,-0.05480724,0.036825057,-0.06757597,0.05288764,0.05739918,-0.036843166,-0.003677318,0.02330036,-0.008478097,-0.01675098
-0.047090903,-0.041517105,-0.044272188,-0.06440265,0.014788434,-0.011527698,-0.08119906,-0.044453755,-0.0133008715,-0.06534795,-0.05962549,-0.017860577,-0.05608285,0.014389116,-0.02633211,-0.06833758,-0.031471845,-0.006934164,-0.06137064,-0.03819401,-0.06302277,-0.06633113,-0.034548678,-0.010642683,0.046641544,-0.04334545,-0.08496398,-0.053005982,-0.0457838,-0.047455117,-0.04042133,-0.03366959,0.012603725,-0.03136798,-0.041096695,0.0076959813,-0.0666841,-0.0700579,-0.0059140045,-0.022171333,-0.06816462,-0.05403036,-0.008481476,-0.06681284
0.06417227,-0.07446866,0.016385986,0.07416131,-0.031276945,0.039821144,0.03128889,0.037694976,0.055941142,0.0032246218,0.017065724,0.06748224,0.06378611,0.021520691,0.035660353,-0.017049458,0.07715197,0.060716633,0.0130593665,0.008845502,0.058284618,0.050794438,0.04175785,0.06614981,0.05001726,-0.04714897,0.05344887,0.06473745,0.05966624,0.07694758,0.04336531,-0.024552025,0.0017352415,0.04152868,-0.023990536,0.07423792,-0.010423629,0.07481684,-0.015806714,-0.07173676,0.057201385,0.020991946,0.054219212,0.06918115
0.037655555,0.05777269,0.022280771,-0.027031243,0.012477641,0.031805318,0.014339269,0.036030572,-0.025041867,0.03285474,-0.0056457543,-0.004295869,0.0008145283,0.037729345,0.018771432,0.030358447,-0.03826225,-0.006304906,-0.011920886,0.029248318,0.020153271,0.028112112,0.027615936,0.047314066,-0.010668241,0.058629535,0.061218854,0.022670323,0.01508994,0.042610053,0.05198611,0.04179184,-0.064203344,0.009110564,0.06109268,-0.009365955,0.054551907,0.0022839024,-0.074197076,0.026894553,-0.0028208701,-0.01658242,-0.04323592,0.024441246
0.062273633,0.044094544,0.049555935,-0.0010185385,0.00024555792,-0.061691973,-0.009228811,-0.03532917,-0.062172864,0.068137504,0.051686626,0.042345982,-0.03711669,-0.006639982,-0.065079466,0.058496024,0.013616288,-0.03615524,0.048892047,0.08243579,-0.021979304,-0.031246815,-0.028117564,0.04219982,-0.05336355,-0.019441362,0.03143813,-0.01748828,-0.07158718,0.01255897,-0.013413861,0.084940486,0.0014093062,0.026384616,-0.032946073,0.0070467987,-0.039265674,0.0050614118,0.06346338,-0.017984971,0.020839239,-0.039283175,-0.024829725,-0.0072550788
0.025178816,0.056200612,-0.050960284,-0.045386307,0.012733592,-0.03161666,0.017477855,0.043061197,-0.06469146,-0.018922133,0.00028368732,-0.000318264,-0.0386472,-0.012749702,-0.021118924,0.021293571,-0.032705445,0.0068496666,0.0408292,-0.01303178,-0.070732996,0.0021316987,0.03634786,-0.013812402,0.015111411,0.025488485,0.008769778,0.06839458,-0.017898181,0.019963631,-0.06020947,0.000712847,-0.00609415,0.0036337192,0.038561005,0.0064916015,0.003971222,-0.042523853,-0.02826061,0.05025926,-0.0075310455,0.046301916,-0.019065654,-0.037275698
-0.021150246,0.05332657,0.012652205,0.03249498,0.014356894,-0.042055737,0.028059846,0.03568018,-0.0048721475,-0.032939468,0.009438598,-0.019385336,-0.03674433,0.011167974,0.02495408,-0.0074993167,0.04353723,0.04112443,0.0041093277,0.0010741627,0.022942983,0.02437776,0.03761943,-0.039394964,0.0044950237,-0.06454454,0.009143239,0.009295843,0.0687665,-0.030557798,-0.018312482,-0.05918628,0.06225562,-0.0066933013,0.061362714,-0.015300811,-0.017587319,-0.02939296,0.015353603,-0.02792762,-0.03760726,0.05854423,0.04262619,0.027957283
0.04608807,0.061477613,0.03885053,-0.0052107,0.052079614,0.04046938,0.04158095,0.040870674,0.008565138,0.027345147,0.055169456,0.05802572,0.024821565,0.042451486,0.061512195,0.0033106855,0.00054910535,0.03519616,0.057068292,0.0048397775,0.0001103001,-0.0070345392,0.01223632,-0.048632324,0.0032586616,-0.0044061756,0.01791036,0.008349932,0.04807169,0.0137740625,-0.05753442,-0.03200992,0.04811488,0.0034060904,0.06996284,0.007310026,0.034624487,0.0049528894,0.054938275,0.029442618,0.05070633,0.021720352,0.05900753,0.030353744
0.047315985,0.06631368,0.076635145,0.03585474,0.07196466,-0.048798073,-0.045272574,0.032492485,0.05736738,0.069286555,0.071417704,-0.042069748,0.0016287229,0.06525799,0.08882749,-0.068303235,-0.0476974,0.06371772,0.085152544,0.028273286,0.02945335,0.03924417,-0.05443977,0.05066242,0.044281114,0.05948289,0.086453356,0.01335549,-0.004975339,0.021430427,0.050720036,0.058887254,0.024675306,0.016076345,0.04689786,0.07145994,0.06513566,0.080214806,0.05948156,0.06740767,0.08867236,0.0207224,0.0392844,-0.07100842
0.047936697,-0.029083874,0.016759975,-0.019137558,-0.05859434,-0.06718755,-0.0037482316,-0.045261048,-0.051028386,-0.020848276,0.042307675,0.071322195,0.023469204,0.019672528,-0.04042498,-0.028510794,-0.017616509,-0.02763972,0.0522006,0.0072707776,-0.025883846,-0.0025210718,0.05736289,0.057661884,0.050435495,0.07149752,0.00878443,-0.08016248,0.06517297,-0.07620887,-0.035266466,-0.06353032,0.028130032,-0.019634832,-0.042150386,0.07471744,-0.06924736,-0.041733757,-0.022800239,-0.048361212,-0.0048074177,-0.016728485,-0.07519465,-0.02706607
0.011707867,0.026693253,-0.037349906,-0.01564866,-0.064600766,0.006790727,0.056944214,-0.015287666,-0.027990362,-0.014045004,-0.032373186,-0.04739228,-0.033253524,0.007928844,-0.028382814,-0.057648845,0.013552402,-0.03493262,0.06971262,-0.06722194,-0.015025621,0.029924877,0.005142848,-0.012606305,0.0041372865,-0.052464243,-0.061810914,-0.023247888,-0.01065165,-0.038164645,0.0073252446,-0.009389153,-0.034086984,-0.055959158,-0.013772369,-0.0011223862,0.079512656,0.043796774,-0.008665345,-0.06137424,0.012699631,-0.011977238,-0.012114214,-0.01188796
0.038219087,-0.050566748,-0.0107549215,-0.0492975,-0.06323693,-0.02640212,-0.03866122,-0.04419283,-0.021880914,-0.036451597,-0.062479958,-0.017220378,-0.042785577,-0.05835723,-0.050451122,-0.043306656,0.01415364,-0.0378081,-0.06373053,-0.0009440371,-0.036753424,0.0031694844,-0.032052834,0.0023050713,-0.0051605133,-0.036675613,-0.0118839685,-0.057987772,-0.064793006,-0.0123428395,0.012191809,-0.048487812,-0.05893999,0.009071285,-0.075451255,-0.040158585,-0.06181598,-0.015136339,-0.07191852,-0.031481363,-0.033592988,0.019266503,-0.02616815,-0.061964765
-0.03649093,0.009799789,-0.06438044,-0.06516491,-0.04140617,-0.07335937,-0.057625055,-0.06831644,-0.030411374,-0.07714079,-0.08520141,-0.06820399,-0.08316904,-0.072238296,-0.08114727,-0.026406761,-0.037443664,-0.048224937,-0.07781304,-0.033896223,0.013437004,-0.06518795,-0.034768786,-0.044194173,-0.008221642,-0.05354408,-0.08718551,-0.07710049,-0.024314493,-0.06516525,-0.0405612,-0.066735834,-0.02654991,-0.07673099,-0.058772102,-0.019348161,-0.07195138,-0.07981075,-0.07880308,-0.026184337,-0.072065994,-0.014959363,-0.03442535,-0.06906119
0.02955352,0.023361675,0.012547344,-0.01466991,-0.006718459,0.031800773,0.005028355,-0.023031408,-0.006836136,-0.028094962,0.02893482,0.0032387185,-0.030454384,-0.0086,-0.041022815,-0.035939388,0.0010024809,0.040068068,0.018276792,0.008384477,0.029353729,0.011083879,0.04851107,0.0010718908,0.03091963,0.019862501,0.05808884,-0.04005126,0.034248192,0.047039345,0.019504014,0.055412903,-0.0035104884,-0.048534214,0.019082753,-0.0014364942,0.040103246,0.0070439633,0.06045667,-0.0010306211,0.02258855,0.031288,0.024237802,-0.001277715
-0.00030936615,0.012848053,-0.04054232,0.028905818,-0.019659534,0.013763655,0.023406586,0.043407544,0.01014459,-0.018104225,-0.042584166,-0.022280743,-0.009499171,0.01514326,0.025315383,0.03446764,0.041754425,-0.020838294,0.02123179,0.018120864,0.030229026,0.0043396647,0.041252468,0.008475654,0.0068312907,-0.0295556,0.017486049,0.021544065,0.05910516,-0.00012434897,0.044171218,0.05473273,0.034567043,0.008522072,0.01996961,0.022343544,0.029519776,0.017567217,-0.033765603,0.0096389605,0.023489593,0.008019305,-0.031523366,0.026088608
0.050645664,0.062388595,0.056749143,0.0066845524,-0.06768241,0.054183908,-0.025116941,0.0635052,0.034995828,0.056446336,0.03396619,0.07783303,0.009133093,0.051640008,-0.012769504,0.0002371002,-0.0144164665,0.053742338,0.029304156,0.08493985,0.055516977,0.032416895,0.07719871,-0.035317533,0.060007665,0.06377801,0.0001241515,0.071006335,0.087566,0.03452607,0.058757853,0.042743463,0.06900006,0.084739074,0.027549755,0.050684422,-0.0054509435,0.080844775,-0.01230169,0.008103103,0.072582394,-0.047948316,0.060852032,0.03973746
-0.041780204,-0.04781885,-0.05522305,0.008669394,-0.03494894,0.031692702,-0.040162947,-0.03704483,-0.0026502623,-0.026870294,-0.04672242,0.026508937,-0.006773013,-0.014694987,-0.054626793,-0.05693792,-0.030519249,-0.036869146,-0.059506968,-0.019035459,-0.01942261,-0.029113704,0.005989289,-0.058413208,-0.014498341,-0.06484522,-0.062171135,-0.0601059,-0.03777419,-0.05039189,-0.056853134,-0.07381077,-0.07460708,-0.04387409,-0.06655181,-0.07053316,-0.070496,-0.027884506,-0.062276684,-0.023509966,-0.043582924,-0.028854158,-0.04523783,-0.058657106
0.057467453,-0.032433636,-0.06282826,-0.047313508,-0.055575814,-0.055661287,-0.06561013,-0.010552985,-0.046508137,-0.045043465,-0.050825015,-0.052884653,-0.00049337203,-0.04364914,0.007818617,-0.07361215,-0.04665828,-0.033461183,-0.046189692,-0.018135577,-0.065530285,-0.052431792,-0.04619264,0.06424626,-0.016494932,-0.028322175,-0.041744184,-0.024041384,0.004515384,-0.07735218,0.0006675783,-0.06042729,-0.05233769,-0.056279708,-0.068235785,-0.047796197,-0.06254733,-0.016012408,-0.036590673,-0.046590436,-0.027824016,-0.04745641,-0.0663458,-0.073318504
0.06581151,-0.035229437,0.07467202,-0.036855757,-0.027034685,0.055337653,-0.01799727,0.03408294,-0.03468068,0.01104272,0.048623685,0.05564219,-0.029411022,0.002113741,0.022006715,-0.034537006,-0.052173514,-0.031680327,-0.029801685,-0.005964224,0.058851723,-0.02407162,0.06837847,-0.014872537,-0.010455379,0.06653338,-0.04788737,0.024230622,-0.05291003,-0.040893752,-0.034990918,-0.010378757,0.030739632,-0.048623025,-0.033037096,0.022835223,0.01792167,-0.008154233,0.07015803,-0.055680994,0.02057028,-0.012134282,0.065358356,0.0049019074
-0.029123526,0.044698898,0.05258188,0.03309079,0.07129037,-0.037438974,0.011900519,-0.025884846,0.015888197,0.061186664,0.02312716,0.027228484,0.04363566,0.07456043,0.07758825,-0.027322227,0.07107821,0.052231565,0.08312036,-0.025220225,0.019383803,-0.04495055,0.02874405,-0.0020425296,-0.0483272,-0.055769254,0.06569161,0.035521947,0.046979435,-0.03728612,-0.019956056,-0.04909955,0.05988663,0.029952573,-0.046259444,0.055339634,-0.019437518,0.016575871,-0.028195819,0.06000205,0.04976035,0.020106837,0.07858426,-0.038495693
-0.036072426,0.072008744,-0.03871859,-0.038237985,0.07040528,-0.024618927,-0.030484052,-0.056649394,0.018821305,-0.046852876,0.026488094,0.030711813,-0.028955547,-0.047634475,0.06320461,0.086176045,0.050664622,0.06229299,-0.048375364,-0.037226994,-0.056901008,-0.0141983405,0.024690928,0.058769964,0.09132561,-0.025667943,0.037731808,0.011629661,-0.0046073813,-0.03422195,-0.07799141,0.07420584,-0.021828163,0.009010632,-0.030265667,-0.056279745,0.025600156,-0.041210763,-0.02802113,-0.049718875,0.0032126904,0.06225549,-0.078036584,-0.046712037
0.01466386,-0.037952382,0.057127263,0.012604465,0.06675574,-0.022612708,-0.027801016,0.02924012,-0.0029940207,0.03705359,0.08569453,0.06636497,0.08526714,0.06796393,-0.04441438,0.028349247,-0.014892084,-0.06521968,0.06869496,-0.006504274,-0.040794935,-0.0064219213,0.045056373,0.062683344,-0.0018373696,0.0018668476,0.053847414,-0.024882892,-0.0027472004,-0.012420642,-0.0514484,0.007262863,0.0528362,0.006391259,0.0074950764,0.055740565,0.030868758,-0.01871303,0.06303269,-0.035436854,0.057252135,-0.047486566,-0.009653152,-0.042503126
-0.0077179554,-0.071970046,-0.025084775,-0.047638334,0.041918408,-0.060711935,-0.055269796,-0.005192732,-0.041481826,0.023949988,-0.025500188,0.0013435972,0.040218323,-0.055247016,0.028690089,0.015936121,-0.034190137,-0.043475714,0.0075147036,-0.048183378,-0.008680286,-0.040652156,-0.057098344,0.05783152,-0.025409313,0.03208287,0.0071893414,0.025821196,-0.03581255,0.045989905,-0.047117256,-0.051217765,0.011070672,0.006816803,0.00011515238,-0.04202466,-0.007682142,-0.012754423,-0.027510911,0.034352887,-0.020384038,-0.04802338,-0.06475826,0.006318353
0.05851429,0.065589085,-0.02052491,-0.051746476,0.067498624,-0.027479263,-0.025239885,0.070637524,0.041646153,-0.0085587185,-0.021651788,0.05906789,0.030999267,-0.025612568,-0.015224264,0.032198206,-0.017564267,0.04810765,0.023711346,0.014682158,-0.027634878,0.066558376,0.05675681,0.0052893204,-0.06866085,0.007700346,-0.040868465,0.058184188,-0.045914352,0.024022983,0.028905228,-0.009369402,0.0012196992,-0.029819781,0.07214629,-0.0548113,0.017626345,-0.054439634,-0.01339131,0.057668276,-0.047603708,0.07351545,0.026783029,-0.031545196
-0.016429514,0.068821825,-0.0009798215,-0.040315956,0.0117001925,0.028863518,-0.035076864,-0.0131759,-0.02130688,0.04435145,0.028166672,0.009067089,-0.032375857,-0.014429283,-0.040555105,0.029749647,0.013709824,-0.008805205,0.05037516,0.00021554476,0.017521089,-0.009000221,-0.01783703,0.023666987,0.0337173,0.004142345,0.07719468,-0.002919334,-0.037810136,0.006152465,0.009869948,0.08316795,-0.022090934,0.051468983,-0.07279306,0.034435313,0.004771345,0.055339485,0.021610493,-0.024657857,0.05667143,-0.0050126794,0.00076438254,-0.030386025
0.033725794,-0.0682237,-0.037853733,0.0033444443,-0.06874011,-0.06907049,-0.087117314,0.018406902,-0.067232095,-0.07498177,-0.032821435,-0.075396016,-0.056123644,0.06399101,0.03637016,-0.080808625,-0.057462998,-0.048918787,-0.066487685,0.0032660884,0.025484346,0.0036514704,-0.043335933,-0.035178076,-0.053174667,-0.08116553,-0.03702626,-0.03805507,-0.050497353,-0.048443995,-0.04550279,-0.06674265,-0.0039170627,-0.039562542,0.043800592,0.013947684,-0.022847524,0.01966098,-0.023416515,-0.008405089,-0.037260845,-0.050593447,-0.06211255,-0.018391011
0.0485331,0.04841412,-0.0039221887,0.049898542,-0.010963972,0.034607314,-0.07450367,0.045303047,0.0038889528,-0.012805275,0.028854372,0.05264717,0.002322279,0.060548972,0.047163438,-0.0120646395,0.034981187,-0.047847345,0.04412738,0.027076034,0.041473854,0.0026887557,0.031337395,-0.00028983472,-0.03970732,0.020696018,0.016339507,0.040683307,0.057694804,0.013658361,0.05365136,0.037975423,0.02553213,-0.044219743,0.0090156365,0.042640384,-0.014598766,0.058860198,0.023147618,-0.0593938,0.028129194,-0.05245994,0.008727285,0.026297672
-0.047561835,-0.018317614,-0.039703667,-0.053092744,0.014638844,-0.026245357,-0.027474126,-0.06417767,-0.0068657533,0.02730496,-0.023757651,0.012388656,-0.061139476,-0.005850412,0.0067269485,-0.037698347,-0.041971896,-0.012825369,-0.029199583,-0.06173146,-0.020610234,-0.020993212,-0.05677661,-0.04492571,-0.0027941293,-0.07760111,-0.052819677,-0.051419705,-0.07735097,-0.07377849,-0.005091716,-0.061624147,-0.06364639,-0.0460858,-0.002951792,0.034739695,-0.011775585,-0.03403133,-0.059743006,-0.025483279,-0.024880568,-0.0402995,-0.0493895,-0.00039332148
0.051344622,-0.048356075,-0.01175961,0.033514798,-0.04785045,0.002168219,0.06996852,-0.06478621,0.05389238,0.045956325,0.011660617,0.015664808,-0.053446256,-0.025026737,0.0015412814,-0.04215861,0.08331445,0.049447894,0.029312644,0.0107482495,0.032188855,0.008737991,0.051135413,-0.008226636,-0.008168705,0.05455867,0.02230891,0.02708732,-0.06712375,0.08116291,0.017091297,-0.032555502,-0.04663347,-0.0037634769,-0.05152971,0.049477935,0.014796728,0.037104696,-0.025489802,-0.052512847,0.031677593,0.042949628,0.014539939,0.016869178
-0.032057296,-0.010581461,0.016056169,0.049299616,-0.016178088,-0.05872138,0.017493544,0.05038873,0.010059775,0.03588352,-0.03572235,0.034262072,0.0072068353,-0.020893019,-0.01450888,-0.03406381,0.06972787,0.048115633,0.06038704,0.0051182793,-0.016615357,0.06687009,0.04604648,0.015424528,-0.01621627,0.0014132004,0.028149202,-0.009927233,0.046792503,0.04797772,0.020914204,-0.043584574,-0.01082361,0.011380463,0.042798266,0.038515035,-0.07970202,0.006710336,-0.07393558,0.062353425,0.04575567,0.035006065,-0.0440558,0.021361211
0.059041195,0.029707467,-0.0010095624,-0.007568128,-0.019945255,0.030112589,0.0002770781,-0.043344397,0.0063002524,0.04090959,-0.05916471,-0.018777646,0.05204276,0.04272208,0.057846107,-0.025414597,0.04177153,0.02520798,-0.011116217,-0.024180777,-0.026634201,-0.02618017,-0.024627574,-0.014342551,0.037242737,-0.040148083,-0.02465567,0.04097163,0.019444177,0.03435259,0.06276249,-0.039945558,-0.023934206,0.06458425,-0.055092856,0.026408054,-0.023267692,0.045299105,-0.02595851,-0.022040801,0.021578593,-0.03219622,-0.026983261,0.027278855
-0.01930855,-0.06769711,0.017790496,0.00896492,0.057364717,-0.021169228,-0.0012848884,0.010425866,0.06952719,-0.06320812,0.02605666,-0.047170285,0.0455389,-0.0024706188,-0.031166889,-0.023796298,-0.09143871,-0.01749371,-0.07558281,0.006251799,-0.0438769,0.055810075,0.00052416156,-0.01938664,-0.013059945,0.00526887,0.009838317,0.025619445,0.028020745,0.06388919,0.07767265,-0.002092296,-0.04396188,0.03265858,0.042490814,0.018449405,0.012428387,-0.022479212,0.0038238757,-0.032403424,-0.059016526,-0.039265644,0.05398033,0.015351733
-0.036248975,7.62693e-05,0.029394634,-0.08538597,-0.011441178,0.024122095,-0.05648704,-0.041881647,-0.050521955,0.025558798,0.00250004,0.040743127,-0.028118799,-0.04907478,0.03348871,0.07740168,-0.0871639,-0.03889711,-0.02297526,0.024337187,0.069063336,-0.027515138,0.058132876,0.026071167,-0.0073282635,-0.003994631,-0.012007592,-0.036950283,-0.079939276,-0.013645499,0.0009279279,-0.029553693,-0.042965226,0.013847536,-0.026391573,-0.0046303743,0.023800155,-0.027798405,0.037252884,0.023593787,-0.0766012,-0.024169445,-0.016195113,-0.0725875
0.04359653,0.075206324,0.050772134,0.025445977,0.039158244,0.06919672,0.017638005,-0.031177297,-0.021540597,-0.00027355665,-0.061957475,-0.031755175,0.04630235,0.077720284,0.037725337,0.028845066,-0.01434025,0.024652546,-0.010405617,0.01853699,0.016605921,0.0015639564,0.03369935,-0.016168758,0.059991006,-0.051828973,-0.013234764,0.04730548,-0.029538471,-0.009843041,0.05175125,0.017123865,-0.042797312,-0.06255728,0.01636995,-0.02420291,0.050898068,0.01850472,-0.014534007,0.010269118,-0.013602083,0.009474131,0.035483815,0.05941173
-0.0115710115,-0.013801642,-0.06359662,0.065378316,-0.010310364,-0.008048988,0.042166486,0.0378276,0.02178188,0.022385765,0.06772514,0.00479703,0.07669855,0.042105984,-8.1627564e-05,0.034375776,0.017755978,-0.032837573,0.044883166,0.07692142,0.05609301,0.054295916,0.030340124,0.06986138,-0.034099206,0.07512329,-0.034149706,0.07036181,0.016533975,0.013245435,0.004086883,-0.013927258,0.0489434,0.04032517,-0.008617619,0.035224304,-0.004529747,0.021844566,0.03753284,0.024293905,0.020882305,0.038924735,-0.0033473799,0.08176593
0.04034894,-0.010055111,0.011784607,0.08756865,0.006283835,-0.043966927,0.053833786,-0.056152795,-0.03757026,-0.030705625,-0.064650424,-0.031181777,-0.056642704,-0.06628543,-0.033793986,-0.04511493,0.085984215,-0.04369569,-0.053645086,-0.0716888,-0.03980881,-0.074709155,-0.057308108,-0.02150994,0.005371846,0.07787085,-0.07366232,0.062120985,0.056370378,0.0610259,0.016197119,-0.028308554,0.08220076,-0.079397485,-0.010679731,-0.04684031,0.035766993,-0.022257512,-0.043778908,-0.0772138,-0.012252237,-0.05569366,0.07786016,0.06373643
-0.018866252,0.07037359,0.026009597,0.0548119,-0.07313676,0.027452584,0.06373325,-0.068764694,0.010248658,-0.052711498,-0.07914594,-0.028917015,-0.026510967,-0.054941613,-0.004404236,0.035484653,0.042998035,-0.024003662,-0.04916908,-0.045459088,-0.05911753,0.056196798,-0.06377745,0.02273099,-0.029284544,-0.010916356,-0.07040718,-0.025222942,-0.012592263,-0.020333465,-0.01068793,0.052249834,-0.042913765,-0.014969227,-0.050021008,-0.018950248,-0.02924039,0.022067841,0.056825124,-0.03155634,-0.03425223,-0.045223873,-0.07707452,-0.038545094
-0.05447452,0.062590055,0.023671921,0.047578044,-0.061861023,-0.051424854,0.027252287,-0.065032765,-0.03153909,0.05154019,0.031705204,0.06349959,0.05194785,0.006627318,-0.07056585,-0.0114914775,-0.040289715,-0.056553192,0.037318077,0.04880189,0.056599945,-0.021140333,0.052158955,-0.0019846596,0.01424068,-0.07523093,0.020309707,0.026513303,-0.048080813,0.028366132,-0.060379617,0.017363211,0.04063467,0.043399088,0.06602328,0.08053912,0.071569666,0.07659769,0.06639321,-0.007934409,0.05548989,-0.070159644,-0.066024125,-0.00783888
0.02014471,-0.042867824,-0.02211432,-0.00495354,0.01980199,0.071889535,-0.0043399753,-0.04773134,0.0454272,0.039267275,-0.0066040237,0.023253206,0.029545553,0.037240658,-0.019000808,-0.02684155,0.01952396,0.044674672,-0.0341989,-0.05641003,0.036504928,0.071049206,0.02483387,0.00043423232,-0.01934507,0.00592922,0.0032951334,-0.079094455,-0.041310303,0.0028903254,-0.015713817,-0.008020694,-0.052989528,-0.059913814,0.031057775,-0.028053561,-0.03974017,0.07171304,0.038029145,-0.07567329,-0.041000072,-0.014127847,0.04665844,-0.05679176
-0.065905765,-0.059136696,-0.050734736,-0.05697185,0.033664364,0.007640766,-0.017843049,-0.04320971,-0.021142991,-0.023087803,-0.035234164,-0.030500548,0.012720206,-0.039226446,-0.002519984,0.011394251,0.0068634907,-0.0166682,0.008885121,-0.055537134,-0.06199833,-0.05830919,-0.023096927,0.017082583,-0.015351616,-0.007249793,-0.042119164,-0.04356881,-0.020704538,-0.03210878,-0.059574656,-0.05219882,-0.04106529,-0.03300947,-0.062409047,-0.046999045,-0.016933544,-0.029491715,-0.013038353,-0.025488773,0.014877155,-0.06810327,-0.021566914,-0.06968441
0.038332026,0.074509576,0.0685825,0.048195533,0.06390559,0.059579056,0.038004685,0.07428543,0.06963533,0.07876436,0.082017966,0.06883518,0.07565557,0.05882517,0.046462536,0.069499694,0.026782157,0.07167094,0.047867864,0.07689865,0.07559347,0.06841921,0.0695821,0.052060872,0.009667403,0.082747445,0.084245294,0.05233358,0.053937763,0.038210433,0.054158114,0.025364432,0.07538127,0.082155064,0.036866095,0.07152651,0.07050859,0.07096643,0.053139497,0.06617985,0.06588325,0.046900686,0.04003006,0.082395844
-0.006979297,-0.01223614,0.058509517,-0.0060774605,0.0033537196,-0.049132336,-0.047477175,-0.021113329,0.06863132,-0.046764895,-0.013395654,-0.020756982,-0.005308753,-0.04434471,-0.02230204,-0.038414296,0.08543826,-0.0040964605,-0.035878412,-0.047436737,0.05678321,0.029411865,-0.030724017,-0.0197658,-0.01244559,-0.016151065,-0.022720296,0.022376992,0.03177191,-0.04898408,-0.04019837,0.054416064,0.029265089,-0.031191686,0.01412037,0.028403876,-0.019626584,0.023745796,0.016017579,-0.04152043,-0.039076615,0.0022166145,-0.060012337,0.027712071
0.0060545006,0.05278171,0.07285787,0.023733377,-0.004780394,0.016634231,-0.01285544,-0.023009174,0.05973271,0.0386383,0.06481387,0.032580465,0.05678219,0.078359164,0.032766696,0.0598855,0.03684899,0.041322082,0.073718764,-0.04314965,-0.08224948,0.032516614,0.06372468,-0.0010742873,-0.013784615,0.050369438,0.06910831,-0.010061123,-0.0033385614,0.04801707,-0.058590572,0.054492824,0.06895923,-0.0010038444,-0.030870011,-0.047715236,0.06461419,-0.06570321,0.03823485,0.045685668,0.07632558,0.012065223,0.061968714,-0.04454578
-0.0695914,-0.0433501,-0.060933907,0.007865558,-0.020132773,-0.063030995,-0.016162055,0.04178014,-0.018696364,-0.0122793615,-0.0713239,-0.03784668,-0.04269287,-0.026818695,0.011310194,-0.038404655,-0.004584745,-0.031950932,-0.037283987,-0.017763251,0.0092517175,-0.0468353,-0.021371583,0.03738474,0.080259115,-0.065088004,-0.005034571,-0.0628825,-0.021907607,-0.026329212,0.015498094,-0.0671516,-0.06413648,0.03431374,-0.057145923,0.041049477,-0.03981514,-0.04553283,-0.068097524,0.046079785,-0.030569546,0.020481022,0.0042249714,0.04726412
0.032154303,-0.053223368,0.029255414,0.05038455,0.0028379993,0.009973311,-0.007331503,0.047187526,0.07251148,0.014367005,0.022651415,-0.03177944,0.017242642,-0.0028209276,0.00035258406,0.07208693,0.009899911,-0.017344411,-0.027589558,0.01679815,-0.03071347,0.0008685871,-0.065200664,-0.008792662,0.06974721,0.029204318,0.059410874,0.07127357,0.036800094,0.07977498,0.07159851,0.046142202,-0.004220498,0.002590656,-0.026140774,-0.013528475,0.024260027,-0.060452394,-0.026374074,0.05437845,-0.0027718707,0.028986938,0.08237534,0.048160713
0.01574506,0.022224862,-0.019685043,0.043674346,-0.04948258,0.0709622,-0.04271853,-0.0020982064,-0.014283044,-0.0815612,-0.003902097,0.0294723,0.03872816,-0.038740207,-0.027758356,-0.031566612,0.0012570103,-0.054098573,-0.026592853,-0.048150845,0.02385201,0.06315922,0.049563516,0.027146919,0.0034751366,-0.015309687,-0.032536604,-0.06377386,0.046941657,-0.024630563,-0.061471526,-0.0044076554,0.023347909,-0.058731105,-0.026403626,-0.023776442,-0.031420987,-0.03915763,-0.011606321,-0.04627437,-0.03835948,-0.06597079,0.00010303216,-0.05711584
0.07471496,-0.05898233,0.06996867,0.026810983,0.063386574,0.022798276,0.017018234,0.023176482,0.03760585,0.021537552,0.0009507541,0.0427948,0.031554822,0.08068556,0.060691256,0.04889297,0.033295456,0.07330794,0.03670526,0.04504111,0.07760173,0.06373421,0.07858354,0.0402503,-0.023578797,0.033857714,0.082846284,0.04728962,0.05565862,0.06634954,0.04701423,-0.00086595747,0.0806386,0.057349447,0.046308797,0.021643102,0.07732012,0.08233373,0.073669195,0.06273375,0.05081785,0.07616067,0.06877123,0.003302367
0.049398452,0.059011478,0.061601244,0.062084645,0.06668692,0.07804777,0.087139435,0.07471139,0.07177495,0.079522476,0.0838378,0.07818936,0.08171717,0.06928516,0.09535859,0.0844752,0.082451485,0.056269463,0.0705886,0.07486998,0.070914954,0.083862945,0.07822351,0.0864995,0.1425467,0.0762477,0.08268408,0.06795146,0.08142814,0.078697376,0.08725722,0.061279435,0.055542164,0.08235372,0.07225844,0.090081476,0.06969052,0.0811104,0.07922572,0.07498655,0.08327027,0.042653475,0.07005692,0.08169491
0.061375447,0.0068965363,0.039821424,0.0104460055,0.060167875,0.048008233,0.059787944,0.07017603,0.0027822854,0.03585577,0.06174026,0.02331034,0.018373169,0.044744056,0.09108875,0.034179438,0.05532481,-0.0010612902,0.071687445,0.037720714,0.04572726,0.060600653,0.054457907,0.030684272,0.08544945,0.055697273,0.0864125,0.038914863,0.03408239,0.040269505,0.05906174,0.050804757,0.053126425,0.040921308,0.058695648,0.039132047,0.07103761,0.0714704,0.049088597,0.023077926,0.06946851,-0.044472236,-0.053783055,0.010415951
0.052700404,0.033698093,-0.020935528,0.054581944,0.02705276,0.0008900076,0.03374897,-0.0016554384,0.0007523406,0.025181482,0.05159911,0.0081145475,0.009476578,0.036356047,-0.015137549,0.048291765,0.03401143,0.022913018,0.0074611,-0.028115278,0.010672038,0.00926368,0.052162245,0.07529776,-0.052463982,0.04015798,0.054334927,-0.03283313,0.04094244,-0.0097646965,0.041705232,-0.025770783,-0.06006528,-0.0055615446,-0.0048173023,0.05663648,0.047433555,0.029410256,0.0126109775,-0.048454087,0.045716267,0.041546267,-0.008800341,-0.027382752
-0.045727447,0.05232845,0.036820758,0.012553682,0.023481365,0.032689586,0.031160632,0.06404467,0.033512887,0.029856954,0.034401607,0.055797163,0.0120803015,0.038856544,-0.0140864905,0.031041652,-0.0031909298,0.022197936,0.05575724,0.028184077,0.037541706,-0.0014723855,0.00781934,0.03232313,0.0668557,0.024365751,0.0031840922,0.0030322631,0.028133921,0.008322317,0.036448076,0.026589194,0.052261688,0.06562946,0.000994897,-0.0116912,0.066326536,-0.020608902,0.0017143686,-0.012801806,-0.016693754,-0.031343147,-0.011523827,0.057382297
0.07207251,0.04093979,0.075568646,0.03766213,0.07774235,0.056982037,0.06302088,0.047623202,0.058043756,0.06638433,0.051824752,0.05703954,0.05407112,0.076589294,0.040297654,0.044467166,0.049972184,0.07246946,0.06733302,0.06549784,0.07020857,0.068033025,0.044843946,0.063571975,0.03887279,0.077114224,0.015149807,0.07203282,0.056213498,0.08021541,0.06753191,0.040746782,0.049727343,0.038440887,0.061265413,0.06832228,0.03517194,0.06876404,0.05399618,0.061419196,0.03472059,0.06387784,0.054068584,0.063527554
0.019547345,-0.07375433,-0.073691435,-0.03355912,0.051908333,-0.0793825,0.02427815,-0.025412578,-0.0052939653,-0.027199715,0.06361424,-0.08403416,-0.00018456462,0.069942296,0.05992781,-0.051696528,-0.048306137,-0.017027425,-0.017558804,-0.079304434,0.029646114,-0.071913235,-0.07351109,0.023449313,0.06094801,-0.07102236,0.023307111,-0.07631529,-0.07016352,-0.07197745,0.058228023,0.032873265,-0.07221377,0.040312033,-0.001788523,-0.04268402,-0.009396585,0.004108794,0.07996251,-0.03047298,-0.079861104,0.013833126,-0.083735555,-0.004735107
-0.066625774,-0.02655998,0.013821366,-0.014387249,0.00076208636,0.034923963,0.007518201,0.024286613,-0.0032977005,-0.023826428,-0.03838846,-0.017989922,-0.00014242962,0.015006755,-0.02511393,-0.027086556,-0.044707734,0.03207845,0.029047657,-0.0016276146,0.011296441,-0.020865351,0.022053292,-0.05386728,-0.016508935,0.003083118,0.047389682,0.0075085917,-0.00032148443,-0.031640124,-0.000112125126,0.045701545,0.020238083,-0.026824104,-0.023768662,-0.036504745,0.017291684,0.008532559,0.017185,-0.004064238,0.024168354,-0.004197016,-0.04109316,0.008940566
0.053624596,-0.01888568,0.015913771,0.031103173,-0.024511952,-0.045627754,0.0019380506,-0.064697385,-0.033845473,-0.0463865,-0.037406154,-0.03061204,0.023784112,-0.018858388,0.014803736,-0.08001773,-0.04859224,-0.06603641,0.06046516,0.0063517066,-0.050251156,0.014528426,-0.01624613,0.050293807,-0.028341679,-0.078891665,0.05281932,-0.07284386,-0.07025453,-0.06032617,0.016920235,-0.036522917,-0.039374553,0.02194804,-0.05984267,-0.06886049,-0.055205744,0.027995905,-0.0417035,0.04261265,-0.0042838776,-0.03282247,-0.06983362,-0.06406879
0.058903925,0.011986867,-0.0033214807,-0.048102126,-0.042583186,-0.020118799,0.02390419,-0.029240461,-0.053697426,0.077159315,-0.010802589,0.005320921,-0.03764659,0.0011421725,-0.013228636,-0.024505902,-0.028022945,-0.0024641121,-0.046066407,0.047186498,-0.06972248,-0.00352662,-0.026699409,0.020325411,-0.03630526,-0.04982369,-0.048595797,-0.05915523,0.036225945,-0.040645707,0.0018970042,-0.043588545,-0.035076037,0.08917306,-0.064433485,-0.046755318,-0.006681043,-0.05649197,0.02997866,0.07144261,-0.0018460526,-0.034991562,-0.07184188,-0.024884839
0.035867073,-0.027224168,-0.040727966,-0.043380205,-0.042897783,-0.06173281,-0.05132847,-0.05498668,-0.053880565,-0.057692766,-0.049278267,-0.035938665,-0.045972478,-0.040137473,-0.035059422,-0.048216067,-0.052795544,-0.048320007,-0.04285421,-0.02805294,-0.050591286,-0.03631093,-0.031197207,-0.04970833,-0.06446379,-0.04854611,0.005489403,-0.026570106,-0.051158458,-0.054392304,-0.055423513,-0.026821043,-0.05004175,-0.07289193,-0.047445618,-0.059921134,-0.038869027,-0.039281156,-0.029326752,-0.037545238,-0.004582874,-0.042412035,-0.044692434,-0.03871452
-0.03915396,-0.020887207,0.019416094,0.061695028,0.04582844,-0.011408322,0.013354161,0.005596564,0.053713508,0.035860147,0.04161945,0.040185317,0.0021166885,0.06042773,0.050023213,0.035700686,0.046607155,0.065283425,0.05912311,-0.06184139,0.03418914,-0.008682681,0.024841266,0.014423729,0.085760936,0.0005470332,0.077516496,0.0116087105,0.05723078,0.040762644,0.05601744,0.029221509,0.028904429,0.05570092,0.011530607,0.05843246,0.067234784,0.040592447,0.04383213,0.03907154,0.055751655,0.026889527,0.05244273,0.07619727
0.017265819,-0.062146787,0.004128349,-0.036659352,-0.072078794,-0.06887026,-0.0037884838,-0.0005344021,-0.037020642,-0.0020318825,-0.059842657,-0.02981828,-0.049352307,-0.03890155,-0.051868685,-0.044306584,-0.036089618,-0.05780526,-0.009309476,-0.052330654,-0.022510197,-0.049978506,-0.07115211,-0.014143087,-0.03899002,-0.037392855,-0.04229251,-0.04120603,-0.005863846,-0.063415386,-0.057797108,-0.008155003,0.0053220135,0.0074346624,-0.00896595,-0.020527096,-0.0102817165,-0.042409178,-0.056395147,-0.059570823,-0.00067250564,-0.039347526,-0.00020256672,-0.009275181
-0.0024569626,-0.035638753,0.0615924,-0.05231792,0.0719379,0.040778015,-0.0042016916,0.06748157,0.060167555,0.04293678,0.047609303,0.04002687,0.018227583,0.026391013,-0.045253716,-0.045163043,-0.0066845017,-0.028007662,0.029324928,0.081704326,0.07977848,0.04426702,0.055385467,-0.011677238,-0.05348431,0.0077557825,0.07795809,0.053360436,0.01783573,0.0047720163,0.014390612,0.03179076,0.02704434,-0.0333964,0.035220258,0.031518213,0.037459645,0.06199858,0.008611703,0.07784614,0.07146633,0.05944575,0.02026696,0.052781973
0.06494749,0.0604301,0.054564685,0.04553607,0.06743717,0.07322069,0.0662278,-0.005588129,0.06690129,0.067542076,0.0061958353,0.07907957,0.015880195,0.067153364,-0.016712993,0.018784469,0.008583454,0.056361943,0.0379794,-0.045463916,0.056779012,0.08884964,0.042215496,-0.06693901,-0.0066419616,-0.032648735,0.023791684,0.055493828,-0.02571776,0.047744058,0.06867739,0.05467186,0.05414251,-0.0034566415,0.014115034,0.0018621762,0.014113344,0.07124633,-0.026353724,0.0074007977,0.04183768,0.059894875,0.070640355,0.043357316
-0.0414207,0.06820723,0.030488571,0.031188212,0.0074355775,-0.013041912,0.0017301964,-0.033981413,-0.05316213,-0.06772005,-0.05353888,0.014532888,-0.006571286,-0.02566807,0.021408943,-0.06961686,-0.032750793,-0.031980857,-0.027620701,-0.038579423,0.009508535,0.008468289,0.02035177,-0.06861904,0.021353967,-0.05493565,-0.0304381,-0.049135562,-0.04050303,-0.08050372,-0.018015306,-0.08151123,-0.002829364,-0.054782216,-0.07075282,0.0089468155,0.011949541,-0.040213082,-0.05387126,-0.043715265,0.04595436,-0.018461965,0.004006812,0.019158352
0.053995315,0.031599138,0.077229865,-0.019301077,-0.011093864,0.04134128,0.0704224,0.0406623,-0.028917369,0.040910907,-0.047360945,0.07088394,0.02381881,-0.03339692,-0.0387698,0.031344194,0.080918245,0.07006066,-0.027737604,0.04758256,0.01838217,0.064176016,0.08165632,0.020601686,0.04075569,-0.03759021,-0.011382185,-0.021921003,0.018515801,0.017853884,-0.012981451,0.027325533,0.04938545,0.045776192,0.07067481,-0.03560031,-0.0011799816,0.021243937,-0.013002037,0.03885128,0.025934005,0.030032305,0.03500908,0.05231238
0.048622128,-0.074237235,-0.043574624,0.057039592,-0.06742862,-0.06010421,-0.027293433,-0.02933306,-0.071621545,-0.0332752,0.0019380489,-0.043938395,0.027602224,-0.049989402,-0.081976324,-0.07959368,0.03413518,-0.055912104,0.00967409,-0.0045119636,-0.012863323,-0.011678391,-0.061369304,0.024542602,0.03615316,-0.048746087,-0.04770984,-0.058753945,-0.061242014,0.014273456,-0.0419474,-0.050019197,-0.06287312,-0.0053931116,0.06356274,0.012111014,-0.045532625,0.0075182244,-0.067424916,-0.00721054,-0.010448653,-0.02210595,-0.06752876,0.02701751
0.02403626,-0.0336868,0.025126621,0.06137063,-0.0417583,-0.02775034,-0.004182281,0.06675497,-0.06500242,0.031573985,-0.046775784,-0.0013669005,0.046571046,0.028512646,0.024046922,0.0044602165,0.044394135,0.0243147,0.022395613,0.02494593,-0.046084482,0.04377014,-0.036264855,-0.015859736,0.01467628,-0.02387449,-0.03446779,-0.018153297,-0.04634519,0.03236045,-0.029652094,-0.046523962,0.06252645,0.03947225,-0.015377805,0.032140296,-0.013872226,-0.0008970457,-0.0633111,0.043341048,0.004332323,0.07773544,-0.073002204,0.048168242
0.00727548,0.051369883,-0.064096764,-0.0037562714,-0.06764322,-0.010586985,-0.07871835,-0.023673287,-0.0368488,-0.009067347,-0.058250062,-0.057110216,-0.07517586,-0.03398848,-0.068672016,-0.057164803,-0.06646828,-0.0021165432,-0.07266531,0.031200606,0.03397118,0.04092752,-0.027011516,-0.007424861,0.015496826,-0.025940483,-0.07875777,0.0317242,-0.022646071,-0.07893288,-0.01088779,-0.06151929,-0.0645832,0.03984799,-0.034488965,0.03335029,-0.032285903,0.016059123,-0.075741276,0.031371195,-0.066956796,0.025267696,-0.06689792,0.016071266
0.020921348,-0.016657332,0.006923288,0.03387612,-0.011629408,-0.03500903,0.04193019,0.018903848,0.022786995,0.019455045,0.054973364,0.061298277,0.053970724,0.052321732,0.04588946,0.01910563,0.03604146,0.0017511004,0.037761156,0.020322934,0.049571633,0.027745498,0.028697774,-0.003526984,0.053083587,0.0018241926,0.0008551302,0.027738309,0.05381569,0.050247066,0.050627194,0.06769232,0.035764012,-0.009972318,0.058125254,0.04641737,0.04263494,0.016025608,0.057756085,0.03469961,0.059092283,-0.0015653297,0.05333631,0.013445786
0.02137524,0.036001638,-0.059606,-0.058798864,-0.047781497,-0.010554855,-0.0101459455,-0.012182169,-0.0420058,0.01320339,0.001312448,-0.010623935,-0.057511896,-0.041069325,-0.0402191,0.011524173,-0.021517642,-0.025361065,-0.047022983,0.01814037,-0.005649439,-0.021232046,-0.027875863,-0.03732939,-0.056727618,-0.06995009,-0.032851007,0.0021872995,-0.053948488,-0.035569716,-0.064793274,-0.07775276,-0.06269662,-0.018838944,-0.034384284,-0.06577764,-0.033173382,-0.06255534,-0.05583044,0.03227192,-0.044721432,-0.017708432,0.0015884463,0.007512421
0.045409247,0.020367902,-0.007469735,-0.047782328,-0.04163195,-0.04466189,0.00708002,-0.04366864,-0.0072053545,-0.08007443,-0.08013931,0.07711196,-0.051237497,-0.03962148,0.0457418,-0.025118798,0.08075404,-0.053646177,0.04287325,-0.029841455,-0.036380287,-0.004436437,0.014447655,-0.024294771,0.108685456,-0.048038542,-0.03392081,0.039676033,0.010671012,-0.020826375,-0.03982175,0.072933756,-0.03748639,-0.07371917,0.06543302,-0.026770143,0.0204548,0.019964077,-0.06842724,0.031430755,0.07694482,-0.054106496,0.024828272,0.006626524
-0.036705766,0.047260903,0.0018012634,0.041944757,0.024926377,-0.02696485,0.016508102,-0.04914262,-0.05446179,-0.0016021832,-0.0679252,-0.028390482,0.00463638,0.020814598,-0.013016801,-0.072753794,0.06101636,0.050525643,0.050876353,-0.064576425,-0.059697114,0.026415337,0.07344434,-0.05478335,-0.0035090698,-0.040547732,0.05830374,-0.07547499,-0.01760034,-0.04023944,0.0039967042,0.069049165,0.055526868,-0.05243865,-0.056592245,-0.031309824,0.03698538,0.006776854,-0.019801024,-0.06705898,-0.035114303,0.038013857,-0.079385586,-0.0031452775
-0.015414385,-0.047004502,-0.04247498,-0.032671023,-0.05042448,-0.04335504,-0.065759465,-0.061764035,-0.04352828,-0.0059026065,-0.052471526,-0.058249086,0.0028740473,-0.04003207,0.03160388,-0.043992404,-0.036209658,-0.06793102,-0.05349356,-0.06816184,-0.03203261,-0.05808868,-0.029397503,-0.017798875,0.011222532,-0.044923015,-0.011354883,-0.0603933,-0.027460234,-0.048238702,-0.010627474,-0.06130655,-0.054742333,-0.0106791975,-0.029569248,-0.05990533,-0.039020304,-0.046009853,-0.05084071,-0.025131341,-0.037202638,-0.073580846,-0.05625757,-0.065319814
-0.06332742,-0.0030761259,0.024269728,-0.08069479,-0.058770105,-0.05500293,-0.026396522,-0.08046725,-0.01935758,-0.015225488,-0.07011426,-0.059915666,-0.014079891,-0.048815634,-0.040681925,-0.0020787618,0.006606203,0.052940298,-0.036299504,0.0055494863,-0.07933208,-0.07567793,-0.0040923054,-0.027973957,-0.023298055,-0.049413294,-0.06479815,0.02774525,-0.055598024,-0.026034703,-0.04396655,-0.074152954,-0.028539775,-0.027139196,-0.0069920747,0.013031141,-0.013984766,-0.054571673,-0.049399264,-0.0155601045,-0.054646477,-0.054342374,0.016764749,-0.070782855
0.03928192,-0.071277454,-0.047796626,-0.01482818,-0.073537394,-0.03437333,-0.065850906,-0.023027604,-0.022727415,-0.06859233,0.013916461,0.0030992094,-0.06496253,-0.05694222,0.012756058,-0.057555575,-0.06473229,-0.057680197,-0.041947763,-0.06634155,-0.07348163,-0.05885153,-0.03952317,-0.07225147,-0.0306306,-0.059179146,0.027076779,-0.04174305,-0.0789262,-0.036487643,-0.075858645,0.005222525,-0.044806212,-0.065440245,-0.010295513,-0.080623776,-0.019221235,-0.025344025,0.004490309,-0.07122457,-0.046964046,-0.070965156,-0.05090172,-0.05074079
-0.053315848,-0.030678038,0.049137887,-0.034726784,-0.013573908,-0.06347141,-0.009815899,-0.05247571,-0.023926802,-0.026418278,0.00851756,-0.037384287,-0.0110701155,0.012387398,-0.005343892,0.032979455,0.0217325,-0.03527689,0.060366932,-0.044603724,-0.0406137,-0.011238289,0.022527115,-0.037584927,-0.012580151,-0.031184148,0.05951139,-0.05006159,-0.05958733,-0.016203264,0.006278431,-0.042858265,0.039185785,-0.042786434,0.052336544,-0.0052958773,-0.008809811,-0.030838933,-0.04217947,-0.02191204,-0.0070851455,-0.05971448,-0.042779326,-0.036623128
0.009842078,0.022091236,0.063677564,0.0730783,0.018041886,0.008299691,-0.034772012,-0.007139247,0.064818725,0.07374736,0.042387642,0.045008685,-0.0065651485,-0.035488117,-0.01923558,-0.038379353,0.005689371,0.002462035,-0.003631786,0.037937265,0.01844084,0.014698288,-0.049609654,-0.044516925,0.008684689,-0.019435743,-0.002154738,0.049280886,-0.035031315,0.06285941,0.03347272,0.05879982,-0.02124123,-0.014504929,0.06883144,0.027350407,-0.04301917,-0.03117694,-0.029315399,0.067383714,0.0066308337,-0.056097005,-0.0045212265,0.039272826
-0.036512546,0.040961076,-0.032612327,-0.076073535,0.026834596,0.04448019,0.020143796,-0.0139544485,0.025146594,0.017669516,0.06504432,-0.03978397,-0.03914974,-0.0073210658,0.023994405,0.011513577,-0.08966172,0.002834358,-0.023653727,0.06687218,-0.026922686,-0.024262672,0.07897595,0.02038125,-0.03387716,-0.027126754,-0.056874998,-0.003480684,-0.08444621,-0.05212813,-0.06815703,-0.04473909,-0.049094494,-0.08698207,0.069725275,-0.021073613,0.016187305,-0.008944451,0.049128853,-0.027525853,-0.0849533,-0.06152657,-0.015770016,0.03204198
0.039872274,-0.059682004,-0.023449814,0.014695845,0.050788686,-0.02158918,-0.042253047,-0.067827515,-0.0049842275,0.028788751,-0.0033849534,-0.032034703,0.052473918,0.058700472,-0.0015052638,-0.07342149,-0.04377701,0.0042503844,-0.053090487,-0.013712981,0.014677039,-0.062147077,-0.012465774,0.047188856,-0.060505375,-0.047200285,0.009230767,-0.038761042,0.052768085,-0.056376334,0.018897953,-0.012344552,-0.051261026,0.062964566,0.06803201,-0.0122390315,-0.018367207,0.03443242,0.0147633385,0.02580226,0.0036601298,-0.018480416,-0.011996735,0.051080104
-0.04279858,0.00018301989,0.03492656,-0.04949043,0.031532083,-0.05146149,-0.02314071,-0.04732851,-0.012970367,0.008664677,-0.039050896,-0.06548209,-0.031254508,-0.0128539335,0.032790042,-0.0009971753,-0.07158848,0.05298926,-0.04594298,-0.02940531,-0.02772773,-0.027087439,0.016211819,-0.046416357,0.06066162,-0.07131458,-0.013815808,-0.0007432838,-0.03020502,-0.010943685,-0.0327393,-0.011577113,0.054747034,-0.0012151013,-0.0031758314,-0.037231676,-0.038913105,-0.06506212,-0.0041260696,-0.045992136,-0.0134964,0.022126034,0.04487108,-0.067544825
-0.013016795,-0.017439997,-0.028160626,0.01743853,-0.06132309,0.04141915,0.04530658,0.040189907,-0.029714292,0.009091585,0.024975764,0.06357256,-0.029022034,-0.04200142,-0.04638079,0.055625957,0.03706563,0.0032831838,-0.0048243282,-0.016301475,0.010644026,0.042098787,-0.029801618,-0.018140037,0.0021837696,0.008093757,0.024782693,-0.035836764,-0.03582163,0.0288745,-0.067546315,0.0322994,-0.0134328045,-0.019849569,0.0005187668,-0.05039101,0.029619904,-0.020664511,0.015229805,-0.050842937,-0.0010977563,-0.00040847622,0.020569019,0.05003677
-0.02629165,-0.057782516,-0.046694547,0.008315758,-0.0073413323,-0.05224562,-0.009676288,-0.00018071894,-0.029919611,-0.028063217,0.022287875,0.018466823,-0.032969024,0.0133480225,-0.025910243,-0.029898036,-0.018898275,-0.05067649,-0.015337539,-0.03549624,-0.009569446,-0.026502475,-0.053479493,0.01633053,0.028415615,-0.04610807,-0.0018711807,-0.03764174,-0.042204026,-0.07184242,-0.023919819,-0.016702266,-0.045551904,-0.010233627,-0.065321974,-0.05382772,-0.06948677,-0.027210573,-0.06581843,-0.021179115,0.012887487,-0.059765402,-0.066417426,0.0155919185
0.024274498,-0.021000274,0.038092513,-0.03804205,0.0491353,0.01874812,-0.017375208,-0.04432957,0.048012342,0.03546699,0.009302753,0.025619011,-0.038702246,0.01224685,0.06499176,-0.043829046,-0.029345347,0.043748338,-0.014208788,-0.007850816,0.008522445,0.011183665,0.073296286,0.015808195,-0.0039226287,-0.018642362,-0.0072696605,-0.04793131,-0.039150108,0.026573423,0.05561443,-0.013786619,-0.06668876,-0.010892932,-0.025210274,0.031318538,-0.011856202,0.0074203284,0.04433082,-0.06676322,-0.06434933,0.010341903,0.009691208,0.015317462
0.0055776522,-0.063641414,-0.012278376,0.08530992,-0.013668003,0.07221115,0.049272813,0.03379384,0.083063565,-0.026906313,-0.029875802,0.07907595,0.08247055,0.05856452,-0.025619201,0.042140793,0.08594387,0.06336465,-0.042425975,-0.0027190952,-0.0037842498,0.0866535,0.0609235,0.086142115,0.01832904,-0.07384708,0.04057693,0.061304975,-0.033500385,0.07632205,-0.007954158,-0.048584655,-0.010935278,-0.018298445,-0.0071057407,-0.06532939,-0.07709054,0.04756649,-0.028498387,0.06935429,-0.013335174,0.0718482,0.06978118,0.059196956
-0.03344206,-0.05833633,0.020776091,-0.040152315,-0.055962414,-0.0404702,-0.033777595,-0.006278234,0.07126199,-0.05466277,0.02409382,0.023962364,-0.015030662,-0.0047709257,0.050674386,-0.02252724,-0.029941656,0.035309926,-0.031126004,0.0050061163,0.060281757,-0.012669398,-0.04163623,-0.0057153204,-0.013535826,-0.018935839,-0.0038672518,0.06178292,0.06338792,0.058143623,0.07547545,-0.001939691,-0.040014446,-0.011751676,-0.0431173,0.07881409,-0.067150585,0.0065113893,0.013228198,-0.05901134,0.008688779,0.00489862,-0.06558187,-0.040619407
0.010007154,-0.03401155,0.017396359,0.005652837,0.021235725,-0.055768672,-0.043009162,0.012913162,-0.00021084685,0.013973372,0.039219905,0.011304725,-0.048811316,-0.008876389,-0.010552067,-0.025102522,-0.009132382,0.007176515,-0.007957242,0.02896953,0.046644848,0.00088892295,-0.015662577,-0.04416143,-0.05417754,0.00633846,0.05363005,0.024291616,0.021584539,0.023943594,0.060923845,-0.03206117,-0.06411106,0.029639486,0.012871521,0.043677866,-0.0067071454,0.008735168,0.0037482502,0.009769088,0.036616456,-0.037637737,-0.025807273,-0.02891545
0.021770066,-0.05097206,-0.018709345,0.0027656031,0.00089592254,-0.011529254,-0.040893555,0.04518158,-0.06613072,0.019149002,0.032868482,-0.027023166,0.06669976,-0.045867786,-0.052737217,-0.025437234,-0.05744362,-0.066383496,0.057292297,0.0792836,0.022737902,-0.03145954,0.02245128,0.015733872,-0.021158054,0.035650812,-0.011255353,-0.035721768,0.048669774,0.022583405,-0.044563882,-0.050686907,-0.026933145,0.036817085,-0.06509575,0.06054809,-0.038934384,0.032850478,0.0060139117,-0.042219453,0.043724865,-0.06644373,-0.05642608,0.03447012
-0.06708447,0.05563532,0.02876506,-0.046549797,-0.006106699,-0.062214382,-0.05859119,-0.0095859915,-0.0711706,0.011225515,-0.029589713,-0.07074412,-0.07823568,0.02181897,0.038674504,-0.053287014,-0.07811804,-0.023310445,-0.01442643,0.0018159993,-0.019315535,-0.062176265,-0.05994462,-0.0009765563,-0.09242618,-0.04989302,-0.026567077,-0.044200618,-0.030788966,-0.05027523,0.0035351103,-0.022203276,0.051676806,-0.009953346,0.05437601,0.0075909602,0.04043078,-0.05423392,-0.01708032,-0.042082112,-0.031073505,-0.037176773,-0.038726326,0.03158047
-0.021047864,-0.014463628,-0.02090812,0.036048185,-0.0492675,0.013709597,-0.03969457,0.017503146,-0.04361579,-0.05025089,-0.018007984,0.027809894,0.013275408,-0.0059845084,-0.026729876,-0.03461613,0.029564148,-0.037810165,0.0006807119,-0.024000492,-0.017674707,0.0049228505,0.046457563,-0.026216108,0.0050404696,0.013134327,-0.0076940907,-0.06822423,0.026536573,-0.013273966,0.018591188,-0.008659892,0.0100089265,-0.0644718,-0.032025244,0.03544797,-0.034265954,0.03149852,-0.027185913,-0.062090345,-0.01612846,-0.016161656,-0.014134274,0.024993403
-0.005042535,0.052127007,-0.003081957,-0.036829136,-0.013361986,-0.0011963154,0.058530543,0.018371971,-0.04482559,-0.06336905,0.013168966,-0.019327164,-0.0032213125,0.0026677835,-0.051348098,-0.05050338,-0.0227116,-0.030320147,-0.038089298,0.025357306,0.028595725,0.026745755,-0.0019128998,0.011422723,0.012061081,-0.055370405,-0.018262444,-0.037444282,-0.030181814,-0.0016223757,-0.027344562,0.06157381,0.0012878664,-0.07382008,0.01306395,-0.032447264,-0.028638259,-0.010156974,0.023835307,-0.063954465,-0.06481904,-0.037795234,0.027830124,-0.039041333
0.006152909,0.06662659,-0.045100108,-0.04457181,-0.0066338875,0.05184572,0.0036576113,-0.06600016,0.060651533,0.010654248,0.070332855,0.041441843,0.068872705,-0.0041703032,0.058938544,-0.048502717,0.045329433,-0.025215877,-0.04661192,-0.069102205,0.07336429,-0.03449419,-0.035740726,-0.016717643,-0.018940432,0.06575692,0.023322707,-0.024999449,-0.026249781,-0.06552361,0.05286309,0.028149117,-0.06492216,-0.012490009,-0.063023925,-0.055989724,0.043907456,-0.016332861,0.04259045,-0.07609321,0.022034263,-0.06972959,-0.04953696,0.012281033
-0.02574883,-0.057941243,-0.03808978,0.052401714,0.030570876,0.0038917386,0.066626474,0.043656245,0.06885176,0.0144028235,-0.02123573,-0.026047017,-0.013303023,0.074772395,0.068152845,0.030715993,-0.013347286,0.03414155,0.006332438,0.04659555,-0.07204752,0.023108114,0.024260823,-0.05450305,-0.013587522,-0.073487535,-0.025810342,0.0435701,0.0014159555,-0.014888818,0.0061078314,0.05577789,0.0515901,-0.024651496,-0.057634186,0.04092365,0.010191996,0.033116065,0.04013555,0.045582112,-0.012770357,-0.0031843253,-0.01446801,0.0037037414
0.06797399,-0.03414694,0.013417902,-0.043576296,-0.03426444,0.016398787,-0.05486612,0.006772304,-0.053683523,0.0625905,0.016488068,0.039349888,0.07346414,-0.020048132,-0.041989233,0.019626245,0.009961452,0.013311802,0.06425469,0.023322212,0.061576344,0.0025708003,0.011625254,-0.00025355705,-0.018148858,0.02918782,0.05033392,0.060668666,0.021395775,0.06927631,-0.042750068,-0.06061935,-0.03160135,0.044873595,0.07661852,0.061656993,0.020336932,-0.004316279,-0.0052944086,0.037785567,0.061734185,0.011928187,0.042556778,0.016649138
0.07187972,-6.861596e-05,0.010543879,0.064563625,0.06973539,-0.0110300835,0.029767951,0.006100765,0.069276534,0.014895147,-0.0026196295,0.07822061,-0.004776726,0.06640706,0.06469575,0.04031441,0.0447901,0.073608905,0.046418976,-0.0053701717,0.020491887,0.044752464,0.03437643,-0.023064986,0.034307923,0.029751377,0.020280665,0.057487626,0.04501169,0.051434617,0.060939204,0.040031787,0.06151646,3.681443e-05,0.018851336,0.022498958,0.017334716,0.023973033,0.0039051655,0.06985916,0.05515862,0.071611665,0.07212699,0.04539903
0.02080403,0.005092713,0.06680361,0.050658032,-0.014504561,-0.061660394,-0.035571303,-0.02229544,0.00068670197,-0.05858113,0.033215273,0.04256709,0.02322395,-0.035542026,-0.09009084,0.0065452033,0.08404639,-0.06406204,0.02815927,0.07583691,-0.05263042,-0.048989873,0.07785153,-0.041591585,0.012541114,-0.03290936,-0.02309344,0.02309764,0.001493417,-0.04550952,-0.069799826,0.027648259,0.046326436,-0.052568946,0.027510406,0.030264402,0.046835527,0.062467586,0.049623244,-0.039253127,0.059613932,-0.051457547,-0.047269497,0.02821552
0.032465395,-0.07380254,0.07173422,-0.0396228,0.04102961,0.011514025,0.015058032,0.02229432,-0.0217938,-0.021272093,-0.033977423,-0.028637027,0.009301265,-0.044813674,-0.044339646,-0.014224813,-0.015680755,0.037142128,0.009471125,0.04438203,0.004735585,-0.057124197,0.017802957,-0.007971314,0.0046529374,-0.025682302,-0.03871805,-0.016790504,0.036280986,0.018573487,-0.0026795305,-0.03826748,0.024703786,0.0341226,-0.04424484,0.024917703,-0.03538929,0.025617907,-0.03591919,-0.015836297,0.01314751,0.0032160443,0.03514176,0.044028778
-0.06321892,-0.038904153,-0.024641732,-0.033555154,-0.0066906903,-0.028655957,-0.007718893,-0.048637245,-0.03258188,-0.05339278,-0.02068071,0.0055253333,-0.05721358,-0.06117327,-0.03524024,0.003089217,-0.036115672,-0.031262226,-0.044580504,0.015567239,0.013688577,-0.010547948,0.00051188393,-0.013323188,-0.019397456,-0.028567823,-0.060185574,-0.0045113885,-0.068901785,-0.04439539,-0.0354474,0.0314535,0.00035795005,-0.026522314,-0.04302668,-0.0690713,-0.04523264,-0.053309243,-0.05678507,-0.038690794,-0.08095122,0.0043857167,-0.040834546,-0.018190054
-0.0349395,0.07452641,-0.038240887,0.005940047,-0.0072516496,0.054951977,0.05490826,-0.01630398,0.03377373,-0.04912745,-0.07990455,0.0011936007,-0.020297125,0.0142571535,0.013196766,0.050368175,-0.05864337,-0.016369335,0.052486863,0.0003208435,0.017289145,0.005425204,-0.0005346458,0.018814227,-0.0552954,-0.056730162,-0.036285397,-0.031654276,-0.020349285,-0.010024089,0.0455813,0.026197452,0.046207976,-0.047267225,-0.062077023,0.027051006,-0.02533048,0.018959403,-0.009165383,-0.07013833,-0.0013250103,-0.021952495,-0.03367186,-0.033319492
0.06670306,0.022762716,0.060516153,0.016926343,-0.008124992,0.07134048,0.050190322,0.023403903,-0.015989851,-0.0019326156,-0.0039013044,0.049477868,-0.04015805,0.024201717,0.0031708258,0.024084741,0.0153284725,0.07765164,-0.050647497,0.058028765,0.051501065,0.02908991,0.006215963,-0.033814106,-0.031075908,0.07374577,0.007511933,0.041068338,0.06590418,-0.008603435,0.0723246,-0.018587284,-0.008964931,-0.006517148,0.068781435,0.04001702,0.0206674,-0.01853013,-0.057361208,0.011611941,0.057451002,0.0804838,0.07189148,0.012499651
0.023350298,0.045472696,0.030483348,0.012153887,0.06556141,0.01443482,0.037547857,0.024848035,-0.0060944976,0.023855835,0.06980397,0.071094796,-0.009987721,0.06001501,0.060124647,0.010971083,0.054371294,0.0530273,0.013290281,0.037045453,-0.008163182,0.00947697,0.06794933,-0.00086545054,0.042242788,0.035848998,-0.015329501,-0.020196827,0.058791917,0.028145583,0.0303939,0.05484266,0.016990319,-0.010482106,0.01726335,0.05369866,0.0059417062,0.022162119,0.026235703,-0.020706039,0.055293977,0.055291425,0.04471796,0.02624732
0.0013677926,0.06052545,-0.054946158,-0.0009223087,0.01638202,0.053961694,0.037511185,-0.0005686786,0.028220119,-0.05078696,-0.023623861,0.0834092,-0.011677878,-0.04286868,0.035307687,0.08045307,-0.027535612,-0.017909763,-0.080177136,-0.0270757,0.03743669,0.077233955,0.068648025,0.033976678,-0.06469327,-0.017988538,-0.045962434,0.041183922,-0.008666393,0.029535046,0.06520197,0.06664271,-0.05580693,0.04010676,-0.052943088,0.07620708,-0.041797906,0.017238418,0.048329104,0.07147766,-0.022937583,-0.010301127,0.043732338,0.016906226
-0.067063175,0.06506473,-0.023831485,0.06613419,0.031114858,-0.013634005,0.0391834,0.03497662,-0.023378422,0.00677339,0.017870288,0.004332081,-0.009144696,0.051541205,0.052390516,-0.0045027453,0.059645496,-0.054317657,0.016749024,-0.05831386,-0.04567932,0.0072310935,-0.0032338158,-0.00983837,0.03351603,-0.022022467,0.03416494,0.05138218,-0.029701378,0.03505922,0.006241999,-0.048123352,0.052468605,0.057493217,0.037871584,0.001221834,-0.01805264,-0.03453698,0.05175673,0.032155313,0.03320223,-0.044196807,0.027081806,0.048662838
-0.018775666,-0.06453457,0.020388318,0.026205707,0.010864365,0.057177227,-0.080823384,-0.04863219,0.052503098,-0.005745583,-0.04642197,-0.0375831,-0.017638752,-0.033868093,-0.0021960214,0.030591553,-0.057853393,0.007641441,-0.023591427,-0.06440687,-0.062173072,-0.0016857166,0.04417019,0.034840487,0.017693864,0.010138685,0.0140320705,-0.07762104,-0.053632528,-0.04541538,-0.029885514,0.020520099,-0.0031326888,-0.04495962,-0.023435673,-0.074556544,-0.06478743,-0.057800774,-0.020357214,-0.035302307,-0.019084902,-0.038465936,-0.059223946,-0.06834645
-0.0027712754,-0.06203534,-0.022393482,0.037385345,0.051253065,-0.058853645,0.050382856,0.002448231,-0.06744764,0.023850435,-0.037164185,-0.048018757,-0.037320483,0.0047904644,0.018546656,0.010735381,0.006172992,-0.054484632,0.012091638,0.007990295,0.06733402,0.075032204,-0.06329811,-0.0017951821,0.0064909947,-0.043179266,0.0013272151,-0.008171434,0.05734652,-0.032442402,-0.013754911,0.00864719,-0.00070030655,0.09051116,-0.05504958,0.040449202,0.042346198,0.08642085,0.0031393415,-0.004730534,0.029441388,0.07196263,0.018908879,0.046073273
0.025862124,0.03998895,-0.021206658,-0.050675865,0.058144633,0.017463539,0.00078418065,-0.04345236,-0.007313245,-0.04917913,0.041785356,-0.030823335,0.01830674,0.03168887,-0.041330993,-0.009773857,-0.017390873,-0.013654629,0.054523434,0.009770457,-0.04545288,-0.045027073,0.061555088,-0.0732861,-0.06558361,0.0074710133,0.0066931425,0.030247532,-0.026571723,-0.024899142,-0.033573404,0.04938907,0.03491229,-0.056603387,-0.015785895,-0.022460613,0.012225777,-0.043356,0.040706493,-0.03768623,-0.039313555,-0.056614973,-0.014389788,-0.04859378
0.061913382,-0.010038407,-0.010254487,0.070220225,0.0153348,0.01949049,0.06819337,0.006158667,0.05703503,-0.00061961287,0.057155073,0.061424375,0.07840825,0.012135724,0.061397433,0.057303835,0.049820065,0.061937492,0.034719672,0.021797642,0.038073353,0.045195438,0.020006917,-0.0015013631,-0.012474118,0.027541222,0.05246422,0.07246268,0.080619045,0.054680604,0.07778674,0.051124357,0.02538152,0.01634654,0.048861746,0.0835765,0.0047805537,0.05075207,0.06495472,-0.014595734,0.022791056,0.01805451,0.06459204,0.03292983
-0.03601789,-0.0005824058,0.009318246,0.031792175,0.036579996,0.06753176,0.053932987,0.030623702,0.0022652373,-0.012801853,0.04738421,0.035590682,0.014793806,0.06058774,0.036705196,-0.0713996,0.034780808,0.039862692,0.032952122,0.013496298,-0.01935595,0.017762734,0.016422268,-0.081577696,0.017936107,-0.02689714,0.062866956,-0.013099278,0.0057222964,0.046951145,0.026671784,-0.036779486,0.036198657,0.018131081,0.045399066,-0.0048445277,-0.015191605,-0.030891035,0.06963698,0.022563674,0.013172,0.026075741,0.0037221857,0.03533777
-0.025845079,0.006547364,-0.048978187,0.025553735,-0.038557857,0.008269722,-0.07326753,-0.021497961,-0.062257838,-0.022189187,-0.04792483,-0.01216138,-0.054618493,-0.043626443,-0.013369998,0.007653016,0.06236616,-0.07286497,0.039517198,-0.021199,-0.042130515,-0.057434563,-0.02398546,0.05206229,0.03935264,0.0055514965,-0.030290015,-0.035279606,-0.06265142,-0.063023806,0.022885872,-0.04185859,-0.028732909,0.028339438,-0.014380308,0.030163752,-0.04748155,-0.020971991,-0.04511054,0.039049882,0.009216511,-0.04611271,-0.06249116,-0.03504775
0.03083775,0.07120458,0.058469057,-0.011486399,0.04484622,0.050863527,0.040063437,-0.037190698,-0.0056543783,0.053321198,-0.0021489735,0.031230615,-0.0033488425,0.0011512482,-0.034091923,0.055037625,-0.017237639,0.030942263,-0.033005595,0.06007593,0.022556894,-0.047607023,0.027083961,0.011233976,0.036563307,-0.038629234,0.018507283,0.06694195,0.038186092,0.07360405,0.027038224,0.058563802,-0.06715837,0.09035503,0.001245457,0.025865601,0.05326715,-0.059637092,-0.07018185,0.027470589,0.050732754,-0.0030163766,0.017944809,0.015529506
0.012943466,0.07725206,0.06315103,0.0667827,0.06803024,0.056271505,0.09085721,0.07305567,0.07688352,0.06935518,0.056586802,0.06746544,0.053458985,0.075950116,0.055075377,0.07407143,0.06916084,0.057277184,0.06627699,0.07483741,0.058710378,0.066013746,0.0795592,0.07792159,-0.0132589135,0.06997961,0.042491563,0.06717221,0.07844525,0.05964446,0.070842676,0.04313706,0.034349285,0.05291616,0.051618595,0.06348455,0.07132807,0.0801444,0.070338845,0.06808628,0.081099205,0.073734574,0.06796606,0.0630859
0.05636426,-0.015459851,0.060310647,0.012985074,0.024756378,0.047703225,0.031066738,0.02512194,0.057070766,0.04489879,-0.05091875,-0.008330862,0.07079962,0.054978866,0.011601253,0.022815032,0.03376073,0.04651705,0.015828617,0.01264102,0.0029681392,0.047754455,-0.067950875,0.047296613,-0.07126097,-0.04388135,0.037059836,-0.009920451,-0.052906983,0.014920968,-0.06096912,-0.039260175,-0.03485832,0.013331878,0.0016679735,-0.024584835,0.03738271,0.052923016,0.015838668,0.027878603,0.036558498,0.028488731,0.06450349,0.03167869
0.030958,-0.06996718,0.059069447,0.012350052,-0.066728435,-0.04762615,-0.033265576,0.024604999,-0.059840664,-0.0583682,0.01791735,0.06877448,0.008509009,-0.043793846,-0.028294267,0.010713417,0.04255672,-0.05329498,-0.02369833,0.009314025,-0.009649031,0.027271578,-0.019439405,-0.027346082,-0.027977647,0.06824754,0.038236465,-0.064119674,0.059676703,0.0812992,-0.053935576,0.03931361,0.07337795,-0.023889078,-0.07558972,-0.050215945,-0.0378036,-0.048951976,0.06420983,-0.06298225,0.053005245,-0.022804797,-0.030044517,0.013518321
-0.07323794,-0.031957924,-0.06592529,-0.07454729,-0.03687458,-0.024122337,-0.007533352,-0.07547707,-0.05372493,-0.079786584,-0.04886295,-0.012567772,-0.07075438,-0.056665886,-0.082334645,-0.07531055,-0.050730906,-0.04288392,-0.021314533,-0.04390694,-0.0029280144,-0.0675751,0.011468019,-0.09575464,-0.07947531,-0.016450936,-0.07550812,-0.065123536,-0.07355904,-0.06637883,-0.06884927,-0.08054155,0.0044659562,-0.07837016,-0.07586641,-0.0689567,-0.039746,-0.055374634,-0.060558584,-0.019537864,-0.07571604,0.0020737664,-0.06749951,-0.0691302
0.055873595,0.042500783,0.058093574,0.06778992,0.052360613,0.03794357,0.039948136,-0.04178086,-0.039607428,0.016583052,-0.006250973,0.009446859,0.083603755,0.004825343,-0.008497314,-0.07162746,0.053802405,-0.011996358,-0.00092215714,-0.035283525,0.015236578,0.031150572,-0.039789762,0.0382977,-0.041981176,0.022418668,0.07462203,-0.040616162,-0.024899349,0.007391305,-0.00083692063,0.061133966,0.019812603,-0.086329766,-0.0045372173,0.065130815,-0.041961312,0.08605974,0.07079363,0.008443912,-0.036800038,0.028689345,0.007527368,-0.009583475
0.06384464,0.0023793897,-0.03335877,0.052633412,-0.031136094,-0.0129129775,-0.020821374,0.032340195,-0.021324059,-0.008312923,-0.02513056,-0.02267676,-0.0036205,-0.0018012808,0.008254529,-0.0029690005,0.013034371,-0.0055110618,-0.030741304,-0.0027061605,-0.059426583,-0.03029336,-0.058600698,-0.0032679907,0.02432325,-0.032800335,-0.046262488,0.04270838,0.018958846,-0.055120654,0.008828038,0.012121607,-0.061954945,-0.058214232,-0.008630251,-0.00030832153,-0.023533715,-0.012453501,-0.028951813,-0.033575222,0.011996356,-0.017603446,0.013720308,-0.016686765
0.018807871,-0.06253718,-0.011921672,0.057343192,-0.06399628,-0.075761124,-0.06869763,-0.0039400244,-0.062121708,-0.044338573,0.06015485,-0.07465921,0.026199268,-0.04964103,0.018118637,-0.017925683,-0.0037673223,-0.07489594,-0.02031384,-0.051864855,-0.027156878,-0.08459551,-0.072191395,-0.0018754005,-0.013794202,0.07689419,0.01373581,-0.038153414,0.001165788,0.0030286931,-0.041629445,0.019228673,0.043714512,-0.004490552,-0.028122978,0.012608337,0.038219675,-0.009308893,0.068386085,0.012289839,-0.049706236,-0.07532989,-0.029455498,0.01857353
0.030252213,0.045815993,0.035449732,-0.019158706,0.039116584,0.024331462,-0.0044270316,0.009220243,-0.009980952,0.006194521,0.038207743,-0.02764241,0.0059984997,0.011174004,-0.025477372,0.027748987,-0.02477053,-0.0007355091,-0.04626847,0.027543632,-0.03569941,0.011131747,-0.017514685,0.002358785,0.0020894639,0.016568527,-0.022257071,-0.038915742,-0.050570495,-0.028854035,-0.03146282,-0.0634196,-0.009190714,-0.025354257,-0.005590019,-0.02164959,0.0072662793,-0.014725634,0.013346385,-0.004006275,0.038729556,-0.046362765,-0.042291246,-0.037473
-0.011470628,0.046174873,-0.07749926,0.017361749,-0.03125218,-0.010239694,-0.008305039,0.02030581,-0.061210193,0.028220987,-0.038657993,-0.05146567,-0.048436493,-0.062135212,-0.06416166,-0.00081445026,-0.03914947,0.017890163,-0.024006534,-0.014027357,-0.019657621,0.03280232,-0.075170316,-0.0016559927,-0.012112065,0.04228066,-0.0035728468,-0.016990943,0.010107114,-0.018545222,0.04416208,-0.040867023,-0.066538885,-0.028447384,0.036323808,-0.021632643,-0.04593117,-0.037303515,-0.06519115,0.061387174,0.01349429,-0.006098551,0.008207808,-0.01531361
-0.008654182,0.0273924,0.06699272,-0.050105993,0.03538274,-0.0565631,-0.015158693,0.06886197,0.025748894,-0.004889557,0.046390325,0.05148265,-0.04727416,0.02472631,0.037319813,0.01920883,-0.01617766,0.0049483934,0.030627877,0.07406813,-0.010186989,-0.026552072,0.012153954,-0.0011170034,-0.0004210525,0.051348947,0.056091104,0.042508706,0.056819938,-0.0118100485,-0.030625202,0.07311472,0.0069183395,0.0024651547,0.040938657,0.04538072,0.039744623,-0.021776088,0.012299504,0.07611465,0.036355034,0.057254724,-0.011990555,0.03583973
0.044461966,0.07634424,-0.009871434,0.055263165,-0.027353149,-0.015379942,0.06486545,0.05563678,0.050684996,0.04703435,0.07337246,0.0419067,0.056040622,-0.0041996194,0.00968872,0.07544821,0.07766592,-0.010711695,0.08305537,0.06582603,0.053076863,0.06286819,0.037654147,0.077241935,0.005681185,0.028573891,0.06597386,0.07439775,0.0789083,0.033835847,0.013346395,0.035246797,0.055264827,-0.005732622,-0.0026681756,0.0006886555,0.068656966,0.08124983,0.07652709,-0.0699432,0.061358526,0.026443988,0.038689166,0.06561036
-0.025844261,0.014101274,0.0011043946,0.06835299,-0.03721351,-0.0020559246,-0.009452984,-0.032399204,0.029159091,-0.037202556,0.0014242358,0.035433475,0.063377276,0.006517918,-0.004854709,0.061825152,0.054420568,0.03686077,0.029282233,0.012935575,0.03266219,0.066161335,0.034619212,0.05030187,0.049916383,-0.042802427,-0.010954288,0.01865173,0.020133967,0.015016432,0.024400866,0.029213836,0.0037260086,0.04448456,0.02229577,0.047485843,-0.012012574,0.002082509,0.06974354,0.0023858927,0.014306032,0.05120096,0.054176047,0.06508595
-0.06944859,0.0280848,-0.05112633,-0.061550092,0.049752053,-0.058293,-0.040336575,-0.067462735,-0.050174225,-0.08025649,-0.05339866,-0.022988213,-0.07861068,-0.055651743,-0.051993947,-0.070389174,-0.032859206,0.016877,-0.06296384,-0.04598645,-0.05258188,-0.059221197,-0.033379517,-0.012433501,0.05151449,-0.016791167,-0.07318383,-0.043602128,-0.0031555165,-0.048195988,-0.041207217,0.034226015,-0.03399579,-0.07187487,-0.022872865,-0.056636002,-0.064956695,-0.07101678,0.022928054,-0.035395697,-0.0629204,-0.0008373859,-0.0633477,-0.06344076
-0.028909242,0.036250826,-0.032768644,-0.031992964,0.031107653,0.049180884,0.04825544,0.050622128,-0.021474546,0.052343477,-0.03812202,0.058152296,0.026787015,0.012259354,0.027046772,0.039465256,0.04641446,-0.012222216,0.02139882,0.069492415,0.028305907,0.026492044,0.060091764,-0.027665682,-0.030704852,0.02221186,-0.012595105,0.03566368,0.047286298,0.042313866,0.03835138,0.015844941,-0.019678205,0.027141452,-0.06564012,0.028502967,-0.058703918,0.04716932,-0.026800582,0.06694533,0.001982702,-0.030195657,-0.042475194,0.022381883
0.01800853,-0.05349611,0.025394095,0.03861064,0.029454535,-0.02680922,-0.028537508,-0.016143484,-0.009390197,0.010843114,-0.035660982,-0.04271893,0.017970972,0.03915464,0.039517857,-0.0021411462,0.0044242735,-0.046488322,-0.050525382,-0.013930679,-0.053590756,-0.016540369,-0.06764942,0.011031076,-0.0022066603,-0.01118723,-0.010143356,-0.017002394,-0.05486124,0.029704265,-0.00021134406,-0.0055548637,-0.013686625,0.010252762,0.0050266786,-0.07823509,-0.031736385,0.045857117,-0.026189014,-0.022802513,-0.009940164,0.006016271,-5.7609643e-05,-0.0115532745
0.063559406,0.067905165,0.0030965179,-0.014335853,0.05055757,0.050224707,-0.056874037,-0.0009648801,-0.03151848,-0.002157674,0.031131208,0.009038716,0.050708044,0.075638175,0.086764686,-0.006965075,-0.0031332974,0.006299091,0.0006867058,0.000533534,-0.04813308,-0.023429958,0.019448172,0.09331838,-0.020891173,0.010991007,-0.019751953,0.017918695,0.019783664,-0.02769177,-0.01996961,-0.030589305,0.04754485,-0.026434189,0.05084533,-0.036121383,0.0069524404,-0.01450478,0.053663157,0.034100562,0.056334186,-0.014749534,0.002133271,-0.037432145
-0.05714616,-0.07646918,0.039944593,-0.02152506,0.023681013,-0.0021410517,-0.047627613,0.057641122,-0.030185798,-0.029652666,-0.022184484,-0.048227403,0.022258682,0.043185137,-0.016211377,-0.047835898,-0.031000858,0.034646153,0.047203116,0.03577817,-0.0631418,0.02472132,0.043480262,0.0064746924,0.031914853,-0.020515716,0.031275816,-0.019359719,-0.003966959,-0.057220004,-0.031251874,-0.06622261,-0.06918353,-0.04678811,-0.050740894,-0.069925845,-0.037405487,-0.005896301,-0.067605436,0.001947225,-0.050742414,0.027408153,-0.038189948,-0.037969533
0.026459267,0.030010018,0.026617678,0.007776669,-0.0113023035,0.013996504,0.027595388,-0.044788636,-0.022987006,-0.076230794,0.034856375,0.00017018845,-0.01157231,0.020372942,-0.02423833,-0.0736406,0.01394048,-0.06854789,0.041349836,-0.03942246,-0.08102705,0.019469732,0.023958141,0.052710235,-0.060005143,-0.06352478,0.053188514,0.04385387,-0.05587416,0.0797042,-0.076581374,0.066641055,-0.0017353228,-0.009602618,-0.031602357,-0.093812294,0.06871046,-0.060716867,0.06968863,0.011352573,0.039055813,-0.06739375,0.009046632,0.007854225
-0.005069648,-0.06342784,-0.016967803,-0.080966264,-0.053993054,-0.0072880196,-0.05845369,-0.05038851,-0.027978497,-0.048637666,-0.0502315,0.0240986,-0.010821455,-0.0253181,0.0300796,-0.039696556,-0.048398506,-0.047919337,-0.012855724,-0.02621233,-0.020668486,-0.035552718,0.02842596,-0.03299231,-0.0895417,-0.03980232,-0.03856345,-0.048625275,-0.06098746,-0.04766091,-0.040679272,-0.0735253,-0.03353194,-0.04964694,-0.06607845,-0.029596694,-0.043518424,-0.050791066,-0.045995887,-0.040412694,-0.014133425,-0.0628128,-0.06793611,-0.052368402
0.07250994,0.07642399,0.06547667,-0.04253705,0.07985434,0.08140119,-0.015771037,-0.024603521,-0.01161701,0.028539756,0.08726047,0.08051169,0.08487642,0.08615566,0.085983135,0.06560038,0.026074562,-0.028840652,0.086437285,-0.03977109,0.039159514,-0.0710292,0.07472791,0.09902985,0.028117321,0.023651423,0.09437729,0.039671212,-0.033889584,0.004552887,-0.017347537,0.06683379,0.0678831,0.013729521,0.029397435,-0.024544215,0.08625514,-0.0012049546,0.0765754,0.057391837,0.08555739,-0.058440305,0.0013934503,0.007162331
0.04718033,0.006334595,0.03739681,0.026861984,-0.017063104,-0.017694896,-0.017187499,0.042171586,-0.05756005,0.022697313,0.011246607,-0.01564074,0.008172956,0.017535746,0.05968628,0.022461237,0.0025355672,0.022581834,0.02662147,0.046783704,-0.02751132,0.009693752,-0.029867701,-0.01160524,0.03554437,-0.03661153,0.037248842,-0.00020235492,0.036082268,0.043522008,0.018950764,0.031119322,0.03974455,0.02866962,-0.017228998,0.056869943,0.03712086,-0.01888321,0.050435062,0.018035537,0.049682178,0.017935157,0.054424807,0.026286302
-0.032105006,-0.04434618,-0.04350859,-0.028820898,-0.05193871,-0.0423022,0.0010393203,-0.034317028,-0.02612823,-0.025531242,0.04344593,0.0017573559,0.002766373,-0.011035475,-0.013525278,0.023388026,-0.027508704,0.02017232,0.02457413,0.072812445,0.035070248,0.018006548,0.033316582,-0.054503337,-0.065768704,0.014633636,-0.009899709,0.0034923546,-0.007407713,0.043434754,-0.049599417,-0.0587494,0.04658778,-0.029220246,-0.037822273,-0.014080766,-0.011964316,-0.011136726,-0.010180095,-0.021019097,0.02957041,0.056725346,0.025776476,-0.008630333
-0.03733488,-0.06264444,-0.031373836,-0.042981938,-0.041811075,0.063709885,0.02285908,0.026397668,0.0045797396,0.014724707,0.037202027,0.007202044,0.016861027,-0.057293013,0.001130219,0.069005236,-0.019196399,-0.022069031,-0.0033138355,-0.061874952,-0.067076474,0.000714315,-0.01725671,0.04704784,0.07210812,-0.055407844,-0.009783047,-0.031059306,0.027424514,-0.024975808,-0.041116245,-0.055130243,-0.07102969,0.033834424,-0.012187842,-0.013245494,-0.04885529,-0.02733645,-0.036671385,-0.0093568675,-0.005782582,-0.061444722,0.015070025,0.014223478
0.06069908,-0.07765187,0.04098895,-0.035579953,-0.071072474,-0.022715129,-0.00803055,-0.0052387295,-0.04347117,0.021372732,-0.003935837,0.039570544,0.03161776,0.034792654,0.027447013,0.0408873,-0.052919615,-0.07036073,0.035810106,-0.041230988,-0.031207701,-0.03056924,0.0134424735,0.032375272,-0.054173306,-0.03778334,0.00020942204,-0.071297824,-0.038788944,0.051867384,0.01572299,0.05319657,0.0018708444,0.021346029,-0.06600907,0.014034105,0.01922911,-0.05438171,0.025662728,0.023347627,0.06835232,-0.07353669,0.044249676,-0.05363815
0.05107191,0.03238251,-0.060927816,-0.056125406,0.03508406,0.012113964,-0.07233982,0.014137738,0.04063732,-0.06436756,0.05709396,0.009715339,0.04601238,0.052484605,0.040010534,0.034518916,-0.0027802922,-0.012899901,-0.0016274307,0.042572435,0.047076467,0.01482178,0.04504281,-0.0090910895,-0.03102628,-0.0708906,-0.0383035,0.031807844,-0.044971947,-0.06884618,-0.018782089,-0.073018365,0.0027283686,-0.0015790502,0.060289487,0.018507868,-0.043180432,-0.047223695,-0.040293973,0.05255325,-0.054885916,-0.028324721,-0.016211176,0.032340992
-0.07523462,0.024400437,-0.046285,-0.006596475,-0.02813977,0.04153062,-0.0057371324,-0.0459053,-0.027434513,-0.028138055,-0.0010246008,0.0056511075,-0.04052242,-0.045402203,0.006371607,0.026027627,-0.00054939254,0.013769734,-0.013074709,0.020224044,-0.027020512,-0.013318812,0.05342949,0.031740185,-0.0013623069,-0.036052987,0.04274721,-0.02912708,-0.042930312,-0.037232302,-0.038151555,0.0067114523,0.006367637,0.0033362804,-0.02430388,-0.052641287,0.029631888,-0.044007327,-0.048995506,-0.007522818,0.037007283,-0.0019030323,-0.018134592,-0.031105611
0.029561857,0.02454084,0.035827897,0.07783186,0.056065094,-0.069099374,-0.0059598796,-0.031111144,0.028481485,-0.019088227,0.0707297,-0.078473166,0.08828461,0.051068783,0.06696595,0.016875936,0.0553097,0.03855342,0.037593946,-0.06946291,-0.029045666,-0.038549855,0.052188095,0.03575102,-0.06078218,0.078797646,0.050566234,0.054796137,0.02542544,-0.03233137,-0.016634084,-0.046994515,0.077030495,-0.05017147,0.011909035,0.007740854,-0.0180164,0.021792715,0.08196728,-0.033345282,-0.055035587,0.0640699,0.05093206,0.050020076
-0.0059912098,0.072972514,0.021517934,-0.0009881849,0.05717385,0.039450005,0.037274066,-0.049151424,-0.05378578,-0.008889784,0.031028157,-0.048463713,-0.012529374,0.015176445,-0.04177689,0.08130321,0.051249087,0.03572836,0.048094857,-0.0062124566,0.035515446,-0.0065622735,0.036536112,0.050248332,-0.072128125,0.055924717,-0.014801207,-0.041831855,-0.03949456,-0.028840851,0.024733325,0.048841532,0.0025449353,-0.010453049,0.045636147,0.011876464,0.08477102,-0.040016137,-0.01621718,0.003962713,0.031838782,0.05211372,0.05647405,0.04414713
0.022225002,0.04073532,0.054566786,0.021254579,0.06898284,-0.06882624,-0.027198553,0.014233919,0.049001686,0.026086168,-0.046232626,0.01025016,0.020796793,-0.032362152,-0.004723865,0.012718086,-0.06431606,-0.008813168,-0.016611923,0.050588034,0.035373263,0.02554292,-0.036319826,-0.01792002,-0.038590904,0.048862614,0.023368299,0.031885426,0.046924204,0.0183206,0.08098002,0.027873555,0.027695673,-0.033535074,0.012237281,0.019583367,0.009012879,0.006952125,-0.046532314,0.061632656,0.0019933814,-0.018316181,-0.0025885801,0.041647423
0.0065827705,-0.072741814,-0.065848775,-0.055886976,-0.057423968,-0.060083266,-0.03599496,-0.025458189,0.05968721,-0.068293884,-0.05036705,-0.0131659955,0.019182077,0.06568719,0.03873371,-0.01064401,-0.046060182,-0.054516487,0.016193673,0.013495324,-0.042079434,-0.04755749,0.038316704,0.0026361481,-0.05379694,-0.048877608,-0.024049379,0.02857573,0.02018216,-0.039856266,-0.03085908,-0.042772193,0.0046212994,-0.048757315,-0.012854903,-0.027016038,-0.020931793,-0.023648022,-0.066538274,-0.036580544,-0.0075451406,-0.061118543,-0.055101395,0.0040720413
0.041084044,-0.035112143,-0.032551583,-0.030560557,0.009561667,0.004743021,-0.017543865,-0.028761275,-0.02964572,-0.057373557,0.018740656,0.035207324,-0.0036139803,-0.039215546,0.03280266,0.041310214,0.03465552,-0.070216596,-0.033065822,-0.05099417,0.03694156,0.06009089,-0.014733883,0.04489618,-0.04841633,0.03945023,-0.018136283,-0.04388694,0.033331964,-0.058026854,-0.011922362,-0.010095362,-0.034394935,-0.011574257,-0.059467655,-0.061109006,-0.051956438,-0.05683559,0.054731075,-0.052919716,0.0007113192,0.006660111,0.040421825,-0.030425934
-0.039376408,0.0031120745,-0.06949859,-0.065587044,0.07658656,-0.049832847,-0.040757652,0.05888393,0.073339656,-0.0022867324,-0.025832092,-0.08026351,0.046738263,0.051151577,0.073565625,-0.020828761,-0.07518171,0.06693654,-0.017545655,-0.05383629,0.019067498,-0.025524234,-0.027956685,0.00412022,-0.03146578,-0.0049203304,0.018915623,0.014856707,0.0035694232,0.021320513,0.013337054,0.008808229,-0.05440561,-0.017693821,0.05638326,0.051998235,0.027555719,0.06296621,0.08332443,0.06167607,-0.008653183,-0.060839206,-0.05539961,0.0048383647
-0.052790206,-0.024386723,0.04423171,-0.037955426,-0.052328974,-0.03278166,-0.035194017,-0.0050173323,0.0024571153,-0.032677986,-0.0018726469,-0.01250568,-0.020562056,-0.012487888,-0.02320358,-0.03892123,-0.023388883,-0.02528048,0.044810817,-0.05307033,-0.008897779,0.012517169,0.017073017,-0.009746501,-0.057014406,0.0038623794,-0.0022029695,-0.025928598,-0.031448245,-0.009390043,0.03221081,0.020801239,-0.032509148,-0.028457707,-0.06561583,-0.050278094,0.043524202,0.017135853,0.030836655,-0.054878183,-0.030697515,-0.049663402,-0.010926956,-0.013355164
0.068232685,-0.033467785,0.0082926685,0.009147528,-0.052516483,-0.043384347,-0.0464893,-0.050362088,-0.037461188,-0.019359246,0.0055390834,-0.04450846,0.051795408,-0.007111267,0.01891246,-0.06357791,-0.031944282,-0.05548733,-0.047085285,-0.042383645,-0.06388741,-0.025262807,-0.061199304,0.017886957,-0.026362613,-0.05867139,-0.021273801,-0.020564783,-0.018507697,-0.05263773,0.029403688,0.03872848,-0.056214876,-0.022215992,-0.045965105,0.0049524987,-0.0622071,-0.03135456,-0.048646566,0.02524003,-0.027453545,-0.03607104,-0.043721743,-0.050916996
-0.05514697,-0.01945664,-0.06927572,-0.07379473,0.020181598,-0.046765625,0.016581733,0.035366103,-0.069899894,-0.057343718,-0.05137938,-0.076589495,-0.08058526,-0.078346275,-0.04326565,0.008599372,-0.0565199,-0.05384122,-0.062547386,-0.014801858,0.017106077,-0.053141154,-0.06639074,0.009970538,0.012629439,-0.028149301,-0.038197223,-0.050606534,0.0010932394,-0.06091801,-0.06447746,-0.046440225,-0.05040906,-0.010056107,-0.011418035,0.0033186036,-0.044798587,-0.049889304,-0.028646084,0.015742881,-0.052317765,-0.038333774,-0.039945584,-0.036506604
0.008255889,0.0399017,-0.06615155,0.011732411,-0.04735476,0.017468942,-0.0016704843,-0.019165179,-0.005170283,-0.06470762,-0.012047277,-0.05125224,0.041469693,-0.048559777,-0.03769974,-0.055310078,0.058111,-0.037903745,-0.0066754785,-0.018097037,-0.046806563,-0.012964561,-0.011349073,0.041685145,0.03739007,0.0061794994,-0.043003004,-0.044188857,-0.020254934,-0.04790419,-0.035494022,0.027822938,-0.006018001,-0.04776264,0.014964514,-0.06326588,-0.061438464,0.010252662,0.03618377,-0.023657631,-0.016694395,0.026078543,-0.00039926442,-0.039633494
-0.039024547,0.021628754,-0.017359553,0.05881633,0.0058262395,-0.06865581,-0.029197903,0.057268664,0.061901618,0.03038995,-0.043383434,0.038988918,-0.01253941,0.050057206,0.07110562,0.02043829,-0.028951759,-0.045801643,0.06001139,0.075083956,-0.029479053,-0.010306988,0.048121512,-0.037253585,-0.068436146,-0.06856272,-0.010710913,0.06587232,0.041531328,0.033101868,-0.0154046,0.015214584,-0.0047169025,-0.0019875278,0.019399581,0.025085827,-0.024588324,0.049931843,-0.02674197,-0.010620992,0.035935387,-0.051025186,-0.03549182,0.025939142
-0.01544685,-0.038438007,-0.042883683,0.047695834,-0.04799412,0.056249697,0.07399243,0.017931614,0.01983832,-0.012858906,-0.022962652,0.059784845,0.003239017,0.012544992,-0.04052183,0.027899971,-0.05286817,0.0057526277,-0.0399439,0.054844752,0.054406337,0.030333396,0.022797326,0.013820908,0.039610352,-0.0012442986,-0.008763171,-0.01032211,-0.06259836,0.05669385,-0.010540717,-0.069112696,-0.039364256,0.034350958,-0.06652054,-0.003941291,0.02147594,-0.04233789,-0.052539438,0.025139755,0.03156712,0.02827363,0.061639227,0.043181784
0.06521992,0.0050773905,0.01737013,0.073176526,-0.06891726,0.017143259,-0.050517403,-0.056062277,0.00065327814,0.039879255,0.038201246,0.073954895,0.012123909,0.007213725,0.018878216,0.07145048,-0.026080929,0.03895798,0.014752823,-0.010168841,0.010065941,-0.03920663,-0.03264921,-0.024036111,0.030911071,0.07689337,-0.034406185,-0.0036147055,0.07779346,0.0038802668,-0.03384843,0.020920873,0.04464252,0.038009554,-0.05390414,0.043069445,0.039451797,-0.038964864,-0.061248537,0.0047636586,0.030055981,-0.01064553,-8.725703e-05,0.076514
-0.04964053,0.008202734,-0.04473562,-0.059607714,-0.05552047,-0.07223187,-0.051925167,-0.06455043,-0.04515793,-0.07883842,-0.051135782,-0.060908172,-0.034410927,-0.009051191,-0.05726448,-0.08580461,-0.050615184,-0.06249525,-0.016234584,-0.021563083,-0.040930424,-0.05850062,-0.04220958,-0.06916083,-0.071248546,-0.037263304,-0.06339695,-0.043491594,-0.063566186,-0.07286536,-0.06367435,-0.038316958,-0.001754396,-0.0693992,-0.02239484,-0.07134662,-0.03815177,-0.066271834,-0.016299607,-0.06045693,-0.053896092,-0.015860576,-0.04748433,-0.0571924
0.006520791,-0.040687956,0.06923643,-0.0067068343,0.003098779,-0.07615096,0.02871533,-0.041333262,-0.013925694,0.062728845,-0.018349351,0.0032745383,0.016730765,0.06736872,0.07911261,-0.019453906,-0.044358294,0.0660073,0.03546133,0.06768224,-0.047210354,-0.025419466,0.047259416,-0.030052608,0.003999362,-0.0357536,-0.01794047,0.013436158,0.0452072,0.023722835,0.008733714,-0.03176491,0.011984232,-0.013954488,-0.045531336,0.034343183,-0.04588108,0.026171967,0.004157909,0.05471675,-0.0059294403,0.060149636,0.029434245,-0.025423665
0.07864085,0.077848725,0.07955017,0.08700011,0.07987689,0.08997823,0.09486538,0.08316869,0.08593034,0.08998407,0.08920394,0.087594084,0.08957483,0.08729693,0.10167172,0.09537295,0.09406962,0.07858996,0.09116895,0.08479773,0.0861858,0.09169702,0.08321638,0.104625575,0.14883494,0.084060065,0.09441742,0.083327845,0.087461635,0.08915561,0.09393786,0.08753068,0.0801367,0.090465955,0.082174435,0.09867445,0.08779115,0.09128092,0.08646067,0.07944834,0.09074964,0.07937073,0.0851402,0.0886336
-0.01390977,0.026394105,-0.0029313967,0.016750036,-0.029771939,-0.060255315,-0.021945413,0.02889756,-0.00251374,-0.06942286,-0.056613002,-0.07429295,-0.012498403,-0.0075757345,-0.036185283,-0.04023621,-0.051253196,0.0069357194,-0.061752845,-0.0045580636,-0.0077844975,-0.06667814,0.02706181,-0.033911478,-0.071396865,0.051302467,-0.046137087,-0.031086726,0.038837153,-0.025211763,-0.013037842,-0.02831949,0.060040325,-0.04343918,0.059163366,0.0024525144,-0.0060008005,-0.06316005,-0.016382549,0.049727082,-0.01678975,-0.02698978,0.006558019,0.050575957
0.04606232,-0.022777518,-0.018103506,0.0022300887,0.07581287,-0.05346349,0.032209203,0.07659001,0.067044556,0.036255747,0.019678114,0.06339646,-0.06737676,0.009633863,-0.010010676,0.00630062,0.06418327,0.009250445,0.064368896,0.05326078,-0.028034715,0.024617454,-0.03172496,-0.020982405,0.0076643024,0.076902315,0.051308207,0.024168266,0.06952277,0.043794584,0.03500826,-0.029771881,-0.0040521296,0.01656222,0.02358905,-0.03163231,-0.037808575,0.04332683,0.01029926,0.0757042,0.03565307,0.05927101,0.05176856,0.03930977
0.06799198,-0.045268245,0.010558283,0.036748093,0.014517724,-0.031912804,-0.0020705457,0.040475164,-0.046965227,0.016059417,0.034288615,0.019081034,0.05790978,0.025419736,0.04664678,0.03446699,0.019056667,-0.062425755,-0.01666889,-0.0053486326,0.021208812,0.05035603,0.005919051,0.0051642284,-0.01894229,0.0527925,-0.0056455657,0.009910597,0.03365426,0.05368987,0.04810506,0.047170233,-0.0009126774,0.049508106,0.014537675,0.006922166,-0.04664606,0.06864086,0.010842376,-0.028685886,-0.01159327,-0.01714903,0.024309032,0.042680364
0.07359487,-0.02822322,-0.024371937,-0.026893286,-0.0066436147,-0.027095223,-0.0038649393,0.042362407,-0.012133819,0.06088622,0.026624024,0.04712501,0.052689284,0.011765295,0.07463624,0.0416401,0.04449786,0.0059920233,0.06577488,0.046104368,-0.059237584,0.001298397,-0.079304844,0.042711154,-0.029935056,-0.05530832,-0.021730991,0.08199972,0.061404843,9.032044e-05,0.027080068,-0.019071344,-0.036322292,-0.001529204,0.0664648,-0.026194792,0.042184412,0.017222812,0.07403141,0.061155885,0.035780456,0.038583674,0.0624145,-0.038401335
-0.06075893,-0.029646263,-0.05285729,-0.044910137,-0.054922517,-0.05215427,-0.06592238,-0.057064652,-0.020704417,-0.06790073,-0.028122185,-0.052884854,-0.066436924,-0.07578352,-0.08579438,-0.058741618,-0.03289922,-0.039630294,-0.0694695,-0.058144603,-0.03488144,-0.06613752,-0.054429885,-0.074608974,-0.11269163,-0.04329768,-0.052650187,-0.067822844,-0.046464454,-0.07273222,-0.07787983,-0.02923098,-0.01385411,-0.079988964,-0.0070569203,-0.051520154,-0.02561382,-0.06491088,-0.056575354,-0.051228404,-0.07982566,0.04655619,-0.03999012,-0.026870746
0.043195926,-0.03748072,-0.043998513,-0.018163031,-0.028767167,-0.014519857,0.0009327847,-0.044173907,-0.0067388685,-0.03815382,0.045360576,0.056176417,0.04651421,-0.05409337,-0.018111078,-0.0027609933,0.025150966,-0.047381986,-0.023580726,-0.024041586,-0.014111333,0.01367254,-0.0036399052,-0.06954851,-0.06317836,-0.036451016,-0.015758,-0.03758866,-0.06906708,-0.047952216,-0.074928075,-0.07617325,-0.0053512338,-0.025414476,-0.033756703,-0.05412591,-0.035995092,-0.027441828,-0.057262864,-0.018122634,-0.010628424,0.021583393,-0.051829822,-0.058087576
-0.024006927,0.038283505,0.06551514,0.04584012,0.040471777,0.034140985,0.07839753,0.03424588,0.047237463,0.034813657,-0.02850804,0.040248793,0.058939368,0.05819255,0.030913234,0.020105956,0.044165216,0.052315075,0.040245507,0.03848637,0.06365873,0.046424817,0.012930951,-0.05318294,0.0117755765,0.024037326,-0.014559693,0.05511391,0.06258434,0.061178133,0.01951091,0.02557554,0.029632539,0.024991915,0.038799975,-0.007073955,0.023436435,0.03225949,0.053750545,0.018633539,0.012450539,0.06284741,0.051140275,0.06544652
0.0010409489,-0.06893981,0.013947329,0.0128858285,-0.06517123,0.033051115,-0.014134829,0.029757438,-0.07921526,0.059244286,0.045768734,-0.037905727,-0.03139443,-0.016052097,-0.05451189,-0.035788253,-0.012567765,0.05268931,0.05886332,0.08261196,-0.05137402,-0.048984427,0.003977061,0.03261573,0.0072023105,0.03287728,0.009048304,-0.00017789818,-0.016152313,-0.020915106,0.046833627,0.013780333,-0.03525585,0.03055746,-0.0017481783,0.020596245,0.06695232,0.039011974,0.046855252,-0.06754527,0.037867002,-0.0054782694,0.059725545,0.07263633
-0.0007021619,0.040273424,-0.0017565823,0.03268761,0.06767195,0.071094885,0.07156586,0.0170346,0.049456675,-0.007973866,0.026494162,0.025520768,0.06490373,0.06065303,-0.046140846,0.01579635,0.046544667,0.06380782,0.033579342,-0.018042376,0.03293582,0.042051926,0.044279598,-0.03274149,0.004733362,-0.053919327,0.037940003,0.07278469,0.0063499743,0.037710447,-0.020463444,0.029561762,0.06699843,0.006071301,0.07140529,-0.005136716,0.019621983,0.060975093,0.036322024,-0.027578685,0.042249046,0.03219946,0.0071393168,0.018317657
0.0343035,0.024731642,0.047608346,0.011602676,0.06598852,-0.012160203,0.032244746,0.0075285705,0.060746633,0.049383856,-0.015844617,0.074525036,-0.019575926,-0.05283587,-0.011736507,0.059126902,-0.041083615,0.03850312,-0.016018495,0.032038998,-0.025525885,0.014733429,-0.00022975408,0.05994871,-0.007589154,0.019807184,0.025210964,-0.036855705,0.069391035,0.010489585,0.041010972,-0.03116942,-0.056090675,-0.06610563,-0.031602107,0.03066058,0.036331724,-0.011538608,-0.0770058,-0.021569313,0.03806514,0.005328695,-0.029361906,-0.045710877
-0.06644008,0.051872052,-0.014717102,0.02519711,-0.007443437,0.0367653,0.08731835,0.040823672,0.059057876,-0.055773884,0.002907379,-0.03376363,0.0008088172,-0.07651824,0.038802028,0.015833113,0.046125297,-0.015110028,0.05852474,0.041051988,-0.05509669,0.06704691,0.066237874,-0.024493529,0.021834023,-0.06627101,0.05308385,0.041536164,0.002313476,0.05964435,0.043483075,0.058192484,0.01261126,-0.031949006,0.04225994,-0.052963637,0.06881206,0.028641075,0.02901953,0.06280532,0.044406075,0.009252164,0.073943526,0.040459182
0.0690245,0.02102007,-0.062385794,0.024319736,-0.05117943,-0.054070547,-0.023763314,-0.03956956,-0.009431091,0.004387559,-0.07247521,-0.043995164,-0.029217612,-0.026295029,0.010636396,0.011694267,-0.0010291097,-0.044741265,-0.054031,-0.04426437,-0.012806277,-0.049536463,-0.05237525,-0.0014483805,0.00093280454,-0.06328603,-0.040361192,-0.04690801,-0.020614348,-0.03699292,0.047217567,0.006477379,-0.029647114,-0.01826229,-0.061379146,0.0071774,-0.006668993,-0.049874924,-0.06736053,-0.006719059,-0.04618734,-0.034231924,0.03717005,0.018428296
-0.068510674,0.07375782,-0.047374345,-0.014351731,-0.0011831175,0.048568197,0.05419527,-0.0068975966,0.039021183,0.048659496,-0.014567363,0.012474022,0.014496221,0.05242757,0.0038829134,0.029558545,0.025222218,0.07323723,0.015738392,0.0007434029,0.038692966,0.044107523,0.074975416,0.024419123,0.015215209,0.011085995,0.021523261,-0.02355762,-0.033346932,-0.028210046,0.018470686,0.006074479,0.07876363,0.012890358,-0.0043648235,0.033851948,-0.03194016,0.030523665,0.065078594,-0.051641922,-0.005487539,0.01990677,-0.053432267,-0.04695183
-0.0031105785,0.044292927,0.02501126,-0.00494975,-0.042854697,-0.05706469,-0.031699233,-0.073751025,-0.06446965,0.0014248992,-0.07877332,-0.012153018,-0.0057590315,-0.056401268,-0.022827908,0.02835257,-0.04323094,-0.011167823,-0.06813611,-0.007658505,-0.044559512,-0.0609805,0.04473362,-0.024200449,0.040595297,0.049929176,-0.014705228,-0.014790903,-0.04565943,0.08398232,-0.060687102,0.026679274,-0.01045314,-0.008573986,-0.011966512,-0.01999799,0.005257241,-0.03319794,-0.06219666,0.039843645,0.026707374,-0.025632713,0.083161175,0.01605954
-0.060450815,-0.025846338,-0.041128222,-0.032153994,-0.018088426,-0.027260233,-0.01732937,-0.016235601,0.05456652,-0.05594864,0.053237915,-0.03436023,-0.050935157,0.007146251,-0.09075295,0.0089995125,-0.0067737037,0.016170086,0.026324656,-0.018332219,0.01944747,0.009412743,0.025206346,-0.093503915,0.06633654,-0.052252237,-0.024849365,-0.012024827,-0.021442117,-0.013598588,-0.03975643,0.013593743,-0.022775562,-0.07249363,-0.028140293,-0.008071944,-0.03280897,-0.042751174,-0.049489222,-0.030371452,-0.00032677694,0.046181478,0.011250068,-0.022291357
-0.014990593,0.03402379,0.0009837608,-0.04848712,-0.033038326,-0.00076028705,-0.0053528086,0.0023526323,0.008481772,0.031259112,-0.039840713,-0.00462449,0.027092256,0.0019426827,-0.027041722,-0.0035098305,0.029353159,0.020529417,0.039936867,0.059153095,0.014199862,-0.027490143,-0.0021878034,0.0020247845,0.021663757,-0.013181645,0.04713816,0.011338359,0.007801952,-0.016676137,-0.010971664,-0.025042614,-0.03468459,0.023302637,0.005517601,0.013240584,-0.0062881857,-0.032026343,-0.06559012,0.057630826,0.056442074,0.040548917,-0.008425894,0.014790187
0.07353833,0.009424288,0.052263163,0.061146177,0.021249995,-0.007831967,0.054239295,-0.053945776,0.03157194,0.039409194,0.06721447,0.051435698,0.068125024,0.06842799,0.038255256,0.054443777,0.022069478,-0.011521462,0.049852915,-0.018060211,0.0462712,0.025738522,-0.027316041,0.01644647,0.019188864,0.016872907,0.04115584,0.060914483,0.057172183,0.054004885,0.060533877,0.02130163,-0.0030241148,0.060576987,0.041855514,0.015346058,-0.02146682,0.063807674,0.012058244,0.04701278,0.06465946,0.009278385,-0.00998801,0.030358478
0.059243474,-0.0333513,-0.025862353,0.07575576,-0.043226417,-0.037241194,-0.02121302,0.06318656,-0.008953534,0.015958672,-0.014218498,-0.024551481,0.02394663,0.04189357,-0.009080355,-0.036703862,0.003242085,0.029882954,-0.025215244,0.044907544,0.018493513,0.047295917,0.031091703,0.01300937,-0.046190422,0.023224298,-0.048471194,0.046960246,0.0401626,0.044740584,0.058728114,-0.06887481,-0.032265443,0.016186237,0.02310341,0.0034427007,-0.053508703,0.03240227,-0.013319768,-0.017767916,-0.020526962,0.010210526,-0.036647785,0.009301982
-0.04916951,-0.06269693,-0.067213714,-0.06597847,-0.058190033,-0.03551938,-0.01215868,-0.05351652,-0.07035218,-0.055251814,-0.038323496,-0.033452142,-0.062305395,-0.05359184,-0.070715286,-0.017385257,-0.067822784,-0.06160169,-0.026513904,0.013152848,-0.043115564,-0.052401986,0.037416864,-0.04310244,-0.002604051,-0.06595449,-0.0417492,-0.057933245,-0.048636872,0.019658953,-0.05978416,-0.031997696,-0.037410762,-0.053163297,-0.060032696,-0.0039631375,-0.055578057,-0.067140415,-0.070331395,-0.039496038,-0.06422202,-0.061271664,-0.04384743,-0.049723774
0.054069553,-0.04549208,-0.03372665,-0.005704737,-0.036072407,-0.037385963,-0.019251604,0.026949387,-0.052039098,-0.017204184,-0.02967346,-0.06721517,0.02073636,0.016835367,0.073201984,-0.059953317,0.0330999,0.018779391,-0.03240048,0.013506878,-0.049084835,0.0058162394,-0.053688608,-0.05883194,-0.008459435,-0.012348938,-0.03897565,-0.04434779,-0.057732243,-0.050080214,0.0037484267,-0.017521763,-0.0038519618,-0.033095844,0.04105795,0.067893416,-0.02136493,0.056545056,0.05548518,0.0038491942,0.057213437,0.0020325787,-0.05079825,0.032198016
0.063701436,-0.06049025,-0.048050158,-0.0145562,-0.03727228,-0.03667934,0.00082389713,0.02152576,0.020810666,-0.04524235,0.018955521,0.007786761,-0.060282778,-0.010137632,-0.071750455,-0.011836969,0.0011395167,-0.02624076,0.006014016,-0.055316415,0.007199646,-0.00566231,-0.058368433,-0.01919078,0.04107972,-0.02373652,0.03406327,-0.006168483,-0.026551383,-0.0040915003,0.020776022,-0.06293653,-0.05633786,-0.049656194,-0.013203415,0.055914063,-0.036044408,-0.012585144,-0.023869632,-0.018437332,0.008603804,-0.0381329,-0.043200195,-0.017591372
0.03323745,0.043284863,0.030691989,0.042189207,0.020986041,0.008968286,0.0348518,0.007444152,0.031949084,-0.013645407,0.050560705,0.017982623,-0.021257605,-0.0037049127,-0.0745868,-0.039095137,-0.007891734,0.029879902,-0.037016798,0.041832253,0.015952488,0.009707813,-0.011707845,-0.0009427203,-0.043219816,-0.0152155785,0.027199978,-0.0054191146,0.018284267,-0.037261628,0.0039735003,0.023565235,0.025820969,-0.0038617132,-0.016926099,-0.025963867,0.014578144,0.013368392,0.053235907,-0.030933278,-0.030267462,0.016405217,-0.01284215,-0.026426477
0.031540383,0.03996701,-0.07335401,-0.017764043,-0.009223775,0.07663251,0.07179297,0.07161967,-0.071081005,0.05018839,0.019383209,0.014151598,0.059310257,0.072331235,0.028761653,0.078264475,0.07098956,0.0050372146,-0.035906367,0.067237526,0.041870203,0.03857996,0.003141835,0.00543192,-0.04026038,-0.018649746,-0.055166174,0.02056752,-0.00075010245,0.018973714,-0.0077677323,-0.07518028,-0.019346235,-0.01750666,0.066617,0.06618496,-0.04840805,0.07507491,0.06425316,-0.024593104,0.02112117,0.048033558,0.074017294,-0.057325453
0.05497554,-0.0017346212,-0.0143919615,0.015948668,-0.0021706475,0.035715435,0.0625363,0.033097014,-0.004106253,0.032229044,0.04838495,0.053227972,0.05575093,0.017932601,0.050565615,0.058228787,0.056383226,-0.005862352,0.05227928,0.009701891,0.009867612,0.036340922,0.0016247857,0.05275121,0.069503844,0.024979714,0.07209148,-0.0029674189,0.022551373,0.036828957,0.0075951777,-0.0069296304,-0.026333412,0.04885701,-0.0014956052,0.029467287,0.03054838,0.030900296,0.034634363,-0.052133355,0.018492427,-0.030250026,0.0021899454,0.029774208
0.048722845,-0.01753001,-0.058282044,-0.053837743,-0.0746155,0.03936621,0.0046599503,0.009591328,-0.04814497,-0.050082725,0.06972802,-0.009102932,0.008140039,0.05626351,-0.012158292,-0.046985608,0.023907697,-0.049033027,-0.0438162,-0.061492104,0.028133009,0.033170078,-0.011089875,-0.0771005,-0.01658563,0.040332045,-0.037599377,0.017644469,-0.021448407,-0.043033205,-0.01384186,-0.06028681,-0.048342958,0.009861943,-0.017414577,0.040066738,-0.055634093,-0.026920717,0.018166909,0.05580905,0.044552002,-0.05313664,0.011426226,-0.061624315
-0.06379409,-0.030800773,-0.03570987,0.034892287,-0.017177444,-0.02216793,-0.054287545,-0.0046928045,0.016649483,0.037387725,-0.043088086,-0.024240704,0.030810231,-0.04273856,0.002047072,0.05812173,0.021335186,-0.003470194,0.041384164,-0.07216845,-0.048816994,-0.046283614,-0.07212202,0.05173331,0.011718112,0.020338744,0.03264217,-0.052188635,-0.067600094,-0.0123069845,-0.009540573,0.009837337,0.0140130725,0.02663523,0.01679246,-0.0023137617,-0.054768354,-0.05807054,-0.05955101,-0.047885705,0.032126307,-0.039246507,-0.02380653,-0.03471882
-0.04095783,0.044086333,-0.009773344,-0.053792372,0.0010632678,-0.015788201,-0.055101577,-0.027385082,0.027069898,-0.04084444,-0.05417931,-0.0131965615,-0.04418914,0.003484137,-0.006865686,-0.019939827,-0.026885062,-0.013874067,-0.05176662,-0.07115264,-0.077090375,0.040141966,0.017810991,-0.041847188,-0.049801305,-0.0023674725,-0.023418536,-0.0750114,-0.026196618,-0.067013256,-0.052431274,-0.02125932,0.0142258685,-0.019940704,-0.060684416,-0.08643555,-0.04992358,-0.07805776,-0.0157369,-0.025782628,-0.0057088467,0.07281948,-0.031883582,-0.058762018
0.002354406,-0.019755108,-0.010684287,-0.021196539,0.0113304285,-0.030384496,0.025448112,0.037423357,-0.0026212835,-0.048633285,0.04322842,-0.045094572,-0.041725878,-0.06388312,-0.048016723,0.026315058,0.009697517,-0.02648366,-0.01710612,0.035446692,-0.024876555,-0.009121417,-0.027893223,0.009069074,-0.047830176,-0.022933597,-0.00052319246,-0.03098865,-0.008630027,0.006859501,-0.04279239,-0.064269386,0.015802473,-0.0646673,0.027183868,0.0052896827,-0.06266611,-0.016535578,0.013894081,0.039665423,-0.018600903,-0.000103985214,0.020652365,-0.029016212
0.06967678,0.03304829,-0.007494032,0.06416619,-0.047600184,0.03575481,0.0010430253,0.04287127,0.04106709,0.06238152,0.07710256,0.02861085,0.030827401,0.06414828,0.06348937,0.021813486,0.0684123,-0.01799073,0.056971334,-0.011294058,-0.041627005,0.039537825,0.05581513,-0.024519648,-0.03479052,0.0077505684,0.07746514,0.033929117,-0.026262298,0.011053358,0.06325732,0.011351869,0.034769915,0.061555613,0.03894224,0.04418287,0.063707955,0.064430125,0.033262998,0.008881521,0.071801744,0.041387193,0.05843883,0.053697746
-0.04628175,-0.015324844,-0.043771014,0.0474379,-0.06162962,-0.040983345,0.0367061,-0.014913372,-0.06300083,-0.06653449,-0.060399134,-0.00874269,-0.007998592,-0.008428736,-0.052940417,-0.0627545,-0.072494246,-0.021047315,-0.03794815,-0.016458109,0.05367679,0.026915936,0.021748872,-0.054694187,0.01681813,-0.049054384,-0.011029643,0.01539879,0.05469776,-0.03603727,-0.066004574,-0.025135076,0.059482124,0.0009663452,-0.0141044445,-0.068180196,0.058398638,-0.04318395,-0.03169383,-0.031294055,0.043972977,-0.04490487,-0.000624342,-0.041083734
0.03690471,-0.007605946,-0.023233885,0.057190325,-0.063231945,-0.012971642,0.050519392,-0.028879397,-0.027851583,0.001151199,0.035056848,0.056940183,0.0696474,0.014071323,0.045109514,0.06621809,0.052777186,-0.012551146,0.0233864,0.06807923,0.008844936,-0.027025366,0.07053141,0.014973856,-0.04384226,0.042397294,0.0040458906,0.057672378,0.014946798,-0.063971445,0.038709313,-0.023665214,0.06818283,0.011251458,0.010354297,0.06006195,0.042900518,-0.013702269,0.05793663,0.047196094,0.003997191,0.028591812,0.043364882,-0.029041613
-0.073162705,0.024129003,0.029643882,0.0075387512,0.07764951,0.02765446,0.07161236,0.011441944,0.08385389,0.06262977,0.05611881,0.0010328355,0.044874884,-0.017003309,-0.00028590797,0.078407615,-0.008148708,-0.017270809,0.042703062,0.029222313,0.05955251,-0.050323773,0.051986627,-0.02381948,0.051959567,0.042863563,0.028864447,-0.050341394,0.07626588,0.058075435,0.059293207,-0.058353715,0.020286975,0.04344612,-0.008170535,0.09163639,-0.0028979431,0.03244955,0.04457141,0.059379574,-0.02787425,-0.03578169,0.06100181,0.05519675
0.041576177,-0.017762754,-0.019609705,0.039124,0.06570752,-0.026475549,-0.020343782,0.074477546,0.051712085,-0.026556846,0.04732081,-0.009088726,0.0042625573,0.03041741,-0.01488929,0.06643671,0.051128734,-0.0125461975,0.055152148,0.007248578,-0.007093728,-0.041823003,-0.038850706,0.07156042,-0.0033956643,-0.019651396,0.042694952,0.003243644,-0.007282787,0.084833875,0.05246255,0.058373194,0.07618597,0.061632503,0.007847188,0.029114876,-0.036739036,0.073798984,0.053880453,-0.018322093,0.03664952,0.036623977,0.06902021,0.018482158
-0.03469181,0.06118911,0.036911927,-0.011502763,0.0010188399,0.06656652,0.0054925987,0.0024666488,0.0065448275,0.0438522,0.06994047,-0.02066754,0.047885682,0.037131313,-0.0008450109,-0.039713383,0.037125196,0.028596004,0.031985264,0.008015071,-0.041717354,-0.024618344,-0.0070165675,0.017938994,0.011157165,0.0018500895,0.031610813,0.0112274345,-0.011983862,0.014920364,3.0210067e-05,0.0009209669,0.053455014,0.048130438,-0.04003732,-0.015970789,0.062086776,-0.012113076,0.03726636,-0.027275054,0.040528648,0.015868552,0.04333512,-0.008250442
-0.024773452,0.003888605,0.033918727,0.057953548,0.07351352,-0.0067505124,0.033882223,-0.015349661,0.054306395,0.058441404,-0.012642223,-0.046862498,0.008785974,0.036649704,-0.0067602964,-0.028811326,0.01464387,0.076495275,-0.051359504,0.07426529,0.076169804,0.059482757,0.071736954,0.016546948,0.0052981284,0.06608449,0.0605126,-0.034989145,-0.046245757,0.043774664,0.032595426,0.0079395445,0.06777183,0.040805794,0.024903119,0.018130375,-0.06857871,0.039221022,-0.040149458,0.039424814,0.030671092,0.0656336,0.028093114,0.012840105
0.02639523,0.055168565,0.042824164,-0.022870531,0.04981327,0.034278743,0.004116501,0.01050533,0.04993235,0.06526083,0.013087774,-0.013420148,0.060740862,0.055195745,0.06703996,-0.02808255,-0.00045682275,0.06995262,-0.05140894,0.049103066,-0.016944839,-0.029173024,0.057459254,0.030800508,-0.023407232,-0.008539918,-0.041258983,0.050747886,0.020171735,-0.04430621,0.0035723017,0.013003311,0.0159232,0.021355178,0.025972117,0.03960557,0.031895585,0.025792047,0.022337038,0.060283013,0.06019912,0.06726707,0.059303865,0.074449085
0.07114232,0.06002827,0.008290613,0.0667489,-0.028165037,0.0025163451,0.025146361,-0.020696979,0.067928344,0.06078596,0.062821664,0.044539787,0.027791182,0.06253001,0.055487722,0.062179394,0.049167633,0.022700608,0.07836252,0.04664951,0.013343428,0.04196335,-0.053966045,0.0609673,-0.006667517,-0.011439542,0.08054264,0.044638537,0.0051040603,0.028319638,0.05963822,0.05545095,-0.0018652009,0.0677617,0.05437959,0.063020356,0.079178676,0.02860346,-0.057833284,0.0070803137,0.0782712,0.032933913,0.07271456,0.084555544
-0.018004274,-0.038097557,-0.054605834,-0.0073919296,-0.007344957,-0.024197783,0.01949803,-0.013272476,-0.026475772,-0.0070823515,-0.019324629,-0.005697349,5.26201e-05,-0.045729555,0.0010627551,-0.04928856,0.018251317,-0.03166449,-0.029906666,-0.07073108,-0.005089299,-0.05059132,-0.021374797,0.052402075,-0.007170965,-0.0073465696,-0.04783317,-0.07201548,0.015522886,-0.029018693,-0.017595986,-0.074758366,-0.046385895,-0.06484387,0.022209132,0.05838748,-0.0643111,-0.05965292,-0.0075527825,-0.04486535,-0.04412872,-0.016991375,-0.02953278,-0.027492162
0.05816919,-0.054046974,-0.050098483,0.004602146,0.030853344,-0.061763104,-0.06262708,-0.0577732,-0.014957314,-0.018673949,0.055678878,0.031290047,0.012584837,0.030968172,-0.021970915,-0.056348998,-0.005725442,-0.070835195,-0.066482276,-0.053355694,-0.046650533,-0.05191118,-0.005840205,-0.019313145,-0.01295796,-0.023386842,0.026746524,-0.009799274,0.0043736873,0.016501699,0.036488112,-0.049981445,-0.062060945,-0.0019031862,-0.0472964,-0.02200756,0.039037973,-0.03696021,0.04175859,0.030208662,-0.013926918,-0.06847842,0.0638549,0.028156644
0.051013038,-0.061032392,-0.070601664,0.027771913,-0.0564942,-0.00015017546,0.041912973,0.02592474,-0.02995584,-0.03281789,-0.060069308,-0.068483435,-0.04268983,-0.011750585,0.0011515388,-0.062036015,0.066289775,0.025020616,-0.0074336687,0.02403743,-0.058683623,-0.032538246,-0.06798156,0.016757464,-0.027836086,-0.02981592,0.02450358,-0.036382426,-0.06555751,-0.07604388,0.010545158,-0.023941318,0.040610682,-0.022845907,0.0004228743,-0.061761357,-0.032783512,-0.027385833,-0.014031596,0.059468906,0.013953289,0.08057417,0.052691612,-0.014786415
0.053585853,-0.07278637,0.0038576897,0.02074804,0.039228328,-0.061076984,-0.03527806,0.038310777,0.06068804,-0.007094242,0.055753395,0.07495018,-0.06699508,0.017548144,-0.025397535,-0.010269756,0.019997777,0.009747893,0.059402265,-0.05589189,-0.0758893,0.03590663,-0.03204504,-0.029327389,0.00053686206,0.031406615,0.03952712,0.022685884,-0.03407679,0.06425276,0.06630587,-0.0082304245,0.01828396,0.008453695,-0.058660638,-0.05565794,0.07251144,-0.07096166,0.034761027,-0.033713516,0.01936698,0.018404564,-0.03560225,0.06924456
-0.06541008,-0.0066885944,-0.06076455,-0.053033594,-0.0759465,-0.07243974,-0.00444577,-0.068961054,0.013677537,-0.05375778,-0.048388153,-0.07147089,-0.06623588,-0.009378962,0.06709181,-0.026628181,-0.0047801808,0.026766764,-0.010460263,-0.017323121,-0.056906305,-0.00568465,-0.06427683,-0.04040538,7.2175644e-05,0.006275914,-0.058547005,0.024466028,-0.004970505,-0.034397814,-0.017665338,-0.08162454,-0.0019316294,0.0039402065,-0.07701369,-0.047108505,0.036017016,-0.031242024,-0.023481663,0.03243897,-0.058538184,0.0052888915,-0.060818247,0.034907836
-0.045898825,0.046108305,-0.04842273,-0.05474035,-0.0064233774,0.059580766,0.022644142,-0.008339762,-0.039058127,-0.06108989,-0.036581922,-0.01448813,-0.024677439,-0.026484976,-0.03996557,-0.0083692325,-0.022485767,0.018434092,-0.063479684,-0.021348184,0.03136129,-0.0050481837,-0.048028316,-0.0009715661,0.07040928,-0.05321002,0.00061046163,-0.019524273,-0.03542047,0.0073430864,0.0067921807,-0.03655338,-0.01668296,-0.026321175,-0.036077756,-0.05208176,-0.039818514,-0.029140016,0.03045178,-0.008259146,-0.041930296,0.016255435,0.010504918,-0.0569168
0.05147751,-0.07595906,-0.06139491,-0.0022706448,-0.07980773,0.054519895,0.009292184,-0.05655534,-0.083858445,-0.067417994,-0.064306624,-0.06763929,0.01978049,-0.022981538,-0.02906182,-0.05344037,0.08038032,-0.0049767205,-0.072134875,-0.07754638,-0.053483274,-0.047256157,-0.08002459,0.04322947,-0.05099557,0.025046173,-0.05108427,-0.07635138,-0.08262747,-0.07417,0.015837263,-0.025178645,-0.06546628,-0.04557604,-0.05155064,-0.08521785,-0.055621915,-0.060702443,-0.003986882,-0.014294911,-0.07062654,0.016244072,-0.08161024,-0.06962731
0.027624132,0.0695548,0.06553519,0.061841164,0.06193425,0.038389396,0.056297377,0.07429384,0.059917256,0.044143252,0.05451059,0.05294712,0.062212713,0.06793994,0.054591805,0.021942055,0.029818393,0.06526078,0.03799842,0.07140552,0.06846349,0.07613703,0.07210386,0.061483257,0.029866356,0.058531053,0.047121625,0.0711857,0.06705949,0.07176093,0.0775766,0.06889483,0.06965096,0.081703044,0.055112854,0.02841193,0.07080605,0.07395288,0.07261183,0.0706673,0.050823472,0.06466982,0.059038512,0.03400256
0.0379322,0.06335366,0.011021566,0.02950264,0.05820506,0.012333734,0.019414656,0.04900225,0.048786975,0.048515674,-0.046186388,-0.026512478,0.046874765,0.079898775,0.0629669,0.0127664525,0.05737701,0.03576247,0.071085036,0.00036985005,0.010366564,-0.04600821,0.006824615,0.061998796,0.051702548,0.021296425,0.07181976,0.060222026,0.063710764,0.04299582,0.016968245,0.0024003987,0.07089503,0.04953951,0.07445698,-0.003116928,0.04945958,0.057085637,0.07166287,0.05574901,0.06927023,0.009054351,0.06676732,0.068331376
-0.003610778,-0.074132465,0.004428317,0.058961686,0.0022607453,-0.071335144,0.061254736,-0.03763994,-0.054444216,-0.031966385,-0.039966274,-0.036829997,-0.03403897,-0.04204419,-0.00911602,-0.009282542,0.03356044,0.032481562,-0.04998351,-0.049424242,-0.035876002,-0.024078663,-0.06957359,-0.014714955,0.01873629,-0.03310843,-0.044886276,0.04491659,0.004537352,0.029005928,0.071532026,0.015025502,-0.033040408,-0.028527336,-0.0382813,0.046401966,0.015840426,0.052868005,-0.0077348654,-0.04193811,-0.026533293,-0.05224941,0.057943445,-0.035956465
-0.07863968,0.03253392,-0.022348752,-0.03676376,-0.0033530213,-0.008068359,0.04444883,0.027885735,0.021988342,0.06712625,-0.0051100315,0.024474088,-0.010457884,-0.06810954,0.023044983,0.06997692,0.008816734,-0.049471498,0.044662543,0.038161997,0.026176713,-0.017879872,-0.015417472,0.04117636,0.071700186,0.01663105,0.025887894,0.05346186,0.022514433,-0.04489943,0.034340538,0.027281279,-0.033060014,-0.0013654955,-0.019775864,0.048343316,-0.028137581,0.02633586,0.016465634,0.051106997,-0.0041748616,-0.017397821,0.0032380756,0.021481812
-0.022609673,-0.032550074,-0.002235967,0.032293737,-0.021788714,0.025469914,0.008407468,0.02766437,0.04573271,0.03111393,-0.016020808,0.01425082,-0.054727037,-0.021500269,0.028714027,-0.00054865994,-0.020708717,0.0242882,0.049538318,-0.013034198,-0.015808789,-0.015270788,-0.034420885,0.047631245,0.014320206,-0.012551844,0.0005902159,0.039368138,-0.018426117,0.04773886,0.04966037,-0.040134512,-0.020516025,0.045130283,-0.039620798,0.0013214719,0.06181131,-0.022742284,-0.04814057,-0.017819082,0.035061408,-0.041605625,0.01813888,0.039082464
0.04385198,0.040756535,0.05902894,-0.008322552,0.02287356,-0.014352523,-0.039347634,-0.016749935,-0.059755184,-0.024409715,0.030107593,-0.003858444,-0.025256699,0.042192154,-0.06444656,-0.0031859,-0.031312678,0.009494013,0.058227807,0.0035270466,-0.008874577,-0.026808405,0.013665424,0.033910993,-0.010682965,0.04691051,0.004664539,0.013241778,0.036029737,-0.04009799,-0.012594186,-0.03679608,-0.02287443,-0.021213427,0.050783467,-0.033073515,-0.02677852,-0.041858975,-0.0015572029,0.03477243,0.067743845,0.013459229,0.07040312,0.04679674
-0.009892369,-0.028369127,-0.03833028,0.048226036,-0.038970012,-0.018193495,0.0030038927,0.051915515,0.029346813,0.082242996,0.014994454,0.018026486,0.012834562,0.061228804,0.014942631,0.025641449,-0.03486754,0.07487519,0.033307984,-0.011304682,0.049310863,-0.023038201,-0.002522739,-0.038859475,-0.03347607,-0.06111058,0.0043195826,-0.017650612,-0.009658403,0.027436154,-0.022441197,-0.06480072,0.05025401,0.08902036,-0.04253535,0.052808348,0.0034809667,0.061763674,-0.023619294,0.010610504,-0.0011308462,0.076727666,-0.04607476,0.023334892
0.047828775,-0.004438322,-0.034954544,-0.0036992964,0.004338511,0.017266065,0.02560064,0.034396905,0.04596923,0.045124657,0.023219561,0.022685515,0.010543809,0.026942885,0.014627769,0.05901173,0.00014811155,0.056620784,0.007703047,0.02865481,-0.0053687645,-0.0046491995,0.043972656,0.043193772,0.04466466,-0.019528931,0.03066071,0.052661303,0.060661435,0.005454302,-0.069146566,0.022661416,-0.060004354,0.050368324,0.045212276,0.06505446,-0.0042988025,0.046911348,0.005169577,-0.015670583,0.033566546,0.013174869,0.03065945,-0.0039136074
0.005151714,0.03744417,0.053275295,0.060900733,0.047719043,-0.055715367,-0.035302877,-0.023457175,0.053003207,0.050038703,-0.017134177,0.069174305,0.04762539,0.015508691,0.043283593,-0.004142274,-0.005458037,-0.046762507,0.009412284,0.052557748,0.04463575,-0.046168674,0.008201718,0.06752775,-0.022932027,0.04224533,0.017583814,0.06380103,0.048913788,0.02967442,0.035302844,-0.028469704,0.0066508246,-0.040625732,0.07442942,-0.013283824,0.013151439,0.0033957039,0.019570801,0.07812182,0.082062125,-0.0063708066,0.02628464,0.020649474
0.038003087,0.07279237,0.014417054,0.009018442,0.040218372,0.07894753,0.03891808,0.05519105,0.0375917,-0.030688612,-0.04979864,0.017670812,-0.044757776,0.06618001,0.0066627883,-0.046095867,-0.0075066285,0.062477306,-0.03847306,0.038194593,0.025752474,0.05152724,0.010115071,0.046756066,0.0030055996,0.024686635,-0.008309764,0.065772325,0.046360224,0.06792618,0.0603431,0.009474387,0.026663754,0.031767026,0.028873645,-0.032780394,-0.010878329,0.007020221,-0.047571823,-0.041154835,-0.05554728,0.03210918,0.049871147,0.07868331
0.05093616,-0.03908167,-0.079179205,-0.06236342,-0.06431771,-0.074905254,-0.063845284,-0.07844852,-0.08067055,-0.06628658,-0.047473103,-0.013592778,-0.069004744,-0.063447826,-0.053285744,-0.071320474,-0.086088076,-0.051377114,-0.05863258,-0.04600242,-0.06897045,-0.083382376,-0.04539157,-0.07665316,-0.029620374,-0.07178747,-0.038593948,0.026793597,-0.06985508,0.026325,-0.05923657,-0.020351073,-0.081803486,-0.015894603,-0.066008456,-0.073553376,-0.074523024,-0.08613236,-0.07403135,-0.074393556,-0.041517958,-0.06191675,0.031217447,-0.07388693
-0.0179629,0.05904566,0.008952229,-0.052151915,0.0682755,-0.0470962,0.015089194,0.043836884,0.01216704,0.069312245,0.039045144,-0.018673403,-0.062331628,-0.02682596,0.03800033,0.009608992,-0.005510645,0.014445659,0.039757106,0.08266482,0.060978197,0.007331905,0.013114545,0.022351122,-0.030539567,0.0761179,0.0011298712,0.079455435,0.06599356,-0.015630845,-0.0049591092,0.07638829,0.00703734,0.021718653,0.07804128,0.027180636,0.010873818,0.015064943,0.056858387,0.06501745,0.008669961,0.044697043,0.049908135,0.030961692
0.041463412,0.07350935,-0.020049883,0.061741367,-0.018909197,-0.021432793,0.00093874685,-0.05328237,-0.03490714,-0.008684401,-0.039064184,-0.004861723,0.056105282,0.038508646,0.030380992,-0.017152553,-0.035083693,-0.06274653,0.048992034,0.051034756,-0.0013551037,0.0006423858,-0.045106083,0.033464234,-0.0061733206,-0.024325155,0.052038576,0.050589167,0.038124707,0.06584357,-0.017192842,0.072678216,0.023123477,0.011501003,-0.017963607,0.00058695185,0.051200096,-0.010799258,0.039817445,-0.02318108,0.061064333,-0.0750997,0.029250724,0.08074354
-0.010353614,-0.05324572,-0.06878846,-0.006938618,-0.030705277,-0.06979517,-0.02754519,-0.06294737,-0.027503008,-0.047500905,-0.05828374,-0.05180592,-0.01620026,-0.01747466,-0.0392151,-0.04554928,-0.06970411,-0.040155984,-0.059272192,-0.05475656,-0.06476986,-0.07200403,-0.045091864,-0.0856445,-0.025271738,-0.041051224,-0.07641184,-0.021182153,-0.029139444,-0.04307207,-0.05109189,0.020019066,-0.04261466,-0.058351327,-0.0074162115,-0.034671865,-0.049126387,-0.053404983,-0.0011600918,-0.02151536,-0.07312529,-0.021042494,-0.020754771,-0.041172385
-0.02518208,0.068965614,0.07631089,0.06877035,0.07566345,0.058661804,0.04861055,0.067332,0.042782854,0.012133045,0.04384467,0.068759404,0.036921196,0.08163261,0.021290468,-0.002874103,0.049284857,0.056659654,0.0025489703,0.05488465,0.0626133,0.07095529,0.079616085,0.011706306,-0.03576921,0.026860904,0.035055388,0.045619883,0.01662279,0.06684774,0.0077014677,0.005096041,0.08136975,0.08375593,0.07119088,-0.019433439,0.0525853,0.03137303,0.0494975,0.072239034,0.05655178,0.05409754,0.052343894,0.019478396
-0.062360965,0.04055637,0.0032912935,0.0630868,0.06395032,0.0032329124,-0.029912299,0.011444986,0.08355626,0.05058412,-0.02328126,0.061740458,-0.037290577,-0.004615119,0.05280625,0.012308183,0.055270173,0.0718333,-0.054516934,0.045742247,0.06419528,0.0045378255,-0.038262717,-0.037735548,-0.05499287,-0.07498877,0.02958199,0.029927133,-0.029261524,-0.029611366,0.046569064,0.031784616,0.019224701,-0.07388144,0.06759889,-0.0051080505,-0.04188247,-0.011219329,-0.04520907,0.0632901,-0.056789327,0.0739594,-0.057869904,0.03362009
0.0224613,0.040508106,0.011678205,0.02141803,0.048974965,0.052957136,0.018060854,-0.037219636,0.048639834,0.069694825,0.021300135,0.0093483245,0.0661085,-0.014749621,0.07598697,0.05048591,0.05304053,-0.01222705,0.0051959506,-0.0024207549,0.02880934,0.008755548,0.017496629,0.002763726,-0.035157323,0.029707234,0.041823756,0.0032712119,0.019968577,0.037509818,0.022769652,0.040344663,0.03568366,0.069758676,0.0037176253,0.016555091,0.066863514,0.0094044255,-0.014475303,-0.022330012,0.027807608,-0.0077801785,0.04378041,0.05401968
-0.008504603,0.0367751,-0.031134693,0.05555912,0.0013655431,0.029332487,0.029069304,0.0067707864,0.046122026,0.048166156,0.02092882,0.05845483,0.009366924,0.059316076,0.06915144,0.07775818,0.060236778,0.03830094,0.055437945,0.021012062,0.07484381,0.03853823,0.016416235,0.03292906,-0.030618422,-0.008337938,0.016353087,0.055085994,0.008604964,0.062256504,0.048515446,0.044345845,0.053917117,0.04768766,0.04923179,0.07206061,0.041699268,0.06458407,-0.023518888,-0.0006184631,0.027328609,-0.02774816,0.046375405,0.06741186
0.058788575,-0.003142659,0.027231805,-0.040923707,-0.01696467,-0.04737909,-0.028952004,0.012404533,0.05435558,0.009960299,0.039951883,0.016261358,-0.011261533,0.06042922,0.034309313,0.02819988,-0.051829126,-0.041416835,0.067011535,0.023218604,-0.0039687813,-0.0511004,0.05560068,-0.0064969873,-0.041278604,-0.07410091,-0.037583366,-0.0035559018,-0.015482013,-0.031614978,-0.022729857,-0.006109024,-0.04072107,0.016806327,0.033910774,-0.04128951,0.042633735,0.011576652,0.06809063,-0.013500347,0.025805704,-0.052384846,0.029187147,0.008950196
-0.0006916487,-0.030256618,-0.0011966011,-0.029607942,0.010548638,0.07206771,0.081526674,0.065554835,0.04990928,-0.016265415,0.040819038,-0.05542801,0.0070973607,0.018594678,0.018339328,0.0838025,0.059593122,0.032989927,0.024315858,-0.009458712,0.011854319,0.08314915,-0.008521841,0.019193005,0.06338856,-0.0069774007,-0.008751031,-0.018269341,-0.0038098344,0.06780921,0.045398343,-0.039601434,-0.04602086,0.0016300118,0.07548949,0.059377223,-0.045881197,0.044271693,0.07272564,-0.042036653,0.011925483,0.022275444,0.02035205,-0.081783704
-0.01284002,-0.022765554,-0.07328442,0.034313004,-0.05800933,-0.026232067,-0.025507128,-0.058994025,0.0027590815,0.06929185,0.020812048,-0.04135812,-0.04764,-0.04789049,-0.053732455,0.014802463,-0.046152517,0.06381442,0.006999821,-0.019689776,0.016664753,-0.08213384,-0.059891026,-0.06331902,0.003656502,-0.010838486,-0.05890195,0.028399363,-0.052808836,-0.039123584,0.01294601,-0.05194158,-0.061394643,0.062424455,0.02102884,0.033873945,-0.033712637,0.008960948,-0.019997355,-0.07458623,-0.04541079,0.017788922,0.021438014,0.058435567
-0.008454962,0.025369706,0.03527576,-0.027649332,0.014678794,-0.054169077,-0.019937232,-0.015491136,-0.023779368,-0.060177196,-0.047177147,-0.05038889,-0.0067252647,-0.046774272,0.0031477828,-0.06073045,-0.02121939,-0.012187824,-0.02669209,-0.06405234,0.053817578,-0.04286563,-0.0175111,-0.0336816,0.0061307037,-0.03846827,-0.0066282684,-0.016270993,0.008878848,-0.015677294,-0.03345701,0.03136319,0.06316642,-0.012715594,0.027424207,-0.030729396,0.044276495,-0.018853407,-0.02223919,-0.050245117,0.018631231,0.005821561,-0.0150125325,-0.035085063
-0.049258724,0.0032205556,0.04551762,0.06379933,0.010972728,0.054385148,0.012060794,-0.03914693,-0.061311904,-0.034203123,-0.041342948,-0.011956689,0.043077573,-0.024570722,-0.054173928,-0.08391723,-0.017912181,0.07022332,-0.07608589,-0.000648176,-0.06656976,0.043228023,-0.015157361,0.01763768,0.052897446,0.0077079795,0.012697035,-0.020452518,0.019520853,-0.05081224,-0.0189354,0.025895616,0.026393767,-0.046878465,-0.03529618,-0.06826141,0.07150307,-0.03138239,-0.031654872,-0.030750629,-0.043214854,-0.0086845895,-0.04259933,0.011070725
-0.06553901,-0.008693996,-0.06578206,-0.047090583,-0.01905824,-0.02833073,-0.031571373,0.031201588,0.031729557,-0.08036058,-0.005742351,-0.031361174,0.044079416,-0.016089557,-0.022990517,-0.025047187,-0.066389926,-0.030983994,-0.037497528,-0.017095733,-0.015952587,-0.04704776,0.0220936,-0.0731454,-0.08494405,0.014709287,-0.036004066,0.020268941,0.0032208755,0.017421382,0.037840102,-0.05354191,-0.06586213,-0.09008726,-0.01295777,-0.012236339,-0.082543135,-0.05905901,-0.0394162,0.027024806,-0.08843186,-0.032384146,-0.062323004,-0.08421989
-0.037089,0.017395075,-0.0477696,-0.033085536,-0.024862876,-0.042953048,-0.02426963,-0.050464038,-0.013340753,-0.044001788,-0.0787302,-0.02600084,-0.018962815,-0.022232167,0.034021564,-0.04619164,0.028126394,-0.042138312,-0.07181152,-0.014450764,-0.018812496,-0.017120777,0.009099087,-0.0070328685,-0.07484064,-0.041329373,-0.054960314,-0.024367541,-0.03547115,-0.036437258,-0.0106027955,-0.036115177,0.042871144,-0.041534714,-0.055922862,-0.013821493,-0.03895906,-0.02579368,-0.039023664,-0.030471751,-0.04455878,-0.0054585715,-0.04700513,-0.054964412
0.0032308982,0.04446179,-0.007821354,-0.07224742,-0.037754614,0.030006625,-0.04971754,-0.068636924,-0.01890819,0.024748854,-0.008317558,0.014588723,0.027875142,-0.049357165,-0.001001235,0.04895623,0.021542184,-0.04532028,-0.034536853,0.008395207,0.03615265,0.026044361,0.023818204,0.023881674,0.02913135,0.050305713,0.053098522,-0.0599333,0.061603487,0.055133063,0.046116676,-0.052155647,-0.03146363,0.04082428,-0.069563895,0.050698593,-0.054454695,0.0040522167,-0.04888427,0.019563006,-0.009661641,-0.0667426,-0.06044541,-0.06486573
-0.008411799,0.034293674,-0.047551963,-0.02342021,0.0022700864,-0.031419475,0.049956996,0.043427408,-0.06237494,-0.009981111,0.07033275,0.0017340209,-0.0013903781,0.05062616,0.044760887,0.017651055,0.058207966,0.034646273,0.05601808,0.021985432,-0.011006954,0.04860762,0.05381394,0.05948654,0.004177848,0.05663595,0.053470258,0.052463245,-0.010674708,0.015281698,0.007277458,0.06299929,0.059984166,0.06991655,-0.010188285,-0.038762446,0.051669277,0.0058878036,0.051829275,0.022138866,0.009822232,0.006431353,0.057350058,0.020548102
0.056348193,-0.049930234,-0.010556457,0.05909802,0.028438525,0.052872483,-0.022802616,0.08047119,0.060044903,0.07958207,0.07449693,0.055368382,0.010769051,0.058009293,0.049947537,0.050375175,0.036680073,0.073511735,0.0041496623,0.00728024,0.07112543,0.036407273,0.04595554,0.002561183,0.027465202,0.042185117,0.03818914,0.07555408,0.045214355,0.06972788,0.034601636,0.024358207,0.036313415,0.05938542,0.06571702,0.07358708,-0.026481928,0.014968436,0.046768636,0.00975352,0.021615554,0.04787592,0.07878397,-0.0020039093
0.011374758,-0.061059404,-0.051021494,0.06293586,0.029846042,-0.022850057,-0.009955105,0.0011609235,0.06912932,0.020632222,0.022880929,0.031526987,0.0258154,0.058993667,0.087361805,0.0015895645,0.07807827,-0.0006163071,0.0085022645,-0.03929728,0.07089002,0.04891075,0.06750725,0.05803852,0.05271329,0.059554886,0.050550487,0.04746648,0.008213546,-0.0070655653,-0.047664825,0.034870807,-0.0061265486,0.02387585,-0.02046805,-0.07545484,-0.008128257,0.055984464,0.031007394,0.04359373,-0.018452462,0.015656209,-0.0042001694,0.062460437
-0.0042551416,-0.069835044,0.010206375,-0.048155565,-0.011103774,0.050762206,0.017994316,0.08115556,0.012859485,0.0494608,0.041334715,-0.0066542937,0.030524401,-0.009510868,0.06336355,0.011035058,0.0016019022,0.001193527,-0.061478287,0.07398412,0.081114784,0.03984626,-0.02379033,-0.012015089,0.004262088,-0.03750935,0.026342122,0.07805616,0.04075438,0.046342947,-0.0068984055,-0.0048160003,0.034636438,0.0068695233,0.013072018,0.052904505,0.035301756,0.059478246,0.04676656,0.060363747,0.0003893577,0.051205013,0.06311815,0.04997526
0.020391922,0.0029518306,0.016440978,-0.05845386,-0.05463974,0.047300316,-0.028553175,-0.046508994,-0.05115496,0.045437705,-0.05279425,-0.032134086,-0.042865332,-0.05049402,-0.034555715,-0.071484335,-0.074634515,0.025904682,-0.045467492,0.027612584,-0.057364162,0.027906084,-0.018635387,-0.00802063,-0.030994294,-0.009990082,-0.025873523,0.055368405,0.017246777,0.0065202652,0.018366687,-0.029927447,-0.07777653,-0.024153512,-0.04427662,-0.046978876,-0.039476126,-0.053520925,0.008867969,0.07780067,0.0069110817,0.030686941,-0.032640956,-0.052904967
0.0279106,0.07265919,0.035378758,-0.07330964,0.0039614476,0.0125012845,0.058163363,0.0017632385,-0.059170846,-0.032497663,0.0475595,0.082323,0.08428707,0.07501803,-0.005053221,-0.042205054,-0.06787478,-0.06574971,0.05256301,-0.027845431,0.0071862265,0.054678883,0.05734992,-0.0058792583,-0.033656638,0.02176001,0.060679235,0.023527917,0.018660784,0.055228196,0.027668122,0.0786975,0.043482028,0.08911986,-0.06885326,0.0055569126,0.076462835,-0.026062746,0.0750644,0.016143171,0.07724278,0.00718464,0.0010479352,-0.014181669
-0.038882203,0.045659974,-0.058668267,-0.015927114,-0.05608609,-0.0701077,0.018856732,-0.032035902,-0.01533183,-0.05617379,0.038191393,-0.053567484,-0.073496245,-0.08239753,0.037535712,0.008065242,-0.04069994,-0.06287785,-0.011418049,0.023802832,0.06146308,-0.015638294,0.026429364,0.0040022526,0.023074064,0.0555235,-0.046561457,-0.020449644,0.016698737,-0.061947472,-0.06931329,-0.041275922,0.062976114,0.0596782,-0.029089784,-0.014591229,0.06275669,0.006560121,0.026191112,-0.06835343,-0.061641444,-0.032213587,-0.07454234,0.026384264
-0.021421421,-0.040026844,-0.032381535,-0.04302555,-0.012765149,-0.043367203,-0.00042216247,0.047307473,-0.0593458,0.008776504,-0.026581092,-0.06161229,-0.058340788,-0.017092224,-0.02999015,0.034801893,-0.044372614,-0.026003715,0.02965152,0.016297119,-0.073112786,-0.031467278,0.0061830953,-0.050367717,0.05559128,0.017141962,-0.008250882,-0.059544463,-0.014764388,-0.03710413,-0.008091351,-0.02295893,0.004462268,0.068875305,0.050076783,-0.024086533,0.011457236,-0.06175249,-0.013865354,0.009322392,-0.050602496,0.018580407,0.009790282,-0.002924099
0.049445167,0.037006743,0.06373351,0.05477612,0.0102253575,0.08088197,0.057590786,-0.008227941,-0.014624941,0.03397556,0.0500845,-0.032547206,0.044214647,-0.051053077,-0.05449601,0.057075385,0.06986961,0.06631649,0.0073136864,0.06702923,0.0045023947,0.06531085,-0.071788415,0.074063145,0.013989833,0.07639657,0.025569156,2.4887786e-05,-0.0018525632,0.05331587,0.08515557,-0.0031039943,-0.024608668,-0.015123069,0.07250746,0.03508054,0.05583348,0.065675125,0.030471334,0.0069808895,0.0040894104,0.04712196,0.020026585,0.042344768
-0.059351746,0.02485902,0.043736555,0.03720749,-0.06554993,-0.07694645,0.0005122706,-0.015757386,-0.011381001,-0.071294576,0.035740823,0.016456766,-0.04466583,-0.01160827,-0.06629571,0.0061040428,0.016188933,0.027745266,-0.028199023,0.059403285,0.013764124,0.013809106,-0.06589141,0.014908044,0.006204886,0.020429194,0.017635945,0.011292328,-0.008687981,-0.058465365,-0.032773018,-0.0116391955,0.07342224,-0.034066707,-0.00055673916,-0.0055550034,-0.0022221713,-0.016357422,-0.00017211912,0.03171084,-0.07247864,0.0402835,-0.08282369,-0.014130671
0.041217297,0.06521267,-0.06458322,-0.04154901,0.035133164,-0.019299828,-0.090274945,-0.008182745,-0.044667006,0.04320234,0.015102625,0.03349581,0.06270071,0.049643975,0.051727865,0.009231977,-0.051428888,0.04508976,-0.033775374,0.023697548,-0.065837756,-0.051043537,0.020427883,-0.03883445,-0.04933866,-0.023195976,-0.012296738,0.077263825,0.028339973,-0.07129602,-0.02229283,-0.0061216424,0.07229032,-0.052522138,0.01003,0.022027291,-0.025433958,0.01944743,-0.01471617,-0.0258393,6.4600994e-05,0.045047797,-0.056361083,0.0020690276
-0.028012592,-0.05476684,-0.053483676,-0.05267193,-0.027961165,-0.027391179,-0.07837765,-0.07408754,-0.051721044,-0.06987504,0.054023895,-0.047069173,0.08716484,-0.020597663,0.0048601767,-0.026958734,0.07959247,-0.056673314,-0.04194252,-0.056954652,0.007250765,-0.07979921,0.07004178,0.0046252557,0.027243294,-0.007840699,0.041707303,-0.06621643,-0.06663979,-0.061315387,-0.07973955,-0.058135554,-0.014080278,-0.088616975,0.047133073,0.023871154,0.06258628,0.03770445,0.029336475,-0.0654955,0.031059405,-0.073855355,-0.065794535,-0.07024549
0.039834026,0.022439728,0.047945637,0.036996827,0.051433995,-0.0028724184,-0.017007647,0.0007016574,0.064793624,-0.021602992,0.036177427,0.061472937,-0.05210982,-0.003805205,0.061234217,-0.007836904,-0.0073498776,-0.0501348,0.017779429,0.06419334,0.034695793,0.052336194,0.028222851,-0.035575103,-0.004271485,-0.01156674,0.038197555,0.07173704,-0.0074421684,0.008959278,-0.0067257336,0.014998083,0.054114275,-0.023156833,0.038251534,-0.00097316346,0.015515932,0.032707214,-0.014400768,0.0045648655,0.044763103,-0.008183337,0.004440843,-0.012252854
-0.012869165,0.045132168,0.019306302,0.03572831,0.046435677,0.008906145,0.069273636,0.0370999,0.002394627,0.085336,0.0035310623,0.070299186,-0.045686785,0.035534892,0.029317673,0.0730872,0.0508562,0.04849137,0.06538002,0.07888752,0.0584588,0.034414332,-0.0015989281,0.045892697,0.04410347,0.045888707,0.01125233,0.06032613,0.069761045,0.030872684,0.07741322,0.033644017,0.005871474,0.06826581,0.050721902,0.07374261,0.050546642,0.061352115,-0.013027779,0.075448535,0.05938316,0.07700985,0.064374454,0.047516163
-0.0067880736,0.0014506889,-0.067472465,-0.0278145,-0.041419953,-0.027144318,-0.05197193,-0.035406306,-0.029036943,-0.045575183,-0.07124452,-0.0636812,-0.022298595,-0.024436774,0.021675682,-0.07449767,-0.033483427,-0.01985141,-0.066364884,-0.04337178,-0.018164331,-0.03976802,-0.04265192,-0.05436858,-0.019389648,-0.07362115,-0.045640524,-0.032487787,-0.04874261,-0.03775698,-0.04394649,-0.032495994,-0.069216006,-0.05789383,-0.022874946,-0.055643167,-0.011752797,-0.04414431,-0.037079845,-0.016939864,-0.061797597,-0.013690953,-0.061641913,0.046425838
-0.059363432,0.033011135,0.07051944,0.045015577,0.07868825,-0.060060974,0.04183935,-0.02541874,0.029333398,-0.032209102,0.0097792875,-0.047408186,0.012243796,-0.029346457,0.013849196,0.030521018,-0.02024637,0.0011991761,-0.032431867,-0.08223876,-0.037176117,-0.012500611,-0.05318754,-0.03089083,-0.0223484,0.053685166,0.013041816,0.049517088,-0.08056143,0.051244106,0.078028865,0.026804224,-0.068175375,-0.038067084,0.05620535,0.01643773,-0.027654584,-0.04742324,-0.07195589,0.05927711,-0.006935636,-0.054251797,0.040475264,0.0042720563
0.01923567,-0.0077620386,0.038854677,0.07183487,0.015819581,-0.028318467,0.074117474,0.052986816,0.013270078,-0.00029015113,-0.02025282,0.031113913,0.029100407,-0.03660631,-0.022978438,-0.02051248,-0.022927068,0.06999065,0.048390627,0.07190946,-0.044052776,0.07102412,0.06248335,-0.040802505,0.030094666,-0.015383178,0.031936042,-0.046351366,-0.03980254,-0.023178019,0.08004796,0.04038389,0.03384499,-0.01112576,0.03050944,0.039526496,-0.03815501,0.022105478,-0.05506528,0.040438946,-0.005192641,0.05909757,0.03567422,0.004055817
0.033368584,0.0058016498,-0.06922232,0.008149106,0.00049144746,-0.017039057,-0.040984016,-0.009013118,-0.012036734,-0.0054906905,-0.047000684,-0.007407329,-0.054490786,-0.042550758,0.032332636,-0.055837467,0.013873923,-0.046671297,0.02848354,-0.040509973,0.0032392966,0.007272935,0.004994352,-0.059844203,-0.016150266,-0.010358569,-0.014253564,-0.07575138,0.03302394,-0.022619897,-0.0379316,-0.049354587,-0.035158392,-0.058967613,0.074534245,-0.019904511,-0.05697479,-0.025690645,-0.051691808,-0.0604962,-0.050436318,0.02627682,-0.001129177,0.04502032
0.02059189,0.046474963,0.07594371,0.038486686,0.032923214,0.050244667,0.05982748,0.031151826,0.036067884,0.06672997,-0.020063223,0.058945134,-0.011316057,0.07442346,0.030342497,-0.053342313,0.028142175,0.05040657,0.048422247,0.017190283,0.06821058,0.054138202,0.009820946,0.04140364,0.0068755876,0.04641557,0.030297048,0.04468568,0.08716899,0.071097896,0.057241865,0.057678755,0.062088393,0.060329538,0.07864811,-0.019419394,0.05230657,0.0652267,0.04413756,0.06309119,0.018395199,0.07087461,0.059033483,0.077972576
0.005022871,-0.0015584246,0.050469898,0.032865092,0.053775437,0.03695003,-0.046358373,0.032220226,0.0012811768,0.046732865,0.05052269,-0.057107043,0.031066813,0.015859524,0.06540024,-0.027769124,-0.017294807,0.019585144,0.030165318,0.007950004,-0.028272456,0.039579257,0.0500582,0.007842675,0.042799067,0.019015662,0.023960765,-0.0072395545,0.029042758,-0.037287388,0.04914246,0.017623525,0.066720285,0.089743756,-0.03498392,-0.0070746397,0.07119232,0.01612454,0.018758053,-0.057725996,-0.003476723,0.008421584,0.00828971,0.041584674
0.04926039,-0.009761015,0.063811764,-0.031996977,0.048694998,0.014521494,0.037736055,0.000954892,-0.058439706,0.05854741,0.0015174097,-0.019339878,-0.0023461408,0.001435327,0.036470316,-0.061393082,-0.010185955,-0.012696488,0.0059484686,0.011347471,-0.017994026,-0.008888075,-0.037503853,0.040171146,-0.033614352,0.057948947,0.019225163,-0.03580166,0.03902194,0.01485797,0.013605751,0.031500023,-0.030710736,-0.027650721,-0.018090518,-0.0048084203,-0.023740951,0.021074157,0.015859459,0.024807883,-0.0086569935,-0.027469648,-0.032391813,0.005750987
-0.03878992,0.007793468,0.03099191,0.01789534,0.06965163,0.008242095,0.053205173,-0.01017659,0.026758378,0.074041955,-0.026533412,0.062085085,0.0021507656,-0.040244788,0.034985486,0.030955678,0.0037081593,-0.0033896728,-0.045312364,-0.007984532,-0.007125375,0.029785266,-0.052624848,-0.019747404,0.07543253,0.034629967,-0.004681673,0.015757635,-0.024129549,-0.033011846,-0.0132145835,0.023783097,0.0015506997,-0.01091359,-0.027791465,-0.021079613,-0.04709506,0.040964745,0.006267321,0.069292374,0.032356683,0.052703626,-0.058387317,0.025460653
0.0051326957,-0.0065241423,0.06988231,0.019549504,0.06388566,-0.009867563,0.04346486,0.015922202,0.066044174,0.07116844,0.04615806,0.06799107,0.02577157,0.06939237,0.055310182,0.042160094,-0.04226129,0.012720542,-0.011670453,0.032559194,-0.07393803,7.581654e-05,0.057208017,0.03563964,0.038405567,0.03059102,0.066619925,0.002398791,-0.02126342,0.04814017,0.027683692,-0.018757954,-0.002760999,0.08460835,-0.021663465,0.008144441,-0.009525516,-0.048147295,-0.0061150063,0.015874757,0.042599417,-0.017857876,-0.058405828,-0.010978651
0.03691531,0.06807778,0.031969722,0.05254382,0.0718097,0.070600525,0.03996248,0.04298559,0.050613184,0.064845644,0.06471109,0.046628162,0.041968226,0.038411304,0.02878062,0.08404447,0.06413984,0.037836466,0.026318526,0.049001314,0.010817975,0.046781622,0.053107068,0.08412946,0.05776794,0.018096201,0.082026966,0.0655305,0.03560298,0.014497583,0.04145845,0.020409917,0.0032576649,0.00674311,0.056678478,-0.016825046,-0.037099704,0.03270204,0.043108933,0.05814886,0.028092451,0.05646336,0.0671813,0.071824245
-0.063942686,0.044037793,-0.008319239,-0.05348305,0.05005146,0.023102695,-0.029791227,-0.033159804,-0.055382416,-0.035528753,-0.045465894,0.009231724,-0.05534572,0.0057092044,-0.06486429,-0.019400986,0.03634466,0.023520023,-0.0017802262,0.0030811436,-0.023130039,-0.013375476,0.028003948,0.03364744,-0.060129445,0.0001164655,0.045612395,0.035560682,0.017496392,0.023358453,-0.027086696,-0.0034930166,0.00016803507,-0.048442584,-0.03526512,-0.06640046,0.014543273,-0.0028740698,0.025220886,-0.0049610543,-0.044081807,-0.019868972,-0.013751792,-0.030714074
0.006535301,0.063357435,-0.0069832182,0.052641325,-0.041420646,-0.037197728,0.0138864145,0.043450393,0.03635229,-0.030920293,-0.017621716,-0.07614455,0.031828642,0.03232529,0.053130608,0.033414632,0.046714418,0.0017179298,-0.05993455,0.0257398,-0.07626681,0.041004285,-0.055052254,-0.0020620404,-0.033210117,0.03663717,-0.021292957,0.038554136,-0.008148191,0.01932402,-0.0033322494,0.018792724,0.06914029,0.035159357,-0.019268135,-0.021568652,0.01963731,-0.016850775,0.01607034,0.052828223,0.00927686,0.06015015,-0.03438785,-0.017462334
0.00744132,0.06532737,-0.0026669696,-0.05859105,-0.010735668,-0.045047533,-0.073748864,-0.08090127,-0.074526,-0.03170237,-0.046582885,-0.0028031357,0.0070514996,-0.05409372,-0.042907927,0.009105778,-0.01867721,-0.047975335,-0.069630146,-0.013362608,-0.05940551,-0.06026436,-0.019538725,-0.035122406,-0.064794876,0.045544658,-0.0061571635,-0.078045115,0.064544626,-0.06876659,-0.015208161,0.034648042,-0.06580267,-0.090258375,-0.02686973,-0.022260146,-0.011915365,-0.08005363,-0.07069771,-0.048651356,0.010105149,-0.065260224,-0.061260264,0.04420337
-0.041855417,-0.06747492,-0.034789596,-0.011162692,0.022443054,-0.01494908,0.008371514,0.04262171,-0.041561745,-0.021659423,-0.009683475,-0.05416209,-0.033242162,-0.06420802,0.014245757,-0.0055916207,0.016357359,-0.049483087,0.017990055,-0.040263873,-0.033455167,-0.0513934,-0.050234925,0.005336426,-0.0031605205,0.034090273,0.03404576,-0.061055288,-0.0071064862,-0.033953343,-0.0019414211,0.03401024,-0.023015045,-0.019907849,0.040267885,-0.075307116,0.0029377874,-0.053281188,-0.039408166,0.053603385,-0.029898146,0.04950896,-0.05531037,0.018783517
0.007274949,-0.03957372,0.039965186,0.0054465286,-0.01870066,0.007727081,0.015150642,-0.035624675,0.0024506743,-0.024843033,0.016226964,-0.0645911,0.027161233,-0.022978447,-0.062103834,-0.05739052,-0.016491951,-0.046944812,-0.068718605,-0.0019843767,0.055271003,-0.013900807,-0.003134401,0.04250585,0.028238103,0.04516244,-0.026380345,-0.028332861,-0.04175109,0.019711243,-0.026901213,-0.018449692,-0.045536697,-0.009259047,-0.0030876754,0.01966112,0.012423436,0.029304663,0.045225725,0.05933107,-0.06621206,-0.06594283,-0.037267983,0.0022890982
-0.05353367,0.042767704,0.03322694,0.017061688,0.0003962085,0.04639326,0.06547611,0.058995694,0.03800518,-0.008266945,0.04293464,0.031497475,0.055082858,0.023272254,-0.05714116,0.051103275,0.03205224,0.059621226,0.082013726,0.042158615,0.037679866,0.025417447,0.039703287,0.032753017,0.07123894,0.020861344,0.0727626,-0.039868034,-0.0059396345,0.049512945,-0.06791244,0.029232087,0.032190498,0.020960022,0.06802247,-0.010323088,0.07876729,-0.040708728,0.03355437,0.0510225,0.044784077,0.047086112,0.029706039,0.061224654
-0.034234904,-0.015750138,-0.050870057,-0.03522221,-0.0453924,-0.07968899,-0.06965287,-0.07683652,-0.08199965,-0.056152366,-0.06681324,-0.08648412,-0.080463514,-0.022325516,-0.039013382,-0.08378679,-0.087285504,-0.07186473,-0.029519973,-0.07939727,-0.08372186,-0.083419874,-0.07523567,-0.07430946,-0.022749688,-0.05262031,-0.05548659,-0.075894915,-0.073512726,-0.076541394,-0.04901091,-0.05257849,-0.054411843,-0.06654937,-0.007065131,-0.07593971,-0.054972634,-0.040450312,0.042851716,-0.073711954,-0.07810651,-0.07906544,-0.06833329,-0.012614496
-0.020349668,-0.021434698,0.05673891,0.0010217353,0.06748074,0.056332674,0.07570723,0.057951275,-0.027606344,-0.027543178,0.046850547,-0.002574051,0.036992025,-0.015857534,-0.035223056,0.053664695,-0.0011173205,-0.024488231,0.042385977,0.06344658,0.025684843,0.06938897,0.018657308,-0.06886185,-0.044211697,0.044277713,-0.015966106,0.022833372,0.047852177,0.021876406,0.013902404,0.047021437,-0.032083765,-0.022915902,0.03915649,-0.03292602,-0.024473721,-0.009401632,-0.014071251,0.02084605,-0.036473755,-0.000116821226,0.06650162,-0.017381825
0.03304216,0.012304393,0.034869142,0.03265268,0.07105712,0.07090886,0.03144271,0.0208527,0.029258994,0.046082806,0.048753966,0.062059995,0.07167506,-0.00914546,-0.024402102,0.026269246,0.048876982,0.061484005,0.039773747,0.0036287543,0.054331616,0.029177256,0.06879091,0.036155887,-0.06400528,-0.03756377,0.029684458,0.014158826,-0.049110916,0.035743196,0.03696503,-0.07373421,-0.049754277,0.009494772,0.04740319,-0.031108148,-0.031138785,0.00035354315,0.021083111,0.009750455,0.0046522054,0.06665237,0.024417335,-0.010720186
0.0634356,0.008462995,-0.046681438,0.07490406,0.0114592435,0.078597315,0.041783135,0.08015653,-0.039459575,0.049923766,-0.031177538,-0.023065045,-0.018712465,0.01733297,-0.028100805,-0.062517546,0.06692114,0.07169871,0.017584777,0.07491355,0.0077759307,0.081400044,-0.02658517,0.05622585,0.040390592,0.05525778,0.026439294,0.08002717,0.065205544,0.048321906,0.0489091,0.018652605,0.01291193,0.05809255,0.058578923,-0.024261432,0.017394986,0.031276852,-0.06382913,0.078998685,0.089823164,0.06837946,0.076296076,0.08289931
-0.013805736,-0.039241765,0.0188178,0.03206376,0.06969593,-0.011902436,0.075986676,0.042087585,0.054253615,0.039453737,-0.043040432,0.017747154,0.006484606,0.06722403,0.025566585,0.045375854,0.018231602,0.05631291,0.0764901,0.002207824,0.044323,0.021064416,0.019061984,0.0007014823,-0.010212702,-0.0679834,0.04681121,0.032988172,-0.014663378,0.01657287,0.011905425,-0.010420145,0.019608133,0.034792256,0.044475004,-0.0031667277,0.0406467,0.057036716,0.009875106,-0.037507433,0.026061077,0.06331276,0.011959987,0.03474042
-0.019506412,0.022742288,0.04422314,-0.0141487,-0.02933924,-0.0443191,-0.02958332,-0.05152047,0.028687257,0.0061744307,0.055264995,-0.008306653,0.06442286,0.036552075,0.016137999,0.008435144,-0.07303363,0.059234165,-0.008086687,0.053945627,0.003777923,-0.06335383,0.034200653,-0.061064754,0.0005492409,-0.030137265,0.049453985,0.022295155,0.004460922,0.043338623,-0.037871435,-0.046822567,0.039242923,-0.0027111499,0.026180578,0.034619067,-0.009202199,-0.018171426,0.029727226,0.020972895,0.017175602,-0.00332484,0.031265218,0.014413017
-0.043636695,0.026441468,-0.032684445,0.025064122,-0.063558035,-0.07388205,0.06857307,-0.01517553,-0.070785314,-0.012370395,-0.060587037,-0.048410557,-0.053915575,-0.0723935,-0.024951404,-0.03404483,-0.023786396,0.0064572114,0.00023382709,0.019289143,-0.035578966,0.0002672729,-0.04722686,-0.040425174,0.01805248,-0.024551792,-0.0174399,0.016031707,-0.022873137,-0.0009608554,0.03409869,0.02509315,0.035069324,-0.002293765,-0.0750202,0.028027676,-0.021942576,-0.0029722834,-0.049769975,0.042413518,-0.06455768,0.015973166,0.0387229,-0.014073698
-0.038417246,-0.06608023,-0.07970487,0.0023012022,-0.023674954,0.013114261,0.0044290107,-0.079655714,-0.04980338,-0.0007207914,-0.07640839,-0.022124816,-0.049756344,0.010962583,0.051052134,-0.011840962,-0.054450084,-0.03259396,-0.05229052,-0.029675035,0.031694256,-0.05077646,-0.035334352,-0.071574286,-0.019001516,-0.07589518,-0.03410949,-0.060111225,-0.07106948,0.012915938,-0.049015023,0.025866585,-0.07236,-0.03580981,0.045481108,-0.0422879,-0.035824858,0.015111494,-0.022844685,-0.038455695,0.03227235,-0.06691512,-0.070245385,-0.06751511
0.022461854,-0.046578083,0.07485294,-0.02874993,0.027819503,-0.079521656,0.044639375,-0.022370152,-0.018737383,-0.011130685,0.07296816,0.0076527884,0.035627212,-0.01514509,0.0052771186,0.076981045,0.011690891,-0.05294577,0.07988416,-0.0002903903,0.009618703,0.026320633,0.04402141,-0.02572587,-0.06158541,0.07565223,0.07095204,0.017485987,-0.060443938,0.04439704,0.06177575,-0.06018453,-0.012092477,0.03523352,0.019720402,0.042841747,0.062008478,0.0130700115,0.06305696,0.07432901,0.020034904,-0.011796431,-0.01786489,-0.053390387
0.008925939,0.006825066,-0.042075202,-0.05552592,0.040034253,-0.0124370875,-0.03961268,-0.052516937,-0.0001364952,-0.0017490655,0.025869476,0.0013213009,-0.046679404,0.044600014,0.03514627,-0.04177851,-0.034307953,-0.016764473,0.0358842,-0.011670976,0.0027465154,-0.049539063,0.0011239848,0.015340964,0.014785953,0.029387578,0.008369703,-0.01536106,-0.03835317,0.002706282,-0.059460137,-0.019577734,-0.028750444,0.013250583,-0.018914867,-0.047051877,-0.036826022,-0.019166535,-0.020864572,0.03705823,0.043069568,-0.04251113,-0.031511903,-0.0012676176
-0.013538738,0.0009512203,0.0077543156,-0.013012928,-0.0066081854,-0.043650746,-0.0320874,-0.050439574,-0.026197575,-0.0398041,0.017261542,-0.039533157,0.0037310028,-0.013895058,0.0072071613,-0.044588912,-0.041409988,-0.050607365,-0.020729408,-0.061602242,-0.04100616,-0.057035245,-0.04537756,-0.018140163,-0.06723195,0.031344604,-0.03714116,-0.04433296,-0.026469583,-0.053838797,-0.03714974,-0.070038475,0.0034250186,-0.030904368,0.009949259,-0.019459879,-0.05357143,-0.03235943,0.0027565565,-0.035842333,-0.047430616,-0.031121908,-0.016945833,-0.03716577
-0.0346267,0.05338016,-0.04519145,-0.04459868,-0.040985607,-0.05723928,-0.00048203117,-0.015129392,-0.06951633,-0.05760384,-0.06271092,0.050981574,-0.027012419,-0.082203776,-0.06740703,-0.036881864,-0.03890726,-0.07777485,-0.048980262,-0.0009945027,0.046024885,-0.023745822,-0.08195108,0.042317018,-0.011483169,-0.053433545,-0.057671495,-0.030159649,0.026138686,-0.07273086,-0.017923998,-0.03387136,-0.082512155,-0.09047863,0.0069268723,-0.01416301,-0.049870458,-0.00019487775,-0.0776838,0.06405421,0.026846884,-0.050652873,-0.075496875,0.03138243
0.03183957,-0.00059439754,-0.038083434,0.03168846,0.022762073,0.0025971292,-0.03364447,-0.059726987,0.027257776,-0.049662013,-0.02319177,-0.029742869,-0.00879542,0.021012051,0.011884232,0.0057586515,0.0056566154,-0.048690423,0.023997935,-0.005702321,0.013287237,0.016666226,-0.0016174776,0.05640295,-0.048449986,0.03032101,0.029271927,-0.04081894,-0.014994934,0.023501469,-0.0048308964,0.008221699,-0.0324164,-0.017277585,-0.020149453,-0.04283953,-0.038269375,0.025562694,-0.017793192,0.030096266,0.04238175,-0.04907516,-0.006209689,0.013824473
-0.030558813,0.015229831,0.02202326,0.027631776,0.030311873,0.053768978,0.03051913,-0.029142516,0.013818726,0.06619629,-0.042815194,0.03875386,-0.061073642,-0.017110948,-0.05656233,0.008063625,0.02800926,0.050540727,0.017377831,-0.0063701035,-0.07587378,-0.05484729,-0.02865074,-0.006301088,0.035177484,-0.042863023,0.010684558,-0.04113722,0.024144031,-0.07414113,0.012523688,0.039149646,0.053255357,-0.016628742,-0.058993027,-0.012520241,0.044085655,-0.013522952,0.017909694,-0.04110053,0.049450062,0.046790287,0.00064080633,0.02135547
0.031222407,0.039642032,0.058070853,-0.02915561,0.00051514973,-0.03513962,0.024766233,0.0037272614,0.01288393,0.04172885,0.025572684,0.027510174,0.061672356,-0.028145554,-0.044909306,0.041834302,0.028274879,-0.058818106,0.018797258,-0.02688017,0.012946647,-0.03811377,0.029577723,0.08624188,0.024946338,-0.0450543,-0.02774161,-0.06263436,-0.02219166,0.00891354,0.027801517,-0.020444574,-0.064750694,0.011662064,-0.006481021,0.04125796,-0.011263391,0.0024021394,-0.019765556,-0.023141334,-0.031236641,-0.037294473,-0.03576301,0.048741356
-0.0077895033,0.018973995,-0.04276878,0.019987991,0.031900972,0.01233074,0.0059782173,0.0023970457,-0.016548712,0.050864533,0.005585946,-0.020770337,-0.03420825,-0.029962385,-0.03535573,0.014321482,-0.042289067,0.06640011,-0.03472243,0.067416124,-0.010257141,-0.0151924,0.0382064,0.02988865,0.023732921,-0.014053486,0.029845208,-0.007800228,-0.07191647,-0.04008706,-0.017646164,0.05046745,-0.036202587,0.04067906,-0.05976408,-0.024321536,-0.009695201,0.019006144,0.00975532,-0.024679372,0.0076806988,0.005471272,0.07169128,0.0104738865
0.056078702,-0.031271413,-0.030553048,0.024466917,0.050261125,0.03560044,-0.00915615,0.07630236,0.032269385,0.06412052,0.07412735,0.039377283,0.056377307,-6.839926e-05,0.0045227474,0.010233755,0.028661113,0.03447247,0.0527612,0.05438749,0.026132714,0.045671407,-0.026041837,0.050739665,0.038290754,-0.048788328,0.080800936,0.050378773,-0.04051611,0.03747897,-0.047203176,0.01986065,-0.0122181475,0.069941305,0.0326462,0.024887346,0.056504723,0.042518582,0.05182983,0.039965447,0.010161095,0.05850809,0.0025982533,-0.031957343
0.009477585,0.02516385,-0.024295243,0.015007503,-0.025737675,0.03120313,-0.0258803,-0.052453533,-0.042194128,0.011276838,-0.00973162,0.05874761,-0.0688303,-0.060684208,0.009283391,-0.029981587,-0.0044136117,-0.033230644,-0.016507257,-0.06973462,0.053610347,-0.0057186945,0.040593676,-0.012958742,0.008095525,0.043008022,-0.032024704,-0.0775138,-0.07083765,0.012695437,0.037109993,0.055766553,0.017080873,0.026043177,0.044963792,0.026414458,0.014412582,0.0026438904,0.042320166,-0.042506747,0.012529851,-0.07061103,0.017500686,0.023337822
-0.021021906,0.058916047,-0.042263035,-0.07919977,0.047476515,0.068141066,0.021968747,0.065185264,0.066675864,-0.032434586,0.021590104,0.05981378,0.05865629,0.035348404,0.024586212,0.047754824,0.043182097,-0.03831886,0.0057648364,-0.06930216,0.061572712,0.08071616,-0.058448233,-0.02235266,-0.002952788,-0.06060294,0.04244283,0.07330488,-0.009371986,-0.07502595,0.041199587,0.0052116555,-0.073088,0.059644874,0.05054102,-0.054340288,0.03851635,-0.034854554,-0.008160234,-0.0052613444,0.02844371,0.08095891,0.026018344,-0.034221034
0.032365814,0.037376784,-0.05179165,0.013653163,-0.07641574,-0.0025494567,0.06514854,0.0056552463,-0.007582468,-0.014483437,-0.03594889,0.0055726552,0.04890058,0.010792054,-0.010473457,-0.019967875,0.079088256,0.032834873,0.026718536,-0.028138302,0.042984217,-0.008133907,0.023052823,0.06954372,0.025274016,0.08364787,-0.076949045,0.0102872,0.058209255,-0.05678705,0.009685961,0.0087753385,0.0048130685,0.025288826,-0.0015434275,0.034909457,-0.0734688,0.0313085,0.011309065,-0.02179794,-0.032293323,-0.050458785,-0.060752116,0.002647271
-0.0032481647,-0.012846269,-0.00845765,0.019541185,0.04429293,-0.008717703,0.02124963,0.042429212,0.045673367,0.028043322,0.024529614,0.04490011,0.026348963,0.041532516,-0.004364904,0.049455088,-0.030027853,0.06225261,-0.028083397,0.056944173,-0.01614639,0.07272452,0.062370732,0.009288064,-0.008219461,-0.054964256,-0.01157864,0.06622262,0.020520296,-0.002808644,0.0384756,0.038102962,0.023987884,0.054370243,0.05234757,0.017034514,0.013678826,0.031687487,0.040730152,0.060441498,-0.033354804,0.06374093,0.028155223,0.03659525
0.010599844,-0.021794086,-0.009938839,-0.019211166,0.044614706,0.06264961,0.040077083,0.026448438,0.036087934,-0.011970819,0.00030241467,0.038458146,-0.010980057,-0.013246598,0.011428024,0.012191084,-0.0036822092,0.017049387,-0.018565608,0.02379299,0.036198925,-0.014012626,0.06686735,0.0014434176,0.0073115113,0.060260214,-0.012233085,0.048496038,0.07975625,0.017589957,0.013170315,-0.045947198,0.0010322479,0.024897296,-0.014400769,-0.010046967,-0.0859184,0.013231175,0.054304373,0.05543512,0.031366985,-0.047980912,-0.005282174,0.035327036
-0.06999899,-0.075306974,-0.0731036,-0.07761637,-0.07621611,-0.07882175,-0.08597873,-0.07357777,-0.07931127,-0.07611795,-0.07811093,-0.08058417,-0.07881278,-0.0812832,-0.08905399,-0.08235816,-0.08555728,-0.07484406,-0.07669135,-0.07728403,-0.08224699,-0.08286053,-0.07976923,-0.085283205,-0.095835365,-0.07939823,-0.082411334,-0.07663153,-0.0826249,-0.08111727,-0.08421203,-0.07884951,-0.07935288,-0.08148038,-0.076216266,-0.0917678,-0.08119151,-0.08188687,-0.078239165,-0.07317696,-0.080641255,-0.07901218,-0.078794025,-0.0774965
-0.0032506057,-0.00095498987,-0.07950495,-0.080214545,-0.07587631,-0.016553506,-0.041386563,-0.044008013,-0.07173729,-0.07354586,-0.038888324,-0.024916865,-0.08889093,0.005338498,0.015232461,0.014090461,-0.08353317,-0.0504244,-0.03066802,-0.041430864,-0.02618474,-0.052132703,-0.038270447,0.039474845,0.050396096,0.060126305,-0.08632627,-0.0035137166,-0.03172405,-0.01224102,-0.04777965,-0.047997978,0.0060722395,0.01930659,-0.040253256,-0.0029731619,-0.06253654,-0.010569606,0.058919385,0.051365208,-0.05892228,-0.059331905,0.042810965,-0.06681846
0.04075436,-0.047534194,-0.027634611,0.061665595,0.050213438,0.02668542,-0.04260147,-0.006675375,0.053746372,-0.044204146,-0.0143751595,0.041914754,0.008227271,0.03430666,0.021126145,-0.021352835,0.015025849,0.051625233,0.019269632,-0.07572925,0.05282344,0.05554085,0.026310747,-0.047280207,0.0057939193,-0.07608276,0.034242947,-0.013115219,0.016524822,0.05531999,0.023912907,-0.03361711,0.06498178,0.035404317,0.032386307,0.061840873,-0.019943004,-0.00052089663,-0.030744288,0.025290146,-0.014823684,-0.008196271,-0.010374339,-0.03644121
-0.026490387,-0.007992212,0.031153586,-0.001183336,0.019666731,-0.04024258,0.022006193,0.031108145,0.006944487,0.014997203,-0.053670097,-0.028809316,-0.040341195,-0.044090744,0.04275848,-0.011756129,-0.0077945217,-0.046518087,-0.047401477,-0.055486616,0.009364844,-0.05322753,-0.04542389,0.0125702545,-0.0669996,-0.041895997,-0.04980515,0.0069603147,0.0075117475,0.005386515,0.0120899705,-0.064798936,-0.036011264,0.039422274,-0.008502417,-0.050250683,-0.019567909,-0.02377426,-0.03636857,-0.023693146,-0.046473186,-0.013014505,-0.019332847,0.02682335
0.021523,-0.03925255,-0.012707298,-0.009925689,0.019900797,-0.008365037,0.01707645,0.016261095,0.035096437,0.015640086,-0.047392122,-0.012383144,0.028366746,-0.027684363,0.02139756,0.011902433,0.010013686,0.05348255,0.026010064,-0.013038266,0.05030516,-0.035016626,-0.012982934,0.04906826,0.036962826,-0.0035863454,0.04675906,0.011636514,0.06447565,0.0032681662,0.04476226,-0.0342289,-0.039939847,0.065174244,-0.024666693,-0.013162919,-0.033385206,0.012263853,-0.045206703,0.039256502,0.015047317,0.0031782568,-0.011391474,0.044554677
0.017917242,-0.04218799,0.050955597,-0.007934058,0.056552038,-0.07566293,-0.058068722,0.007883211,-0.05933094,0.022326412,0.0885192,0.050335445,0.06482865,0.07990995,-0.056893095,-0.046484385,-0.06447252,-0.07256371,0.08575208,0.04544811,-0.047559984,-0.06689682,0.03693304,-0.029074317,0.0064610597,-0.01248195,0.08339431,-0.054950543,0.08007523,-0.047741655,-0.0607857,0.005132897,0.030446522,0.023366889,0.059176944,0.04895329,-0.00081341283,0.07864582,0.07274589,-0.0627788,0.075963445,-0.033713393,-0.03947831,-0.03354286
0.0755521,0.067790605,0.063544236,0.068446614,0.07495956,0.086225905,0.079552844,0.07527208,0.07008524,0.083422534,0.072431475,0.08177398,0.082111634,0.068014614,0.077221595,0.08396844,0.07996094,0.06671645,0.07154125,0.07304519,0.08193392,0.08006015,0.062428616,0.08458834,0.055821378,0.07908133,0.07508623,0.07454756,0.0867084,0.06947509,0.089858085,0.041734893,0.057076637,0.08449421,0.07709197,0.09254156,0.061846532,0.08043747,0.061713498,0.06067348,0.07925364,0.060617648,0.066272,0.07931406
0.020013178,0.053716358,0.024533015,-0.021480896,0.015427084,0.0070757177,-0.03635332,0.032552466,0.03947983,0.0125483945,-0.011186207,0.021940703,0.010330996,0.049105603,0.02105181,0.043695513,-0.0027885695,0.046687264,8.627026e-06,0.049734306,0.032105424,-0.030639494,0.0025450198,-0.0018640443,-0.04888193,0.031235952,0.0310087,0.03654194,0.031794056,0.0097075775,0.042797413,-0.009818351,0.05478603,0.054808613,0.014357573,-0.002677343,0.007757237,0.03024391,-0.034646045,0.012972647,0.07055307,0.022195864,-0.05407538,-0.0035124673
-0.005624284,0.021029884,-0.01556772,-0.04524213,-0.025219059,0.017982792,0.015934313,-0.06574773,-0.038942255,-0.033865493,0.021018969,-0.037294537,-0.041069884,-0.043310788,-0.025404802,-0.021559678,-0.008036775,-0.050487585,-0.02182725,-0.052273978,-0.05571212,-0.0176326,-0.005245246,-0.063585795,0.006594993,-0.02983564,-0.029337132,-0.062328164,-0.048150316,-0.009768497,-0.00428224,0.027118584,-0.012270431,-0.0044666864,0.006201274,0.022935323,0.017021019,-0.002833005,0.062443536,0.02318418,-0.022700317,0.008823268,0.036118418,-0.06123296
0.0145788845,-0.0266097,0.027052999,-0.03916662,-0.03382108,-0.0067662518,-0.027333252,0.06670708,-0.0388009,0.0019486193,0.008908757,0.035552487,-0.0006084558,-0.0079252655,-0.04986215,-0.01670716,-0.055964816,-0.030228859,-0.048570063,-0.0030449866,0.003197452,-0.015192793,-0.050702967,-0.018761382,0.019125244,-0.033924174,-0.041723654,0.06071167,0.03416208,0.0034642646,0.003138867,-0.030706713,-0.07921328,-0.06291384,-0.057466816,0.02652255,-0.052245215,0.012904264,0.0013339921,-0.023313235,-0.045100477,-0.06656554,-0.0535482,-0.048712727
0.06866852,0.06501991,0.072619334,0.07476721,0.049090814,0.068571605,0.07594111,0.069377914,0.07808943,0.05950062,0.07010473,0.07953997,0.07682496,0.0778927,0.028498318,0.016233604,0.079345234,0.05865894,0.06639337,0.053285234,0.07859291,0.0824061,0.07404439,0.006139431,0.054620344,0.06895707,0.04723793,0.06327689,0.08042432,0.08450441,0.07519912,0.07545227,0.07439811,0.07613609,0.07199238,0.08527853,0.051041953,0.08271339,0.07060921,0.05732892,0.07220071,0.06678376,0.043654785,0.07254844
-0.023825016,0.011170043,-0.036388494,0.030131744,0.015262751,0.06490319,0.031903416,-0.0058694226,0.07136224,0.06361788,-0.013222162,0.04731326,0.025294507,0.0064346027,0.046884876,0.019179557,-0.0012657322,0.02207688,0.06956143,0.07100859,0.06057614,-0.023059873,0.059016325,0.0017692656,-0.012093925,0.05218342,0.01455007,0.0788121,-0.006047252,0.045766555,-0.029321546,0.06330403,-0.013145187,0.049540687,-0.064077616,0.02090999,-0.017701086,0.07645056,0.01884255,0.027380107,0.06276439,0.04211854,0.044124886,0.04119121
0.07471347,0.034792665,0.053934846,0.06119497,0.04237377,0.040262993,0.04139075,0.02629477,0.053402264,0.073375285,0.08171266,0.057079077,0.07234881,0.034320332,0.05488481,0.08104767,0.058428697,0.044368513,0.06926032,0.063809395,0.04345477,0.07312025,0.0049791387,0.044227775,0.029804239,0.050772063,0.073064886,0.063721985,0.058015887,0.07103236,0.07534298,0.057524756,-0.027279697,0.08463651,0.064509936,0.07982133,0.06021643,0.05710689,0.03376925,0.017003471,0.07487867,-0.029996764,0.029036842,0.06468045
-0.023662604,0.07410986,0.06400913,-0.044088244,0.06988421,0.07627607,-0.0026029092,-0.029897964,0.0014633957,0.07211984,-0.0060281022,-0.019937858,-0.013049165,-0.04724826,0.0028265265,-0.020009464,0.017756876,0.038620774,-0.042004023,0.06779273,0.084207356,0.021649973,-0.050092276,-0.04338887,-0.029873023,0.023596961,-0.04795334,-0.00412671,-0.0068666865,0.02647428,0.025080835,0.05999145,0.01056743,-0.09036596,0.06999091,0.07216657,-0.03530992,0.060453806,-0.004212967,0.009192234,-0.022209026,0.0088855,0.030976137,0.02832959
0.055366956,-0.04885368,0.03521855,0.016999088,0.06115206,-0.035870235,-0.018101905,-0.066541255,0.0640759,0.031607177,0.0070422804,-0.011303869,0.0066997567,0.053331718,0.04914886,-0.06444846,0.008041337,0.0606806,0.04095366,-0.00596265,0.019002033,-0.0402877,0.053784784,0.02078896,-0.010658297,0.06785325,0.07269113,0.04998644,0.013738204,0.039621726,0.012992339,0.044002913,-0.029362379,-0.0060300087,-0.076130785,0.04080418,-0.073064744,0.074279435,-0.027978897,0.050328143,0.0005020399,-0.06612132,0.0044184914,0.006758565
-0.03743657,0.05763792,-0.07353937,0.052289613,-0.030697176,0.061188538,-0.008680119,-0.034294937,0.037524413,0.07253671,-0.024832718,0.06872653,0.0015021841,-0.04291389,-0.062947825,0.047228124,0.07343206,0.038730808,-0.041876797,-0.0050201085,0.022969047,0.018877845,0.026987068,-0.03858962,0.0445328,0.016381554,-0.03276075,0.002910282,-0.06650213,-0.004142383,-0.044505183,0.063825294,-0.035222206,0.025071573,0.052349865,-0.03769454,0.025236007,0.033300035,-0.073734485,-0.064406745,-0.03178266,0.028090721,0.030934589,-0.029325118
-0.027245836,0.025228186,0.0625655,-0.009225002,0.07354888,0.014189661,-0.04477662,-0.00532092,0.031696554,-0.04331545,0.014117935,0.046846766,-0.020235451,0.033578288,0.0016289769,-0.0530187,0.029418329,0.0477444,0.05298617,-0.052158676,0.061853833,0.0023603009,-0.06586381,0.016717056,0.019545842,-0.050624162,0.09044991,0.07681128,0.07698632,-0.034496486,0.00045391693,0.06439449,0.07550238,0.039535493,0.027859002,-0.061532613,0.03751844,-0.036605544,0.022095798,0.06762857,0.060243614,0.0005524072,0.0070271436,-0.0027931305
-0.01611888,0.042694867,-0.008701978,-0.0015736714,0.019360919,-0.06401619,-0.057262983,-0.031168766,-0.019397449,-0.04644426,0.0033869739,-0.0072594574,0.0026531045,-0.03477133,-0.013297539,-0.04355503,-0.027451675,-0.06825601,-0.05251373,-0.079351306,-0.060142465,-0.038057227,-0.037489984,8.112818e-05,0.017810255,-0.014766259,-0.07940968,-0.030014927,-0.023735838,-0.02741877,-0.054717846,-0.026686965,-0.075966045,-0.021030083,0.021043504,-0.031488,-0.07099267,-0.044647627,-0.058840945,-0.07323826,0.009337691,-0.07115887,-0.048544902,-0.03991847
-0.049271546,-0.013337852,0.02979083,-0.003385141,-0.044636842,-0.019358452,-0.052694473,-0.025988754,-0.056467306,-0.0070553864,-0.07154366,-0.04524857,-0.047741827,0.003462841,-0.028725471,-0.087029904,-0.020123385,0.0659431,-0.02992492,-0.04658634,-0.0072927265,0.015055869,0.0012678775,-0.062497497,-0.05376481,-0.041377902,-0.055128206,-0.060378943,-0.028248474,-0.040531594,0.0080368705,-0.025732102,0.050281715,-0.07629529,-0.027028725,-0.042102788,-0.07163857,-0.055848118,-0.03850232,0.0011392586,-0.025909426,0.052663565,0.0014318626,-0.011140661
-0.06867061,-0.023160355,-0.04042255,-0.0643767,-0.05134654,-0.013795548,-0.049507227,-0.027870994,-0.047721602,-0.04803308,-0.014183219,-0.03657565,-0.022627326,-0.027148437,0.03155758,-0.009432654,-0.013254421,-0.038020015,0.0007748486,-0.03205703,-0.04660964,-0.03856,-0.04467691,-0.083438516,-0.07649812,-0.043449275,-0.02024622,0.0057789325,-0.06478894,-0.06004466,0.046697833,-0.056488175,-0.023647185,-0.04212505,-0.032660406,-0.050356466,0.02112623,-0.06862869,-0.016856667,-0.040102083,-0.027932877,0.014216617,-0.04619109,-0.015214887
0.074282095,-0.013451618,0.06557247,0.03632636,-0.0066627422,0.057167917,-0.0034377223,0.047274638,0.025240568,0.06882127,0.04567929,0.026069151,-0.027726127,-0.006142717,0.031877045,-0.00521584,0.063490905,0.060216613,-0.022951016,0.069925725,0.024739482,0.051838223,-0.0048359893,0.040439535,-0.008997558,-0.030135367,0.04806888,0.03555412,-0.016655529,0.034716923,0.076008715,0.019975834,-0.01244018,-0.0057172324,-0.02648587,0.034277447,-0.011322195,0.008768311,0.0015054729,0.06345294,0.05380256,0.056054607,0.020993153,0.014430903
0.054892037,-0.03013135,0.01973856,0.0063858293,-0.0025107474,-0.042224415,-0.0053345673,-0.024586288,-0.03840142,-0.023681914,-0.040295463,0.017973593,0.010514064,-0.046077993,-0.056291066,-0.046131503,0.0046773874,-0.020479925,-0.035184734,-0.036745463,0.021496309,-0.047679808,-0.06260086,-0.05125065,-0.02849853,0.03245723,-0.038868174,0.018567499,-0.021045055,0.042093042,0.048466865,0.007678974,-0.0060894755,0.010448618,-0.032834362,0.03498082,-0.011787111,-0.06315204,-0.010964494,0.004691803,-0.048105486,-0.046049345,0.034570664,-0.03214997
0.063235715,-0.04185932,-0.074166566,-0.02357274,0.010227944,-0.03408985,-0.037406124,-0.028081266,-0.07095118,-0.03659808,0.052033596,-0.0028874404,0.041448995,0.044705432,0.021229675,-0.075530834,-0.01276992,-0.06623304,0.009147419,-0.03865088,0.015405194,0.023136817,-0.06792072,-0.07876463,0.011111902,-0.068864755,0.06003949,0.00070109,-0.078717425,-0.07460011,-0.009722936,-0.040303152,-0.001518438,0.070839085,0.00054762565,-0.07864031,0.06449663,-0.039743114,0.011405071,-0.03553937,0.06991663,0.021333806,-0.0041908934,0.032541927
-0.07500904,-0.02096507,0.06117885,-0.04171599,0.025804227,-0.022285905,-0.0815862,-0.047464613,0.00021973066,-0.035217226,-0.0022105654,-0.054001566,-0.07283313,-0.045701306,-0.053364933,-0.06398349,-0.045658655,-0.020797193,-0.009294437,0.023310073,-0.051246747,-0.036984805,-0.07128736,-0.059320994,-0.058029987,-0.037713896,-0.030757178,-0.03366573,-0.081825554,-0.07287253,-0.082497925,-0.0027157012,0.055153426,-0.087349914,0.012776286,-0.06549344,-0.058222923,-0.066731505,-0.00671553,-0.06660375,-0.07717647,0.04988424,-0.0418848,-0.07773747
0.038047336,-0.02906402,0.069232985,0.04377446,-0.018324362,0.019499864,0.09133033,-0.03681042,-0.0057049105,-0.023732584,-0.0303527,0.038770407,-0.004762184,0.06414257,0.079202764,-0.013535944,0.06924045,0.07103679,0.024623642,-0.0014711893,-0.025394639,0.0886357,-0.014649941,0.016371395,0.02781226,-0.023073165,-0.03661171,0.04056797,0.040588193,0.034209795,0.019696087,0.018046772,0.0199759,-0.05125461,0.00750862,-0.051431898,0.07366264,-0.06398252,0.038813528,0.015041134,0.08098514,0.07807368,0.08001527,0.0077938125
-0.012223777,0.0063390643,0.026351376,-0.014091385,0.04901157,0.07250283,-0.06028767,-0.049399447,0.047575906,0.01772634,-0.011580566,0.055838503,-0.002405317,0.0746045,0.069856495,0.021513829,0.056633856,0.071275584,0.03835225,-0.0019616531,-0.05453503,-0.07415946,-0.055632174,-0.0065975413,-0.036642775,0.010357172,0.01306769,0.042175774,-0.03679399,0.00012082288,0.054252133,0.011972369,-0.022642551,0.0031810978,-0.060116574,-0.048276246,-0.05534981,-0.030476127,0.014413814,0.013211458,0.02309435,0.0664189,0.046287846,0.04305686
0.029511308,0.029045032,0.06663663,-0.03138395,0.041692648,0.035018735,0.014119214,0.010205022,0.024883628,0.05038218,0.023086214,0.06466906,0.029734267,-0.010415382,0.06358991,0.0483302,0.013907906,0.0263645,0.06289776,0.05808584,0.021344852,0.013313927,0.070656076,0.032669272,0.07419982,0.031758703,0.04284485,0.03892302,0.021820389,0.022670573,-0.027157556,0.038843468,0.074395515,-0.008243911,-0.0665045,-0.020260487,0.031648546,-0.0005651808,0.06051233,0.050273146,0.027002206,0.03765827,0.05344726,-0.018693103
-0.07839659,0.039152697,0.006683733,0.00457274,-0.03210172,0.024541007,-0.049776915,-0.021402711,-0.047157176,0.011130847,0.0119433645,-0.009898933,-0.04465559,-0.020940514,-0.04626088,-0.07158713,-0.044795472,0.025970446,0.01656788,-0.030284846,-0.036579978,-0.012320361,-0.04163683,0.00097535766,-0.044767298,-0.056365278,-0.017955367,-0.026444513,-0.06905157,-0.058964007,-0.07190874,-0.03474519,0.051111676,0.02055004,0.032585025,-0.0445898,0.07751618,-0.041118994,-0.015329532,-0.008311091,-0.010848117,0.07037597,-0.03167508,-0.011164439
-0.059513047,0.028286196,-0.03177568,-0.016423183,-0.05834549,0.070516914,0.011766378,-0.047130205,0.07786739,-0.012215126,-0.026628252,-0.026840065,-0.0006081528,-0.04549531,-0.01969051,-0.038422942,0.0056968406,0.06590911,-0.010217471,0.036502387,0.06950134,0.01533458,0.029537698,0.09752156,-0.03958235,-0.043670896,-0.031581238,-0.008531124,-0.03921457,0.0013520805,-0.04085588,0.025380854,-0.02867909,0.030026462,-0.037847284,-0.007857785,0.023766415,-0.068315156,-0.0100076385,0.017280387,-0.02895918,0.03150911,0.0058415,0.07488167
0.06821058,0.028706681,0.032969557,0.04019916,-0.019996908,-0.014206206,0.005102622,0.028901443,0.048003886,0.04329128,-0.03588185,0.058916662,0.050924897,0.02122605,0.04447147,-0.039696794,0.04174651,-0.008257297,0.030954713,-0.041701425,-0.036181048,-0.029492471,-0.017756302,-0.026189128,-0.046471715,-0.03424598,-0.03219902,0.022191415,0.03591626,-0.012794797,-0.0101160165,-0.0042405324,0.0021702691,-0.020809013,-0.0046922816,-0.03888171,0.05256225,0.039238226,0.0027434304,-0.061588258,0.015416545,0.042803843,-0.03742572,-0.058067333
-0.06829208,-0.02627799,0.044250324,-0.015022132,-0.021851124,-0.02224372,0.0056255935,0.033471674,0.027457314,-0.03945687,0.05219416,0.031623457,-0.044015523,-0.06178407,-0.08308537,-0.013399567,-0.03665284,-0.033306874,-0.037398826,-0.024828823,0.018145721,-0.005396555,-0.039475232,0.047448996,0.083939016,-0.00466333,-0.018548202,-0.006927661,-0.026647234,0.025276132,-0.02921046,0.04520349,0.0041750977,0.009995,-0.06413844,0.008649825,-0.014621056,-0.003815314,0.033768974,0.0035149516,-0.04974125,-0.024750846,-0.022320345,-0.024824921
0.021443473,0.02029756,0.02849944,-0.019114885,0.075322,-0.04681131,-0.060574148,0.052484773,0.073020145,-0.042472925,0.022240693,-0.012127294,0.036321126,-0.041153707,0.013568353,0.06315724,0.00045983196,-0.07258767,0.042248055,0.04815023,-0.0052339435,-0.057513505,-0.024783226,0.019535376,-0.053507436,0.03222868,-0.028953252,0.07476107,0.07323438,0.04523913,-0.056750923,-0.0058950307,0.020342398,-0.017914198,0.05545147,0.044957805,0.0062507335,-0.030714927,0.04883164,0.065038696,-0.046624433,-0.044817653,0.032034576,-0.015587422
-0.05041958,0.06738742,-0.05077625,-0.07540193,-0.049793612,0.031079542,0.018405195,-0.059558816,-0.025281737,-0.015999487,-0.06181534,-0.051845167,-0.045621928,-0.03172255,0.040194288,0.06005532,0.036299307,0.02973618,-0.031828985,-0.070675105,0.035000227,-0.059662886,0.0018782533,0.030993199,0.030461783,0.026990952,0.034257933,-0.026533164,0.013174608,-0.083496384,-0.012220715,0.018313266,0.018461809,-0.008677498,-0.045529038,0.019880733,0.033174697,0.020106256,-0.018155497,-0.04900439,0.0018056454,-0.034751695,0.051793113,-0.023618342
0.04473305,-0.0594913,-0.014564447,0.08738039,-0.034256045,0.025941618,0.083137445,0.013104846,0.046748348,0.024304649,-0.0663542,-0.0061000264,-0.04244259,-0.06695453,-0.032370403,0.025970217,0.09268698,0.056768768,-0.06406056,-0.036914714,0.07659224,0.046995807,-0.03261585,-0.0044021937,-0.045821294,0.07545591,-0.05459808,-0.028713869,0.0811858,0.056125924,0.019193217,-0.050169744,0.08100366,0.045067355,0.056708124,0.08302539,-0.013123306,0.080932595,-0.015158853,-0.06749119,0.044754665,0.07429317,0.063042805,0.0804479
0.026426665,-0.03962857,-0.04142833,-0.048139334,-0.019699741,-0.06253748,-0.06954429,-0.06049802,-0.04845203,-0.063734934,-0.02925525,-0.06856883,-0.057811532,0.009694802,-0.04204775,-0.0817846,-0.07352298,-0.03151033,-0.053119175,-0.040728487,-0.054499112,-0.058800872,-0.0148815885,0.048278317,0.042588137,-0.058678452,-0.077963784,-0.05377966,-0.058144268,-0.042578805,-0.018214753,0.012923698,-0.038181428,-0.05640297,-0.057193145,-0.02679655,-0.047231548,-0.056564916,0.0021797863,-0.03276666,-0.0652968,-0.041189373,-0.026268927,-0.030983074
0.04573019,-0.011316401,0.0715251,-0.0062750503,-0.074207425,0.039819967,-0.06597068,0.058032673,-0.068734676,-0.051459357,0.0061086784,-0.019405767,0.010257649,-0.0058921366,-0.0077334237,-0.061354227,-0.0016347355,-0.055944532,0.07513283,0.030975228,-0.051375866,-0.010424094,0.043512683,-0.012693265,-0.07583427,0.0016935404,-0.0070809945,-0.0059233177,0.02186203,-0.00052433583,0.0336827,-0.022095947,0.07638413,0.04088563,0.006267169,-0.03203141,-0.072034895,0.014714142,0.013515384,0.045046367,-0.014385443,-0.04691765,0.023054725,-0.043277603
0.049501453,0.06439367,-0.012397993,-0.014509313,0.054630954,0.0621575,0.0036927608,0.040696923,0.037196252,0.05912613,0.029192233,0.023146028,-0.010325101,0.009472278,0.030159347,0.013728425,0.012511739,-0.062455088,0.007375884,0.022326654,0.0070684385,-0.03070225,-0.019688709,0.05124572,0.031604335,-0.023304958,0.013777732,0.057561856,-0.032561358,0.03320407,0.045791864,0.020851934,-0.013099227,-0.027326426,0.014360853,0.041813612,-0.044156592,-0.018633813,-0.014460641,0.05075968,-0.015521678,-0.03596283,0.036952812,0.004729607
-0.04864821,0.00087822153,-0.048802912,-0.056156833,-0.07462771,-0.023072362,-0.041958705,-0.050439276,-0.06372416,-0.007848547,-0.048328813,-0.054237913,-0.06330533,-0.03528218,-0.038642265,0.042239558,-0.025599236,-0.05803403,-0.04304574,0.044836707,-0.07441805,-0.02366976,-0.05436073,-0.034786016,-0.035912074,-0.027555939,-0.055621203,-0.06590709,-0.01750599,-0.077241205,-0.037251413,-0.023566853,-0.018840948,0.023424705,-0.018527936,-0.022864334,-0.065195955,0.0151800485,-0.035031147,0.041441403,-0.0703953,0.04573745,-0.027885918,-0.055622894
-0.0013842182,-0.06996275,-0.0010920964,-0.07317309,-0.07945978,-0.06634554,0.04237,-0.0079120025,-0.060621038,0.010672518,-0.004851779,-0.038299195,-0.0058928714,0.05361006,0.050611712,-0.026406761,0.0071240864,-0.019771673,-0.022422537,0.056109842,-0.086243615,0.017448194,0.037112176,-0.0805411,0.039458126,0.0144446455,-0.031731393,-0.0055450355,0.0019015999,-0.055866014,-0.022281526,0.0094882585,-0.0077672033,0.031135524,0.0046105175,-0.08838567,-0.023185883,-0.08555664,0.00936194,-0.03904976,-0.011751797,0.024113948,0.0021632651,-0.08107414
-0.037767444,0.04163538,-0.052691013,-0.01876411,0.058433753,0.066257074,0.025301794,0.06693753,0.03404848,-0.035601392,0.07059187,0.035184156,0.05611489,0.0066429186,-0.0033982538,-0.017891843,-0.019903282,-0.008948137,0.006490464,0.0640817,0.008569605,0.058014255,0.05264318,0.011724618,-0.04092252,0.062537715,0.029060042,0.034834675,0.026330393,-0.022213573,-0.040376905,-0.064940244,-0.022489212,-0.074637085,0.009315748,-0.039678924,0.017630717,0.0062548583,0.06769598,0.06065423,0.051504653,0.03660512,0.003941363,0.066767044
-0.009365298,-0.058685888,-0.061069,0.0524034,-0.07517598,-0.05378053,-0.07582615,-0.055699598,-0.057331856,-0.05803145,0.07644681,0.030784503,0.05335014,-0.047804285,-0.018325143,0.029426921,0.06190013,-0.07632021,-0.010743563,-0.06572734,-3.728437e-05,-0.07724395,-0.07001149,0.009962873,-0.0042592157,0.08143035,0.04484299,-0.033056397,-0.031156082,-0.018365271,-0.07279484,-0.03177922,0.0022895318,-0.009203645,-0.004159036,0.023376992,-0.030868424,-0.0079873,0.06925542,-0.027660556,-0.025347084,-0.078865945,-0.036691904,0.0030146637
0.06077084,-0.07670635,0.0056373514,-0.0310124,0.052770283,-0.053733587,0.0326295,0.0070075965,-0.029503232,-0.012922378,-0.012337701,-0.03654263,0.02277661,-0.058896497,0.0033453936,0.01607134,0.0008165498,-0.048766598,0.04994449,-0.07702339,0.0053216433,0.015971394,-0.0376927,-0.043520864,-0.029799111,-0.005529835,-0.035920262,0.005715719,0.046552,0.048468523,0.05754846,0.019910185,-0.03368681,-0.028449671,0.03164631,0.010723616,-0.035592325,0.04811508,0.079625465,-0.049563006,-0.025935039,-0.06955927,-0.0009152142,-0.03513663
-0.057563465,0.05785112,-0.061004166,-0.01657918,0.05738626,-0.0089641325,-0.039968498,-0.07523184,0.06399118,-0.013198484,-0.008044542,0.018400766,-0.0026236186,-0.036472153,-0.04746911,-0.040482715,-0.013480228,-0.002681787,-0.08074707,-0.08368785,0.018219046,-0.0466319,0.03485907,0.02707198,0.005901437,-0.060010675,-0.04274264,-0.063225955,-0.0034307672,-0.08019095,-0.016519157,-0.07175647,-0.07803177,-0.034256846,-0.04471484,-0.013266911,-0.029676799,-0.04498968,-0.05479095,-0.07221397,-0.03613946,-0.027634501,-0.022427918,-0.06257513
0.0464297,-0.0050757355,0.008553345,0.05688546,0.03531459,-0.00030878896,-0.028656356,0.031691372,-0.0018112042,-0.007077449,-0.037294734,0.0021464922,0.010521811,0.02286733,-0.007045299,-0.010712732,0.04946126,-0.019512864,-0.058365855,-0.034806848,0.011113267,0.0069156443,-0.017340219,0.059590142,-0.04471511,-0.020547122,-0.008692396,0.034572292,0.019858979,0.010632506,0.01709687,-0.017436277,0.0056835623,0.04316979,0.031233758,0.019043712,-0.011328144,0.046543695,-0.045028914,0.001223766,0.02951552,-0.004022762,0.026383758,0.009847751
-0.016823076,-0.009423644,0.025427615,0.021110049,0.0031801895,0.025036534,-0.043686617,0.010985369,-0.022574943,-0.029548287,-0.028470274,0.074002266,-0.057268146,-0.06348583,-0.08482847,0.00083172496,-0.029652623,-0.03707366,-0.08084219,-0.031732198,0.04597431,0.02542989,0.011690762,0.05415671,0.05064546,-0.017627263,-0.05598313,-0.026153872,0.012515456,-0.015272333,-0.02528275,0.04347261,-0.059689928,-0.02352968,-0.018087564,-0.008450279,-0.04264678,0.015456876,0.039210692,-0.061557006,-0.031226542,-0.05158423,-0.020120226,-0.010452901
0.04696979,0.05610852,0.015964396,0.03690869,0.0083759455,0.074192055,-0.0048549217,0.06423225,0.052539617,0.06165381,0.015037719,0.05991911,0.011488521,-0.051438008,0.0632356,-0.0063549746,0.011888516,0.07227771,-0.008972314,0.06139478,0.007530516,0.069902234,-0.0028624535,0.001400357,0.07854058,0.06848237,0.016225643,0.008071485,0.016072161,-0.048449345,-0.005899775,-0.016032383,-0.072114594,0.011012051,-0.03947854,0.04714281,-0.05978892,0.042650077,-0.004544766,-0.029102964,0.06114128,0.055483848,-0.0027913814,0.006998695
-0.009974505,-0.011935227,0.04112582,-0.031298414,0.012023172,-0.025569877,0.025082124,-0.06265886,-0.03406892,-0.046723954,-0.013415833,-0.03444607,-0.005489663,0.04944227,-0.030870982,-0.08192595,0.02382035,-0.003230387,-0.0045880317,-0.0666106,-0.04299416,0.018529858,0.04054895,-0.013959794,-0.005278383,-0.03462762,0.06575059,-0.0058872458,0.019380238,0.033651613,0.00084924843,0.048531137,0.022511354,-0.06753104,-0.05868451,-0.07495909,-0.014804789,0.011382092,-0.0405434,-0.007237953,0.04008099,-0.062119205,0.032737415,-0.07689708
0.02949549,0.01607244,-0.05174244,-0.06481083,-0.07152702,0.0053889076,0.013467892,-0.01997562,-0.07449745,-0.042368393,0.0047343266,0.05638966,-0.08360663,-0.084788494,-0.08852189,-0.045423392,-0.015270736,-0.068185575,-0.039795272,0.042238005,0.010083666,-0.022520779,-0.038174637,0.06462418,-0.01583625,-0.047993973,-0.0701753,-0.01076723,-0.08512755,0.02366795,-0.04003629,-0.060848612,-0.04597119,-0.03624269,0.036488533,-0.05700827,-0.01454647,-0.076327085,0.046012804,0.048577573,-0.056286633,0.04074207,0.030172797,-0.050081894
-0.04206514,-0.017464736,0.013810238,-0.061979335,-0.011022347,-0.019045109,-0.0046257996,-0.04837423,-0.016601976,0.017253697,-0.006966818,0.03791678,-0.00945376,-0.007309676,-0.01236712,-0.01360267,-0.036428608,0.020911673,-0.013854131,-0.020525942,0.024167668,-0.013472782,-0.07008532,0.003564451,0.038748994,0.013262387,0.049896605,-0.009398013,-0.032913648,0.006408823,-0.031630337,0.034368083,-0.026844822,-0.005895327,-0.052019544,-0.0527637,0.01518838,-0.04612122,-0.020387981,0.03480516,0.023484949,0.021157067,-0.01167353,0.0068791383
-0.038925886,-0.06618205,-0.06707288,0.019579878,-0.0333648,0.019797502,0.04527266,0.0009570521,-0.07980937,-0.07456612,-0.02314043,-0.08460443,-0.06743785,-0.01953843,-0.045037072,-0.07786701,0.024304874,-0.05498747,-0.04656671,-0.07470773,-0.0043675834,-0.020536924,-0.053968545,0.019735359,-0.020251295,-0.012106829,-0.05025228,-0.02258672,-0.039924696,-0.075715855,-0.06253672,0.023806674,0.011630478,-0.06015627,-0.010493579,-0.06912531,-0.062804244,-0.015284141,0.031807978,0.02722373,-0.045703124,-0.013842479,-0.022735406,-0.07083187
-0.03212793,-0.009174195,-0.044988118,0.004072527,-0.014989533,-0.01687299,0.08105998,0.04575244,-0.034975342,-0.039230894,0.019040331,0.0060117403,0.029279565,-0.07784088,-0.026896756,-0.05100401,0.029529834,-0.054230276,0.017830832,-0.026815774,-0.0069751497,0.026883293,-0.026087169,-0.019567532,0.07614718,0.0712509,-0.05109156,-0.026632821,-0.010594675,0.06268466,0.054768328,0.047214758,-0.055588096,-0.030445961,-0.011620032,0.061680768,-0.041319754,0.003981619,0.033333704,-0.037028108,-0.019599695,-0.00039108738,-0.0051894095,-0.042311907
0.059581164,0.06997434,-0.0053384574,0.049708746,0.03500904,-0.027317736,0.026709681,0.02406057,0.0646185,0.04992245,0.043369293,0.08152707,0.016911479,0.046550054,0.03904971,0.06893432,0.032353606,0.05080125,-0.0124811055,-0.040545996,0.061446313,0.068919174,0.034868196,0.012641369,0.05560846,0.042216096,0.033937156,0.0329095,-0.0072892862,0.0021239333,0.008600117,0.08228663,0.073559776,0.06809226,0.047623087,0.0014165391,-0.0012775694,0.018277539,0.049825802,0.038243465,0.06570317,0.058739986,-0.0029144827,0.039231673
0.03312733,-0.043188974,0.0075371563,0.018678822,-0.028559368,-0.014830465,0.01597256,0.052443333,0.010334869,-0.01799174,0.016366297,0.062081654,-0.0029766557,-0.016342536,-0.03148292,0.01751033,0.018344145,-0.009910298,-0.018166894,0.0052990275,0.0036717197,0.017487634,0.004282544,0.018436134,0.024073986,-0.030896565,-0.033350613,0.049210124,0.010380623,-0.013141511,0.0033626459,0.014392966,-0.057436805,0.0061166766,-0.048854027,0.033485536,-0.04061194,0.0054939217,0.011680227,0.047326103,0.03335614,0.019394409,0.01581568,0.015707048
0.03530758,-0.07018105,0.00020029848,-0.024219455,-0.03736504,0.0042099166,0.012399766,-0.049066532,0.03632889,-0.020676754,-0.06587892,0.004078694,0.038105622,-0.011217777,-0.016875196,0.030841377,-0.0072020786,-0.074213065,0.0077965893,-0.030270103,-0.031066498,-0.07239115,-0.050609354,0.04291115,-0.0719535,-0.007372596,-0.028599016,0.014585554,-0.037994083,-0.061738066,-0.04364372,-0.008265973,-0.026203567,0.030408997,-0.05482881,-0.054899454,-0.007826376,-0.026037939,-0.042393707,0.027681462,-0.007320292,-0.058875825,-0.035743404,-0.03390917
-0.07087932,0.024381958,-0.05153471,-0.062152565,-0.0657469,-0.055931598,-0.06386723,-0.07130987,-0.06296281,-0.06339801,-0.04482978,-0.045987498,-0.08000027,-0.06305113,-0.070784524,-0.07168231,-0.05524013,-0.05001418,-0.04175296,-0.011016038,-0.048994444,-0.06320932,-0.017971642,-0.047723047,-0.07657988,-0.021678621,-0.050293274,-0.056893766,-0.070654415,-0.0583119,-0.0710261,0.060999487,0.0046280576,-0.058642283,-0.05466227,-0.045649834,-0.008662079,-0.07065748,-0.02894815,-0.027383603,-0.053933468,-0.015989957,0.0011711993,-0.0574162
0.054251164,0.035891373,-0.05968793,0.038910516,0.006329601,-0.06450612,0.0032856048,-0.015371384,-0.009516645,4.5821576e-05,-0.00955902,0.060741983,-0.042113688,-0.028717294,-0.008467704,-0.044163216,-0.037653394,-0.033379123,-0.020510634,-0.061543837,-0.04531568,0.0031374644,-0.044085532,-0.092501715,-0.025439065,-0.00896644,-0.061091065,-0.03630967,-0.016978305,0.027619908,-0.067674056,-0.033496637,0.05333981,-0.038807455,-0.05240671,-0.045392584,0.014913484,-0.04006505,-0.0591383,-0.0573952,0.006918834,-0.0027103594,-0.05189852,-0.036199994
0.04612307,-0.029079424,0.0028374714,0.039226443,-0.027960898,0.04387441,0.06588904,0.012668083,-0.026641281,-0.037161436,-0.0028768394,-0.0061464226,0.006144658,-0.035614256,0.012917355,-0.006556816,0.04771729,-0.03829779,0.042944863,0.0053410297,0.012296613,0.02381748,-0.037838034,0.028334692,0.039754122,0.064239636,-0.022022925,-0.026883123,0.008827848,-0.017452573,0.0017666902,0.056601863,-0.017015284,-0.006662733,0.014018923,-0.018989775,-0.0126679195,0.048445866,0.041550327,-0.05911907,0.03448044,0.02149829,0.038192715,-0.043192443
-0.02117304,-0.035570428,0.025709119,-0.03555976,0.06640414,-0.063010134,0.032289483,0.0156010855,0.030745447,0.003482532,0.0756245,-0.027696867,-0.0014157669,0.025828037,0.056688786,0.05650457,-0.015362339,-0.047714036,-0.011816356,-0.036956415,0.048421536,0.032392103,0.062200654,-0.015769463,-0.012000964,-0.024604747,0.02483128,0.06538295,0.069839045,0.018333731,0.02751438,-0.060131736,-0.013310318,0.034849297,0.05871436,0.07092872,0.031210039,0.061826717,0.06884093,0.005953166,-0.015744565,-0.009524196,0.02130599,-0.06534464
-0.060305145,-0.06750231,-0.033797678,-0.08258661,-0.01412161,-0.043269195,-0.08144503,0.07303781,-0.0409015,-0.061155524,-0.030904049,0.036165725,-0.031309545,0.011260733,-0.02631367,0.0032578576,-0.023638492,0.008753462,0.0017618466,-0.0074275,-0.060344797,-0.0677332,0.006025224,-0.0660034,-0.004929383,-0.06925918,-0.047309905,0.019074054,-0.06798684,0.022425698,-0.03234548,0.04446879,0.03991534,-0.057244584,-0.077448234,-0.0087794475,-0.031446412,-0.089859314,-0.059404794,0.06990193,-0.06467865,0.05603094,-0.0014125044,-0.03350243
0.00079145207,0.07185636,-0.02415982,-0.058310583,0.05543922,-0.007661779,-0.044292204,0.026007794,0.01778364,0.07377411,-0.02864747,0.038026,-0.06737783,-0.0022593127,0.057500802,0.055035114,0.035173077,0.06362586,0.053867728,0.0763504,0.0013690791,0.040929794,0.06794556,0.07053152,-0.06757556,0.02735867,-0.037963714,0.04275574,0.057177216,0.039120764,-0.064294554,0.006390593,0.0340156,0.012565462,-0.005591283,-0.027782232,-0.050413743,0.016787767,0.008533008,0.06727373,0.0462314,0.06937521,0.031124145,0.053626586
-0.028852561,0.07517371,0.07397572,0.020115407,-0.014470184,-0.049617156,0.048384104,-0.0070906486,0.057429247,-0.004371522,-0.043370657,-0.034127135,-0.046067707,-0.06586744,0.0044146245,0.0006148259,-0.043723807,0.038753357,0.03260458,-0.059568144,-0.02491885,0.019710692,0.018737698,-0.057142038,0.006288074,0.043972474,-0.027048483,-3.8524737e-05,0.024704684,0.009731435,-0.07332876,0.018698154,0.07500386,0.0596784,-0.07845052,-0.010065417,0.07912771,-0.01735159,0.049106997,-0.046942186,0.046806626,0.03882749,0.03427082,0.025760813
-0.008924882,0.024054987,0.023059784,0.047304485,0.013270553,-0.052896935,-0.046753444,0.013286251,0.020545037,0.04591496,-0.013784588,0.013158626,0.031117724,0.060018476,0.091684215,-0.005122192,0.00039867053,0.011732644,-9.167952e-05,0.044773668,0.030370673,0.016110731,-0.017122582,-0.0014053667,-0.1041747,-0.06006472,0.034392275,0.056014158,0.04264394,0.016322708,0.05878095,-0.06246382,0.051127385,0.043895617,0.01429971,0.062211007,-0.0084939655,0.047837712,-0.005365799,0.007415417,0.042007647,-0.0062197368,0.019007664,0.06366804
0.007953727,0.073179424,0.03632826,-0.05562315,0.020674111,0.02340055,0.020886619,-0.06592375,-0.026392257,-0.0849466,-0.029317295,-0.030910995,-0.001999071,-0.0077627474,-0.07986469,-0.0070549855,-0.008231933,-0.043198504,0.011813819,0.008969827,0.015389673,0.061990377,0.063462615,0.0017820158,-0.042690482,0.009185406,0.044893645,-0.07956811,-0.023866696,0.008621774,0.0015112538,0.07089102,0.0694722,-0.07743588,-0.068924844,0.020609824,0.008962013,-0.0714567,0.007380886,0.031463392,0.015945772,0.046949424,0.023462629,-0.049542118
0.069750376,-0.07496485,-0.062361304,-0.017096508,-0.041264597,-0.0018425753,-0.07834756,0.06255498,-0.011211511,-0.077430665,0.039541293,-0.03412059,-0.0125343995,-0.04856408,-0.088151455,-0.0398029,-0.0031105068,-0.03717248,-0.088336706,-0.036695786,0.08486328,-0.03539492,0.0015366664,-0.013862984,-0.02595597,-0.033294458,0.01489196,-0.06505992,-0.03759924,-0.06162533,0.0012405571,-0.07438976,-0.06258456,-0.0631428,0.063376024,0.06254215,0.061269067,0.0830953,0.039804604,-0.028155653,-0.057075396,-0.035682723,-0.065443404,0.02581233
0.039620448,-0.07432293,0.05434492,0.07016127,0.052119754,0.0036139004,-0.0023845932,0.051239833,0.043002315,0.0236694,0.044239726,0.051319383,0.05626863,0.07305759,-0.03132992,0.04418148,0.0026148923,0.036631912,0.020944426,0.035108328,0.05617218,0.0054070484,-0.06722605,-0.028444607,0.028945385,-0.035138812,0.07065411,0.045503907,-0.052504376,0.074139774,0.074682355,0.020006455,0.036755987,0.029478684,0.0023864224,0.065414496,0.03479514,0.0621527,-0.012680946,-0.026963696,0.021275321,-0.009301783,-0.05896998,-0.013109837
-0.011129075,0.025530659,-0.029766059,-0.04396904,0.05547374,0.002608645,-0.017742733,-0.040948555,-0.034156103,0.031769745,-0.033076458,-0.050713565,0.08147096,0.04550541,-0.040541247,0.030842682,0.04243922,0.06443285,-0.021883015,0.045632984,0.047450446,-0.036778115,-0.02761305,-0.020014312,-0.049155846,-0.06559385,-0.025349686,-0.015076786,-0.03856101,-0.043162618,0.053737547,-0.03680128,0.047143098,0.07296856,0.01291845,0.06201364,-0.0792566,0.047206074,0.060105808,0.024168132,-0.019426852,-0.044238992,-0.07438667,-0.016201105
-0.054073308,-0.04283787,-0.05563302,-0.014728865,-0.020860171,0.022187125,-0.018617075,-0.04499968,-0.051821675,-0.017529309,0.03698768,-0.04742806,0.0316431,-0.016891913,-0.042761218,-0.007278272,-0.01740975,0.027756691,-0.033640906,0.00850876,0.028571296,-0.011889192,0.04837696,0.0034016988,-0.007141019,-0.0049283174,-0.012239652,-0.03878602,-0.035866957,-0.020708226,-0.062448867,-0.03413108,-0.02331336,-0.021240326,0.006829727,-0.04569539,0.029376656,0.014723152,0.060536437,-0.058986627,-0.057331752,0.04269929,-0.00032663075,-0.0611628
-0.035419077,0.01049095,0.054845087,-0.080072716,-0.007957424,0.06405813,-0.0035170603,0.049686722,0.06226265,-0.02079364,0.021208216,0.0067473124,-0.035696387,-0.07410206,-0.03925328,0.013270492,0.00902903,0.074378885,-0.038367633,0.0013043836,0.045016065,-0.03624437,0.06413607,-0.022861665,-0.046473686,0.043635592,-0.0181639,-0.019123323,-0.004236596,0.022119641,0.043558322,-0.008380954,0.028068658,-0.028798617,0.0013900693,0.038515266,0.005446639,-0.07878493,-0.039544247,-0.04777163,-0.06232025,0.06255104,0.06376939,-0.056542967
0.04422945,0.035468895,-0.024377365,0.025641384,0.040283073,0.054582566,0.031972792,0.0076870075,0.00020969099,0.049903326,0.036516044,-0.011303814,0.01973081,0.016699966,0.006981882,0.03939129,0.044428032,0.0069138706,-0.04002768,-0.012546353,-0.014272519,0.013025631,-0.022775814,0.045397464,0.025989851,-0.03364731,-0.014027913,-0.0017004726,0.033429075,-0.015460931,0.06663857,-0.050079014,-0.020882076,0.020218,0.031870946,0.050048463,0.008197356,0.009567363,-0.0037600112,0.028251234,0.043145318,0.039352264,0.040540975,-0.00075943954
-0.0016973348,-0.022348246,0.017825572,-0.0015976909,-0.00083926483,-0.0007191394,0.048754517,0.018589798,-0.0002988482,-0.0011398055,0.028121483,0.044030476,0.032238446,0.0021350738,0.028071776,-0.042559467,-0.0068729618,0.004888128,0.010706201,0.047616683,0.045953654,0.030818071,-0.010603744,-0.025647724,-0.05006742,0.0033564055,0.008807598,0.047148637,0.05342827,0.03547269,0.021769509,-0.04280761,-0.0019023938,-0.036683388,-0.010676286,0.045190465,0.015140408,0.04824062,0.036929566,0.03260195,0.036870584,0.04775974,0.0025525268,-0.0049394746
0.010015183,-0.013715151,-0.014457258,-0.010571374,-0.026765594,0.062287476,0.0010620265,-0.011886993,-0.0013623689,-0.023550408,-0.034552656,-0.033132125,-0.004198601,-0.037484623,0.004590614,0.008182066,-0.017516293,-0.037322108,-0.04772054,-0.05506506,-0.056510113,-0.007139114,-0.0074891653,0.049572498,0.05071405,0.04441022,0.044986375,-0.03133431,-0.041031595,0.006622317,0.034566887,0.042513516,0.0072178245,0.011910718,-0.054385994,-0.07883971,0.043553233,-0.035968356,-0.031090962,-0.042011432,-0.024710936,-0.058555804,-0.008569602,0.015695928
0.038679283,0.01710021,0.01713195,0.06229915,0.017828222,0.03693302,0.06773448,0.062794924,0.06370565,0.049434435,0.075891,0.06264945,0.032789644,0.07535359,0.073637314,0.07140204,0.054792773,0.061542083,0.072930664,0.05728671,0.05301865,0.06221239,0.04826673,0.022727579,0.0054316213,0.06522995,0.08500123,0.050857738,0.05700065,0.07682954,0.077476636,0.063957416,0.034515545,0.04484666,0.035919826,0.089088224,0.044579115,0.066487394,0.0581156,0.06600223,0.07381124,0.026871923,0.06274889,0.06491067
-0.06885398,0.060514104,-0.052359454,-0.056560595,-0.060066655,0.07480571,0.00083839934,0.032931708,0.06361575,0.038075734,-0.047124855,-0.052219547,-0.020680489,-0.064442605,-0.0269218,-0.012564394,0.016473083,0.059734084,0.05797803,0.053807408,-0.08198317,0.050572086,0.029070726,-0.046839297,-0.068807624,-0.039371666,-0.038132913,-0.03911108,0.057561774,-0.055038996,-0.065749526,0.026420984,0.017700216,-0.016627582,0.040101387,-0.00049430854,0.018403985,-0.01938929,-0.048761714,0.008803976,0.045843765,0.031076161,0.038355026,0.04768341
-0.041663434,-0.057343286,0.05957951,0.06878979,0.07189316,-0.004286456,-0.05190167,0.07165344,0.0677714,0.031751417,0.011388275,0.06466885,-0.0046755555,0.047435727,0.09172522,0.048601642,0.06565166,0.036982022,-0.018163068,0.061760247,0.06195677,0.0147508,-0.065203406,0.065006785,0.08146207,-0.0014640072,0.048738297,0.059925947,0.082930826,0.050430644,0.07629278,-0.015500603,-0.031249737,0.021073066,0.03391998,0.022219772,-0.03261768,0.06338654,0.032641523,0.06581261,0.019260507,0.037821103,0.0054088733,0.053122308
0.042695742,0.0012464861,-0.06429561,-9.612443e-05,-0.07861098,0.021947624,-0.0033285487,-0.07007191,0.060882676,0.01913665,-0.08351197,-0.04869271,-0.057304576,-0.08381516,-0.04388589,0.07931364,0.019346103,-0.006078372,-0.023924064,-0.031931084,-0.060431737,-0.045429423,-0.07878178,0.035550572,-0.034517996,-0.01567536,-0.0861793,0.0030250808,-0.0034706215,0.020189812,0.046835843,-0.059131645,-0.036167417,0.0414381,-0.069795854,0.049921174,-0.033386663,0.025233196,-0.035452925,0.0091713015,-0.022297673,-0.008614737,0.033466116,-0.062639356
0.058577903,0.04735973,0.026179912,-0.06603531,0.06785224,0.02637178,-9.860624e-05,-0.05131458,0.008148477,0.07115071,0.071345,-0.003499934,0.003312062,0.06929306,0.0009896535,0.004084252,-0.017360086,0.052079044,0.0489787,0.00017769838,-0.039225683,-0.006408608,0.08152051,0.06437556,0.037725456,0.0723417,0.008494267,-0.07398651,-0.034412954,-0.05269178,0.042458974,-0.03812799,-0.06418203,0.0130740255,-0.05810307,0.084131956,0.015366733,-0.024535982,0.017263606,0.060352407,0.03317951,0.07127209,-0.0046805497,-0.01641319
0.0518497,0.018840345,0.025626667,-0.0063268356,0.01928201,-0.039400544,-0.0039046633,-0.013841023,-0.003215715,-0.05010704,-0.014423554,-0.043303885,-0.0001330428,0.014057135,-0.055727106,-0.06771758,0.049258266,0.010030988,-0.0035714603,-0.022116961,-0.03522975,-0.022286518,0.0017192475,0.0051481435,-0.06985263,-0.0020214815,-0.0017447916,-0.018424472,-0.060238943,-0.007196505,-0.0016357364,0.042586084,0.052153364,-0.00052616745,0.030521544,-0.051972337,0.05221382,-0.004314903,-0.014067134,-0.01874583,0.0017115846,0.06271009,0.018311927,0.007831324
-0.05907822,-0.033163916,0.019042052,0.011933869,-0.043934967,-0.05646589,0.02194218,-0.020946847,0.017166875,0.011535636,-0.01653649,-0.04678176,-0.044785883,-0.015963666,0.003610382,-0.037368227,-0.061898123,0.02024511,-0.0063488088,-0.01809989,0.01743672,-0.07509394,-0.051924713,0.0090677375,-0.027677374,-0.017812388,-0.049932484,0.057609554,-0.037641194,0.0156082455,-0.015344897,-0.03080704,-0.05699376,0.0423679,0.007935618,-0.054984447,-0.048512597,0.03611605,-0.041976023,0.012126063,-0.040438224,0.05316346,0.028571317,0.06926635
0.07510995,0.021299243,0.06309431,0.06441667,0.0038164025,-0.005286199,0.04423276,0.0042137695,0.05439177,-0.013381633,0.033156972,0.067748226,0.06397096,0.034016214,0.0029480357,0.057088636,0.07216424,-0.03681703,0.026171075,-0.021650435,0.01100082,-0.010264908,-0.023408394,0.011884901,0.017684916,0.04515323,0.029408645,0.036769345,0.04264841,0.05466307,0.051515236,0.07410838,0.011237942,0.05221696,0.05461652,0.07400279,0.04344455,0.060902584,0.058737446,0.023923183,0.018733341,0.055674404,0.042038806,0.017315172
-0.04746597,0.005936496,-0.043409195,-0.05649471,-0.005951171,0.004876202,-0.011957368,-0.016797908,-0.026240988,-0.057112005,-0.041807294,0.018437102,-0.056431435,-0.07183576,-0.02715443,-0.03950834,-0.04914601,-0.06231563,-0.07067212,-0.035132393,-0.006490141,-0.0036522842,-0.06556973,0.0013439669,-0.022693932,-0.046211123,-0.048058644,-0.059965067,-0.021205552,-0.027059233,-0.053173903,0.00014936429,-0.05686295,-0.035344273,-0.027455814,-0.0276593,-0.07017618,-0.035772294,-0.013251028,-0.0117927855,-0.047024008,-0.06638933,-0.017365733,-0.063710675
-0.07258626,-0.010163335,-0.038377475,-0.07141527,-0.02001535,0.016007714,-0.027340023,-0.02963243,0.0042752693,-0.042374138,0.031468377,0.01018024,-0.05450658,-0.07187869,-0.052755363,0.03405316,-0.05345622,-0.05532236,-0.052395523,-0.007280123,-0.026632093,-0.03499012,-0.012845241,-0.0718793,-0.002127012,-0.024238126,-0.043555662,-0.036406267,-0.051952112,-0.04674388,-0.064822085,-0.032341942,-0.011516181,-0.06731264,-0.02178839,-0.066714145,-0.00276751,-0.05110109,-0.026394252,-0.032464024,-0.058210306,-0.059511434,-0.060333773,-0.06921134
0.06080386,-0.018770287,-0.07034681,-0.010710999,0.0152028175,0.0058782017,-0.036404945,-0.03607488,-0.055473,0.0006768339,-0.07214835,-0.053135626,0.013150575,0.030073663,0.021541156,-0.0019467253,0.013574228,0.00052045635,0.039457228,-0.0076808473,-0.06392503,0.017499516,-0.047858845,-0.03649115,0.019015253,-0.045045603,-0.039786063,-0.038259823,0.00073935627,-0.028584193,-0.009699384,-0.019158972,-0.031860765,0.027085599,-0.056710336,-0.025657134,-0.06987719,0.044638623,-0.05381713,-0.074545026,0.06110917,0.021524854,-0.023218608,-0.06286815
0.000941622,-0.057791043,-0.039374784,-0.016189087,-0.052233953,-0.00412901,-0.042539597,0.023311742,-0.0045777587,-0.0073800515,0.003552556,0.053006425,-0.056928787,0.01907988,0.042535372,-0.042429633,-0.031675152,-0.041480254,-0.07435489,0.0019546363,-0.020511413,-0.046142578,-0.041516308,-0.064746425,-0.03765466,-0.04131168,-0.06717972,0.028001133,-0.049024414,0.016570287,0.061825827,-0.068382345,0.0569227,0.02109764,-0.06863373,-0.040557366,-0.06840778,-0.044380475,-0.008178246,-0.038549677,-0.06492946,-0.052906644,0.025407445,-0.051921476
0.07898433,0.027139254,0.0013297411,0.057935797,0.058761667,0.06960747,0.06908906,0.0654755,-0.018995652,0.03530976,0.08573825,0.07682611,0.06923294,0.01575847,0.0050226045,0.08841566,0.07700857,0.0023177837,0.0611444,0.05653426,0.017840965,0.0777481,0.000110532914,0.06949393,0.1097135,0.02647925,0.087344766,0.07267632,0.041939747,0.056977514,0.0774761,0.05724936,-0.011934257,0.0822961,0.029979981,0.082176805,0.037720636,0.07937035,0.03559222,-0.023398854,0.07743974,-0.053521603,0.011324624,0.0015137438
-0.0069834143,0.039127465,0.04104985,0.031271853,-0.038076635,-0.07109414,0.062787555,0.046409827,0.03892578,-0.013774287,-0.056738675,-0.03233759,-0.05272043,0.025443029,0.029568827,-0.062104702,-0.03027739,0.05353181,0.031164406,0.02992017,0.006274388,0.019355405,0.035799336,-0.028962292,0.017682802,-0.018567804,-0.029626772,0.01517544,0.043465644,0.019451225,0.027087312,0.0017254032,0.0644185,0.024303205,-0.014721073,0.07375278,-0.054904476,-0.0057256925,0.0073761847,0.07333814,-0.03125367,0.07263938,-0.03986493,0.041887093
0.037050247,0.050642427,-0.04665103,0.010925163,-0.026753284,0.017677607,-0.010427873,-0.04342843,-0.004031256,0.030429801,-0.023649534,0.026267136,0.006824976,-0.018097725,-0.010188763,-0.0081083095,-0.008493402,-0.03993518,-0.013653589,0.011258897,0.031690944,-0.034457162,0.018795751,-0.04318173,-0.024845628,-4.805357e-05,-0.014896229,-0.017226815,0.0023298098,-0.011292834,0.017875677,0.0072957575,-0.061630785,0.051827714,0.013280852,-0.030167446,-0.04306231,-0.0009254967,-0.023713067,-0.0003003709,-0.034604374,-0.04838169,-0.008138903,0.009269474
0.062200256,0.05114585,0.05828007,-0.027947713,-0.0069697746,-0.0065563354,0.027180204,-0.023742985,-0.02203725,0.018648883,0.072720595,-4.3962482e-05,0.035987053,0.01111296,-0.03341718,-0.023554498,-0.01623078,0.02497807,0.050358817,0.076784655,0.031374294,0.054445982,-0.01893709,0.06767832,-0.024867555,0.026903635,0.028435716,0.046399612,0.026646959,-0.037997715,0.031278253,0.06573277,-0.024147514,0.02087163,-0.010238848,0.06035173,0.05886297,-0.012643903,0.06488623,0.046491347,0.06061748,0.0040809,0.050303545,-0.025760707
-0.0040507363,0.0681202,-0.040976766,-0.0008967026,-0.02043674,0.049434155,0.014852808,0.010727671,0.05141115,-0.013004687,0.029164596,0.056588564,0.03521618,-0.048021354,-0.026202168,0.016296891,0.05047203,-0.03163119,0.058148365,0.0104306545,0.036583614,0.015988026,-0.026035165,0.06368025,0.0761029,-0.0081893075,-0.0041683903,-0.035132322,0.033420816,0.009948848,-0.021488352,0.032244787,-0.0011895917,0.032494023,0.038222954,0.034115456,0.018589942,-0.058639687,-0.008522965,0.036400437,0.044675224,0.051232472,0.0674531,0.036509834
0.009427259,0.009955441,-0.054752596,-0.021201221,0.06668984,-0.07087449,-0.050517913,-0.022055866,0.07860489,0.004231417,-0.024553724,-0.06870689,-0.052227844,-0.06719938,-0.049391508,-0.05053257,-0.09188358,-0.06332177,-0.051133387,-0.06864005,-0.027534988,-0.07924497,-0.07461075,0.02815195,0.03231036,-0.063296326,-0.012088491,-0.04787211,0.07826375,0.0028805227,0.009418717,-0.050596546,-0.064777896,-0.020760216,-0.005382804,0.086702675,-0.042758342,-0.010323722,-0.063986056,0.012811804,-0.037749782,-0.07504217,-0.063941255,0.011450324
0.001499846,0.02246323,0.07791469,-0.015400589,-0.055378288,0.03783547,-0.014791568,-0.07753281,-0.003357233,0.020776106,0.012272285,0.0044473773,0.060797818,-0.0051905448,-0.03445095,0.07014809,0.0069333115,0.030242296,0.021896323,-0.03802779,0.0022883848,-0.03720932,0.030215792,0.037059408,-0.028468668,0.07904004,0.046215583,0.014980815,0.0840653,0.030982923,0.04268895,0.073708616,-0.03024649,-0.012134217,0.062392462,-0.0467096,0.022491083,0.016975643,-0.030336024,-0.07468161,0.005310186,-0.057552367,-0.06494765,-0.06894121
0.04593726,-0.042486995,-0.06630737,0.001981318,0.01512252,0.01104783,-0.0269642,-0.047800403,-0.03719701,0.018085781,0.054282334,-0.048915315,0.035829064,-0.044760108,-0.032434136,0.006789193,-0.07339121,-0.06847746,-0.06289792,0.03942057,-0.043723665,-0.07684731,-0.03970323,-0.0660834,-0.043196607,-0.053957343,-0.054207522,0.012314942,-0.071088284,-0.033983678,-0.025474913,-0.03273107,-0.07627352,-0.047407873,0.027954081,0.05370572,-0.01471634,-0.0211295,0.042984784,0.016679944,-0.022840273,-0.04913946,0.017029414,-0.039259613
-0.026954245,-0.03016935,0.009223571,0.039037224,0.004486674,-0.050268233,-0.079608925,-0.03945793,-0.001175611,-0.022852086,0.006777098,-0.059883412,0.044164672,0.018634317,0.04721631,0.0012642913,0.005379802,-0.029431012,-0.04750941,-0.035642818,0.07130984,0.06551327,-0.0796464,0.017166726,-0.07218745,0.030524915,-0.0058884094,-0.014377387,-0.03865639,-0.032177437,0.05568273,0.06541414,0.024204139,0.041622788,0.05585118,-0.006103569,-0.05598557,0.057765257,0.019562675,-0.05900421,-0.05695409,-0.07022633,-0.081559055,-0.0035061818
-0.022050673,-0.03387797,0.029786,-0.017303452,-0.04356945,0.002700767,0.06325154,-0.063268036,-0.006360712,0.043568876,-0.03426873,0.0206703,-0.032008063,-0.06798188,-0.038043622,0.023388881,0.0684584,-0.0026296787,0.052910943,-0.00688738,-0.015710082,0.019209322,-0.043413017,0.040526323,0.07521662,0.010409726,-0.030019173,-0.07169132,-0.03142554,0.010985377,0.030884437,-0.011862457,0.03710275,0.02050416,-0.016639378,0.06519113,0.057921953,-0.0126169175,-0.023589943,-0.07517494,0.05394245,0.00437217,0.005852655,-0.044279814
0.0076113306,0.011109072,0.057009548,-0.044397723,-0.00029536884,0.05831636,0.017036045,-0.0069656568,0.049348198,0.07010381,-0.04603118,0.023064671,0.05252725,0.027451325,0.04924302,-0.074632235,-0.0103115225,0.0746036,-0.01357154,0.07574434,-0.029448599,-0.0061204243,0.032774117,-0.08727979,-0.006727179,-0.0548283,-0.033059735,-0.030185506,0.008387962,-0.03887351,-0.0053967442,0.027010594,-0.016304761,-0.0067750313,-0.0711295,-0.008356646,-0.010900796,-0.011700796,-0.06985665,0.04651128,-0.030288933,0.03378853,-0.06879626,-0.0197974
0.02028626,-0.012133819,-0.02327569,0.020677226,0.039278112,-0.04656449,-0.015874134,0.023862625,0.049393933,-0.039992254,0.020884573,0.02219361,0.05245563,0.021439701,-0.04813207,-0.011599666,-0.061761506,-0.038736742,0.045963064,-0.025298623,-0.043333508,-0.05235829,0.040067267,-0.009441426,-0.0055175214,-0.051640227,-0.029869307,0.03371721,-0.03777467,-0.043429032,-0.04265155,-0.03123177,0.051499367,-0.008114096,0.033914562,-0.0266607,0.0414935,0.02047661,0.06883768,-0.05789963,0.076871194,0.010695035,0.0014471102,0.002506717
-0.049515106,0.0616835,0.016966026,-0.07718352,-0.078478,0.014610681,-0.046357635,-0.05436163,-0.042529654,-0.06393666,-0.032902844,0.013465271,-0.037052307,-0.005192078,0.0070711677,0.044085324,-0.091041416,-0.06440958,-0.051137153,-0.0264759,-0.0023316885,-0.019397205,0.052939173,0.011664261,0.0017114525,-0.008195689,-0.05912226,-0.043437373,-0.006556284,-0.03754516,-0.049346633,-0.057650972,-0.024536502,-0.03009352,0.030409489,-0.006735438,-0.05019269,-0.0007039542,0.04519122,-0.04654944,-0.009717851,-0.07928722,-0.08389122,-0.066741236
-0.03621117,-0.055097636,-0.03840629,0.027457174,0.021864658,-0.048977423,-0.03812852,0.004304899,0.0015160653,-0.053841975,-0.02433524,-0.02012428,-0.03846478,0.008675927,-0.018294135,-0.0326153,0.0007173457,-0.022476804,-0.019086152,0.0026017707,0.007483629,-0.017659428,-5.489833e-05,0.017295308,0.0030791275,-0.03310648,0.0053427187,0.010307084,0.03301648,-0.027003312,-0.015131577,-0.05624297,0.020058818,-0.035501797,-0.03367915,-0.003777571,-0.018122008,0.005526422,-0.030090801,0.048283618,-0.026475148,-0.02476244,0.03061809,-0.012233169
-0.056343585,-0.017961835,0.0649376,-0.06179061,0.06308573,0.025707362,0.021437237,-0.03776179,-0.034324463,-0.0042834715,0.023631342,0.05126986,-0.08595614,-0.057894852,0.038713064,-0.04729974,-0.09287321,0.010578548,-0.03896416,-0.051061578,-0.059786692,-0.03517448,0.0649642,-0.0024247922,0.04147005,0.045668703,-0.035938714,-0.030756347,0.009491351,0.070509784,-0.0009255932,-0.049905494,-0.03064911,-0.016706241,-0.04596058,-0.03648477,0.02671068,-0.08565587,-0.0691399,0.053643502,-0.07957753,-0.034712892,0.041828457,-0.010963396
-0.039955586,0.004666402,0.060219955,-0.030823369,0.029933015,-0.0072318045,-0.002678666,0.061494097,0.012905347,0.015211819,0.0011940608,-0.008329764,-0.0057318946,0.04055676,-0.011888489,0.014596531,0.022662338,0.06444544,0.038705464,-0.0040723025,-0.00475959,0.05429986,0.036606543,-0.008361178,0.0130798705,0.07418925,0.012319246,-0.0033695635,0.078489184,0.062691554,-0.0041798875,0.018860241,0.07211592,0.014957818,0.03036611,0.0151728755,-0.0352508,-0.022011284,-0.027155146,0.063714854,0.030121125,0.0034714858,0.0375615,-0.009134464
0.067120954,-0.012437679,0.024429044,0.048207417,-0.03629426,0.028180279,0.01772712,0.04904351,0.02248424,0.030846974,0.012749408,0.04167627,0.024929943,0.06467352,-0.029750291,-0.0002152667,0.03925407,0.01767907,0.030688306,0.03525887,0.025805224,0.015055053,-0.016524518,-0.038652025,0.048116535,0.022901135,0.06173595,0.023406675,-0.035043582,0.054151013,0.06483498,0.06822117,0.018189343,0.06994302,0.016981507,0.002740395,0.0674293,0.040289663,0.019627247,-0.047830477,0.03869302,-0.0124268085,0.056179993,0.070911825
0.030037073,-0.03340407,-0.051143374,-0.029498812,0.026603602,0.036375284,0.019922597,0.0007165107,-0.016104802,-0.024094043,0.028685048,0.018781114,0.04410212,-0.06348951,-0.043918982,0.048089817,0.02798225,-0.01154631,-0.063386515,-0.023441682,0.0042023566,-0.03822764,0.04338152,-0.044005066,0.05960454,-0.008764764,-0.051943783,0.043312907,-0.06530268,-0.056864873,-0.09251898,0.021149246,-0.06627182,0.017733708,-0.051049113,-0.005960221,0.007844321,-0.023392972,-0.0533984,-0.03508029,0.009442565,0.027669013,0.004021237,0.004082257
-0.07422171,-0.019084373,-0.048109423,-0.055175252,-0.070734195,-0.032408524,-0.07162701,-0.064821094,-0.044602174,-0.060994152,-0.06541354,-0.07914783,-0.036706056,-0.04557355,-0.07961234,-0.04834459,-0.057588447,-0.049328975,-0.07690696,-0.009319966,-0.06292924,-0.07393203,-0.04740764,-0.029279679,-0.04045368,-0.06715253,-0.07663392,-0.052491188,-0.072735906,-0.06243149,-0.0521134,-0.028067289,-0.040339693,-0.052782606,-0.03858293,-0.01915611,-0.036021538,-0.0652465,-0.058253553,-0.016511876,-0.067942925,-0.036794033,-0.00899332,-0.024514804
-0.04508363,-0.07576712,-0.05009433,0.027038835,-0.06896526,-0.02466462,-0.041879587,-0.011504856,-0.03385642,-0.058280703,-0.020798983,-0.019987334,0.049538363,-0.008748987,-0.043242797,-0.050319508,0.020215793,-0.058840025,-0.021624483,-0.06198676,-0.009406065,0.0045700376,-0.032178096,-0.03775228,-0.06813093,0.018457593,-0.0063385554,-0.043299213,0.0068382863,-0.05431589,0.013193488,-0.058016166,-0.056554236,-0.05384402,-0.026927108,0.0003746745,-0.050443538,0.0077227936,-0.065228544,-0.0740068,0.024212694,-0.060138483,-0.06365215,-0.0051550246
-0.010196467,0.03285929,-0.015014624,0.029025992,0.022846004,0.06977706,0.06698722,0.04617813,0.04740267,0.05900978,0.04196849,0.04286052,-2.821481e-05,0.014259696,0.05060761,0.027841562,-0.01064995,0.067500606,0.040401265,-0.0058298483,0.06360202,0.00092453125,0.064817935,0.06241766,0.09420529,0.013749169,0.039713603,0.030320449,0.039822612,0.049718242,0.028448049,0.06782241,-0.024634678,0.045728214,-2.2415766e-06,0.021964818,0.05579926,0.07117764,0.007892918,0.040504273,0.037631344,0.04537071,0.05806296,0.056633625
-0.056766544,-0.046443015,0.06615486,0.021963026,0.041342355,0.045975503,0.015149997,-0.011351528,-0.009751272,-0.028152974,0.033683263,0.0071396115,0.01309549,-0.013753472,0.002785675,-0.011865216,0.030634752,-0.03161673,0.002921352,-0.051370364,0.0008751194,0.058235887,0.016118592,-0.06047125,-0.030651463,-0.008293862,0.049752213,0.03508169,0.014000668,0.0004611928,-0.014833506,-0.021343319,0.06200059,-0.031194748,-0.07006964,-0.01933837,-0.004426613,0.0074965633,0.06523608,-0.046405785,-0.073978275,-0.058707375,-0.02652849,-0.01047954
0.045677375,0.028709373,0.01706638,0.034032308,0.017554726,-0.016485907,0.035253294,0.053276993,0.050525833,0.053983156,0.061034016,0.024771778,0.027222969,0.06536529,0.012009884,-0.06657071,-0.023519723,0.01590042,0.064160205,0.04860745,0.05239939,0.030039769,0.066661745,-0.080391146,-0.0070382715,0.043299466,0.06750271,0.053865097,-0.025574658,0.028800428,-0.013684067,-0.050376933,0.02760777,0.050246872,0.07210829,0.019164214,-0.003519065,0.06588929,0.018115299,0.052586902,0.05238604,0.03352293,-0.021721065,0.010297873
0.009924202,-0.012626465,0.05406752,-0.06094683,0.03491232,0.0030907514,0.013754727,-0.021588072,0.06722954,0.06683096,-0.016118536,-0.005042533,-0.012594177,0.052665845,-0.020923685,-0.007547939,-0.065568835,0.03877151,-0.0095058875,0.04460614,-0.01527804,0.0040685055,0.047479805,0.0372814,-0.058007713,-0.013077048,-0.006907631,0.019149069,0.038415547,0.017121699,-0.013055751,0.054911237,-0.00896993,-0.016555378,-0.06737908,0.069559135,0.078798585,0.033671524,-0.023320429,0.03329032,0.044902172,-0.04965722,-0.05773052,-0.03203019
0.060968943,0.049231257,-0.031655174,0.022849116,-0.024192479,0.056548312,0.08038602,0.05898182,0.03332543,0.0694028,0.06369051,0.06778647,0.033565108,-0.014298984,0.026352517,0.047701757,0.046662576,0.002925666,0.05496073,0.0380213,0.06545931,0.004080125,-0.0680491,0.024310455,0.08581999,0.049888052,0.07395767,0.029882953,0.016580263,0.028202422,0.03892683,-0.010747792,-0.016899884,0.02417442,0.0400009,0.054180317,-0.006322939,0.048987504,-0.031927414,0.03385235,0.057230055,-0.013206947,-0.0069958596,0.049259078
0.02793554,0.016094757,0.021373916,0.03200551,0.0033625315,-0.061100725,-0.08168678,-0.06616735,-0.065482974,0.0063108862,0.063363545,-0.031171871,-0.021946123,-0.07277625,0.06873295,-0.02387717,-0.05692901,-0.05700324,0.0004956985,-0.060291424,-0.058158625,-0.07656697,-0.031443365,0.07118826,0.024326889,0.031556536,-0.038179077,-0.020937989,-0.0146502275,-0.012304277,-0.060822267,-0.05409358,-0.03511566,-0.047767296,-0.046589114,-0.030504322,0.061420754,-0.07528335,-0.021527419,-0.071515776,-0.027418206,-0.079863764,-0.034061417,-0.06675887
-0.032412212,-0.033398885,-0.025146624,-0.05521009,0.038216982,-0.05017282,-0.057698477,-0.07211266,-0.067214966,-0.07797976,-0.041307118,-0.028879736,-0.041888155,-0.06961576,-0.03981785,-0.08135532,-0.058454383,-0.057000495,-0.06927576,-0.07109794,-0.050480336,-0.060162414,-0.06665508,-0.0758716,-0.06538782,-0.06178194,-0.04835893,-0.06626391,-0.055874813,-0.080008805,-0.061905645,-0.04901342,-0.03894157,-0.080642246,-0.06398744,-0.053357117,-0.057905436,-0.060187466,-0.005353991,-0.062199663,-0.05346253,-0.071247764,-0.07472501,-0.07519058
-0.036157265,-0.066295505,-0.01914909,-0.05778549,0.030020341,0.0011482465,-0.004262646,-0.070372716,-0.058053523,-0.001188642,-0.06638698,-0.07114164,-0.07539485,-0.032443322,-0.054832686,-0.0089356555,-0.07680457,-0.01577984,-0.035087444,-0.05512436,-0.04670706,-0.076582566,-4.3515698e-05,-0.066950776,0.02543515,-0.0006832895,-0.070249006,-0.04056261,-0.018456295,-0.06787218,-0.07535588,-0.032702528,-0.019798627,-0.03583498,-0.052061,-0.07510737,0.015596495,-0.05292643,-0.005675707,-0.033144765,-0.05866866,0.010167056,0.041212164,-0.023218304
0.054397415,-0.047949005,-0.05045995,0.034526274,-0.031693302,0.0154651515,0.03006324,0.014411637,-0.046251517,-0.0053870934,-0.054533463,0.0134906825,-0.034905504,-0.013720353,-0.022029465,0.025431378,0.029457754,-0.002261216,-0.053110886,0.017750716,0.04741651,-0.022267148,0.0037570086,0.024975551,-0.02651123,0.06913078,-0.052391417,-0.020171748,0.0217808,0.032679755,-0.020266693,-0.071416445,0.030418588,-0.011695974,-0.043528814,0.045883764,-0.06507345,-0.026334776,0.025463639,0.058741033,-0.058775418,0.028954534,0.052737396,0.019059023
-0.04334232,-0.03169531,0.0023714993,-0.025345713,-0.01575144,0.018278131,-0.05991373,-0.06400974,0.02076872,-0.040636115,-0.06649557,0.0241077,-0.06270629,-0.00623852,-0.07128956,0.029193282,-0.013714451,-0.013312286,-0.036997076,-0.016126512,0.0034452656,-0.07912105,0.037845705,-0.06531804,0.036877926,-0.04364932,-0.058717884,0.035126265,0.024891065,0.032432664,-0.049427453,-0.068829395,0.06927339,0.04597671,-0.06819982,-0.0075431434,-0.055748135,-0.05281755,-0.014517058,-0.05151513,-0.034218393,-0.03531277,0.04681373,0.0034354746
-0.06429549,0.064687975,0.044300083,-0.029939163,-0.0014885556,0.07214102,0.0688351,0.07416736,-0.012926389,-0.035118986,0.027114987,0.020807046,0.04864886,0.009322274,0.04133499,0.034426183,0.046709005,0.034173816,0.053928,0.0036319022,0.06297007,0.062885955,0.055272937,0.025828768,0.042564016,0.061008424,0.04190013,0.009566091,0.056620635,0.0064330967,0.032832116,0.003921132,0.0605164,0.01484252,0.052447043,0.0023300434,0.07658719,0.042362366,0.05655625,-0.016295915,0.058074564,0.02025452,0.02632376,0.046515554
0.024533948,0.013679959,-0.021898825,-0.046413403,-0.025299074,-0.053224858,-0.06448553,-0.012578209,0.008371976,0.00015446226,0.053055573,0.08268898,0.04514994,-0.023100326,0.043376587,0.06887264,-0.08596011,-0.053826075,0.020540504,0.010343604,-0.036789995,0.049102508,0.0015115764,0.056293923,0.013762753,-0.035428733,0.0057767066,-0.06844345,-0.010767321,-0.083308615,0.0037036783,-0.054011382,-0.079656385,0.015523629,-0.05815623,0.051844474,-0.040606964,-0.030084472,-0.015870437,0.0069603315,0.04647165,-0.051065356,-0.0854187,-0.06817509
0.058145907,-0.04153439,-0.008058917,-0.015755342,-0.05108867,-0.05215686,-0.009939284,0.0086377375,-0.07075601,-0.02803949,0.047767352,0.029230084,0.00466593,0.03736631,0.054439925,-0.04290534,-0.04883857,-0.06259342,-0.0020700393,0.055431865,0.06280168,-0.026936952,0.0070474055,-0.048907854,-0.045499347,0.008242618,0.016895369,0.06317204,-0.012769504,0.056459464,-0.053673226,-0.031924114,-0.046785563,0.037398446,-0.04640015,-0.010708687,0.01067858,0.025505884,-0.0044705244,0.061267268,0.06159297,0.0024370335,-0.05409465,-0.064478554
0.060845893,0.06623986,0.028417038,0.0519195,0.060690664,0.051491372,0.0017527724,0.017670311,0.05099475,-0.00021673676,0.030784868,0.077554956,-0.032947928,0.0793242,0.09058954,0.049909603,0.057808023,0.068205506,0.00082642544,-0.045913406,0.0356032,0.0492456,0.05187593,0.09305079,-0.035769977,0.035862062,0.060816426,0.005071257,-0.0015674497,0.012701423,0.07198161,-0.0123440465,-0.008204223,-0.01528007,0.050795577,0.050521225,-0.020994538,0.06687165,0.055590987,-0.00826775,0.0029526835,0.037707847,-0.02498298,0.076342404
0.07778958,0.06175121,-0.007408208,0.07403688,-0.060147792,0.0458552,0.049893532,0.07905672,-0.03189304,0.06679691,0.03227196,0.039902046,0.07329908,0.07703108,0.04665144,0.0032312917,0.07011313,-0.018459678,0.07844223,0.06969637,-0.019409502,0.06981516,0.05178764,0.024195904,0.018725155,0.07310823,0.06729812,0.01807898,0.072626926,0.016385196,0.067296766,0.07205973,0.07120829,0.008227341,0.0462877,0.017895428,0.06700559,-0.0028980938,-0.057732813,0.072255805,0.0679444,0.038280006,0.045256406,0.08429812
-0.017334664,-0.019831117,-0.0156596,-0.01382306,-0.030600226,0.0026064045,0.0150946295,-0.021242391,0.0204962,-0.02057415,0.01711013,0.022716518,0.028119063,-0.070855044,-0.02665991,0.043759674,0.039282948,-0.004414229,-0.027712272,-0.0591595,-0.0061870078,0.0114426855,-0.019606687,0.07701386,0.04878495,-0.028627152,0.048414677,-0.03724886,-0.033735525,-0.011477893,-0.025273537,0.04871584,-0.05829254,0.040814333,-0.036535177,-0.058710124,0.017520715,0.002255145,-0.02555161,0.013580333,0.01879649,-0.020027095,-0.032756887,0.058662094
-0.06808468,0.06287694,-0.056430764,-0.061725993,0.007336621,0.07553091,-0.043069907,-0.03432636,-0.03575415,-0.0020497716,-0.021989392,-0.036757972,0.0055350745,-0.08093038,0.0163442,0.002222653,-0.0036155775,-0.025294293,-0.025791913,-0.06654735,0.0652903,0.048015412,-0.07534729,0.0340291,-0.02403487,0.05990109,0.009035572,0.0019255356,-0.04252002,-0.04271742,0.06086749,-0.012586187,-0.052676763,-0.0044858567,-0.054821473,-0.00531712,-0.058550827,-0.044634502,0.0072462866,0.028026404,-0.038866915,0.01931572,0.024099478,-0.06433988
-0.07304232,-0.03719201,0.045299686,-0.067595795,0.039698485,-0.0607287,-0.05352092,-0.06742856,0.05987981,-0.07572955,-0.02215984,0.019443028,-0.08528179,-0.0061967713,-0.028142096,-0.05800752,-0.061649058,0.014624795,-0.034298483,-0.076213226,-0.06309179,0.055680312,0.019265959,-0.08491472,0.05873874,-0.077932075,-0.07285883,-0.06737201,-0.058339894,-0.03430638,-0.07019189,-0.034831926,-0.05506421,-0.07630728,0.07037704,-0.026532024,-0.028643727,-0.023046428,-0.028396485,-0.06705846,-0.020303594,0.023814106,-0.04009054,-0.0712066
0.014957686,0.07585225,0.008777977,0.057355136,0.073990226,0.013075403,0.06924409,0.06895344,0.0662712,0.00790784,0.08203223,0.04867398,0.03699046,0.065374844,0.051555634,0.018792525,0.037709255,-0.012605633,0.035045963,0.04434384,0.068899326,0.011557602,0.011356432,0.033617854,0.025171435,0.04440745,0.08213502,0.041670684,0.08499444,-0.0034192286,0.07296837,0.08192178,-0.06635684,0.049914286,0.069634296,-0.0004906345,0.030970272,0.06173521,0.06987227,-0.041538887,0.08112741,-0.029137386,0.07527227,0.023255061
0.012352031,0.040172923,0.0640644,0.009623083,0.03546564,0.009869309,0.07393982,0.058147777,-0.0013411543,0.046830844,0.07521216,0.037321463,0.017883347,0.051336702,0.05806038,0.004665853,0.009811367,0.042208068,0.031104986,0.061807543,0.05620502,0.067283176,0.05988063,-0.012780504,0.019723529,0.0497602,0.029320428,0.024037044,0.042467717,0.019755987,0.017079046,0.07015842,0.055431183,-0.018221106,-0.034637578,0.0683524,0.041759685,0.05252982,0.07572843,0.050074663,0.0095624365,0.028920552,0.030685658,0.002940324
0.060591776,0.052685864,-0.068708844,-0.04178897,-0.05252316,-0.029803185,-0.0060353945,-0.053267814,-0.06498637,-0.061174117,-0.028777437,0.0161501,-0.02966901,-0.06634825,-0.026511569,-0.008681322,0.005896946,-0.06774047,-0.07673702,-0.06585457,0.037862577,-0.02223906,-0.04997035,-0.0007033251,0.08413515,0.0038293386,-0.036142454,-0.06659473,-0.02809032,-0.038642433,-0.070646875,-0.005371418,-0.06756989,-0.058749277,0.04400987,0.06390755,-0.06732507,-0.022666084,-0.03863354,-0.06925036,-0.07261111,-0.033678554,-0.0820484,-0.072334126
0.06357332,0.069231726,0.046915557,0.047544423,0.032225784,0.0028429327,0.063326254,-0.046820946,0.0804953,0.0033300635,0.02944399,0.0063764327,-0.04828954,0.03348147,-0.008013263,0.014877326,0.05126771,0.057998214,0.07490556,0.005404316,-0.06020924,0.0010474847,-0.011970214,0.014936355,-0.038565848,-0.035061456,-0.04495398,0.07034709,-0.0061491476,0.06329737,0.06367721,0.022633838,0.07983877,-0.006008413,-0.062215634,0.020196462,-0.056079865,0.010941807,0.07747425,0.07294882,0.008569595,0.031863485,0.06690515,0.03948649
-0.06969821,-0.052167706,-0.06265029,-0.07551863,-0.049327485,-0.029826531,-0.042995784,-0.04255604,-0.038981203,-0.082948506,-0.05593454,-0.064415455,-0.07224862,-0.063042015,-0.0929016,-0.04630422,-0.07471161,-0.042833902,-0.05373759,-0.06369314,-0.012161163,-0.047035504,-0.052059278,-0.058419105,-0.06553568,-0.051170614,-0.058274064,-0.07652948,-0.05752303,-0.065961465,-0.079247594,-0.08506363,-0.020083588,-0.07094631,-0.054122485,-0.086045474,-0.065005854,-0.07905832,-0.08034102,-0.069275044,-0.059176985,-0.0719303,-0.07101702,-0.05899167
0.055079203,0.04003699,0.0154758645,0.069798805,0.0022238006,0.012004607,0.04838494,0.06320305,-0.035836708,0.04536094,0.04639964,-0.01542319,0.040101197,0.013135301,0.053414002,0.01419343,0.020242613,-0.027894976,0.051540203,0.05779592,0.035019357,-0.0046603596,0.0055827,0.082330175,-0.013615701,2.9520786e-05,0.028345458,0.05396371,0.055339124,0.015807575,0.058301695,-0.023306271,-0.024890115,0.016351517,0.05783789,0.056719348,0.03797724,0.04636456,0.049961943,0.032690816,0.038581464,-0.0356897,0.03814922,0.055438843
-0.040768553,0.04413648,0.056498308,0.032678396,0.04664531,0.042934973,0.015523697,-0.0055291327,0.05966062,0.024934594,-0.011098636,0.057959247,0.04471716,0.034291353,0.003655313,0.030469188,0.034437265,0.07402834,-0.013464571,0.047707543,0.065421425,0.056865677,0.037715234,-0.0014653923,0.07014181,0.022351742,-0.01794599,0.037735295,0.05425597,0.057847563,0.016448177,-0.015152285,0.048117496,0.052960083,-0.01547108,0.030961178,-0.05087933,0.0136751905,0.00842948,0.04337606,0.04884335,0.053444445,0.047051154,0.039515905
-0.01489053,-0.017248303,-0.029449796,0.005815085,0.033870723,0.008203805,-0.072360165,0.035567842,-0.038839113,-0.024846038,0.075963855,-0.05759429,0.08310431,-0.012167051,-0.053269364,0.08664141,0.034582824,-0.00806377,-0.07598431,-0.053517267,0.040866394,-0.08719886,-0.014176592,-0.07080822,0.07200154,0.030368062,0.03809088,0.04524149,0.042858854,0.014559401,0.035145555,-0.002263613,0.030330287,0.07784507,-0.056355868,0.078412466,-0.058824476,0.037259858,0.06696455,0.013588643,-0.072147615,-0.054611072,-0.04136625,0.0749159
0.05087816,-0.037829954,0.05044439,-0.06543642,0.03603599,-0.030578697,-0.02649272,0.0407724,-0.0060785804,0.05434938,-0.017976638,0.037751894,-0.014274324,0.022364838,0.026507368,-0.018982954,0.02935649,-0.020423388,-0.009873243,-0.035369657,-0.052429575,0.026239552,-0.022455782,0.038515206,0.015266703,-0.046035886,0.038742352,-0.05138422,0.017452775,0.04405604,0.0034149985,0.06939959,0.0039769993,0.014722246,-0.014239266,-0.018037733,0.03722493,0.031724002,0.034819685,-0.038502745,0.07113621,-0.0592083,-0.047633115,-0.04467749
-0.016329385,-0.04139808,-0.06789036,-0.023199674,-0.051992416,-0.055556867,-0.081264466,-0.06954664,-0.037068866,-0.06687357,-0.028966192,-0.060424726,-0.059713546,-0.031745356,-0.056598548,-0.058833797,-0.03885824,-0.06430689,-0.05965746,-0.0682167,-0.077685766,-0.041443747,-0.07156608,-0.05930296,-0.054837547,-0.026914716,-0.0056618387,-0.02517702,-0.054476775,-0.05471851,-0.03204702,-0.04123757,-0.020548046,-0.061657805,-0.0337301,-0.014218242,-0.019637233,-0.06780897,-0.028379006,0.009790278,-0.04508413,-0.05706922,-0.022221185,-0.026441798
-0.06544942,-0.040096432,-0.042219527,0.038917262,0.034666855,0.041417085,0.05829571,0.07898482,0.04749854,0.0261671,0.034790132,-0.029289946,0.0353865,-0.0091337,-0.023096614,-0.013225597,0.0382564,-0.039646477,0.013907047,0.04463854,0.051422328,0.052433264,0.017148903,-0.052542504,0.025391197,0.017589703,-0.06634491,0.029141432,0.003695749,-0.039534606,-0.008462705,0.0113636395,0.06666269,0.0009802359,-0.039460666,0.03351801,-0.018220402,-0.04164963,0.047650237,0.05664345,-0.036906667,0.06161943,0.051480927,0.044393074
-0.0011996755,-0.056429468,-0.017386453,-0.06129103,0.036805224,0.07773577,0.006899016,0.047819514,-0.053630475,0.06309107,0.04126145,0.054345727,-0.08262501,-0.055312324,-0.06528831,0.04093036,0.054481067,-0.014371276,-0.031311613,0.05093948,0.056352187,0.028245999,-0.07744372,-0.013380475,0.029115595,0.026051793,-0.04319754,0.03861395,0.0026094746,0.045666296,0.010619408,-0.025672207,-0.037744366,0.06724665,0.064077884,0.057975385,0.0020073687,-0.033062633,-0.009836102,0.06301095,0.046852775,0.047118135,0.04799588,0.026984995
0.06930114,0.064162865,-0.05701669,0.016030151,-0.06290625,0.011742265,-0.00095399574,-0.0011369822,-0.05740005,-0.019977445,-0.014148255,-0.017487649,-0.026582705,-0.044472896,0.03066279,-0.0026054468,-0.036598615,0.04264292,-0.040048327,0.081792794,-0.060551256,-0.010132478,0.06740879,0.024526687,0.041590218,0.047608517,-0.051587176,0.0008558266,0.025708348,0.065518685,-0.03879452,-0.061727386,-0.06892758,0.010054835,0.035217922,0.03037156,-0.023513902,-0.08174755,-0.054885592,-0.030836856,0.020175587,0.062816635,-0.008478084,-0.007965168
-0.009151039,-0.015926616,-0.0023767252,-0.02512526,-0.06308343,-0.052929293,-0.034370266,-0.063585885,0.0050577414,-0.056077383,-0.0003781246,0.04264343,-0.03091338,-0.061099958,0.0039809095,0.0107765235,0.007978663,-0.040491417,-0.06454303,0.022465458,0.039129186,-0.047243007,-0.05902093,-0.06132716,-0.040930025,-0.014360504,-0.05773905,-0.01876377,0.03331596,-0.0004317123,-0.05564547,-0.057684954,-0.021783328,-0.03786749,0.04707401,-0.058435965,-0.05168077,-0.057431262,-0.033944838,-0.076665655,-0.0011239991,-0.013046283,-0.027914586,-0.058776747
-0.015821207,-0.022086779,0.055935282,0.044142585,0.013232678,-0.069501,-0.055552885,-0.025566574,-0.013652596,0.07482033,0.042393584,-0.0069802436,0.0068015778,0.019126557,0.03840153,0.06811231,-0.006758265,0.05979828,0.00013725039,-0.055531316,0.02090611,0.016152326,-0.03293311,-0.07645964,0.035022836,0.046723377,0.024132917,0.0007868316,0.02845992,0.0033384883,-0.030330883,0.04049298,0.06537463,0.019472204,0.063150406,0.05919673,0.021744484,0.014847159,-0.0077854283,0.00296439,-0.013488809,0.026488835,-0.0009266489,-0.045045383
-0.016320119,0.05649836,-0.022028493,0.0035595607,0.008355398,-0.061505165,-0.0016359003,-0.056711636,-0.0411546,-0.033221457,-0.049622472,0.031373758,-0.030734776,-0.017494272,0.031478375,-0.04602787,0.023283735,0.04074147,-0.02078013,-0.031031147,-0.023737118,-0.055127718,-0.02625369,-0.012034776,-0.00946918,-0.056472115,-0.06456392,0.002892392,0.061607126,0.04765329,0.012444355,-0.07317124,-0.035364814,-7.025426e-05,0.035121813,-0.011551298,-0.07654559,0.0003845715,-0.052714624,-0.052948344,0.009755011,0.044330522,0.015976656,-0.049945336
-0.0036921948,0.020027027,0.006301455,-0.022309888,0.042248134,0.00974685,0.009169085,-0.06721567,-0.0087219225,0.037916187,-0.063998185,-0.016977724,-0.009555281,-0.01315222,0.032561287,0.036278833,-0.006452409,-0.051927593,0.010158136,-0.05087727,0.016466638,-0.0640924,-0.05832041,0.045305006,-0.027300583,-0.027367448,0.016407866,-0.03458745,-0.029650912,-0.029556386,0.033011924,0.052715614,0.0181837,0.072618,-0.02612451,0.002193942,-0.011163777,0.0006544922,-0.028362429,-0.0146953305,-0.02193575,-0.051849697,0.013261591,0.06295184
0.011324953,0.033991113,0.0536374,-0.045401078,0.053694967,-0.009886424,0.06536061,0.05662483,-0.011035238,0.023732785,0.06760263,-0.0037721086,-0.0048616305,-0.011625181,-0.035557166,0.04811625,0.008238198,-0.01657445,0.016089572,0.038558405,0.05749042,-0.020059925,0.03327688,-0.015779749,-0.0014445169,0.06670094,0.009168069,0.0632159,0.029812047,0.051959794,0.03699288,0.038205907,0.05137052,0.0480581,-0.0016890198,0.076799095,0.03507401,0.037176833,0.048341725,-0.012302066,0.0018224696,0.008172963,0.060584933,0.026747283
0.059670705,-0.0768819,-0.012875412,-0.0014607308,-0.046881925,-0.045747437,-0.077123985,0.0031354877,-0.06650267,-0.05634414,0.06344336,-0.05247751,0.011420507,-0.053737774,-0.0018379866,-0.0011966442,0.019646812,-0.05755626,-0.012538781,-0.010648678,-0.04089675,-0.028325032,-0.025426285,-0.048697505,0.030981235,-0.043998912,0.031204168,0.030040495,-0.08459528,0.042770833,-0.09096302,-0.00065698894,0.018537203,-0.075936,-0.0067073586,0.01458722,0.04335297,0.024781018,0.032827266,0.0395423,-0.008407173,-0.04219797,0.0022707975,0.011022431
0.005067556,-0.0013227713,0.064812556,0.044591475,0.021781918,-0.0142586725,0.021259703,0.031272605,0.0057993266,-0.0025415958,0.04335791,0.018621478,0.06318644,0.037709683,0.055198476,-0.020305477,0.07413539,0.016845897,0.04105037,0.030283442,0.04436143,0.04070726,-0.0208595,0.03220047,0.028739195,0.014531575,0.06758705,0.042108428,0.0004032307,0.049256753,0.028526347,0.04228462,0.07253967,0.02316355,0.0017888346,0.02953665,0.055483103,0.06674043,0.055610556,0.041462343,0.039876416,0.02011546,0.020347474,-0.022782667
-0.0032309548,-0.0033225794,0.016457334,-0.059136976,-0.067054115,-0.01179979,-0.07618285,0.032181423,-0.0243168,-0.019229513,-0.065085374,-0.039573476,0.011549693,0.012275851,-0.014469476,-0.059922975,-0.0012465002,0.0699655,-0.015738053,0.027956247,-0.038853012,-0.05178403,0.01720049,0.012451558,-0.007735598,-0.061745387,-0.057950865,-0.05696589,0.029341945,-0.082604796,-0.037410807,-0.033961378,0.024342094,-0.030897433,-0.06035834,-0.062042728,-0.07608271,-0.05124207,-0.06914396,0.027649777,-0.059438102,-0.010382108,-0.0140832905,-0.029249078
0.06309,0.012118726,0.040544365,0.051861465,-0.01938489,0.057935342,0.038381197,0.057458818,0.070048906,0.062924094,0.064894535,0.0537056,0.069035724,0.017606845,0.09109024,0.056724027,0.06651891,0.029202139,0.08089267,0.060270898,0.061593127,0.060734835,0.061023816,0.09257017,-0.0806456,-0.019473275,0.073094055,0.030684125,0.061308127,0.051311027,0.0050859125,0.035866823,0.04230097,0.028640794,0.025756627,0.03964658,0.055957634,0.06224664,0.026394267,-0.0020525136,0.040001832,0.024074744,0.033300925,0.04816564
0.036782287,-0.06372138,-0.0038783655,-0.043941434,0.03304092,0.04559517,-0.042018216,-0.052278925,-0.00059197523,0.002487338,-0.036477577,-0.049216002,-0.052100793,-0.07198933,0.008219818,0.028648345,-0.08241045,-0.07607843,-0.0565323,-0.020312862,-0.06964648,-0.08589663,-0.025350325,-0.051286835,0.061962184,-0.036317863,-0.06136393,-0.036401562,0.027170992,0.055090457,-0.0648304,-0.077873886,-0.03281854,0.01494882,-0.07168052,0.010282992,0.07122573,-0.07360208,-0.082027815,-0.051803183,-0.06373758,-0.07008488,0.06424965,-0.018883111
-0.034551077,-0.03663745,-0.020411694,0.082798354,-0.038175326,-0.054385696,-0.07733183,0.062451538,-0.00061103376,-0.0027722586,0.05890075,-0.005469096,0.047035236,-0.06908115,-0.088694565,0.03668116,-0.0033900125,-0.05237995,-0.053552646,0.0641404,0.033326257,-0.039890375,0.007446692,0.07310381,0.028509187,-0.057326782,0.0072555854,-0.03209077,0.001784872,0.019768791,-0.07711222,-0.007767616,-0.0066423616,-0.013927959,0.076909125,-0.013570371,-0.06276755,0.034210574,-0.051871005,0.020104272,0.017695073,-0.055256564,-0.054026023,0.0112581
0.04367466,0.02251541,0.013750177,0.06625292,0.0010847878,-0.029724175,-0.06873602,0.015020589,0.053805478,0.026704991,0.056908175,0.06826743,0.02280298,0.01999279,0.05357835,-0.05845878,-0.0014589742,0.023880024,0.06194345,0.05379223,-0.03669955,-0.008004505,0.0332338,0.015156471,-0.022763157,0.049078833,-0.0457826,0.0047864956,0.06987099,0.010923358,-0.049637567,-0.029899295,0.010458645,-0.007850018,0.051593233,0.0197762,-0.046847705,0.07138783,0.06338627,-0.027253784,0.049137805,0.014586173,0.0091459835,0.015289003
0.06452939,0.040160216,-0.055306908,-0.040381715,0.002959176,0.016678805,0.0046822014,-0.027369104,0.04700087,0.04200838,0.023668598,0.014892038,0.061544824,0.06641786,0.0843822,0.021902928,0.016693747,0.029256182,0.0486133,-0.0519553,-0.04078145,-0.028567523,-0.005088472,0.017938778,0.0070519755,0.036445614,0.016343474,0.020180332,0.023921948,-0.04605057,0.05073988,0.0063642813,-0.00865462,0.04653019,0.031675383,0.008128893,0.026851924,0.015069138,0.00356415,0.057090048,0.049546972,-0.0076183956,0.051822428,0.042125605
-0.07958688,-0.07608288,-0.075284384,-0.08677136,-0.07095403,-0.08856273,-0.09373257,-0.08054587,-0.084610745,-0.08808805,-0.08859855,-0.08666124,-0.089142814,-0.08684578,-0.09822756,-0.094700806,-0.092082106,-0.075608335,-0.09100111,-0.08234512,-0.084085144,-0.08995834,-0.07987395,-0.09890565,-0.14746174,-0.08389364,-0.09369582,-0.0815531,-0.085170165,-0.08835404,-0.09289325,-0.08660168,-0.077590115,-0.08949981,-0.08152241,-0.09804949,-0.08779893,-0.09011184,-0.08383634,-0.076801,-0.09014776,-0.07784538,-0.08509652,-0.08855734
0.047139633,0.04745173,-0.047608167,0.033933185,0.046649516,0.0066362396,0.048472006,-0.028820075,-0.029774752,-0.061745442,0.055176936,0.026729722,0.0006661353,-0.036403652,-0.02196321,0.016727397,0.012836146,0.029245408,-0.03097514,0.019975903,-0.0022820435,0.025388148,0.007252199,0.067453034,0.028616482,0.031496048,-0.008673762,-0.05597146,0.04085006,-0.003540372,0.02405523,-0.009172124,0.054483328,-0.016280057,0.061813608,-0.011902127,0.017949138,-0.015962396,0.041528,0.0030767748,-0.046015114,0.026532821,0.019303529,-0.026418388
0.06442946,-0.0072142947,0.07364665,0.04426348,-0.005679469,0.04705533,0.03435858,0.061506033,0.068552665,0.064076595,0.0051814383,0.05648418,0.08088079,0.05989663,0.062252592,0.042038843,0.05052442,0.04411583,-0.03233909,0.055304807,0.05632089,0.051966026,0.012049538,0.045520723,-0.03528848,0.070178546,0.06984037,0.07033053,0.07302037,0.057473097,0.06634603,0.05301038,-0.0003922425,0.0010558459,0.05013088,0.026497053,-0.014152733,0.07549693,0.063481025,0.03992322,0.019295273,-0.036588103,0.05493584,0.08164678
-0.06984184,-0.051527828,-0.07876305,-0.00096318347,-0.07892152,-0.05042187,-0.006030429,0.027316395,-0.0760557,0.015069129,-0.089352764,-0.08710604,-0.09087683,-0.08759602,-0.064337336,-0.06598852,-0.07857907,0.016361805,-0.08901948,-0.026774596,0.05639004,0.016550308,-0.08239537,-0.0029326743,-0.051825214,-0.07714016,-0.09463387,-0.0558488,-0.023270825,0.030314665,0.029292492,-0.08518753,-0.0667108,0.005192967,-0.024703342,0.060604993,-0.07311439,-0.025356216,-0.0858338,0.02676351,-0.08977185,0.008214955,-0.06141048,0.06776661
0.046689373,-0.05727694,-0.051481396,0.05319984,0.07910503,-0.025171548,0.058666404,-0.05986169,0.01620268,0.020942595,-0.018232713,-0.042142153,-0.02648648,0.015594603,0.08030046,-0.014725389,-0.010593507,0.030653115,-0.031184098,-0.031299856,-0.0146534415,-0.013756667,-0.060276084,0.015840774,-0.007462504,0.081052296,-0.013010449,-0.064585574,-0.0049248114,0.018459706,0.05181499,0.027825532,-0.044304773,-0.0362708,0.03639151,0.00082703074,-0.04880116,0.0052670776,0.045445025,-0.00795842,-0.045744956,-0.014709792,-0.062522866,0.053169645
0.0019942364,-0.060177296,-0.005786606,0.05547116,-0.028868448,0.0027729138,0.0007775918,-0.017552378,-0.020983404,-0.05561731,-0.042337738,-0.0007934072,0.004872283,0.017214736,-0.004060392,-0.00886273,-0.02191584,-0.059766844,-0.0074759647,-0.048657924,-0.013679872,-0.00078939745,-0.009431173,-0.06942673,-0.02293291,-0.027889308,-0.033752993,-0.015123676,-0.07370023,-0.040346254,-0.035055928,0.037661664,-0.0035610304,-0.06820053,-0.012074534,-0.04544955,-0.053936172,-0.032197423,-0.018472815,-0.047465663,-0.06576632,-0.0182347,-0.06423191,-0.039146043
0.017289583,0.011572524,-0.049093306,-0.028494302,-0.044678885,0.00043808002,-0.050943088,0.02536735,-0.020388821,-0.06308413,-0.05370779,-0.044381216,-0.058148984,0.0151334265,-0.012878894,-0.062376946,-0.07801121,-0.022492342,-0.051111117,-0.043073293,-0.04389927,-0.059753086,-0.056059405,-0.03534353,0.0016492632,0.022093734,-0.079960585,-0.03475441,-0.026141437,-0.037154734,-0.043570016,-0.031681724,-0.023284268,-0.02346886,-0.012023252,-0.073857784,-0.0796321,-0.0022117828,-0.015581611,-0.05198815,-0.043528806,-0.058205925,0.012129515,-0.023984239
0.023254601,0.00024128969,-0.018045135,0.05237665,0.01126337,0.06905959,0.0017371678,0.036140613,0.010519254,0.034895238,0.009882237,0.04704767,0.061823547,-0.042038575,0.023408009,0.005535072,0.05569361,0.04473706,-0.016879221,-0.0168579,0.06003944,0.022196257,0.0025029893,0.038529236,0.12381331,0.06378022,0.0055164313,0.017619908,0.0111790085,0.03314761,-0.002958073,0.009040525,0.023991698,0.012766457,0.012493684,0.058250554,-0.03243213,0.035025917,-0.045837432,0.005567681,0.02308243,-0.018370964,-0.010245722,-0.015797745
0.008499244,-0.022046277,-0.07783678,0.029016145,-0.074255034,-0.006315696,-0.019307999,-0.039840724,-0.047850043,0.007071904,-0.055175338,0.031875707,0.0025530593,-0.033984147,-0.014076995,0.008245446,-0.0112667885,-0.06691479,-0.04002974,-0.0060191364,-0.051879223,-0.022276942,-0.07364694,0.044635095,-0.06900261,-0.03878338,-0.029676931,-0.018276267,-0.017648812,-0.007241787,-0.017486786,-0.035163067,-0.07156357,-0.025824616,0.02133564,0.029887319,-0.0603294,-0.0367027,-0.06926726,0.003253733,-0.044764817,-0.053749193,-0.05823607,-0.018894829
