,bat,bear,bull,camel,cat,cow,deer,dog,dolphin,elephant,fox,giraffe,goat,horse,kangaroo,lamb,lion,monkey,mouse,pig,porcupine,rabbit,raccoon,seal,skunk,squirrel,tiger,unicorn,walrus,whale,wolf,zebra
mammals,0.37388034289975525,0.2464345193252777,0.3030292121732514,0.3525027167839929,0.333890063235303,0.4393519684558216,0.39219644370007667,0.3396302124554309,0.41925739124104644,0.3829871768592684,0.2835396197917004,0.37132091277457413,0.34635052158970736,0.39973550538713853,0.39588906393674583,0.2869699409400368,0.3030898209326789,0.31610998248455546,0.38840970692327903,0.29174726182764865,0.3095674629295584,0.318257703374178,0.3361350581387078,0.3568238373039616,0.263366562016782,0.3102670108662662,0.2508384641934521,0.25162602786955635,0.4131754228804013,0.40642899120406617,0.2869351499175251,0.3249675655418872
