Mammals,bat,bear,bull,camel,cat,cow,deer,dog,dolphin,elephant,fox,giraffe,goat,guinea pigs,horse,kangaroo,lion,monkey,moose,mouse,pig,porcupine,rabbit,raccoon,seal,skunk,squirrel,tiger,walrus,whale,wolf,zebra
-0.048531685,-0.05688216,-0.05091261,-0.01719933,0.042625926,-0.06458329,0.004653898,-0.04002919,-0.063341655,-0.00526984,0.008344451,0.0020737255,0.029360855,-0.04879465,-0.002269661,-0.06229922,-0.010345611,-0.038341828,-0.057373345,-0.032216653,-0.06905454,-0.027825184,-0.011413496,-0.06001442,0.060991142,-0.04938548,0.03803981,-0.020534895,-0.018585434,0.024613159,-0.04788877,-0.021815171,-0.044400018
0.04176943,0.013927644,-0.039691996,0.0069895154,0.00024785398,-0.0030743894,0.051715303,-0.0022113596,-0.018123109,0.024878932,0.00048082724,-0.055001743,-0.017014656,-0.0441832,0.001998207,0.014073451,0.02765372,-0.06606961,0.006239998,0.0032846497,0.014683389,0.050382745,-0.0011148088,0.0051573967,0.05372936,0.011459499,0.04844963,0.029639024,-0.0025408275,-0.0053069927,0.019584117,-0.0441372,-0.011821724
0.010386131,0.027131658,-0.038132578,-0.0611424,-0.00789499,0.021574425,-0.02032692,0.071089156,0.036805313,-0.027649159,0.06595247,-0.040824726,0.05863599,0.003994516,-0.042250037,0.037394807,-0.071524106,0.06509203,0.055237282,0.041984767,0.06666963,-0.0021073266,0.065771006,0.055286504,0.06458577,0.073168725,-0.0058428682,0.022962125,-0.0030972743,0.077727035,0.0500395,-0.007865164,0.07330615
0.04041587,0.05275058,0.024013698,-0.0034241132,0.01851928,0.03635333,0.04486171,0.0017846625,0.0377801,-0.045468822,-0.019712681,-0.024065727,0.04997497,0.04410045,-0.0077144024,0.012010282,-0.00029769485,0.004834572,0.0017961812,0.01067017,0.058810804,0.018070105,-0.013295095,0.027053755,0.009507216,0.0009946042,-0.00039399878,-0.0048368834,-0.03102812,0.0705675,0.025947552,-0.0034672383,0.027872866
-0.009592108,-0.034465607,-0.016679771,-0.07205642,-0.034709636,-0.04004356,-0.046850894,0.0546166,-0.030920632,-0.011369304,0.035700854,0.035450097,-0.023747692,0.020779582,0.025511652,0.008503305,-0.034647916,0.022630716,-0.016720574,0.02825197,0.002904054,0.021829695,0.049198285,0.028692015,0.055214744,0.029086066,0.04067196,0.04456745,0.014309544,0.053021528,0.017391512,-0.023530122,0.029613577
-0.0010973982,-0.009435164,0.04917246,-0.0011667106,-0.029967496,0.040660914,-0.038356353,-0.018287549,0.04602649,-0.029409384,0.03658927,0.011889932,0.051692907,0.03321088,0.048450734,0.057308264,0.011957368,-0.015131527,0.07008411,-0.03155107,-0.015504023,0.014214169,0.029405355,0.06492598,-0.003474598,0.054749813,0.07721799,-0.021591332,0.06986244,-0.032352455,-0.07550854,0.0071065854,0.03757318
-0.01671394,0.021346604,-0.014343223,0.053112555,0.060173012,-0.09190705,0.011601158,0.06406071,-0.09708614,-0.005957547,0.037061255,-0.027392894,0.015931536,-0.014134196,-0.05000214,0.004808619,-0.050293453,0.0068628727,-0.0075835534,0.04850325,-0.05687257,0.04248833,0.049764838,-0.0568624,0.026106782,0.025678532,0.039670672,-0.024399515,-0.0020673568,0.053369347,-0.0123459445,0.0018549209,-0.016929226
-0.037513196,0.013280965,-0.025820475,-0.04865643,0.03228446,-0.03337922,-0.026360476,0.004900553,-0.060794394,-0.057381965,-0.011204591,-0.02643511,-0.02186675,-0.0025592344,-0.04814519,-0.061403085,0.01687214,-0.029354235,-0.01461249,-0.023894815,-0.06360618,-0.046762027,-0.0321252,-0.020866187,0.03724203,-0.0023262475,-0.034275115,0.007485519,-0.02069584,-0.043492645,-0.050588172,-0.01443516,0.046825726
-0.07927105,-0.0033529005,0.02744533,0.030825067,-0.034942254,0.034248482,-0.019766768,-0.043744013,0.05723566,-0.006865749,-0.0031739166,-0.05712604,0.00011334139,-0.018387616,-0.074150324,0.039952878,0.037419565,0.06535027,-0.019800963,0.019014053,-0.005618238,-0.017632736,-0.04424834,0.042895243,0.03129619,0.017155157,-0.011340416,-0.006799936,0.0010658568,0.0120405285,0.04765274,0.0078194775,0.0017916976
0.055539202,0.032252166,0.049068697,0.06366125,0.041984044,0.061070327,0.042535417,0.044775363,0.041960202,0.055404868,0.042142212,0.033272684,0.053534847,0.043866534,0.028736753,0.06054875,0.040397156,0.031047437,0.051455025,0.03233265,0.07270686,0.00953557,0.061276514,0.061973717,0.049799096,0.015627721,0.04536644,0.050610997,0.062254306,0.030639796,-0.018094858,0.021350993,0.02648983
0.08676313,0.06951665,0.06873795,0.07249582,0.03884232,0.081041984,0.0664064,0.07639734,0.09623081,0.06287979,0.076498374,0.054709833,0.07799958,0.0177907,0.07586514,0.082674466,0.06240849,0.0825826,0.07216855,0.061804138,0.077761024,0.06856591,0.07568354,0.07889528,0.07852605,0.06782969,0.06544045,0.07402495,0.04900715,0.07953787,0.07298071,0.078703195,0.040232062
0.055738747,0.030942379,-0.032067064,0.015643591,0.051343434,0.09194154,0.0792622,0.057186935,0.09744345,-0.006692069,0.070420906,-0.034925632,0.074158646,-0.005529497,0.0759636,0.087413706,0.0350241,0.066503726,0.047316182,0.061595745,0.02628434,0.0676743,0.050565924,0.066676155,0.057720475,-0.032321382,0.039386977,-0.0057119085,0.013307291,0.050103962,0.017791087,0.04871735,0.018894322
-0.039735716,-0.051038995,-0.04798698,0.027226718,0.022508366,0.039366633,-0.043924756,0.020409225,0.035071377,-0.044888984,-0.016273877,-0.07554414,0.019761588,0.024054885,0.024216527,0.040584188,-0.012039091,-0.011551178,-0.06629735,-0.03454268,-0.047771562,-0.02333125,0.0432746,-0.015128936,-0.06802648,0.050026715,-0.01695606,-0.046088636,-0.075772926,-0.0074896407,0.023079598,-0.0016917123,0.0770585
0.020196402,-0.018117743,0.015561277,0.0066530425,0.011862829,0.05139771,-0.0037645162,-0.024613416,0.008290836,-0.066298954,-0.0028508087,0.021836169,-0.058992352,-0.046337284,0.026881402,0.032521974,0.00846573,-0.04132912,-0.039068364,-0.067118526,-0.044108387,-0.064041644,-0.02484711,0.022187175,-0.0044199917,-0.05384665,-0.045466945,-0.023220908,-0.0431347,-0.039761443,-0.009030282,-0.030337606,-0.019532638
-0.03778827,0.04561234,-0.051609598,-0.06644146,0.016792104,-0.018732497,-0.07364103,-0.063422956,-0.0032209551,-0.026138093,-0.03386862,-0.04633532,-0.047172535,-0.004709623,0.02146642,-0.013196802,0.038279273,-0.051092327,0.009841517,-0.07252952,-0.05540609,-0.07239798,0.031541705,-0.03215024,-0.07044839,0.027013546,0.016311929,-0.056908086,-0.054499574,0.04907892,-0.031123094,-0.070392825,-0.004928736
-0.08037105,-0.013912241,-0.054519743,-0.032352857,0.0013664652,-0.011745239,-0.010787877,-0.043746296,0.035522595,0.031829532,-0.056136772,0.033528816,-0.06765846,0.0029438825,0.06108019,-0.0030782234,-0.067287624,-0.041636128,-0.054962877,0.018184515,0.027992515,-0.04525869,-0.036905963,0.033100042,0.0162326,0.015523925,-0.033669338,-0.049035456,-0.026406588,-0.06547755,-0.046146803,-0.014300033,0.0006404182
-0.037296686,0.03734897,0.05315223,-0.0023296967,-0.04942994,0.026774371,-0.03204583,-0.033558223,0.015538417,0.03720398,-0.032000344,0.021161906,-0.003385984,0.003410886,-0.0026539688,0.018877218,-0.006391448,-0.002098738,0.020787876,0.044951364,-0.009238074,0.004040601,0.04280991,0.041299883,0.0619391,0.06441549,0.06208215,0.04033308,0.01805323,0.052288514,0.0072955666,0.0311297,0.0050924816
0.006356729,-0.004953355,-0.03457423,0.032231256,0.06548063,0.052895986,0.043084916,0.04941143,0.036727976,-0.030875422,0.030357184,-0.027741304,0.014985589,-0.019491175,0.00423029,-0.0105793,0.07474682,-0.03875663,0.041695096,0.079665646,0.06023565,0.015006005,0.07657275,0.057178225,0.024212938,-0.014752286,0.034478936,-0.037059836,-0.001213048,-0.007795059,0.0037822162,-0.035709463,0.066766545
-0.064478286,-0.033522896,0.06170207,0.077147655,0.031800173,-0.019578062,-0.06757868,0.0056199464,-0.014056598,0.0381696,-0.07992269,0.064576276,0.0069110575,0.040533304,0.020160357,0.038472623,-0.05104302,0.040441196,-0.040508382,-0.0151094,-0.0007531244,-0.040683005,-0.044211473,-0.011083612,-0.01875152,0.037994474,-0.0158787,-0.030948786,-0.009518466,-0.049809337,-0.045563437,-0.021097759,-0.029742459
-0.016475212,-0.027482456,-0.03371364,0.01706028,-0.060586274,-0.036248524,0.0024445523,-0.07153359,-0.05783509,0.0013178951,-0.05485882,-0.004983006,-0.072556555,-0.047094207,-0.06477159,-0.054458365,-0.046436165,0.021219786,0.051461004,0.0045758625,0.012362237,-0.008971686,-0.045335617,-0.046972483,-0.053209823,0.046077933,-0.06388561,-0.059715826,-0.008797822,-0.004165538,0.014939892,-0.03511781,-0.046018586
0.06287138,-0.036530472,-0.061103273,-0.04991026,0.030372936,-0.0052559543,0.008006091,0.011882215,0.033433124,0.048849408,0.028498923,0.002282104,0.0108974455,0.04208676,0.06660877,0.03717993,0.025191823,-0.030501394,-0.011582978,0.011905133,0.017503204,0.042293843,-0.0045936336,0.01824727,-0.008297671,0.034826063,-0.0010055191,0.021079896,-0.015076447,0.020444095,0.029443745,-0.039084766,0.019078823
0.034019984,-0.019539258,0.061474394,-0.001773489,0.059889358,0.0536819,-0.0031663196,0.063124545,0.076416194,0.0077041117,0.03661214,-0.053005945,0.05248682,0.061508648,0.050656207,0.038824376,0.07018487,0.046719104,0.02466538,0.07913802,0.021656688,0.053598724,0.04542024,0.0506601,-0.030946817,0.048126526,0.006874216,0.05227664,0.049105838,0.034098856,-0.0062609278,0.06131647,-0.00652108
0.03535766,0.0011371443,0.06575089,-0.0047276216,0.029284615,0.023255749,0.03223585,0.04445471,0.0064134,0.022935249,0.05854391,-0.019562108,-0.021502959,-0.03144397,0.037801795,-0.0014495931,0.058388807,0.018644398,0.014197711,-0.039023057,-0.031471662,-0.002466152,0.043921776,0.0025947965,0.018223474,0.0593989,-0.021502165,0.012634641,0.06978282,-0.06343804,0.009654106,0.031597592,-0.058039807
-0.017210955,0.035194572,0.01110151,-0.023661606,-0.04988678,0.017370285,0.032799058,-0.029476225,0.093203224,0.054443534,0.017013354,0.040928166,0.012731678,0.028176835,0.017756375,-0.028068872,0.035376027,0.0086727,0.06258882,-0.06984256,-0.064080566,0.0030180172,-0.019114984,0.014125404,-0.027187318,0.021806328,-0.06722432,0.023870092,-0.03439398,-0.045975547,0.018858563,0.03531396,0.026894663
-0.019731175,-0.054306183,-0.0012125402,-0.009074691,-0.018050585,-0.03704618,-0.04894032,0.008476668,-0.018065322,0.037761703,-0.053283323,-0.046640914,-0.044638578,-0.041904517,0.009394766,0.018221598,0.0418587,-0.0027075096,0.03156178,0.01945933,-0.04198523,-0.026436655,-0.056027208,0.008608538,-0.026934726,-0.04460608,0.012471725,-0.046000022,0.06973542,-0.069162175,-0.0672361,-0.068685815,-0.012634657
0.026821993,0.060335472,0.059369568,-0.0024187528,-0.01642655,-0.0007370146,0.007977991,-0.03183036,0.002426127,0.06719047,0.03420668,-0.039460625,0.041688435,0.009879135,0.016657459,-0.023490516,0.07705055,0.07873574,0.057573162,-0.06328071,0.0064487755,0.05074528,0.07289372,0.019536538,0.07360752,0.0071629738,0.04546567,0.034967795,0.016231526,0.028006613,0.08193078,0.067218326,0.07612661
-0.058540616,-0.01078903,0.058609005,0.011506537,0.033837102,-0.025862262,0.030305488,-0.054256264,-0.018158255,0.06512703,-0.031706575,-0.008360406,-0.061159585,0.007937778,0.028422447,-0.01515949,-0.02138494,-0.07527367,-0.03327913,0.01475536,-0.0662332,0.025197776,0.021796511,0.0033278852,0.027785769,-0.012093307,0.05639413,0.07164541,-0.03583425,-0.029628415,0.011692207,-0.0016903508,0.0052713295
0.035599355,-0.032569453,-0.031815317,-0.08439424,0.0068479646,-0.059993707,-0.041438796,-0.013455875,-0.075665265,-0.032005917,-0.06327145,-0.053606257,-0.044405747,-0.04752333,-0.039606154,-0.062924676,-0.0024208229,-0.038693685,-0.05140456,0.047006104,0.0031762933,-0.05740195,0.0017438759,0.03286876,-0.04446513,0.051907826,-0.0021542788,-0.004602344,-0.063881144,-0.04345979,-0.05481183,-0.06046007,-0.013736913
0.015453931,-0.016807763,0.07764644,0.011719039,-0.036202867,0.053278834,0.0010491264,0.025742475,0.057796344,-0.03126778,0.017126786,0.02666146,-0.06431341,0.033155296,0.05898847,0.058212444,-0.028473709,0.04849168,0.063765556,-0.013965134,-0.00454007,0.06388228,0.0018463038,0.05372633,0.028008249,0.0035422894,0.018404726,-0.05329117,0.061744217,-0.059204657,0.0075952383,0.041099776,-0.014327737
0.043199725,-0.021963118,-0.0765371,0.031346034,-0.06430659,-0.033613283,0.038071685,0.06994454,0.019750744,-0.047842454,-0.03168506,0.03840367,-0.0530765,-0.018129215,0.076217845,0.00045835608,-0.05657607,0.041073415,-0.017679779,0.014416687,0.06995932,0.009211501,-0.029964305,0.06929739,0.019333173,0.034276478,-0.03368167,-0.01196823,-0.047315173,0.06516153,-0.0174122,0.015800795,0.03813111
0.019415079,-0.023176812,-0.015182053,-0.031390894,-0.014439586,-0.008653098,-0.0203046,-0.069702946,-0.01337783,-0.050411407,-0.024446387,-0.017873826,0.063890874,0.05008991,0.0344265,-0.042460125,0.026104717,0.01646919,-0.07095095,-0.06462119,0.039250195,0.05105827,-0.039021675,0.0072513456,-0.0061463127,0.05015172,-0.021229776,0.034067843,-0.02323602,0.03732203,-0.026602056,-0.0029003955,0.07571292
-0.04287394,-0.0036149875,-0.07549813,-0.07400903,-0.07811438,-0.050496686,-0.072337404,-0.07066187,-0.02812681,-0.07222086,-0.07802403,0.025116066,-0.04798756,-0.061199203,-0.007099583,-0.020915117,-0.053270906,-0.0742654,-0.0010852469,-0.044701807,-0.030764617,-0.073326886,0.0107055735,-0.009475559,0.03461657,-0.027252357,-0.038883533,0.030265002,-0.013127978,-0.078799546,-0.08269362,-0.075294614,-0.044229414
-0.034481674,-0.04115773,-0.07694894,0.014376738,-0.007822689,-0.008155779,-0.03490364,-0.036458187,-0.030288536,-0.008781874,0.045371298,-0.00451013,0.04252179,-0.023404157,-0.0030061738,-0.073684394,-0.046731144,-0.04520097,-0.029676812,0.0222536,0.07195041,-0.06409211,-0.07671629,-0.062409665,-0.074108794,-0.027486917,-0.06295675,-0.069653556,-0.031314857,-0.057386067,-0.07721049,-0.0028891957,-0.031308454
-0.045124855,0.06461253,0.012218971,0.02027912,0.074301556,0.016784599,-0.044834286,-0.0033837047,-0.00669056,-0.05964997,-0.025683027,0.01989319,-0.06183946,0.07016734,0.0758699,0.08804708,-0.0012253645,-0.014794827,-0.05653351,0.04730915,-0.06081866,0.0828516,0.024477383,0.06367988,-0.016829692,0.05621661,0.016357282,-0.010752018,-0.03944431,-0.037019745,-0.05353873,0.042578477,-0.0029656903
-0.057376362,0.052441817,-0.069593266,-0.058302693,-0.04196547,0.016260158,-0.022587625,-0.06412376,0.009615967,-0.017237505,-0.07202238,-0.027190965,-0.059744716,0.07670284,-0.012182852,0.014657777,-0.022381252,-0.07618156,0.04062134,-0.03031235,0.016403727,0.04010931,0.0659565,0.037768375,0.0042292546,-0.033907983,0.068114914,-0.0316459,-0.04119705,0.049166773,-0.016140174,-0.044896524,0.054155137
0.004209604,-0.009820884,0.0216376,0.045994386,0.021213787,0.038873684,0.01105168,0.062752604,0.026483377,-0.0742809,0.0357166,-0.0144747235,0.02530929,0.043834124,-0.001801546,0.032515094,-0.0475351,0.026421484,-0.04391729,-0.03038734,0.018795522,0.005709415,0.05719974,0.046860635,0.024560886,-0.011509323,0.03098548,0.069881536,-0.003017204,-0.014072562,0.03860495,0.08016176,0.047935188
0.021493291,0.022333331,0.06289557,-0.043276366,-0.034234226,0.057077244,-0.023731329,0.02752944,0.053939812,0.015693007,-0.046971496,0.018233733,-0.041055474,-0.024871016,0.005785366,0.040730275,-0.04112194,0.063727334,0.021576524,-0.0033601336,0.054374985,-0.01793885,0.056718305,0.008451907,0.007818414,-0.057901282,-0.028956033,-0.065801054,0.0110104475,-0.02301352,-0.043514352,-0.04348213,-0.0029900656
-0.0066399914,0.0005495845,-0.011732688,0.021538777,-0.0445964,-0.010592934,-0.039570853,0.0009560763,0.0025026738,-0.049807973,0.074022606,0.0036438783,0.06285689,-0.0061693294,0.045778014,-0.042226892,0.010745191,0.05237827,-0.014550831,0.018481914,0.052059803,-0.022397898,0.06940647,-0.031719953,0.010637689,0.014910626,-0.044004858,0.010978917,0.044312343,0.04716609,0.012165451,-0.025577443,-0.026394961
0.03183572,-0.010706195,0.009781044,0.07282484,-0.06878699,0.0211831,0.06410692,0.030445836,0.062109534,0.07400377,0.007191235,0.027875867,0.06397494,0.022176102,0.010649442,0.08602153,0.049655646,-0.017241446,0.054781124,-0.01876569,0.048295848,0.06775218,0.040981762,0.01463261,-0.004067207,0.045140333,0.035647284,-0.060136832,0.04142341,0.053504,0.05183127,-0.0074274777,-0.0022330962
0.061410658,-0.060269978,-0.026629092,0.06147244,0.035669416,-0.020431828,0.024464648,-0.057415888,0.026347743,0.053005934,0.007710792,-0.012229346,-0.036277745,0.0021370987,0.0065079215,-0.0076999054,0.004293423,0.02547853,-0.04048577,-0.031341165,0.030826006,-0.0028221118,-0.0076396167,0.039355826,-0.027223166,0.024669843,-0.017234905,-0.02986818,-0.0027115773,0.0031144642,-0.01436257,-0.020758873,-0.007462481
0.04796325,0.038352657,-0.04129785,0.008362832,-0.041814115,0.00064977555,0.06605566,0.004080847,-0.031002304,0.002161314,0.03192604,0.051645454,0.0027156079,0.02029,-0.065932155,-0.025138846,0.0446033,-0.0019255439,0.038678702,-0.024973882,-0.030929103,0.029170882,0.04208886,-0.02481759,0.06997616,-0.08667768,0.038650155,0.022398062,0.0076606087,0.009494574,0.027064128,-0.040176094,0.01646476
0.052429166,0.034613788,-0.024572534,0.011519421,0.017088803,-0.022439333,0.013300976,0.0015690352,-0.029353587,-0.039289325,0.017077468,0.010545052,-0.012976489,-0.047775637,-0.007913446,-0.053575914,-0.022540703,-0.059933953,-0.051683072,0.04381892,0.0417109,0.027707847,-0.03832924,-0.012650152,-0.026478374,-0.022738582,-0.00036976347,0.051840767,0.0036542185,0.038435657,0.020929025,0.020898014,-0.009469507
0.052715752,-0.024393573,-0.021459205,-0.05697951,-0.06969131,0.035121005,-0.026990637,0.010508202,-0.0033857934,0.0021188108,-0.023468798,0.067283735,0.06288207,0.01875113,0.015190656,-0.020854983,0.047767445,0.021776384,-0.048535775,0.0043874574,-0.0027279689,0.030165166,0.045064393,0.008779397,0.0166734,-0.021468386,0.07223724,-0.012260243,0.048394304,-0.0043459325,-0.044607665,0.0036266576,-0.019262496
0.0038608692,-0.044538688,-0.06497838,0.030352935,0.020593563,-0.06841305,-0.04316197,-0.036370646,-0.06802914,-0.023876753,-0.035230037,-0.010935713,-0.018527063,-0.06567943,-0.018989392,-0.029527718,-0.038747136,-0.032205407,-0.037185326,-0.017511701,-0.01542213,-0.014931425,-0.025521327,-0.032882527,-0.03558179,-0.05511968,-0.043863006,-0.028531257,-0.024323981,-0.024492597,-0.053047217,-0.049559247,-0.0013138817
-0.08727991,-0.08265375,-0.08035349,-0.075091265,-0.070976704,-0.092409305,-0.08067062,-0.07843771,-0.09748636,-0.07770901,-0.080029994,-0.07933108,-0.080063365,-0.0837512,-0.077147834,-0.088739365,-0.07933336,-0.08358829,-0.08150821,-0.07913617,-0.063534565,-0.08701743,-0.08125895,-0.08130044,-0.07923385,-0.08189889,-0.081360735,-0.077753305,-0.08225536,-0.081332356,-0.082586594,-0.08123539,-0.08490923
-0.058942664,0.0031871574,0.033660363,-0.028809765,0.019442534,0.06291986,0.076251455,0.07047189,0.022022989,0.02122103,0.035469495,-0.030915644,0.027196039,-0.0041706604,0.044571836,0.08153378,0.008284159,-0.011121901,0.07794108,0.04398388,0.033165544,0.07919204,0.07119385,0.025371268,-0.06010183,-0.08460894,0.00040968554,0.025789075,0.049016565,-0.060550533,-0.0113591105,-0.00094795896,0.038274728
0.0142544545,-0.021334413,-0.030273046,-0.03258823,-0.03081074,-0.026704723,-0.019380612,-0.05055421,-0.030467564,-0.047277912,-0.03865092,0.0078949565,-0.04424019,-0.047329016,-0.039695736,-0.023754071,-0.0580832,-0.06573758,-0.05885003,-0.057348102,-0.049728714,-0.05789447,-0.0665333,-0.03390193,-0.017105645,-0.030539548,-0.05833896,-0.023767034,-0.04481811,-0.05651946,-0.027362099,-0.04857629,-0.053550657
-0.06572499,-0.036468424,0.035934612,0.0439447,-0.011351578,0.02862082,0.012062333,-0.042043574,0.044517186,0.04878505,0.008146824,-0.005862888,-0.06273263,-0.025478546,-0.04591598,0.058486108,-0.04830133,-0.039640483,-0.0481063,0.009967546,0.027351549,-0.045455784,-0.05569776,0.0024905312,0.05535764,-0.05436151,0.025530329,-0.036350694,-0.0046003833,-0.033737652,-0.033015244,0.02892559,0.005511941
-0.063540444,-0.058461707,-0.042942554,0.05215297,0.016858371,-0.012263088,-0.021404227,-0.066027425,0.026056228,-0.045730054,-0.016023673,-0.016056282,-0.05021321,-0.022421824,0.05613283,0.007669079,-0.07737825,0.07277795,0.0033673623,-0.018491795,0.029808845,-0.022102367,-0.014541029,0.022077527,-0.07504305,-0.008497409,0.058383916,-0.059191912,0.06899557,0.056858376,-0.056879792,-0.026994748,0.056104936
0.06765081,0.048513494,-0.012462317,-0.008374171,0.071550496,0.017575739,0.020514786,0.07461665,0.04525394,0.035850924,0.044363927,0.04105698,0.026027234,0.046049718,-0.012374561,0.05702229,0.07701259,-0.051605865,0.05727609,0.06959446,0.022873046,-0.025643736,0.036122497,0.06434401,0.072493926,0.0050286143,0.06975739,0.044226885,0.056587163,0.027651787,0.055187855,0.052005704,0.006514159
0.08727707,0.09233847,0.07641034,0.065650046,0.044068474,-0.025575805,0.076354146,0.078037694,-0.027172767,0.0775417,0.07987523,0.08173541,0.080037236,0.085179664,0.07714964,0.088278286,0.07862393,0.0830213,0.08059234,0.0734373,0.08106602,0.08530354,0.078557104,0.0812836,0.079262115,0.038219746,0.07927758,0.07751862,0.081929624,0.08047474,0.07484069,0.07890082,0.08053542
0.053752836,-0.035791982,-0.025553536,-0.058976457,-0.04008923,-0.02041149,-0.051849324,-0.03962293,0.024975805,0.01823035,-0.019466007,-0.07460765,-0.024161136,-0.077164166,0.06259609,0.05609639,-0.06388919,-0.01553295,-0.039918374,-0.03236996,-0.030591493,-0.061860155,-0.03714868,0.040033903,-0.046870265,0.051682185,-0.03616139,-0.063049674,-0.050150156,0.02812367,-0.014878189,-0.05818048,0.010754135
0.080531225,0.07650475,0.0802805,0.08753728,0.0748172,0.084847905,0.07674014,0.06912516,0.08793795,0.0740279,0.0743113,0.078947894,0.05235489,0.07364594,0.06722831,0.0816534,0.07432927,0.07052602,0.07528666,0.06840308,0.066240326,0.08422988,0.07720305,0.073927045,0.060990844,0.08220436,0.06755488,0.06850896,0.07317725,0.0717233,0.08014011,0.07803311,0.0729828
0.0059289434,0.082541615,0.07557245,0.087017566,0.02047422,0.0885359,0.06974,0.040314022,0.08080229,0.06656664,0.05952734,0.068532884,0.04751465,0.055797238,0.040928166,0.07880379,0.026139645,0.07067263,0.06306096,0.04210846,0.07957052,0.07818526,0.03630179,0.07266223,0.010178246,-0.00047393885,0.004155978,0.05640682,0.07622184,0.05413042,0.07020008,0.06939866,-0.02408993
0.062754594,0.019658606,0.02473552,0.030073503,-0.034359735,0.03221298,0.06285887,-0.05097904,0.02262532,0.053792566,-0.0033101626,0.035464864,-0.038930565,0.07160662,0.039403103,0.009381763,-0.045584675,-0.066098385,-0.020112107,0.025497679,0.07802081,-0.025859604,0.061619826,0.018668797,-0.057525624,-0.02645704,-0.016843367,0.06897279,-0.0042399694,0.03934765,0.024124868,0.0067831217,-0.05085901
-0.025152553,0.004304295,0.058725886,0.054230943,-0.024371266,-0.030286564,0.076076,0.050696082,-0.019502383,-0.007379155,-0.005192971,-0.0055628004,-0.02744462,-0.019054323,0.00814092,-0.03226806,0.057322316,-0.005625166,0.052062463,0.028135499,-0.030120136,0.041695908,0.0460671,0.06672758,0.052969962,0.018457131,0.06687361,-0.050104987,0.013621969,-0.004474468,0.06091273,-0.02288634,-0.03628158
-0.024574079,0.020858029,0.008476221,0.06841572,0.057131376,0.00073671155,0.004210067,-0.014495958,0.018483667,0.0028435267,0.04566612,-0.05340219,0.016805338,0.0089745065,0.005873893,-0.046074,0.048641585,0.019857025,0.048081305,0.013677818,-0.0025105253,0.017128075,0.023948237,0.018169453,-0.022509357,0.0012862005,0.007233849,0.014873752,0.03354341,0.02660516,-0.014749369,0.0031904888,0.021606466
0.039588787,0.036291603,0.0053644497,-0.05310094,0.037589982,0.042321015,-0.060849607,0.038022418,0.041591544,3.929727e-05,-0.006021839,0.021523489,-0.018780539,-0.056615938,-0.011999895,-0.08755343,-0.07505472,0.027703743,-0.02178793,0.015139153,0.050561704,0.031498145,0.056114893,-0.08099138,0.06285883,-0.061678547,0.005210447,0.06625108,0.028052513,0.066156,-0.008091807,0.031028459,0.029017394
0.06400239,0.043262538,0.036319647,0.013741613,0.0036025178,0.053622372,0.06058954,0.0618883,0.039606925,0.03593968,0.05586948,0.03980312,0.022194522,-0.036818262,0.0663446,0.067177586,0.06811849,0.06729241,0.042540498,0.06316913,0.057042245,-0.010693584,0.000109890396,0.073279314,0.057844896,0.058361027,0.037970904,-0.015726345,0.039952107,0.05070277,0.014718737,0.04815422,0.07966026
-0.08558005,0.027052127,-0.025506854,-0.07136045,-0.005021199,-0.092267476,-0.062872484,-0.063614145,-0.09724433,-0.075274505,-0.052096285,-0.046047676,-0.07622191,-0.08079129,-0.07534386,-0.08241011,-0.06660904,-0.058911413,0.023940358,-0.060311425,-0.036641933,-0.08168234,-0.043739036,-0.07724159,-0.07391728,-0.060812306,-0.07063994,-0.07553729,-0.0741384,-0.063425,-0.063244574,-0.075540125,-0.04606277
-0.029555935,-0.05510593,0.03958541,0.044821814,0.022430668,-0.0316377,-0.07407823,-0.0050474983,-0.008340208,-0.06070882,-0.053071894,-0.037174746,-0.009644763,0.056465853,-0.035283156,0.015711466,-0.003956845,0.038786165,0.0040754597,0.04348299,-0.027643586,-0.015529328,0.009240847,0.0076574096,0.020645617,-0.053343356,-0.055178877,0.012842315,0.050426867,-0.005137249,-0.029199649,0.002802443,-0.05390394
0.024623364,-0.0520699,-0.010338332,0.0008131509,-0.028935177,0.03884396,-0.04420648,0.041653566,0.03166464,-0.039171334,-0.033386584,0.046279237,-0.036452554,-0.07698031,-0.04821369,0.017310472,-0.06244293,-0.030623293,-0.004444325,0.0047811447,0.030975806,-0.039845012,0.042614885,-0.0653318,0.016567275,-0.0057668225,-0.0008431437,-0.068504184,-0.035623234,-0.04046636,-0.05317155,0.042959668,-0.05987285
-0.071974926,-0.06087151,-0.055877022,-0.02171593,-0.04568773,-0.09143802,-0.037469544,-0.02389477,-0.09735137,0.024835525,-0.020485638,-0.02946944,-0.037476756,-0.082164,-0.075371176,-0.0857299,-0.0653496,-0.054069273,-0.06048567,-0.03325218,-0.04974767,-0.059419863,-0.060458228,-0.07803372,-0.071543954,-0.06334006,-0.061604332,-0.06443606,-0.026530214,-0.041277613,-0.03778565,-0.057906546,-0.0063266247
0.016365642,0.067247726,0.06580499,0.06034446,0.03338873,0.05221894,0.0447012,0.065586,0.06909027,0.035936944,0.03394143,0.028506681,-0.00021215054,0.042545337,0.04455138,0.06433346,0.053929124,0.050928604,0.061529547,0.04621912,0.067748316,0.057795677,0.035601165,0.05666878,0.017701648,0.026623322,0.047312442,0.022685941,0.05571053,0.029526006,0.055666845,0.023428556,0.017993946
0.07587033,0.051927898,0.05405016,-0.025697198,-0.024225498,0.0923036,0.010702629,0.06848899,0.0974793,0.048964474,0.07867376,0.056980163,0.057732806,0.0735461,0.0768713,0.036250606,-9.328529e-05,0.06290477,0.066793546,0.03809412,0.08095121,0.0689147,0.037562072,0.07891125,0.07521346,0.04296543,0.074306175,0.075587496,0.08025236,0.044125386,-0.0721375,0.07505494,0.07073221
-0.020402547,-0.009155911,0.06791327,0.0382291,0.03912578,0.045618154,0.005955323,0.040048268,0.06997295,0.003110422,0.050902963,0.042918246,0.05031369,0.019517401,0.02489957,0.01436412,0.023956463,0.0073687825,0.022044629,0.03366395,0.045439534,0.0020574774,0.05557729,0.003088818,0.014277129,0.021393634,0.013982015,0.03721178,0.0505633,0.034802884,0.039798502,0.04679936,0.038948767
-0.043535903,-0.018698715,0.0077255485,0.01582399,-0.008241328,-0.0025893203,-0.009243948,-0.029238505,-0.028908866,-0.01128354,-0.018088756,-0.017014667,-0.026617398,0.012130268,0.011888588,-0.035947103,-0.013064264,-0.053826604,-0.034959015,-0.026773566,-0.03676705,0.021743584,0.026944622,-0.031634636,-0.0028071923,-0.018860914,0.04742519,0.038838215,-0.024233311,-0.034586977,0.0062636263,-0.019965263,-0.032679994
-0.046374798,-0.016157368,-0.01953322,-0.064718746,-0.035085004,-0.053758636,-0.06219423,0.045514513,-0.036669884,0.046020832,-0.051632125,-0.08033698,0.015179313,-0.0542174,-0.06325041,-0.07579245,0.053139117,-0.05160962,-0.060192857,0.06351098,0.04067584,-0.07071355,-0.060027823,-0.04442813,-0.06456922,-0.03291842,-0.036449976,-0.055880163,-0.080377236,0.04458983,0.03955219,-0.057173043,-0.0573713
0.06725254,0.09164032,0.011322667,0.060503207,0.06348226,0.0041050967,0.06584327,0.052995726,0.006218401,0.016521988,0.033087563,0.065217614,-0.064049825,0.045437902,0.0513091,0.051517066,0.05734031,0.04668558,-0.017034838,0.020312814,0.039607704,0.084530324,-0.028157448,0.051214445,-0.03418288,0.03276895,-0.0131090665,-0.027478581,0.05223051,-0.044026703,-0.053559516,0.029442336,-0.022110673
-0.033372138,0.07643061,0.077609524,0.07011348,-0.056081682,0.031893823,0.070084676,0.070371605,0.045450833,0.035912175,0.074908264,0.051241618,0.015151669,-0.0063652727,0.046953604,0.054750625,0.033313807,0.03435525,-0.009045229,0.042754006,0.028957566,0.041265275,0.07582493,0.014250372,0.050016504,0.04392345,0.05745207,0.016175713,0.07349692,-0.012075845,0.009064087,0.02515115,-0.07571268
-0.07760456,-0.080879316,-0.04812216,-0.010426212,-0.07546967,0.003168754,-0.054958254,-0.07354352,-0.0329783,-0.06954535,-0.056910798,-0.04962504,-0.059921026,-0.05242974,-0.00014477577,-0.01443004,-0.043551873,-0.07273512,-0.061813463,-0.07230728,-0.05544088,-0.00922403,-0.0019224504,-0.02202979,-0.0586147,-0.023119323,-0.045618635,-0.051534068,-0.0053168703,-0.06412568,-0.0794699,-0.042549185,0.012126487
-0.07262334,-0.039908677,0.03145384,-0.03087297,-0.039227434,0.050102018,0.012067235,-0.034422155,0.0057194554,-0.027752163,0.026997464,-0.015140551,-0.03361788,0.02108207,-0.008524777,-0.02572057,-0.012508159,0.022281557,-0.03450924,-0.023274768,0.013402514,0.04076658,-0.021299668,-0.002848332,-0.053181402,0.032194883,-0.036773093,0.016106691,0.010264084,0.018440602,0.0419474,0.05726869,-0.070686474
-0.07693521,0.057698023,-0.024325902,0.025370222,-0.06527189,-0.011147473,-0.018768473,-0.044282276,0.00012229393,-0.025568679,0.0467241,-0.013485395,0.0150125455,-0.07690057,0.031604975,-0.023309313,0.002192592,-0.0683659,-0.03881554,-0.07921154,-0.009692392,0.06801264,-0.032718338,0.009455512,-0.034751438,-0.07257748,0.005890879,-0.07454332,0.07236308,-0.07657321,-0.04941245,-0.021731306,-0.02610563
-0.014305284,-0.04183035,-0.06978809,-0.05997636,-0.05019601,0.011446039,-0.029088017,-0.04068376,-0.015526651,-0.063512355,0.006987437,-0.026990557,0.020944757,0.036327407,0.016976852,-0.024848435,-0.053720374,0.04714893,0.016322235,0.0344778,-0.028698884,-0.036643106,-0.020179586,0.026992388,-0.009951527,-0.0017592005,-0.016811268,0.02353346,-0.0069013005,-0.008433816,-0.027561415,-0.0112942215,0.060018945
0.015852097,-0.025412545,0.038743414,0.008717842,-0.018148076,-0.036622595,0.048982166,0.05446365,-0.00801163,0.034830753,0.040381398,0.06984849,-0.0551568,-0.020969834,-0.060684234,-0.044157527,0.0143590495,-0.011060815,0.02450049,-0.040319987,0.060569055,-0.033004332,-0.050784457,0.03275329,0.023219364,0.029018834,-0.0068998425,0.07185181,0.061262924,-0.025168635,0.04959754,0.044673223,0.04336665
0.038389668,0.046970148,0.0292398,-0.047172476,0.004901027,0.02529798,-0.013801691,0.0043507614,-0.0064409645,-0.042788252,-0.021986147,-0.027589278,0.03893023,-0.030543508,0.003262817,-0.010756001,0.073622026,0.011914451,-0.02925526,0.0024474584,-0.016673276,-0.032254018,0.014294501,0.032548133,-0.03437709,-0.061267015,-0.029971896,0.0034263136,0.03588619,-0.041147776,-0.02601576,-0.023804363,0.01881551
-0.05546968,-0.0669291,0.023983194,-0.009430529,-0.068528004,-0.043593112,0.059610568,-0.04154024,0.009386013,0.018967163,-0.039537936,0.05681651,-0.030460106,-0.043175887,-0.0001243616,-0.033181753,-0.045638226,-0.049063776,-0.032063376,-0.07303407,-0.026447646,-0.011899094,-0.020027472,-0.03912653,-0.06704004,-0.07387043,-0.062338524,-0.054837797,-0.031902783,0.00019961341,0.009278914,-0.01686459,-0.014145913
-0.04163158,-0.06329319,-0.0129990615,0.07822845,0.076384835,0.01613981,0.05570005,-0.047099065,0.020386573,-0.03398462,-0.008923893,0.041791666,0.02167771,0.052470412,0.043619342,0.056497645,0.017060477,-0.010936324,0.05257176,0.04456491,-0.028912315,0.026310954,-0.0056418194,0.02330365,-0.057367582,-0.05072416,0.042868927,0.026167918,0.029572539,-1.824216e-05,0.013877386,0.06738958,-0.021301072
0.050877593,-0.004391337,-0.03712445,0.0146148885,0.03650938,-0.053560436,-0.05867972,-0.06353469,-0.071365155,-0.06212735,0.071922936,-0.070322916,0.06925378,-0.053539734,-0.043624185,-0.003892858,-0.051088907,0.025942283,-0.057571977,0.07109993,-0.013917532,-0.046070095,-0.028716326,-0.023172336,-0.0702737,0.07033257,-0.07990731,-0.0043751732,-0.047439754,0.08030349,0.07113236,-0.025546035,-0.04266644
0.058450542,-0.013859882,-0.05321202,-0.0030974941,0.0031132032,-0.038920075,-0.009210136,0.031017527,0.023638159,0.035202976,-0.018018115,0.026251195,0.026596317,0.0047451416,0.018058395,0.023793414,0.0006472694,-0.013775039,0.0052482705,-0.019263538,-0.01442279,-0.03909821,-0.0038849413,0.00012426692,-0.0166065,-0.008483715,0.0071426253,-0.03290283,-0.008500051,-0.0057572755,-0.023356516,-0.006256959,1.16685915e-05
-0.049189787,-0.065107115,0.0083887605,-0.052133758,0.0075956243,-0.053487208,-0.035770785,0.02647313,-0.048158333,-0.029100558,-0.060219828,-0.0034377459,0.0010542498,0.004602614,-0.059229333,-0.08027751,-0.07050279,-0.05204122,-0.062945925,-0.05047629,-0.08049442,0.05244144,-0.043585178,-0.036036026,-0.067180276,0.034808468,0.07678412,-0.019735616,-0.05474593,-0.061304417,0.04952618,-0.061942298,-0.0743664
0.05754409,0.06077568,0.050532825,0.06592193,0.0762329,0.03105933,0.019312449,0.03955734,0.045078274,0.03312777,-0.018626869,0.06531377,0.02345192,0.016865332,-4.2518528e-05,0.02102786,0.06857764,0.08209145,0.07921137,0.068593815,0.017657347,0.04706824,0.058594313,0.011139819,0.009891991,0.07270431,-0.0061783954,0.036146592,0.08124288,0.038809013,0.06491632,0.07340321,0.07639876
-0.060588423,-0.07495762,-0.066515855,-0.06598896,-0.072423,-0.070536174,-0.06156405,-0.066268,-0.07612858,-0.061964072,-0.06698966,-0.0400446,-0.06455323,-0.047644492,-0.05832842,-0.08108959,-0.07144182,-0.07026233,-0.074194364,-0.07045284,-0.074365966,-0.0678066,-0.07376989,-0.073486425,-0.06557987,-0.049016505,-0.07021486,-0.07001322,-0.049032737,-0.067754,-0.06746274,-0.06001052,-0.078973144
-0.007312058,-0.0015900324,0.009091388,0.02007757,0.050803307,-0.05288397,0.028238084,-0.035047363,-0.042098515,0.017020522,-0.048729826,-0.07439208,-0.024362816,0.03835052,-0.042839244,0.031409677,-0.016273107,0.043064415,-0.03662942,-0.014155422,-0.033189397,-0.047350485,-0.058946934,-0.05544128,-0.03271801,0.02764324,0.029545385,-0.07439965,-0.0037410886,-0.036455836,0.0038555735,-0.0014773301,-0.01825297
-0.011169971,-0.01951182,-0.027568016,-0.004733248,-0.0186904,-0.050949868,-0.05873615,-0.01928549,-0.048505295,-0.008897861,-0.057005186,-0.008860743,-0.04662841,-0.059388302,-0.039886888,-0.07965175,-0.04206667,-0.053076733,-0.031763613,0.018744625,-0.033018783,-0.013370494,-0.020460863,-0.032568205,0.02597439,-0.048333433,0.014804632,-0.049516864,0.021109452,-0.05401425,-0.016204616,-0.0036189982,-0.028528506
-0.03590981,-0.006783114,-0.0070167375,0.020143528,-0.0150313815,-0.029548837,0.008959006,0.016265046,0.03315289,0.008846901,0.015023926,-0.00010829338,0.0005639239,0.039995186,-0.0073199603,0.008889558,-0.0038414085,0.02619996,0.005739405,-0.0017413715,-0.012515738,-0.03145834,-0.028799552,-0.002362929,0.050051384,-0.029756153,0.011261184,0.018873855,0.030977754,-0.047191396,0.034718264,0.035763994,0.0019539886
0.04000685,-0.06359528,-0.07643175,-0.05505735,-0.037861627,-0.04271338,-0.06811201,-0.00889209,-0.048769828,-0.034482513,-0.05617788,-0.044459272,-0.057917237,-0.0077681504,0.004407695,-0.03324977,0.0284799,-0.060991805,-0.026022062,0.0121855205,-0.04388897,-0.039248426,-0.02745266,-0.044528883,-0.020413304,-0.06937969,-0.051018946,-0.021142222,-0.032939415,-0.06252606,-0.06378654,-0.037893966,-0.04946682
-0.05040024,0.040764462,-0.045662392,-0.04516005,0.036418952,0.086186044,0.05275947,-0.07538112,0.03264071,-0.044470113,0.042677727,-0.06629059,-0.04950463,-0.053726982,0.007736468,0.022868011,0.055667277,0.0211163,0.043893974,-0.0789009,0.06596993,-0.02172089,-0.055194836,0.050687514,-0.07571004,-0.0470949,-0.061300177,-0.059828293,0.0193969,-0.057619818,-0.0038472686,0.009492593,-0.004746245
0.021795824,0.05252302,0.012174861,0.019161724,-0.017512579,0.07276567,0.040035386,0.015940506,0.07882129,0.069676004,-0.023709914,0.05645624,-0.05354834,0.045780413,0.07573822,0.06716862,-0.029886957,0.0017321279,0.019009007,0.031847265,0.0712201,0.0130221415,0.013724838,0.049189705,0.014312075,-0.029043235,-0.023932511,0.004654209,0.04017139,-0.009935604,-0.02453737,0.03737283,0.044923738
-0.030941678,-0.02742397,0.061298087,-0.009144833,-0.06587098,0.017150195,-0.025884703,-0.028316263,-0.022787018,-0.010295419,-0.009430128,-0.027870083,-0.075903565,-0.07539935,-0.03367741,-0.08665388,0.04293224,-0.016941385,-0.06175252,-0.06378377,-0.01446734,0.02045587,0.004951661,-0.012163965,-0.06736744,-0.064272776,-0.022994423,0.06430053,-0.017938526,-0.045469858,-0.028320258,0.043959294,-0.072124876
0.036474384,0.0025716452,0.0084405625,0.003889856,0.03975284,-0.0579677,0.01007142,0.065905005,-0.017725477,-0.045805637,0.015893199,0.068116866,-0.0136412345,0.04094315,0.06822245,0.025811538,-0.01065497,0.043208282,-0.01362143,0.0557565,0.016078187,0.06564474,0.045017917,-0.026371265,0.06223487,-0.07962925,0.047529776,0.028604057,-0.003521436,-0.0301458,-0.03697891,-0.032769654,-0.033446494
-0.047694508,0.017081872,-0.014215199,-0.00088684756,-0.010588661,0.00591777,-0.0021595012,0.019873185,-0.010391404,-0.055407703,0.007967162,-0.02925628,0.018792896,-0.06786571,-0.062969126,-0.033844307,0.04407277,-0.0084738955,-0.024627239,0.0031830082,-0.04377941,-0.020430021,0.02787636,-0.041901305,-0.024516646,0.041345973,-0.021106247,0.006781702,0.0012708257,-0.05337225,-0.0017624435,0.0392072,-0.051822957
-0.03318572,0.025410969,-0.0076416326,0.023514934,0.008478562,-0.0134007735,0.021426741,0.060518682,-0.018132435,0.038138483,0.039907046,0.0441594,0.032127175,0.039006393,0.04749819,-0.007190115,0.036946934,0.008794937,0.041544,0.06566153,0.010731273,0.06490276,0.059945617,0.041418664,0.025790084,0.009069691,0.06642546,0.033172347,0.057639938,0.037787616,0.013785674,-0.00948059,0.056492537
-0.046709254,0.06974057,0.044177905,0.06405943,0.065731645,0.028708534,0.06456927,0.07569918,0.059241537,-0.018427607,0.058498897,-0.0070307422,0.0562376,0.05893808,0.055033695,0.059227794,-0.032682285,0.069471896,0.0664755,0.01524072,-0.071705915,0.06082623,-0.040331967,-0.056114998,-0.061236024,-0.073964834,-0.0012602732,-0.005114542,0.07616504,-0.059008326,-0.04143534,0.037208907,0.055862147
-0.019965053,0.052924644,0.04780346,-0.032258064,-0.077716604,0.008270201,0.004948593,0.006627455,0.026907282,-0.050671954,-0.058553778,-0.026637672,0.06673627,-0.036389712,0.070604816,-0.044626698,0.05906819,0.053692263,-0.042251788,0.015644897,0.05511928,0.064149044,0.024754707,0.04461238,0.059416555,0.032489613,-0.014006924,0.031036694,-0.050386503,0.021742526,-0.023241319,-0.058663446,-0.008305336
0.004498429,0.011214747,0.017024025,-0.008314077,-0.025119899,-0.025830938,-0.043868408,0.01090268,-0.056186285,-0.043058153,-0.029498057,-0.057078198,0.017573088,-0.05596424,-0.06886794,-0.03188926,-0.020599868,-0.058717187,-0.07336715,0.032106172,0.00046638024,-0.036118478,-0.016241303,-0.02768099,-0.026178982,-0.044172123,-0.0018217834,0.006832226,-0.03131801,-0.0069957944,-0.027096286,-0.01659258,0.0656842
-0.033169895,-0.006467098,-0.020626558,-0.07098599,-0.063310124,0.008355393,-0.061176352,-0.07331998,-0.0050533866,-0.03831021,-0.057183012,0.0036616237,-0.073492095,-0.033807624,-0.063932374,-0.03879333,-0.022364726,-0.041585542,-0.008633286,-0.049781684,-0.014589482,-0.07555426,-0.034383133,0.012041509,-0.06458254,-0.07105279,-0.06906577,-0.0013148015,0.03136778,-0.06858772,-0.04559107,-0.017696192,-0.045044083
-0.074877515,-0.06167576,-0.04817073,-0.026871223,0.010225943,-0.01447467,-0.067851625,-0.061000396,-0.05424058,-0.010092466,-0.029918998,-0.06188444,0.0066743153,-0.017645521,0.0012495691,-0.054743253,0.00081720145,-0.024158595,-0.026832167,-0.014885097,-0.06250907,-0.02716533,0.027371576,-0.036138512,-0.021907052,-0.059741065,-0.0017830167,0.013063869,-0.040920775,-0.052276216,-0.061623883,-0.04105142,-0.02179629
0.07967962,0.024490021,0.014705942,0.0043684477,0.042907316,0.022896666,0.048176926,0.045602337,0.0033714583,0.052306347,0.07341753,-0.0003512742,0.077897176,-0.044073243,0.047363374,0.010306907,0.06369676,0.058983624,0.013338123,0.032117374,0.039232403,-0.023673711,0.06757314,0.013222584,0.050758284,0.064927325,0.03552269,0.06344683,0.032744426,0.059262548,0.044298783,0.04552575,0.041816622
0.025211724,0.028588273,0.01954442,-0.016427662,0.051245525,0.013383479,0.017764058,0.0460118,0.03388532,-0.039951466,0.018807476,0.042080086,-0.0054627215,0.05991708,0.046404384,0.019454697,0.06025272,0.01207262,-0.0005071054,0.0026292435,0.017513657,0.01983001,0.009622614,0.050863497,-0.0010883681,-0.031631287,0.0128051555,0.027746063,0.013012867,-0.05555278,0.027889106,0.033075564,0.030644922
0.0034202973,0.05787452,0.07152782,0.010429881,0.046682965,0.056764126,0.0403101,0.027326277,0.045200303,-0.023023665,-0.064136535,0.038086195,-0.062123504,0.049835615,-0.066481344,0.018217068,0.03303898,0.0040568556,0.05250521,0.039083272,-0.049849324,-0.052633654,0.012886121,0.05196278,-0.010474523,-0.02509121,0.07034761,0.022276161,0.027370729,0.022754628,-0.0076832515,0.07730047,0.08377481
-0.07199474,-0.05777409,-0.029548466,-0.071318164,-0.0022637867,-0.07808394,-0.052412864,0.0074714166,-0.042749725,-0.03705221,-0.051492926,-0.029605605,-0.03026176,-0.061519574,-0.06446991,-0.059914887,-0.015138068,-0.021846306,-0.05406744,-0.023614287,-0.03184321,-0.042859253,-0.05177607,-0.03764068,-0.05298974,-0.0532617,-0.07299217,-0.014395121,-0.049389727,-0.059031904,-0.052194584,-0.0527557,-0.06225058
0.027713006,-0.034292474,-0.025022881,-0.06252803,-0.044843975,-0.0083592385,-0.004295824,-0.05490886,0.0039782925,-0.02660471,-0.06431871,-0.030476436,-0.055333212,-0.035602883,-0.06349182,-0.0465701,-0.07394039,-0.055295315,-0.05688496,-0.023980245,-0.054676827,-0.03642048,-0.07267887,-0.03415874,-0.06339385,0.012519474,-0.05050268,-0.044257246,-0.060774777,-0.029755957,-0.066178665,-0.016906057,-0.049868464
-0.03373284,0.07192522,-0.052261993,-0.037468188,-0.04005379,-0.029010111,0.019561494,-0.041919716,-0.068320505,0.069348454,-0.038930498,-0.05418877,-0.04717478,-0.012416653,-0.07349238,-0.08088934,0.047599755,-0.03623366,0.061057772,-0.06162168,-0.045286696,-0.05809002,-0.049687095,-0.07811481,0.011250207,-0.0057851314,-0.027131103,-0.011663135,0.03839382,-0.0736568,-0.007437816,-0.04348656,0.023293028
-0.02666021,-0.0027628997,-0.0034750851,0.024130682,-0.062177457,0.05563371,0.047234554,0.036767155,0.05162222,-0.0543147,-0.011163938,-0.052160434,0.036623783,0.03975807,-0.015556867,0.07625525,0.009867417,-0.075481355,-0.056485895,0.0681834,0.07097874,0.025425244,-0.024603633,0.0476384,-0.007372525,0.013144535,0.011278848,-0.024661746,-0.050579,-0.06363284,-0.07244636,-0.07749795,-0.08423322
-0.04414392,-0.008401218,-0.041121006,-0.044732977,-0.05196712,-0.036784135,0.0045922296,-0.0072637163,-0.048501097,0.02666034,-0.060948208,-0.004207718,-0.065480195,-0.017808607,0.062245965,-0.03349139,-0.006660525,-0.069931425,-0.034242015,-0.014616612,0.008207925,0.033957005,0.03559518,0.020847272,-0.007791199,-0.029281326,0.055364057,0.05470251,0.011314204,-0.049266923,-0.06530115,-0.06326112,-0.00087349914
0.07951835,0.038942005,0.020489842,-0.04030184,0.034161206,0.08954483,-0.021168072,0.06530748,0.09688546,0.066709846,0.038772788,0.041528422,0.068005145,0.07833922,0.07287098,0.04477915,0.024085736,0.05189006,0.028929776,-0.02913357,0.009376866,0.052530844,0.033491634,0.061020438,0.047334883,-0.0022686657,0.059988525,-0.011093862,0.033125773,0.025658788,0.0307028,0.050867703,0.020886078
-0.06951259,-0.03680143,0.0003723843,-0.008029928,-0.062093973,-0.009678932,0.049934544,-0.066222735,-0.00581012,-0.025235714,0.007844068,-0.045006294,-0.025443304,-0.03626644,-0.05480475,-0.05175201,-0.071399905,-0.016615134,-0.039777063,0.013710491,0.018608037,-0.033074513,-0.06310642,-0.022724412,-0.025162695,-0.01298037,0.03601877,-0.052185263,-0.04008492,0.011088043,-0.012291743,-0.050511334,-0.029042989
-0.030890055,-0.027657425,0.039555456,-0.083033815,-0.024391912,-0.045435082,-0.01728077,-0.03984187,-0.03710667,-0.0761788,0.0043893266,0.024264669,-0.05862077,-0.008897942,-0.043620635,0.034540374,-0.05322539,0.045971964,0.01899896,0.03375453,-0.057962388,0.016300905,0.047178086,0.080440566,0.07766712,0.06528809,0.047243383,0.070564695,0.022013765,0.06376002,-0.003911854,-0.06200178,0.034093414
0.04932193,0.061470125,0.027266674,0.0140895415,0.054255754,0.026854362,0.055353194,0.062617876,0.03132576,0.026643034,0.06378464,0.050529778,0.015457236,0.05082883,0.02188198,-0.0019439334,0.06743716,0.07076892,0.05347914,0.06908174,0.05886249,0.030640768,0.044533227,0.06617495,0.027306098,0.021044564,0.06187686,0.005075788,0.059997078,0.0179883,0.0038213555,0.026139919,-0.018150268
0.03823204,0.034834012,-0.00046273624,0.06856241,0.022217488,-0.015896387,-0.0008209793,-0.021019423,-0.0058970666,-0.026170265,0.011573996,0.021144735,0.043038934,-0.012146258,0.0010743152,0.03513072,-0.023135968,-0.04702071,0.037257604,-0.019920852,-0.029339325,0.036466878,-0.014681265,-0.042105496,0.036968734,0.004856534,0.049063623,-0.028495573,0.018954933,0.045127213,-0.011821507,0.011674681,0.055011302
0.07267438,0.055312376,0.043805435,-0.058323592,-0.030079182,0.05234023,-0.014260081,0.03238194,0.06925235,0.05524677,0.0020882606,0.012177145,0.03496532,0.00924915,0.036618426,0.06557729,0.050350174,0.049827307,-0.019199252,0.045207553,0.061111473,-0.041346207,-0.020422967,0.01840541,0.0034912785,0.07962851,-0.02118574,0.014203109,-0.051751617,0.049393702,0.004774302,0.00069925934,-0.019557681
0.0021656079,-0.028610056,-0.042024646,0.031170323,-0.040133826,-0.014982532,-0.05620999,-0.02238893,-0.033187896,-0.04359657,-0.063494936,-0.03910248,-0.025244296,-0.0331874,-0.036085755,-0.055858962,-0.067911014,-0.017545665,-2.5428437e-05,-0.031595595,0.006573443,0.006470239,-0.029793711,-0.06435648,-0.0058795214,-0.056746125,-0.061847568,-0.04577148,0.0009775725,-0.03447843,-0.05288775,-0.020269591,-0.050988216
0.056524467,0.04112001,0.04135805,0.065238364,0.0015160075,0.016693268,0.05961325,-0.06642258,-0.009894517,0.03488179,0.0063148895,0.036206823,0.032577593,0.047219206,-0.017866591,-0.010020871,0.023321567,-0.023565045,-0.042827368,-0.048297927,0.034497034,-0.014121432,-0.04310004,-0.061116215,0.050404,0.025412332,0.01762358,-0.046077706,0.024623206,0.03151627,0.023274366,0.01685912,-0.029495526
-0.037541132,0.005654006,-0.016952505,-0.05614151,-0.06649301,0.0030180274,0.013228561,-0.07238341,0.0062906374,-0.003834699,-0.001719886,-0.0013469926,0.018937452,-0.017650919,-0.043620832,0.03273026,-0.00837335,-0.0014542032,0.04185087,-0.061829656,0.056062117,-0.062229086,-0.026204292,0.017762214,0.0131044425,0.053851433,0.017441018,0.021107078,0.008485219,-0.044244587,-0.025137398,-0.0651386,0.05588864
0.06916106,-0.0068472293,0.00882871,-0.030958839,0.027343592,0.005704938,-0.013131599,0.038731363,0.020008415,0.0022951,-0.015936516,0.037458807,0.032696143,0.055401437,0.025193077,0.0250482,0.032728117,0.00036388953,0.031104356,0.0600008,0.056534756,-0.007115743,0.018387321,0.03888789,-0.0037232805,0.03396465,-0.0010580483,0.038117018,-0.038187727,0.016529392,0.022186356,0.012772445,-0.0017244131
-0.0636375,-0.06663344,0.026577504,-0.009349876,0.04552691,-0.017297465,0.038789842,-0.041931875,-0.0011106209,-0.07052332,-0.058079742,0.045670092,-0.07007324,-0.07829495,-0.063802324,-0.04977985,-0.018986704,-0.04865558,-0.02802478,-0.04687481,-0.056064595,-0.07666156,0.00035655612,0.016575268,-0.05592211,-0.0009946648,0.030901875,-0.070797615,0.04564874,-0.05168978,-0.03982287,-0.05385667,-0.076646075
-0.007703192,0.001809312,-0.014374838,0.07051961,-0.029353905,-0.028379146,-0.002060867,-0.05665835,-0.031104067,-0.06089074,0.020460837,-0.009947771,-0.031778615,-0.0001157808,-0.036711533,-0.0027034204,-0.06522929,0.044255994,-0.02585114,-0.021419428,-0.040302906,-0.06564155,-0.04810401,-0.035823975,0.065453246,0.025419604,0.049967457,-0.054681685,0.0049325465,0.0100804875,-0.058183067,0.038570866,-0.055397823
-0.020064535,0.053002086,0.07136263,0.04728868,-0.050949775,-0.003121553,0.0729883,0.06708831,0.044811044,-0.03350256,0.010494175,0.06237877,0.03438833,0.023558943,-0.06501392,0.051599264,0.071493804,0.0427081,0.05248513,0.012164618,-0.026843363,0.0041493196,0.04488384,0.06758806,0.07199027,-0.036943965,0.017935151,0.033496376,0.040827036,-0.042730846,-0.010753921,0.0560726,0.06597394
-0.0311824,0.045265086,-0.075041264,-0.013403779,-0.017541848,0.06805705,-0.057442885,0.016212808,0.038302284,-0.056457356,-0.055446465,-0.009729214,-0.057064835,-0.0018156054,0.00996214,0.05330884,-0.06811934,-0.043963917,-0.07143803,0.02072651,0.074040025,0.027657008,0.02013911,-0.039404914,0.050863054,-0.016509889,0.07302287,0.002525201,-0.07746903,0.048195373,0.064361274,0.032230914,-0.035896204
-0.04286669,-0.060884602,-0.0715662,-0.06613015,0.016639626,-0.08249828,-0.07854897,-0.057973262,-0.040874615,0.07674925,-0.03691355,-0.07525483,0.01938785,-0.0007187516,-0.061006855,-0.07662852,-0.034675457,-0.06340468,0.00026173066,-0.016482195,-0.061069716,-0.08315955,-0.062313627,-0.056009255,0.01683778,0.077873535,-0.058003716,-0.072227515,-0.07588661,0.06021725,0.08278271,-0.0778193,0.014245175
0.023691112,-0.055034295,0.021749107,0.022276575,0.06813359,-0.017524954,0.011566558,0.03674434,-0.050921824,0.020048145,0.013293666,0.0786363,-0.041284095,-0.025203113,0.0013795863,0.027760291,-0.051878482,-0.0052759596,-0.045614276,0.06277504,-0.028368918,-0.05874959,0.043692786,-0.034045476,0.039445,0.080687575,0.041083973,0.07565461,0.050628472,0.06848971,0.022696655,0.02302563,0.012789824
-0.07444837,0.031155236,-0.034567725,-0.014843099,-0.03649929,-0.031890664,-0.06058306,-0.03736997,-0.00016329625,0.013609392,-0.03414069,0.082028,0.038300138,-0.048766464,-0.029132018,-0.08376675,0.00011577516,0.008408368,-0.0097629465,-0.018637486,-0.045129556,-0.036216967,-0.052176382,-0.056197535,-0.049887802,0.0248746,0.05769545,0.05381265,-0.029923297,0.017384818,-0.014501654,0.05979544,0.034956038
0.04161884,-0.071141995,-0.0010998028,-0.045800112,-0.015559392,-0.014997042,-0.072893545,-0.015203175,-0.006020756,0.043872233,-0.027523853,-0.017651064,-0.010833243,-0.032520473,-0.014491224,-0.02987722,0.04955863,-0.0278963,-0.06638983,-0.07821051,0.042093687,-0.053263016,-0.062017933,0.024242463,0.05251725,0.06942308,-0.072280176,0.009121502,-0.06830144,-0.014793477,-0.006495796,0.04725488,0.011701241
-0.030844608,-0.059549462,-0.039929423,-0.014327297,-0.005736452,-0.03620805,-0.03563045,-0.0008237462,-0.018952733,0.029360404,-0.010032994,-0.024424128,-0.0021597557,0.011981414,-0.051944192,-0.05679324,-0.017100612,-0.0042464454,-0.012418886,-0.029168734,-0.029929597,0.025560025,-0.025069462,-0.047390606,-0.036244594,0.007941514,-0.060128737,0.023899486,-0.013835455,0.0037473545,0.019364253,-0.05779043,-0.022744112
0.045817945,0.08272812,0.07005228,0.067153014,0.033802364,0.034266096,0.056805495,0.07633094,0.06520314,0.045982104,0.052602142,0.07573823,0.040350843,0.070654266,0.05430368,0.069996685,-0.021747638,0.019820368,0.06734301,0.056449506,0.06475069,0.06586264,0.061515905,0.040181372,0.05985479,0.07215611,0.06332723,0.06914928,0.061621774,0.002605767,0.031808358,0.029401606,0.0412816
-0.032794457,-0.060590062,-0.020793209,0.018677747,0.068611704,0.005837432,-0.016032465,-0.051955648,0.017038364,-0.05523867,0.014208642,0.0014554154,-0.008086217,0.005669408,0.0001781488,0.025015322,0.073482975,0.028106838,0.045131907,0.05156648,0.022591522,0.041214004,-0.038118914,-0.033179775,-0.03806285,0.0074135326,-0.009668922,-0.052661654,0.033394,0.012386134,0.011705822,0.04036902,0.035652757
0.05725631,0.042149477,0.005398948,-0.014033774,0.0635042,0.012400261,0.046254452,0.062840015,0.011386046,-0.031954627,0.07017664,-0.038847435,0.039857212,0.054099247,0.04879674,0.021693623,0.051730882,0.030011823,0.03979617,0.0498224,-0.021637915,0.030538708,-0.0032429092,0.044526808,-0.024376072,0.050154682,0.05474711,0.0448597,-0.0034998537,0.036488064,-0.018944772,-0.018812064,0.058570813
-0.0023949,-0.031103311,-0.029452967,0.0531418,0.015631445,-0.0035324185,-0.03391454,-0.03506249,-0.02241649,-0.006700835,-0.0052887546,0.016327674,-0.035073966,0.0625016,0.0007794255,-0.012452931,-0.05047955,0.041036222,-0.022428865,-0.028823031,-0.045447707,0.042174414,-0.0011531842,-0.025770258,-0.0024816545,-0.03766984,-0.0062208017,0.02221982,0.008766211,-0.038736407,-0.006036327,0.02834929,2.2088585e-05
-0.023251284,0.00020058015,-0.010118849,-0.038266893,0.051255636,0.092384115,-0.0042660553,-0.041702215,-0.022826063,-0.019026749,0.01199214,-0.048572913,-0.058712382,0.017268585,-0.06665449,0.0050566066,-0.017093953,0.061717402,0.06249995,-0.042195648,-0.032545574,-0.061366197,-0.026286362,-0.028830733,-0.042746503,0.004804419,-0.06994991,0.0052883285,0.04648592,-0.06666235,-0.00057412754,0.018692175,0.03696565
-0.037107248,-0.07744796,-0.04320309,-0.032423977,0.011731701,-0.027549319,0.04803673,-0.014842317,-0.03219469,0.035708703,-0.011192962,-0.04040099,-0.03308572,0.048369482,-0.017658455,-0.022918329,0.031865336,-0.017388893,-0.020027665,0.019248588,-0.055840943,0.053798713,-0.067013554,-0.042913616,0.033783004,0.013104211,-0.009910684,-0.0012333081,0.011874285,-0.031559497,0.029156776,0.054029062,-0.039830662
0.08698503,0.0766804,0.055582672,0.033753205,0.06833239,0.091303915,0.067644544,0.07613064,0.09152902,0.05530372,0.07132297,-0.04080351,0.07777531,0.04776861,0.07185637,0.064619295,0.07396594,0.010558736,0.06564202,0.068181284,0.06814249,0.067027956,0.07833934,0.047409035,0.07378961,-0.009057672,0.06302,0.07350341,0.035975568,0.03746049,0.066846296,0.021199914,0.027365044
0.07122919,0.080178395,0.076183364,0.08755818,0.07031503,0.08564217,0.07245045,0.07027572,0.082245305,0.06662536,0.071155235,0.06844604,0.071099035,0.06790326,0.011131976,0.061378513,0.0753611,0.0704564,0.074859686,0.076561734,0.07812117,0.07963622,0.078824244,0.05329917,0.067240275,0.08088544,0.059703734,0.046295315,0.06721704,0.07354744,0.07467125,0.073345214,0.07690446
0.07946797,0.017819967,0.0738113,0.061764225,0.046699483,0.054929867,0.06304554,0.04518645,0.06615219,0.06045301,0.04653932,0.073248856,0.06866242,0.05941646,0.0072449585,0.04774717,0.008317446,0.047731977,0.06441708,0.04610689,0.045383215,0.07114641,0.03634946,0.023253163,0.040876914,0.07723218,0.008190403,0.062269468,0.04312262,0.063836664,0.07424565,0.06902432,0.011795011
0.01997365,-0.02442298,0.005653655,0.05645984,0.04350565,0.02234979,0.04630112,0.026686873,0.025687184,-0.027682066,-0.0035151776,0.008639371,-0.013286254,0.03498689,0.051037308,0.032477904,-0.049058802,-0.027070686,-0.04640009,-0.0626633,0.045892492,0.05104113,0.05180986,0.0020282723,0.012922364,0.019006759,0.034387175,0.024417713,-0.037126254,-0.04357385,-0.014886359,0.0028348684,0.016173154
0.0016042216,0.05975433,0.03873628,0.011921092,0.036225174,0.043763645,0.009046556,0.019973706,0.031355597,0.026218658,-0.0031342271,0.025245924,0.025710082,0.011033757,0.024768353,0.034808055,0.04214744,0.059363667,0.04855419,0.04868335,0.046600148,0.028609525,0.0047718342,0.06474624,0.0031124013,0.05274172,0.049206324,0.005748086,0.032986578,0.0173563,0.028137743,0.02831211,0.07106575
0.07385441,0.033199072,0.058912065,0.07965373,0.070241824,0.05169585,0.054488845,0.062480967,0.044369563,0.05298105,0.069902316,0.06522215,0.065721616,0.062811136,0.059428163,0.053316757,0.06868302,0.06436202,0.040179916,0.0659044,0.04259216,0.045389038,0.07285865,0.046914898,0.05240415,0.011901774,0.076462425,0.066271804,0.050301775,0.05485862,0.046844758,0.06861209,0.07930385
-0.029243438,-0.0105245495,-0.058031388,0.025737585,0.016764557,-0.026699046,-0.052557215,0.0019313564,-0.0074663623,-0.076520704,-0.055983726,-6.128827e-05,0.002041866,0.009550976,-0.035713222,-0.03400281,0.061650213,-0.07066979,-0.06282104,-0.06906527,-0.033631857,-0.012749365,-0.04028365,0.022938551,0.03447535,-0.011364316,0.070066705,0.037187915,-0.07624156,0.04402742,-0.06932678,-0.0352812,-0.063440315
0.025629405,0.006577299,0.011036492,-0.05571051,-0.00012274689,-0.009865106,-0.021080237,0.017095337,-0.0071885274,0.05262151,0.034547605,-0.03664514,0.037666246,0.003793054,0.041360244,0.026979348,0.031140834,0.04155455,0.0018245428,0.03139132,0.0080397455,-0.0073285666,0.04050353,0.046269365,0.031786084,0.005648997,0.018165931,0.005601574,0.0033322996,0.02472995,0.027976234,0.0067992136,0.020235054
-0.013368041,0.035855863,0.024956888,-0.02803224,-0.07450772,-0.011352138,-0.033718903,0.02523656,-0.0188604,-0.053173233,-0.016016912,-0.007713611,0.055938236,-0.04627242,-0.0012919382,0.0062723877,-0.007428084,0.01881716,0.071285896,0.04198415,-0.0599726,-0.040066693,-0.06289541,-0.03685824,-0.03940287,0.00074485276,0.051283915,-0.069176294,-0.017007558,-0.04770914,-0.07987437,0.07042765,0.039639365
-0.06460378,0.08749957,0.013590709,0.018224958,-0.04300382,-0.026604004,-0.018441321,0.030176952,-0.015196737,-0.009686232,-0.023008127,0.0028636374,-0.067101814,0.007137541,-0.04279246,-0.06358559,-0.0057685906,0.006481834,0.008800947,-0.019419905,-0.011787849,0.0072079725,-0.016189912,-0.020676227,0.066341616,-0.053037275,0.04893858,0.06981944,0.040666647,0.017719373,-0.052333046,0.07557537,-0.024038825
-0.0039695986,-0.0507237,-0.058556348,-0.03264631,-0.0027853718,-0.050427243,-0.010794308,-0.056309525,-0.050623905,-0.036688637,-0.032854095,-0.025626395,-0.031094337,-0.04536035,-0.06892877,-0.057336222,-0.03113858,-0.056003164,-0.06062726,-0.049108602,-0.04978878,-0.036650125,-0.06259125,-0.0588654,-0.03465489,-0.016080406,-0.038495634,-0.04010445,-0.058731124,-0.019434191,-0.03927369,-0.026486551,-0.031684473
0.048202112,0.065982446,0.025159562,0.051630605,0.06150884,0.06817603,0.06835074,0.031823467,0.043140132,0.058239236,0.07007793,0.021321615,0.06614709,0.059666704,0.06893785,0.034927007,0.05199167,0.06480512,0.06448119,0.0604373,0.04377362,0.07538401,-0.0034623656,0.058774576,0.057839356,0.0511208,0.050666213,0.039730273,0.05765405,0.056383956,0.032952227,0.05317,0.0634733
-0.03516128,-0.043812666,-0.002260532,-0.059745744,0.003135959,0.0015095839,-0.04669469,0.03499124,-0.022461597,-0.053375784,-0.016710462,0.03303193,-0.055060502,-0.013541659,-0.07348188,-0.056275785,0.034156058,0.040520824,0.024193801,0.04258704,-0.009676207,-0.020447759,-0.045129556,-0.057197023,0.0062632924,0.01517609,-0.010367278,0.024799105,-0.020424468,-0.051209237,-0.019668771,0.025207069,-0.00028271487
0.050241493,-0.027225198,0.008286601,0.05203886,0.030007845,-0.00684395,0.033248633,0.022298241,0.028331991,0.026986094,0.078187756,0.04231494,0.055865195,0.0014684286,-0.012278255,0.030379027,0.03372596,0.05706754,-0.0067508207,0.045239255,-0.02378084,-0.042515416,0.037541803,-0.034798134,0.00215409,0.06030833,-0.046608415,-0.025415331,0.026991758,0.059115782,0.061665457,0.06021539,0.028787073
0.032674693,0.03873417,0.037117362,0.076488875,0.06579006,-0.007238954,0.07085939,0.07489201,0.02383196,0.06372888,0.06708703,0.0334197,0.07003496,0.06837706,0.025194658,0.06529485,0.041630134,0.082605325,0.063114956,0.07011636,0.06620612,-0.02970418,-0.03642798,0.07499849,-0.012950146,0.0707842,0.022752006,-0.03161567,0.06456421,0.0777297,0.027057212,0.07946318,0.033432424
-0.005655213,0.01013416,0.0019451964,-0.07017139,0.04949301,-0.009776101,-0.07016421,0.047275037,0.025775932,-0.05807587,0.06347365,-0.016257314,0.068570055,-0.008026075,0.041409362,-0.0050825146,0.0134919025,-0.019675087,-0.015138556,0.065368615,0.026868876,-0.057993937,-0.025840918,0.062088206,-0.030116376,-0.02754189,-0.0019994588,0.006139624,-0.04893274,0.0045572855,-0.035985604,-0.060167342,-0.023383355
-0.02477803,-0.047183868,0.07747027,0.008136723,-0.020328041,0.01021253,-0.032444425,-0.029633645,-0.031223994,0.063931294,0.027880527,0.035174165,-0.031659868,0.077282056,0.012149952,-0.07277461,0.004304192,-0.05511931,0.042888876,0.06358591,0.054889515,0.029021919,0.02549845,0.040583335,0.07138871,0.031919718,0.064144835,0.07349681,-0.03642297,0.04844297,0.04024067,0.06930468,-0.043994553
-0.018126417,-0.015849918,-0.0388871,0.01770184,-0.042717908,0.009972556,-0.00638462,-0.051703118,0.044067483,0.069512025,-0.06317258,0.023017162,-0.028824698,-0.07118824,0.021788351,-0.078664005,-0.015714692,-0.059968006,0.022786986,-0.04616586,0.030428104,0.03287243,-0.047194023,-0.040651843,0.03155629,0.012824844,0.039908186,-0.05788433,0.020418247,0.00264637,-0.032301016,0.041893113,0.06776574
0.031256825,0.08774687,-0.015062006,0.060137875,-0.0021331257,0.02184827,0.07870636,0.072318554,0.048684806,0.07153212,-0.004670398,0.07403433,-0.06437787,0.048327565,-0.036344066,0.01026327,0.071045436,-0.0795836,-0.03662466,-0.05938371,0.0689817,0.029762318,-0.059802577,0.02221982,-0.06558727,-0.03853834,0.020472888,0.052240107,0.042100083,-0.06672769,-0.03480308,-0.038950726,-0.08194399
0.07477938,0.07981176,0.004069341,0.055073507,0.03978272,0.024752473,0.030320443,0.01563708,0.015351887,0.0076350006,0.035047963,0.017193317,0.0095269345,0.063037254,0.00058628275,0.037484907,0.03642506,0.0089406995,0.04293414,0.07373259,0.06334201,0.050959077,0.043542013,0.035347085,0.04511194,0.048026204,0.020196965,0.05514863,0.079050146,0.06565285,0.04722833,0.040632717,0.06639775
-0.034072373,0.020315843,0.05468884,0.031339183,0.028352704,0.026092647,0.0066907723,0.031887367,0.049169227,-0.02495533,0.023035957,0.052017447,0.014390818,-0.02883367,0.0134012895,0.022319363,0.052188043,0.021171045,0.028987175,0.0018868508,0.019690672,0.035923842,-0.011165989,0.044326045,-0.0022338587,-0.033446226,0.018719181,-0.005353444,0.04639167,-0.0073636197,0.01457656,0.06258626,0.028519806
-0.057744414,-0.041505277,-0.02684597,-0.011664824,-0.059884977,-0.041798815,-0.03114789,-0.060546473,-0.054087162,-0.058306843,-0.029010737,-0.062075976,-0.029750656,-0.07011948,-0.068056494,-0.061696354,-0.023356695,-0.02852328,-0.036422826,-0.056882344,-0.006424561,-0.053022522,-0.061504815,-0.056838807,-0.067781925,-0.021108523,-0.036777712,-0.023314064,-0.03342317,-0.04496316,-0.058476146,-0.020943984,-0.0110702
-0.034182835,-0.020445673,0.052058913,-0.0037912491,-0.078772314,0.0033217527,0.014898748,-0.014765381,-0.018968984,0.04695108,0.030003192,0.049017087,0.046509247,-0.029876499,-0.017966134,-0.036139186,-0.013549283,0.060144257,0.07291353,0.024624208,-0.0663633,-0.064603984,-0.04048072,-0.021832397,0.023055917,-0.057117637,-0.018219052,-0.034112524,0.051675566,0.0366473,-0.060872458,-0.04878385,0.048389934
0.060017966,-0.071211874,0.03756809,0.004436983,-0.058511958,0.0035462766,-0.030317228,-0.016682811,0.03617562,0.005982868,0.055695716,-0.04350285,0.07280929,0.020870516,0.07474353,-0.00403435,0.008977537,-0.0006795061,-0.03831556,0.04405873,0.04565836,-0.016368093,-0.026241623,-0.030071292,-0.07032045,-0.01532589,0.04916838,-0.037958913,-0.06458974,0.05083767,-0.06041877,0.06842888,0.065478675
-0.04135936,-0.057822835,-0.011333915,-0.044968322,-0.04217968,-0.039096624,-0.032537475,-0.06456265,-0.033939853,-0.014326408,-0.06414595,-0.0642331,-0.03828405,-0.04299397,-0.057126652,-0.0680291,-0.0018750423,-0.04610824,-0.015133677,-0.037365787,-0.06730624,-0.038672246,-0.05139088,-0.076311104,-0.024541976,-0.025787007,-0.05211172,-0.06621434,-0.04858142,-0.034707278,-0.028877107,-0.04214891,-0.008557579
-0.041854594,-0.06832288,-0.07821356,-0.03782826,-0.07061199,-0.023124853,-0.039376337,-0.033753555,0.021767264,-0.058496755,-0.07882851,0.007792043,-0.060452264,-0.036160722,-0.0729691,0.0014439523,-0.07146608,-0.03126192,0.0073220143,-0.073851496,0.044537053,-0.06439864,-0.069369525,-0.044128846,-0.06515392,0.0062528932,-0.04285762,-0.028749747,-0.045267154,-0.05938098,-0.064584635,-0.041073903,-0.0742537
-0.010994887,-0.049541067,-0.07002953,-0.081904225,-0.07392997,-0.08708723,-0.07366758,-0.06725295,-0.09204709,-0.02846492,-0.06851861,-0.07583612,-0.07035961,-0.07598167,-0.074478336,-0.08228612,-0.075962886,-0.071885,-0.079846345,-0.056873057,-0.07470051,-0.06753993,-0.06694725,-0.07908263,-0.06659998,0.0059967074,-0.07405114,-0.072735146,-0.073720686,-0.059978448,-0.033191413,-0.07455774,-0.07025096
0.042865388,0.020563683,-0.028761525,-0.007871922,-0.066740334,-0.03617796,0.06264519,0.011170522,0.0141792875,0.0037349656,-0.043811403,-0.03128423,-0.037851166,0.03696707,0.04542291,0.051976915,-0.045733947,-0.02948937,-0.01970831,-0.051866375,-0.045233775,0.068220876,0.007007109,0.0046377317,-0.02234219,0.05880555,0.04238515,0.0007571152,-0.025498351,0.0444935,0.012064047,0.009984052,-0.031451166
-0.004739787,0.077006154,0.07208584,-0.015826065,0.027524794,-0.021266593,-0.0145637635,-0.022160746,-0.009743725,0.0694073,0.05821114,0.041802652,-0.05906364,0.045233857,0.040048286,-0.016513545,0.05370529,0.06693263,-0.042929083,0.038929604,-0.040168565,-0.008128893,0.03804422,-0.036035724,0.061622996,0.045941073,0.043261394,0.023725258,0.044550262,0.022301486,0.021983134,0.034946475,0.031982187
0.06498948,0.06014694,-0.032692697,0.03264883,-0.060068566,-0.02175582,0.023818951,-0.031141602,-0.09741528,-0.0525777,0.039887514,2.1060043e-05,0.05272656,-0.07860308,0.0678704,-0.0144271115,-0.06787693,0.04852295,-0.013346905,-0.031827524,-0.029360328,-0.006477639,0.076828346,-0.00021940583,0.052414384,-0.040262382,-0.009882802,0.01010963,0.044789895,0.062595375,-0.03420232,-0.07180053,0.038745947
-0.07334412,0.021328863,-0.06267094,0.059001654,0.026894225,-0.046667974,-0.0061944844,-0.048503358,-0.017066745,-0.013248521,-0.05958264,-0.043031603,-0.06452433,-0.04223427,0.009026415,-0.02003088,-0.046064466,0.0058667273,-0.0034630331,-0.03690829,-0.010345354,0.0435408,-0.060193956,0.00016457817,-0.033862833,-0.053026967,-0.03637885,-0.04298668,-0.042136468,-0.04276871,0.0061531933,0.0134767005,-0.06819262
-0.03795639,-0.021896582,0.009007394,0.019093331,0.03742428,-0.037149407,0.06677517,-0.053478546,-0.03499016,0.0065017077,-0.02726814,-0.043738537,0.0237616,0.047949966,-0.024735503,0.015312283,-0.018618498,-0.04443622,0.017974526,-0.022478344,-0.038715106,0.043179546,0.011327958,-0.027600463,-0.019449221,-0.017526053,0.046807162,-0.016792346,-0.017690783,0.021268547,0.013406321,0.038136054,-0.006248991
-0.018127555,-0.031259537,-0.004820585,-0.0545466,-0.011165347,-0.037263036,0.00065155316,-0.021669166,-0.020650977,-0.049488414,-0.032424815,-0.007738769,-0.0494507,-0.034652904,0.040711958,-0.009680877,-0.042552393,-0.056474164,-0.03592421,-0.030963821,-0.014653326,-0.011009998,-0.06913986,0.00030524147,-0.031020118,0.02721406,-0.024583872,-0.04034549,-0.037072245,-0.058733113,-0.028877657,-0.014132217,-0.011757176
-0.022833463,0.023480866,-0.022731828,-0.0037756602,-0.031739052,0.0348696,0.03290829,0.014808972,0.01233568,-0.0012527851,-0.004522125,-0.020153997,-0.05326068,0.014531734,-0.014845641,-0.012915372,0.036273025,-0.06363818,-0.027321072,0.026331102,0.02738895,0.023873935,-0.015025397,0.025786208,0.0045823543,-0.07001689,-0.008715864,0.010396919,-0.017438285,-0.015982933,-0.047965787,0.0056315935,-0.018667642
0.05707264,0.011839001,0.06463397,0.01665331,-4.089903e-05,-0.0924307,0.021679059,-0.046214074,0.09520033,0.07047162,-0.04918788,-0.00957947,-0.033214785,-0.02673775,0.07471711,0.072557345,0.026629379,-0.0042592855,0.06288492,0.030987108,0.023313712,0.040187195,0.068032615,-0.02458976,0.074708894,0.007723936,0.033407915,0.016344734,-0.04763604,0.017922748,-0.0055874162,0.06939302,0.050775412
-0.07631828,-0.07378194,-0.05273467,-0.06477241,0.0036328183,-0.06178128,-0.01955674,0.002337754,-0.047558684,-0.06969031,-0.04424689,-0.048896663,-0.05761691,-0.07303208,-0.056244876,-0.043544605,-0.032574963,-0.044037025,-0.07186546,-0.038394853,-0.05817971,-0.042693593,-0.04868299,-0.06653087,-0.04457086,-0.03726229,-0.054908905,-0.056324642,-0.05422402,-0.07041852,-0.05818427,-0.05934903,-0.05442989
0.026236925,-0.019964484,-0.009807605,0.00632926,0.061351646,0.0106920125,-0.025746427,-0.049193792,-0.0075230575,0.04998006,-0.06519436,0.02236621,-0.031450137,-0.05235164,0.07460094,0.040614754,0.012112765,0.062384818,0.073926926,-0.005376897,0.052437305,0.066609286,-0.031200215,0.061560974,-0.039237883,0.026023656,-0.017631898,-0.045926046,0.020634968,-0.057463724,0.050037332,0.020196669,0.03900885
-0.039461184,0.03912683,0.021816526,0.00048756757,0.016463926,0.018019022,-0.0151772,0.0071840743,0.0225994,-0.012338302,0.011105902,-0.021780847,0.01719482,-0.0093110865,-0.023689765,0.009451307,0.018824533,0.0033573967,0.0009453012,0.032786116,0.0027807776,0.008440979,0.04329956,-0.029581828,-0.007927753,-0.019685833,-0.048098404,-0.01662136,0.0205334,0.027785158,0.007151255,0.027390279,0.020841343
0.043835055,0.073226124,0.0445522,-0.05718294,0.05060366,-0.022248367,-0.063629724,-0.00886636,-0.014360011,0.067933194,0.033362456,0.06576483,-0.0022633437,0.009611634,0.019620094,0.010580651,0.014773405,-0.02430916,-0.032943413,0.043727696,0.055267453,-0.020854428,0.04287326,-0.00307439,0.033968423,-0.07401375,0.022029363,0.024769323,-0.055968173,0.053936187,0.032123823,0.00069691695,0.05594741
0.030437253,-0.032047253,-0.028001338,-0.011102707,-0.039031792,0.0035803425,-0.023681948,-0.0147287585,-0.048137974,-0.006094801,-0.047382098,-0.005147407,-0.029365854,-0.059013233,-0.020653883,-0.04506749,0.004091278,-0.055614952,-0.05073793,0.030308302,0.038239166,-0.03523467,-0.046166662,-0.037400123,0.024513725,0.02468244,0.011227271,-0.030321658,0.012394913,-0.023557365,-0.036416937,-0.033741027,0.026054632
0.080453865,0.070097245,-0.053574864,-0.004267487,0.04903494,-0.0043719234,0.024658354,-0.010644636,0.0072729196,0.046133313,0.016738184,0.019600226,0.009101746,0.057076838,0.02195573,-0.0040946463,0.041974574,0.017696148,-0.017613856,0.019605327,0.02488326,0.018947303,-0.020894604,-0.019814296,0.018351784,0.0047352873,-0.01786192,0.01216436,-0.011244788,-0.011311949,0.01540388,0.038809698,-0.014528303
-0.0046887905,-0.07248088,-0.0472135,-0.03774141,-0.035148945,-0.04946761,-0.04181055,0.011299978,-0.04681692,0.0068485728,-0.01644114,-0.038235188,-0.0012051009,-0.01414828,-0.044451196,-0.055658206,0.031057177,-0.024511559,0.0031498384,0.05239483,-0.022657366,-0.059090637,-0.022208221,-0.027119799,-0.0014679391,-0.007955775,-0.008074727,-0.019971205,0.005209342,-0.046931267,-0.058550723,-0.0090357745,0.013802042
-0.036146574,0.044355914,0.004404575,0.0032103858,-0.023116983,-0.03990432,-0.051471807,-0.04377728,-0.044993803,-0.075532965,0.03459562,-0.03388618,0.044862468,0.0017679504,-0.030747794,-0.018489089,-0.044299714,0.038204167,0.033603445,-0.0046805893,0.015897455,-0.0456563,-0.034280226,-0.02910826,0.06149835,0.07252415,-0.05667721,0.03507937,-0.0022863706,-0.057963077,-0.061226442,-0.012302339,-0.024058862
0.04996461,-0.07543738,-0.04761581,0.00756985,0.0757789,-0.035698496,0.0232763,0.008152803,-0.037749656,-0.018401593,-0.032169733,0.023785153,0.04307932,-0.023945522,0.06733539,0.0029834195,0.032786075,-0.049272638,-0.07997947,-0.011755262,-0.08156798,0.0070260535,0.008268988,-0.04431517,-0.06411527,0.032265466,-0.02787277,0.024807878,-0.06521603,-0.06614247,0.046725452,-0.0020635463,0.058906324
-0.00936673,0.07046116,0.07913996,0.037862204,-0.043700363,0.049161874,0.038169887,-0.016749168,0.043469712,-0.00031835985,0.047693923,0.07790813,0.004929884,0.045576423,-0.0736071,0.037441008,-0.0063740434,0.07815019,0.046818953,0.0527101,0.02330067,-0.0028814499,-0.056933973,0.004568185,0.056867696,0.08212866,0.047031116,0.04768019,0.066531844,0.025641784,0.02683324,0.044938672,0.050894212
0.060917966,0.04230942,0.07964271,0.037805185,0.05866449,0.027792607,0.03870347,0.018253932,0.062152848,0.060741656,0.014767757,0.030395407,0.06642967,0.010745035,0.05914887,0.05410145,0.06845981,0.06822059,0.03274921,0.035161838,0.013135141,0.023646114,0.054743357,0.060409706,0.045259763,0.059744738,0.019097058,0.06503083,0.01976617,0.05357032,0.036036182,0.044766627,0.038090505
-0.049293514,-0.055912063,0.061490707,-0.008455142,0.004587268,-0.0137363,-0.04275943,-0.0053553395,-0.028662173,0.060866382,-2.020094e-05,0.013919925,-0.014548312,-0.021692032,-0.030136948,-0.079232305,-0.033279225,-0.019925963,-0.053269845,0.06074386,0.019645838,0.051262144,0.046821915,-0.014478442,-0.059418425,0.07005506,-0.07685525,0.053144924,-0.0032437828,0.0128164645,0.068689436,0.006463306,-0.06652679
-0.008879339,-0.008012236,0.0317345,-0.03114753,-0.027296178,-0.03034809,-0.05795557,-0.025078587,0.0002805522,-0.04466604,-0.056617267,-0.04019822,-0.006862493,-0.000115095645,-0.05507121,-0.02466612,-0.047669813,-0.00963394,0.065908395,-0.056519102,-0.01123414,-0.021561077,0.011991151,0.02698799,-0.008875412,0.00389576,-0.012129527,-0.027618986,0.030912945,-0.063440494,-0.00915171,0.019257084,-0.02796715
-0.062467832,-0.06286268,-0.058739025,-0.044920664,-0.028886927,-0.061930154,-0.05034757,-0.03185969,-0.07051849,-0.039325967,-0.04350344,-0.03304348,-0.040326975,-0.070351124,-0.0009078418,-0.06467926,-0.04968991,-0.06610094,-0.062596075,-0.02605434,-0.056806277,-0.06471404,0.023043754,-0.05410463,-0.01041588,-0.03873117,-0.04639559,0.002463051,-0.052829545,-0.017031288,-0.056538228,-0.06061451,-0.047148377
0.03525086,0.05019047,-0.042908598,-0.023083001,0.055467874,-0.020609945,-0.0017563106,0.01998206,0.024656346,-0.007743669,-0.039951846,0.04157449,-0.048999976,0.013524529,0.060587727,-0.0097622005,-0.0022917367,0.02103406,0.050639346,0.017225266,0.043233234,0.018810378,0.038561992,0.04387766,0.07745924,-0.0072900057,0.0662599,0.052804545,-0.022973131,0.05232243,0.015271937,0.042582903,0.059078593
-0.002934029,-0.004915192,0.02098048,0.033944633,-0.05830497,-0.01798719,-0.012001925,-0.051262304,0.0031779273,0.06089256,-0.021430843,0.02588911,0.018440543,-0.021793429,0.040982258,0.05837667,-0.038900424,0.0025874227,-0.039684303,-0.060828127,-0.06670333,0.007300245,-0.033495568,-0.05496078,0.004129842,0.019480713,-0.029443132,-0.014976564,-0.04742448,-0.015991945,-0.052831206,0.0030535148,0.013580983
0.030145492,0.04543409,0.037282113,0.056212418,0.05541416,-0.010613366,0.051228162,0.06391398,0.0035225393,-0.010690816,0.04430235,0.057371978,0.037783064,0.023866935,0.03995279,0.014665545,0.04013806,0.026255064,-0.01908192,0.063394204,-0.041720662,0.03934557,0.037974715,0.009523426,0.05682864,0.06317443,0.06588122,0.041197434,-0.001462231,0.012436598,0.023283232,0.065992944,0.008610405
0.001180231,-0.031576768,0.06522441,0.009579452,0.0022560263,0.010560237,0.053801164,0.074502125,0.047098957,0.06767099,-0.010773176,0.080869295,-0.06721069,-0.0024559684,0.021192646,0.05495991,0.0073436983,0.029921053,0.08021667,0.07146386,0.009672262,0.049597092,0.070957765,0.07169436,0.07387894,-0.047624547,0.04450022,0.053659126,0.009910204,-0.0104174595,-0.06378467,0.07067078,-0.032965444
0.026744323,0.04427159,0.06249579,-0.0033712324,-0.050436743,0.06147861,0.046795122,0.05460351,0.08109282,0.050668918,0.040734775,0.06899535,0.06037985,0.018868983,0.07203704,0.028094182,0.078516796,-0.03413293,-0.008184159,0.057612445,0.06610981,0.055721097,0.03946112,0.03721903,0.06797935,-0.05301016,0.070792265,0.05395705,0.075953536,0.0028699704,0.060628254,0.071534544,0.05680576
0.03318985,-0.054695718,0.0615136,0.008739668,0.07409836,0.0056943246,0.066651896,-0.021360416,-0.02016228,0.026528316,0.053839404,-0.07932788,-0.04709426,-0.03685991,-0.016287465,-0.0007894353,0.05699854,0.03942408,-0.022043068,-0.0054449392,-0.05114491,0.071774036,-0.03762569,0.05146946,-0.026945995,0.009644067,-0.04502137,-0.074290656,-0.020317044,0.044258054,0.0801301,-0.0148783475,0.00612125
-0.07308973,-0.004307275,-0.018121602,0.05841597,-0.03503037,0.009362989,-0.002639403,0.0009272961,-0.010287656,-0.072028354,-0.037384886,0.06332281,-0.025017755,-0.04614318,-0.001957086,0.003943765,-0.049500104,-0.052664712,-0.038163166,0.021013064,-0.0663309,-0.03557002,-0.036883518,-0.011663468,-0.07512262,-0.050127305,0.079209805,-0.035482846,0.071905196,-0.0122112585,-0.045017183,0.0038222924,0.005305954
0.066636525,-0.025569372,-0.023817653,-0.047777195,0.018281015,-0.039796513,-0.0013656288,0.0063328207,-0.005972638,-0.004735994,0.011115243,-0.057054464,0.049961634,-0.043401375,0.028020093,-0.045546636,0.05554196,-0.00054106256,-0.0074220076,0.01720886,-0.04410411,-0.035247028,0.039807998,-0.01787388,0.00086948066,0.008508398,0.010466305,-0.012236452,-0.05843887,0.009781656,-0.025584424,-0.037158627,-0.011859519
-0.0016928839,0.019173289,-0.011724064,-0.024687475,0.018581718,0.05514317,0.047019444,-0.033761356,0.037065096,0.022592062,0.03555213,-0.028132781,0.029902343,0.018641993,-0.023354156,0.008725919,0.03359981,0.044406652,0.043738347,0.024695095,0.04059395,0.014452301,0.0690169,0.03043326,-0.034856305,-0.004315005,-0.024849623,0.05910273,0.056320738,-0.0427999,0.0025263068,-0.0091706095,0.01304372
0.06691359,-0.004014718,-0.025117315,0.055589702,0.017957851,-0.046193875,0.012675776,0.026674297,-0.001701813,0.03759057,0.029338641,-0.044304114,0.07196984,0.011502139,0.022630189,0.044410896,0.0043155104,-0.016902681,-0.037446145,0.0008142611,0.022027943,0.02459038,0.055466183,0.0014774826,0.0140078245,0.0437077,0.0017847966,-0.01251196,0.025162581,0.059570216,0.051846124,0.029835202,0.06268857
-0.0065494403,-0.033970427,-0.06510619,-0.019636633,0.038892534,0.013472343,-0.044091225,-0.016997557,0.0016677513,0.061554264,-0.04047685,0.008123559,0.023527047,0.016517237,-0.010947039,0.002412751,-0.036440697,-0.069459565,0.05583832,-0.003561821,0.042670194,0.028249336,-0.03334112,0.0026420152,-0.028193096,-0.059143238,-0.036098484,-0.03413424,-0.018043097,-0.05153394,0.026386045,-0.01938657,0.063314736
0.011679079,0.080956094,0.034305852,0.014277461,0.00848727,0.062953494,0.06045364,0.06412642,0.033322457,0.069779634,-0.019649327,0.06641632,0.046945848,0.05903639,-0.047066968,0.012230001,0.07417147,-0.03538199,0.068600416,0.053033315,0.03100242,0.07111272,0.06306417,0.056927983,0.027405448,-0.011680975,0.07118263,-0.0066894004,0.036961593,0.005481243,0.01659008,0.04846421,0.042768944
0.057764065,0.08123839,0.044566546,0.057037413,0.07730108,0.069204584,0.046896122,0.076407336,0.065981604,0.045934264,0.0700455,0.03801063,0.071817845,0.07737659,0.054648142,0.074320875,0.07554251,0.07999516,0.060386263,0.06264688,0.066931374,0.06512954,0.07295648,0.06761822,0.067989886,0.0752286,0.07722305,0.076576516,0.0694392,0.072260536,0.064109765,0.060564857,0.074992865
-0.022297477,-0.002234728,-0.019713521,0.04207633,-0.049883965,0.018864257,-0.051844906,-0.002090442,0.00777765,-0.01123871,0.034689635,-0.0025528446,-0.063810535,-0.004309243,-0.025248082,0.04249217,-0.027521215,0.016659413,-0.038192824,-0.057709597,0.039229,-0.041905876,-0.058176532,0.009735819,-0.012658,-0.020101072,-0.05944156,0.032566916,0.032354973,-0.018653905,-0.0057583502,0.018182332,-0.023190081
0.06577503,0.027058614,0.06126543,-0.049125336,0.06321155,-0.0018848483,-0.022443004,0.0654706,0.018477172,0.07233299,0.0726477,0.0677061,0.015866661,0.067112796,0.009468345,0.008976602,0.0411419,0.041842684,-0.0064249206,0.016551202,0.056612108,-0.04077604,0.04740535,0.057554692,0.07131362,0.061742675,0.050153773,0.063165635,0.06679628,-0.010589405,0.08229824,0.0002238191,0.0642549
-0.06887723,-0.049434822,-0.0689507,-0.06578742,-0.055162985,-0.05310925,-0.0662683,-0.062631935,-0.07218249,-0.008139125,-0.047321245,-0.07587129,0.04521406,-0.06316638,-0.037351184,-0.067309715,-0.007734828,-0.059875887,-0.072368234,-0.036043532,-0.051713254,-0.07113256,-0.03798987,-0.055151775,-0.021582427,-0.059278667,-0.053571098,-0.03942438,-0.070033036,-0.03959312,-0.051873706,-0.06332156,-0.014521941
-0.050905246,-3.1160685e-05,0.022362914,0.025244506,-0.06526682,-0.026185345,-0.02796174,0.06696347,0.0039931545,-0.03611389,-0.024349334,0.029504903,0.012524685,-0.005429249,-0.037467383,-0.020170573,-0.059545517,0.007869507,-0.02138639,-0.0015604768,-0.022419965,-0.057134517,0.0366172,-0.05407844,0.061706733,-0.08300392,0.03461447,0.0005415463,0.018201653,-0.07307651,-0.06452248,-0.040385496,-0.03615965
-0.015632799,-0.027356623,-0.012632921,-0.049333777,-0.01650826,-0.047644,-0.032575063,-0.03903287,-0.06647439,0.05904531,-0.061026365,0.03888646,-0.056773487,-0.0058248998,-0.074298024,-0.05241818,-0.051816467,-0.03132718,-0.011616116,-0.0076188855,-0.0019839013,-0.037770145,-0.016498469,-0.05424414,-0.010129961,-0.05307248,-0.04966446,-0.02156167,-0.059912056,-0.06577226,-0.053351462,-0.024209607,-0.043500055
-0.009659698,-0.018366864,-0.050887614,-0.07389696,-0.039486527,0.0024843502,0.0054246658,-0.044475656,-0.040986147,0.036007017,0.014579102,0.016691606,-0.06649471,-0.016880063,0.03037832,0.019703481,0.009046314,-0.046692893,-0.07132455,-0.025530497,-0.04708127,0.050953846,-0.043232016,0.0122196125,0.040497977,-0.018060025,0.025438525,-0.06661761,-0.07379809,-0.054026783,0.022478038,-0.05677566,-0.036378153
0.030722352,0.005395375,-0.0052878577,0.00081126153,0.022060484,0.013176956,0.03494764,0.00697784,0.012540974,0.046253923,0.060595576,-0.0026532651,-0.0112669,0.059564874,0.0069039105,0.05997983,0.016851472,0.03914696,0.032431357,0.014400309,0.043123085,0.03200727,-0.016141556,0.022931013,0.050020576,0.019435639,0.01640955,0.010670422,0.004339875,0.04211318,0.043104324,0.011661441,0.026159206
-0.036678128,-0.0606162,-0.049445495,-0.06452733,-0.079128385,0.0031607249,-0.022518992,-0.00813876,-0.048595026,0.016696876,-0.07168029,-0.011722453,-0.053296633,-0.022768784,-0.070739545,-0.05809048,-0.079134256,-0.077387445,-0.06806675,0.008107698,-0.010868165,-0.061058346,-0.06338439,-0.08007361,0.03396812,-0.05733339,-0.044228863,0.026029294,-0.074633524,-0.047882345,-0.058207173,-0.06639548,-0.05681302
0.008911068,-0.037706967,-0.03197141,-6.584806e-05,-0.06409852,-0.008533974,-0.0075797685,0.07525454,0.01055259,0.059599523,0.0078116236,0.051943365,-0.0013262924,0.03494702,0.036080327,0.041093297,-0.07155424,0.076056845,0.007424118,-0.032455713,0.012330848,0.01395917,0.06901478,0.005320931,0.05371133,0.03547902,0.021642039,-0.0035126684,0.010224853,0.012058527,-0.054389507,0.0047569764,0.022671267
-0.040284954,0.023370616,-0.026381748,-0.05529871,0.0147655755,0.005822573,-0.07706117,0.044388875,0.054646578,-0.073288135,-0.024410538,-0.011522055,-0.025255531,-0.019384507,0.0025775433,-0.073579386,-0.019680947,0.026572132,0.0008794622,-0.053724386,0.026416434,0.0071582943,-0.019147793,0.073327385,-0.016027931,0.014336746,-0.025091514,0.06561651,-0.033588145,-0.009406043,0.019100202,0.07419496,-0.027193973
-0.03742094,0.03199839,0.014330907,-0.0047208965,0.0047786343,0.063110135,-0.020326028,0.0034166193,0.01948042,-0.0033672748,-0.00565709,0.03362919,-0.03589388,-0.008759285,0.04619082,0.049682155,0.013711362,0.035610363,0.047002345,0.0067832544,0.050428268,0.009361227,0.037420258,0.056883987,0.040021945,-0.011052367,0.041354716,0.020352615,0.003878984,-0.005097426,-0.049781524,0.029055357,0.04630016
-0.039920036,-0.07760501,-0.07069868,-0.002665754,0.030487835,-0.06416248,-0.026878394,-0.02822376,-0.06043975,-0.0022325555,-0.03374376,0.02684333,-0.028955605,-0.062103163,0.04351139,-0.0157896,-0.00090990163,-0.023625659,-0.020345204,0.013188967,-0.047499843,-0.009459812,-0.012240769,-0.011610352,-0.073098555,-0.054907873,0.0155163435,-0.028616127,-0.05709812,-0.023147909,-0.035520345,0.030085491,0.0271183
-0.0015429816,-0.022477575,-0.06262986,0.014705286,-0.0055653714,0.011077163,-0.003391181,-0.028407466,0.00598265,0.050306216,-0.023024382,0.07490018,0.046238527,-0.017840855,0.03721877,0.011049432,-0.01127753,0.048919242,-0.027347019,0.05686118,0.07025254,0.03098195,-0.008150731,0.06777806,0.07580558,-0.0053158477,-0.025628708,0.026500834,-0.0020662297,0.07157414,0.019613994,0.07011655,0.044789456
0.030053757,-0.02206209,-0.045269325,-0.013725562,-0.025143659,-0.025298899,-0.04189816,-0.027978519,-0.030093934,-0.058335226,-0.049135204,-0.01142236,-0.045422792,-0.061303396,-0.04617068,-0.051559355,0.005461394,-0.040346596,-0.06222414,-0.028746897,-0.02453873,-0.06521137,-0.05688564,-0.03800324,-0.00039187868,0.041026037,-0.03600731,-0.029208492,0.013338993,-0.028294962,-0.015603125,-0.046944886,-0.034228954
0.087566786,0.08091662,0.081098884,0.038044754,0.06379729,0.092427306,0.07718665,0.07832469,0.097485214,0.07560074,0.07877682,0.051334992,0.08006334,0.08434419,0.077153385,0.088589005,0.07912674,0.08359023,0.0819356,0.078873925,0.08104427,0.075775534,0.07862983,0.08133006,0.07929256,0.083207026,0.07835106,0.07766208,0.08195604,0.07854269,0.08226726,0.07861394,0.08590985
-0.020243587,-0.039842546,-0.044414606,0.026416516,-0.072710134,-0.01136021,-0.020744577,0.012525827,-0.006506215,0.0477304,-0.041897073,-0.076391414,0.052839745,-0.0017893243,0.056981295,-0.04343995,-0.042077877,0.044391707,0.01579201,-0.066617504,0.043788105,-0.029730951,0.0054160054,0.0021556283,-0.07151022,-0.060828596,-0.048686888,-0.0758221,0.023865173,-0.054424386,-0.06681187,-0.016170146,0.07201482
0.015049504,0.037692543,0.028521046,0.029535467,0.05348245,-0.09242083,0.026874624,0.05822414,-0.00725644,0.029014844,-0.032041833,0.08080852,0.063472666,0.07903095,0.03225356,0.053058412,0.06315106,-0.021206154,-0.021999484,-0.04703457,-0.064405814,-0.03807054,0.048520282,0.06548635,0.032299746,-0.026061116,0.033323307,0.032285172,0.0016904534,-0.021941097,-0.039316125,0.028111577,0.008595078
0.0075477073,-0.029341515,-0.053030625,-0.06849995,-0.031143472,-0.050156485,-0.05313366,-0.016818972,-0.023010202,-0.008408031,-0.067235194,-0.042524446,-0.03898643,-0.0239786,-0.049967315,-0.04540385,-0.04454001,-0.06286064,-0.04650957,-0.05640923,-0.06256418,-0.03191673,-0.054881673,-0.039437927,-0.02655827,-0.062370896,-0.04145542,-0.02616561,-0.052807905,-0.040881336,-0.024620937,-0.054740243,-0.069380194
0.087509826,0.08481321,0.082097456,0.050755035,0.07789343,0.09243497,0.08007739,0.07842716,-0.097115256,0.07875436,0.080118984,0.08098211,0.08007314,0.08526604,0.07715529,0.08869662,0.079424396,0.08375233,0.08242942,0.07996971,0.080151044,0.08804217,0.080431305,0.081326984,0.07930877,0.08535584,0.081654206,0.07759217,0.08115192,0.082565516,0.081647776,0.08096724,0.08631749
-0.004575858,0.017685235,-0.039670918,-0.03201948,0.035643272,0.06820879,0.018546354,0.010815881,0.024431553,-0.047654662,0.059795972,-0.017585708,0.033830244,0.046396717,0.053163577,0.018301686,0.0003078954,0.013501674,-0.026449896,-0.00089848327,0.012359968,0.02983432,0.0039081187,0.049498588,0.026032044,0.046376888,-0.010836653,0.036275543,0.04626285,-0.015568615,0.042781368,0.034381825,0.015086398
0.015564627,0.008351495,-0.049970787,0.040900607,-0.053555407,-0.0479835,-0.001820467,0.0014945844,-0.035476178,0.00023887033,-0.015940359,-0.03246209,0.034421284,-0.06928019,0.0152553115,-0.022381943,-0.040951226,0.020801825,-0.022061288,-0.046452526,-0.010408753,-0.029616598,-0.01470514,-0.010215661,-0.019500045,-0.04711575,0.014679931,-0.05491588,0.0004702007,0.042032797,-0.037336964,-0.044516295,-0.055538643
-0.018715229,-0.01647328,-0.058484834,-0.04452587,-0.044662982,-0.04268565,-0.0005159251,-0.048605822,-0.003848834,-0.044479642,-0.05046821,-0.029356927,-0.015501327,-0.01477337,-0.037229043,-0.048159976,-0.06255989,-0.049320083,0.0109045515,-0.055048566,-0.015539058,-0.028902618,-0.039459422,-0.025748475,-0.03859796,-0.0042639794,-0.05146144,-0.05025117,-0.01327965,-0.050305985,0.015797209,-0.064108066,-0.0147109525
-0.02361473,0.053960998,0.020552346,0.0072043156,0.0131333275,0.03682259,0.033860423,0.04403033,0.030136108,-0.072946206,0.00896676,-0.06629419,-0.06666944,0.00028980256,-0.07546092,0.008270209,0.057928544,-0.06423049,-0.07281513,-0.037750527,0.013025665,0.021329172,-0.06148854,0.038635865,0.057451338,-0.014419531,-0.037379544,0.03709231,0.015930053,-0.046541326,0.013904729,0.04499245,-0.06759874
-0.06865805,0.041059386,-0.038844988,-0.054285623,-0.056686826,-0.0020179555,-0.035890326,0.06415845,-0.025901442,-0.07212004,-0.06082678,0.07139215,-0.0021407332,0.066901416,-0.0464077,-0.023575677,0.027896805,-0.07346861,-0.07698898,-0.03561584,-0.04809658,-0.07725794,0.049131244,-0.03307816,-0.04435854,0.037126858,-0.011530352,0.043800414,-0.066103086,-0.07445859,-0.061494596,0.023951847,0.051622797
0.034527324,-0.0029164471,0.0007331881,0.0121975355,0.027978607,-0.03821391,-0.0038847448,0.015952429,-0.036982,-0.0012755176,0.014689707,-0.036437303,-0.009422262,0.021989556,-0.008512754,-0.009312677,0.04293009,-0.050597105,-0.028548045,-0.004089494,0.0035670965,0.03574564,0.047620807,-0.014499286,0.015886499,0.04817714,-0.024963874,0.020604637,-0.051493753,0.0020979857,0.009812476,-0.016476257,-0.017011793
0.018440306,-0.035846446,-0.078234844,-0.035036508,-0.006209242,0.015641943,-0.017456055,-0.07070141,-0.04515497,0.029013775,0.005100743,-0.037181288,-0.049497858,0.038864084,0.07588784,-0.03846076,-0.031311445,-0.070350334,0.027999049,-0.07761864,-0.029596834,0.050021913,0.053025506,0.08029749,0.013501906,3.2208485e-05,-0.014611563,0.047819648,-0.03595125,-0.016877303,0.056627277,-0.07568743,0.011291379
0.038502056,0.05093767,-0.0060478845,0.0564419,0.016006013,0.020119084,0.04785543,0.040382385,0.03479452,0.06858043,0.068410255,0.012717812,0.07358174,0.029246558,0.0124142,0.063693784,0.06173635,0.06141614,0.073993094,0.047508206,0.071184054,0.011863955,0.08012405,0.022557884,0.02897927,0.069142744,-0.035542246,0.023245418,-0.004140231,0.08119127,0.03100393,0.04806085,0.036025126
-0.0076634544,-0.03465075,0.030408546,0.04409752,0.014831017,-0.0012310415,0.0041774553,0.031560037,0.024128705,-0.06550408,0.05706787,0.03172111,-0.041247696,0.0048896624,-0.065278605,0.07659756,-0.057264194,0.06446585,-0.009232388,-0.02097228,-0.06639344,-0.012132933,0.052936256,-0.016434163,0.039924305,-0.057609808,0.04556453,0.037640657,0.0335528,0.023148477,0.0024498054,0.05816989,0.067050815
0.033854824,-0.016836027,0.04445603,-0.048268814,-0.0044476567,-0.016242588,-0.030353969,-0.07145564,0.008703485,-0.05183449,-0.044071537,-0.032099865,-0.0425097,-0.043795533,0.0053489665,-0.03704709,0.069952525,-0.015799629,-0.03365246,-0.03598044,-0.031843256,0.010225638,-0.007971998,0.07885638,0.046597704,-0.057113763,0.041292828,-0.018084532,-0.04704807,0.028426845,0.0151363965,-0.047492675,-0.047194462
0.020513894,-0.032918975,0.0425977,0.0049483436,0.037542187,0.015836546,-0.021649642,0.020171717,0.016685547,0.057110224,-0.015803432,-0.017829493,-0.029419541,-0.010839427,-0.02743911,-0.019877968,0.05522603,0.04060138,-0.025696266,-0.062179513,-0.035457518,-0.0065243025,-0.016845884,0.030594468,-0.0137109645,0.082175694,-0.054223884,-0.032380663,0.05299485,0.033681262,0.016151905,-0.02531736,0.023682414
-0.022698887,-0.02262892,-0.050926764,0.013187711,0.059515987,-0.06822162,0.03754841,-0.0071140393,0.002285423,-0.025133723,0.067500845,0.07982967,-0.06479994,0.007394563,-0.01727833,0.055496406,0.0457652,-0.031154541,-0.037558366,-0.017476246,0.0012420197,0.04633911,0.00045913545,0.08068971,0.05803616,-0.03475214,0.06259887,0.06808943,0.044182364,0.053480033,-0.037248988,0.05707385,0.03826656
0.023149896,0.017358223,0.004887455,0.028316453,0.04778495,-0.0070160907,0.034892775,-0.053637553,-0.042602446,0.022353817,0.06127678,-0.0705136,0.039362643,-0.025236186,0.013212883,-0.008829756,0.0015822566,0.006780411,-0.027845258,0.018495202,0.0068589896,-0.036757104,-0.011857507,-0.038669553,-0.02901184,0.075141616,0.031703815,-0.055571552,0.012350966,0.061208256,-0.032087557,0.049464695,0.047002546
0.013341417,-0.051126502,0.04826539,-0.0108573185,-0.057421263,-0.03230972,-0.04884549,-0.023959909,0.005558601,-0.03390809,-0.04331822,0.032673135,-0.059942618,-0.018645195,-0.06060436,-0.01989394,0.011006317,-0.05674138,-0.0013250206,-0.006608876,0.015673775,-0.015336986,-0.0088081015,-0.0148617225,0.009149497,-0.05091684,0.031439222,-0.040032256,-0.064358845,-0.03805805,-0.061733633,-0.037428506,-0.055564284
-0.051237654,-0.026996868,-0.024694813,0.02458036,0.046141986,0.036770802,-0.020575691,-0.024466319,-0.025017206,-0.018520264,0.026147367,0.002432127,0.02154933,0.033549063,-0.032632012,-0.026906773,-0.047506474,-0.0045452276,-0.008421252,0.010489085,0.027869308,0.01830233,0.040919572,-0.023968918,-0.045265432,-0.019078149,-0.03163479,0.049689725,0.0326687,-0.031257167,-0.021527596,0.0032222227,-0.03828504
0.034471888,-0.04820446,-0.035609294,-0.03135664,0.022147348,-0.014317338,0.004025825,-0.03373346,0.013938809,0.00010864865,-0.035165593,0.04520899,-0.022880465,-0.025628833,0.004691489,0.015707778,0.0027680742,0.012316931,0.054108705,0.012803211,0.017505256,0.0025444287,-0.062211633,0.04521038,-0.059995327,-0.004985566,-0.034887586,-0.032698832,-0.027627222,0.00029913225,0.013800775,0.012972893,-0.027353173
0.08046583,0.027979245,0.063732006,0.021166336,0.013230267,0.044620406,0.035869952,0.04815257,0.022904107,0.05109498,0.06427963,0.045351047,0.06449998,0.05708211,0.07464985,0.05286569,0.048599634,0.059896354,0.052851092,0.06761056,0.06680517,0.072404385,0.06923444,0.07083443,0.0690173,0.054733634,0.07675311,0.06718401,0.042141605,0.060594667,0.009193693,-0.0068804445,0.03920048
0.024723005,0.062377173,0.040289424,0.04318688,0.020935638,0.03664079,0.058503956,0.06530968,0.052664876,0.076002546,0.06131489,0.070611395,0.06524853,-0.03606002,0.028845012,0.050276708,0.06376472,0.0738135,0.045635123,0.033109482,0.047638822,0.06458131,0.042178653,0.044230994,0.03920685,-0.010700947,-0.068301365,0.015962068,0.06403581,0.023204166,0.057754602,0.06274235,-0.0011401116
-0.05486836,0.07416143,-0.032384943,-0.04328903,0.010098154,-0.015734328,-0.06863125,0.025736546,0.02733185,-0.026013207,-0.03277012,-0.05926295,-0.07541879,-0.039032996,-0.055637598,-0.027541537,-0.032387704,0.00039183526,-0.013491322,-0.033089,0.037749715,0.0069559305,-0.041549835,-0.049129523,0.05916946,0.0330455,0.02409683,-0.059896328,0.0023450982,-0.067570224,0.011641043,-0.07127707,0.043527167
0.011758486,-0.0349803,-0.06606563,-0.061092302,-0.04873731,-0.07495977,-0.0505679,-0.024630358,-0.0577137,-0.050209668,-0.040840704,-0.056256402,-0.051439535,-0.023252845,0.015476999,-0.017981429,-0.016403569,-0.043652814,-0.03997824,-0.016980905,-0.056279875,-0.059684142,-0.060242966,0.03711907,0.0023618846,-0.051701874,-0.030689124,-0.04036652,-0.04823034,-0.029511105,-0.045402106,-0.0662466,-0.03646811
0.019171458,0.010059727,0.022890715,0.04618505,-0.010653453,0.007183865,0.059601635,0.053458538,4.9602524e-05,0.06136689,-0.042629857,0.04591856,0.052628297,0.0374739,0.03236032,0.055648945,0.027428476,0.011990867,-0.0085672885,0.051483616,0.0068167318,0.016720265,0.046178725,-0.01225439,0.053362805,0.013558134,0.0033941984,0.04918413,-0.018682567,-0.0030569823,-0.017295452,-0.038732067,0.047881413
0.08624381,0.09311396,0.08483779,0.097522505,0.07945067,0.09234522,0.08068987,0.07829,0.09723281,0.07842445,0.07997095,0.083758205,0.08003944,0.085276686,0.05603919,0.088361196,0.07834245,0.083402894,0.08231489,0.08031644,0.08234881,0.08825551,0.081430435,0.0749633,0.07907434,0.088227354,0.0814087,0.077730276,0.082435004,0.08256951,0.08341742,0.08124693,0.08589468
0.051002137,-0.012430728,-0.056083355,0.047941804,0.057502948,0.010445612,0.029329835,-0.0243499,0.0078301355,0.03776762,0.06884369,-0.024546186,0.05140359,0.013155961,0.04131388,0.006977628,0.05537659,-0.03827816,-0.0049491404,0.017221713,-0.027379235,0.070487015,0.028221754,-0.04629979,0.015179055,-0.030551609,-0.039877996,0.018112816,0.044316247,0.05132027,0.038858667,-0.009419491,0.070799954
0.04640849,0.0080355,0.00011755225,0.009482859,0.02813271,0.015542111,0.0058760997,0.016467795,-0.001190812,-0.042815458,0.032854438,0.020118708,0.0138165355,-0.008407847,-0.07097566,-0.021900862,0.047115907,0.037593935,-0.040407147,-0.029878736,0.03154064,-0.0710961,-0.006556675,0.030029643,-0.067035355,-0.051572282,-0.05156488,0.050777312,0.046210315,-0.028086873,0.06737539,0.041799907,0.068710655
0.01324463,0.0049742665,0.066438384,0.02660988,0.007992483,0.06797886,0.029036604,0.014864843,0.0767887,0.028429607,-0.0033604153,0.045297895,0.035867646,-0.009396811,0.041262016,0.053182974,0.022383172,0.030216424,0.037674285,-0.014851698,0.03184885,-0.03589762,-0.014668757,0.030776775,0.009811378,-0.004937649,0.029598836,-0.04315257,0.06259533,-0.03688165,-0.0054825908,0.041854646,0.014996323
0.06614035,0.03653595,-0.061283156,-0.072270654,-0.016251989,-0.036963403,-0.04101269,0.072359614,-0.02042464,-0.0273771,-0.06547101,-0.04704489,0.04473163,0.05644292,-0.030131398,-0.070101686,-0.043381874,0.046895,-0.05858193,0.063570924,0.014558088,0.022376671,-0.053542066,0.03195159,-0.01640519,0.0078101414,-0.06225683,0.059553724,0.02955334,-0.0567726,0.02750991,-0.038995475,-0.0032545165
-0.07196765,-0.052779246,-0.04876154,-0.056965016,-0.039145254,-0.056310173,-0.04559711,-0.059514135,-0.07532774,-0.05898562,-0.015070683,-0.06758053,-0.025240188,-0.024279106,-0.046048384,-0.06681771,-0.034226205,-0.048558097,-0.06244576,-0.016478486,-0.059090238,-0.05978728,-0.058207028,-0.05177726,-0.055832766,-0.05345095,-0.04535845,-0.057365958,-0.06515194,-0.05013461,-0.055457164,-0.070215866,-0.05958914
-0.027923303,-0.020189045,-0.001190668,0.0012359055,-0.019951358,-0.02006084,-0.023789098,-0.02155977,-0.011577756,0.011808006,-0.04629487,-0.014305115,-0.002759721,-0.019286199,0.004610018,-0.035646543,-0.042621244,-0.061031964,-0.01750222,-0.05623257,-0.019771026,-0.00036841,-0.0138434535,-0.018672198,-0.034557134,-0.05769517,0.02015342,-0.060207266,-0.054891955,-0.011325503,-0.057065286,-0.038982276,-0.07616753
0.00606718,-0.012815753,0.0092405705,0.038456853,0.051199224,0.009800689,0.031994116,0.016333366,-0.025425693,0.03154317,0.034566432,0.053718276,0.048957646,-0.00021371836,0.03463868,0.008657567,0.070843294,0.04986288,0.010317718,0.036700327,-0.0009923952,0.0019800018,0.06264541,0.020303812,0.03712291,0.013313848,0.04257973,0.027666373,0.04578857,0.024370031,-0.008746228,0.01811946,0.07144343
-0.033546753,-0.023098929,-0.024950955,-0.05360107,-0.05525171,0.091970935,-0.07750287,-0.075650595,0.039704606,0.06073683,-0.07665808,-0.07196712,-0.0110254865,-0.056291237,-0.037689146,-0.08785769,-0.07616549,0.059612744,-0.018578008,-0.06852154,-0.019742513,-0.058534596,-0.04860524,-0.07469046,-0.009111905,-0.041958693,-0.05610058,-0.07622451,-0.04589907,-0.011550146,0.061956566,-0.043491878,-0.024569904
0.015435694,0.028045949,-0.02801719,-0.0047788625,-0.06074874,-0.00089143537,0.018811233,-0.016279351,-0.0032898518,0.045679428,0.0031699557,-0.009229512,0.063285306,0.0096611325,0.0017166483,0.0038839674,0.008247929,-0.05637145,-0.032122537,-0.03427948,-0.0015869144,-0.047273595,-0.007740518,0.00044817646,0.014541259,-0.05167086,-0.014548146,0.0073823915,0.010879958,0.009449284,0.039834797,-0.035857588,0.0028179125
0.019802907,-0.0044231997,0.0014555262,0.04473181,0.04329262,0.012523508,0.011813327,-0.04762282,-0.03847459,0.029835848,-0.04852586,-0.0019312343,-0.057327203,0.011854967,-0.023744049,-0.06449819,-0.042692065,-0.02613998,-0.02266642,-0.045309067,0.027315857,-0.005207454,0.0016869159,0.011098256,-0.070217706,-0.049982805,-0.041834764,-0.043601546,0.050876807,-0.031871594,0.0118714,-0.056403626,-0.009627182
-0.03339004,-0.03785402,0.06760423,0.010655898,0.017701527,0.09055613,-0.07087476,-0.012615065,0.097136036,-0.044630557,-0.0019692993,0.079994276,-0.00905782,-0.0033087966,0.060283564,-0.015269191,-0.06681479,0.032662556,0.056542125,0.049836103,0.063954376,0.026387572,0.04731351,0.06010986,0.038115058,0.03920254,0.061593655,0.06771071,0.041707624,0.06580582,-0.06653352,0.07528002,0.0049170433
-0.06641597,-0.039941818,-0.022883104,0.012115694,-0.04399259,-0.014290617,-0.05035468,-0.059776124,-0.024836026,-0.0017043349,-0.034631178,-0.046645638,-0.024026005,0.059336647,-0.0026978187,0.01804659,-0.020004777,0.0024923193,-0.031575102,-0.01940187,-0.039920602,-0.033928264,-0.016063452,-0.017593896,-0.013517361,-0.031702697,-0.027464533,-0.018770654,-0.041509524,-0.04871171,-0.056171283,-0.012454893,-0.020991568
0.04145486,-0.027188322,0.043774303,-0.0047535775,0.0657712,-0.0050320895,0.07030171,0.0324549,-0.013434226,-0.00029080358,0.058761284,0.020365713,-0.0063734152,0.0041386867,-0.011817686,-0.0439517,0.076800585,0.03275896,0.016415486,0.061994832,0.017339874,0.083384596,-0.00404112,0.015498939,0.07382433,0.0395638,0.036731537,0.048451822,-0.0065296385,0.038080942,0.07544073,-0.010191827,-0.012115045
0.0015549234,-0.06820042,-0.0061613363,-0.023774566,-0.0034971354,-0.0491766,-0.06535125,-0.053910784,-0.027327988,-0.018188158,-0.05890811,0.0796942,-0.07078092,-0.0693136,0.0067460295,-0.036255628,-0.023803148,0.034807947,-0.030266479,-0.022252146,-0.038030703,-0.03483465,-0.07437625,-0.04743806,0.045464948,0.07499434,-0.071784444,-0.04138077,-0.0025371893,-0.040148303,-0.07504263,-0.03392772,0.05370865
-0.02802567,0.0027896194,-0.063440666,-0.04568977,-0.037624836,0.0011613634,0.0070762555,-0.025050674,0.048243877,0.0059698774,0.012103197,0.022883132,0.03469194,-0.014739917,0.036457133,0.030266142,-0.02025477,0.017765462,-0.014334243,-0.0444381,-0.034861214,-0.017104447,-0.018937267,0.061798394,0.029577345,-0.050931867,0.020353261,0.028907053,-0.040998325,-0.0013037763,0.024870858,-0.011301362,-0.0159181
-0.056684364,0.0030099875,-0.034570128,-0.046939347,0.026523966,-0.072847515,-0.026002115,-0.029513666,-0.08615871,-0.00100335,-0.024223547,-0.026286967,-0.047242876,0.01468135,-0.070765726,-0.07259522,-0.03552873,-0.017402273,-0.02784502,-0.0036829165,0.013277349,0.0027479886,-0.035098724,-0.06527778,-0.046465266,-0.019273955,-0.04028138,0.04391321,-0.064233236,0.034619007,0.010892783,-0.03568942,-0.02100848
0.004853934,0.065499395,0.054994307,0.059931457,0.07354925,0.07638142,0.062732965,0.06519764,0.08693982,-0.009139936,0.067119785,-0.027843872,0.062715754,0.04345278,0.07039997,0.0796513,0.067333885,0.04407343,0.049898423,0.068258926,-0.008626945,0.074970014,0.06504388,0.070601806,0.058065154,0.06961262,0.07713781,0.05517989,0.051830336,0.05762172,0.032450363,0.03011288,0.029477187
-0.0106170345,-0.028679201,0.025223855,0.007141963,-0.032663602,0.043798834,-0.010584162,0.01646265,0.039453834,0.025075303,-0.021090036,0.017128285,0.026530005,0.01322337,-0.025846329,0.018641075,0.006397737,0.04983535,-9.7024225e-05,-0.025192406,0.05651015,0.012900934,0.05633446,0.026060652,-0.024606204,-0.037268728,0.035635196,0.032657485,0.042840317,0.00824598,0.043292362,0.050003216,0.025815286
-0.016499285,0.005510898,-0.007689839,0.05662882,0.027344761,-0.05543871,-0.054528557,-0.03072956,-0.06515318,-0.059856582,-0.04776917,0.030686978,-0.03662824,-0.02396177,-0.061474267,-0.058360588,-0.0038541397,-0.03682993,-0.059777364,-0.058062572,-0.052720655,-0.02334454,-0.0020041198,-0.07543683,-0.045506477,-0.013621525,-0.0064689913,-0.02480066,-0.022736361,-0.01142244,-0.034467783,0.048005816,-0.073310494
0.0239885,-0.010882302,-0.01256418,0.009979198,0.020810341,-0.054561883,0.018552797,-0.012289711,0.013135084,0.04459372,-0.01961849,0.024958936,-0.03672995,-0.057479374,0.052286416,0.041712336,-0.03368727,-0.040896006,0.0345201,0.052981198,-0.011798703,0.033269018,-0.050032068,-0.004811856,-0.0005006756,-0.040046263,0.03409037,-0.057142418,-0.018702399,-0.0018570618,0.004266633,0.027833771,-0.022487478
0.018097881,0.010044791,-0.03251461,-0.006797018,-0.033684377,0.03926493,-0.020264791,-0.02553683,0.043006018,-0.023664486,-0.029025655,-0.042629838,0.025231913,0.006981115,-0.049367473,-0.008554534,-0.048385404,-0.016028102,-0.013285874,-0.028753944,0.019192565,-0.0073310947,-0.054235972,-0.02680211,-0.062199242,-0.01836219,-0.0376476,-0.04225389,-0.00071824144,-0.045371328,0.014964266,-0.019876184,-0.033670697
0.017351799,-0.016387975,0.006483961,0.007688375,0.0053739985,0.019531745,0.016550701,-0.0056273597,7.530561e-05,0.027783265,0.03310839,0.016745603,-0.0062047653,0.022203965,-0.0042191274,0.024199313,0.06416639,0.028744489,0.04375377,-0.014883621,-0.0066485503,0.013518908,0.028791385,0.05515475,0.03951735,-0.021425782,0.058079563,-0.009393081,0.02991875,-0.012953637,0.01797241,-0.010546831,-0.007353023
0.0326372,-0.004219506,-0.022855544,-0.029141527,-0.044659976,0.0007807905,0.016282337,0.06574409,0.007565934,0.035904814,0.033640724,0.022752844,0.07507926,0.036320396,-0.07361322,0.013479821,0.015451372,0.011823371,-0.05408515,-0.0010108555,0.016065292,-0.07101562,-0.0025340095,-0.060841717,0.05665084,-0.057120167,0.05774349,0.039795216,0.0019315411,0.013567678,0.019037126,0.03203221,-0.005803073
-0.0004451718,0.0148833785,0.05675009,0.037282784,-0.028204916,-0.010594444,0.027362982,0.01590861,0.007906749,0.01744955,-0.0058045965,0.03833708,-0.026778592,0.025081573,-0.06073366,0.002696785,-0.033603407,-0.009331007,0.0421102,0.026903568,0.02750989,0.040146593,0.008754451,-0.025382057,-0.06434329,0.06638408,-0.018461391,-0.013033775,0.019370833,-0.009087527,0.018964367,0.039399635,-0.013680557
-0.030373178,0.04718285,-0.037343442,0.0036642256,0.012317435,-0.028491378,0.053423032,0.034579802,-0.006965018,-0.019794758,0.011106753,-0.012973058,0.021615598,-0.020020938,-0.073895276,0.038031314,0.0074890554,-0.0399891,0.053610735,-0.039695375,-0.038409136,0.0054106074,-0.052620646,-0.06304863,-0.037616327,-0.040122233,-0.054329496,0.0043575903,0.025486773,-0.064810745,-0.01411033,-0.015557712,0.0075706523
-0.002604675,-0.06785473,0.06506213,-0.041229766,-0.06963291,-0.042325117,-0.015286385,0.009432871,-0.029408814,0.008631309,0.009820138,-0.046804953,-0.029780554,-0.004597047,-0.0005801868,-0.027764574,-0.053484045,-0.02339313,-0.032084476,-0.0726297,0.00541684,-0.006739328,0.030688932,-0.034345932,-0.0454393,0.05677063,-0.04325952,-0.020655032,-0.040901273,0.030721888,-0.007913699,-0.077155575,-0.059409734
-0.051073775,-0.051481914,-0.0059754397,-0.08501661,-0.04249042,-0.024694681,-0.06763769,-0.048726425,-0.036801297,-0.049865,-0.013550538,-0.07182934,-0.04196939,-0.06875462,0.029235346,0.0046624355,-0.016836146,0.012537481,-0.06747449,-0.059821956,-0.021417959,0.0034344406,0.030484086,0.04685651,-0.04611335,-0.0053183306,-0.0051734447,0.019904327,0.042127296,0.03407218,0.03287918,-0.027347498,0.018319163
-0.027755052,-0.019343458,-0.044487726,0.04233137,-0.019190988,-0.015962478,-0.020595564,-0.036833152,0.031481728,-0.03117409,-0.009305023,-0.015848696,0.01618423,0.06367547,0.04768292,0.030895019,-0.05957663,-0.031852543,0.038738668,-0.012394984,-0.0016767504,0.015611175,0.025825523,0.047168713,0.008962648,-0.053182967,0.047086123,0.01103359,-0.013583283,0.0009879731,-0.025185246,0.015790984,-0.041509327
0.060167164,0.066158384,0.039588742,0.030127477,-0.017983174,0.049907282,0.05253823,-0.041856084,0.06772354,-0.013037906,-0.012310701,-0.0060858536,-0.035210054,0.025246926,0.01945443,0.06692525,0.014996723,0.0010872976,0.031849805,-0.03307459,0.067715906,0.021611817,-0.05220796,0.035481118,-0.044114746,0.023118077,-0.022139966,-0.035206124,-0.029898535,0.015907692,0.007843542,-0.0019880112,0.047254093
-0.05727593,-0.053514868,-0.0074512283,-0.068621345,0.015033942,0.03666411,0.01789005,0.034522913,0.03293105,0.011301843,-0.027413867,0.026955726,0.050689332,-0.027550464,0.00045235464,-0.0050679953,0.051353935,-0.02463988,0.056026846,-0.04802664,-0.06949082,0.031374194,-0.01581351,0.061312735,-0.056147452,-0.03738485,0.03452745,0.051720485,0.054375496,-0.041963797,0.056392543,0.024086585,0.028939942
0.038113628,0.07212204,0.02242725,0.039526846,0.015852267,0.059581313,0.06935364,0.06761842,0.067270316,0.07072888,-0.02977656,0.05282681,0.04805677,-0.026903994,0.021590464,0.050672982,0.03726511,0.043183684,0.042405315,-0.0046568178,0.033745877,0.074586615,0.066824645,0.032711715,0.06191582,-0.010278413,-0.01788818,0.05862011,0.052168477,0.040133957,0.06548673,0.03790195,0.04293636
-0.008373993,0.040361285,0.04734698,0.042022694,0.07892678,-0.09243456,-0.030652726,-0.046212696,0.050214313,0.06909432,0.072794646,-0.0087242955,0.062038533,0.001380295,0.07022649,0.010106341,0.0099006975,0.038088202,0.07084069,0.041656356,-0.07541853,0.059829872,0.074918054,0.04985039,0.03480397,0.06589134,0.061534494,0.004511934,-0.04798453,0.072160035,0.044884283,0.011435259,0.080049805
0.051252294,0.051754657,0.01579357,0.05781907,0.075227216,0.0052538835,0.0512202,0.053797975,0.035072207,0.013881888,0.03763919,0.050982032,-0.0113826925,-0.016189966,-0.064357325,-0.010210386,0.05137457,0.061500307,-0.011267645,0.07339534,0.048726298,-0.07384259,0.055843815,0.022642182,0.06186856,0.034856055,0.01065847,0.023248209,0.0061269966,0.07209036,0.07953098,-0.01705499,-0.049679186
0.03265845,0.025112195,-0.011548622,-0.039460827,-0.027521824,-0.0030705011,0.040898167,0.04195741,0.029692179,-0.033906687,0.026894152,-0.053868648,0.040414784,-0.035211165,0.017621046,0.01899323,0.04660545,-0.020683672,0.039878413,0.02616301,0.015763508,-0.0428903,-0.0014644802,-0.006406097,-0.022209756,0.022005275,0.038876403,-0.050225966,-0.013731186,0.029742604,0.023103876,-0.033366267,0.04629343
0.04430675,-0.015879255,-0.0757938,0.04579831,0.04342828,0.025670683,0.077316746,-0.036605265,0.0141770085,0.028475557,0.061723012,0.013679617,0.020441446,0.05214935,0.047579456,0.051215135,0.041859593,0.020840313,0.07003995,0.05092474,0.0654039,0.06781667,0.07088903,0.0122785475,-0.029960843,-0.025746325,0.052516937,0.03337136,-0.036561687,0.072392896,0.011446939,0.032501973,0.08106537
0.06772363,0.05413398,0.057865683,0.064538985,0.046386223,0.03152999,0.06411716,0.04458658,0.03296022,0.030259416,0.043845672,0.058617104,0.015601857,0.053830788,0.07256127,0.06535301,0.061499454,0.008164055,0.032417413,0.07387921,0.04759356,0.059053328,0.015756544,0.07247627,0.06383713,0.01568893,0.071287505,0.039025337,0.06427458,0.03305413,0.021883234,0.029121019,0.010307858
0.07013519,0.073920816,0.06058422,0.074490465,0.011083164,0.07521617,0.04294297,0.0012447402,0.057333596,-0.0026024329,0.030945117,0.0019536982,-0.008989808,0.07353118,-0.01249314,0.06611381,0.038264923,0.03763264,0.008923213,0.029607655,0.045652583,0.01754497,-0.018747507,0.039019924,0.005489055,0.03978053,0.025255943,0.030320263,-0.048785523,0.027533874,0.028048445,0.024858834,0.013453299
-0.072030134,-0.0156084355,-0.029520841,0.05361408,-0.035172876,0.010469079,-0.008608121,-0.040878814,0.023795905,-0.025441822,-0.0025957779,0.005700167,-0.01747818,0.060064293,-0.049196497,-0.016038219,-0.041116647,-0.04965765,-0.01435629,-0.022970866,-0.023141619,0.0479656,0.01078021,-0.027101258,-0.032043006,-0.033994712,-0.021685624,0.038968507,0.016971856,-0.0023686537,0.01617659,0.0071915104,-0.055055354
-0.023556251,0.005078089,-0.03605632,-0.032518737,-0.052931257,0.02814556,0.00052138744,0.06169165,0.04426982,-0.004547946,0.0019844812,-0.04709553,0.009303542,0.056536164,-0.010563098,0.038993787,0.048625372,-0.020691378,0.029854925,0.023111394,-0.008965352,-0.028310826,-0.071761176,0.03724042,-0.066386044,-0.0034104649,-0.071402505,0.0057937494,-0.038779728,-0.06437298,-0.0648268,-0.016692484,-0.010652068
-0.016351292,-0.07109089,-0.07312008,0.008212018,0.030716956,-0.06830396,-0.065134466,-0.023801742,-0.04017855,-0.07138582,-0.053795557,0.016723417,0.028962675,-0.061621547,-0.009849496,-0.025578795,-0.049120605,-0.017083354,-0.07240757,-0.026522592,-0.043999616,0.009195055,-0.069696605,-0.008977762,-0.07712404,-0.058014188,-0.07808982,-0.061886616,-0.011750876,-0.07239865,-0.058240842,0.0010124899,-0.060619194
0.050058123,0.029115355,0.076675594,0.042348254,0.023749903,0.04722121,0.06018795,-0.020199712,0.05853727,0.05803699,0.0686747,-0.015419889,-0.023251366,0.00084360695,0.016756058,-0.040335882,0.037440505,0.079677306,0.059963826,0.008225896,0.021797499,0.071113236,-0.0077977935,-0.026346982,-0.059337087,0.04853253,-0.07420526,-0.04444083,0.06851679,0.07743619,0.07790538,-0.044757817,-0.008219109
-0.048551425,0.0073423814,-0.04330894,-0.04214949,0.015647596,-0.033302788,0.030865068,0.01958176,-0.03791162,-0.06689745,-0.029452482,-0.061810188,-0.0011337367,-0.055236217,-0.055426087,0.08563372,-0.043202825,-0.052483227,-0.014450547,-0.008381922,-0.047488153,-0.0176487,-0.02749624,-0.02542565,-0.06655401,-0.02573883,0.014693442,0.06689287,-0.0293194,0.0048344326,-0.041388348,-0.07461892,0.049464043
0.03398412,0.032066982,-0.007863685,0.05021716,-0.0392599,-0.0549955,-0.04745937,-0.0009872837,-0.036234677,0.02456452,-0.0560352,-0.005426042,-0.04582422,-0.03705488,-0.05195826,-0.061544407,0.0123459995,-0.029352073,0.0028445704,-0.056009527,-0.020620573,-0.070349984,-0.062490188,-0.058815733,0.009728686,0.047888193,-0.040266722,-0.059010997,8.3191066e-05,-0.017434636,-0.03704343,-0.011099875,-0.06162493
0.011657916,-0.013722272,-0.036128316,0.034208912,-0.037912183,-0.034592632,0.0023803758,-0.07612819,-0.02104186,-0.027497055,-0.07313961,-0.07361845,-0.041397702,0.0077388794,-0.028555268,-0.02894979,-0.02827396,-0.08110561,-0.026524989,-0.077102475,-0.020872002,-0.025624229,-0.05589949,-0.0065697925,-0.044677775,-0.07077907,-0.051184144,-0.0385549,-0.07670134,-0.052563604,0.030047236,-0.009682171,-0.06381418
0.07725615,0.057689786,0.055404656,0.03327095,0.07387713,0.082340635,0.060362123,0.075800404,0.09201652,0.07266138,0.0576225,0.06648483,0.062492415,0.07801563,0.069954365,0.08143225,0.07313102,0.0650002,0.055426423,0.056032915,0.074722946,0.059036113,0.063732535,0.075297974,0.06499444,0.059327483,0.060390946,0.058547877,0.0698438,0.062799215,0.073003136,0.057947304,0.06127714
0.056425042,0.05055538,0.045136087,-0.038074158,0.040294155,0.05144119,0.040516004,0.05713,0.046650264,0.038426355,0.049904153,0.0096995,0.01892577,0.07727244,0.04192736,0.04368845,0.032630764,0.017975632,0.034349523,0.043540057,-0.0025349623,0.0386467,-0.033175725,0.05532055,0.028426506,0.06890544,0.009557051,0.049188614,-0.00065155985,0.051850956,0.058395077,0.055827506,0.07603598
0.042563587,0.0065587633,-0.011173854,-0.007767282,0.048252918,0.015737012,0.03406936,0.009499656,0.031246647,0.053523336,-0.017041469,0.011614368,0.010149651,0.037110504,-0.011132193,-0.009747078,-0.06145351,0.040392455,0.07730097,-0.013250873,0.016666181,0.045899536,0.046003025,-0.021943111,0.022106554,-0.049202472,-0.008762411,0.02261321,0.037514217,-0.018807804,0.030524183,-0.055751596,0.0023581092
-0.06705773,0.029489927,0.026977763,-0.047304124,-0.03390821,0.030064123,0.032785375,0.030499583,0.025036542,-0.0016958334,-0.034380484,0.04162817,-0.0035913428,-0.015534392,-0.017827997,-0.01019716,-0.031642344,0.015752517,0.0053833765,0.056232255,0.04210616,0.051309388,-0.03293418,-0.0020136945,-0.05063325,0.004963505,-0.06789911,-0.056922186,0.019191662,-0.06226003,0.019721577,0.034171846,-0.0004261235
-0.02112253,0.069778815,0.018375391,0.051898345,-0.039800566,0.039115567,-0.046334576,0.010105754,0.0069765565,-0.052910544,0.023271026,-0.05591439,0.017812783,-0.044441584,-0.024911273,-0.008368168,0.0042895284,-0.048487354,-0.04194812,0.0076020192,0.039812066,-0.03617293,0.02259548,-0.024909656,-0.015346586,0.031291198,-0.049679436,0.009005855,0.06303212,-0.036514994,-0.003271531,-0.07006517,-0.037797462
0.027963828,0.037598662,0.07259747,0.03732938,0.020688461,0.03793778,-0.03892324,0.032460418,-0.0047412273,-0.005818103,-0.025622187,-0.049602013,0.056011654,-0.025760598,-0.05344598,-0.04999317,0.022178218,0.069872715,-0.07391217,0.042634513,0.0576403,-0.07015489,-0.010954368,-0.014665869,-0.020181144,0.048312306,-0.018138375,0.052988317,0.0015012571,0.024052203,-0.049364302,0.030994333,-0.0067463806
0.004959568,0.07533646,-0.06116676,0.06439544,0.03977679,0.085922025,0.06161512,-0.051498666,0.005540995,0.035698745,0.044779856,-0.030346662,-0.032873012,-0.031949427,-0.021357171,0.048855595,-0.02353441,-0.057402622,-0.0016469199,-0.031367525,0.019673292,0.06822895,0.009680507,-0.047479697,0.023959577,-0.04996199,0.08093284,-0.015353284,0.06255582,0.04365236,0.011623038,0.00094482215,-0.034674343
0.03063939,0.022579277,0.02559557,0.07178336,0.014538819,0.04586802,0.040426854,0.015692774,0.058345158,0.0005119658,0.039141614,-0.049111467,0.017017148,0.044368662,0.030570533,-0.008397934,-0.010787459,-0.0194452,0.056701772,0.024189273,0.041550174,0.07292767,0.01598889,0.031419404,-0.042483043,-0.03930432,0.048515152,0.04914018,0.026160069,-0.025255501,0.015129322,0.030985326,-0.02711682
0.034653485,0.060810413,0.0609409,0.04253876,0.038565245,0.023414463,0.06466238,0.07325316,0.068698816,0.06923402,0.07777204,0.041291125,0.062244933,0.021975115,0.040986292,0.011956244,-0.0015144033,0.057977512,-0.029209536,0.07318087,0.06517459,0.052378014,0.068715714,0.030371819,0.07142791,-0.010227104,0.027646307,0.07726334,0.036427103,0.08164192,0.07218433,0.03751747,0.022906622
0.086884566,0.055849202,0.07690875,0.084768325,0.0783466,0.09213353,0.077397645,0.07778973,0.09744567,0.073215134,0.07889169,0.06936212,0.07827723,0.082005344,0.07677017,0.08800066,0.0794163,0.08263764,0.080590755,0.07989687,0.079481065,0.07248957,0.07973141,0.0811027,0.07768521,0.03566977,0.07764193,0.077327676,0.08109594,0.07839654,0.081346065,0.08110086,0.08091669
0.029684382,0.01753611,0.0058159777,-0.06262431,-0.027591152,-0.06830597,-0.018871337,-0.029796615,-0.07209263,-0.077270426,0.027490757,-0.062481407,0.038863573,-0.016893746,0.06173566,-0.048413243,-0.011573322,-0.033416737,-0.024733912,0.04632237,-0.020476175,0.0094705215,-0.041651033,-0.04584074,0.06839373,-0.07444087,0.026933726,0.00830284,-0.05831731,-0.050163746,-0.08081487,-0.05739437,-0.0071210884
-0.03505443,-0.056319747,0.03701308,0.035616484,0.020850189,-0.0041411854,0.010210371,0.051474262,-0.02639802,-0.053181853,0.049195953,0.015732298,-0.014413673,0.018347325,-0.030849367,-0.0007355766,-0.048882052,0.041065585,-0.034183435,-0.0077570938,-0.011815227,0.012029648,0.04586676,-0.009624202,-0.041682206,0.037718404,0.045611497,0.024752934,0.055329602,-0.004404697,0.061443087,0.028412255,-0.07391307
0.01912956,0.035810445,0.037848067,-0.046610072,-0.023070151,0.015385515,-0.0012756317,0.043170318,-0.0033275993,0.00045649044,-0.052146565,0.01680057,-0.05599017,0.0381399,0.020109385,0.015811983,0.03581757,0.023163974,-0.057619926,0.05722698,0.048163,-0.014947365,-0.043658033,0.052702785,0.026884865,-0.03782744,0.0349275,-0.04805612,-0.02653311,-0.029755699,0.0056141694,-0.04023635,-0.0031990823
-0.06048712,-0.05400577,-0.03823509,-0.06842901,-0.04219801,-0.014413669,-0.05937132,-0.058795877,-0.042719584,-0.032649096,-0.042218167,-0.032926314,-0.06595326,-0.016985565,-0.020322222,-0.046057608,-0.041002847,-0.022953255,-0.027243575,-0.059300713,-0.043105613,-0.04814276,-0.038945008,-0.032789454,-0.050736506,-0.042215046,-0.0064057712,-0.027355777,-0.021876901,-0.04960524,-0.066029206,-0.03138664,-0.04866208
0.08156386,0.076052815,0.06820499,0.009291919,0.07378982,0.09225725,0.07789469,0.07825042,0.09744104,0.078590386,0.079167165,0.0643988,0.07991646,0.07471506,0.07709259,0.08863475,0.079098046,0.07954662,0.077220514,0.072005145,0.07589773,0.07402899,0.077160686,0.08114823,0.077722706,0.035501402,0.079365134,0.077307805,0.08049514,0.08108787,0.08291011,0.07893324,0.07169964
-0.073470175,-0.031862862,-0.00018893521,0.041601878,-0.06825364,-0.09242224,-0.016040403,0.006794567,0.011875431,-0.034780197,0.025563287,-0.024290293,-0.020683365,0.037182763,-0.0024154456,0.06828626,0.033181544,0.04672841,0.00518423,-0.009194763,-0.060546942,0.04399057,0.045501623,0.014056674,-0.038311552,-0.0768792,-0.059130073,-0.07099902,-0.012527422,-0.0590498,-0.061352648,-0.004856777,-0.034877855
-0.03305323,0.03071676,0.058437727,-0.0026201804,0.030054765,0.0042870995,0.017498724,-0.02364716,0.0153502375,0.034154087,0.006883578,0.021695618,-0.0120425755,0.029851403,-0.0021736943,-0.0022401628,-0.01034313,-0.003102346,0.049488034,0.026129024,0.017621515,0.018788833,0.002671203,0.040541396,-0.032955512,0.04917332,-0.034149054,0.018680926,0.013054165,0.025618402,0.011469584,0.035639115,0.022485076
0.048150353,0.054666135,0.011645779,0.03899502,-0.0068886243,-0.033990003,0.050725587,0.06650569,0.047121778,-0.034721773,0.03276297,-0.0066897436,-0.047839463,0.07470931,0.015906256,0.058653865,0.0054860706,-0.049688645,0.046550553,0.03005608,0.044410568,0.04813311,-0.014449638,0.021559313,0.024602177,0.015472782,0.035353206,0.022156432,0.013966893,-0.03725079,0.044363488,-0.0077559426,-0.009380166
0.0100650685,0.062091563,-0.016993435,0.023232255,0.075156994,-0.028604055,0.022555413,0.01583348,-0.015669724,-0.030389003,0.058888014,-0.07757724,0.015925413,0.08057844,0.017505428,0.027965687,0.028489575,0.020434787,0.021005604,0.07568816,0.055706836,0.042360675,0.040059023,0.06495581,0.07238958,0.079501934,0.06628976,0.056139313,0.019367054,0.06708191,-0.04443734,-0.007191057,0.019848483
0.0022013288,-0.023572527,0.024878392,-0.027540509,0.07421801,0.041276753,0.009926648,0.002467428,-0.096457295,0.007914955,-0.011930441,0.05640657,-0.011446265,0.04404651,-0.030812101,0.006995764,0.067679964,-0.0012774228,-0.013676778,-0.047940537,-0.047192447,0.034466296,-0.0127361715,-0.061008602,-0.058848232,-0.047466815,-0.034589335,-0.02770695,0.0224613,-0.06644852,0.047355358,0.063025765,-0.011022428
-0.08722101,-0.064119615,-0.075036295,-0.08368895,-0.071541704,-0.07702406,-0.07998709,-0.07841894,-0.09726858,-0.07764124,-0.07991086,-0.08228155,-0.0799873,-0.08478193,-0.077079676,-0.08860983,-0.07894693,-0.08159659,-0.077484496,-0.077186696,-0.078389265,-0.06771221,-0.061840408,-0.08087479,-0.07596526,-0.048781965,-0.056217037,-0.07711706,-0.08227243,-0.04958339,-0.060718298,-0.08069001,-0.07707886
0.055296134,-0.073669486,-0.029208845,-0.062414218,0.03066096,0.052481327,-0.02521292,0.004224299,0.016612388,-0.0032946414,0.049769666,-0.011021962,0.03469448,-0.046585392,0.035399105,0.011939915,0.028015535,0.015007083,0.041919082,0.0036359138,-0.0077253967,0.02660548,0.053247128,0.03678312,0.04249162,-0.04671595,0.043264925,0.016668746,-0.06729822,-0.012365416,-0.019929802,-0.022168016,0.07718397
0.04779611,-0.026080476,0.02634677,0.035408203,0.01595254,-0.060363464,0.021466719,0.0729609,-0.05635007,0.057049613,0.058930103,0.050932717,0.052020323,0.053744372,-0.006042897,0.016109264,-0.012190359,-0.02157321,0.017023344,0.03487306,-0.032323737,0.014666041,0.05234466,-0.0044509917,0.002563838,-0.042181913,0.05732812,-0.0502729,0.039256934,-0.01318367,0.024976926,-0.038063176,-0.0032854665
-0.041444242,-0.080779605,0.05612527,0.06641439,-0.0748701,-0.048719306,0.061692175,-0.031191789,-0.061138786,-0.034964103,-0.023524877,-0.06762414,0.034009475,-0.08023008,-0.068566814,-0.045616295,-0.073692195,0.021193221,-0.054052133,-0.06893261,-0.04179867,-0.062060945,-0.007071255,-0.028759766,0.0035653368,-0.08236528,-0.04095388,-0.04954073,-0.026352363,-0.06934036,-0.051366407,-0.054916777,0.024726635
0.04065755,-0.07411289,-0.040213507,-0.008213459,-0.006626732,-0.07733667,-0.045619067,-0.001382726,-0.05524528,0.025696486,-0.03308602,-0.04198333,-0.046393316,0.026150703,0.036621045,-0.017912092,-0.006870236,-0.0481381,-0.038018573,-0.02776104,-0.05474595,-0.035383936,-0.018228335,-0.019766804,0.008238421,-0.009585214,-0.01071132,-0.025218604,-0.04749101,-0.03872569,0.0075950753,-0.05181909,-0.034785636
-0.022848172,-0.06423299,0.007341813,0.044761207,0.016882438,-0.016273286,-0.016106619,-0.07328244,-0.026004069,0.037650608,-0.049749758,0.025013192,-0.021424077,-0.025870642,-0.06618512,-0.06650852,-0.027844546,-0.014375271,0.021967074,-0.03795346,0.0134420125,-0.05700547,-0.050277136,-0.07544297,-0.050988484,-0.014055796,-0.045530774,0.0045299097,0.0030558277,0.01942987,-0.04408861,0.023933386,-0.020332763
0.049966577,-0.023667686,-0.0010780903,0.08258574,0.044495296,0.0004317864,0.053430025,-0.056575637,-0.016152224,-0.048926067,-0.04493125,-0.033226293,0.03348448,0.04468605,0.028464057,0.0031577137,-0.027249865,-0.06873517,-0.04153144,-0.068495594,-0.08148176,-0.017012706,-0.010595381,0.00034060032,0.013525585,0.05404502,0.043818403,0.03972826,0.043759413,0.07560202,0.06839699,0.034767646,-0.006237377
0.04695684,-0.0104842475,0.05287887,0.006082001,0.011783526,0.07871213,0.066125885,-0.030688362,0.08382371,0.06901414,0.054444034,-0.014388581,0.052144162,0.076607645,0.06352575,0.07666231,-0.0022935309,-0.012763597,0.07631685,-0.07160765,0.015809568,0.064945236,0.009963417,0.07910261,0.06842625,0.02139126,0.012810475,0.04933528,0.06354306,-0.029275594,0.057954982,0.007922501,0.00361333
0.019709768,0.0059800833,0.06519725,0.05810164,0.072064735,0.07291633,0.03370948,0.024202367,0.061861962,0.0020916222,0.044110578,0.022519154,0.04676492,0.042552155,0.027176334,0.039125096,0.07370032,0.0020680642,-0.066399775,0.030150285,0.06534193,0.05773606,-0.0067631174,0.074940875,-0.015444841,0.030254703,0.00062234607,0.002106134,-0.061292555,0.070074596,0.03173118,0.0770244,0.06687971
-0.013673364,-0.009375287,0.0032143793,0.022352418,0.05858089,0.019439345,0.02357667,-0.06125993,0.018420808,-0.013558899,0.017952967,0.05574029,-0.0639054,0.031577554,-0.066105224,0.043320198,-0.019790726,-0.0151505275,0.012683837,-0.017226608,0.01696394,-0.049527258,-0.04479126,-0.013292938,0.03268195,-0.05667339,-0.03760833,-0.063496955,0.037868652,-0.04136129,0.051763017,0.049670223,-0.023649286
0.04812307,0.0207653,-0.040624402,-0.017317398,-0.027005779,-0.04699926,0.04973348,-0.034124136,-0.023769474,0.064136714,-0.035456855,-0.0034391896,0.014063645,-0.057239953,-0.0032933233,0.019682275,-0.058874108,0.005643472,0.011337326,0.00023269652,-0.050716773,-0.013391614,-0.014330392,-0.04124521,-0.036370397,-0.035631962,-0.072500385,-0.052634496,0.00068405806,0.00942429,0.04861664,-0.0127906725,-0.014056295
-0.06961794,-0.04918119,-0.07427831,-0.04031418,0.042128976,-0.039712444,-0.056106992,0.056720093,-0.022051077,-0.07679447,-0.022713788,0.06115801,-0.020274853,-0.018599965,-0.025580129,-0.054937694,-0.054278772,0.01268,0.020177625,-0.07231337,-0.059769597,-0.06345001,-0.02457059,-0.04088035,0.059738595,-0.06901227,0.07578164,0.046479844,-0.042890508,-0.053530525,-0.074632116,0.06530076,0.02727959
-0.049212,-0.000286651,0.005623016,0.023769373,0.01808569,-0.03700844,-0.044391077,0.031305518,-0.03279619,-0.030458795,-0.05813535,-0.043301452,-0.009212872,-0.0451778,0.031594727,0.003237535,-0.047716387,-0.049935415,-0.024650488,0.032083765,0.025021173,-0.028884914,-0.056107856,-0.030645216,-0.058299284,-0.04032739,-0.008222338,0.013394132,-0.008665556,0.013893274,0.015204528,0.00047849645,-0.0032115073
-0.03118096,0.011715105,-0.021338314,-0.03725055,-0.023420073,-0.030702187,-0.026620261,-0.030423772,-0.037713334,-0.06448314,-0.022059618,-0.04307325,-0.038455013,-0.030492008,-0.0536961,-0.056448534,-0.020851236,-0.038660157,-0.039235942,-0.003697906,-0.041135404,0.00033047062,0.010453343,-0.038993575,0.01894186,0.046249274,-0.018191023,-0.039306045,-0.032020796,-0.01625209,-0.023203174,-0.040607046,-0.013537472
0.03574271,-0.05023956,0.069960915,0.025366679,-0.02167978,0.01554922,-0.0039842855,-0.002307354,0.031156747,0.065579996,-0.044005845,0.024602598,0.009550608,-0.01432888,0.03648926,-0.0037466346,0.026205944,0.03386834,0.075881995,0.05355956,0.019564128,-0.0353721,-0.00040199514,-0.017986871,-0.003009284,0.019322274,-0.025852133,-0.072763205,0.0090005845,0.014195908,0.0057666237,-0.040095378,0.04622186
-0.0053800563,-0.029289845,-0.02079048,-0.028037492,-0.07755254,0.017678333,-0.07748301,-0.009331221,-0.0043607973,-0.015900353,-0.0021711104,-0.027553026,-0.05320511,-0.05286211,0.039269447,-0.022401214,-0.029298764,-0.026033163,-0.075744644,-0.07900466,0.002498368,0.018029464,-0.027750555,0.030246204,-0.004870284,-0.05641718,0.061522953,0.04242122,0.03774904,-0.06313462,-0.04079032,-0.044112705,-0.056064013
0.024898661,-0.042201728,-0.022448594,-0.057627067,-0.06662948,0.0032984717,-0.055351157,-0.0041387193,0.022066772,-0.038772326,-0.0764334,0.073332705,-0.06924552,0.023540512,0.026461015,-0.0021179405,-0.070774674,-0.071877606,-0.010569872,-0.055649202,-0.013692737,-0.062114608,-0.0059068794,-0.00294072,0.055438794,0.0076161446,0.07932032,0.010199267,-0.059073284,-0.048575867,-0.081414014,-0.036108535,0.039252266
-0.0380041,-0.07597953,-0.08204075,-0.0040777065,-0.057647556,0.0029137533,-0.019791435,-0.054406896,0.045529384,0.042284213,0.045219485,0.035627767,0.035139225,0.003019093,0.03170775,0.006735692,-0.07848454,-0.054927345,-0.021481797,-0.05104092,0.052541457,-0.0043273973,-0.0673134,0.012266201,-0.05985773,-0.059895016,-0.08016708,-0.06439853,-0.07851888,-0.01015509,-0.051896676,0.016388774,-0.009225973
0.025509473,0.08394658,0.074490085,-0.03696753,0.0055777007,0.022898426,0.0034706155,0.04156284,0.038743664,0.0069338814,-0.020576557,0.040697258,0.016205292,-0.027344767,0.010090059,0.0581879,0.034757596,-0.035768397,-0.0068589114,0.063466504,0.048803825,0.006106868,0.050981313,0.030742506,0.017801046,0.008259195,-0.005653838,-0.05806115,-0.035152823,0.010221239,-0.028353995,-0.042666525,0.0043411725
0.0029124424,0.040817443,0.0693271,0.02070159,0.037863296,0.046384536,0.029319763,0.07147612,0.009098113,0.029019821,0.042279765,0.020593487,0.018214492,0.042545684,0.011205811,0.02333643,0.06728075,0.05287578,0.044619627,0.06997713,0.034427907,0.064822234,0.076298185,0.035384774,0.047078688,-0.006801068,0.06820491,0.039086923,0.049884524,0.024483023,0.038259793,0.041486144,0.054160006
0.07528961,-0.061328396,-0.04663968,-0.041188125,-0.027472543,-0.06969976,-0.010588182,-0.024884535,-0.06407748,-0.047211196,-0.03551261,0.024996223,-0.04563286,-0.04735333,0.07321726,-0.06210803,-0.060481094,-0.07363323,0.0009512064,-0.054259542,-0.060995527,-0.053263076,-0.048140842,-0.02868323,-0.050145395,-0.04940546,-0.039192118,-0.057643503,-0.053660084,-0.037278205,-0.070463575,-0.045844067,-0.027179666
0.031127753,-0.057344977,-0.0551037,-0.050744414,-0.048604473,-0.0042525725,0.014808324,0.02656904,0.005646331,-0.019365165,0.022080095,0.033698026,0.07219057,0.024787232,-0.05236884,0.057330545,0.05422868,0.014817435,0.077642545,0.019134631,0.07726195,-0.037488334,0.06677396,0.025715776,0.033674046,0.027710663,-0.012815375,-0.007985784,0.05979541,-0.01623636,-0.045653902,-0.060128044,0.06133024
0.03532437,-0.041006528,0.0436969,-0.007859278,0.007282713,-0.030594135,0.035763763,-0.03445961,-0.033265136,-0.057550736,-0.053095084,-0.02747375,0.00327018,-0.009315666,-0.025383787,-0.04404143,-0.0044583715,-0.061192825,-0.03753241,0.04975334,0.035288073,0.023672372,0.0614901,-0.016261907,-0.023075094,-0.0057163695,-0.052324153,-0.012997731,-0.074097864,0.006708023,-0.029552784,-0.04841546,-0.04868938
-0.07840524,-0.066084564,0.015340581,-0.057587743,-0.06965874,-0.018945148,-0.059236225,-0.04682826,-0.04797651,-0.07157739,-0.06785145,-0.06805817,0.036761995,-0.018064745,-0.0634681,0.01852522,-0.042137593,-0.05137488,-0.04197993,-0.069906026,-0.06599897,-0.03244116,-0.030562667,-0.020571923,-0.06518637,-0.03639436,-0.07401357,-0.062939845,-0.057104334,-0.031528294,0.040360346,-0.026236974,-0.020083789
-0.00060034497,0.017962603,0.029651195,0.077088736,0.011804733,-0.008839068,0.04744741,0.028127898,-0.0063335365,0.037426572,0.03437941,0.07292927,0.0067234905,0.04442864,0.0059904046,-0.008932157,0.053240266,0.03091707,-0.00628892,0.047203023,0.029777842,-0.00034359025,0.03456358,0.028454859,0.01021816,0.03453871,0.065145075,0.050332084,0.059677318,0.07020531,0.049185824,0.041191664,0.080521055
-0.07927837,-0.030905295,0.032043,0.037592623,0.0353519,-0.018778859,0.05134774,0.019572526,-0.0193088,-0.041544028,0.009965759,-0.033416566,-0.018824238,0.00331568,-0.06171369,-0.027839955,0.0013852313,0.027388463,-0.027551373,0.013744497,0.043902967,-0.021250518,-0.042044953,-0.009284896,-0.04759191,0.03283683,-0.004104094,-0.037756156,-0.004160578,-0.03614614,-0.002144127,-0.024929797,0.026099408
-0.04152737,0.005052193,0.04662868,0.018002544,0.033293117,0.031270206,0.031539068,-0.0036365436,0.018456241,0.023296341,-0.010501242,0.051895566,-0.0019393242,0.029886443,0.039780386,-0.015621442,-0.039716583,-0.03445037,-0.028380876,0.0056405957,-0.022389142,-0.008825686,-0.0034726846,0.010720311,-3.8762213e-05,-0.018100316,-0.024881076,0.0020886192,0.009930036,-0.006783479,0.021695863,-0.03305654,-0.03140981
-0.062602036,0.017414866,0.041064367,-0.022310736,-0.013836087,-0.0017543549,-0.047769386,0.02275068,0.0067873476,0.00037849462,-0.015196746,0.070947826,-0.062948875,-0.01653055,0.01643749,-0.020421296,-0.026013076,0.008058791,-0.049409233,-0.06987529,-0.003431811,-0.06435125,-0.06603874,0.0030852773,-0.024770433,0.0721482,-0.050077554,-0.009887232,0.0043997937,-0.0256339,-0.032079704,0.010167836,-0.06237772
-0.026788693,0.015878892,0.013011065,-0.014571254,0.06371309,-0.031937785,-0.016414268,0.056172293,-0.005459728,0.006593637,0.022145255,0.017822772,-0.044508424,0.035882093,0.045886446,-0.025100937,0.023016563,0.029962797,0.007873156,0.03393289,-0.04247365,0.048150543,0.07558865,0.004582837,0.022582265,-0.0043834676,0.061824698,0.026890596,0.012698026,0.03557622,0.032755844,-0.03643474,0.070066646
0.057590403,0.051223043,0.0076403185,-0.038764678,0.001906175,-0.017264456,0.030419119,0.06087542,0.03990082,0.03631638,0.05107896,0.03470561,0.018632166,0.04222251,-0.02184669,-0.019824775,0.041117083,0.041752744,0.07584336,0.04784794,0.048123255,-0.039637793,0.0517357,0.04167704,0.04237776,0.05057257,0.0020869097,0.05693488,-0.028468527,0.0008243669,0.006782254,0.06366224,0.029465668
-0.012566386,-0.009144937,-0.039874416,-0.02608675,-0.014475868,0.04281691,0.0056364113,-0.005322745,0.003288322,0.02725754,-0.027817598,0.0035815486,-0.0317565,-0.029492086,0.025493406,-0.02905136,0.0116456095,-0.015087707,-0.02287359,0.003953127,0.0040402426,-0.021387635,-0.015255764,-0.01304239,0.031059135,-0.010784104,-0.017913228,0.03132809,-0.013503334,0.025254542,-0.03131767,0.041472368,0.057026803
0.00037876653,-0.07085182,0.008657728,-0.04771897,-0.019082846,-0.042251382,-0.024311645,-0.006532528,-0.012832685,-0.017737592,0.050899353,0.04219274,0.011107977,0.013855824,0.058551703,0.07846325,-0.076208666,-0.03098513,-0.0461674,-0.019639697,-0.0023233292,0.0027400649,0.07513189,0.06262545,-0.029421803,-0.02696317,0.035188913,0.020880831,0.06226652,0.036889613,0.053165235,0.011593385,0.05869363
-0.052443516,0.00971721,-0.004808331,-0.072230965,-0.06953413,-0.014015108,-0.050861146,-0.00449116,-0.023466276,0.031490725,0.056827623,-0.0055095195,-0.0111458935,0.013452446,0.0068334253,-0.02453819,-0.035708424,0.07967648,-0.012191788,-0.022522254,0.0384305,-0.027893461,0.06068275,0.023315206,0.047033355,0.062895186,-0.021665428,0.05900037,-0.020174311,-0.061752513,-0.019419642,-0.060781125,0.047376167
-0.057037134,-0.034313645,0.06479643,0.040139057,-0.06643972,-0.030457934,-0.065187916,-0.06677024,-0.011025652,-0.045072094,0.011842693,-0.003465356,0.004771706,-0.07281655,-0.03801233,-0.0020624863,-0.061894424,0.06173431,-0.08012846,-0.07013943,-0.05242994,-0.019952616,0.02786746,0.032353472,-0.03414743,0.010704404,-0.0010347534,-0.055240676,-0.03454346,0.030807564,0.009610365,-0.04511467,-0.023692539
0.009484887,-0.020285754,-0.048109576,0.07008568,0.042560246,-0.092407666,0.027774682,0.020342717,0.03811528,0.007106624,0.07851082,-0.022279281,0.036807485,0.050410282,-0.034116346,-0.038952798,-0.036170598,-0.05613225,0.016023565,-0.021068713,0.017657697,-0.01931245,-0.028853389,-0.07681544,-0.073994786,-0.031363737,-0.010838565,0.060387753,-0.0061508752,0.008904512,-0.024131741,0.06761906,-0.04437375
0.010675112,0.036213864,0.005685654,-0.0014005001,0.031066881,0.033761878,0.050097562,0.02980686,-0.04306742,0.021515477,0.060417414,0.017051922,0.024716966,0.019601664,0.048716817,0.03459296,0.015795203,0.01627206,0.029702129,0.042105205,0.025717288,0.042083837,0.042916704,0.06253136,0.037082307,0.07043026,0.060068943,0.00095501385,0.013846197,0.060583357,0.04399336,0.036171623,0.054112263
-0.026603697,-0.058880724,-0.04371819,-0.07120565,-0.03917559,-0.049744006,-0.029552717,-0.053370886,-0.05902931,-0.016820898,-0.0506109,-0.010107453,0.007626644,-0.012233984,0.012253915,-0.021410156,0.026864396,-0.033922996,-0.059062183,-0.0014185145,-0.058247585,-0.047660977,-0.034021787,-0.06746996,-0.0104744695,-0.06578578,-0.039480187,-0.048440367,-0.0699511,-0.045748413,-0.059753176,-0.051742807,0.034962393
0.0033988226,0.016104164,0.0664495,-0.03388706,0.06863275,0.010121097,-0.05757207,-0.03600445,-0.0009656038,0.045603864,0.026475262,0.0385564,-0.0345327,0.0479282,-0.03990354,0.016441295,-0.00209939,0.011918429,0.017736934,-0.024767976,-0.027512463,-0.025814202,0.06348961,-0.05682494,-0.010140061,0.016297167,0.036014933,-0.04519477,0.030575141,0.0058563515,-0.029901868,0.007902559,0.015370035
-0.012402721,0.052430287,0.01957403,-0.049808852,-0.05434161,0.037361138,-0.06887676,-0.03518531,-0.00712727,-0.015295489,-0.06064862,0.030243339,-0.06635939,0.0143694915,0.061043162,-0.087217,-0.012541172,-0.037873525,-0.015093402,0.003428824,0.07326595,0.027932495,0.025827566,0.041963812,0.002820014,0.011023869,-0.041782774,0.036596257,-0.006182754,-0.0053596697,-0.033044573,0.062783964,-0.0152399205
0.07530066,0.062864974,-0.01226168,-0.05899035,0.062332578,0.05426444,0.06310989,-0.040441424,0.04182921,0.07704463,0.03928684,0.077906266,0.045531377,0.028380284,-0.0006024812,0.037685413,0.07385348,-0.024805283,0.06512701,0.069673166,0.013654518,-0.06774595,-0.001380034,0.022048019,-0.05223381,0.06303564,0.0688707,0.0708597,0.05819188,0.07313396,0.073342845,0.02618529,0.08035283
-0.03972108,-0.007305855,0.0143248765,0.01124577,0.013258094,0.0066483566,-0.041919105,-0.040911097,0.0011535411,-0.024573613,-0.005855578,-0.026760545,0.039019592,0.03682601,-0.04590734,0.013997924,0.0146562,0.035631742,0.0009580703,-0.024500495,0.013899149,0.031030273,0.039455373,-0.022786727,0.011493469,0.00947601,0.012389193,0.033648185,0.024069104,0.04643026,-0.0084686335,0.029796837,-0.015514391
0.05181923,0.052525826,0.007600455,0.021970693,0.0632241,-0.0017386777,0.043863446,0.008680265,-0.028992143,-0.066509664,0.068597056,-0.03425687,0.060825147,0.0598374,-0.008883341,0.031134134,-0.0069499146,-0.033791795,-0.030285923,0.042326372,-0.024386225,0.02735209,0.017690107,-0.019867925,0.0065677073,0.03822579,0.07516111,0.04460894,-0.0609038,-0.0048828106,-0.029143134,0.049010225,0.06431036
-0.017949233,-0.024704186,-0.04104062,-0.03356652,-0.06604849,-0.018669503,-0.016563566,-0.011392408,-0.008836977,-0.032132823,-0.02445371,-0.000229336,-0.01895565,-0.004276167,-0.020540472,-0.018605815,-0.053722635,0.027982445,-0.035706826,0.034935,0.037777826,-0.029037323,-0.043037012,-0.022022495,-0.022993729,0.032032844,0.028060751,-0.04511064,0.044478074,-0.043833107,-0.06934511,-0.033903718,-0.042180408
0.006526967,0.017806372,0.018721266,-0.038949057,-0.0014341068,-0.03655093,0.004389235,0.007366047,-0.044113442,-0.060089167,0.058997195,-0.07395543,0.06463813,-0.028306711,-0.025228154,-0.03252739,0.0128104985,-0.031115945,-0.060652778,0.0153157525,-0.02991435,0.010120829,-0.04127674,-0.05113043,0.015638854,-0.03926451,0.030756535,0.011001243,-0.06811944,0.042975385,-0.032313485,-0.021898508,0.04760752
-0.059550248,0.044423096,-0.051486664,0.027950084,0.034507323,-0.011535066,-0.01347544,0.031192457,-0.02670585,-0.010681753,0.070205584,-0.018906025,0.06533843,0.07292397,0.07483427,-0.010181882,-0.07242422,-0.047016587,0.008613082,-0.07154418,-0.033026,0.083513506,0.067274764,-0.03075665,-0.06712594,-0.06994842,0.0016456131,0.07465838,0.04074163,-0.025916208,-0.07897801,-0.008497272,0.015361209
0.06353886,0.052004963,0.018499846,0.0024451097,-0.021775283,0.017431928,0.04602491,0.010889804,-0.011042259,0.06699292,0.028021835,-0.01011415,0.028710883,-0.010791937,-0.06511004,-0.004395063,0.007001691,-0.009679478,-0.021970667,-0.017893657,-0.039996773,-0.017431796,-0.0136766415,-0.04524692,0.0477665,0.04425315,0.008975527,0.05122801,-0.05978321,0.06753016,0.06702721,0.00071497896,-0.01721835
-0.065108724,-0.026533294,-0.0076651857,0.0046417494,-0.039283685,-0.03237168,-0.04393648,-0.0061740833,-0.037079528,0.010365429,-0.018453002,0.01110191,-0.016258476,0.041132472,0.056704175,0.011676645,0.007108705,0.023656406,-0.007323272,-0.01033109,-0.012470451,-0.0050399215,-0.03230753,0.026716292,0.0037742069,0.034347016,0.005191105,-0.04158256,0.0034241155,-0.0028797484,-0.03974473,0.010597606,-0.048448544
-0.06596822,0.024920026,0.03066476,-0.03588375,-0.07086995,0.0011328324,-0.079223074,0.031461,0.0037252514,-0.028956234,0.0093193855,0.08102519,0.042435084,0.0065632644,0.037398964,0.014604349,-0.039682988,0.048141427,0.01924926,-0.00046604683,0.035879973,-0.063541345,0.021194534,0.03629687,-0.057536673,-0.07500866,-0.0817217,0.0014184887,0.027693355,-0.02045294,-0.074536175,0.069906645,0.04570987
0.04342447,0.040039062,0.029929888,0.023094982,0.049054272,0.024402617,-0.044300646,0.012391157,0.00043924942,0.03856131,-0.033957954,-0.04551469,0.0016364593,0.04764406,0.045341063,0.020103851,0.027995922,-0.009439622,-0.031368613,-0.03883747,0.030271428,0.035687037,-0.0017012057,0.008658946,0.02545194,0.054725587,0.0359395,0.026501417,-0.06404836,0.06237343,0.0010490689,-0.021962166,-0.02650926
0.04116231,0.024873583,0.020747012,0.027246479,0.045271553,0.015239357,-0.05352026,0.004128742,0.0047699595,-0.02112695,0.022284439,0.0034665852,-0.036630895,0.0534786,0.0339213,-0.06640264,-0.0073132277,0.06449506,0.05248799,-0.011749812,-0.021830436,0.0455625,-0.025975032,0.03126382,-0.01858495,0.0693297,-0.03033447,0.03805414,0.072191946,-0.026059039,0.0042519774,0.0532077,0.025434993
-0.03143916,0.02615997,0.0063046003,-0.040538765,0.01626463,0.061552417,-0.05181984,0.009682704,0.0056875455,-0.06563455,-0.04652044,-0.00761068,-0.05842967,-0.03426919,-0.07186667,-0.040931255,-0.026295274,-0.062987685,0.06519944,0.037530467,0.07234263,0.016596505,0.049556974,-0.04069646,-0.00085682963,-0.053990312,-0.066992216,0.031911418,-0.017115917,-0.032559928,0.0065739467,0.03746889,-0.008656354
-0.007281463,-0.07493788,0.03948027,0.019080803,-0.006436101,0.038342454,0.025863199,0.044651546,0.048039716,0.007812974,-0.013493269,0.03171558,-0.054176148,0.039715644,-0.051752944,-0.0170339,-0.011859651,0.041051425,0.036513582,0.019871099,0.0080821905,0.006653665,-0.03182462,0.03732719,-0.0027189555,0.010609852,-0.02958043,0.044995237,0.019679053,-0.004009925,-0.023512617,0.036119882,-0.05454823
-0.015693735,0.008336549,0.082093365,-0.02449369,0.027894517,0.05625572,0.01792569,0.07110524,0.009354815,0.012385747,0.03836459,0.020112965,-0.004337714,0.02301165,0.06081956,0.05687027,0.00018786671,-0.017924462,-0.03660007,0.04886922,-0.005918109,0.017199665,-0.022001063,0.038353976,-0.010222913,-0.053771917,-0.011277179,-0.060399514,-0.056932468,-0.05050003,0.038777433,0.0763012,-0.050526235
-0.026148526,0.034159478,0.06422944,0.017112335,-0.06178345,0.0034044243,0.0602524,-0.058236152,-0.027444547,-0.0027087613,-0.00096082216,0.039212372,-0.04917776,-0.07009642,-0.03733034,0.0013015309,0.04732684,0.022478981,0.019207336,-0.0060128756,0.013908209,-0.034120787,0.05704236,-0.07349854,0.06642183,-0.010209908,0.056796137,0.056639712,0.078405015,0.025308177,0.015856117,0.06847971,0.023438206
0.038294002,0.056729425,-0.048594348,-0.007625743,-0.01937518,-0.0043615797,0.014778536,0.04283939,0.014113269,-0.07161358,0.033770815,0.07198549,0.01091125,0.01579491,0.026403185,0.02489014,0.06571642,0.012138129,0.021599034,0.021174878,0.05512453,-0.060324103,0.0062977425,0.001469126,-0.011737889,-0.045979865,-0.006722394,-0.0034213834,0.059071273,-0.052884776,-0.081464715,0.057059564,0.04602091
0.027210226,-0.054633327,0.03743438,0.042135138,0.048019197,0.033857044,0.06541375,-0.009134926,0.010930472,0.0702717,-0.006511243,0.009270345,0.06598728,0.077139795,-0.03125228,0.020466508,0.04112925,0.054024383,0.05242303,0.028086342,-0.005636649,0.03348319,0.06808669,-0.017658696,0.06496469,0.010882691,-0.034115274,0.069537364,-0.03754277,-0.025976641,0.07099913,-0.0011629121,0.05889327
0.04119462,-0.038149178,0.0028050307,-0.026931748,-0.05520205,-2.7196558e-05,0.029084736,-0.016790243,0.014650667,0.060954537,-0.023697583,0.04557174,-0.04619531,-0.012021691,0.004591571,-0.010338516,-0.0022766327,-0.018247237,0.02723226,0.0058822045,-0.009121314,0.013609942,0.04957097,-0.0009833117,-0.0018896421,-0.03599106,0.029689033,-0.01653306,0.013306832,0.019733198,-0.05044122,0.026979178,0.01961047
-0.014363879,0.02466676,0.043454465,0.023021432,0.04748409,0.065999866,0.044131108,-0.024973327,0.027886057,-0.020018557,-0.0008665522,0.010106974,0.020742586,-0.024414072,-0.024568122,-0.01889395,0.05237433,0.06921758,0.036522124,0.0013675507,-0.025564527,-0.014776278,-0.004762309,0.060724046,0.06410234,0.026280997,0.028720811,0.052136146,-0.025027743,0.04276498,0.06456335,-0.01813939,0.041046157
-0.08355116,-0.08211293,-0.078843206,-0.0865106,-0.077637315,-0.08610294,-0.07573708,-0.0762948,-0.09467998,-0.07300131,-0.07747369,-0.07899245,-0.07858078,-0.081282556,-0.07655593,-0.08479585,-0.07750263,-0.07863917,-0.07756948,-0.07585404,-0.07820138,-0.08397322,-0.078989044,-0.07929356,-0.07666212,-0.07805353,-0.07818776,-0.07551729,-0.079115085,-0.07693694,-0.077320546,-0.07781268,-0.08072952
-0.030165462,0.051402114,-0.015947448,-0.030772677,-0.048874214,-0.04951985,0.013540384,-0.0071627214,-0.039288722,-0.06279493,0.024115272,-0.07216271,-0.004179422,-0.013392024,-0.0588674,0.005554271,0.049061,0.05641846,0.014471009,-0.023098594,-0.044638023,-0.03799202,-0.06212559,-0.07257464,0.050329275,-0.050814997,0.052284032,-0.008320703,0.029742984,0.06910821,-0.062328935,-0.06673183,-0.01327772
0.0032055685,0.018998459,0.06865152,0.07838835,0.052147627,0.04117748,0.05416939,0.028955698,0.041990694,-0.010920994,0.06649282,0.05014856,0.025101483,0.033633176,-0.033977922,0.015835246,0.0037450881,0.06651414,0.013985202,-0.057130646,-0.008508848,0.06036681,-0.04841086,-0.03586738,-0.023022749,0.03689233,0.033632107,-0.017705597,-0.0022013935,0.010963368,0.060084473,0.061970547,0.048980616
-0.07184179,-0.019341273,0.063249744,-0.04255571,-0.05356354,-0.038600978,-0.05991461,-0.034999665,-0.058398966,-0.057716966,-0.048310786,0.0015367151,-0.0022330629,-0.022540282,-0.032560427,-0.03663893,-0.050442908,-0.018485876,-0.0398009,0.010396465,-0.020523163,0.00087990396,-0.025459489,-0.009105757,0.0058647227,-0.023734959,0.008103802,0.035214208,0.013191245,-0.026859649,-0.0009412752,-0.045957737,0.052798185
-0.06229426,-0.008316947,0.002848945,0.00295862,-0.003601021,0.023615891,0.011608385,-0.055187967,0.005505415,-0.02637323,-0.016520938,-0.023326831,-0.029667491,0.021479353,0.00030059213,-0.005232209,-0.041658994,-0.0069948165,-0.01624538,0.027643606,0.033321563,0.048868682,-0.023479661,-0.018826999,-0.050060414,-0.05991204,-0.04520224,-0.022833329,-0.02290429,-0.05086882,0.0014954582,0.007332984,0.00798163
-0.05096147,0.027565755,0.040713992,-0.044656616,-0.056484345,-0.04622878,-0.027667306,-0.02280107,-0.06826857,-0.020660708,0.012835662,-0.03181199,0.017001484,-0.08145554,-0.059023485,-0.058727242,-0.06603868,-0.05904806,-0.065134495,-0.062444676,-0.06186409,-0.06080125,-0.028185906,-0.05206591,-0.01571163,-0.011859834,0.06410319,-0.05950141,-0.0030604997,0.0031956094,-0.068069726,-0.03392286,-0.012884101
-0.021215785,0.07419521,0.081306055,0.090133764,0.0493379,0.08961304,0.07439474,0.055151552,0.09397407,0.07201543,0.071112156,0.08010394,0.071731545,0.08361442,0.061061844,0.077142015,0.073521525,0.078062996,0.07843007,0.07335587,0.07602488,0.080765694,0.064963,0.07651335,0.06647585,0.058900513,0.07474019,0.071905695,0.07713849,0.07822945,0.07594259,0.07834256,0.066935875
0.05779739,0.007816895,0.026854206,-0.038429905,0.055744004,0.036496487,0.007926436,0.048199605,0.025990652,0.004140439,-0.02246515,-0.009047904,0.04018239,0.046660997,0.06673017,0.031347774,0.009763843,-0.020206409,0.0029285199,0.05732812,0.0321724,0.042337157,0.053693768,0.04126138,0.02815701,0.047246784,0.05093901,0.06066284,0.001489945,0.012923299,0.029365733,0.043742813,0.052815378
-0.004479932,0.019656256,-0.019594485,0.024000376,-0.023115078,-0.032193612,-0.025615301,0.00029981136,-0.0012314612,0.03186627,-0.022931576,0.028971476,0.013112029,-0.022433056,0.038015123,-0.035091117,-0.005046768,-0.022412114,0.0046075433,-0.041641686,0.0016048859,-0.008310931,-0.016224237,-0.012817947,-0.0069498494,-0.0042515886,0.031215489,-0.0014966616,-0.021219933,0.04090121,0.0014561667,-0.0066127516,-0.07334081
0.019968312,0.004857539,-0.051483218,-0.02690068,-0.05662547,0.035888925,-0.038025,-0.02964278,-4.019219e-05,0.0088219065,-0.0675325,0.036273178,-0.07280152,0.02170343,-0.0002444572,-0.013646173,-0.046524793,0.018010147,0.015451276,-0.06711738,-0.02196583,0.032576893,-0.03228025,-0.014977637,0.05924262,-0.043204516,-0.043867532,-0.03153921,0.030273164,-0.07535299,-0.005284666,0.022328107,-0.044455703
0.06875428,0.06485522,0.07294823,0.06388277,0.064868964,0.050022814,0.06439233,0.06937542,0.05129702,0.06320397,0.06043223,0.06982969,0.067277454,-0.029939845,0.07274761,0.049225993,0.071825765,0.075927615,0.06341476,0.06833838,0.07460518,0.0519934,0.06649548,0.048691344,0.054180946,0.06529771,0.077062905,0.038587313,0.073902,0.039217427,0.05464421,0.06814213,0.08102984
-0.0494297,0.0669744,0.010440956,-0.0051810415,0.07453088,0.06276225,0.029892368,-0.018354224,0.04283584,0.008418604,-0.017473975,0.05393601,-0.030676363,0.07957199,0.03511916,0.022735974,0.011146895,0.039368805,0.042772874,0.061861582,0.047883373,0.059235454,-0.0057917377,0.070101224,0.028735908,-0.04001959,0.012999157,0.03687272,-0.03511656,0.06421408,0.04897512,0.021093426,0.010696956
0.031024054,0.0717005,0.06629654,0.038718488,0.051197417,0.07951837,0.06230238,0.059151333,0.07807825,0.027767666,0.030860592,0.054588642,0.03094635,0.034485392,0.020990849,0.07435115,-0.023505153,0.054283164,0.05625263,0.058647834,0.078272715,0.045286532,0.059640992,0.032237183,0.01394266,0.064233325,-0.0036727777,0.06616257,0.03472731,0.06384577,0.053725384,0.052892037,0.0633607
0.02057932,-0.055234447,0.0434216,0.047392234,-0.06244134,0.014409982,0.04814891,0.03790162,-0.012644161,0.03003842,0.062152125,-0.039050095,0.062462576,0.02779349,-0.011379912,0.08305656,-0.076376244,0.036979977,-0.00042430902,0.026667207,-0.053009436,-0.0737027,-0.06136683,0.041370705,-0.029837064,-0.04427033,-0.08089397,0.0016228535,-0.06834713,-0.04958195,0.055075847,0.0036160557,-0.009635735
-0.0119050285,0.03688493,0.043986246,0.07136094,0.07440291,0.07427327,0.079193085,-0.009942276,0.06674733,-0.054352745,0.056027602,-0.08170599,-0.009900478,0.06963961,-0.006944651,0.035583872,0.05759725,-0.032020807,0.05976798,0.05298655,0.031818252,-0.031867173,-0.063178875,0.012847626,-0.05197462,-0.014340323,0.00862543,0.042992,0.005287566,-0.056671657,-0.056652002,-0.06749385,0.017254125
-0.073839605,-0.079814754,-0.051065832,-0.08054334,-0.065489255,-0.052092716,-0.06188915,0.07189741,-0.02083873,-0.0503653,-0.04364286,0.009998318,-0.033304855,0.05769543,-0.037596818,-0.054999005,0.03725255,-0.07583299,-0.02770965,-0.025353814,-0.078832045,-0.07420823,-0.023419268,0.021953203,0.00878045,-0.0116187185,0.007536448,-0.061476838,-0.06524641,-0.077795655,-0.07280575,-0.034487277,-0.0060460777
-0.06510799,-0.05054397,0.07221957,-0.0046971114,-2.156106e-05,-0.008605166,0.01591315,-0.0068424125,-0.028119596,-0.051345475,0.06122725,-0.034493487,0.04873335,-0.051735092,0.05972964,9.5639414e-05,0.010563021,0.07948105,0.0134029025,0.027195532,-0.07136506,0.044693574,-0.025245057,0.026980748,-0.017526722,-0.044664178,0.038693294,-0.06540822,0.07266727,-0.048161317,0.0046229986,0.05976487,0.048088033
-0.07363255,-0.028786289,-0.003245868,-0.03896449,-0.03424487,0.017118031,-0.04712422,-0.045125253,0.03746505,-0.043223295,0.018020982,-0.033524044,0.049639218,-0.019160753,0.014975503,-0.021194123,-0.0056818095,0.021975074,0.0067722574,-0.006242116,-0.026277643,0.022529967,-0.03660015,0.02034122,0.04070867,-0.05688812,0.016418207,-0.0171647,0.043766566,0.041358456,-0.021536054,-0.0022223827,0.018774224
-0.060350988,-0.07285734,-0.044219624,-0.010197407,-0.01100228,-0.069520414,-0.034825686,-0.025438784,-0.061675813,-0.06883611,-0.04676318,-0.042470112,-0.020673998,-0.045561455,-0.043813247,-0.058471505,-0.0028883968,-0.049352217,-0.054098137,-0.024708418,-0.044917163,-0.026319854,0.03612983,-0.06222416,-0.044620506,-0.054890558,0.009754234,-0.015190614,-0.019078247,-0.053943567,-0.06928614,-0.018831018,-0.0047829202
0.0006519798,-0.06585232,-0.023780508,-0.055127066,-0.052594706,-0.068421975,-0.025292668,-0.020019248,-0.048830673,-0.06852569,-0.025864784,-0.05563118,-0.020030065,-0.057050113,-0.06499564,-0.037427057,-0.019327085,-0.06802827,-0.05682444,-0.034211297,-0.053730376,-0.056033257,-0.03567807,-0.032933604,-0.06378498,-0.0006620712,-0.049504947,-0.043714177,-0.052797496,0.005599789,-0.020113919,-0.05808801,-0.030948758
0.05699894,0.02243396,0.047049053,0.019776313,0.041823994,0.04429114,0.015725847,-0.0024263712,0.052063078,-0.050997496,-0.051699147,0.04429939,-0.04214449,0.0034683049,0.0124148615,0.024914486,0.013985812,-0.026429672,-0.0032522357,0.05745802,0.020400628,0.02099889,-0.022640524,0.048317138,0.03210511,-0.0009369651,0.0433933,0.015022108,-0.014262861,-0.026163809,-0.025734968,0.063495494,0.051341236
-0.036364984,-0.060362827,-0.019597417,-0.058188535,-0.055722475,-0.09239821,-0.022724353,-0.034254238,0.08240581,-0.014907069,-0.018355537,-0.013157271,-0.018877884,-0.023080632,-0.017599333,0.023323324,0.04427332,-0.021703398,-0.049839593,-0.03596719,-0.061584212,-0.052059982,-0.07201572,-0.025774637,0.0046659503,-0.047817484,-0.07322336,-0.047814813,-0.06624309,-0.070162214,-0.016767208,-0.022669895,-0.07324388
0.002334489,0.019779926,0.0015277282,-0.07740194,-0.060612258,0.08673335,-0.0062005245,0.020976098,-0.097469434,-0.0005249662,-0.04087393,0.075144246,-0.01960409,0.01076049,0.01108973,0.025284901,-0.024622941,0.01893674,-0.040117893,-0.043356907,-0.019121353,-0.028698156,-0.068059504,0.07168322,-0.06638264,0.035465494,-0.019204304,0.033193763,-0.02900516,0.034331616,0.018340375,-0.05887584,-0.06430397
-0.0059211394,-0.0808877,-0.07589985,-0.054135606,-0.021886257,-0.077084556,-0.042704035,-0.027102422,-0.07762132,0.014961612,-0.042609047,-0.07912123,-0.032865252,-0.064348325,-0.050840367,-0.060627133,-0.07128694,0.019797634,-0.057775382,-0.055022035,-0.07642792,-0.06933834,-0.047204874,-0.04196124,-0.07426706,-0.055692255,-0.07329908,-0.07666545,-0.026129374,-0.061904967,0.018529397,-0.030714784,-0.0017028709
0.03437796,0.03202531,-0.023956282,0.010198383,0.046070807,0.018446408,0.035712045,0.03492881,0.0022158283,0.07629711,0.012753926,0.022144351,0.0775936,0.07929499,0.069701955,0.08874892,0.052439824,-0.00939847,0.04745202,-0.009563879,0.044558,-0.0060854326,0.0621756,-0.013156653,-0.04322097,0.037226148,-0.06229389,0.056837372,0.0031693198,0.046342984,0.021360435,-0.0025771942,0.06728251
0.02686925,0.047022924,0.080637775,0.013150108,-0.008488331,0.030152267,-0.048043847,-0.063249275,0.044517566,0.060661644,-0.060935978,-0.07902906,9.9963334e-05,-0.039219357,0.026864933,0.049327392,0.029161176,-0.005850482,0.05437855,-0.03557227,-0.07088044,-0.00832717,-0.04916819,0.020063471,0.06166378,0.08099216,0.029346896,-0.024383329,-0.058981076,-0.021682465,0.016087446,-0.04424292,-0.002146553
-0.02157843,0.004496086,-0.009336196,-0.034183316,-0.0068726502,-0.003605047,0.036534835,-0.035826877,-0.034957454,0.03834402,0.04170897,-0.011401824,-0.015861552,-0.0010417409,0.018847685,-0.0035782973,-0.0031044227,-0.0015852301,-0.050250597,0.034649525,0.04350492,-0.02985573,0.010950673,0.02842202,0.004774992,0.06349722,0.033565823,0.011101653,0.041003738,0.05403321,-0.041049566,0.016765967,0.017936487
-0.010705107,0.021157691,0.0036018037,-0.037950706,-0.016480125,0.07536728,-0.038894754,0.0498584,-0.031303134,0.032680064,0.016882353,0.036493476,0.058024563,-0.0018969463,0.050463486,0.0059174267,0.0048938408,0.038046017,0.0059905127,0.022857843,0.0022940238,0.019725548,-0.014269833,0.0666561,0.04015037,0.0117634665,0.012580992,0.002293362,0.051799346,0.050638206,0.055028573,0.030619469,0.02069586
0.0029589036,-0.025673768,-0.06311831,0.059169587,-0.0162859,-0.061673522,-0.009958993,-0.01182581,-0.04421657,-0.015274124,-0.03624484,-0.05992422,-0.058318645,0.004881997,-0.023459129,-0.052730884,-0.0036005697,-0.02724758,-0.029749593,0.029965814,-0.014293727,-0.014286677,0.029134354,-0.03871989,-0.043077894,-0.019877428,-0.06274637,0.03519201,-0.06637269,0.03864225,-0.0150807435,-0.019096512,-0.0124723585
-0.04736602,-0.022178192,-0.02081346,-0.06053669,-0.04940106,-0.058211714,-0.028726477,-0.047251068,-0.06691694,-0.0132477125,-0.025256868,-0.020679187,-0.02756684,0.03004011,-0.043500118,0.0222551,-0.05558654,0.0069737313,-0.04008017,0.016728777,-0.04926416,0.0029905518,-0.041922152,0.026085237,-0.030459797,0.014061349,-0.0011630491,-0.02994766,-0.012110056,-0.030477902,-0.008244099,-0.02715154,0.01612229
-0.032506824,-0.00959426,-0.03990527,0.012393812,-0.023526397,-0.06326431,-0.054674316,-0.046397578,-0.027605778,-0.027449312,-0.010146207,0.032974396,-0.068451166,-0.08068143,0.03542833,-0.017057521,-0.068376236,-0.015226145,-0.07229685,-0.073122725,0.012375404,-0.061858695,-0.028007727,-0.020141758,-0.03320209,-0.029509122,-0.033297177,-0.06671187,-0.0020389713,-0.064758964,-0.057665646,-0.024665162,-0.03974555
0.077102706,0.025863755,0.0211195,-0.024167838,0.042917814,-0.029748386,-0.0049308445,0.06519004,-0.0019826512,0.04914857,0.077088535,-0.040687148,0.05277342,0.034089703,-0.039070312,0.033129036,0.043949563,0.043828253,-0.026404237,0.07101228,-0.017161887,-0.012013159,0.07850774,0.020973627,0.070867665,0.02354594,0.04967693,0.07543494,0.030821292,0.07518519,0.061567236,0.025487507,0.05195624
0.03431928,-0.050622217,0.032166686,0.062165435,0.0070546167,0.01817936,0.06561715,0.049580444,0.004873571,0.05741833,0.032411996,-0.030639,0.07391239,0.07768223,-0.014579606,-0.022354085,0.0061208196,-0.013718141,0.043106437,-0.065742016,-0.047133114,0.034542896,-0.036938634,0.031488728,-0.022760063,0.025451912,-0.048470635,0.05937757,0.013054886,-0.05613704,-0.01673546,0.0059045334,-0.01299256
-0.027859028,0.015406689,-0.017388277,-0.05004897,-0.036172073,-0.008652048,-0.077810965,-0.073077574,0.014411436,0.07790001,-0.046759035,0.038282078,-0.06084706,-0.06604327,0.04639259,-0.038099527,-0.069699295,-0.039420173,-0.0516134,-0.04917217,-0.006123954,0.027505014,-0.04887545,-0.07702122,-0.063728794,0.061054666,-0.07742458,-0.019994806,-0.0039017922,0.07350897,0.081808075,-0.03731129,-0.0200289
0.05270592,-0.031836312,-0.06264095,0.03511779,-0.04126718,0.0043367785,-0.038753316,-0.006042808,-0.01921318,-0.026996437,-0.06214156,-0.042576227,-0.028719401,0.0109782545,-0.0045143254,-0.0027357782,-0.025097108,-0.017859379,-0.012916759,0.0008494701,0.017153874,-0.003904841,-0.045260385,-0.034700543,0.018994695,-0.05452688,0.00945434,0.0012678087,-0.057734497,-0.024556147,-0.035463568,-0.020407893,-0.05091729
0.01732738,0.05600943,0.0732893,-0.014271249,-0.05888545,0.017376984,-0.0207119,0.045581672,0.006678199,-0.031041885,-0.03355305,-0.03566238,0.03172599,-0.043562315,-0.001282796,-0.06460994,-0.04221249,0.037759308,-0.024988545,0.057435844,0.06907726,-0.059936184,0.0509331,0.023069885,-0.03512439,0.043925505,0.013728923,-0.051428985,0.023049852,-0.010226197,0.05664098,0.026374802,0.05939555
0.057958644,0.022721263,0.064203784,0.07149062,0.067351095,0.017281912,0.062928975,0.046781555,0.04860181,-0.018031053,0.060108658,-0.023053,0.06982704,0.030941632,-0.060464017,0.04515154,0.040324405,0.039076585,0.042289764,0.067581095,0.010439307,-0.04862978,-0.0179906,0.003859576,0.0664554,-0.015318216,0.020584079,-0.04899683,0.0019032108,0.015211538,0.058006093,0.043336775,0.071177185
-0.023877507,-0.04217558,-0.01426547,-0.048109654,-0.011146611,-0.054882485,-0.07377056,-0.022973726,-0.0797593,-0.07589785,-0.013530652,-0.080445796,-0.01408187,-0.066814415,-0.04935837,-0.026009018,0.027269619,-0.0008224796,0.021540595,0.04875619,-0.05535815,-0.054491375,0.0199424,-0.041338332,0.0036511885,-0.010123769,0.04731897,-0.07194076,-0.0017525691,-0.060229912,-0.014124422,-0.0138797425,-0.02856261
-0.007913626,-0.06143279,0.04681167,-0.0047988133,0.013431547,-0.051560003,0.026715612,0.017498186,0.097245514,-0.04547501,-0.05528076,-0.07016066,-0.030933863,0.0102445735,-0.0352265,0.02387178,-0.017811777,-0.05105826,-0.07462852,-0.03039811,-0.067213066,-0.05717909,-0.01471359,0.027388362,-0.078559585,0.048955813,-0.020705722,0.020764586,-0.005123632,-0.037890203,0.019609159,-0.013466263,-0.070662946
0.033726484,0.039445084,-0.021980958,-0.002653508,0.06259551,-0.06769209,0.050315306,0.047409017,-0.01864514,0.02276217,-0.0020658937,0.01493852,0.01867337,0.046195142,0.035182286,-0.01562389,0.008809215,-0.04189525,-0.0313151,0.017643634,-0.060650967,-0.0040694065,-0.03323641,0.030482667,-0.07422523,-0.031788997,-0.0073184124,-0.053596642,0.007257824,0.03217909,0.04249604,-0.008048115,0.047429778
-0.017694362,-0.03888247,-0.07438484,-0.05541988,-0.054181024,-5.0477192e-05,0.015591951,-0.0635973,-0.0013801149,-0.032908726,-0.03497816,-0.008227945,-0.07337704,-0.07802379,-0.04987102,-0.032949354,-0.039411917,-0.07083864,-0.073181845,-0.064544365,-0.056491207,0.0146308085,-0.07480605,-0.028143609,-0.032075346,-0.013608926,-0.051628582,-0.07385676,-0.07159848,-0.06987673,0.04372421,-0.042254187,-0.02722395
-0.026966054,-0.03445899,0.03949143,-0.026642088,-0.021040827,-0.035337765,-0.032962624,-0.05445052,0.0045746374,-0.075505756,-0.019254232,-0.07755962,0.002630997,-0.08072701,-0.07246916,-0.040278483,-0.0063350974,0.007898154,-0.05479674,-0.001305478,-0.024018949,-0.08194318,-0.010286115,-0.06666953,0.06560486,-0.0026973875,0.012348949,-0.02357718,-0.057398427,0.05169673,0.0152243925,-0.040242217,-0.07060189
-0.059118498,-0.04665291,0.0049512233,-0.00968611,0.02107677,-0.042976893,-0.053120248,-0.049791846,-0.05759259,-0.024832474,-0.03242492,-0.07956587,-0.013906122,0.034329884,-0.033774495,-0.072779626,0.015936134,-0.012354187,0.024876636,-0.020955019,-0.05253212,0.004824617,0.004527786,-0.042077057,-0.06584823,-0.081418194,-0.0687894,-0.014243128,0.026094018,0.00062522787,-0.06249715,-0.043540142,0.00031310043
0.013759833,0.00062853785,0.049526855,-0.047907308,0.018250838,0.043412097,-0.027739387,-0.0075726807,0.057026457,0.032304507,-0.012426139,0.048063118,0.052366994,-0.012164607,0.009127355,0.016336454,0.001568508,0.014204215,0.049708515,-0.025891917,0.02209299,0.018071745,0.006104623,0.05324135,-0.0043209153,-0.035929732,-0.016377395,0.025463462,0.039680943,0.01209085,0.011410998,-0.0047949413,-0.024842814
-0.04463196,0.014698095,0.028007258,0.0009460715,0.0009850656,0.057602428,-0.036830876,0.0042427736,0.019984756,0.036954958,-0.0058370964,-0.010119424,-0.008263652,-0.027752345,-0.020323642,0.022168616,0.048947092,0.028563192,0.051103067,0.0107350405,0.05890227,-0.012462489,-0.03846055,0.053287297,0.04159716,0.011223898,-0.021336695,-0.036450554,0.03367989,-0.019209627,0.04398623,0.052762862,-0.036648843
0.06347043,0.07114304,0.034308642,0.0020270266,0.017257974,0.01791503,0.04123369,0.053953297,0.03241275,0.039557952,0.05372476,0.017293023,-0.06306508,-0.023513475,0.071777575,0.025823705,0.03302033,0.012153188,0.04057133,0.039172534,0.08185665,0.0021619657,-0.0023171594,0.020160794,0.00821411,-0.042563464,-0.05046754,0.0062583378,0.040128443,-0.064793944,-0.04926601,-0.06272615,-0.024946926
-0.0114236185,-0.07168519,-0.023939764,0.013329901,-0.07626898,-0.029404188,0.06419876,-0.04761599,-0.013559136,0.006152826,-0.02729171,-0.017562352,0.026288936,0.016831134,0.055733114,-0.040885188,-0.02944725,-0.033507384,-0.05857262,-0.039131746,-0.06934659,-0.015404015,-0.070583634,0.02189021,-0.041094065,-0.017744271,-0.038587924,-0.019208271,0.0123231895,-0.033137616,-0.06515812,-0.052445285,-0.079069726
0.055756424,-9.390519e-05,0.008104852,-0.036412153,-0.0579388,-0.013965743,-0.053222604,-0.02776107,-0.013254342,0.05840988,-0.05044392,-0.03453376,0.028343506,-0.053904682,-0.06012008,-0.045529224,-0.07030745,0.041143056,0.0332544,-0.019326981,0.047374953,-0.036470145,-0.07862145,-0.06439487,0.0056215664,0.025298748,0.034385085,-0.027661894,-0.06666889,0.06955737,0.020670027,0.054500755,-0.08304432
0.02006806,0.021196162,0.03537225,-0.032526534,-0.06765998,0.017248033,0.0031363831,-0.037675597,-0.0039269617,-0.021220222,-0.032997675,0.06708653,-0.014085725,0.03304364,-0.06456379,-0.032523114,0.045901544,0.0602616,-0.047595117,-0.007926502,-0.021410827,-0.04459784,-0.054937236,-0.03242278,-0.014496693,0.019731162,-0.03171924,0.0011557275,0.00056604017,0.0052833026,-0.030303774,0.019596705,0.0056354385
0.011691832,0.016078498,-0.036203805,-0.046230167,-0.0058267456,-0.047886785,-0.037900764,-0.040701296,-0.021753496,0.07233962,0.037273064,-0.00395467,0.078241736,0.0022771196,-0.03370178,-0.0664132,-0.006880814,-0.024199352,-0.07083525,-0.04352838,-0.06808322,-0.07601061,-0.042121466,-0.061296362,0.062119488,0.034332875,0.07711891,-0.055426694,-0.07268163,0.022776628,-1.1969096e-05,-0.07905114,-0.06639146
-0.08117724,0.0090114875,-0.034449577,-0.059918452,-0.065069936,-0.035038713,-0.035641126,-0.070141755,-0.03931523,-0.053529546,-0.005987311,0.057027955,-0.045653947,0.030419545,-0.0660554,-0.05188952,-0.050545376,-0.02200453,-0.03047094,0.030653112,-0.020985603,-0.0098410165,-0.046052095,-0.03972174,-0.04614881,0.029716121,-0.037886,-0.04828173,-0.002743239,-0.026659368,-0.03064617,-0.002127102,-0.052268025
0.03881009,0.005367003,0.031306677,0.037428,0.038381528,0.0018004336,0.057458814,0.069287874,0.021501232,0.0019524263,0.049274556,0.026091777,-0.043663047,0.02393091,0.04708873,0.061874315,-0.000531044,0.027214468,0.040001746,0.028799014,0.0718524,0.04981039,-0.067784965,0.06857847,0.037264407,0.08619217,0.033569273,-0.038647316,-0.06564387,0.02508009,-6.154681e-05,0.041739315,-0.0068819253
-0.01814741,0.02599944,-0.0024406277,-0.04410498,0.014192298,0.011577146,-0.006654368,0.03938534,-0.0024099099,-0.011624088,0.015121148,0.04034034,-0.0017226401,0.00033047903,-0.04642642,-0.026818704,-0.017182784,0.032423344,-0.01587054,0.0055521238,0.042833693,0.03167422,0.0047026877,0.009370355,-0.014814039,-0.028845372,-0.037619628,0.03667566,0.043604624,-0.036716793,0.02553717,0.0168548,-0.041671913
-0.028074196,-0.01120538,-0.0242033,-0.046666194,0.005309873,-0.017192544,-0.04548941,-0.023917,-0.042126164,0.009484846,-0.053628076,-0.015904652,-0.011755015,-0.015530153,-0.03999857,-0.051297925,-0.041165814,-0.020846145,-0.0424229,-0.049888078,-0.07509961,-0.013195911,-0.054251492,-0.0017778878,0.0024133082,-0.015801858,-0.061724495,-0.043123584,-0.03507068,-0.04837194,0.0045877276,-0.059860427,-0.037965324
0.004311842,-0.036770698,-0.050900012,-0.059044655,-0.03242908,-0.068701394,-0.04434494,-0.046791438,-0.07659854,-0.04349375,-0.03915141,-0.02714851,-0.038963024,-0.033385787,-0.016369216,-0.06911527,-0.04946768,-0.031741478,-0.055398416,-0.005126767,-0.044835474,-0.048795465,-0.06776551,-0.04992799,-0.03689655,-0.019144706,-0.03957884,-0.04367559,-0.05213193,-0.020348273,-0.048256896,-0.046079867,-0.05619758
0.030870348,-0.0051744343,0.0014516816,-0.0653974,0.010926377,-0.025643753,-0.04725283,0.02862586,-0.01978169,0.014413948,0.04687573,0.05855775,0.028679762,0.028060256,0.0048499308,-0.05133589,0.073095724,-0.047105733,0.045989107,-0.036586672,0.053052362,-0.015960999,0.0031576562,0.043203168,0.04204685,-0.03232225,0.04132351,-0.021298781,-0.054570403,0.018304253,0.037650935,-0.03858635,0.01661338
-0.03634305,0.0044711726,0.058607668,0.014001555,0.06265165,-0.009663991,0.025214197,0.034081705,0.010579087,-0.0443367,0.033712726,-0.008585043,0.034226567,0.0026423489,0.0039439583,0.005525107,0.051372357,0.061838336,0.053367216,0.029548753,0.009325148,0.0051397714,0.006660468,0.037653137,0.0074335476,0.0066280034,0.01881199,0.04428402,0.022004997,0.066939905,0.040953957,-0.013443696,-0.02453585
0.01745509,0.0004888774,0.034002066,0.08320887,0.010687681,0.038432322,0.07361274,-0.005450392,0.02493786,-0.0049793907,-0.011980861,0.057512946,0.059823956,0.042525362,0.03088493,0.08084851,-0.015597614,-0.04329683,-0.028594442,0.07537312,0.04726191,0.034237944,0.07347497,0.07270301,0.031369325,0.009288699,0.067983896,0.06194992,0.06374749,0.04346858,0.059798807,0.07091717,-0.020802835
-0.00030524516,0.029275607,-0.031011108,-0.056882497,-0.07776508,-0.043707617,0.022162497,-0.072721675,-0.064591564,0.0646229,0.04431295,-0.015323852,-0.0772595,-0.03201041,0.06960784,-0.06538472,0.058756735,-0.07187458,-0.0053011123,-0.041303676,-0.056488376,0.060294185,0.039213866,-0.035718527,0.056520637,-0.04663854,-0.03344182,0.0021463528,0.009985867,0.013352206,-0.077867754,0.028401338,0.013871762
0.008780949,0.03590697,-0.0122808665,-0.0030599053,0.03801644,-0.04936268,0.06329968,-0.047783494,-0.06824589,-0.047993265,-0.048466843,-0.026018143,-0.039058004,-0.0008581631,-0.053457964,-0.029200112,0.052708026,-0.020362176,0.014389437,-0.019601816,0.02185801,-0.061868273,-0.015684249,-0.026327569,-0.06651087,0.008178237,-0.024121217,0.023492336,-0.009908785,0.02575228,0.05665295,-0.043529633,0.037784763
0.0041402373,0.061137628,0.023983715,0.008067205,0.07229326,0.034185465,0.055355247,-0.012251052,0.0016452065,-0.026172537,0.0791464,-0.042244397,-0.049251575,-0.0668064,0.029472416,0.0075203246,0.05063142,0.066834174,0.07712392,-0.056220412,0.027436847,0.053961426,0.023413394,-0.07671527,-0.059594266,-0.005430349,-0.051247284,0.05888686,0.079237774,0.0010401504,-0.053933877,-0.062490743,-0.038171496
0.04911352,0.031809762,-0.009460069,-0.019353073,-0.011190401,0.029183028,0.04288447,0.018383056,0.026001813,-0.0014048853,0.004637867,0.005529165,-0.012173014,0.039717842,0.043342113,0.053477086,-0.028973758,0.027127372,-0.00031630302,0.02018842,0.025543517,0.035684578,0.011872335,0.017717056,-0.017636096,0.00026846,-0.021741584,0.045616988,0.017618215,-0.006744691,-0.0074757463,0.027550353,0.037267707
-0.015367211,-0.020837378,0.001857254,-0.019212281,-0.02840127,-0.0032285065,-0.06639081,-0.03352606,-0.043570183,0.017150033,0.020319138,0.03259813,-0.02869974,-0.04316724,-0.021420913,0.025252718,0.01851259,-0.040195145,-0.032551065,-0.06360073,-0.028725194,-0.040759996,0.020231117,-0.024995033,0.029448193,-0.060840465,-0.015779983,0.014314143,-0.007864579,-0.005643849,0.023069272,-0.027354853,0.0065057925
0.06779979,-0.019764269,0.009641564,0.049229123,-0.043170374,-0.04288231,0.032859925,-0.06655984,-0.041004404,0.06408054,0.06353081,-0.03494133,0.05058791,-0.066937365,-0.0622317,-0.08058553,0.03149608,0.0059714587,0.07920037,-0.071550086,-0.07049076,-0.036938243,-0.033380818,-0.07079093,-0.004802668,-0.043564517,0.029069496,-0.014701975,0.04636634,-0.015528518,0.06253247,0.031736523,0.028187348
0.011373334,-0.05942028,0.032489263,0.03617429,-0.0023620473,-0.009461895,0.05675133,0.011843738,0.07952027,0.04221834,-0.05871452,0.008268939,0.016748462,0.08029532,-0.05731212,-0.0014315639,-0.061696872,0.020200765,-0.057930578,-0.03184666,-0.058547385,0.031281333,0.012033924,-0.066025674,-0.0126204165,-0.06787706,-0.024151446,-0.07192314,-0.050940707,-0.0019369342,0.06496409,-0.008599457,-0.028516995
0.0059403838,-0.0021215954,-0.0637226,-0.028316855,0.030569239,-0.020956513,-0.005086165,0.008211532,0.000449314,0.039688937,-0.037420955,0.06201744,0.044383485,0.071159616,-0.0017976997,-0.04201262,0.07355631,0.034188204,0.057991974,0.05485722,-0.014550281,0.0060079885,0.055420756,-0.045642104,0.05087392,-0.050772555,0.033876654,0.02814258,-0.06590964,0.032084238,-0.020595761,0.0624631,-0.018357135
-0.046217788,-0.017280156,0.001604246,0.00398775,-0.04279167,-0.036669917,-0.034395646,0.05697401,-0.017099831,-0.022377301,-8.549204e-05,-0.0025193861,0.04598816,-0.045210112,-0.023263002,-0.026251033,-0.014088521,-0.03878348,-0.0782555,-0.07432761,-0.049762715,-0.011031833,-0.040437873,-0.039918903,-0.009887949,-0.0026907697,0.01362864,-0.053732768,-0.01517651,-0.050141484,-0.027182242,0.0030490283,-0.035480864
-0.06376477,-0.090423815,-0.06606275,-0.06404271,-0.045499794,-0.032194465,-0.04368718,-0.07470657,-0.08305267,-0.057153,-0.06303784,-0.07708357,-0.06259666,-0.03223123,0.012789303,-0.048622053,-0.07403218,-0.04537606,0.025263825,-0.036026955,-0.008733056,-0.013142438,0.038889382,-0.052965537,-0.008275067,-0.042940166,-0.05179675,-0.02919568,-0.07973032,-0.0036232257,-0.04533084,-0.05889175,0.013355463
-0.021779852,0.033782266,0.0024368875,0.07168273,0.027450342,0.048870295,-0.009740362,-0.019981591,0.038959518,-0.027561711,0.025031822,0.046101473,-0.018268052,-0.014598474,0.031728342,0.055093043,0.0009993212,0.04310265,0.047423504,0.031852964,0.06387435,0.013498233,-0.034507256,0.010959535,0.021742383,-0.008479677,0.051087923,0.032524347,0.0423419,0.014337472,0.014591728,0.032501843,0.027795512
-0.023534391,-0.03195612,0.0030845564,0.045173787,0.011366567,0.034970917,0.044841416,-0.02181132,-0.030961867,0.03878163,-0.0064065605,0.062493965,-0.00877663,-0.004409107,0.03734238,-0.0027498035,0.050464585,-0.029174147,0.024324387,0.04760339,0.048246562,0.039567392,-0.022885982,0.041246317,0.032306634,-0.037558038,0.03384425,0.022120282,0.018577497,0.03670819,-0.008192443,-0.03557758,-0.0060922503
-0.06713887,-0.04314629,0.018487232,-0.054472987,-0.009783713,-0.091006905,-0.06726621,0.033857454,0.026452018,0.011669523,-0.050539855,-0.0038869202,-0.024534164,0.0040443856,-0.009864082,-0.03316671,-0.0101014795,-0.044422533,-0.0044852397,-0.0004352151,-0.052033655,-0.04292039,-0.039216526,-0.02479267,-0.027452063,0.011043989,-0.046994574,-0.0540615,-0.05115663,-0.052239243,-0.051932693,-0.049080495,0.008916682
0.07709892,0.06849281,0.0376314,0.0741888,0.05819362,0.07761719,0.0711656,0.06533214,0.05768108,0.050035067,0.06399336,0.041433234,0.056793254,0.070996165,0.04897709,0.08093712,0.05934403,0.067687616,0.06570763,0.03610215,0.05763295,0.075053,0.06413995,0.05889378,0.0050597796,0.07451199,0.010786954,0.06310904,0.05926008,0.054317,0.065405294,0.06958087,0.046262786
-0.03801503,-0.08469119,-0.008661081,-0.05743663,-0.04851576,-0.06628311,-0.05467351,-0.050505333,0.03874008,-0.01324096,-0.07554479,0.04151914,-0.05833537,-0.06271462,0.057672836,0.050019234,-0.075006075,0.032678988,-0.038352076,0.070714906,-0.010891214,-0.050294302,0.022816101,0.006408328,-0.072009504,0.036502767,-0.071937636,-0.072793216,-0.019081915,-0.047914956,0.045907136,0.019485269,-0.008212843
-0.03701409,0.029944116,0.04307009,0.056921285,0.07328992,0.024757538,0.0017064974,0.06528546,0.055351064,0.021248803,0.030617185,0.037326146,0.043722935,0.048091587,0.028072225,0.07466802,0.034428403,0.080201454,0.044418436,0.022638505,-0.04921606,0.06914636,0.040767137,0.027246727,0.011158818,0.05103692,-0.0057692016,0.030926509,0.07717039,-0.022200493,0.07282794,0.065127596,0.07423826
-0.010397971,0.052033916,0.03206648,-0.015785553,0.07647442,-0.09212059,-0.069055945,-0.052803323,-0.012671847,-0.07225958,-0.059650138,-0.03413864,-0.067022145,-0.07001354,-0.074093945,-0.050170545,0.0078298915,-0.030674344,-0.004703911,-0.052221842,-0.058886927,-0.037864603,-0.019271193,-0.048896916,0.008147366,0.031836767,-0.06625793,-0.020546889,0.05658642,-0.079969026,-0.028339596,-0.028643366,-0.059944797
0.005070158,0.02602558,-0.011175191,0.08050267,0.04335582,-0.0065422095,0.060472246,-0.026757527,0.0030737168,0.03989939,0.020675385,-0.057105508,0.03252553,-0.039028104,-0.040867377,0.04364988,-0.038380343,0.018062629,0.023817964,0.04478367,-0.022814145,0.031581815,0.06516931,-0.07533081,-0.034944903,0.0150940865,0.072785586,-0.014539458,0.012246375,0.06913486,-0.0032337126,0.021124732,-0.038242646
0.007081817,-0.038278818,-0.040541984,0.039578836,-0.0020810217,-0.0020603987,-0.000990552,-0.019519964,0.025377769,-0.06629419,-0.0105714295,-0.00026142778,-0.041062042,0.014707042,0.042473193,-0.008394618,-0.037449606,-0.0058638705,-0.043192193,0.027737448,0.04493579,-0.02566898,-0.005714209,0.022210207,-0.053946484,-0.078767896,-0.028093336,0.015235146,0.011279836,-0.030479629,-0.011387314,0.056971364,-0.02663908
-0.05355758,0.03856045,0.0013647508,-0.018322676,0.004019333,0.0046389024,-0.027588885,0.02905321,-0.0016486729,-0.05083924,-0.040479127,-0.04047129,0.026958888,-0.017201578,-0.02581875,-0.019967845,-0.0013134764,-0.05025163,0.0003632033,-0.013106064,-0.026486399,-0.021771757,0.056308873,0.037381064,0.025305714,-0.041847613,0.05417028,-0.01491969,0.0037283765,-0.051731747,-0.04467941,-0.034098275,0.034832086
0.07588059,0.03290292,-0.0109530175,0.058805797,0.04421356,0.026442971,0.005275915,0.0316747,0.05589204,0.026272444,0.061305687,0.068139106,-0.0042076963,-0.0018439493,0.07171173,0.066789255,0.03646814,0.063330576,0.04043425,0.026501106,0.016502751,0.032522287,-0.00060631,0.044342518,0.048362315,0.043372232,0.033713844,-0.0140652815,0.059212204,0.02547265,0.047056798,0.034675255,0.037027482
-0.04903164,-0.018447334,-0.05468743,-0.04560142,0.051154666,-0.01937557,-0.04403828,-0.013615379,-0.036600478,-0.04436603,-0.04503052,0.05431321,-0.041239515,-0.05255841,-0.053206157,-0.056401398,-0.015024668,0.016678184,-0.0038208673,-0.036968272,-0.046936166,-0.0368066,-0.04943988,-0.03345059,-0.0455933,-0.06823292,-0.058759768,-0.00782121,0.01223428,-0.024015073,-0.02830541,0.015248295,-0.042011756
-0.027214766,-0.015386603,-0.06613432,-0.007825996,-0.012937305,-0.07625496,-0.018481366,-0.0041250275,-0.0683374,0.022380669,-0.028858313,-0.01932738,-0.027663771,-0.052297685,-0.019921865,-0.05412902,-0.042022154,-0.060475174,-0.027834361,-0.02723621,-0.053636875,-0.050527543,-0.045277614,-0.042412397,-0.022934176,-0.009311977,-0.055093985,-0.06517692,-0.019943975,-0.0031665692,-0.005465044,-0.056975126,-0.054391053
0.05060284,0.021917155,-0.046400324,0.04778309,0.067122206,-0.084513105,0.025134992,0.007157839,0.09744263,0.003678226,-0.060815062,0.035274655,-0.06842184,0.031220298,-0.021848539,-0.07454024,-0.014110981,-0.081629165,-0.04319332,0.030266192,-0.015249421,-0.03468478,-0.048608314,-0.03202462,-0.024905546,0.059513085,0.016127873,0.053293157,-0.05054435,-0.0031171816,-0.030178025,0.073146336,-0.034691624
0.028169462,-0.05830343,-0.064859256,-0.01464454,-0.03201245,-0.028174488,0.016615538,-0.07002613,-0.035826158,0.024984153,-0.05398273,-0.03809869,-0.06826687,-0.030890772,-0.019587677,0.018466868,-0.054512728,-0.0770092,-0.027376711,-0.059526667,-0.050570365,-0.03881874,-0.07435316,-0.046443533,-0.016770506,-0.05256596,-0.02217434,-0.028157992,0.0118542025,-0.012230379,-0.008106507,-0.06697801,-0.083243996
0.0749186,0.06966443,0.05587184,0.0424886,0.042295564,0.071733035,0.03442749,0.06871199,0.07487507,0.03783292,-0.00547392,0.07669506,0.045886334,0.056480624,-0.017802708,0.0441724,-0.018453393,0.025705826,0.06525039,0.031798948,0.07374138,0.044923864,0.012271046,0.043031674,-0.016429588,0.05169776,-0.0077471714,0.019072533,0.030329239,-0.0037541864,0.052335735,0.01743337,-0.03372172
-0.035596732,0.055883452,0.077524304,0.05876944,0.05249038,-0.009266262,0.06081426,0.016630499,0.042681746,-0.044500332,-0.009372947,0.029023971,-0.009138158,-0.03347651,0.02777298,0.061853923,0.07539487,0.05755155,0.065863736,0.070050664,-0.00235319,0.076944225,0.07201597,0.063373625,0.029813837,0.028185593,0.05829033,0.0073795137,0.070078954,0.036841523,0.040600862,0.033234358,0.040578764
0.022271186,-0.03429448,-0.0036244383,-0.030979948,-0.019246934,-0.06359459,-0.05567312,-0.019865379,-0.073467426,-0.02131429,-0.05115113,-0.03557076,-0.051509876,-0.07320527,0.014343199,-0.05571197,-0.040075324,-0.042178143,0.009236169,-0.029586082,-0.007987834,-0.05296524,-0.013906169,-0.04803237,-0.03688493,-0.0107791,-0.0507613,-0.050849672,-0.04227105,-0.0146705685,-0.037050053,-0.03515192,-0.0015754316
-0.004981877,0.010167648,-0.0033810113,0.04188459,0.0054938653,0.064165846,0.05201728,0.05855316,0.061038453,-0.036654416,0.01795393,0.048741482,0.012192893,-0.027561242,0.063945845,0.06552499,-0.03167143,0.0470165,0.034800965,0.03762354,0.0701114,0.05152304,-0.021881046,0.065290816,-0.050005857,-0.02083288,0.04566917,0.0076200776,0.05478624,-0.016137088,-0.015152502,0.046935387,0.0015055978
0.0075135543,-0.0057923174,-0.0444384,-0.011905372,0.016517442,-0.039022353,0.012288722,0.05047686,-0.010660032,-0.009150297,0.06850884,0.044554327,0.060416542,0.037372738,-0.023366109,0.006441784,0.055180836,0.03860734,0.01173016,0.06882709,0.015553812,-0.04068159,0.022123815,0.033041887,0.028547429,0.049711756,0.0028653368,0.06494956,0.0026617344,0.06291026,0.039466705,0.01699473,0.020297844
0.028174752,0.02375746,-0.070777096,-0.0055132685,-0.009297325,0.09242865,-0.06636431,-0.07604803,-0.037033528,-0.028009657,-0.0036443078,0.006575851,-0.07193747,-0.017258119,0.0030791282,-0.018934947,-0.0491,0.069439754,0.04276309,-0.022404289,-0.0142415585,-0.016589744,-0.022844609,-0.045064162,0.026080964,-0.028477775,0.06975783,0.0031471902,0.07947988,-0.06359471,-0.06272543,-0.059155636,-0.0021554318
-0.05446194,-0.0057175606,-0.0012903017,-0.021772152,-0.07525323,0.03516618,0.041074283,-0.030801449,-0.026398899,-0.03824808,-0.004196128,-0.054045737,0.01121063,-0.06641707,-0.008019213,0.00052049285,-0.064124964,0.018381543,0.020450063,-0.061423004,0.0657158,-0.042006236,-0.01827013,0.034812536,0.06869024,0.021276169,0.014754144,-0.014223983,0.010255528,-0.009979765,0.0025860313,0.040150177,0.07945034
0.029135458,0.029028961,-0.017495707,0.05122097,0.03871881,0.008696337,-0.007402243,0.023005063,-0.02658651,0.07255099,0.01823947,0.036530033,-0.005325542,0.025892971,0.031329058,-0.020562539,-0.0014828006,0.042188033,0.05848537,0.031715237,-0.02530387,0.051497772,0.04542232,0.0040370454,0.006122121,-0.0105416905,-0.037741806,-0.041289195,0.014869554,-0.0055482616,-0.008539759,-0.049176972,-0.050725285
0.03770433,-0.028894098,0.031884465,-0.025365911,-0.03693075,0.007863763,-0.035909366,-0.011518672,0.014413542,-0.06742312,-0.038527843,-0.05162617,-0.05464144,-0.049473368,-0.04161976,0.013449184,0.049912866,-0.048866734,0.0168872,-0.017886825,-0.019205479,-0.0018066076,-0.0076527675,0.021908356,0.045409657,0.06384211,0.049202606,-0.0022656808,0.049714774,0.030578813,0.036668953,-0.035843175,0.034610387
0.07361061,0.022863373,0.029837562,0.07859307,-0.021307565,0.009874719,0.03413165,0.06734126,-0.010334025,-0.028883308,0.029448088,0.030701013,0.03035272,0.018431958,-0.046108846,0.013097401,-0.070650525,0.04907745,0.01046118,0.044592854,0.06594032,-0.027111512,-0.04350879,-0.07968079,0.022230744,0.010061852,-0.0374767,-0.0014384364,0.07955788,-0.021771275,0.04181576,0.056215376,0.02707361
-0.011938333,-0.007625669,0.06596721,0.041060235,0.0315569,-0.0023659705,0.015015796,0.06797987,0.01306446,-0.033993024,0.014055709,0.0012592047,0.036454376,0.065993726,0.061205134,0.059940167,0.006585133,0.012237912,-0.0643366,0.038234577,0.011775573,0.043102562,0.027230393,0.030183176,0.048793875,-0.06299888,-0.0069294367,0.004013292,-0.061960585,-0.0786498,-0.07727774,-0.032730043,-0.065016754
-0.06020755,-0.038390867,-0.03669126,-0.008647382,0.059744604,-0.0116888005,-0.06628027,0.043393135,-0.008107309,-0.07400859,0.052988935,-0.07185956,-0.02592703,-0.07856872,-0.002828477,-0.027578231,-0.055450946,0.046966054,0.008627525,-0.07240741,-0.019289793,0.047871325,0.029746845,0.03577845,0.006268363,-0.06529079,-0.061445836,0.07432742,0.025254177,0.038314845,0.040289886,-0.068181984,-0.08104357
0.06824671,0.021304538,-0.028499827,-0.06051397,0.0036249484,-0.04465815,0.03135315,0.055203255,-0.0039248774,-0.048018996,0.048180364,-0.036090992,0.037218627,-0.06174772,-0.047562618,0.0040074578,-0.06001021,-0.0628115,-0.050398666,-0.060173776,0.072334275,-0.06536199,-0.03539529,0.05033114,0.032496568,-0.017257266,0.015031907,0.07060858,-0.041263845,-0.038753055,0.06508512,-0.028176283,-0.046416055
-0.026874052,-0.03627336,-0.021759251,0.025196636,0.056561135,-0.015025999,0.025571475,-0.041893695,-0.017263867,0.010879445,0.012883978,-0.05745107,0.01088875,0.02492968,-0.005031467,-0.04302281,-0.023697024,0.032107394,0.034987275,2.3793082e-05,-0.057073623,0.003797824,0.022499567,-0.05885858,-0.015638653,0.018515935,-0.00033604045,-0.037332565,-0.040548738,0.015802877,0.0050875545,-0.03824338,-0.03202416
0.08104853,0.04691863,0.0029992324,0.039592844,0.06935176,0.074744806,0.073323905,0.040713977,-0.09748182,0.052955624,0.07659715,0.018356971,0.07719642,0.07563405,0.07704529,0.07051419,0.061823502,0.074588954,0.07299802,-0.0069185034,0.023065642,0.049025144,0.009634496,0.07664004,0.06427062,0.0378908,0.016741779,0.06744673,0.058673672,0.059392523,0.072345406,-0.06772142,0.07782791
0.019463021,0.020601854,0.02631269,-0.02425553,0.042199373,0.020069633,0.011139647,-0.048347205,0.0047049015,0.029883543,0.062791415,0.034157414,0.03708804,0.014528021,0.020733485,0.014953548,0.015647274,0.032521788,0.05443218,-0.036679633,0.009419093,0.021369783,0.07581503,0.013259754,0.062459532,0.040513095,0.007870664,0.057174273,0.01791718,0.034324463,0.061649825,0.029045364,0.068965815
0.05485912,0.02789248,0.0013046612,-0.050180547,-0.022399345,-0.04949468,0.014178911,0.001228418,-0.057176378,-0.01312787,0.03083013,0.04454107,-0.028531076,0.054440644,-0.05135154,-0.03093677,0.05128258,0.044004034,-0.036904506,0.055788666,0.029933099,0.002652882,-0.039165307,-0.008792755,-0.05398264,0.056539603,-0.048346803,-0.0088052135,0.021367956,-0.008072433,0.03751187,0.010176288,0.009262173
-0.061997704,0.02326214,-0.059827767,0.020980805,0.058462095,-0.015721986,0.0044263466,-0.008450719,-0.010375724,-0.018236263,0.036549345,-0.0040405127,0.013978461,-0.041176964,0.07015036,-0.013839585,-0.04063567,-0.056322355,0.0025893054,0.02650461,0.031008087,-0.0004590008,-0.04716692,0.04346386,0.041668043,-0.061243806,-0.003354314,0.031897966,-0.062121708,0.011976271,-0.07585003,-0.038060226,-0.054127153
0.037698224,-0.031429872,-0.07050439,-0.018919846,-0.04700058,-0.035158288,-0.072715,-0.05078943,-0.060213007,-0.064286485,-0.043808572,-0.030749263,-0.05364119,-0.017107824,-0.051704843,-0.044929232,-0.0371318,-0.037891097,-0.06655701,-0.0704297,-0.039712917,-0.070558555,-0.024052238,-0.0618549,-0.028222114,-0.024765316,-0.058578618,-0.014903526,-0.051875994,-0.04359037,-0.06438301,-0.038098633,-0.056159038
0.021819869,-0.012795144,-0.037100762,-0.07254023,-0.012102652,-0.012540923,-0.026676638,-0.025054311,-0.007358593,0.014650904,-0.025202235,-0.049414627,0.02286116,0.007186863,-0.032299295,-0.0054214997,-0.011904534,-0.019385643,-0.020472173,0.002174536,0.012959053,-0.009409704,0.0098517295,-0.04459998,-0.06720405,-0.056675736,-0.053932086,-0.05783283,-0.0569069,0.0034148355,0.029402813,-0.054598823,-0.03387138
0.015591982,0.05782647,0.06719637,0.048024874,0.06156075,0.02772132,0.053087074,0.050195727,0.034613468,0.011657948,0.054954752,0.058447435,0.034605715,0.067010336,0.040360272,3.437628e-05,0.05761889,-0.014721934,0.025183346,0.056481313,0.055714868,0.056668997,0.03771781,0.06844192,0.06735024,0.028733555,0.071746156,0.005261116,0.032571238,0.04744668,-0.0390967,0.038232807,0.0116226
0.02061333,-0.0023968893,-0.0016955283,0.057375047,-0.020391839,0.043278743,0.04759461,0.067800015,0.044344615,0.061673723,0.065500006,0.017999114,0.06787343,0.010956365,0.024132028,0.031858005,0.046605118,-0.025813032,-0.0063049197,0.06824556,0.044312175,0.052088093,0.06342936,-0.027695749,-0.009525499,0.00061257475,-0.04025812,0.029608702,0.07331774,0.028876405,0.032483708,0.044069916,-0.027705267
0.04935137,0.06537067,0.03753103,0.051397026,0.040397108,0.037364054,0.04603496,0.036827274,0.058989566,0.07001607,0.057253417,-0.018831398,0.0077954195,0.014940103,0.042900044,0.05087077,0.039317254,0.019248761,0.044143565,0.01629413,0.05854689,0.02313032,0.039457217,0.025482558,-0.011238322,0.05183374,0.026398959,0.014402637,0.013890057,0.07941872,0.04212936,-0.0075115417,0.017385706
0.07892403,0.034595057,-0.06679898,0.028395882,0.064157955,0.005156506,0.008689456,0.06316758,0.019490333,0.060020167,0.0273986,0.009835959,0.006430594,0.055792302,0.06727538,0.026020883,0.0032489179,0.07613627,0.019970007,-0.018545393,-0.039252378,0.07603912,0.05116264,0.027752325,-0.0052706036,-0.003295489,0.051329836,-0.0007592567,0.054579813,-0.019919142,0.058884263,0.06573518,0.052251786
0.029875867,0.06031061,0.04920122,0.053548414,0.013901715,-0.052662157,0.036327556,-0.022550225,-0.06948701,0.006627901,0.018429076,0.0681307,-0.011564242,0.008833967,-0.07128539,-0.034844767,-0.009357731,0.0184355,0.04618789,0.041987654,0.0031897074,0.02288546,-0.005284231,-0.0522909,-0.019933444,0.033093683,-0.01226923,0.0012034682,0.033298437,0.012166203,0.039921217,0.029658498,-0.0008785489
0.045633227,-0.018044401,0.010126623,-0.029288234,0.0071283756,0.02145836,0.033829663,-0.00080959796,0.010351527,0.047577124,-0.00849387,-0.019770836,0.04128804,0.05313332,0.071330085,-0.009433151,0.021056434,0.004549485,-0.0028427513,0.029440181,0.032542087,0.05424165,-0.055027515,0.06633801,-0.047935173,0.06835722,-0.038386002,-0.04274209,0.027142083,0.012122792,0.003796503,-0.017981142,0.041193005
-0.057924837,-0.04935154,-0.05405492,-0.031866018,-0.010955287,-0.05171338,-0.037739128,0.00032519767,-0.04284522,0.025338214,-0.031278245,-0.025036791,-0.00762316,-0.036887467,-0.009129313,-0.049128126,-0.022433594,-0.055753425,-0.04035814,-0.011392026,-0.045512512,-0.028224923,-0.027377618,-0.024945933,0.0012987682,-0.04349714,-0.04736253,-0.042057116,-0.05240648,0.010857749,-0.0004570522,-0.056004405,-0.03945688
-0.0685633,0.008964111,-0.058301497,-0.07458185,-0.019692268,-0.07333936,-0.026543265,-0.029996725,-0.08759051,0.0074910545,-0.047891628,-0.066801116,-0.0046699117,-0.03715607,-0.066657424,-0.07481786,-0.006052518,-0.047495138,-0.07038324,-0.016862186,0.01725954,-0.07184009,-0.0024704046,-0.062142596,-0.016797995,0.009439804,-0.002214225,-0.07270409,-0.048714448,-0.042662032,-0.071632266,-0.06222418,-0.058702976
0.009317369,0.041555725,-0.0061262078,0.016617777,-0.051140245,-0.04964625,0.0074519487,0.019146282,-0.005344773,0.050550733,0.063265555,-0.07048968,0.02013372,-0.04576838,0.06427496,-0.014091583,0.00847497,-0.024324317,-0.033291847,-0.06585002,0.023980988,0.010675179,-0.056627315,0.0060391393,0.064701416,0.023657555,0.002744979,0.06294485,0.02450952,0.035026316,-0.017425315,-0.06644893,-0.0019018055
0.005232859,-0.028029155,-0.051657803,-0.051388152,0.06814226,-0.0004988003,-0.07946938,-0.07615625,-0.018681243,0.06546093,0.021250613,0.055436302,-0.0025776252,-0.07451494,0.015191113,-0.004366638,0.00055228535,0.040732317,-0.03154043,-0.06410251,-0.0038774393,-0.0684167,-0.06350236,-0.030119712,0.061210047,0.07580641,0.01458919,-0.028316695,0.008297914,0.039166298,0.01835318,0.052408535,0.0818894
0.0059056305,-0.020958913,0.058005743,-0.0064966953,0.0052927034,0.03332361,0.031991877,0.030908613,0.018709635,0.026712917,0.026354073,0.06935755,0.06385893,0.057058472,-0.009647278,0.034841105,0.039961517,0.012531941,0.06297603,0.023125242,0.01680327,0.02399307,0.013995934,0.040538907,0.030558718,0.034524713,0.020642001,0.07281994,0.02571429,0.04308099,0.074997425,0.06680262,0.035787176
-0.03597147,-0.049409382,-0.009346042,-0.08095999,-0.00051041157,0.03288084,-0.051191285,0.03591455,0.021940732,-0.04552697,-0.07254665,0.0062797307,-0.020193554,0.041565597,0.009276568,-0.0006869987,-0.053824995,0.000315036,0.07125702,-0.009376014,-0.0015298948,0.059462417,-0.011459056,0.012246639,0.027036875,-0.04105832,-0.013131554,0.03435929,-0.01693052,-0.05644101,-0.07372002,-0.0019573532,0.008655694
0.04406906,0.0549962,-0.05647789,0.056421645,0.012679459,-0.007672367,0.061414447,-0.017051278,-0.0008937327,0.074311346,0.028529508,0.047829073,-0.06986026,-0.033123568,0.018520188,0.022196233,-0.03408205,-0.06711772,-0.0745055,-0.047436073,-0.011857024,0.017718373,-0.05723806,-0.076340996,-0.065162405,-0.060774,-0.05214055,-0.04294004,2.1459153e-05,-0.06595151,0.027953574,0.053731248,-0.07311995
0.08757684,0.09027392,0.081022605,0.08721379,0.0719744,0.092435025,0.080059275,0.07842878,0.09748636,0.07866733,0.080138095,0.082245074,0.08006678,0.08520714,0.07715551,0.08876142,0.07940654,0.08377404,0.08241574,0.080325015,0.082383245,0.08807428,0.08130465,0.08132991,0.07931383,0.07720149,0.080444925,0.0777661,0.08248838,0.08250459,0.08266469,0.08125069,0.08630088
0.029143509,0.036192082,0.06895122,0.04416313,-0.063772194,0.014270642,0.047437552,0.04187534,0.027786283,0.008895963,0.055347826,0.025637804,-0.019076675,0.054217577,-0.056105178,0.047353353,0.062294874,-0.012548318,-0.024152562,-0.042761855,0.05193081,-0.0553676,0.06855944,0.055744864,-0.004891638,0.024858685,-0.0047509694,0.049608015,0.0065168566,0.011531127,0.02638361,-0.013116804,0.026738467
-0.0030513352,0.040350027,0.035795923,0.075597405,0.00018191966,0.028743202,0.041482788,-0.06492646,0.01666027,-0.025283404,0.06286204,-0.0062225685,-0.003960456,0.023627184,-0.049322654,-0.0012777703,-0.002868512,-0.019075798,0.0048274416,-0.05546338,0.039477795,0.018367328,0.027247788,0.00022935728,-0.021633103,0.00033556615,0.0011830701,-0.00058956014,0.044555712,0.028153319,0.023269678,0.0407378,-0.061303753
0.025704717,-0.025519462,-0.030896386,-0.06997648,0.019438801,-0.013571337,-0.01153943,0.06952754,0.04026098,-0.07265275,-0.055421755,0.05538471,0.0050844434,0.027817352,0.06328635,-0.010549896,-0.04419252,0.018266145,-0.0018401203,0.06336942,0.067662515,0.011121702,-0.023701748,0.0019352738,-0.028324623,-0.051112827,-0.034531694,-0.043664508,-0.04950553,-0.004860694,-0.058483627,0.034561884,0.062349796
0.04017508,-0.061519787,0.07327558,-0.00088864093,0.0070211682,-0.050032444,-0.033317793,0.028113954,-0.025484424,0.007832285,-0.036932252,-0.053143315,0.074867904,-0.0018626823,0.009139603,-0.031722672,0.0013855759,-6.97173e-05,-0.012284988,0.02504636,-0.06895235,-0.046823103,0.012071739,-0.037169114,0.06019109,0.07253502,0.05573069,0.03306121,0.04920024,0.07076737,0.027258946,0.062896185,0.036969684
0.033023387,-0.04730243,0.066790424,0.06643865,0.07220196,0.02092363,0.050623093,0.071647115,-0.030184573,-0.03703605,0.06542758,0.021080455,0.053294722,0.0020695664,0.0205853,-0.0016087968,0.07486017,0.057475,0.076843515,0.058187354,-0.018891223,-0.0028633007,0.045525193,0.07844287,0.072172716,-0.03872254,0.058045633,0.074674904,0.06643451,-0.0004238793,0.029355403,0.02951307,0.0653193
0.0107675055,-0.012619934,0.032764066,0.04172707,0.022597855,0.025689328,0.037657987,0.06387846,0.021070737,0.054896515,0.05967684,0.048285257,0.038618274,0.08224509,0.018752944,0.029989552,0.033835962,0.010320685,0.016074901,0.054863427,0.039673783,0.055814773,0.0751106,-0.0027860655,-0.006642499,0.06756003,0.0667534,0.041864615,0.06295569,0.03770036,0.04081971,0.029142922,0.011964777
0.038245566,-0.029193329,-0.057252336,0.08023174,-0.019393489,0.042739704,0.02720077,-0.06264563,0.061346646,-0.025294298,-0.0021753225,0.049092866,-0.073164105,-0.0011894953,0.0414391,0.007738666,-0.030510454,-0.0062909573,0.038100123,-0.05131922,-0.04674667,0.043864522,-0.072252765,-0.025658058,-0.013922262,-0.05192778,-0.042109456,0.021041032,0.0069329585,-0.039110344,-0.0031123366,0.06299757,0.010132191
0.0352311,0.08879733,-0.037839666,0.015533773,0.056119297,0.004584826,0.033420015,-0.015820136,0.02811074,-0.020145372,0.040651806,-0.07240853,-0.038207132,0.024903068,-0.027668975,-0.026437158,0.07844931,0.0310662,0.048071668,0.017461084,-0.00532889,-0.016772946,0.006547546,0.049420312,0.016062278,0.040428415,0.012901349,0.060967825,0.056434512,0.023448585,0.028682597,-0.039921954,-0.04661458
-0.07828301,-0.05255476,-0.03552595,-0.058217715,-0.049621798,-0.04788323,-0.051521417,-0.056617614,-0.06648825,-0.045176625,-0.053333882,-0.07715534,-0.037459634,-0.06838859,-0.036837302,-0.045899298,0.034567986,-0.06367246,-0.041591812,-0.052287333,-0.04013772,-0.058603324,-0.044979166,-0.032576483,-0.028573807,-0.06524323,-0.01879188,-0.05415616,-0.048895046,-0.043139674,-0.04762157,-0.04014214,-0.039427295
-0.034617923,0.05962106,0.024554394,0.024437286,-0.013627104,0.06236952,0.028648375,0.052407365,0.032948557,0.010070884,0.011042056,0.02536594,-0.0077873482,0.06387259,0.021663964,0.029973682,-0.029708005,0.039339207,0.056618325,0.015255427,0.036646232,0.041750062,0.028969193,0.024130488,0.052578058,-0.0056901686,0.023600325,0.06638011,0.0042614196,-0.044850156,0.033754054,0.032622263,0.019715048
-0.007853765,0.052826136,0.021892766,-0.0227765,0.06488683,0.031175569,0.029356062,0.059292287,0.029477928,0.06835813,0.05756819,0.041909494,0.06901276,0.06260134,0.06710839,0.048892803,0.047505792,0.05123775,0.046258677,0.061841868,0.06642686,0.036176506,0.052953113,0.058640566,0.054492492,0.0442928,0.03624881,0.058946956,0.043406866,0.042867076,0.05176396,0.045357537,0.05841822
-0.039599326,0.021889681,-0.057026573,-0.06519371,0.047951546,0.03400368,-0.061850727,-0.077562824,0.018195517,0.026866872,0.039999116,0.028314706,-0.07755921,-0.020636095,0.031182278,-0.08148858,0.010983203,-0.07664643,0.026025664,-0.0802744,0.05767674,0.06547387,-0.025639089,0.0035551277,0.046235394,-0.06614482,0.058588922,0.024403762,0.0025775523,-0.07371469,-0.037705533,-0.06595501,-0.022647029
0.03333577,0.006866535,0.04624954,-0.0015966479,-0.008837532,0.055804845,0.016356634,0.004371783,0.040497,0.054307096,-0.025799863,0.028929733,0.029527964,0.030787341,0.012413789,0.023662247,-0.014633175,-0.011970741,-0.00998627,0.05036873,0.06452463,-0.010253577,0.007922167,0.024076398,-0.024835076,0.0052470635,0.03155737,0.006682409,0.040715907,0.029734863,0.0005479538,0.040567774,-0.028472764
0.03875193,-0.011390875,-0.045501288,-0.0020589598,-0.064599775,0.0025967315,-0.0049921507,-0.027413944,0.0020927987,-0.033808403,-0.043126862,-0.028746737,-0.05300852,-0.015936729,-0.027763398,0.027660616,-0.037542395,-0.015890114,0.004220444,-0.030430118,0.0024002178,0.01234382,-0.058126993,0.006331201,-0.043419532,-0.030266142,-0.056330923,-0.0474402,-0.019265661,-0.06063921,-0.024571205,-0.06524913,-0.05183798
0.018118886,-0.028338132,0.04531617,0.038706966,0.06745902,-0.015442382,-0.041844945,0.036499422,0.0436337,0.071669884,0.061738703,-0.05775202,0.0027879723,0.04331144,0.028831981,-0.009559324,0.038027093,0.022036616,0.0413219,0.020997994,-0.030919634,-0.024874385,-0.04623691,-0.032210987,0.028229315,0.08414301,-0.016843647,0.041432086,0.06926535,0.03515388,0.071147725,0.05414568,-0.0120426845
-0.0012383871,0.061691765,0.004227418,-0.0006476709,0.024982288,-0.011005866,-0.07025045,-0.06080422,-0.016702447,0.050940074,0.037653174,-0.039193213,-0.048673365,-0.034178372,-0.022963464,-0.030347044,-0.043362934,0.025495645,0.008746048,0.025342906,0.02223627,-0.05431209,-0.023987697,-0.07667129,-0.04392562,0.027637249,0.01281191,-0.07166236,0.06333478,0.016563557,0.07793891,0.033386625,-0.04025937
0.019649297,0.08442533,-0.06432372,0.029417511,0.042821467,0.02402451,0.06516266,0.0020868436,0.016261645,-0.049220446,0.03535264,-0.028700667,0.013908885,-0.0473185,0.07466919,0.027671056,0.026630562,-0.052616395,-0.047470205,0.03763258,0.05635806,0.07520522,0.058131453,-0.058941275,0.008773211,-0.018840803,-0.0061113103,0.068931684,-0.019926328,-0.053460293,0.031873927,-0.04842712,-0.035312254
-0.042450007,-0.02086328,0.062411737,-0.02113126,-0.052995518,-0.025606466,-0.031957034,0.03187112,-0.047181476,-0.037514582,-0.023751713,-0.07590584,-0.02355204,-0.019371385,-0.010830854,-0.028749768,-0.02364517,-0.024423972,-0.028121652,0.022829022,-0.010696286,-0.025188485,-0.025973225,-0.054979865,-0.057004064,-0.031494085,-0.04636449,-0.032348715,-0.021917414,-0.04852236,0.010201377,0.023335949,-0.06881819
-0.054825295,-0.06029754,0.007943678,0.00021696063,-0.026295234,-0.08949682,0.047075875,-0.06541688,0.09746711,-0.07328084,0.068949275,-0.070933014,-0.055219565,-0.032548543,-0.07278989,-0.010519281,-0.03962681,-0.019071367,-0.064948075,-0.036309324,-0.07398412,0.041077208,-0.02355199,-0.06831969,-0.06646214,0.014423694,0.007824158,-0.061227083,-0.008179304,-0.030081423,0.0032328677,0.039934944,0.036415078
-0.021908086,0.019788146,0.008592228,-0.046959393,-0.048892464,-0.08810096,-0.06964331,-0.067012206,-0.005885413,-0.024587087,-0.07336692,0.044873822,0.04405968,-0.06492779,0.05712013,-0.033003222,-0.027630584,-0.022050466,-0.012122595,-0.018586738,0.0062255007,-0.015466816,-0.03578499,0.015268808,0.056540757,-0.04552917,0.0037493338,-0.033247653,-0.036300544,-0.063731566,-0.038387347,-0.0011067429,0.067843825
-0.006695364,-0.014289153,-0.040110305,-0.006703047,-0.013500757,-0.0013626836,-0.036425836,-0.02573346,-0.018127127,-0.028729191,-0.03628081,-0.0035703897,-0.041048214,0.011421468,-0.026642043,-0.03647237,-0.01466292,-0.010490911,-0.0023964532,-0.0073325713,-0.030652989,-0.022997005,-0.0022067812,-0.053983945,-0.0030455892,0.018348878,-0.060794834,0.004243188,-0.009501225,-0.022465315,0.012326541,-0.036228724,-0.052976657
-0.010340136,0.028246116,0.06653173,0.051168315,0.031499017,0.045041557,0.061079144,0.032970656,0.039551854,0.009136348,0.06161524,0.02092251,0.055156417,0.073966384,-0.005464662,0.04450873,0.046918795,0.030901136,0.056841582,0.054923117,0.0056085745,0.003431232,0.056985945,0.04032214,0.03989925,0.01262464,0.05868766,0.06683451,0.07085321,0.030245606,0.0570695,0.058416896,-0.006411131
-0.014742112,0.01280686,0.012830313,-0.0253148,-0.022480913,-0.018983794,-0.010388044,-0.012103723,-0.024677234,-0.019455934,0.04252217,-0.04596782,0.009936205,0.043001812,0.06824558,0.011056822,-0.06714809,-0.0059610535,-0.022646217,0.05717406,-0.061006233,0.04446372,-0.046082895,0.024439748,0.019477652,-0.020090796,0.027845073,-0.07348034,0.00085309974,-0.014776518,-0.016751213,-0.053371385,-0.034362912
0.012214458,-0.016383726,0.05272676,0.06971312,0.061264496,0.05108903,0.050340243,0.033162836,0.076533444,-0.020164639,0.034866422,0.04524489,0.00858609,0.018099211,0.05812458,0.05806815,-0.052356824,0.041174125,0.042759605,0.011723236,0.061210375,0.057369284,0.030169101,0.05978352,0.014895919,0.032746363,0.039089255,0.023139093,0.025406985,0.038912207,0.042641878,0.05345933,0.0431338
-0.05567978,0.019289115,-0.03788905,-0.047138184,-0.065436214,-0.026922634,-0.02565278,-0.06759799,-0.038654998,-0.04930338,-0.073826134,-0.07330755,-0.052711245,0.042535536,0.022817979,-0.022325791,-0.062202428,-0.045996856,0.006409671,-0.01670655,0.01345682,-0.03295538,-0.025390154,0.02343598,0.0035041359,-0.05780242,-0.05336228,0.036130372,-0.06921053,-0.067752436,-0.07214067,0.0238641,-0.01941751
-0.056135904,0.06410686,0.06367933,0.05041118,-0.014249232,-0.023276793,0.03611348,0.02108878,0.02201372,-0.05869946,-0.036559414,-0.019725874,-0.043139663,0.025858877,0.048745085,0.035298955,-0.028677752,-0.0075021596,0.0049003996,0.034233037,0.02970874,0.053617798,0.004746709,0.007811572,-0.01879636,0.023211831,0.04284339,0.04977284,0.017715255,0.00017056901,0.032447714,0.035997808,-0.016208963
0.0064517157,0.057122357,0.0030802959,0.00857069,0.037017606,0.023552358,-0.07010641,-0.023860654,-0.009541243,0.06246898,0.04276884,-0.058523238,0.015848046,0.04025496,-0.037484847,0.007953206,-0.04070482,0.027810134,0.017392097,0.058246773,-0.035979167,0.02048008,0.035090204,-0.052641336,0.029361319,0.048583183,-0.07279843,-0.0641491,0.01939347,-0.058229934,0.0062928856,-0.07033463,0.017810943
-0.029837213,0.001178597,0.047564935,-0.020529909,-0.020456746,0.03377686,-0.0069427495,-0.023334501,0.03272573,0.055487093,0.03591519,0.031309176,-0.0555623,-0.06873607,-0.031084916,-0.04587661,0.008703513,0.07241814,0.074993275,0.03174431,0.031981666,0.030495703,-0.009170281,0.05956827,0.069587246,0.066497505,0.04797565,0.05495613,0.05518272,0.051808193,0.042792905,0.021148201,-0.03319165
-0.038160425,-0.0028502496,-0.024505988,-0.024175428,-0.0038285872,-0.052179348,-0.019243846,-0.007025456,-0.023734724,-0.028729744,0.05063939,-0.023620658,0.06352978,-0.04388076,-0.010418957,-0.030790966,-0.048215892,0.034801263,-0.02495153,0.0363803,0.018896565,-0.024889063,-0.03443251,-0.039091017,0.026711816,0.0006725138,-0.0024010995,0.0020774761,0.030461952,-0.001764189,-0.000874105,-0.042572137,0.054861937
0.060700145,0.0061327834,-0.0416001,-0.02609763,-0.034848493,0.045861177,0.053938664,-0.015701702,0.05378164,-0.044107433,-0.062030494,-0.001684921,-0.039383717,0.023006402,0.02307805,0.0068856548,-0.009576736,-0.022611255,0.015706552,0.02522404,0.020791776,0.048461128,-0.05833261,0.0073968126,-0.044493537,-0.05423181,-0.05137115,-0.005514071,-0.058012974,-0.04894735,-0.037671056,0.050029173,0.045124214
-0.08686533,-0.09177379,-0.08435187,-0.096607454,-0.07735299,-0.091270566,-0.07853096,-0.077560596,-0.0967058,-0.06983318,-0.07884209,-0.08054342,-0.079402484,-0.080662295,-0.07368433,-0.08829802,-0.078671895,-0.08300378,-0.08022207,-0.0786513,-0.08107269,-0.08575238,-0.080277205,-0.078956,-0.07655514,-0.087665774,-0.07832548,-0.07024821,-0.07895909,-0.08036073,-0.081756525,-0.080177784,-0.08491147
0.018116847,-0.0005598155,0.023741212,0.08055015,0.0087338425,0.0081337355,-0.0222847,0.010088132,-0.037783813,0.042441327,-0.0093411915,0.025626795,0.049531635,-0.04327303,0.01980617,-0.005135438,-0.00483415,0.025594233,0.027034206,0.014330612,-0.034229636,0.008823566,0.05182139,-0.010756147,0.045052454,-0.0057968847,-0.008197439,0.023012456,0.021356935,0.03796541,0.033855896,-0.006014898,0.06126954
-0.081029266,0.010525071,0.07980861,-0.006835103,0.04827753,0.028866488,0.054682937,0.023425788,0.045920447,0.05599435,0.022338152,0.0031099627,-0.041284937,0.030247796,0.034514163,0.041914374,0.068540014,0.06955424,0.03767258,0.055385653,0.02950938,-0.008710141,-0.03687658,0.031430732,0.065071255,0.0072696884,0.0047142897,0.03953434,0.0574833,0.028768392,0.03976273,0.05827216,0.025153238
0.0016802127,0.019196844,0.0049435208,0.089744896,0.01452312,0.06873375,0.006124062,-0.0709947,-0.030755635,-0.036179155,-0.076303855,0.055901088,-0.06797357,-0.081042044,-0.076690145,-0.03553364,-0.022351228,-0.018666966,-0.074693225,0.058606952,0.07226586,-0.05947064,-0.07268908,-0.08083409,-0.04621817,0.0135421585,-0.06587342,-0.07507613,0.06098112,-0.045792796,0.05275837,-0.050298903,-0.07060587
-0.018642824,-0.011918768,-0.07259407,0.034233056,-0.061229806,0.005244043,-0.068357624,-0.032681867,-0.09639838,0.0028707222,-0.048380356,-0.056474496,-0.0023113687,-0.011226561,0.055493586,0.016240008,-0.0760569,-0.01900796,-0.07232661,-0.05334529,0.047573835,-0.050332528,-0.015345729,0.001180982,-0.030650109,0.043005563,-0.014828023,-0.074739255,-0.065346405,0.0063904226,-0.064119026,-0.07922854,-0.055489745
0.034452103,-0.044534322,-0.030152231,-0.050924428,0.04487686,-0.045566842,-0.05889404,0.04235389,-0.03944091,-0.008412654,-0.034910016,-0.041342612,0.035519686,-0.042926162,0.03810563,0.012883469,0.02244329,0.0020417713,-0.022645595,-0.011489166,-0.04335156,-0.009253957,0.0031485436,0.009492135,-0.03999708,-0.0016323769,-0.032817826,-0.07092312,-0.050735947,-0.04715603,-0.055685204,-0.042873368,-0.008729726
-2.219822e-05,0.003985749,-0.021027042,-0.044660684,0.059533574,-0.030239725,-0.06386664,-0.05183663,-0.028093858,-0.05756012,-0.032663465,-0.04304602,-0.057843644,-0.050382245,-0.01120159,-0.006955009,-0.017164743,-0.00038136033,-0.03257952,-0.011133414,0.0005370317,-0.06869466,-0.047019716,0.05210594,-0.01208522,-0.04235393,-0.04344742,0.05332939,-0.053486425,-0.042199586,-0.017339494,-0.039165013,0.0043628337
0.017505778,0.06722596,0.050114907,-0.013770824,-0.07309622,0.041629486,0.0030611292,-0.053938404,0.027869117,0.031018173,0.026409103,-0.013041836,-0.009628234,-0.05825602,-0.021029865,0.016464844,0.0028485002,0.011593136,0.016023804,-0.03165096,-0.0073986086,0.014902362,-0.015998296,0.03576265,0.0644891,-0.006963182,0.0017034682,0.025842205,-0.042957135,-0.0074849795,0.012158376,0.035559,-0.031913888
0.041629963,-0.08199515,-0.06585172,-0.024642635,-0.07566143,0.0018902645,-0.053526107,-0.04086828,-0.047154266,-0.05102925,-0.060668793,0.0016775064,-0.06302778,-0.073897295,-0.006084712,-0.03430417,-0.07406949,-0.073460296,-0.06224285,-0.024896495,-0.015610237,-0.00909137,-0.01957467,-0.035222743,0.009173357,-0.06879139,2.6093172e-05,0.013030057,-0.059704203,-0.024894428,-0.051582776,-0.07027261,-0.070548415
