Food,bacon,bagel,biscuits,bread,breakfast,butter,cake,candy,champagne,cheese,chocolate,cookies,cotton candy,crackers,croissant,cupcake,dough,egg,egg rolls,honey,hotdog,ketchup,mustard,pancakes,peanuts,pickles,pie,pizza,popcorn,pretzel,rice,salad,sandwich,shrimp,soup,spaghetti,steak,sugar,sushi,syrup,teabag,waffles,wine
-0.06277099,0.0048743705,-0.012348639,-0.0068888604,-0.03085842,-0.06359953,-0.040116236,-0.04733927,-0.06165526,0.02969366,-0.015016687,-0.0022939774,-0.028732333,0.002918534,0.007895381,9.796743e-06,-0.030737747,-0.024533723,-0.049959403,-0.022890963,-0.012052622,0.052648306,0.061488558,0.05884651,-0.017536446,0.0012656101,0.055298403,-0.01945483,-0.014118082,-0.032509476,-0.009844861,-0.05043721,0.003513687,0.025670296,-0.021428969,-0.037885435,-0.04879472,-0.005014763,0.01431916,0.013912345,0.0012138054,-0.002018903,0.033487156,-0.056222282
0.0074164574,-0.011186935,0.013893539,0.014384537,-0.025560195,-0.020002743,0.002465377,-0.0011853598,0.032584608,-0.009429823,0.003228515,-0.033969425,0.036752224,0.06278992,0.05779517,-0.042152867,0.050610103,0.031398933,0.020213038,0.012399885,-0.007324332,0.001590116,0.0076621845,0.033471026,-0.004013108,0.04312679,0.03957885,-0.0183052,-0.040298246,0.057479978,0.01514145,-0.0016662788,-0.00065700326,0.016379422,0.036261983,0.011387526,0.030329777,-0.038794555,0.021150058,-0.02843191,0.018819787,0.030112797,-0.004036595,-0.0022946717
0.069221005,0.046258457,0.036473237,0.01057646,0.03289878,0.047342893,0.0060322364,0.06025106,0.06547091,0.0077810055,0.0610074,0.02652126,-0.045332897,0.07596654,0.02324949,0.08650188,-0.005191976,-0.023737816,-0.015007258,0.06270906,0.039493408,0.047136344,0.06419407,0.07692359,0.07122442,0.049447764,-0.011992029,0.047118235,0.020058332,0.069724135,0.058744825,-0.02263259,-0.001457228,0.046179324,0.07414089,0.06908518,0.07373498,0.051285803,0.061661292,0.026619038,0.054141868,0.0047435365,0.07016436,0.03551316
0.05824038,0.018224172,0.044149034,0.022233821,0.06499462,0.011545878,0.05589428,0.038633782,0.03488326,0.021114444,0.048356477,0.00976427,-0.0015820905,0.026309665,0.025057055,0.051758662,0.001707931,0.06652735,0.07560403,0.045450702,-0.01846796,0.04917451,0.029735053,0.02547918,0.010214877,0.01818569,0.031379562,0.011141075,0.049051665,0.032832835,0.04956293,0.045355573,0.020435568,0.03600826,0.020174457,0.030314295,0.037309412,-0.020365516,0.033299834,0.023736037,0.024461716,0.047597244,0.0012560071,0.055028565
-0.003572534,0.046149127,-0.01956789,-0.032700803,-0.036918152,-0.03948649,-0.008087473,-0.039995532,-0.06596542,-0.027233088,-0.0067777666,0.013879631,-0.053588748,-0.025101239,0.052231487,-0.069036804,-0.050783653,0.017206049,0.03554956,0.031430203,-0.08148566,0.025922915,0.047075577,-0.0080562495,-0.02618649,0.006386722,-0.050817303,0.006629325,-0.0051290505,-0.010335555,0.054179855,1.15370985e-05,-0.029328385,-0.014288432,-0.0077628875,0.029122237,0.009742951,0.03778804,-0.025300689,-0.03855544,-0.019523432,0.061873794,-0.06233921,-0.053190388
0.06416405,-0.026885634,0.03767222,-0.04952383,0.07539413,0.07891575,-0.043852214,-0.05772217,-0.059624027,-0.021941457,-0.052404556,-0.049583748,-0.035695247,-0.0067237723,-0.022677576,0.037710097,0.03335505,0.03783687,0.044931643,0.04274113,0.04719602,0.04757195,0.03427643,-0.019989688,0.054723985,-0.052667305,0.07686067,-0.07701225,-0.0026953171,-0.06903401,-0.046310432,0.055610344,0.05248802,0.0652783,-0.028651636,0.077177994,0.068326235,-0.06341736,0.058712926,0.0031184833,0.008258082,-0.03382919,0.0012807925,-0.032101575
-0.0046084975,0.03788072,-0.029343652,-0.0465216,-0.048261482,-0.023155268,-0.054444134,-0.014527474,0.036477637,-0.033618033,-0.068255015,0.015399766,-0.046886656,0.06541228,-0.034752093,0.01587707,0.0021681064,0.0061438675,0.045533586,0.02557119,0.06392742,-0.066389196,0.050189685,0.040312387,0.05129297,0.027932161,-0.040011514,0.023846474,0.043508608,0.048882667,0.029469505,-0.013733538,-0.01126485,0.001959142,0.03566006,0.029681344,0.050754264,-0.014878536,0.024547566,-0.00845435,0.037180606,0.019276142,0.017933331,-0.039621376
-0.03570866,-0.04042853,-0.049411274,-0.023859765,0.016253686,0.014650871,0.028372675,-0.052279223,-0.023866728,-0.019224333,-0.04957192,-0.04627186,-0.038298264,-0.03710467,0.050277747,-0.004582497,-0.04577545,-0.006769066,-0.016474554,0.044372533,-0.016655404,0.015354418,-0.030803008,-0.015448648,-0.033506237,-0.05622869,-0.043993935,-0.061600696,-0.06070822,-0.048071243,-0.026266748,-0.020369735,0.012839143,0.04831159,-0.0029911124,0.035795905,-0.024332678,-0.044014797,-0.027266039,-0.053032037,0.021212451,-0.036339104,-0.017865472,-0.04761647
-0.022302179,0.03298865,-0.053435896,-0.07505342,-0.02287743,-0.041558485,0.03268871,0.0032212771,-0.04752465,-0.05900827,-0.0194751,-0.002580899,-0.0766226,0.027676905,-0.0781793,-0.020742876,-0.05845079,0.00067576044,0.028577732,-0.07446867,-0.0029087905,-0.008298993,0.019729504,0.04076286,-0.072657496,-0.07973719,-0.072198026,0.030672764,-0.022889594,0.009736409,-0.043605767,-0.0357942,0.015855849,0.0072405115,-0.053824183,0.011072616,-0.022644898,0.022359697,-0.052098945,0.04617139,0.023005415,-0.002164237,-0.07051638,0.013210725
0.030971786,0.037585646,0.036461387,0.04833739,0.06673538,0.06857299,0.045844004,0.026687,0.0079781655,0.012182551,0.05487673,0.06071926,0.038669642,0.048610475,0.06729354,0.026325682,-0.0005429411,-0.022338279,0.053036995,0.023291409,0.051301777,0.048381235,0.043936796,0.051895484,0.04855418,0.0017607198,0.047067907,0.045364145,0.04335304,0.049773656,0.031682536,0.04225828,0.02872169,0.0010074606,0.060713135,0.015957281,0.060017154,0.044868957,0.02348398,0.030961437,0.032376837,0.06334477,0.059199143,0.032146387
0.05440054,0.04127286,-0.061483994,-0.003056061,0.0076317075,0.016378103,-0.04181,0.014466699,0.014978344,-0.057351217,0.010169417,-0.0028104626,0.009043648,0.053222,-0.014062417,-0.02969799,-0.013695961,-0.042366296,0.049299404,0.03432526,0.012591971,-0.002137216,-0.012857188,-0.01724071,0.013635669,0.029859556,0.013131794,-0.015054932,-0.042092673,-0.01847397,0.017459352,-0.06376405,-0.022420058,-0.01405076,0.0566303,0.0001658383,-0.022236321,0.027950773,0.0067256303,0.03889439,0.022751518,0.031795748,0.026387213,-0.0345748
-0.010095433,0.020337343,0.041639987,-0.043013237,-0.025114974,-0.06286783,0.0005510169,-0.043891467,-0.03355254,-0.011889925,0.01600205,-0.06256425,-0.062235788,0.06635696,-0.05257575,0.078713104,0.03789336,0.008380783,-0.065613195,-0.0684695,-0.024196003,0.020095872,-0.015802752,0.037301738,0.0025375297,-0.049060054,0.0093032885,-0.007501482,-0.070378415,0.013544027,-0.017259767,-0.009999902,-0.062644176,-0.035508424,-0.0164232,-0.038586408,-0.06690842,-0.060373913,0.03407117,-0.010148407,-0.008785628,-0.00039406383,0.017747639,-0.023515044
-0.0065155937,0.018246654,0.021084635,-0.041346144,-0.0062986207,-0.044544976,0.026631309,-0.006243283,-0.02181217,-0.01261156,-0.07337726,-0.001798678,-0.0575011,0.031440597,-0.04697272,-0.028928235,0.016476631,0.05922207,-0.018396812,-0.026418122,0.035854604,0.028933873,0.020063719,-0.009461136,-0.058896787,-0.048512053,0.016847076,-0.04707946,0.031140463,0.053590976,0.05034024,-0.07729218,-0.06771091,-0.04669743,-0.001984958,0.016558701,0.039829638,-0.013076822,0.012765496,-0.023080872,-0.065982416,-0.033917114,-0.021470334,-0.029511712
-0.014878825,-0.061795797,-0.046050288,-0.0023588876,-0.050451376,-0.012302036,-0.055001277,-0.038218014,-0.05788575,-0.029777044,-0.06882147,-0.06782711,-0.02403066,0.02787475,-0.049813204,-0.040976573,-0.06099491,-0.046641234,-0.01965612,-0.067328036,0.07936711,-0.07832505,-0.05893568,-0.046777923,0.03129081,-0.04327011,-0.023249717,-0.03613164,-0.05613679,-0.052118383,-0.018775553,-0.05535827,-0.02244385,-0.035144266,-0.036618944,-0.06142691,-0.058175523,-0.057234176,-0.03551288,-0.06664675,-0.019345293,-0.052170012,-0.020415233,0.009783673
-0.09793619,-0.078230456,-0.0789685,-0.07923686,-0.079178706,-0.08877495,-0.08373,-0.08276354,-0.083447225,-0.0831939,-0.08486761,-0.08689451,-0.08224502,-0.058073174,-0.08161037,-0.0824304,-0.08071803,-0.080301866,-0.028011119,-0.06610422,-0.0865791,-0.08603343,-0.07379595,-0.079129346,-0.07718886,-0.08139375,-0.0780051,-0.08855274,-0.08157347,-0.07693083,-0.081244215,-0.08133506,-0.08483665,-0.087670736,-0.07702704,-0.085019864,-0.075342506,-0.080553815,-0.08867196,-0.077111386,-0.08425015,-0.07128732,-0.07785149,-0.08409111
-0.06878864,-0.016223572,-0.030039202,0.00668245,0.009362147,-0.0579757,0.018320847,-0.047191948,-0.06776324,-0.006284865,-0.017710501,-0.003314558,0.012848685,-0.0149236685,-0.027322203,0.011806727,-0.056327853,-0.04639263,-0.038629778,-0.02160689,-0.010431784,-0.0010534386,-0.014032318,0.007296311,-0.0397603,-0.022009935,-0.023275452,-0.0525618,-0.02731477,-0.019608881,-0.031320453,0.021671005,-0.011698011,-0.02902515,0.012710317,-0.016794724,-0.039792053,-0.014304601,-0.021579867,0.007091039,0.011301209,-0.052860122,-0.03790126,0.02988156
-0.010809841,0.037134532,0.01633247,-0.01227699,-0.034326095,-0.032176316,-0.009896494,-0.0070449933,-0.07857442,-0.014924907,0.04178509,0.009602523,-0.016590588,0.006006972,0.016611742,0.028260326,0.025483442,-0.00064778805,-0.0341352,0.058994148,-0.050782736,0.055965297,-0.007020146,0.037666358,0.024426391,-0.036049917,0.030348852,0.05100727,0.02582059,0.032590237,0.020737221,0.0034485972,-0.0008386766,0.04557346,0.04199985,-0.021186383,-0.032395106,-0.008214834,-0.06887488,0.04871726,-0.018647863,0.05268694,0.05387341,-0.046308275
0.04909562,0.027329883,0.024143202,0.0017583079,0.04031186,0.0433709,0.051340576,0.066055074,0.014855926,0.080592096,0.06552473,0.0668325,-0.0022785498,0.054606255,-0.035991378,-0.0021171065,-0.009605404,0.031182418,0.051826786,0.052242108,0.028543282,-0.014891616,-0.052350976,-0.04340544,0.039917473,-0.0074272067,0.0015624439,0.06959985,0.07278652,0.02685925,0.044358473,-0.057957504,0.0201062,0.052334554,-0.0013466284,0.05737636,0.035456326,0.06817715,0.008263286,-0.0022025837,-0.004489562,0.029795991,0.056663837,0.044720516
0.0007374427,0.060269393,0.057168383,0.03204172,0.030296035,0.042244777,0.047616825,-0.003773674,-0.029345054,0.037808422,0.028052837,0.038251188,0.00249696,-0.050742477,-0.020240448,0.017414978,-0.02666411,0.057477273,-0.059162986,-0.056471165,0.0072697555,0.010513074,0.044279084,0.0025746108,0.022022288,-0.062369037,-0.05000129,0.04506585,0.021127576,0.026616808,-0.0016630524,-0.0044387947,-0.06404202,-0.014231718,-0.07272896,-0.0148151675,-0.058980912,0.0117321955,-0.043600086,0.055212054,0.052653473,-0.050812244,0.048316944,-0.0053755995
0.005494147,-0.037664145,-0.06783887,-0.024371643,-0.061260983,-0.05172473,-0.080212444,-0.05812817,-0.06461748,0.0068009645,-0.025530063,-0.060956415,-0.06297694,-0.06728996,-0.017815385,-0.055407714,-0.06319918,-0.022208342,-0.047039405,0.01788074,-0.054006863,-0.038625345,-0.07136253,-0.04104425,-0.06491182,-0.05240624,-0.019440038,-0.06313901,-0.031607565,-0.07086981,-0.053217486,-0.06706878,-0.05694154,-0.059921697,0.018759314,-0.057383396,-0.070848264,0.01563645,-0.050160095,0.03542586,-0.05670337,-0.051816367,-0.059142258,0.024135858
0.051742136,0.029336823,0.011151416,0.0072932155,0.03317855,0.021823607,0.045240127,-0.0029768283,-0.01030686,0.04705125,-0.0063636396,0.00026820326,-0.019177675,0.058636002,-0.04702857,-0.023330577,0.03355873,0.04397412,-0.016354328,0.026056249,0.058218285,-0.002901021,-0.0017361796,0.03478865,0.05154825,0.011685611,0.05117717,-0.006725968,0.034718707,-0.011528674,0.030349523,-0.0033051774,0.04169489,-0.042943753,0.011291006,-0.0010574388,0.004939947,-0.030144496,0.009834919,0.018139908,0.03773742,-0.022010839,0.0694585,0.010569397
0.02629902,0.07397928,0.07170036,0.059781756,0.06767813,0.07854429,0.025178153,0.07826499,-0.04980754,-0.023258995,0.057451397,0.044969488,0.033861555,-0.024022471,-0.0019138084,0.07095904,0.07105994,0.06693258,0.07142295,0.06362851,0.036771767,0.027954133,0.017892063,0.04073272,0.07530976,0.041080046,0.07615366,0.04844145,0.076775275,-0.05181353,0.04825285,0.075372934,0.021176936,0.033476852,0.046905287,0.0734319,0.0644539,0.03429973,-0.024916694,0.042548053,0.034878403,0.054845937,0.06821295,-0.043819923
0.008947542,0.019891689,-0.051172934,-0.017442329,0.024644932,-0.021264149,0.010784718,0.03566775,-0.0008819233,0.06597239,-0.033147458,0.06138584,0.012652041,-0.016933665,-0.059291776,0.014735027,-0.022386944,0.021448717,0.023883518,0.0051479195,0.03602303,-0.047808606,0.058012623,0.017621055,-0.0010797619,-0.019878414,0.02212626,0.00046030583,-0.053751636,-0.07055201,-0.049721107,0.0095952535,-0.017362535,-0.048693277,0.0003635776,-0.06349739,-0.04654345,0.059484653,0.06732366,-0.005208359,0.008035648,-0.022590298,-0.041337922,0.0025828786
-0.024613786,0.050996535,0.07059348,-0.05837965,-0.04247579,0.010369301,-0.019055478,-0.005037376,-0.04761782,-0.011819471,0.006688875,0.013607462,-0.0145019675,-0.02188766,-0.065689534,-0.028860163,0.03072384,-0.058807347,-0.007683216,-0.05228237,0.07133889,0.07293704,0.059204727,-0.025400551,0.07148226,0.0048547336,-0.053271122,0.020094441,0.008491908,0.03270363,-0.06100536,-0.015443869,0.054306984,-0.00018238717,-0.072682835,-0.00828444,-0.028366651,0.052904557,-0.003709039,-0.010782019,-0.0352157,-0.06380205,0.037268378,-0.07193769
0.021746688,-0.03786696,-0.06404568,-0.067814134,0.015725125,0.012528675,-0.062175196,-0.03370559,-0.013641092,-0.03994709,-0.0109215975,0.030425075,-0.012046135,0.013742188,-0.068012945,0.007015745,0.046830937,-0.0019083238,-0.01565531,0.017101772,-0.07933901,0.0027345996,0.052623082,-0.02900709,0.055058956,-0.05391529,-0.0067028464,0.035637934,0.062550336,-0.049424917,-0.01572938,0.024905596,-0.053209472,-0.074816346,0.0005600312,-0.04318037,-0.033964455,0.04056833,-0.006631617,0.06889128,-0.020713314,0.019389007,0.068358585,0.03167145
0.012252615,0.02982199,0.072432496,-0.031422615,0.054135367,0.013770639,0.00844091,-0.042925667,-0.022694604,-0.018889643,0.029899994,-0.07100844,-0.05807367,0.05962121,0.06342037,0.06238207,0.014761807,0.036657836,0.0098728,0.011155855,0.026369844,0.04915474,-0.004128561,0.0052576005,0.012570442,-0.012091433,-0.0061006113,0.035393313,0.008524565,0.070173964,0.001844648,0.060266968,0.07463565,0.019941868,0.05190399,0.038388282,-0.05146218,-0.039914694,-0.02298368,0.057628326,0.0037614487,-0.014606889,0.04275959,0.026014756
-0.06818102,-0.013455473,0.035315473,0.0037822067,-0.031201193,0.0196656,0.047034066,0.014394548,-0.059791714,-0.019614702,-0.008492488,0.048961077,0.061612606,-0.08306335,-0.03154096,0.019151151,0.038253974,-0.04194246,-0.08565138,-0.07471228,-0.042120334,-0.0002114687,0.011988798,0.013669046,0.06157546,-0.00093810994,-0.019642899,-0.008259311,0.044947565,0.021904605,-0.016973522,0.0009362908,-0.0296582,-0.028811928,0.037892874,-0.041110266,-0.016073687,-0.04777496,-0.064074196,-0.025784256,-0.017310895,-0.058625262,0.046563555,0.059129003
-0.06362417,0.00021501201,0.044018716,0.017733391,-0.011001512,-0.05738601,0.057844393,-0.03194995,-0.022155931,0.065876275,0.029661521,-0.06985494,-0.028234864,0.041196875,0.040400125,0.009256603,0.029390315,0.0156739,-0.033881385,0.048569053,-0.07375785,-0.06439369,-0.05045048,-0.06353102,0.004599037,-0.03287479,0.04724566,-0.07232903,-0.05010555,0.0020102735,0.029774362,0.022477416,-0.05247892,-0.02503421,0.06806102,-0.056034345,-0.04072733,-0.033734873,0.029689947,-0.02930603,0.014603568,-0.059785385,0.026439797,0.007915476
-0.033905257,-0.033566445,0.057278726,0.0096507585,-0.005723689,0.059662502,0.041469563,0.024077244,0.038072117,0.04343556,-0.06267152,0.009826449,0.048464026,-0.022299683,0.031416595,-0.0069320803,0.044294387,-0.0048453133,0.048932504,-0.02560452,0.09032645,-0.012972703,0.058455914,-0.010461916,-0.009687373,0.056830246,0.059258804,-0.007721732,-0.06107119,0.025337996,0.072471745,-0.04841298,0.005982775,-0.020726416,-0.055490877,-0.044644013,-0.05288324,-0.030526226,0.08099864,-0.028583718,-0.0018459129,-0.01673669,-0.020630267,0.07128371
0.013360411,-0.04021605,0.010753916,-0.019681383,-0.019282626,-0.050112415,-0.050638422,-0.05714953,-0.013335672,-0.07943455,-0.034468513,0.010592085,-0.064446084,0.015821073,-0.009337905,-0.04344742,0.0065959576,0.013388933,-0.06017214,-0.05307336,-0.01937176,-0.011198771,-0.06484912,-0.049173806,-0.07505012,-0.025120493,-0.051657744,0.049816284,0.020389773,0.06785509,0.004025355,-0.06261713,-0.026129853,-0.019138262,-0.016535724,0.011300384,0.03152846,-0.009376673,-0.02814965,-0.043543518,-0.05458088,0.030817356,-0.028692579,-0.06624102
-0.024088271,-0.019868474,0.06546598,0.046993025,0.030625492,-0.027950583,-0.068398364,0.003648671,-0.039035063,-0.018539364,0.023690064,-0.014900375,-0.0063440353,0.055299107,0.06876973,-0.0820976,-0.039137997,-0.0024323235,-0.019807965,0.016264576,-0.012639777,0.06518237,0.068711236,0.059122507,-0.054210223,0.075251505,0.00079945073,-0.056631465,-0.024937088,-0.032072,0.052933123,0.065796,-0.008892876,-0.06408682,0.07068422,0.07293757,0.06916722,-0.076652266,-0.042530693,0.014499397,-0.05356287,-0.0015864001,-0.011065741,-0.07378302
0.04310759,-0.018435368,0.017378634,0.0010639308,-0.019511739,0.0056952387,-0.05335775,-0.04237179,-0.013198627,-0.04147849,0.039926022,-0.010655709,0.009573528,-0.06099303,0.011756974,-0.07620295,-0.012043411,-0.06445129,0.040016968,-0.034255143,-0.0074519897,0.011687571,-0.0662569,-0.034794174,-0.037892908,0.061147343,0.04384639,-0.052678727,0.031484462,0.005378136,0.021908488,0.017435763,0.060166325,0.03207054,-0.056377295,0.06312401,-0.066287465,-0.048587486,0.011904456,-0.013392622,0.006046412,0.026716126,0.034994915,-0.057934593
-0.07126618,-0.05129287,-0.053708818,-0.014147412,-0.034348626,-0.058463786,0.036638916,-0.06411708,-0.040242273,0.06392525,-0.04471228,-0.037931543,-0.039681736,-0.06791049,-0.06024285,-0.043238685,-0.07660111,-0.06699564,-0.015235016,-0.047193956,-0.047195792,0.044461474,-0.0033846889,0.050537832,-0.062001087,-0.008777574,0.04005872,-0.06146471,-0.0658885,-0.03327763,-0.0018323025,-0.055533778,-0.0044098357,0.025571624,0.0002650315,-0.045729466,-0.023285782,-0.0129347965,-0.07595437,0.0038610452,-0.015246145,0.062486175,0.0022088764,-0.069069184
-0.037235506,0.0751862,-0.0007543754,0.07254012,0.05509207,0.02918427,0.06475129,0.059726346,0.06422007,0.072277196,0.029629158,0.032813806,0.07685159,0.06645687,0.06385184,0.08472514,0.073306315,0.026153974,0.048263274,-0.013834911,0.0718899,-0.045930225,0.013112294,-0.047597572,-0.069029555,0.03552255,-0.023820637,-0.047348984,-0.046486765,0.07294717,0.07807527,0.050191782,-0.07060422,-0.027471095,-0.0739174,-0.016282147,-0.02213511,-0.06658046,0.08945743,-0.077018596,-0.0027184167,0.071178146,-0.05620986,0.07100658
-0.049270827,-0.034706876,0.07554682,0.049665645,0.0327279,0.03716812,-0.0005657256,-0.02082261,-0.04710888,0.01755572,-0.060027685,0.00078082556,0.02333617,0.052486017,0.04974899,0.07755455,0.06762336,0.038215563,0.042395476,0.06464341,0.056064267,-0.0012837575,-0.072485104,-0.053581152,-0.07082625,0.027522385,0.011390313,-0.0015126256,-0.032703303,0.03396908,0.028792728,-0.026958432,-0.04988572,0.028945992,0.027386168,0.079243235,0.02662875,-0.07208938,0.062389188,0.05282734,-0.0028525274,0.07458839,-0.031079793,0.012414225
0.048889454,-0.05707677,0.057478946,-0.054618876,0.04009415,-0.03263247,0.07837373,-0.038057033,0.00027812962,0.00081362936,0.059557006,-0.021783002,-0.015846658,0.021234773,-0.01987746,0.039545007,-0.0037081514,-0.04321362,-0.05307425,-0.06325228,0.052725676,-0.04340507,-0.029185813,-0.047992785,-0.07199218,-0.005250556,-0.02398129,-0.05347481,0.014722818,0.0536501,-0.02017045,0.020113118,0.04724951,0.026469229,0.073125064,0.01611978,0.038075216,0.050457045,-0.020719195,-0.03234257,-0.040763885,0.05960881,-0.062672846,0.05013181
0.051301673,0.014576066,-0.033183724,0.056268726,0.07212293,0.07028056,-0.0006846945,0.043390956,-0.00269715,0.027053062,0.007938899,-0.028950825,-0.021563977,0.00093359454,0.06376487,-0.015089613,-0.039613564,-0.021177094,-0.006533207,-0.015544645,0.049799632,-0.0020382195,-0.031524904,-0.0086314175,0.014406208,-0.013237709,0.008166958,0.026921662,0.012060645,-0.008990536,0.025692737,-0.004903882,0.014881841,0.037457902,0.0054123006,0.045829315,-0.035774045,0.03308062,-2.68962e-05,-0.06028659,0.02241125,0.055817746,0.062041767,0.07273587
-0.067088604,-0.029666826,0.036485136,-0.054202862,-0.035338126,-0.01233289,0.04616298,-0.04865041,-0.028409628,-0.044327166,-0.008737794,-0.06345307,-0.06942547,-0.059705377,-0.019233244,0.08450541,0.053664513,-0.04767351,0.0085577555,0.021195512,0.025652854,0.0063098143,0.015381583,0.025180893,-0.031159034,0.018978305,0.028932944,0.03787796,-0.025893144,0.040289488,0.032256976,0.056615997,-0.009284678,0.024712449,0.02097909,-0.005231118,0.0062510143,-0.033576857,0.0018315085,0.0054434347,0.004045303,0.053572554,-0.040921006,-0.05595462
0.067745075,0.058469154,0.050936423,-0.016069874,0.027935822,0.047167588,-0.050035294,-0.0645187,0.07320678,-0.05124707,0.06260432,0.07028883,0.030318255,0.06376566,-0.047963284,0.018474212,-0.010326026,-0.004115921,0.012129248,-0.050648928,0.0115136355,0.069825836,0.054349262,0.053756595,0.045384385,0.024998268,0.03476143,-0.0055106115,-0.030952305,-0.029587224,-0.042507686,0.04696167,-0.04962537,0.021850567,0.02400461,0.03031853,-0.0056869895,0.024798531,0.06685637,0.048904575,0.0510268,-0.051071506,0.020347282,-0.016857881
0.042602498,0.029854573,-0.047997646,0.037901476,-0.05296929,0.025489617,0.030532375,0.06293429,0.04633439,0.016483601,-0.012908525,-0.0044157244,0.012846619,0.05638284,-0.05689193,0.010908801,0.06407382,-0.041973054,0.06773137,0.0651091,0.004648509,-0.075366,0.065544546,0.036706876,0.076921605,-0.024704106,0.0034609544,-0.06341568,-0.009008866,-0.020607097,-0.046375044,-0.0057356283,0.023802767,-0.0422904,0.027548375,-0.07859175,-0.0674087,-0.054575473,0.06462365,0.02540782,0.06030243,0.05892142,0.07309867,-0.053654596
-0.056459263,-0.022232223,0.030014466,-0.007754066,-0.06713227,0.038895596,-0.036399927,0.031360466,0.023745632,0.022533612,0.0070261774,-0.05010029,-0.04518552,0.072213665,0.0017910075,0.054680046,-0.035761774,0.047443867,0.08058753,0.0735659,-0.04943772,0.020668209,0.03480022,0.001128629,0.026478112,0.02894607,-0.02887262,0.052406546,0.077450305,-0.014528227,0.04646505,0.04169388,-0.014315504,-0.049723342,0.010749073,0.06030189,-0.0026737498,-0.04830216,-0.011429229,0.076013446,-0.034738496,0.021224672,-0.02827594,-0.04167989
0.05761394,0.03231141,-0.00768659,0.029874418,0.019684363,0.04050153,-0.026256707,0.04145285,0.038914867,-0.038378127,0.047071785,0.071592346,0.026902152,0.01597591,0.044868343,0.014001038,0.049440168,0.015293146,0.0058601745,0.02369057,-0.009020673,-0.06054835,-0.032616664,-0.0042831767,-0.009615076,0.06205566,0.022440871,-0.0036964933,-0.015230397,-0.03404398,0.023266744,0.02417476,-0.035112657,0.026868785,0.0023623921,-0.0019074717,-0.025663441,-0.031364914,0.043163486,0.023205888,0.029502403,0.036224227,-0.00899308,-0.019264419
0.08754694,0.07644083,0.020727793,0.040686946,0.04421904,0.01678171,-0.074088424,-0.06805698,-0.08636156,-0.07543828,0.013845294,-0.06876527,-0.002614395,-0.04066994,0.03137302,-0.020530885,-0.053367533,-0.033025347,0.013306621,0.06810198,-0.010447063,0.084612265,0.06882105,0.062182806,-0.036977593,0.024595816,0.07602101,0.030546645,0.08053279,0.0015128381,0.037112445,0.07150171,0.07024335,0.07991152,0.06353117,0.079745084,0.07425947,0.08014485,-0.06473001,0.07087989,-0.079270884,-0.07039608,-0.05698076,-0.07365635
-0.064925715,-0.06229291,-0.02023432,-0.014377931,-0.07339194,-0.06968842,-0.06943697,-0.046684373,-0.0475636,0.021570334,-0.024521451,-0.039000582,-0.05973993,-0.067708656,-0.017796196,-0.061059743,0.023424655,-0.0576562,-0.060072113,-0.07207142,0.016089069,-0.040181406,-0.06207322,-0.052084282,-0.07094408,-0.045466997,-0.013714026,-0.009714486,-0.07101837,-0.056142017,-0.04813659,-0.05247202,-0.06061284,-0.051329035,-0.036608387,-0.053884808,-0.057831742,-0.055536926,-0.031767406,-0.04679934,-0.033728123,-0.06485459,-0.038390197,-0.04625645
-0.088984475,-0.0769667,-0.06045478,-0.058615457,-0.07464756,-0.04267128,-0.06665815,-0.061613217,-0.023191769,-0.050126318,-0.06510202,-0.039566558,-0.051668096,-0.058173433,0.004066206,-0.07140901,-0.046465315,-0.0790971,-0.07087517,-0.07816923,-0.03844752,-0.086156696,-0.029962359,-0.06669382,-0.073456846,-0.050158523,-0.072877176,-0.07527204,-0.07454349,-0.05133131,-0.015500235,-0.06509222,-0.07873924,-0.05533114,-0.07944783,-0.075809635,-0.06423477,-0.079602264,-0.036890514,-0.07543714,-0.015641574,0.046792533,-0.07102369,-0.029011909
-0.049310807,0.036541693,-0.010670061,0.04088851,-0.044635173,0.020891413,0.012306072,0.038163234,0.0007357058,0.07001243,-0.011904835,-0.011850988,0.02301887,0.07285546,-0.04707205,0.019774769,0.05283721,0.00034295002,0.018973924,0.009084979,0.0005881039,-0.07248509,0.02372801,-0.036708757,0.0030310396,-0.03412428,0.01629276,0.059049517,-0.06975709,-0.008328362,-0.020686861,0.06656134,-0.03394923,-0.055821892,0.057302497,-0.056984134,-0.00031938095,0.07599445,0.07370592,0.055165537,0.0193786,0.07616722,-0.061449077,0.065828584
-0.013119724,-0.040704433,-0.024676837,-0.027305704,-0.066357195,-0.06278969,0.0061106943,-0.028571514,-0.025259102,0.015333422,-0.06168242,-0.019980283,-0.015218094,-0.06491687,-0.04243394,-0.06017644,-0.0017497522,-0.025813563,-0.03848764,-0.05908254,-0.081921026,-0.029156623,-0.036917087,-0.057053644,-0.05711889,-0.07543058,-0.068854816,-0.0471906,-0.060706384,-0.06744876,-0.068998985,-0.041460667,-0.055024516,-0.045201715,-0.04858769,-0.060272302,-0.056181375,-0.068771504,-0.03491651,-0.04432274,-0.0074128914,-0.038151354,-0.06504999,-0.06195966
0.022394262,-0.023307811,0.07225858,0.05305253,-0.03738362,-0.041283675,0.055914152,0.047734372,0.0020313568,0.033848897,-0.019838752,-0.026605591,0.019809503,0.046776522,0.010472993,0.080945,0.066568166,-0.002808306,0.03905581,0.0610889,0.028837869,0.03350174,0.073083416,0.07542695,0.04382051,0.015806543,0.05656084,0.03138881,0.038613655,0.07208142,0.073227465,-0.028780604,0.04488694,0.03860434,0.023062196,0.032633662,0.051173445,0.0094074,-0.007982217,0.064267136,-0.030273836,0.042327054,-0.0076302392,0.028963143
-0.010416737,-0.074551836,-0.0543043,-0.03691955,-0.051449984,-0.024099132,-0.078893624,0.056645963,0.076140136,0.020967763,0.013487128,0.07574629,0.0485179,0.08107126,-0.075609185,-0.0752771,0.0061359624,-0.01799558,-0.040372293,-0.002676815,0.00060624385,-0.04222364,0.050101347,0.038326286,0.063047916,0.036461245,0.058830056,0.02064377,0.020237945,0.027781688,0.0742894,-0.04150036,-0.057627536,-0.07556335,0.006030474,-0.0375015,0.0012299378,-0.05642182,0.07554034,0.051059723,0.0032301843,-0.053196236,0.048992544,0.01703699
-0.08766255,-0.019641064,0.018588364,0.021128185,-0.00910014,-0.02199243,-0.014978708,-0.024431316,-0.01693552,0.056486957,0.06287285,-0.014350687,-0.03034544,-0.06692475,0.036692638,0.062449224,-0.07177892,-0.0534117,0.018458873,0.030893777,0.054129977,0.06150801,0.057125773,0.07099609,-0.056317676,0.0052262326,0.025202293,-0.0272407,-0.0061922665,-0.0386858,-0.046321213,-0.07342592,0.015378445,0.043711957,0.017004874,-0.014171806,-0.066730954,-0.037190054,-0.0065659373,0.05268748,0.0119699985,0.07276521,0.030957472,0.0045075314
-0.017191824,0.031009383,-0.008602352,0.043749552,0.035705373,-0.033930287,0.0012048599,0.03260066,0.060269233,0.019601258,0.030169964,0.061792415,0.06498217,0.068703316,0.032891165,0.032269627,0.053435497,0.056773264,0.078597516,0.069176525,0.036021978,-0.00619049,0.066960864,0.03945781,0.0038328273,0.06144466,0.07751304,0.069395594,-0.0045099393,0.054518614,0.019212719,0.03327913,0.01873377,0.007846395,0.06251902,0.053146306,0.031894222,-0.0011655446,0.045627058,0.026732536,-0.02564976,0.0671671,-0.04318116,-0.018401485
0.05014611,-0.051330857,-0.00078714296,-0.045533504,0.0067869206,0.020493474,-0.020849057,-0.021738922,-0.01072651,-0.033212796,-0.030118594,0.010582511,-0.04955596,-0.04983375,0.036909956,0.056131937,0.0035113539,-0.003912739,0.05184423,0.05150255,-0.040717725,-0.03837949,0.010464348,-0.02484905,0.026261006,-0.033981144,-0.0049073603,0.025817638,-0.06502622,-0.038258404,-0.043897897,-0.0052551716,-0.02072072,0.047517,-0.024790881,0.002415881,-0.017233426,-0.01281902,0.020606995,-0.0014672816,-0.012866424,0.0039248853,-0.01849709,0.01754328
0.08046853,0.071518466,0.07244824,0.073401466,0.069297455,0.07919887,0.055094853,0.07940756,0.078031816,0.07413821,0.07388456,0.08129875,0.070854865,0.058465015,0.0726501,0.07122744,0.07524753,0.07663536,0.07695969,0.06303356,0.079805374,0.028363286,0.042141937,0.060783893,0.06989968,0.07836719,0.06645341,0.08165515,0.074294865,0.05538918,0.077526756,0.07382972,0.07817888,0.072036445,0.07358185,0.073713206,0.06607932,0.07555683,0.08077109,0.070126824,0.071427114,0.06287113,0.06460648,0.07999116
0.022628477,0.05635352,0.07408333,0.04152943,0.01428473,0.036317606,0.048062563,0.06811321,0.016440876,0.043498117,0.06005905,0.056312937,0.033395365,-0.030249393,0.02885188,0.07834786,0.062584825,0.052944526,0.080727935,0.060891755,0.019187512,-0.0132174045,0.04308181,0.033962384,0.039556723,0.007868316,0.05858491,0.05807831,0.07104217,-0.027821254,0.05584976,0.030724436,0.020114027,0.029142797,0.020524045,-0.029705543,0.06316784,0.03068357,0.028439658,0.06841285,0.009285662,0.0112211,-0.0010448388,0.047972266
-0.04394793,-0.018420469,-0.007553161,0.03994326,0.051555157,-0.04797245,0.08023839,0.06561537,-0.018185135,-0.083466776,0.071114436,0.057490204,0.033708062,-0.042353164,0.014747835,-0.045524273,0.03175578,-0.030099569,0.05363477,0.06395921,-0.012321657,-0.011711784,0.028273035,0.044143558,0.014820316,0.07799924,0.060774136,0.044746548,0.011753426,0.040134046,0.06096815,0.0628696,0.05660377,-0.00486135,0.05180356,-0.05331411,0.046659004,0.066680446,-0.044253655,0.06955962,-0.0040828516,-0.061402634,0.035502773,-0.022278931
0.008270956,0.06474562,0.06735321,0.046076074,-0.05704427,0.056342192,-0.078662366,-0.061622128,-0.04036168,-0.00083770714,-0.0062266095,-0.021960368,-0.03412341,0.008616056,0.04749536,-0.024772042,0.0114669725,0.003053761,-0.019136982,0.050877027,-0.061337195,0.06427923,-0.07069956,-0.072611645,0.03536268,-0.06740204,-0.051921993,-0.01864268,0.07931403,-0.029398993,-0.080154054,-0.019342972,-0.042950094,0.011167608,0.014814049,0.039446346,0.00097550196,0.06789882,-0.069497526,0.07103645,-0.08165431,-0.07119033,-0.056190602,-0.03503808
-0.0051521044,-0.030383207,0.028370658,0.019914646,-0.024833085,-0.0049173143,-0.021980964,0.035084542,-0.031873748,0.0052576796,-0.021283468,0.033027273,0.0051576123,-0.009339483,-0.02457549,-0.010744902,-0.010878038,-0.012441421,0.049632244,0.028602017,0.038846735,0.024855165,0.020281503,0.036191113,0.036738716,0.026266485,0.056743555,0.03725478,0.05077406,0.0061035813,0.0032340616,-0.050395753,0.011170054,0.008516259,0.016304808,-0.018162234,-0.052390143,0.041287977,0.01976273,0.046529703,0.012674086,-0.009065031,0.04911153,-0.04428826
0.0018536623,-0.0228463,0.04170184,-0.05768793,-0.056084324,0.00049833365,-0.041460816,-0.03446539,0.07043975,-0.060607377,0.018027447,0.018830843,0.054387584,0.023655921,-0.019204957,0.07313685,0.03910229,-0.0009331144,0.007058822,-0.020511417,0.020886607,0.07758278,0.06805718,0.06502169,0.052752193,0.04786647,0.004901721,0.0034283458,0.0296008,0.072650954,0.062089503,0.029957738,0.011434233,-0.03423181,0.016798442,0.048277117,0.06780388,-0.042693734,0.045717172,0.0037859252,0.0481947,-0.04249419,0.011528902,0.025422735
0.05386733,0.056286797,0.02474345,0.044090193,0.0523839,0.033574115,0.025190417,0.04032161,0.041815065,0.054744862,0.005504045,0.04301078,0.041910935,0.07241977,0.026727596,0.03268644,0.051941674,0.07271373,0.029530147,0.059851468,0.051514797,-0.013554579,0.015990406,0.041969363,0.03725676,0.054293282,-0.05806446,0.0059173843,0.049968135,0.0637278,0.052061174,0.070939586,0.040265027,0.042988535,0.06696013,0.049259406,0.05455089,0.07439931,0.0433349,0.03294947,0.04445207,0.027843127,0.028634546,0.057340395
0.026243351,-0.044918045,-0.05653427,0.04974658,0.051919717,-0.06172147,0.043281652,-0.030421639,0.054315068,-0.07543102,0.0064771064,-0.010285022,0.063492864,0.08168684,0.044310436,0.046670318,-0.076655954,0.026388988,-0.022343649,-0.01932057,0.07066621,-0.05244351,-0.0028395464,0.041902617,-0.0035242874,0.05205019,0.05587374,0.056739748,0.0021767165,0.07012149,0.02503781,-0.041058753,-0.031549603,0.049386315,-0.008245963,0.040574085,0.013557379,-0.047173545,0.062024705,-0.046855453,0.05290341,0.06491766,0.056762226,-0.04739563
0.013012234,0.032755524,-0.0028569913,-0.020188633,0.010811907,0.03971999,-0.014828283,0.009158906,-0.05094314,-0.029010078,-0.033423364,-0.019735504,0.0057634423,0.028680455,-0.05788631,-0.08001681,-0.04428643,0.018726213,-0.01825443,-0.046019387,0.02007932,-0.053078126,-0.054649565,-0.013727776,0.014927108,-0.03395441,-0.063281864,0.023245197,-0.048781365,-0.02497994,-0.05365352,-0.017894572,-0.02530408,-0.06140038,0.04128037,-0.004913449,0.024082504,0.018087896,-0.058426116,-0.06295641,-0.03988072,-0.067218326,0.0017506783,-0.04359832
0.030286372,-0.033672374,-0.06509314,-0.0029871848,-0.003912179,-0.0635941,-0.059275467,-0.07045478,-0.077246435,-0.024794785,-0.039305497,-0.08621881,-0.06562695,-0.07077799,-0.056070905,-0.07616947,-0.07775928,-0.0042793998,-0.0823241,-0.075861506,-0.050707437,0.043269195,0.013023042,0.030730577,-0.07636234,-0.06703542,-0.06888352,-0.0018189262,-0.008112544,-0.07674722,-0.027582511,-0.063127205,-0.059683688,-0.0038990534,0.003155009,-0.017705701,-0.038218588,0.045467958,-0.083891265,0.013702526,-0.06438372,0.037179403,-0.06819077,-0.03020759
-0.008097469,0.050104912,0.052070253,0.042920608,0.030433813,0.0015032312,-0.0010353421,0.03703313,-0.0011926586,0.023585334,0.046508756,0.034860943,0.026906405,-0.017909218,0.033101,0.06797029,0.02213675,-0.03533476,-0.022115713,-0.0073526795,0.004889021,-0.0033993018,0.0059464765,0.016299544,0.0024625363,-0.004950978,0.022315478,0.010331371,0.06311935,0.053888727,0.05357345,0.0005971057,-0.028098999,0.014868693,0.031671014,0.05265534,-0.00887819,0.062871516,0.012982232,0.048878677,-0.04494557,-0.0499259,0.004866895,0.016896077
0.073750496,0.04066007,0.05521238,0.05840657,0.06601375,0.07148832,0.0527481,0.059037086,0.068288915,0.034279007,0.05707956,0.03594619,0.055348407,0.054790393,0.05568753,0.041892093,0.042480532,0.05893486,0.06580915,0.052138075,0.06363255,-0.024670439,0.05433519,0.040879246,0.056742996,0.056683287,0.041476592,0.03301618,0.061062843,0.067011744,0.03923796,0.051346898,0.02599701,0.027493227,0.07044473,0.057561204,0.051767632,0.022153009,0.049566314,0.06267319,0.06404258,0.04941333,0.062025685,0.07213452
-0.024017222,0.049662296,-0.012060812,0.04682266,-0.016553337,-0.017159041,-0.002370264,0.010782145,0.013029314,0.021982932,-0.034758005,0.052525137,0.027909117,-0.050200313,-0.018945947,-0.058703694,0.035861608,-0.04798154,0.006180601,-0.029419523,0.04040251,0.055708464,-0.0032161316,0.037222903,0.021847531,0.044424426,0.0345089,0.040619433,-0.019112727,0.023170173,-0.017133333,0.028019512,0.03029985,-0.04248278,-0.048009705,0.0391444,0.07161435,-0.06725735,-0.016801935,-0.009259516,0.04052763,0.034679595,0.062871,0.053995155
0.023735525,0.025258383,0.060171284,0.05414836,0.006283743,0.07326124,0.05317453,0.051816393,0.062258773,0.055551168,0.031907156,0.042850696,0.051968407,-0.011045131,0.06338341,0.02073043,0.062102716,-0.013633502,0.0035545805,0.0065366053,0.056747597,0.037638396,0.051719528,0.05094105,0.020591024,0.056323428,0.04186438,0.04051603,0.051805176,0.020949308,0.033544023,0.051884174,0.04106654,0.06435853,0.05169655,0.024078988,0.07136666,0.059378773,0.031539664,0.060985163,0.01848439,0.042736012,0.032660544,0.034003694
-0.067028075,0.020115396,-0.011485198,-0.024581308,-0.026993383,-0.04657511,-0.034528263,-0.036967196,-0.04606706,-0.07037045,-0.0067207906,-0.029959045,-0.026395049,-0.034686364,0.0034348746,-0.029603925,-0.039993018,-0.011827188,-0.021660717,-0.010853182,-0.0807258,-0.015924698,0.029667398,-0.06314775,-0.029904684,-0.025065051,-0.012067743,-0.048540097,0.02998871,0.002333783,-0.022187123,0.00022004815,-0.03916709,-0.037717585,-0.04057843,-0.012239616,0.024452798,-0.066603325,-0.055339746,0.00867699,-0.06738775,-0.0022948782,-0.06623682,-0.06348447
-0.026544716,-0.010123506,0.058278494,-0.0112863425,0.063555054,-0.02638342,0.06461677,-0.035538666,0.039368298,-0.026776846,-0.010366178,0.01908371,0.030956447,-0.030580627,0.054150652,0.080214724,0.034845762,0.053659454,-0.06463376,0.019701382,0.0027808796,-0.009984051,0.035942253,-0.014654063,0.05218781,-0.048028108,0.018247781,0.031320035,-0.016466778,0.04223847,0.014594871,-0.009221477,-0.07747102,-0.0011333082,0.0697914,-0.002449488,0.037887637,-0.040349547,-0.04210684,-0.036333274,0.025747089,-0.022414802,0.036425423,-0.05459574
0.07337421,0.076208204,-0.037412755,0.051796712,0.020997472,0.07297405,-0.043939326,0.05303025,0.06050866,0.069367714,-0.063444495,0.04722602,0.065660596,0.07918075,-0.001265113,-0.02614952,0.043420065,0.05799721,0.08144291,0.07639616,0.060359288,0.05766842,0.053514335,-0.057131104,0.068754435,0.038165804,-0.0052375393,0.08150818,0.045696698,0.056436524,0.022414515,0.019102909,0.06949801,0.06724621,0.06588943,0.05426821,0.061875813,0.038666245,0.079284646,-0.047100436,0.06294818,0.05547654,0.048665274,0.043008406
-0.012942023,0.035166692,-0.038956866,0.028285664,-0.05433572,0.027022144,-0.04414528,0.039473552,0.06326198,0.06362168,-0.0035620867,0.074152656,0.071799695,0.071442544,-0.0024546986,0.062726855,0.036523804,0.024994409,0.018477542,0.0065277442,0.079536244,0.057712283,0.012285269,0.014759695,0.034856457,0.063217744,-0.04385055,0.07704515,0.057577614,-0.05099285,0.030688187,-0.0063623106,0.036232103,-0.026187602,-0.0250835,0.0052462895,0.03738552,0.0632785,0.055957608,0.01119062,0.037735876,0.027005011,0.0042312574,-0.021586042
-0.008625396,-0.06775809,-0.06959247,-0.05996054,-0.052405983,-0.058131,-0.07269541,-0.024985317,0.007770682,-0.04420279,-0.048001006,-0.018852917,-0.04057361,-0.04241217,-0.055807814,-0.062144596,-0.033714335,-0.041003883,-0.03349279,-0.042234924,0.00026621178,-0.0124022225,-0.02815122,-0.051922772,-0.06495706,0.040567882,-0.017945763,-0.06864578,-0.038940795,-0.019501192,-0.016079405,-0.062223,-0.04915322,-0.043925595,0.029519327,-0.0038742067,-0.043386973,-0.042134773,0.030617826,0.023448274,-0.034546413,0.027166404,-0.06286542,-0.0031694733
0.013771401,0.0066071833,-0.014172138,-0.018414646,-0.017393904,-0.06905095,0.060789995,0.010016437,0.0020889028,-0.021784063,0.044433553,0.019946104,-0.0077015143,-0.012054839,-0.005536464,-0.020473052,0.021529082,0.011119023,0.02341376,-0.027114484,-0.03330582,0.026486801,0.057460215,0.053141706,-0.035520535,0.048737537,-0.009523938,0.033036977,0.015476291,0.019181507,0.019841727,0.03133783,0.024600655,-0.022947801,0.015123373,0.01561555,0.019235376,-0.04713344,0.04642078,-0.0073831775,0.023589026,-0.0040973118,-0.00986247,0.019615203
0.010811363,0.011912121,0.060722455,-0.01375757,0.006318483,-0.009378881,-0.0673141,-0.0017749179,-0.040493045,-0.059492126,-0.053749323,-0.07433199,0.049195215,0.0053328257,0.009030189,-0.053162478,-0.01949938,-0.055047847,-0.030311948,0.03136452,-0.043243606,0.071151175,-0.019971395,-0.010160201,-0.071065076,-0.037296012,0.034225985,-0.045423944,-0.009616597,-0.051166255,-0.07202237,0.05564993,-0.0129127605,0.055694554,0.0776236,0.0747279,0.04133715,0.053727552,-0.07555779,0.07349208,-0.08254497,-0.05072636,-0.05405537,-0.0424435
-0.044026006,-0.013319308,-0.032417517,-0.022302313,-0.028677378,-0.037174948,-0.030710142,0.009259493,-0.0378628,-0.05279239,-0.027789181,-0.009306879,-0.025413778,-0.041151434,0.014207752,0.016416602,0.045739308,-0.037364494,-0.061440583,0.009599436,-0.027433833,-0.008448182,0.016151384,0.03767588,0.012414534,-0.029228456,-0.01638786,0.050049227,-0.020964023,-0.01077085,-0.005722266,-0.05435639,-0.026390355,-0.0012000705,-0.0037689086,-0.04422865,-0.065781064,0.001596393,0.003955589,-0.016566595,-0.050684113,0.0001809556,-0.018437691,-0.07002351
-0.0029654475,0.022136485,0.03984832,0.065448456,0.068296835,0.07758387,0.061078783,-0.0041254084,0.065360576,0.025670897,0.026270594,-0.030998887,0.03738217,-0.0071674366,0.06716394,0.019009281,0.04798827,0.045347303,0.026792275,0.027876236,0.026012825,0.012443026,0.015927792,0.048223816,-0.018924529,0.06837803,-0.026846316,0.026248753,-0.027495177,0.029919446,0.044712838,0.057488397,-0.016026072,0.02311205,0.038924355,0.06158187,0.043462638,0.011972129,0.056221392,0.008779785,-0.0071155718,0.06498903,-0.02480729,0.03556775
0.015630852,0.033661444,-0.021738937,-0.0098660225,0.03437044,-0.0077648964,0.027272716,-0.05005956,0.047029525,0.046871092,-0.008264373,0.015363601,0.031009367,0.022827327,-0.0051381686,0.018472234,-0.014693687,-0.050117508,0.012275637,0.02806679,0.042706367,-0.024787664,-0.046335712,-0.046666965,0.03758289,-0.06125797,-0.048950896,0.0338311,-0.065056905,0.031611476,0.007169097,0.055387456,-0.06405629,0.02934331,-0.036411352,0.008427942,-0.0065523935,0.008854672,0.053399142,0.038925964,0.052029315,0.025296919,0.07152841,-0.017954761
-0.021685129,0.023093618,0.07574626,0.03365547,0.009610334,0.03022016,0.035003107,-0.03915833,0.037185367,0.0453678,0.049327757,0.012329708,-0.010135103,0.01172971,0.042015042,0.0267482,-0.02167892,-0.042998653,-0.0140243815,0.010366642,0.0027754025,0.0035660118,-0.012869033,0.036463883,0.055632953,0.043803997,0.020896485,0.00075009296,-0.018839283,0.066527516,-0.034983292,0.06013969,0.04524386,-0.0045359386,0.049297687,0.07877894,-0.001956368,0.062022474,-0.032852363,0.07501065,0.020318402,0.03627729,0.051309202,0.030961828
0.025087519,0.02116135,0.058695648,0.06274997,0.032392725,0.057278737,0.03636818,0.01891377,0.0115088215,0.079762496,0.07892078,0.082838126,0.0750018,0.041432686,0.010494705,0.08702902,-0.029862788,-0.014254102,0.075589165,0.072098896,0.05704036,0.024135413,-0.00026582042,0.032563075,-0.016266515,0.065471806,0.034214832,0.060336113,0.05015718,0.056416307,0.044488084,0.03982202,0.07027601,0.062507115,0.070440814,0.02288319,0.009022586,0.05714566,0.056965232,0.06343877,5.6524215e-05,0.01963153,-0.030365728,0.071970224
-0.02427834,-0.020100137,-0.04758335,-0.016522516,0.030706577,-0.03303756,0.022020508,0.051008746,-0.040886145,-0.03509653,-0.009958261,-0.0062282034,-0.03554757,-0.07225706,0.00407065,0.028745355,0.013108521,0.042830467,-0.027345909,0.027317716,-0.041675925,-0.035332114,-0.07271059,-0.061569326,0.041234232,-0.0054422487,-0.043568544,-0.03081298,-0.004701628,0.022188907,0.019920018,0.030583488,0.038684476,-0.055632703,0.010117775,-0.0001130014,0.052552454,-0.045890465,0.0012770275,-0.034685146,-0.008627704,-0.05272389,-0.0138110025,0.0063345837
0.022216745,-0.046921782,0.000752594,0.0026448458,-0.011260472,0.0075244736,0.012238357,-0.006341564,0.00065954856,0.047194727,-0.023249192,0.0046694637,-0.02465208,0.043358237,-0.0016270936,-0.025633814,-0.017804677,0.00032369123,-0.035423916,-0.020738868,-0.06626223,-0.024283452,-0.0369931,-0.017152807,0.008869718,-0.012853103,-0.04090054,-0.058440562,0.040966984,-0.021766389,0.023627281,-0.027702525,-0.05513937,-0.04580953,0.013423998,-0.038431913,0.022052534,0.011498972,-0.03193992,0.0356589,0.0013079398,-0.022826277,0.025151074,0.02230412
-0.053666785,0.02567263,-0.007644373,-0.044589467,-0.06727829,-0.077667795,-0.040242426,0.058058854,0.029774228,0.038500562,-0.07115134,0.076294966,0.06795259,0.048789266,0.01475655,-0.016083824,0.04610177,-0.009907436,-0.059766512,-0.04304337,0.02844546,-0.0055831363,-0.06163169,0.0013177876,-0.05219357,0.057755888,-0.029728571,-0.043911103,-0.035888903,0.035786517,-0.016785616,-0.021851564,-0.026089821,-0.05323751,-0.045504577,-0.027758403,-0.039359722,-0.07327689,-0.0015998374,-0.052007616,-0.009885358,-0.060514044,-0.07123549,-0.04891864
0.012365646,0.06850735,0.027053744,-0.00057179003,0.05501377,0.07190836,0.03777885,0.007815129,0.015021404,0.0015557632,0.031203171,0.005799014,-0.026208786,0.04343161,-0.022718871,0.046687517,-0.021122739,0.0001916795,0.07477142,0.07190317,0.06123878,0.034158286,-0.0023458584,0.00671263,0.04573491,0.004693182,-0.042886235,0.025167998,-0.024069019,-0.0039025354,-0.008922498,0.04600847,0.058469675,0.034740794,0.06035876,0.011447854,0.013471537,0.06821476,0.0012505741,0.07261464,0.0007975058,0.027902076,0.011598808,-0.008327043
-0.08938833,-0.07563819,-0.07600159,-0.071515486,-0.07373366,-0.08304655,-0.07707924,-0.07682409,-0.07467403,-0.07682383,-0.07200801,-0.07475852,-0.075229704,-0.072105035,-0.068275146,-0.052114844,-0.07713426,-0.07498033,-0.07621087,-0.07878109,-0.07755867,-0.051004723,-0.06635657,-0.06627901,-0.07485955,-0.067956805,-0.07494359,-0.07577773,-0.070715085,-0.07491879,-0.073004216,-0.0719965,-0.07715047,-0.07379928,-0.07602813,-0.07147527,-0.06935689,-0.073549286,-0.06240757,-0.07588354,-0.0793551,-0.06538034,-0.07239141,-0.07515476
0.00631083,0.0078531215,0.0215818,0.065328114,-0.00478094,0.020194685,0.07245135,-0.04642126,-0.0023011784,0.009721067,-0.033649962,-0.022499664,0.028860653,0.00891567,0.010063479,-0.0017015007,0.0015333691,-0.070382,-0.057397053,-0.021288125,0.02266854,-0.054577433,-0.013812657,-0.04751597,0.064946175,-0.0495156,0.011612758,-0.053209588,-0.07645484,0.0015645855,-0.02559792,0.037123278,-0.04410419,0.023623034,0.005501019,-0.057786796,-0.017231759,-0.014050138,0.022276018,0.006345737,0.07002018,-0.022419289,0.034744,-0.031641003
-0.038011964,-0.021270143,-0.055442184,-0.021643268,-0.048436895,-0.03604043,-0.04958356,-0.0505819,-0.03421216,0.026049096,-0.04242947,-0.020865357,-0.04771931,-0.027843758,0.014984559,-0.06179232,0.011231476,-0.018235626,-0.019053409,-0.015709255,-0.044462617,-0.07346174,-0.05621507,-0.0685446,-0.07270103,-0.05402049,-0.04955891,-0.06785655,-0.021928424,-0.06930555,-0.041235182,-0.013786013,-0.0561145,0.036822367,-0.014225266,-0.03910955,-0.034218192,-0.023980692,0.017554335,0.022588741,-0.057849146,-0.01508139,-0.068817824,-0.019039275
0.02493429,-0.025420938,-0.060513336,0.039578807,0.0018632408,0.058822695,-0.024786903,0.03986504,-0.00094719813,0.004039915,-0.015630787,0.027808107,0.02895959,0.00036757268,0.055037953,-0.062004246,-0.03847597,0.0059532085,0.0078052906,-0.04813286,-0.0060414043,-0.021667328,-0.02374119,-0.011121243,0.0072113103,0.01252592,-0.06479498,0.007170937,0.060884226,-0.04728411,0.0019096218,0.042964205,0.0015145062,0.017035708,-0.02660293,-0.031721886,-0.045859106,0.04726835,-0.014468825,-0.022766938,-0.025227388,-0.015891911,-0.03821056,-0.00019640644
-0.047436897,-0.05374938,-0.035942316,-0.0482298,-0.048645664,-0.03245309,-0.0056311055,-0.02993413,-0.026860194,-0.056884646,-0.0330648,-0.05465866,-0.035635736,-0.01836228,-0.03623239,0.0345298,0.027407797,-0.07372999,-0.08293175,-0.045337804,-0.019908328,0.054093294,0.015125346,0.036502838,-0.024149816,-0.044445682,0.041531622,-0.053364217,-0.044531267,-0.03866482,-0.0072447117,-0.0053388826,-0.029990027,-0.041172482,0.024771156,-0.032895893,-0.028160505,-0.01670163,-0.011304814,-0.039184645,0.001765136,-0.05988428,0.02025937,-0.042755738
0.04784964,-0.04168213,-0.06330817,0.060008787,0.040081188,0.034583412,-0.020660706,0.06407305,-0.007737124,-0.019582156,0.027043795,0.045829505,0.054519393,-0.042217143,0.014062775,-0.023978418,0.0024836236,-0.013164824,0.07233361,0.016697647,-0.02443102,-0.061486125,0.018413479,-0.020352859,0.025026849,0.0105795665,-0.04598299,0.040099632,0.014812775,-0.0056953477,-0.0618831,-0.015285019,-0.0075873123,0.009999969,-0.009473527,0.018962292,0.042142306,0.012126077,-0.0054284,0.004480237,-0.07929275,0.06275148,0.020420076,0.035099376
0.03720882,0.008887529,-0.008269455,0.028007774,0.0461043,0.011721971,0.051842097,-0.024756309,-0.045727674,0.03019271,-0.01109117,-0.029398333,-0.020382743,-0.015367635,-0.017453017,0.046248544,-0.0044480436,0.027828861,0.011877609,-0.029001271,-0.00206202,-0.04492574,-0.06289752,-0.06619865,-0.04643605,-0.055317797,-0.044425447,0.0052223853,-0.017339492,0.0028345683,-0.04388985,0.061149944,-0.02046981,-0.024709348,-0.02842393,-0.031125424,-0.028027058,-0.0014267636,-0.037585944,-0.027474405,-0.051314212,0.0020331196,-4.4886165e-06,0.06644761
0.03532198,0.007855649,-0.036379434,-0.026083311,0.0019622329,0.014552965,-0.017907357,-0.07773467,-0.0050511626,-0.048588887,-0.06298182,-0.037341114,-0.015299338,-0.04292652,-0.06746284,0.016267147,-0.057389412,-0.01440754,0.03564073,0.029234719,-0.04429264,0.0031002348,-0.05485656,-0.041233487,-0.05249252,-0.01628871,-0.04764281,-0.019761134,0.014036742,0.03268949,-0.071169585,0.051203642,-0.07565133,-0.074603826,0.017222786,0.054415047,-0.035894517,-0.033935193,-0.03411306,-0.04549265,-0.04175569,-0.010799102,-0.071137175,0.02038433
-0.048795722,0.054529082,0.008303154,0.005839569,-0.018456044,0.0013563955,0.012890543,0.016742434,-0.01157045,-0.022582686,-0.04734957,-0.021075126,-0.001494085,0.019679876,-0.019058548,-0.06284485,0.023815384,0.037736397,-0.0343803,-0.01548144,0.044115007,-0.05511934,-0.03397204,-0.071058,0.055843197,0.06748883,0.054737296,-0.040813092,-0.043442238,-0.071409896,0.045734636,-0.06880954,-0.018353814,-0.01382765,-0.0715101,-0.051251438,-0.055329308,0.05086369,-0.00498909,0.024056695,0.009608934,0.02114612,0.027639637,-0.0495952
-0.0268396,-0.019136732,0.0034384227,-0.05440134,-0.07209642,-0.030538274,-0.006265555,0.0016415697,-0.006565424,0.06139008,-0.032978587,0.008450414,-0.028697707,0.01894692,-0.067175575,-0.03222513,0.032278106,-0.02235136,0.016296618,0.021644892,0.017226601,0.03881415,-0.015975006,-0.039117366,-0.01572328,-0.044177912,-0.048696533,0.0017944409,-0.05154185,-0.025794024,0.0015277867,-0.0096407235,-0.021225959,-0.027257789,0.0402877,-0.00013538524,0.009501105,0.029913206,0.0218855,0.027784431,-0.00023916671,-0.025343075,-0.040064406,-0.054454237
-0.053743925,0.009710512,0.013395085,0.029587306,-0.0028497519,0.035437472,-0.035934176,0.030745845,0.025849981,0.050910182,-0.014445952,-0.026600497,-0.008181492,0.03347627,0.039739475,-0.0115222735,0.0579584,0.023174986,-0.032970883,-0.0048337583,0.022209998,0.040882573,0.018743636,0.01659526,-0.024645643,0.06793944,0.060600765,0.018844439,0.023923177,0.038606957,0.041844197,0.023175918,0.03236973,-0.016185153,0.043092377,0.04182823,0.04769892,0.037008077,0.06538849,0.055562332,0.05382061,0.04406513,0.033721857,0.047647066
0.05594375,-0.00016528905,-0.06615582,-0.011672872,0.05260449,0.0026018685,-0.017593442,0.06909946,0.033197295,-0.06434478,-0.072692476,0.032012798,0.049669504,0.022458302,0.06895063,0.017477246,-0.047933973,0.06381886,0.021852635,0.0009614347,0.04449259,-0.025635177,-0.046291284,-0.05762133,-0.021301748,0.0546831,-0.064402364,0.02556105,0.04794434,0.009273266,0.004701368,0.065108806,-0.0031105883,-0.039560545,0.047171704,0.027095513,-0.0483673,0.017811652,0.010760939,0.060846347,-0.04617427,0.056761783,-0.03327444,-0.0013066491
0.09724406,0.07750763,0.077727996,0.0652211,0.07518403,0.06731615,0.03485669,0.060224947,0.067140564,-0.081558526,0.08423768,0.07700361,0.074993126,0.06756838,0.081881635,0.085819215,0.05354802,0.08217907,-0.0007326372,0.04434646,-0.017541492,0.08618518,0.073357806,0.05365146,0.063731685,0.074608475,-0.028296074,0.05946023,0.081566505,0.076022945,0.06985174,-0.0039227274,0.07701914,0.087302,0.002526784,0.08280617,0.07527185,0.08042922,-0.020276856,0.0713444,-0.04305602,-0.059061937,0.073800385,-0.08223322
-0.020635497,-0.037435587,-0.018293062,0.034519896,0.040096704,0.045311455,0.01246045,-0.029332194,0.015497077,0.0010830737,0.020419732,-0.029892318,-0.0137765445,-0.030130198,0.025441498,-0.027268672,0.04590914,0.008120885,-0.005197178,0.016403994,-0.010906615,-0.048455436,-0.0024869835,0.0017686732,0.014088581,0.0045445324,-0.069731615,0.0073777228,-0.0060013803,-0.023072366,0.046687394,0.058437616,0.04444943,0.03412114,-0.029927606,0.049337365,0.014678763,-0.032267813,0.036859363,-0.04424121,0.028754884,0.008333657,-0.01230243,0.047476206
0.013564769,-0.05854446,-0.017330848,-0.06571423,-0.03386988,0.012058878,-0.020042364,0.0039955964,-0.06599756,-0.065246,0.0064609507,0.0010584862,-0.036483347,-0.03337082,-0.074341536,-0.05920262,-0.061384905,-0.04965861,-0.040529177,-0.071497835,-0.026282543,-0.06334511,-0.06228372,-0.054596003,0.0009827031,-0.046244685,-0.06311281,0.040248483,-0.006028049,-0.029253203,-0.070968375,-0.03327494,-0.061144527,-0.04683385,-0.059394065,-0.072772406,-0.029436763,-0.013453655,-0.027927205,-0.049801182,-0.02817396,-0.073543385,-0.003818727,0.047931157
-0.088096194,-0.051379323,-0.03619732,-0.06804229,-0.059227116,-0.048107624,-0.07097662,-0.072944105,-0.06928686,-0.03479389,-0.049685325,-0.06829061,-0.060751133,-0.06145636,-0.053179957,-0.032075655,-0.066619456,-0.068559736,-0.07360063,-0.06486455,-0.05572457,-0.023616878,-0.053132255,-0.058978938,-0.05622302,-0.051603157,-0.028566334,-0.021930786,-0.06298312,-0.027028874,-0.06501877,-0.07048562,-0.05432909,-0.05583676,-0.061714027,-0.06303232,-0.043828152,-0.06696133,-0.07450284,-0.0665064,-0.070651025,-0.051901177,-0.03288067,-0.074960575
-0.05980254,-0.03452523,-0.049542826,-0.031074958,-0.01505007,-0.0612547,-0.028477794,0.01415981,-0.030462762,-0.0104026375,-0.036482483,0.00290722,-0.019624077,-0.025888942,-0.023161676,-0.0055371025,-0.04892069,0.0010914747,0.0075774766,-0.030212672,-0.037528433,0.022670329,0.00092827884,0.0057591954,-0.048642494,-0.040656365,-0.0039393688,-0.015876487,-0.043623682,-0.06286363,-0.0010131809,-0.05062946,-0.027565347,-0.054892015,-0.011346681,-0.032772727,0.015883418,-0.008142419,0.011165986,-0.049255967,-0.033584047,-0.012570593,-0.060352076,0.0038194065
0.06326625,0.013756311,-0.011260394,0.0010186441,-0.009063872,0.014463993,-0.031951547,0.005874456,0.03729164,-0.008132146,0.0074981377,0.023330757,-0.027909452,0.05900666,-0.008843654,0.021558227,-0.03894348,-0.038810357,0.00963172,-0.016193625,0.008191853,0.021637054,-0.021732343,-0.04691014,-0.049042493,0.05187587,0.031710736,0.016361851,0.010088095,0.062234808,0.01947316,0.0074058445,0.018325793,-0.020901933,0.013091921,0.004415145,-0.047592767,-0.00789905,0.011559304,0.024893655,-0.056528214,-0.013881302,-0.03678187,0.0043921755
0.011255127,0.04453647,0.020463374,0.02316588,-0.004540607,0.04911707,0.036954097,-0.0072891675,0.028590405,0.058747873,0.07984391,0.08018999,0.04771278,0.064351946,0.06905618,0.011160507,0.01998279,-0.044979107,-0.0313744,-0.029344022,0.054222774,0.042456124,0.045022663,0.072116904,0.028539425,-0.047091573,0.049924634,0.045554135,0.047946967,0.02161872,0.07041485,0.0404682,-0.039401796,0.020618688,0.06342486,-0.009522967,0.04578973,0.07685987,-0.0074373577,0.026349025,0.02006161,-0.035276692,0.06184364,0.048020195
-0.004869033,-0.01228551,0.011031343,0.003940324,-0.04076216,0.019914193,-0.048960622,-0.030874304,-0.0341633,-0.006638682,-0.008215988,-0.042218313,-0.007888271,-0.011394924,-0.04702065,-0.07051296,0.019857556,-0.022345457,-0.06693012,-0.058513917,-0.044647686,-0.040367592,-0.06808291,-0.05723607,-0.022892097,0.00088486413,-0.028587528,-0.03829005,0.03145695,-0.015019299,-0.003196408,-0.010534151,-0.05870332,-0.05741985,-0.035080038,-0.042487517,-0.05202138,-0.0135310935,-0.01005427,-0.012008296,-0.04830272,-0.021476496,0.040552415,0.017244475
-0.0113393925,-0.02409335,-0.0357739,-0.0625024,-0.05581244,-0.05369369,-0.01634638,-0.027065648,-0.052262112,-0.06574166,0.007915895,-0.029092807,-0.05733587,-0.014536176,-0.055815265,-0.03911733,-0.040103737,-0.010406651,-0.048741877,-0.06933449,-0.040184766,-0.00042237926,0.0004469457,-0.019955453,-0.021967245,-0.040310584,-0.06134618,-0.02201649,0.003746393,-0.06689308,-0.03659363,-0.021598846,-0.04860782,-0.029334832,-0.045362126,0.0024233153,-0.055958606,-0.032709528,-0.002791817,-0.06333779,-0.04581126,-0.026773008,-0.022087123,-0.049599137
-0.033310685,-0.07399779,-0.03942269,-0.050625388,-0.05165541,-0.04736481,0.0062076943,-0.03924925,-0.024210861,0.005589766,-0.0756182,-0.05098275,-0.0671475,-0.018176703,-0.023710223,0.017059699,-0.013330388,-0.035165783,0.0012986002,0.013703424,-0.05477529,-0.042754494,-0.056739185,-0.0016230871,-0.05254671,-0.01960571,-0.064455435,-0.048577864,-0.034070347,-0.0012306023,-0.065166675,0.07854028,-0.042718988,-0.062093742,-0.055631015,-0.048803788,-0.024625275,-0.05851075,-0.018029895,0.07608052,0.013928858,-0.03561891,-0.0027449622,-0.0791554
0.024584157,0.04838008,0.008821392,0.07200229,0.01403575,0.039567217,0.049808867,0.046872806,-0.019713545,0.064033546,0.04876145,-0.004545185,0.0650657,-0.06055381,0.06501166,0.055570677,-0.034385595,0.020993529,0.02704368,0.028350735,0.009079643,0.033766728,-0.0016507236,-0.02600421,0.067690656,0.067776024,-0.04112965,0.081778176,0.012162104,-0.015513432,0.0041429154,-0.015414614,-0.03437129,0.00052686076,0.04980314,0.059920155,0.007009746,-0.051055007,-0.0009777009,0.04381758,0.06477778,0.038680132,0.06376519,-0.0039365236
-0.019895524,0.014291626,0.030375587,-0.070898585,0.035514526,-0.01092079,0.0011400485,-0.0069663106,-0.025317088,-0.02089083,0.015496185,-0.06375821,-0.07383901,0.012872536,-0.0691737,0.021008607,0.016730102,-0.011659898,-0.044435807,-0.061426334,-0.010094552,0.053298026,-0.013305887,-0.0015832596,-0.047504466,0.052284755,0.021323955,0.044077788,0.048841942,-0.016440894,-0.0015279816,-0.011761712,-0.051267505,-0.031802732,-0.03659611,-0.05375407,-0.07460365,-0.054443438,0.005374492,-0.009972551,-0.04265214,0.01990421,0.046282645,0.05725829
0.030268535,0.046368252,0.074506015,0.04859335,0.00041005417,0.05440433,-0.016918771,-0.05754191,-0.03064376,0.011465933,-0.034197688,-0.03640444,0.07413836,-0.01371133,-0.023643304,0.04412463,0.025767526,-0.055891342,-0.015558897,-0.03668333,0.033448845,0.075925335,0.06134577,0.055993047,0.025246376,-0.010852673,0.069727525,-0.02851226,0.005010176,0.040060624,0.052851595,0.06387914,0.05972181,0.036897946,0.046851896,0.0534857,0.06641966,0.0109755285,-0.0037511683,0.026358679,0.034521133,0.06493471,0.064073205,0.005136796
-0.027568482,0.0019452397,0.017136129,0.021334684,0.001962793,-0.0019115142,0.007933805,-0.056806006,-0.038908187,-0.03772662,-0.024028886,-8.796352e-05,0.020661535,-0.015585137,-0.06338936,-0.014971785,-0.00020052027,-0.050283503,0.02156784,-0.044156168,-0.01684435,-0.07287508,-0.029772274,-0.05869773,0.020045206,-0.052052382,-0.04823759,-0.039952826,0.048390385,0.023786167,-0.053015586,0.024311183,0.01097555,0.024384566,-0.040169798,0.025514897,-0.065188706,0.019148514,-0.061246846,0.0064460216,-0.052074008,-0.011432432,0.014103253,-0.033070628
-0.014608417,-0.048709538,0.020480251,-0.07594126,-0.07494817,-0.017535292,0.03654913,0.061075676,-0.050578065,0.0811694,0.0038045822,-0.05887521,-0.070194915,0.050069705,-0.073051415,-0.0062824828,0.061999787,-0.07786688,-0.016571488,-0.0011852691,0.0030269648,-0.070870824,0.022977224,-0.05456038,0.041531105,-0.06599059,0.06816501,0.020257365,0.023059184,0.017523171,-0.0457186,-0.052739926,0.051397186,-0.02293466,0.0018661591,0.06790063,-0.009619301,-0.026195332,-0.020770412,-0.047396917,-0.032362334,0.033367068,0.004481266,0.036754135
0.044954374,-0.054359633,-0.012956162,0.030477932,-0.0011496143,0.029491518,-0.023027703,0.053378586,0.06314204,0.008007058,0.027436988,0.067241415,-0.024506703,0.032634687,0.03753672,0.038487468,-0.048344214,0.017044079,0.055743378,0.05920186,0.01808379,0.052788854,0.056813546,0.048284058,-0.047482252,0.045411754,0.050701182,0.060446113,0.008581743,-0.05489276,0.021087116,0.03565363,0.041912783,0.0031233965,0.021213707,0.003938968,-0.02469343,0.012373393,0.07661943,0.027784914,0.0009668816,0.013288106,-0.0722159,0.030494206
-0.027458169,-0.0148788085,0.056260753,0.0064715063,-0.02332105,0.0532051,-0.015523872,-0.03112653,-0.04250597,-0.014818695,-0.050173853,-0.052576013,-0.00777766,-0.030385273,0.001815717,-0.007918753,0.015765732,-0.02549517,0.00039227708,-0.029245686,-0.010621406,0.013890041,0.030963758,0.04291889,0.052284803,0.004278701,0.01831165,-0.060766082,-0.020620612,-0.033482723,-0.0574902,-0.045272525,-0.030313214,-0.012570185,-0.047557026,-0.014249387,0.012200277,-0.0708674,-0.003629267,-0.0013022623,0.010594565,0.003362644,0.023981504,-0.049334437
0.082198754,0.052217208,0.04219493,0.067074105,0.05861249,0.052850284,0.047125302,0.05014909,0.05460258,0.065709226,0.04744908,-0.00039112152,0.07824204,0.056586288,0.048759047,0.018592322,0.03920594,0.07619335,0.0673929,0.06581089,0.0038678453,0.0444186,0.03434257,-0.033546485,0.04988052,-0.0044681234,-0.03205297,0.056539856,0.076656915,0.01897731,0.052483182,0.054120485,0.008867503,0.06249938,0.016928852,0.032695275,0.070718974,0.05715653,0.005737878,0.007608716,-0.0088664675,-0.026164835,0.057312023,0.07190863
-0.032259606,-0.06504885,-0.05761413,-0.015604789,-0.038406834,-0.039087083,-0.05992579,-0.017668083,-0.063812435,-0.013784602,-0.06702994,-0.054921824,-0.022826824,-0.076260544,0.0151461875,-0.053416375,-0.022101138,0.016989112,-0.008948632,-0.0376054,-0.07922183,-0.044086277,-0.050856613,-0.066559054,-0.06658503,-0.057603788,-0.073786594,-0.03265247,-0.07082002,-0.059465457,-0.069008954,-0.02590443,-0.069053486,-0.0609818,-0.040239908,-0.06284427,-0.027089352,-0.059579812,-0.045127153,-0.06922082,-0.04565602,-0.008948936,-0.06858464,-0.03288708
0.030410312,0.029626044,0.01592714,-0.019467555,-0.02398168,0.051506538,0.03214711,-0.03260445,-0.011968605,0.067512125,0.029669741,0.06407859,-0.006251334,-0.024636846,-0.01373776,-0.036949877,-0.06504183,-0.023975873,0.07630158,0.051295668,-0.008054261,0.015483717,0.04177039,0.005160117,-0.034267608,0.046677742,-0.0062374314,0.06858628,-0.0027243192,0.021399183,-0.052236624,0.070985824,-0.029153889,0.082875386,-0.059833147,-0.02494135,-0.013508501,0.033556,0.00024006283,0.01743961,-0.025046151,-0.06817203,-0.06318287,-0.029741568
-0.020458596,-0.049528744,-0.019953666,-0.034243573,-0.04527085,-0.0008291904,-0.021305598,0.0070989244,0.0066306097,0.055876914,0.049176108,0.007177616,-0.05780252,0.045934133,-0.0007973453,-0.040401388,-0.034583703,-0.06830252,0.054023154,0.03584091,-0.04003383,-0.059511475,0.066436335,0.02822452,-0.015538236,-0.0011316353,-0.03879507,0.028970752,0.015381713,-0.042843234,0.030624334,-0.0026328824,-0.051277597,-0.047163803,0.06827429,-0.051956993,0.05883185,-0.040392645,-0.055494614,0.020961171,0.0044999993,-0.016708871,0.020446517,0.03912758
0.07322595,-0.02038,-0.019901961,0.036509134,0.050834987,0.030120607,0.0491966,0.022124285,0.038612895,0.022339968,0.067435145,0.0272565,0.04688782,-0.030448424,0.042211983,-0.035709646,-0.02248997,0.01604188,-0.008067665,0.0051007294,-0.029651474,-0.003753052,0.0007879006,0.005597156,0.03665974,0.056359395,0.05656606,0.024617717,0.051712472,0.013485712,0.020141836,0.035348628,0.0380353,0.032380354,0.0043421686,0.042267416,0.05900979,0.001711011,-0.025180174,0.00761656,-0.013987318,0.010313554,0.03795777,0.04341309
-0.023864903,-0.06065711,0.0030514502,-0.047429264,0.038450953,-0.069143504,0.021556972,0.041492846,-0.049472015,-0.033658016,-0.009500832,0.008156653,0.05155161,-0.009732127,-0.078406274,-0.018637456,-0.051487386,-0.040619414,0.009269009,-0.0172812,-0.03927231,0.030960955,0.053165857,0.023746543,-0.028293332,-0.057018492,-0.031773467,0.013081295,-0.05867988,-0.052073497,-0.07190728,-0.0746184,-0.0062315487,0.0057570874,-0.074061304,-0.036632765,-0.06204631,0.075244054,-0.028144075,0.026466157,-0.07693516,-0.028953457,-0.068425745,-0.03301212
-0.066280626,-0.034612298,0.033080306,0.040365856,-0.021227602,0.06792766,0.051151104,-0.04483811,-0.07836856,-0.011743348,-0.006732591,-0.029866166,0.04509237,-0.071489654,-0.019729057,-0.0031184212,-0.04194367,0.0043201577,0.032720324,0.009001144,-0.006148352,0.033512056,0.038613267,0.024060376,0.05393094,-0.07531738,-0.055473283,-0.00031185866,-0.012108122,0.057604797,-0.012877659,-0.020700453,-0.027263682,0.049139846,-0.025476007,-0.035239905,0.026784914,0.0019199348,-0.03831272,-0.0065105977,-0.022682099,-0.045291375,0.023163412,0.037557896
-0.020331042,-0.033237968,0.0735071,-0.0253138,0.052546874,0.018127603,0.010306216,0.0037816192,-0.0070317034,0.012042862,-0.051142078,-0.055109147,-0.020281678,0.012405278,-0.01653836,0.0012489149,0.06905758,0.07814433,0.009179063,0.01937104,-0.021314936,-0.0342955,-0.003314604,-0.04078851,0.029583598,-0.06839748,0.036423013,-0.04047727,-0.017083915,-0.06931907,-0.041024223,-0.0033034838,0.04883694,-0.029384797,-0.07142603,-0.046875894,-0.0337008,0.06363806,0.0058017937,0.016907211,-0.059483152,-0.06612195,-0.061056644,0.04383583
0.054795753,0.07492328,0.04164957,0.051790312,0.07343089,0.037875786,0.079499856,0.018137064,-0.01831439,0.00023167899,0.06496858,0.018519906,-0.034742486,-0.013776344,0.038402706,0.027086483,0.07206001,0.07176157,-0.035762284,-0.0718788,0.017490836,-0.052806433,0.0679908,-0.017414976,0.058389984,-0.07313328,0.019430451,0.044467416,0.064435564,0.07423911,0.03320495,-0.029715342,-0.053331435,0.019673653,-0.037423603,-0.0010638795,0.07303933,0.053963736,0.018240789,-0.03986338,0.04306098,-0.030301113,-0.014632809,-0.036332246
-0.020483425,-0.05907213,0.0543748,-0.024677325,0.019266082,-0.042558618,0.013159641,-0.07168243,-0.007934502,0.020002207,-0.071734875,-0.06504163,-0.06391412,-0.04961594,0.048652515,-0.04350752,-0.049525738,0.03767575,-0.026628794,-0.027671905,-0.047445018,0.009718714,-0.013712987,-0.015103907,0.050653413,-0.06784104,0.02464615,-0.028414471,-0.018505564,-0.058596406,-0.018031185,-0.040542938,0.039007712,0.0024278122,0.075960755,0.028499767,-0.06256413,-0.07535201,-0.05343522,0.07567705,0.0640461,-0.0047239475,0.02207648,-0.07508016
-0.025329644,0.05875162,-0.03691506,0.0061193616,-0.011740789,0.015670305,0.04241836,-0.065608956,0.021451185,-0.041778915,0.055642936,0.048822142,0.03381363,-0.041834764,-0.008790385,-0.045694474,-0.06141926,0.0049728537,0.026850484,0.0067788363,0.026025893,-0.05007758,0.033506013,0.022641342,0.07367096,0.040576227,-0.054824334,-0.008497022,0.005220291,0.033549074,-0.04399373,-0.034964386,0.029946437,-0.008869317,-0.037997417,-0.020664139,0.025900973,0.049103353,0.0765935,-0.06876116,0.053000987,-0.053171962,0.06300628,-0.026893318
0.04712167,0.06860661,-0.035170842,0.07315824,0.064159535,-0.03721137,-0.014420265,-0.0017403524,0.016286597,-0.074727625,0.034225635,-0.049242582,0.079703055,0.010415445,0.08074508,0.012208303,-0.014456812,0.0738744,0.008690904,0.063306965,-0.040135156,0.062203716,0.016762776,0.0125667015,0.02496778,0.08091821,0.03194264,-0.06345316,0.07941367,0.07170995,-0.022793297,0.07444678,0.066342235,0.076789014,-0.04859267,0.044148188,0.04360933,0.054942526,-0.025695372,0.07564722,-0.06739575,-0.057110183,-0.00818205,-0.079618216
0.058911715,-0.056802604,-0.048381705,0.055554938,0.021275535,0.058803096,0.05710065,0.0712648,0.01774785,0.029317869,0.04102835,0.06303594,0.05564302,-0.068510346,0.04837806,-0.021423861,0.060123928,-0.055254925,-0.058072787,-0.07657607,-0.024699517,-0.011956851,0.008061135,-0.029197082,0.05581385,-0.07934301,-0.00339957,0.012506045,0.009407536,-0.045062356,-0.06476108,-0.02819876,0.03602082,-0.016525151,-0.025626738,-0.010795388,0.05437675,0.04820251,-0.029337145,-0.034472734,0.019708863,0.03676958,0.07528973,0.0041343276
-0.054934204,-0.039074562,0.026192136,-0.045344114,-0.073714815,0.0034176286,-0.03765144,-0.018806605,-0.03622443,-0.038041793,0.004102443,-0.026734075,-0.06760548,-0.07286611,0.01720036,-0.040378056,-0.03081699,-0.061205626,-0.007645297,-0.026562301,-0.028644131,-0.017197307,-0.05457043,-0.05106845,-0.04120773,0.03045584,0.024335667,-0.06136058,-0.0273807,-0.07026321,-0.02218412,-0.034878857,-0.0297205,-0.031095933,-0.0058908747,0.002339107,-0.0016566587,-0.04930928,-0.062519535,-0.013858968,-0.04295473,0.011143723,-0.027782707,0.0056962674
0.0660758,0.064287595,0.07503811,0.069091976,0.06078892,0.07335135,0.06509418,0.066565946,0.06989377,0.06062318,0.05376643,0.02170404,0.07613172,0.044790212,0.073777325,0.07578934,0.066489406,0.058770273,0.06151752,0.028061254,0.06520138,0.05839755,0.04956168,0.050780952,0.046588726,0.024216529,0.055402424,0.014846329,0.039171077,0.06558838,0.061537813,0.069653705,0.06295923,0.07888492,0.07520453,0.0462305,0.02207378,0.06089669,0.06685172,0.054207243,0.07074997,0.02981615,0.03829617,0.07163157
0.020912021,0.0007729441,-0.013665275,-0.012691374,-0.028506534,0.017217325,-0.025267571,-0.06793974,-0.015734695,-0.003919638,0.012887121,-0.0015148622,-0.030336238,0.009763704,0.02536499,0.063501365,-0.0773537,-0.029749854,0.030648492,0.061160304,-0.016193923,0.0004985394,-0.03514005,-0.057872497,-0.051012803,0.0084408,-0.050204296,-0.045982435,0.006218781,-0.036755007,0.025820473,0.06283707,-0.056173876,-0.026671523,0.010761159,-0.047657944,-0.038405415,-0.056417506,-0.053856988,0.027825052,-0.0020303666,-0.048655782,-0.06793681,-0.044065904
0.023224888,-0.0056488244,-0.01328185,-0.007149138,0.058057394,0.033175897,0.05452614,-0.023432598,-0.01965219,0.037591,0.036317457,0.020647129,-0.015124281,0.006461463,-0.01659797,0.071901165,-0.010051056,0.057891943,0.057148706,0.059165888,0.019667657,-0.00806562,0.0077286554,0.06647893,0.024572454,0.025922729,0.021969963,-0.02041805,-0.01032745,-0.07502808,0.009296187,0.011542945,0.06498163,0.0533545,0.06058527,0.065858595,0.034039665,0.023190564,0.04836725,-0.016215123,0.080202974,0.005040619,0.039615933,0.003719818
-0.06617052,-0.025354875,-0.053091597,-0.060683828,-0.069658384,-0.043315366,-0.066607326,-0.035078656,-0.057227053,-0.058035996,-0.035877056,-0.02769749,-0.05303244,-0.018746426,-0.021177618,0.013190637,-0.036064766,-0.06283466,0.012466491,0.0001980848,-0.05456839,-0.054360714,-5.2103234e-05,-0.052223746,-0.046025336,-0.061532207,-0.031255215,-0.03148347,-0.026630329,-0.022599807,-0.045832478,-0.05898712,-0.03208629,-0.045301702,-0.034014888,-0.062778346,-0.050156206,-0.04394709,-0.07166576,-0.06929747,-0.07364452,-0.028990386,-0.060869567,-0.07237441
0.024799827,-0.018949686,-0.007895131,-0.048329353,0.05443938,-0.025438622,0.036863983,-0.03229829,-0.073538646,-0.05960564,-0.014516297,-0.046835527,-0.056064997,-0.0040538013,-0.057292197,0.030728621,-0.060263067,-0.034482896,0.0012574709,-0.045031242,-0.023341417,-0.020540807,-0.048213366,0.015986463,-0.061508264,-0.054001685,0.04204744,0.041148607,-0.07082924,0.035304114,-0.0058212755,-0.034869447,0.041674163,0.057460666,0.019025149,-0.010103565,-0.0517481,-0.01674676,0.019117717,-0.047072086,-0.050193556,0.017945755,-0.03754452,-0.051611274
-0.006055924,0.018348599,-0.015049336,0.053058274,-0.061189324,-0.030709937,-0.035311412,0.03333716,-0.0017890525,-0.01250338,0.012080002,0.01586056,0.059416313,-0.002596041,0.027001616,0.03330207,0.04972327,-0.008089262,-0.053244002,-0.041699685,-0.0036089767,-0.00084889756,0.023416148,-0.0048884368,-0.03675904,-0.03640257,0.03229967,0.0016605345,-0.017248182,-0.010338361,0.0019193501,-0.04715053,-0.020948678,-0.05215452,0.02582592,-0.0055557215,0.0027199606,-0.008099912,0.0022640864,-0.01576135,-0.010835871,-0.05043447,-0.00750575,0.018088201
0.08643873,0.07566186,0.0791279,0.06794876,0.07179031,0.08333744,0.08351202,0.06696676,0.0038342779,0.063826606,0.08199103,0.08439331,0.076418035,0.07579656,0.043602034,0.07233673,0.055963665,0.053681627,0.08350611,0.07660648,0.048279393,0.06659278,0.073366605,0.077596776,0.07452991,0.076126225,0.07134774,0.07158294,0.05998497,0.07528848,0.07875018,0.077213585,0.08006401,0.08108114,0.07911054,0.07734284,0.07303812,0.076816484,0.07690871,0.06530307,0.08373205,0.0720098,0.073931664,0.06543109
0.073638804,0.07404445,0.07012673,0.07265548,0.06732708,0.07318584,0.0685028,0.07824945,0.07317489,0.07367907,0.060161974,0.074947126,0.062276527,0.040276486,0.0582663,0.06625714,0.07417195,0.076757394,0.07378346,0.02413959,0.081175104,0.06769612,0.058759034,0.06277511,0.06897351,0.077444084,0.06952523,0.076406926,0.07254254,0.064160705,0.07859836,0.06053726,0.06592108,0.0775925,0.05989794,0.060028803,0.06289572,0.07208501,0.072477646,0.0734897,0.07431376,0.060395688,0.07535238,0.07148997
0.084675156,0.06928973,0.06819857,0.076802954,0.038089287,0.034313288,0.06844423,0.06705706,0.064663835,0.048550885,0.07472332,0.06488768,0.07280973,-0.021510735,0.07702909,0.058908176,0.07180121,0.06205959,0.05057729,-0.025830263,0.07412965,0.043514457,0.050655626,0.06164006,0.058751106,0.054807857,0.07020602,0.07326758,0.057931993,0.023468522,0.055824094,0.06849822,0.07722038,0.06665966,0.06738911,0.06729471,0.04305711,0.063615024,0.07866166,0.06344445,0.06623574,0.037977956,0.06405625,0.067835435
0.064464584,0.03842578,0.018689282,0.0196816,0.0121210115,-0.014987182,0.018870179,-0.003257001,0.028356666,0.038200393,0.040096514,0.04244496,-0.018999012,-0.050138235,-0.002449746,-0.01215137,0.046255976,0.005084408,-0.024045808,-0.062062416,-0.017554855,-0.019733338,-0.01839328,-0.028259605,-0.033481825,0.0408729,-0.004941475,-0.030397618,0.01368236,0.02007681,0.012797733,0.04171659,-0.042669546,0.0198344,0.011097774,0.008347242,-0.019036124,0.014146083,-0.035379954,0.017066881,0.00462959,0.036864888,-0.042537455,-0.0017495877
-0.027936948,0.06054877,0.061908633,-0.021172551,0.017132271,0.0022396357,0.051543172,0.020835955,0.045046587,0.016372556,-0.0024180592,-0.046991907,-0.008984283,0.04365088,0.036485784,0.0785277,0.0645597,0.045802493,0.005463418,0.04177199,0.06948877,0.069949426,0.04741049,0.019214088,0.013796665,0.027094029,0.036678392,-0.021187974,0.033817537,0.05295822,0.050895743,0.0419034,0.044771012,0.043686666,0.03763712,0.024445595,-0.009023977,0.040156595,0.017495107,0.024650533,0.006381248,-0.013589669,0.036258962,0.058570538
0.0530471,0.06463034,0.071255796,0.07493218,0.07065496,0.061298378,0.06688353,0.07411697,0.07452885,0.059623517,0.05955528,0.078863494,0.075567834,0.07132319,0.07070391,-0.03912941,0.075065084,0.059061754,0.06224551,0.060802966,0.07710624,0.051630884,0.034744993,0.027020603,0.06661874,0.07526563,0.054052867,0.042761236,0.07457354,0.07328119,0.0727129,0.073619485,0.07097315,0.07081418,0.054011382,0.07572976,0.06081609,0.07398072,0.04210463,0.07233074,0.045083843,0.029360192,0.054560397,0.068122946
-0.03584051,0.032124702,0.06266416,-0.04782735,-0.006468684,-0.013755614,0.053313952,-0.054897204,0.05589842,0.0027271616,0.03263792,0.044763952,-0.04057292,-0.018000877,-0.033515938,0.06199131,-0.029114937,0.0057742232,0.0775761,0.07738511,-0.0351957,0.05413266,0.0654531,0.076378,-0.025641154,0.056562375,-0.033992983,-0.07118634,0.019218678,0.06596232,0.014316713,-0.0627728,0.061612047,0.04731306,-0.056019124,-0.076097436,-0.051296253,0.03808116,-0.06309975,-0.036302567,-0.03711182,-0.05511675,0.0301711,-0.05778824
-0.010447856,-0.027700055,0.026009774,0.038111504,0.041030336,-0.021021975,-0.0074849906,0.029724082,-0.0077287806,0.007765437,-0.0009974199,0.015072055,0.033905357,0.017858863,0.033229753,-0.0093782,0.016142998,0.007079836,0.0032896674,0.033301014,-0.012210851,-0.0103812795,-0.052899633,0.030943215,0.015685236,0.02230713,0.036490094,0.023458311,0.011171287,0.0010304337,0.020682318,0.0078529455,0.03724142,0.011321511,0.037320778,-0.023803229,-0.0043238727,-0.015964769,0.009852713,0.02958675,-0.0038594923,-0.022460578,0.041405063,0.016449
-0.011745822,0.033885643,-0.07796772,-0.066403694,-0.06477739,0.009752951,-0.06428879,-0.07512862,-0.055222202,-0.056803714,-0.037589192,-0.03451064,-0.05585103,-0.034923356,-0.08117852,0.004514557,-0.061938863,-0.06881935,0.018261183,0.0021416217,-0.022267194,-0.08203991,-0.0010408597,0.019572096,0.026789226,-0.069874,-0.054359622,-0.077169985,0.0058370773,-0.06300199,-0.082376085,-0.069532365,0.04770307,-0.061348505,-0.008873539,-0.062150434,-0.002316788,-0.033491448,-0.04502606,-0.056650367,-0.027227206,-0.016726464,0.00029359196,-0.026907299
-0.033875473,0.046038322,-0.045183063,-0.020762378,0.015985642,-0.018053299,0.0326519,-0.026384227,0.038450204,-0.0434493,0.0055843135,-0.010839945,0.028142199,-0.024423772,0.004974283,-0.031424057,0.007188548,-0.05203123,-0.031228866,-0.017896462,-0.04137813,0.0063000782,0.01972491,0.050006654,0.04252954,-0.0010150087,-0.036429435,-0.063496485,0.04832287,-0.015837116,-0.0005613732,0.0351975,-0.050060827,-0.022045907,-0.022824956,-0.05295679,0.018867286,-0.04866148,0.051739812,-0.03658547,0.007916578,0.012596027,0.05193352,-0.051403943
-0.05720001,-0.029029418,-0.034344595,-0.020496778,-0.065545335,-0.06265429,-0.050254043,-0.06423382,-0.05428272,-0.041370053,-0.049218345,-0.0352749,-0.03727803,-0.06375332,-0.0427418,-0.07716153,-0.061212234,-0.046366684,-0.06331234,-0.068432435,-0.036490284,0.018470751,-0.058926854,-0.054703813,-0.053151548,-0.060896963,-0.062634334,-0.017667726,-0.06184053,-0.07171296,-0.037395645,-0.05989277,-0.044660103,-0.0371116,-0.051002614,-0.059625547,-0.058447137,-0.04717606,-0.04732437,-0.05719945,-0.010276867,-0.049223248,-0.06398608,-0.06515955
0.0447848,0.04491063,-0.010380573,0.036070578,0.04773549,0.012508124,0.053169057,0.03138029,0.025913417,0.0010084334,0.043596923,0.05203013,0.05749999,0.03336542,0.06587764,0.002090386,0.057803966,0.07335565,0.07225697,0.057054557,0.029719524,0.05434828,0.043218944,0.00444993,0.0512329,0.033298165,0.03865131,0.01382081,0.065545864,0.055195045,0.040799756,0.034162227,0.036584005,0.0616796,0.035627395,0.033758048,0.062071882,0.047095913,0.020338392,-0.007363474,0.05308128,0.06996018,0.03527102,-0.051755242
-0.035942275,0.032727003,-0.06870819,-0.05935493,-0.017929789,0.014247559,-0.05480811,-0.07535041,-0.061401624,-0.08067644,-0.053055037,-0.078684926,-0.055774305,-0.05159918,-0.034654643,0.015399008,-0.051157374,-0.044153396,-0.07287865,-0.056095257,0.02536121,-0.06528483,-0.025828041,-0.0478599,0.0056022354,-0.033413865,-0.06630256,-0.056993764,-0.03288345,-0.063503645,-0.035585593,-0.027451338,-0.032207873,-0.06279518,-0.048870467,0.019612681,-0.007226347,-0.03677052,-0.050021075,-0.041442864,-0.03165395,-0.06936734,-0.041370552,-0.058250222
0.037220646,0.011018239,-0.007682554,-0.004048753,-0.01823497,0.0042137336,-0.031250324,0.045265052,0.009314073,0.066406205,-0.02511847,0.0852509,0.042607088,-0.041398227,-0.017152173,-0.021524828,-0.035083123,0.021701196,0.040441353,0.022956112,-0.05574814,0.021568466,0.017556878,0.017881257,0.016693722,-0.009879031,-0.02362433,0.06584165,0.0673676,-0.03387278,-0.0053556133,0.031764805,0.07707405,-0.04023795,0.0005943472,0.06722077,0.050973143,0.04299928,-0.07836386,0.030193625,0.0020512838,0.039241917,0.039673585,0.016163373
0.040038247,-0.06947647,-0.06458118,0.061982695,0.031896796,-0.0048574544,-0.03615307,0.054818574,-0.032119203,-0.021797735,-0.035051156,0.030070867,0.028434858,0.029106505,-0.023245752,-0.03150415,0.007106168,0.037758403,-0.03346466,0.0031764093,0.05400596,-0.07995338,-0.062536314,-0.064139746,0.049371816,-0.07577503,-0.035721976,0.03961002,0.06843622,-0.062022462,-0.054230127,0.034233954,0.075642586,-0.07643595,0.007308303,-0.012272596,0.0099039255,0.056231514,0.017724123,0.06296188,0.04369535,0.037604034,0.0434101,0.017554758
0.0042352737,-0.04396896,-0.065642916,0.03260638,-0.039321322,-0.010065365,-0.05179448,0.027405275,0.019838212,-0.02594251,0.024681343,-0.0060332427,0.060631957,-0.00823561,0.049636636,-0.022007108,-0.021310756,0.002954927,-0.053331755,-0.048052896,-0.053363364,-0.049763896,-0.057412285,-0.07548298,0.022809964,-0.038629327,-0.03453695,0.0104478365,-0.01570929,-0.038330052,-0.031231869,-0.060009502,0.00023482632,-0.030539291,-0.072244674,-0.07890916,-0.029038783,-0.06938944,-0.015696859,-0.039711542,-0.02543625,0.029331924,-0.0013010856,-0.029529484
-0.0056754453,0.03722426,0.014216703,-0.050768808,-0.05401255,-0.017558314,-0.045290034,-0.01706236,-0.016306879,-0.050647654,0.070903495,0.054001022,-0.05408626,-0.038988102,0.060533658,-0.0074276333,-0.0061190953,-0.04111389,-0.014828802,-0.010045938,-0.040937144,-0.021375103,-0.05440448,-0.0155824255,-0.027261948,0.053815827,0.06924666,-0.004405674,0.07787037,0.010865725,0.067566976,-0.03300671,0.04450761,-0.053676557,-0.053665306,-0.02197003,0.06438489,-0.06866733,-0.07219448,0.0026011926,-0.0014249379,-0.07222076,0.005272938,-0.035395637
-0.051649235,-0.07280727,-0.044633236,-0.06740549,-0.073285945,-0.03010307,-0.07606008,-0.07947413,-0.018232772,-0.0064052953,-0.075663745,0.0035611142,-0.050711256,-0.0076161427,-0.06224355,-0.054760188,-0.047211286,-0.0797817,-0.06912298,-0.040379733,-0.026435481,-0.05151884,-0.0016033631,-0.053077556,-0.0749107,-0.008864924,0.027076248,-0.08370904,-0.071335755,-0.069166586,-0.0449772,-0.019428397,-0.058939163,-0.046723083,0.0055447714,-0.03183595,-0.025321618,-0.06642683,-0.04437698,-0.006998598,-0.06589622,-0.044865906,-0.07649622,0.025760068
-0.04707993,-0.068925016,-0.016000086,-0.07002396,-0.018677557,0.05944206,-0.008081157,-0.04034653,-0.073042676,-0.07819115,-0.07050928,-0.0747078,-0.043894123,-0.05054949,-0.04822292,-0.05379789,-0.035708554,-0.0069814683,0.030895056,0.019649114,-0.014262773,-0.018697577,0.06359036,0.012604337,0.07550234,0.012497708,-0.036701553,-0.069955826,-0.015399645,-0.05450719,-0.06918026,-0.045961414,-0.072834365,-0.05612104,-0.018483633,0.004168802,-0.03327941,0.06924836,-0.06814662,-0.027604835,0.05285862,-0.075138316,0.06832167,-0.07184047
0.0069842087,0.071354866,0.057938028,0.075259976,0.049508374,0.016044402,0.07384577,0.07156903,-0.0030245413,0.0509726,0.030415306,0.048548553,0.07718342,0.027429948,0.045072827,0.03205728,0.05608695,0.07911891,0.007433621,0.0755818,-0.00059536606,0.022902636,-0.005832598,-0.036692396,0.06403026,0.019463085,0.005879747,0.008655607,0.06318388,0.031504683,0.06332973,-0.06445166,-0.059969984,-0.015217861,-0.020727625,-0.043870382,0.011378299,-0.010109172,0.0593388,-0.009628691,0.0065633226,0.01589738,0.03569929,-0.00032216258
0.019021176,0.050222464,0.013165591,0.020390611,0.05320088,0.05361188,0.026640797,0.04457781,0.047967933,0.038592294,0.029860416,0.031242672,0.017947836,0.014972089,0.008959545,0.048914008,0.051422678,0.06525006,0.04160321,0.029679045,0.032095302,0.04784405,0.061747674,0.047067035,0.011142631,0.048729192,0.039414223,0.06443849,0.059454676,0.011666015,0.04044349,0.032795087,0.05177017,0.031693768,0.020155685,0.043122206,0.04434643,0.04107014,0.062522896,0.05132898,0.022899458,0.06341492,-0.011274352,0.01951354
-0.051209986,-0.054642767,-0.058374483,-0.027405623,-0.049260914,-0.031584345,-0.06803367,-0.050329447,-0.04325422,-0.053754576,-0.058796898,-0.06577202,-0.027823798,-0.03706575,-0.059222892,-0.06890958,-0.03467818,-0.047948252,-0.031951774,-0.04704921,-0.06958946,-0.060199436,-0.0699249,-0.07004324,-0.050432377,-0.023752986,-0.062484432,-0.045330286,-0.04423268,-0.03155529,-0.059035126,-0.05389409,-0.0661281,-0.060218222,-0.04751048,-0.062186297,-0.049298517,-0.057749636,-0.04957715,-0.031593308,-0.07417732,-0.0028086328,-0.032334775,-0.06450106
-0.040526748,-0.05049448,-0.052816506,-0.036860004,-0.013151843,-0.00044097644,-0.049851388,-0.055539627,-0.0024404358,-0.06312313,-0.023239061,0.038074806,-0.04894434,0.045804292,0.039260782,0.032497954,-0.061900217,0.025712939,0.034549635,0.044066828,0.016841203,-0.044622663,0.037377786,0.007769855,0.048919093,0.07106558,-0.00952872,0.084401086,0.060854875,-0.031676207,0.056180596,0.018086951,0.06652685,0.055256728,-0.07655714,-0.041818604,0.00053969404,-0.01928477,0.075063266,-0.03127564,0.07094286,0.038158037,0.054783337,-0.028195826
0.008057031,-0.018070353,-0.04224339,-0.030186402,0.0055321786,-0.059570275,-0.0018743931,-0.076921806,0.004425819,-0.052518573,0.032975145,0.017111288,-0.039033085,-0.056341544,0.004559002,-0.03073171,-0.0689419,-0.06417361,-0.017083595,-0.018701429,-0.016897395,-0.06444678,0.045664966,0.04224218,-0.07072787,-0.018847713,0.006181803,-0.083443746,-0.02125675,-0.033923957,-0.060316592,-0.030204358,-0.038857277,-0.05000148,0.004895295,-0.07255461,-0.06083315,-0.023226235,-0.0055102673,-0.008553071,-0.029700467,-0.04375862,-0.06750212,-0.06428679
-0.036682546,-0.01803966,-0.003196095,-0.027501049,-0.053291935,-0.075605966,0.002805045,-0.04574861,-0.0009029224,0.03105712,-0.05318225,-0.036980454,-0.020644905,-0.023193479,-0.0573761,-0.021800146,-0.03181429,-0.05280607,-0.058387414,-0.06686131,-0.040896963,-0.0072780144,-0.009070254,0.029257651,-0.06323099,-0.064130306,-0.0070206,-0.041372415,-0.059955545,-0.025612501,-0.009372832,-0.030939056,-0.05978081,-0.044211384,-0.042255208,-0.060375135,-0.05663249,-0.030158008,-0.028652592,0.04001024,-0.0269709,-0.03262061,-0.010731914,-0.028605694
0.0573478,-0.03795054,-0.024312604,0.04585284,0.06640629,-0.068996765,0.050797135,-0.07938342,-0.0058032777,-0.072829686,0.017056117,-0.037976775,0.055497102,-0.010316137,0.059933744,-0.09355717,-0.07935845,0.07400236,0.029085897,0.06103128,-0.069497675,0.016261993,-0.06791378,-0.059483457,0.023628447,0.011556728,0.012453095,-0.03170904,0.032884333,-0.0026767852,0.005949433,0.03411679,-0.044332717,0.048623163,0.017276932,0.036422677,0.034163658,-0.047998484,-0.062764876,0.047411706,-0.009533077,-0.06883645,-0.024933416,0.0016478844
-0.036843337,-0.07706173,-0.06916482,-0.07069443,-0.06966777,-0.065825984,-0.03600155,-0.07561304,-0.0823428,-0.053225342,-0.07873593,-0.08033473,-0.07392607,-0.082398035,-0.065969124,-0.06205931,-0.058222547,-0.011348873,-0.064337,-0.07083887,-0.0861544,-0.05606141,-0.062154032,-0.02078016,-0.073561355,-0.0657867,-0.067787625,-0.059617605,-0.08128131,-0.073093176,-0.040598724,-0.06947625,-0.073349565,-0.07800422,-0.062448673,-0.06631722,-0.07308887,-0.077461466,-0.058146767,-0.07119515,-0.013959352,-0.06049668,-0.06718562,-0.0008536128
0.00073417963,0.04980965,0.03267866,0.030794274,-0.017973593,0.0051606973,0.03815206,-0.06165727,0.008038212,-0.023172822,0.009846835,0.02107304,0.043728754,0.0016568932,-0.0290871,0.027460124,-0.0026774318,0.010973513,0.045741923,0.01735902,-0.013140727,-0.056842126,0.050953355,-0.040153477,-0.035650194,0.0012578354,0.005063593,-0.019774012,-0.0010858591,0.008503308,-0.033119436,0.071582444,0.031654786,-0.022807973,0.050176058,0.05528079,-0.042732317,0.011313192,0.05073602,0.00975152,0.0503966,0.024436468,-0.034701407,0.0026714965
0.038863365,0.04244871,-0.069098495,0.049863946,-0.022631548,0.023604738,-0.020247562,0.049785208,0.005870623,-0.05097741,-0.00785286,0.068151005,0.072928205,-0.041584387,0.029077666,0.01975918,0.02078033,-0.017191444,0.0225416,0.022387717,0.002561259,-0.026623866,0.055098698,0.0053394837,-0.055799317,0.042057544,-0.031006072,0.048784196,0.026821878,0.018756961,-0.02158364,0.052152894,0.033216756,0.04678975,0.027718054,0.06405041,0.060763173,0.042274836,0.04389389,0.0009725626,0.045829847,0.051106997,0.04950816,-0.016965028
0.017891591,0.0007982534,-0.047710028,0.062504545,0.03911626,0.05037621,-0.0076711904,-0.050170545,-0.05828606,0.07576681,0.028021712,-0.07742624,-0.002216179,0.03747318,0.015665684,0.052050322,0.06237027,0.07196702,0.026694579,0.043219976,-0.03707955,-0.08250954,-0.05802148,-0.05270024,0.016487168,-0.0077755903,-0.013933093,-0.00905499,0.057777938,0.056266587,-0.05467859,0.031044833,0.042221062,-0.006051984,-0.04642872,0.068852246,0.046456903,0.02144784,0.015898507,0.053871647,-0.0647059,0.074417576,0.067628585,0.014315898
-0.048971392,-0.012410307,-0.07757121,-0.07414996,-0.03751755,-0.029003344,-0.041797195,-0.011721625,-0.016977018,-0.045638435,-0.062254637,-0.024399914,-0.06429702,-0.014471154,-0.067767955,-0.035520483,-0.049042713,0.05212129,0.0012167048,-0.025933743,-0.01834163,0.016422227,0.028966738,0.0076876027,-0.05038968,-0.06262226,-0.07443571,-0.013582861,-0.028449845,-0.012377021,-0.051840417,-0.07038252,-0.06181805,-0.046484772,-0.07189551,0.02001424,0.03493314,-0.06271616,-0.017867891,-0.072594404,-0.01486019,0.006118386,-0.07512368,-0.052401226
-0.060529213,0.034276675,-0.006453116,-0.056356512,-0.03171452,-0.07429251,-0.040296253,-0.0127992965,-0.04400656,-0.05580831,0.055594537,-0.0013732666,-0.059920207,0.053360183,-0.043411087,0.008071971,-0.038925,-0.016692169,-0.028076854,-0.011827573,-0.052489456,0.032647867,0.009025178,0.015261174,-0.00769179,-0.04018895,0.03600282,-0.024056446,-0.021692593,-0.028553285,-0.012700055,0.0075956974,-0.025230912,-0.0056630615,-0.035516504,-0.048846137,-0.0121963415,-0.055963226,-0.019319309,0.03721982,0.0153616965,-0.0053716744,0.0017219412,-0.067900635
-0.014287106,-0.0005205072,-0.006806812,0.011582018,-0.037746865,0.0075249365,0.014419981,-0.047232702,-0.03490557,-0.041528337,-0.024438921,0.002811047,0.04632484,-0.064025015,-0.0066556977,-0.0341699,-0.0021779945,-0.026957162,-0.045520972,-0.027489208,-0.04775138,-0.018276148,-0.007835888,0.0122381,-0.015510246,0.05178089,-0.0432939,-0.05161993,-0.020861859,0.04993871,-0.006893743,0.027913904,-0.006042742,0.054415498,0.016026977,-0.003095002,-0.03796411,0.015335237,-0.0658948,-0.04351679,0.02024913,0.0114836395,0.034793276,-0.035183765
0.00052661495,-0.010359122,-0.038884263,-0.0032260125,-0.010150401,0.009076852,-0.060885698,-0.011165679,0.006640385,-0.040532924,-0.016311778,-0.006025978,-0.009888797,-0.050091553,-0.03410023,0.02408654,0.01933714,0.02725923,-0.054176774,-0.06108911,0.023377607,-0.015599349,-0.04003634,-0.05189222,-0.03361189,-0.03360361,-0.06832168,0.01118581,-0.03951923,-0.06401019,-0.024678525,0.012587094,-0.065921456,-0.0031169276,-0.003851544,-0.0393422,-0.021650797,0.024298487,0.026364276,-0.043804552,-0.024636324,0.004767556,-0.029631658,-0.0127595095
0.019389832,-0.019151948,-0.06202869,0.03863508,-0.036743052,-0.066600665,0.037718564,-0.0041997256,-0.06332323,-0.052388705,-0.05093973,-0.019768275,-0.034690537,-0.05478414,-0.02229796,-0.073525876,-0.006755238,-0.023534562,-0.02440258,-0.018669413,-0.05705892,0.05112917,0.0023210926,-0.06124032,-0.049881864,-0.0014801936,-0.03886806,0.0058611054,0.024092387,-0.059218194,-0.0670893,0.006064974,-0.007904882,-0.07353946,-0.051224224,-0.06558947,-0.029563526,-0.009272187,-0.054127496,-0.032120746,-0.050379094,-0.026919283,-0.064188465,0.0010689504
0.020862158,-0.06758448,-0.004445919,-0.037673447,-0.055591844,0.014681796,-0.040859494,-0.03751618,-0.04089451,0.011852334,0.014127474,-0.054507103,-0.04948236,0.03586015,-0.06473474,-0.015110845,-0.052106284,-0.015141483,-0.028517803,0.017453503,-0.04967729,-0.049717978,-0.033865605,-0.049631014,-0.021345494,-0.046259407,-0.053510334,-0.037075564,0.017882382,-0.052926466,0.032404378,-0.050829455,-0.03642064,-0.032006804,-0.034670893,-0.05533035,-0.043625996,-0.028302632,-0.059697904,-0.055361383,-0.006508483,-0.027305946,-0.040781423,-0.03673643
0.039634947,0.018860333,-0.003394263,-0.010299516,0.05010619,0.023618925,-0.04275862,0.00055876904,-0.038752526,-0.010405776,0.03716514,0.049354296,0.012797992,-0.044192795,0.02901168,-0.007703137,-0.048749804,0.0058390023,-0.057894994,-0.0071286424,-0.027819477,-0.033816226,0.010585804,-0.031746272,-0.03799061,-0.047633298,0.0040000025,0.06452449,0.04815391,0.027028928,-0.037882537,0.07986743,0.061390247,0.022675147,-0.0461033,0.020404486,-0.038103577,-0.042989027,-0.06637038,0.01975939,-0.04265753,-0.07148351,-0.038943514,0.06481622
0.026073484,0.029457321,0.022790892,0.010883659,-0.045703508,0.0042922283,0.012637587,0.026934447,-0.015577686,0.04456726,0.040916253,-0.0065572443,0.01509114,-0.04122966,-0.014608976,-0.0145768225,0.036881212,-0.008436255,-0.0074670366,-0.034727607,-0.01960336,0.020272495,-0.03893474,-0.018092658,0.00404144,-0.021527918,0.032027446,0.044601038,0.040277064,-0.05113049,0.0072023286,0.03301783,-0.019289518,0.0135708265,0.021597188,-0.02601084,0.050288074,0.0202589,-0.016121805,0.004660996,0.009811938,0.025161408,0.0019398506,0.013779199
0.016025422,-0.0038472023,0.04001306,0.0062170173,0.022194987,0.025453337,0.033417493,0.05312706,0.05191573,-0.06551615,-0.028039385,-0.057375457,0.013616831,0.05517157,0.047163278,0.0037579422,-0.025981218,-0.028411878,-0.0128258625,-0.012557229,0.05353465,0.01186474,0.06318512,0.03226916,0.004329384,0.0626835,0.067114994,0.024057554,0.029103562,0.07049646,0.075491406,0.0073191114,-0.07267329,-0.00848322,0.054880112,-0.04249808,0.043022912,0.05484521,0.040046852,0.0538115,-0.004777111,-0.0155802695,-0.019990029,0.051553763
-0.012327823,-0.009426336,0.03572855,0.050886903,0.06248934,-0.059403826,0.050895404,0.020255778,-0.030484041,0.015411381,0.011688019,-0.056056734,0.02571559,-0.014263989,0.051755503,0.033591326,0.04114158,0.017050354,-0.048869416,0.04320466,0.0028287116,0.055086967,0.048833523,0.02480214,0.01236098,0.0044642785,0.023979658,-0.05250029,0.021930583,0.058144353,0.012455965,0.035287384,-0.0013757172,0.016648047,-0.024099732,0.029517082,0.045911197,0.015619413,-0.048123077,0.03760109,0.028308097,0.02370023,0.055389673,0.042540718
0.025265578,0.009591238,0.036416374,0.044864047,-0.0595078,0.03720279,0.004906196,-0.012395644,0.0026356736,0.041113373,-0.0067514777,-0.03027736,0.049453285,0.03729722,-0.0105321575,-0.0047719674,0.008388258,0.028935712,0.029055318,-0.008119647,-0.027761297,0.04434627,0.0073953294,-0.055614825,0.009511346,-0.054880857,-0.049484495,0.00082126824,0.027990146,-0.029553657,0.007210536,-0.02404213,-0.04640698,0.022238294,-0.020371044,-0.054984495,-0.04292424,0.022970572,-0.030351397,-0.024924546,-0.014503093,-0.0024924085,0.03474523,-0.023664894
-0.05245263,-0.045473512,0.009193124,0.033192966,0.003997888,-0.07532468,-0.04564087,0.00541645,-0.0112624215,0.0604575,-0.004994978,-0.03380728,0.01861381,-0.026858848,0.014755622,0.025630275,0.043804493,-0.021904817,-0.076776795,-0.0009403249,-0.04055499,-0.024934394,-0.045732666,-0.013208489,0.002146829,-0.045912154,0.027514393,-0.021858562,-0.0021855335,0.027941337,0.013320499,0.032368228,-0.00076297985,-0.058114372,0.06298656,-0.05160076,-0.031140232,-0.0023449787,0.009444486,0.073588684,-0.026564779,-0.03582595,0.051505078,0.037181642
0.0028402184,-0.030998789,-0.06246697,0.015275832,-0.03618607,-0.007076849,-0.020866571,0.078194626,0.055101916,0.039948795,-0.009911662,0.012386878,0.05242071,-0.025747517,-0.0016535389,0.000657885,0.056688853,-0.05012019,0.0107017355,-0.07300843,0.05030264,-0.04696916,-0.028528064,-0.02109877,0.0472114,0.048714843,-0.034414936,0.04294616,0.010210804,0.040364485,-0.0604394,-0.06269874,0.033278078,0.036052406,-0.048967957,-0.024165599,-0.04314906,0.020318724,0.009845139,-0.06059161,0.006179088,-0.037578467,0.043302365,-0.017489064
0.025620362,-0.041248515,-0.0745418,-0.05822446,-0.0056189327,-0.08352291,-0.069153726,-0.070504166,-0.059613723,0.04157273,-0.006253604,-0.041080248,-0.07013413,-0.015917392,0.021845516,-0.056880645,-0.071116135,0.01045648,-0.083492555,-0.074368104,-0.004669563,0.012687943,-0.0006194571,0.051209994,-0.07687648,-0.029782498,-0.075593,-0.074236274,0.056967754,-0.0044167126,-0.055822082,0.0056356187,0.020792164,-0.004141332,0.0034793166,0.06711807,-0.020405823,-0.017837275,-0.045618728,-0.02280571,-0.07162695,0.048891563,-0.07742223,0.021727048
0.014257728,0.067343995,0.035642326,-0.02897113,-0.07554262,0.040248662,0.04911887,-0.06621545,0.013012487,0.03735907,0.05959852,0.027353672,-0.0435229,0.047470707,0.02620321,0.0012897088,0.006906091,-0.07711638,0.058381464,0.0012504027,0.05175713,-0.058644593,-0.021185087,-0.03612039,-0.024755998,0.063042514,0.015192669,-0.042783707,-0.017216828,0.02575479,0.052608643,0.008399955,0.03238472,-0.041914824,0.0075454637,0.013463425,0.060904402,0.05189603,-0.059430063,-0.02330497,0.031314217,-0.032036804,0.039071143,-0.019666985
0.068614356,0.041379407,0.0034853325,0.0071355593,0.031324394,0.031403318,0.026735615,0.05794721,0.058803827,0.012382087,0.07156517,0.04736755,0.03393136,0.078185886,-0.03758124,-0.019229168,0.031958785,0.06817267,0.031730156,0.057246927,0.07547672,0.025038386,0.042537607,0.018432105,0.046647448,0.075194165,0.012122871,0.049699996,0.04973685,-0.00057156454,0.035164583,-0.022817861,0.053026922,0.04135531,0.0487604,-0.003926031,0.020649627,0.03259492,0.07460687,0.040520635,0.07028501,0.04887361,0.04775066,-0.003912677
-0.053214796,0.06502698,-0.0018323802,-0.034934856,-0.040477537,-0.049924053,-0.014745121,-0.01156669,-0.05827439,-0.07474881,-0.07220208,0.020751243,-0.0033923376,-0.05647661,-0.035468083,-0.023753067,0.023129113,0.059886124,-0.047136527,-0.03240126,-0.018480914,0.040821377,-0.06562015,-0.075598545,-0.026339438,0.05800444,-0.026087498,0.042602208,0.077768855,-0.07255927,0.06323884,-0.020497423,-0.04997748,-0.08481556,-0.0012823262,-0.031283617,0.05832597,-0.045386784,-0.061216947,0.027949959,-0.06658996,-0.046093535,-0.06690687,-0.07669533
0.0127996635,-0.005023902,0.03125807,-0.02995708,-0.014636506,-0.02073085,-0.039932523,-0.023142908,0.006861507,-0.008009436,-0.006587796,0.018838441,-0.004804008,-0.023225104,-0.032581974,-0.04115126,-0.009958381,0.0019086121,-0.0050195083,0.016018858,-0.0046856934,-0.06638788,-0.065896615,-0.05845824,-0.030385278,-0.061111216,-0.024938341,-0.0027233334,-0.011529706,-0.05042354,-0.048637263,-0.058909662,-0.054130167,-0.03124686,0.038541578,-0.017256027,0.014245032,-0.019595845,-0.02616545,0.057756282,-0.055478197,-0.05878346,-0.056242377,0.04633035
-0.044416007,0.016970532,-0.022546316,-0.027926857,-0.06075894,-0.0534902,-0.025604257,-0.04252317,0.00054165436,-0.028672274,-0.022086296,-0.00872837,0.010210236,-0.016250022,-0.021496337,0.015313815,0.03046316,-0.04778015,-0.067216046,-0.05607111,-0.045167077,0.041178092,-0.03137069,-0.03415951,0.037704743,-0.031370126,0.013125367,-0.015354652,-0.05515695,0.046287607,-0.025191005,-0.035541285,-0.022265337,0.0092340065,-0.056925688,0.0231861,-0.034793988,-0.006505746,-0.010646169,-0.038108394,-0.0141733065,-0.026420547,-0.036037337,0.0027165974
0.03017181,0.061242312,0.06648565,0.07032341,-0.0008439787,0.056632876,0.037670985,0.045753073,0.07901713,0.015015274,0.08252627,0.081530385,0.06703197,0.008197764,0.05284207,0.0002791699,0.05912354,0.07005844,-0.057076994,0.005216656,0.01824458,0.025026288,0.06554112,-0.003550645,0.049439315,-0.0631379,0.07239226,0.087304235,0.08006895,0.069447525,0.06660529,-0.046943687,0.056331877,0.07281094,0.052986782,0.0421856,0.04397354,0.009527985,0.06911022,0.073478505,0.038423292,0.032821044,0.06673351,0.031104632
0.039933376,0.045286622,0.050468728,0.014220093,0.03446467,0.054841436,0.019624377,0.06449158,0.060789544,0.07947058,0.07033042,0.04745816,0.02876533,0.045159705,0.05885819,0.020848375,0.03435767,-0.049343213,0.045912698,0.011159013,0.07577699,0.03199028,0.06486321,0.04661435,0.035216656,0.04276711,0.024886884,0.019016406,0.040121112,0.06829254,0.03631738,0.05109689,0.06836728,-0.0003782001,0.007832146,0.061251197,0.02522224,0.014376061,0.05160314,0.010630088,0.056963805,0.0453535,0.0651828,0.05603633
-0.03767476,0.04087636,-0.019080453,0.04398797,-0.003475525,0.016833428,0.012664641,0.029063342,0.029601023,0.027901905,0.02352865,0.06033917,0.0028092705,0.009893229,0.06941719,-0.04079607,0.032572158,0.056197856,-0.015967306,-0.027324038,0.012651857,0.07020343,0.06234843,0.02552089,0.023148675,0.04869614,-0.03289337,0.042907625,0.018097337,-0.0046825493,-0.017651012,0.0069798515,0.002430114,0.043806586,0.015406613,0.06415346,0.023620363,0.06459064,0.038869858,0.018456604,0.04211626,0.025251701,-0.012024109,0.00975771
-0.011025401,0.022987539,-0.06547497,0.03334109,-0.06532216,0.076530695,-0.017273195,0.040793538,0.04258257,-0.01788045,-0.008989059,0.041639864,0.010218321,0.02498786,-0.025591366,0.001481112,0.011562428,-0.060458213,-0.03639698,-0.011918763,0.063896134,-0.02705048,-0.04711631,0.01783865,0.06874784,0.023538247,0.010365004,0.06400707,-0.048675075,0.024253085,-0.042420257,0.034832217,0.017059531,-0.057439957,-0.06888213,-0.042772125,0.0131613705,-0.00034438746,-0.007881053,-0.06469092,0.073270924,0.04800314,0.059529915,-0.050390135
0.035404764,-0.0019304777,-0.009361006,0.042760044,0.009914019,0.027119106,-0.012268777,0.05286798,0.06867245,0.034461174,0.013459515,0.009141397,0.043052893,0.0028794177,0.00983444,-0.05665236,0.015696505,0.042493425,0.015565789,0.0077119004,0.048627872,0.06905118,0.06569121,0.02107611,-0.030044012,0.06941968,0.00465032,0.017814104,0.058393937,0.00249463,-0.0073321257,0.06469512,-0.014262062,0.066978514,0.012183742,0.032764792,0.04546374,0.06022347,0.05282858,0.07391096,0.055033922,0.061208267,0.037878003,0.010101018
-0.029061545,0.06207635,-0.0051852386,0.018293012,-0.04853223,-0.015313084,-0.0012462978,0.002961988,0.012839783,0.03698971,0.023720805,0.06547575,-0.049044583,0.012853643,-0.055936392,-0.017468845,-0.026245484,0.02085088,0.07618163,0.07502283,-0.030901317,0.050043922,0.034589473,0.054051273,-0.003923831,-0.062458772,0.0014727829,-0.017113935,0.02090911,-0.030782066,0.03347002,-0.07682377,0.056793727,-0.018681383,0.028774159,-0.07249818,-0.055467844,-0.009766162,-0.03655083,-0.027934521,0.03311909,-0.013116599,0.038944647,-0.034881935
-0.06683542,-0.03402167,-0.044644114,-0.060589824,-0.07787609,-0.02553794,-0.082406476,-0.057178304,0.055108927,0.08292923,-0.074192755,0.02644689,-0.021613866,-0.000679971,-0.058169328,-0.04073275,-0.075107224,-0.08421964,-0.05893359,-0.06708954,-0.032122444,-0.07635388,-0.0721988,-0.07703496,-0.06854291,-0.026193481,-0.059407603,-0.0585191,-0.07017471,-0.06797733,-0.07243474,-0.07169098,-0.08226571,-0.07887982,-0.070719905,-0.073170476,-0.075125396,-0.07575716,0.041888032,-0.013417679,-0.058250908,0.06727462,-0.0769198,0.06635535
-0.019476492,0.010239708,-0.02124168,0.037718322,0.03221029,-0.0017636673,0.025950098,0.02523193,0.04302502,0.011636197,0.019406829,0.04632735,0.047614716,0.030942017,0.02784436,-0.046356943,0.03803617,0.043359388,0.008697411,0.049948048,0.023468975,0.01742228,0.037129503,0.04108857,0.019631894,0.025913496,0.034732103,0.033177588,0.027290188,-0.002723703,0.03156939,0.016134279,0.049934585,0.03955734,0.02071931,0.04211011,0.037576366,0.03288089,0.02418286,0.03686573,0.04191073,0.05827448,-0.0073514134,0.014686983
0.06447691,0.07327636,0.0038917412,0.072854795,0.050019,0.053155843,0.054943103,0.078940764,0.08485093,0.07890679,0.074384,0.08598002,0.07875592,0.08032692,0.044013634,-0.029604264,0.057327602,0.025713693,0.024923379,0.029981598,0.07798793,0.050992515,0.050130185,0.024253488,0.06434438,0.06503613,0.057290677,0.08188673,0.062368512,0.06616419,0.06144503,-0.040108446,0.06339683,0.023992877,0.069971256,0.043374404,-0.0043189772,0.06086828,0.08121909,0.07394318,0.047893275,0.06523415,0.0654444,0.06428793
-0.010486943,-0.016361646,0.028122138,0.029267365,0.020791167,-0.05844554,0.03914692,0.045342717,0.009377101,0.03917945,0.00024143604,0.040975425,0.010783131,-0.025099078,0.042327054,-0.05949728,0.052163295,0.022695355,0.012253243,0.05551692,-0.0222533,0.029012643,0.03821125,0.0491871,0.014393714,0.0039419956,0.043506674,0.0029750403,0.041388538,0.040719025,0.032642078,0.0042357766,0.03838554,0.04669409,0.05581632,0.0028278453,0.054552477,0.05434196,-0.050612733,0.06321029,0.033989005,0.031717904,0.057337567,0.0082373945
0.017891224,-0.023927642,0.06700461,-0.045260273,-0.02609862,0.020010378,-0.0035064337,-0.050464194,-0.010915401,-0.010686993,-0.018104764,-0.06038888,-0.042543083,-0.033985183,0.02275076,-0.05253012,-0.042141836,0.020378314,0.034498464,0.06268283,-0.06077708,-0.019552918,-0.05767251,-0.032987963,-0.0635363,0.032883335,0.03121634,-0.01524831,0.024526296,-0.0108375875,0.06603387,-0.065589376,-0.07048858,0.037062522,0.016129043,-0.05904371,0.041808005,-0.060777355,-0.053110287,0.010597703,-0.072627135,-0.021071225,-0.04492924,0.010879594
0.007615164,0.06000989,0.0092233475,0.020780155,0.0015789706,-0.04640466,-0.04341417,0.00086575793,0.020327605,0.07263459,0.026017558,-0.005434238,0.050354313,-0.029690348,-0.022652103,0.00077619974,-0.04875738,0.049788024,-0.041366298,-0.029208625,-0.017499799,0.06631252,-0.05072234,-0.05822372,-0.043031618,-0.047417037,0.05114369,0.068363525,0.05581005,-0.0583373,-0.0052883015,0.019624585,-0.024624525,0.026191246,0.04085201,0.029511055,0.041784085,0.057239905,0.0020980758,0.006524164,-0.023918368,-0.02900607,-0.056720924,0.080130935
0.029241325,0.057017583,0.03006265,0.054294746,0.048032098,0.059013054,0.04159922,0.06690278,0.07151461,0.0752464,0.06586506,0.062372778,0.036188204,0.032316796,0.05388752,0.06342631,0.05165295,0.055521302,0.072734915,0.058436766,0.044949245,0.065145046,0.056354348,0.040504802,0.060253993,0.045802996,0.05816699,0.070589334,0.05854609,0.0284877,0.06509968,0.070858076,0.0068892753,0.059420094,0.045494772,0.053074323,0.048968963,0.02167067,0.07809158,0.033947308,0.061787695,0.054291952,0.02801626,0.053323645
0.02218383,-0.07549964,-0.07086847,-0.019409552,-0.032127466,-0.031348206,-0.07631678,-0.058661457,0.023049392,-0.028133014,-0.07417865,-0.06790772,-0.045104604,-0.037336435,-0.05789713,-0.058246635,-0.03854764,-0.034591656,-0.0033589676,-0.040794786,-0.06769969,-0.06299588,-0.07209288,-0.0726377,-0.064920284,-0.047249045,-0.062065035,-0.04286351,-0.032761622,-0.065197125,-0.052572846,-0.02251878,-0.07284162,-0.083182245,-0.04753445,-0.07578797,-0.05927364,-0.06842536,0.028203176,-0.041998275,-0.073880926,0.004086112,-0.06035206,0.04154197
-0.03499263,-0.011660424,-0.059548218,-0.05367559,-0.078716196,0.008501286,-0.05047653,-0.0734286,0.0037868738,-0.058797292,-0.0280609,-0.011785213,-0.032146044,-0.020010268,0.019101813,-0.06628259,-0.05427958,-0.08842623,-0.063124284,-0.079639554,-0.049694754,-0.07746208,-0.06745481,-0.07805244,-0.067333356,0.008924964,-0.062529564,-0.059881046,-0.050018203,-0.04859428,-0.037858784,-0.05511984,-0.07628315,-0.072122745,0.060263485,-0.080761366,0.031624977,-0.045509543,-0.025111884,-0.06846246,-0.05842331,-0.024155844,-0.06634504,0.018847441
-0.08638709,-0.06786956,-0.04331038,-0.06950096,-0.06552846,-0.0642156,-0.033799138,-0.066517144,-0.07230987,-0.0636592,-0.065465376,-0.0776553,-0.06371665,-0.043827787,-0.072574295,-0.047411047,-0.06316927,-0.061812714,-0.0717036,-0.061033268,-0.077945605,-0.06727717,-0.06373636,-0.06584881,-0.06800705,-0.03422888,-0.045362934,-0.062021565,-0.06979237,-0.017666277,-0.06688488,-0.033219703,-0.035109792,-0.039296187,-0.028753323,-0.05475302,-0.050183542,-0.057832282,-0.070676364,-0.033754442,-0.059719156,-0.041052703,-0.0011173242,-0.053973533
-0.0030630913,-0.015508857,-0.014637789,-0.053175207,-0.036290325,0.0056242854,-0.037283394,-0.034215834,-0.072733134,-0.036033593,-0.065752916,-0.034275264,-0.06268065,-0.045797653,0.02755057,-0.030953174,-0.049219713,-0.06129493,-0.043756876,-0.07570127,0.040196702,0.028951304,-0.07099047,-0.07165777,-0.034384005,-0.0077632107,-0.014623576,-0.0033194742,-0.0069636963,0.021339666,-0.04253834,0.026332932,0.002392393,-0.035783455,0.04845408,-0.017949376,-0.02175133,0.0077527543,0.04417035,-0.008260884,-0.0462138,-0.011803834,-0.05917534,-0.0059593227
-0.04288695,0.0055176658,-0.06638026,-0.04028668,-0.0030817005,-0.053613745,-0.032930914,-0.022810046,-0.044412713,-0.04883829,-0.027242806,-0.036741655,-0.009501792,-0.057778876,-0.038679376,-0.052888487,-0.038926482,-0.012300217,-0.057620816,-0.06841682,-0.05538443,0.02409289,-0.03421127,-0.050887447,-0.040057488,-0.051408432,-0.062480934,-0.03976722,-0.052165546,-0.04413018,-0.060217485,-0.05742691,-0.041633375,-0.06725236,-0.06462337,-0.039146435,-0.023333395,-0.060417652,-0.038120028,-0.058083087,-0.07110229,-0.061487272,-0.052722976,0.016070653
0.008184349,0.020787489,-0.0343648,-0.06707673,-0.040539697,-0.024042496,0.048796143,-0.040745012,0.040378097,-0.013330563,-0.06722268,0.017770967,-0.053899232,0.05242476,-0.038692307,0.0387439,0.0072134933,-0.03604873,-0.005811326,0.047029443,0.05347413,-0.048076373,0.026135439,-0.011496505,0.023595149,-0.066901796,0.052804053,-0.038341373,-0.07061016,-0.0026272947,-0.005978064,0.011812892,0.01898349,0.022753155,-0.061219826,-0.03480131,-0.020635407,-0.06313075,0.004537398,0.0413499,0.055826213,0.007510163,-0.01493623,-0.027861461
0.03405052,0.012369901,0.022124346,0.034997195,-0.028706301,0.014529683,4.5397443e-05,0.023241267,-0.010313477,0.027144767,0.022306789,0.011470342,0.009254408,0.031005062,0.005498579,0.015400944,0.005906376,3.954101e-05,0.012636216,0.05773504,-0.059152447,-0.013011123,-0.030761093,0.021568459,0.0066315006,-0.02038573,0.0309007,-0.0090194605,0.033396173,-0.001924942,0.009187408,-0.010013814,0.041554753,0.025310565,0.020773841,-0.05270158,0.052938,0.028113984,-0.032106657,0.039380003,0.028568173,0.018311702,0.03040705,-0.0039989287
0.016245615,-0.018992806,0.045431405,-0.022804085,-0.043686222,-0.044006933,-0.020152977,-0.0053079017,0.02583075,-0.073403515,-0.02307486,-0.019219685,0.060757715,0.009061993,0.013586059,-0.09055893,0.053616997,-0.043167364,-0.06548642,-0.07090922,-0.0069988263,-0.0153160645,-0.021759048,-0.055579532,-0.025551718,0.011166502,0.023446292,-0.0005103059,-0.03655486,0.02485618,0.05845439,-0.044460483,-0.012832582,-0.037892744,-0.020377675,-0.0462988,-0.0710354,0.008584444,-0.016923517,-0.006731282,-0.010702998,-0.071587354,-0.016890856,-0.030773139
-0.0016371707,-0.016911848,-0.015083264,-0.051952545,0.029081555,-0.04750998,-0.07054575,-0.031773094,0.02654869,0.0013275372,-0.04721453,-0.003961447,-0.058605384,0.031007487,-0.0070093996,0.028738845,-0.034262653,0.044190507,0.043301634,0.017975125,0.003438554,0.07077201,0.027306402,0.03020299,0.01622381,-0.019973189,0.009210117,-0.011287181,-0.0011207637,-0.039185297,-0.07814724,0.039848257,-0.03633285,-0.06917821,0.051055066,-0.017195553,-0.0077362536,-0.021677788,0.013928103,-0.015713388,-0.02053053,-0.06001414,-0.01679425,-0.0303754
0.06997573,-0.025035962,0.07635102,-0.03749257,0.06195688,0.056094028,0.029498624,0.025071893,0.042827953,0.051460054,0.0541482,0.01655304,-0.042905383,0.0036880276,0.022848513,0.011157793,0.012320009,0.0131158335,0.029661436,0.024910377,0.038189374,0.027911017,-0.03919465,-0.025683112,0.0697301,0.02663912,-0.040359262,0.056803327,0.031205097,0.051483218,-0.032657046,0.064867586,0.026333774,0.035450798,0.055725675,0.028733546,0.027777562,-0.052917402,0.023643468,0.06784574,0.0013435897,0.06920747,0.0045334017,0.062905855
0.0074578733,0.011239062,0.010785933,0.020179622,0.019666227,0.060408488,-0.017151322,0.021519972,-0.00580725,-0.00030081606,-0.0077576726,0.018897228,0.01580522,0.033997826,0.015742237,0.064693585,0.03457286,0.0044848914,0.002761925,0.03227325,0.042225696,0.012363476,-0.0068774824,-0.013837955,0.02013829,0.0435371,0.012601081,0.02346953,-0.018683583,0.021962529,0.06039044,-0.032250147,0.033761185,0.018813062,0.0042941794,0.010679994,0.023247845,0.014138658,0.0032369802,-0.01733639,-0.04116729,0.0048868614,0.010060201,0.015898371
-0.08087534,-0.055339724,-0.020020168,-0.042045083,-0.059324298,-0.06363619,-0.07056919,-0.048511848,-0.029913459,0.00010966477,-0.07300918,-0.0062256483,-0.023444401,-0.026860474,-0.07091457,-0.08521903,-0.0020569898,-0.03098358,-0.06990632,-0.034912635,-0.08544662,-0.0199516,-0.05540354,-0.07045858,-0.06456923,-0.021793908,-0.04478877,-0.049713977,-0.031138154,0.017386198,-0.00034073368,-0.054257255,-0.047394466,-0.051034406,0.0022329134,-0.020041712,-0.029227437,-0.045863546,-0.055887934,0.0034069822,-0.07385873,-0.07110751,-0.05538559,-0.04089478
0.03457473,0.007564308,-0.061998323,0.05943253,-0.015480213,-0.03676395,-0.059531365,-0.03239362,0.06117253,0.051324412,0.07378342,0.04220496,0.03235501,0.038420577,0.043353003,-0.051918656,-0.008481275,-0.034087125,-0.025137264,-0.016606672,0.056574713,0.0597239,0.056138773,0.0662242,-0.003931534,-0.051566258,0.036314066,0.02868659,0.03188177,-0.04381507,-0.054780412,-0.010870235,0.043505743,0.018884469,0.020336857,0.07646292,0.029460456,0.05456966,-0.015512167,0.028131885,0.052459843,-0.051527936,-0.007831098,0.06266864
0.025136165,-0.04857554,-0.015552623,-0.03420629,-0.04318248,-0.03359929,-0.0024317103,-0.04776912,-0.034473352,-0.0030901814,-0.0044833543,-0.012931718,-0.04199975,0.05315776,-0.034643967,-0.07419117,-0.057946242,0.0040111397,-0.023196671,-0.040605098,-0.043597203,0.0049887025,0.005891369,0.017338792,-0.049910408,-0.066640876,-0.05778486,-0.051983967,-0.026408372,-0.013556037,-0.053242642,0.032819808,-0.044922948,-0.050506692,-0.026993403,-0.014663624,-0.048568383,-0.051065683,-0.00904503,-0.020773133,0.019751953,-0.042870753,-0.041246314,-0.0031688549
0.015028479,0.0139175225,0.01712564,0.023512335,-0.006313906,-0.012350872,-0.0010202914,0.035001103,0.07142702,-0.03134648,0.02788955,0.03574864,-0.026469495,0.07271967,0.045432102,-0.022109453,0.052466013,0.023787115,0.040163383,-0.03159686,0.052986354,0.082095355,0.033732228,0.058837384,0.008752518,0.04927237,0.07102095,-0.03226355,0.020524189,0.04722164,0.06162678,-0.06909077,-0.06550654,-0.0016107549,0.06587272,0.029073758,0.02191063,-0.03329685,0.053298917,0.04222734,0.034674056,0.0123390835,0.062065657,-0.04062688
0.013481927,-0.061532114,0.04978981,-0.017886192,-0.015469899,-0.01037596,-0.06933931,-0.025386978,-0.06780538,-0.03546699,-0.06813176,-0.003580771,-0.041136,0.037848156,-0.060586512,-0.038204625,0.0049397387,-0.04203271,-0.07167312,-0.05837241,0.015746258,-0.06119625,-0.06495897,-0.051126827,-0.06796755,-0.072876535,-0.058240585,-0.03227806,0.035473306,-0.06750272,-0.034611046,-0.035782393,-0.012451084,0.013533591,0.028100476,-0.057876393,-0.065460995,0.024697388,-0.043295026,0.025798539,-0.06693579,-0.008506285,-0.021418726,-0.045381453
-0.05808016,0.036906045,-0.0076521602,-0.05738166,-0.0043639955,0.01312176,-0.061995752,-0.080928646,-0.086190976,0.04902513,-0.03266309,-0.08316359,-0.06695422,-0.07512478,0.010249213,-0.016990306,-0.07972848,-0.030474592,-0.013699325,0.02273216,-0.047754746,0.040853247,-0.04657764,-0.022721015,-0.06730368,-0.023567593,0.065151684,-0.047222197,-0.020114355,-0.06056769,-0.042379867,-0.02635939,0.041091572,0.016294908,-0.010193568,0.043108784,-0.020007255,0.03958989,-0.087498404,-0.039595667,-0.076952375,0.0050057545,-0.044719685,0.0345947
-0.045567762,-0.040070556,-0.04150794,-0.0026036855,-0.017073441,-0.03415686,-0.028469214,-0.039770365,-0.06635593,-0.033935945,0.0011063481,-0.0197454,-0.042485572,-0.05170015,-0.015623059,0.0019229458,-0.052573193,-0.01788158,-0.0506938,-0.04712414,-0.026158964,-0.047747716,-0.045595393,-0.044255536,-0.035753563,-0.03845955,-0.047226164,-0.035804387,0.010843537,-0.05253518,-0.039263528,-0.015591062,-0.048629194,-0.050495394,-0.03744049,-0.040446326,-0.04764755,-0.0511252,-0.0046822615,-0.025495749,-0.041407105,-0.0501457,-0.03645479,-0.016916692
0.008599102,0.0156426,-0.051433317,-0.048394155,0.045138557,-0.06347201,-0.02728469,-0.009204111,-0.022341672,-0.04194429,0.023278017,-0.030028643,-0.06331412,0.0009270511,0.0027701808,-0.03541285,-0.04471468,0.018988237,0.039404858,-0.053656667,0.03580711,-0.08615061,-0.06303229,-0.03492887,-0.07470129,0.0345954,0.07710315,-0.06189593,-0.038212903,-0.035808675,-0.07568851,-0.03414061,0.07141516,-0.014813663,0.07049284,0.035874583,-0.006951618,-0.010695396,-0.025569012,0.027041579,-0.057220187,0.0014823395,-0.072733305,0.012405112
-0.021912744,0.049853817,-0.00034000818,-0.0050666784,-0.0050366265,-0.022889793,-0.03172599,0.038496766,0.021049585,-0.045984257,-0.012826601,0.038930457,0.009446612,-0.024179421,0.03729857,0.031419244,-0.016455743,0.015976511,0.052940365,0.04262576,-0.008947475,0.066949725,0.0703506,0.035168674,-0.00525167,-0.014716583,-0.012291511,0.008654662,0.0032606267,-0.027424185,0.005757819,-0.05655173,0.01689471,0.05558907,0.017565403,0.0060855746,0.045410868,-0.057078496,0.016625898,-0.0009351353,0.0147332875,0.036850024,-0.059079245,-0.027607495
-0.013730032,-0.0028071436,-0.032491174,-0.036967304,-0.014758238,0.0448222,-0.019602222,-0.049018454,-0.050768286,-0.0092812665,-0.019110478,0.009332912,-0.02841289,0.029405398,0.011429332,0.021899901,-0.028052464,-0.047548264,-0.03315357,-0.009893305,0.016072817,-0.00574251,-0.025299724,-0.026461797,0.021392846,-0.058744226,-0.050658826,0.018851541,-0.02784263,-0.035488676,-0.035944976,0.009774742,-0.0060506435,0.042664684,-0.019610863,0.025343262,-0.052583687,0.003013866,-0.01854841,-0.0083255945,-0.0013905597,0.0008870179,0.0019660797,-0.037169762
-0.056423567,-0.06314999,0.019579224,-0.054234937,-0.032850467,-0.027377231,-0.04954791,-0.033291128,-0.040517148,-0.05556251,-0.019914102,-0.044198066,-0.06379463,-0.04033699,-0.021783983,-0.023043392,-0.04720744,-0.022233134,0.014892329,-0.053730413,-0.033505276,-0.06000432,-0.022995016,0.009024143,-0.06550188,0.008538742,0.05561594,-0.067866795,-0.066422746,-0.057586793,0.014156873,-0.036952257,-0.047334302,-0.00085989956,-0.02691016,-0.039686333,-0.031443447,-0.055000037,0.036427416,-0.04571193,0.027083177,-0.017123133,-0.035620596,-0.024066482
0.057782255,0.012418417,0.04294482,0.06759849,0.048004854,0.07528063,0.04932325,-0.008626486,0.056220543,0.001504976,0.041515734,0.032171577,-0.0032656763,-0.07248762,0.052627154,0.030272001,-0.053329054,0.022521634,0.02477903,0.030181589,0.03909649,0.067160964,0.067293204,0.06612065,0.061886914,0.015512163,-0.035098016,0.036200564,0.017732656,-0.048515398,0.030990789,0.008749338,-0.004660417,0.025477683,0.008760841,0.038602337,-0.021573853,-0.0005203193,0.012027143,0.062305972,0.043007117,-0.061168753,0.04034688,0.056343134
0.020906596,-0.074428596,0.05176747,0.034409236,0.03063005,-0.06672693,0.063637905,0.050078686,0.04441729,0.039053556,0.0770126,0.012240552,0.061914723,0.01751039,-0.01709798,0.057095155,-0.0041720863,0.0797354,-0.03579439,-0.01415108,-0.07275576,-0.058508758,0.006839516,-0.06637095,-0.05440836,0.0355122,-0.05015333,-0.00825889,0.08123886,0.027825566,0.055772983,0.030193398,0.023548365,-0.04485265,-0.04370235,-0.03826714,0.071532406,0.05951601,-0.009593144,0.062229805,-0.04263962,0.03207668,-0.012066129,0.07572027
0.0032524697,-0.003108878,-0.0012920726,-0.014337302,-0.062474143,-0.05179273,-0.03268987,-0.001703877,-0.053119443,-0.0041352655,-0.03330139,-0.022749241,-0.049429577,-0.04422388,0.023204222,0.0018356898,0.0008978782,-0.006040492,-0.027934682,-0.0359004,-0.017045124,0.012248578,-0.060205217,-0.025852704,-0.04807832,0.0016286633,0.016340083,0.0030826877,-0.04865268,-0.04270491,-0.0016596074,-0.013153487,-0.0037291604,0.020724893,0.012655233,0.02764159,-0.03586305,-0.023615098,-0.022611212,-0.053286422,0.0011972967,-0.011974088,-0.000683765,0.031205012
0.064157054,-0.032794133,0.07421208,-0.012723672,0.0034319032,0.039426997,-0.016068786,0.008536002,-0.021126956,-0.06866448,-0.016963087,0.010947767,-0.052057516,0.034206044,-0.015039429,-0.043115143,0.04531173,-0.070364654,0.06867876,0.07809527,-0.029742902,-0.04722501,-0.061547883,-0.06606191,0.008058091,0.057132453,0.056650426,-0.06619053,0.006987576,0.052523553,-0.03740674,0.055114068,0.05940855,-0.022887124,0.056704134,0.05040767,-0.04280235,-0.054892614,0.00020928113,0.07692674,-0.07493804,0.05812107,-0.073597305,-0.07942326
0.03980074,0.044691935,0.070937276,0.04833242,0.076890685,0.028425407,0.07468457,0.049709447,0.01435449,-0.017894669,0.05573718,0.042474277,0.02439034,0.048565708,-0.00457832,0.058781903,0.07119792,0.07951285,0.033677224,0.07026026,0.02330038,0.03493774,0.0049177306,0.029841162,0.071226835,0.045666225,0.063245215,0.06698916,0.075318955,0.025725512,0.08083843,0.0033662908,0.063966155,0.07515045,0.035890304,0.057007007,0.07114351,0.072250836,0.026839959,0.04710586,0.047191955,0.06826977,0.07439273,-0.0071639577
0.017984135,0.073255345,-0.049662482,0.010325732,-0.06650511,0.05172992,0.011509282,-0.031041872,-0.038839675,-0.030931825,-0.024730176,0.010804168,0.013515125,0.0042334963,-0.06212109,-0.0060909493,-0.055971153,-0.032862104,0.054712165,0.01784399,-0.025689524,-0.0149950925,-0.008466701,-0.062097657,-0.05920596,-0.044381987,-0.072385415,0.037456665,-0.011050418,0.0040974533,-0.021754358,-0.072495,-0.048578043,-0.07123857,0.01004225,-0.0016746643,-0.06465646,0.06347604,-0.023886707,0.0034496493,-0.076875485,-0.031617563,-0.05265642,-0.069945954
-0.06686774,0.0345579,0.018034795,0.04603695,0.031834356,0.030644389,-0.0012580808,0.0018758395,-0.0747766,-0.06601037,0.0053018895,-0.02471822,-0.06976548,-0.07006649,-0.009297618,0.012830273,-0.033666726,-0.03005234,0.07205283,-0.022610625,-0.017787242,-0.04268671,0.05601385,0.03349668,-0.016000573,-0.053828936,0.00021033268,0.07065423,-0.05961531,-0.046178166,-0.08190734,-0.057141986,-0.04300323,0.028435692,-0.07324332,0.022411471,-0.040288225,-0.063632704,0.05416316,-0.07434217,-0.019034311,0.031263843,-0.06342375,-0.0680554
-0.031931642,-0.0035644022,-0.004029667,0.03754858,-0.002592961,0.050318554,-0.051692948,-0.005685107,0.022403032,-0.027403936,0.010973219,0.053650822,0.01061941,-0.031747077,0.061244704,-0.034723748,-0.046479594,-0.059043884,0.010202218,0.0043796645,0.064044066,0.017998261,-0.041028995,-0.040079463,0.037015308,0.0021023415,-0.0073921406,-0.0007584842,-0.011886736,-0.02286566,0.039273337,-0.05295285,-0.053330544,-0.03638153,-0.054444827,-0.024089025,-0.0087459795,-0.008994406,-0.0224454,-0.0059785987,0.02220545,0.028211419,0.0381498,-0.064388916
0.010264624,-0.03418179,-0.073574804,-0.039265968,-0.040972758,-0.027855799,0.0033790525,0.02740565,-0.080488645,-0.009214247,0.00056153804,-0.05996673,-0.036679033,-0.011753267,-0.06924637,-0.042197242,0.029097917,-0.076716505,0.059899863,0.03171849,-0.003617684,0.02024346,0.07265419,0.062973745,-0.019254282,-0.010276329,0.04298606,0.034285635,0.052044023,-0.06459987,-0.07628935,0.028440801,0.05056433,-0.076468244,0.0542148,0.025419079,0.054543007,0.07120316,0.03949244,-0.05942907,-0.059825353,-0.020836355,0.008251165,0.008955214
-0.008512439,-0.07098741,-0.071287,0.044633627,-0.011894287,-0.06641619,-0.013632477,0.02163189,-0.04264105,-0.027776072,-0.020644449,-0.006159936,0.034156676,-0.0013721157,-0.016042486,-0.025097478,-0.06827304,-0.014151002,-0.038439527,-0.0046968632,-0.036691487,-0.0062460247,-0.0041994876,0.028434386,-0.03721397,0.0037436057,-0.059973087,-0.04125226,-0.05024901,-0.055221323,-0.06460723,0.028853348,0.007903739,-0.013145289,-0.015090642,-0.030383326,-0.016190827,-0.046946295,-0.014345542,-0.062393628,-0.021011617,0.008305387,-0.047116775,-0.02657934
0.014251057,0.00938025,-0.03969002,-0.0014848533,0.015836881,-0.01016568,-0.01910788,-0.038472265,0.01377277,-0.05459759,-0.0014085264,0.055072702,0.012757013,-0.023151357,-0.035393227,-0.05403742,0.017512647,0.017268024,-0.04697341,-0.057357777,-0.036598373,0.040595092,0.033105765,0.060466923,-0.012844062,-0.00082045404,-0.016349996,0.03618628,-0.01105343,-0.0348393,0.04736793,-0.07216931,-0.05598501,-0.02719194,-0.025225185,-0.03094559,0.019258432,-0.044342194,0.035372395,-0.06228405,0.0025546688,-0.033310026,-0.011403181,-0.044657744
-0.0711061,-0.03029338,0.019263737,-0.034471214,-0.038389605,-0.023669602,-0.03165042,-0.009720547,-0.04593192,-0.05847536,-0.052051708,-0.05785281,0.003599089,-0.06482956,0.00038751125,-0.015645547,-0.04147545,-0.051121358,-0.036527283,-0.048530433,-0.0287031,-0.025563749,-0.04321337,-0.062827654,-0.02868103,-0.023134287,0.019724125,0.009011099,-0.040989876,-0.050470423,-0.0407358,-0.013277257,-0.014952036,-0.05898474,0.014327525,-0.0183943,-0.016488677,-0.05384289,-0.042785045,-0.022310723,-0.058238544,0.009709882,0.005034369,-0.019892912
-0.010658281,0.0025624158,-0.008044347,-0.053225834,-0.011151287,-0.022004358,-0.060286593,-0.049477473,-0.0042364676,-0.030299941,-0.031400736,0.021085422,-0.037531782,-0.028156105,-0.049935397,-0.0526549,0.008807815,-0.009351981,-0.0074028852,-0.03147498,-0.0032792957,0.0014219347,-0.022089614,-0.026798679,-0.037430845,-0.034559596,0.0073636817,0.016204681,-0.023828864,-0.050943293,0.04704723,-0.04713248,-0.017085792,0.027321352,0.013688651,-0.015711274,-0.030365754,-0.022531988,0.037836388,-0.015959743,-0.04735404,-0.039604515,-0.024754422,-0.042793
0.05601845,0.074080944,-0.008836118,0.041617893,0.025860814,0.064576425,-0.0438114,0.010137946,0.0054180454,-0.072509825,0.07642266,0.022711132,0.053960957,0.010007269,0.042292394,0.029900692,0.067832865,0.008646675,0.056322757,-0.0020139767,0.024310065,0.033748038,0.07298422,0.0685808,0.04926749,0.047782045,0.07017523,0.057111654,0.08049982,-0.011063709,0.0386927,0.02290015,0.043487623,0.03544811,-0.0068744426,0.073180504,0.030312354,0.045287773,-0.012815053,-0.032108467,-0.0009764965,0.06775358,-0.006101364,-0.040462174
-0.058681317,-0.048014734,-0.024099668,-0.070008315,-0.068792015,-0.010863142,-0.08193551,-0.023843827,-0.07129924,-0.056916863,-0.082661405,-0.086818494,-0.06872639,-0.07569974,-0.07469085,-0.0262508,-0.055521745,-0.036326516,-0.080860935,-0.08194993,-0.046505738,0.0007860031,-0.073661305,-0.07921498,-0.06280998,-0.07327602,-0.07538637,-0.006298576,-0.0331647,-0.07380108,-0.07150198,-0.06785939,-0.07165729,-0.05363172,-0.047122203,-0.056733657,-0.057501633,-0.04723877,-0.07374403,-0.053509407,-0.08348854,-0.067663044,-0.05976132,-0.04052768
0.020845193,0.054098655,0.035305105,0.045134906,-0.028804896,0.075317875,0.046266444,-0.022526344,0.08153661,0.06645341,-0.036628727,0.00012474859,0.014767354,0.07357472,0.06684334,-0.008953707,-0.023815203,0.056766327,0.002847293,-0.03844779,0.023709789,-0.004337037,-0.0077927005,-0.035194427,0.036037385,-0.006697884,-0.069021344,0.019118598,-0.038188737,0.028495412,-0.060237557,0.013717467,-0.020636266,-0.056040093,0.01809013,0.010610275,-0.018126847,-0.054746352,0.07427297,-0.04671481,0.035855036,0.009272295,0.00853925,0.0379219
-0.03222346,-0.061671972,-0.05079312,-0.03734489,-0.053542424,-0.020067066,-0.05255173,-0.03258734,0.0076935156,-0.0064460095,-0.05482422,-0.053264383,-0.027990317,-0.009759588,-0.0116620725,-0.06411985,-0.041658957,-0.042012587,-0.057960454,0.017801574,-0.04390193,-0.05817671,-0.04986996,-0.0632606,-0.007794381,-0.027143057,-0.06294444,-0.026234461,-0.058650807,-0.022524532,-0.05287051,-0.0674964,0.009260423,0.014331286,-0.014393823,-0.009956164,-0.03770135,-0.05961003,-0.07305656,-0.049098957,-0.04011292,-0.020897994,-0.017691638,-0.06625978
-0.017898597,0.0103852395,0.02813205,-0.0070761647,-0.04392338,-0.024503974,-0.021040067,-0.020573895,0.017592434,0.004642052,0.051244758,0.02962949,-0.04141346,0.00877203,0.020302352,-0.018873557,-0.022571143,-0.015959792,-0.0008524017,0.0153657505,-0.071137264,0.03271012,0.0538504,0.032019455,0.02642309,0.043876868,-0.060373876,0.0015642802,0.055292446,-0.043626796,-0.01866061,0.030768411,-0.0059014764,0.0023454179,0.0040267664,-0.011791416,0.057094596,0.014542337,-0.0770405,0.06679534,-0.016979473,0.050648,-0.0074879522,-0.04275688
0.097475976,0.0779929,0.07950009,0.07835712,0.07853289,0.088513166,0.08358294,0.08275429,0.086839594,0.08286532,0.08482156,0.086311094,0.080861576,0.07850424,0.0836079,0.097346306,0.080695815,0.09031433,0.087833025,0.07963584,0.09879846,0.086207084,0.073344745,0.07904647,0.07490178,0.082620636,0.07797715,0.08833883,0.081082985,0.07646309,0.08537319,0.08068676,0.0843217,0.08711627,0.07870849,0.08417904,0.0751024,0.07874861,0.089476936,0.07531271,0.08424761,0.07850409,0.07356997,0.08361216
0.017096415,0.07030031,0.07003553,0.034788333,0.06211077,0.011218031,0.013074815,0.052625313,0.017822122,-0.06670949,-0.00666315,0.05051976,0.047319025,0.06292154,0.023921214,0.06075398,0.034853574,0.004766703,0.045329977,0.0658747,0.0054693082,0.074683726,0.031134384,0.063997865,0.019724991,0.07492977,0.054440543,0.07778072,0.035629656,0.05428353,0.06828189,0.002292858,0.052282255,0.06699433,0.063676566,0.0754359,0.054302715,0.067894,-0.012037584,0.067053296,-0.06312594,0.068323806,0.03430576,-0.08287459
-0.034336306,-0.057730693,-0.03840179,0.004242201,0.012381184,-0.0033436243,0.07492522,-0.00408845,-0.048917055,-0.020620117,0.0194802,0.021754276,-0.0051648794,0.0059462045,0.001635436,-0.07681374,-0.007243361,-0.037061103,0.022005832,-0.053111415,0.031562403,-0.048054155,0.057656713,0.039448753,0.002514798,0.04930397,-0.06897528,-0.0073223067,-0.068937406,0.014902182,-0.05913159,0.044768047,-0.008380312,-0.04953506,0.07860278,-0.010388128,0.005235889,0.04624375,0.013314053,0.028348349,0.07083657,-0.0328657,0.047590587,0.049282007
0.06167472,0.04571954,0.0016257891,0.05298247,0.06738273,0.051510945,0.049910422,0.04348977,0.04742071,0.008587847,0.031759065,0.058712013,0.06383876,0.030878775,0.017911933,-0.015780553,0.0037470597,-0.0014441516,0.018718952,-0.01994452,0.08475177,0.01879549,0.063223355,0.040354528,0.048769835,0.013157306,-0.05119355,-0.00833776,0.05576121,0.01741941,0.0097241495,0.0415374,-0.011850833,0.034483686,-0.021264723,0.015008776,0.04436518,0.0706398,0.010930899,0.054431036,0.03283935,0.009805145,0.0037419326,0.037307378
0.01563295,-0.039918806,0.0075297137,-0.061197843,-0.04534855,-0.050118145,0.011170979,0.0339725,0.0415003,-0.06098862,-0.012342945,0.077634305,-0.047490466,0.04582923,-0.026509771,-0.051192828,0.062528096,-0.010666291,-0.024722174,-0.020449135,0.009987017,0.0017549652,-0.06008312,0.04051109,-0.04522832,0.07190874,0.031233424,-0.034911465,-0.0389634,0.030872066,0.08278169,0.04214259,-0.054129813,-0.036799528,-0.06450242,-0.0030643744,-0.031734824,-0.053397283,-0.01191597,0.013352067,0.00034166325,0.020154348,-0.05778534,-0.04691627
-0.089296296,-0.018691873,-0.053662322,-0.074219234,-0.069828436,-0.0573403,-0.045397975,-0.068049856,-0.07124181,-0.04491879,-0.076508395,-0.06615174,-0.072518736,0.017444272,-0.06827992,0.015336552,-0.056387983,-0.06726702,-0.048487447,0.0007598554,-0.056731798,-0.014747664,-0.040334817,-0.06740444,-0.032269992,-0.07312917,-0.07084389,-0.053309146,-0.07201556,-0.03947354,-0.05923041,-0.06832548,-0.06604337,-0.06317012,-0.05055542,-0.06767066,-0.06365182,-0.058069434,-0.027866336,-0.04595832,-0.060566586,-0.067851186,-0.05392926,-0.075012416
0.030609038,-0.020972814,0.020138046,-0.010839725,-0.0463739,0.00444199,0.028306214,-0.007353223,-0.006223614,-0.011044884,0.014958753,-0.006732536,-0.0028306872,0.0073732557,-0.052494474,-0.015824964,-0.030453922,-0.042833388,-0.03876456,-0.06390286,-0.036827125,-0.034927752,0.006908384,-0.0014627768,0.018519685,-0.0012529823,0.045111287,-0.022130284,0.0042553656,-0.0032544008,-0.011211822,0.018744994,-0.035782922,-0.0009961178,-0.025519393,0.0010196809,-0.056118507,-0.015918043,-0.012543447,0.030501341,0.052112233,0.024855427,0.033735722,-0.010044219
-0.040169388,0.0457565,0.03942958,0.05313882,0.004451251,0.045605823,-0.019565582,0.040372778,0.0131263975,0.05678074,0.014864152,0.015601974,0.05724479,0.040883217,0.015358778,0.004449648,0.03568335,0.0047026244,-0.015596658,0.029727638,0.0097267665,0.046760168,-0.014336877,-0.0035744268,0.050375972,0.037001766,-0.0011787091,0.034796827,0.057491954,0.017392213,0.02794698,0.06075494,0.06511804,0.013145077,0.045174398,0.030590275,0.02047884,0.060895443,0.013512007,0.049321488,0.04164149,-0.0041834563,0.0150301205,0.016397495
-0.014831438,-0.029532863,0.071566135,-0.07179251,0.042517282,-0.043845594,-0.027211763,-0.074214816,0.020700412,0.06631615,0.0154762715,0.02773225,-0.08002827,-0.0008575105,0.025802283,0.07519519,-0.06560111,-0.020985963,0.042080782,0.002356404,-0.017467856,0.07119588,-0.015244244,0.05285677,-0.07239082,-0.069977745,-0.009030999,-0.030163515,0.07094804,-0.016366953,0.03510268,-0.01213494,-0.028319497,0.057524703,-0.06237714,-0.04200317,0.0029932586,-0.07716665,-0.03667295,0.021640182,-0.04338386,-0.039072204,-0.07488472,0.014608482
0.07669184,0.016084874,0.029871468,0.054132435,0.04866021,0.052849043,-0.025652159,0.020960893,0.068577215,0.046104293,0.05496585,0.02404856,0.04611501,0.041327152,0.06608631,-0.040368855,0.047696445,0.037511848,0.017084192,0.06202567,-0.020398065,0.0012597244,-0.022286631,-0.03138608,0.03427849,0.04558203,0.06616121,0.056800064,0.05719187,0.037670217,0.030924853,0.02361898,0.04879904,-0.009983777,0.049926516,-0.008848263,0.031222912,0.045517966,0.04081231,0.073749445,-0.026446627,0.039261304,0.04155421,0.027907876
0.0008737484,-0.007740405,-0.060173836,0.0042523155,-0.06330408,-0.035973802,0.041980624,0.021059161,0.068425916,0.011444169,0.071775116,0.08005413,0.022407902,0.04054339,-0.036315423,-0.020858454,0.023746926,-0.061004214,0.011708692,-0.045446064,0.06021019,0.045011144,-0.02735409,-0.04827687,-0.013320212,-0.0032687366,-0.06712483,0.07440314,0.012081029,-0.0045236624,-0.079513684,-0.03352239,0.0025578272,-0.020152079,0.060843553,0.00030269037,-0.057948653,0.021384582,-0.012533804,-0.055252973,0.043825164,0.05894825,0.040258262,0.052545335
-0.0063581467,0.029617865,0.026749436,-0.026703589,-0.010281817,-0.039142493,-0.010215157,0.027223665,-0.015865982,-0.01563206,0.07826643,-0.022008294,-0.05158278,-0.011767367,0.01886492,-0.03289605,-0.07104401,-0.026646338,0.029924547,0.026907897,0.002897426,0.055389322,0.057183888,0.06688984,-0.060809102,0.07529406,0.07635167,0.06717958,-0.037654463,0.006316392,0.05481789,0.030593101,-0.020299273,0.015672805,-0.07243521,0.036672466,0.014710644,-0.04173927,0.023292443,0.035268757,0.024939843,0.04061194,-0.06973799,-0.035978463
0.015425104,-0.018798662,-0.05958031,-0.044146422,-0.05078342,0.04082216,-0.05969348,0.0023881656,-0.027288,-0.053882483,-0.027118467,-0.038148545,-0.001383641,0.0093517145,-0.05060795,0.07903679,-0.06090941,-0.04112178,-0.026496451,-0.0107749,-0.077798754,-0.01499251,-0.017136168,-0.051015,0.002652657,-0.051426996,-0.05062225,0.05388744,-0.04004391,-0.025356136,-0.048740607,-0.06860604,0.0051900344,-0.03139661,-0.03764125,-0.056147553,-0.05998585,-0.025892982,-0.066538095,-0.062269635,-0.05895869,-0.004103988,-0.0014567703,-0.037827622
0.09792657,0.07827942,0.079452135,0.0788738,0.07912313,0.08842788,0.08315484,0.08175772,0.07285488,0.014006447,0.08474069,0.07243981,0.07473526,0.06826824,0.08307369,0.083478436,0.075335786,0.08722723,0.08291349,0.08261162,-0.003430473,0.08581653,0.0733136,0.06738182,0.07718284,0.07873988,0.077544846,0.07938079,0.08157213,0.076706454,0.08281069,0.080562025,0.08473594,0.08756962,0.07069704,0.08268386,0.074976824,0.08054773,0.03495645,0.07709399,0.052463133,-0.025132032,0.07786743,0.05939543
-0.05912064,0.002388094,-0.07142984,-0.041442983,-0.07398551,0.029986115,-0.072297886,-0.012415468,-0.041010424,0.02471373,-0.007043585,-0.05230515,-0.02314521,-0.06684248,-0.018859956,-0.052501384,-0.061613377,-0.053341743,0.019075457,-0.047869988,-0.016190305,0.0013346791,0.049728088,-0.06339853,0.007202333,-0.019213825,-0.038014047,-0.06563293,-0.052229162,-0.015673993,-0.055945702,-0.021439666,0.03429605,-0.015709082,-0.0232974,-0.032141052,-0.0024715492,0.021773487,0.01009413,-0.06723947,0.036259912,-0.07466846,-0.034653265,-0.07568521
0.006223982,-0.019578142,-0.042332273,-0.037066206,0.006556468,0.03407021,-0.0588248,-0.032666806,-0.03890821,-0.037184786,-0.016213272,-0.014092174,-0.0022979777,0.0065268897,0.015411476,-0.042030606,-0.009467788,-0.0048562684,-0.014331597,0.00536873,-0.00066292647,-0.059632212,-0.03487231,-0.035426702,0.024812603,0.0028884795,-0.0311876,0.025738604,-0.043033745,-0.001856934,-0.016711092,-0.041683678,0.0014739507,0.0061537884,0.008352488,-0.029454619,-0.037442904,-0.013627069,-0.03926684,-0.06131153,-0.026529351,-0.04268358,-0.003769506,-0.008661828
-0.034115985,0.027619455,-0.023879431,0.019431043,-0.024519408,-0.012604637,0.009787641,0.03033279,-0.03603121,-0.042448685,0.03480008,-0.027146839,0.015332716,-0.025614647,-0.036413692,0.026728628,-0.059149858,0.05170047,0.01855722,0.042362496,-0.07922121,0.030342415,0.022382354,0.0021119385,0.04293839,0.026097272,-8.906654e-05,0.07414648,0.018954284,0.0165846,-0.011656606,0.011045514,0.016449673,0.026318172,0.037220757,0.009958069,0.023941942,-0.016822,-0.056909952,-0.016712764,0.0014846658,-0.025041426,0.03468216,0.0514721
0.06281679,0.039616745,0.06692511,0.0656632,0.064473994,0.06830583,0.03248964,0.06659843,0.05378224,0.051953845,0.050890703,0.07694052,0.02671966,0.064519666,0.070427805,-0.005420326,0.0628486,0.06788004,0.046434946,0.06317543,0.061177973,0.029321136,0.047943506,0.059336208,0.019179957,0.07381589,0.066969,0.06269493,0.058600746,0.04735691,0.081793964,0.04627316,0.06277795,0.024720807,0.05150925,0.060354907,0.05811982,0.025495222,0.061351657,0.041076675,0.060027197,0.032218978,0.003260089,0.043259654
0.035233747,0.03977632,0.053213604,-0.013715223,0.00982732,0.06452882,0.030419346,0.007902177,0.025806796,0.068437286,0.05139553,0.024133211,0.010644614,0.058538895,-0.03738657,0.012640197,0.04377248,-0.018997127,0.036768127,0.020125238,0.013812168,-0.029150266,-0.009577661,-0.041210726,0.03639393,-0.029764974,0.006494747,0.016390057,0.045050867,0.011655509,0.044133756,-0.0035043398,-0.0058289752,-0.038438227,-0.0035184578,0.021157337,0.006569384,0.009590439,-0.004979988,0.017344419,-0.008091229,-0.041738346,-0.030513952,-0.002430409
-0.06608882,-0.020535737,-0.068417825,-0.06257622,-0.05506197,-0.056396462,-0.04929164,-0.07941563,-0.06965613,-0.06965119,-0.010085057,-0.077541135,-0.076707855,-0.07283255,-0.036888655,-0.06040349,-0.07209179,-0.050964553,-0.055404067,-0.06796705,-0.0795132,-0.008762338,-0.035307776,-0.031205673,-0.0752688,-0.027578529,-0.004940289,-0.0714807,-0.028150372,-0.03511198,-0.028208813,-0.031394873,-0.031045726,-0.037083417,-0.04652994,0.031471785,0.003153752,0.03437384,-0.079211764,-0.045581307,-0.07325383,-0.00044394593,-0.07276427,-0.075711206
0.036364675,0.051825628,0.04465416,0.0381334,0.05489407,0.06815992,0.042284165,-0.032213524,0.03116677,-0.016955312,-0.042439066,0.04757451,0.06156022,0.008481831,0.0067753657,-0.050982736,-0.03525657,0.035602197,-0.0026232179,0.038583644,0.030696768,0.06008149,0.05941232,0.054314468,0.044643633,0.041912988,0.017327834,-0.016415942,-0.012830622,-0.06317511,0.021946339,-0.05311202,0.015520688,0.064706996,-0.0051152576,-0.06836391,-0.022714805,-0.024771834,0.04582224,0.02027563,0.069974326,-0.035432518,0.04454338,-0.019730793
-0.008752807,-0.03351659,0.0017115687,-0.031081943,0.02243444,-0.03561753,-0.0004786633,-0.041743275,-0.052926365,-0.054547124,-0.0055746627,-0.046589464,-0.02393706,-0.07258364,-0.020281434,-0.017433496,-0.061513904,0.01537713,0.025651934,-0.0295815,-0.038151518,-0.05028551,0.011448735,-0.022380412,-0.0490518,-0.036111865,-0.029198518,-0.027214183,0.0023305332,-0.055455774,-0.04814987,0.009524925,-0.05636572,-0.033498812,-0.051630966,-0.055443663,-0.016435467,-0.044571172,-0.059251778,-0.04711396,-0.047781542,-0.038110077,-0.059960302,-0.047842924
-0.0017198139,0.0377412,-0.019117683,-0.04264423,-0.031196848,0.010373871,-0.006961064,0.0077626985,-0.030567069,0.01731272,0.026872357,0.042714212,-0.027586987,0.041269492,0.02130498,-0.03948421,-0.024835864,-0.050450288,0.013951282,0.050798297,-0.050365206,0.054135595,0.029592225,0.012098655,-0.0028239018,0.035917424,0.024992498,0.00584737,0.020048477,0.06825504,0.021791184,0.020772895,0.021928364,-0.025684398,0.016734231,-0.008821464,0.0021173004,0.03811088,-0.06728705,0.05086958,-0.059779607,-0.035134364,-0.033679646,0.04491321
0.023676503,-0.06793412,-0.0040538143,-0.036301106,0.045611847,-0.050101675,0.039878927,0.009747137,0.021907886,0.050027154,0.07529398,-0.03895791,-0.065789245,0.065939285,0.043538384,-0.0054040453,0.052174293,-0.0049327556,-0.03202961,-0.060902942,-0.0014868233,0.035486277,-0.0029536358,0.06438519,-0.023569351,-0.0024447043,0.03982265,0.057531524,0.055133864,0.0376091,0.013046883,0.0748823,-0.005403236,0.01704255,-0.029998703,-0.06641981,0.0719433,0.078061596,-0.0100483615,0.051538356,-0.060693707,0.027709743,0.029383412,0.04598678
0.013911956,-0.015038098,0.015535997,0.002556779,0.04712621,0.001301658,0.033570994,-3.3639186e-05,0.034399502,-0.019400239,0.02437402,-0.029077204,-0.00785622,0.011954607,-0.017634466,-0.013851039,0.0133748995,0.051284086,0.025268165,-0.013275718,0.06347571,-0.008641057,0.023192707,0.026654188,-0.0013080435,0.010818635,-0.0004643831,-0.031017253,0.014533239,-0.016549563,0.047357097,0.045111876,0.003312111,-0.010081719,-0.023025978,0.025981223,0.021759816,-0.0036143714,0.026229363,0.0019632475,0.0149202105,0.025516765,-0.005010999,0.046303798
-0.0010122235,-0.049228992,-0.013414903,0.011088948,0.044668302,0.011112341,0.033664815,0.027042968,-0.008877169,0.008174408,0.0020106544,-0.054930937,0.0029962966,-0.048301347,0.06091628,-0.010428964,-0.05411649,-0.034464955,-0.044372946,0.049607307,0.033817593,0.0016274173,-0.040094875,-0.015083796,-0.033070095,0.048193224,-0.061970923,-0.04792313,-0.058890775,-0.070624195,0.030106107,0.014317205,0.017172301,-0.045926984,-0.06676351,-0.058285754,0.033757277,-0.00028144108,0.0022590726,-0.03662867,-0.019539865,0.008635745,-0.044037372,0.056060333
-0.05359954,-0.005460775,0.014683885,-0.04020852,-0.034395497,0.014263808,-0.034978162,-0.025037,-0.03450583,-0.041319292,0.021675084,-0.066303514,-0.06310067,-0.032516573,0.029031998,0.01638735,-0.039915923,-0.051013857,0.051310048,-0.0064016157,0.061988324,-0.05534022,-0.027700795,0.03421202,-0.038669147,0.04589564,0.048017617,-0.0075928834,-0.07074994,-0.028530674,-0.0005733162,-0.049394626,0.025976537,0.019010732,0.06777892,0.0014683702,-0.0027383815,-0.016482063,0.044149585,-0.052538082,0.015552373,0.052215304,0.008269094,0.041233685
-0.06329274,-0.00094047637,-0.059707683,-0.009093974,-0.04252805,0.009722102,-0.013273376,0.012137594,-0.0097746225,0.024280231,-0.068369545,-0.037218906,0.020750737,-0.008193897,-0.026577065,-0.07117894,-0.031898964,-0.021007795,-0.05020351,0.022188457,0.015747584,-0.010617121,-0.05419598,-0.033324234,0.019024681,-0.02162771,-0.060108166,0.0031190724,-0.05745308,-0.025413277,-0.066441484,-0.06561119,-0.035537418,-0.031271305,0.0023638466,-0.0101256315,0.059593752,-0.03158433,0.034679025,-0.0505331,-0.005901692,-0.026727468,-0.015043389,0.045815814
-0.01800164,-0.024537273,-0.021065123,-0.036246184,-0.014954582,0.022070296,-0.06479544,-0.022656934,-0.049146634,-0.0473383,-0.020302832,0.031799484,-0.034451343,-0.060393598,0.0033525303,-0.066806845,0.026216786,-0.03055898,0.01833082,-0.00057073927,-0.017770221,-0.006628626,-0.03716223,-0.03549551,-0.019167183,-0.0062271436,0.00957032,-0.030437889,0.022184722,-0.052255962,-0.019220293,-0.03180534,-0.029468957,0.04912899,-0.01586087,0.021699803,0.028251281,-0.030625114,-0.051025026,0.005196531,-0.05374185,0.01389704,-0.004562556,-0.072501816
0.09161288,-0.047316287,0.03657167,0.019034958,0.054775335,0.05987593,0.037743773,0.048377953,0.043607816,0.014348069,0.018528862,-0.0118747195,0.0022171373,0.026237592,0.008967789,0.05582979,0.034014206,0.05868852,0.05581341,0.05609643,0.0047146697,0.045012265,0.049326416,0.055015832,-0.010263594,0.039509118,-0.033752985,0.045428425,0.018852133,0.00290513,-0.02964754,0.019857371,0.062360615,0.064666726,0.03218274,0.009855788,-0.024209242,0.026200933,0.023434216,0.027273538,0.053188562,-0.014031938,0.018091029,0.065930404
0.029666165,0.07408167,0.026776828,0.032872926,0.06858066,0.073010184,-0.0049939933,0.040366285,0.05918547,-0.009527447,0.03681874,0.040829454,0.053860858,0.026097605,0.06322015,0.06097995,-0.017302036,0.041037887,0.03471886,0.04624322,-0.037237126,-0.011980875,-0.04187128,-0.013129112,0.049993612,-0.011944574,-0.039910927,0.03148914,0.07471401,0.052747086,-0.0031398898,-0.050770093,-0.035597183,-0.008571564,0.016703395,0.023040503,0.018651854,-0.028268022,0.023810897,0.03782824,-0.06660787,0.05142463,0.044678837,-0.019906083
0.049838517,0.070536785,0.0010286649,0.025560522,0.04128976,-0.0026751724,0.005987707,0.001364301,0.08091553,0.017125161,0.038420305,0.027928554,0.046851885,0.066868804,0.053543653,-0.059460532,0.06285707,0.039571956,-0.019715466,-0.056193475,0.080440015,0.00821735,0.01665473,0.0028663422,0.061464578,0.06705505,0.021241799,0.022750638,0.05377838,0.06529488,0.0376968,0.043634288,0.07342178,0.07066373,0.07465172,0.058062937,0.07344847,0.06980893,0.082690686,0.06059508,0.06134326,0.04150737,0.021816315,0.03388903
-0.047667805,0.0627456,0.034270447,0.048196837,-0.012904167,0.01983835,-0.023790164,0.025614427,0.05536799,-0.04421389,-0.008629889,0.027452154,0.07352833,-0.004285415,0.07371915,0.062008664,0.05232226,-0.06028472,0.06414727,0.042967983,0.054398242,0.06815304,0.007846827,0.05761295,-0.05880766,-0.020040162,0.055115063,0.0021775214,-0.02708223,0.04939541,0.02593954,0.0027626192,0.0690373,0.08306634,0.07593852,0.06543578,-0.040895645,-0.0070949257,0.014892383,-0.022597061,0.03284098,0.019789007,-0.03757259,-0.052466094
-0.050327156,-0.043388814,0.07312487,-0.06214015,-0.024405928,0.013046028,0.050258927,-0.0021068838,-0.01542443,-0.001545843,-0.028978342,-0.04669608,-0.07529706,0.04361263,-0.07562538,-0.031189557,-0.035514206,0.06416608,0.08146209,0.063979596,-0.04294698,0.0477114,0.015792077,0.026360583,0.017695397,-0.032035828,-0.034017406,0.051011097,0.06431514,0.030094158,0.07820666,-0.052754357,0.035205204,0.07629469,0.07577612,-0.043330003,-0.033838347,0.042782266,-0.056280836,0.07593891,0.029648986,-0.028637405,-0.02819217,-0.019397646
0.057927806,-0.028703112,0.016888767,-0.026812244,0.057879284,0.023665894,0.03459063,0.01896355,0.07306795,0.0044490728,0.028492777,-0.00030132235,-0.04749251,0.05335774,0.004490205,0.023621734,0.008390675,0.060445756,0.046226215,0.062131617,-0.022405839,0.029035985,0.062959746,0.071696006,0.0027296105,0.054059695,0.031244917,-0.021144709,0.057195712,0.03142246,0.0138281435,0.047634337,0.032889932,0.055864546,0.010463749,0.015270879,0.061971013,0.043297082,0.0427304,0.03843538,0.065994084,0.024479045,0.026699718,0.03685112
0.022968162,0.042557012,0.043167602,0.07144288,-0.012833403,0.07825581,-0.013288453,0.008586162,-0.07198264,0.059843484,0.045379832,0.038873788,0.074716486,0.014941585,0.068893015,-0.0062968177,0.024522368,0.0721301,0.0050846604,0.015004559,-0.027350783,-0.004725207,0.047568295,-0.038240544,0.07118265,-0.018483285,0.00819742,0.02526292,0.046255186,-0.007332411,-0.03285186,-0.022377046,-0.004921511,-0.030325733,0.077015676,0.07313038,0.057799578,0.074666046,-0.038406257,0.0059079537,-0.01110107,-0.007338825,0.05295115,0.06776612
-0.022531714,0.03127037,-0.07504485,-0.018787848,0.032320593,-0.012297772,-0.07684329,0.059781715,0.038916007,0.03635649,-0.015126731,0.071236156,0.017256768,0.04372368,-0.0061871847,-0.037422653,0.0037084892,-0.024907386,0.002728024,-0.02000866,0.062200483,0.07651647,0.06943994,0.07131097,0.054978717,0.053977232,0.0071371077,0.029527454,0.019416573,0.0051368065,-0.012372961,0.027318848,0.042934556,0.026247436,-0.06598732,0.034663063,0.048357327,0.052892208,0.032158524,0.0032026074,0.016189473,-0.06456545,0.027719064,-0.022208327
0.058905363,-0.0250256,-0.02423908,0.032882087,0.04585916,0.0565371,0.0016375971,0.043065596,-0.021294512,0.039706297,-0.025644114,-0.04968292,0.016494665,-0.014172207,0.03654185,0.06629601,0.011211352,0.0792048,0.0398319,0.04554612,0.07098372,0.0034721408,0.028047178,-0.033926312,0.04130483,0.0044711726,-0.050929386,0.05033151,-0.048415504,-0.035642892,-0.0027559807,-0.039132554,0.028748529,0.028857538,-0.016189156,-0.013081487,-0.045128647,0.003029043,-0.03894196,-0.042564474,0.027050693,0.039869305,-0.008773458,0.040868692
-0.06889553,-0.039579324,-0.0030038487,-0.065735206,-0.053161833,0.019280236,-0.055456974,-0.016665138,-0.046471998,-0.014529183,-0.0444345,-0.0672721,-0.026330091,-0.032500364,-0.03482768,-0.015130112,0.05604833,-0.06653881,-0.0142104365,-0.049745176,-0.010461374,-0.03985436,-0.06474057,-0.056124676,-0.0015401616,-0.05257623,-0.028443925,-0.027300037,-0.00707917,-0.04606432,0.01973946,-0.030821463,-0.036331713,-0.026539307,-0.053247944,-0.053185355,-0.040965497,-0.022185346,-0.05285155,-0.063181505,-0.06736365,-0.068580195,-0.0045734947,-0.07601487
0.08318448,-0.024691833,-0.030438703,-0.05966697,0.06808897,0.055109404,-0.010773409,0.032063775,-0.026453292,0.06426755,-0.0029923748,0.03687304,-0.020589666,-0.075665995,0.009142752,-0.044296566,-0.051448613,-0.031808637,-0.01419756,0.007351738,-0.05399797,-0.010742232,-0.032122973,-0.016259216,0.03286138,0.04854853,0.052776806,-0.058662046,0.04449105,-0.008543955,0.049763948,0.07274415,0.056734726,0.058292586,-0.0034334376,0.0527064,0.03537884,0.07006915,-0.05108401,0.045475464,-0.05241765,-0.06888517,0.013904878,-0.01168063
-0.0034625803,-0.005143043,-0.040593553,-0.07411718,-0.0387567,-0.011048069,-0.07874378,0.0006031442,-0.05566441,-0.06908685,-0.053336762,-0.0026152746,-0.066680804,0.03618,-0.0716466,-0.0630083,-0.046847206,0.0032867626,0.009132367,-0.013637845,-0.07125941,-0.0031922637,-0.065308444,-0.058469504,-0.026400996,-0.0715485,-0.07607199,-0.0043739323,-0.037965246,-0.020438425,-0.014238653,-0.076048255,0.013533313,-0.015124937,-0.050755315,-0.018904041,0.03426594,-0.0143995965,-0.058729704,-0.006701481,-0.07066819,-0.07526127,-0.022251539,-0.0807007
0.031284694,0.07385675,-0.063341595,0.011176792,-0.060640477,-0.039763305,0.0029649048,0.01754808,0.07407967,0.052783914,-0.050933097,0.07691972,-0.0087962225,0.073099144,-0.054239523,0.012422416,0.065894805,-0.060933664,0.03304937,0.03403043,0.03730097,0.029864982,0.06238843,0.006554044,0.05191131,0.058129787,0.038909968,-0.0074074003,-0.03411305,-0.0020306678,-0.014733539,0.07567198,0.07101525,-0.00530417,0.05632196,-0.027770193,0.014082212,0.07971176,0.07249179,0.05574997,0.06385244,-0.0022547059,-0.035028744,0.034782253
-0.021146616,-0.023901993,-0.055349417,-0.027234852,-0.05025997,-0.053344514,0.05745523,0.02582593,0.029001584,-0.038639594,0.01319215,-0.037090525,0.033115856,-0.053771857,-0.029485503,-0.066171035,0.0010565268,0.01340899,-0.05854709,-0.048595183,0.02681583,-0.035845157,0.0026093312,-0.04898986,0.0364026,0.050793312,-0.025153337,0.014083149,-0.0045753857,0.004721608,-0.031068712,0.027554398,-0.062088694,0.007320858,0.030521376,-0.0190802,-0.034714963,0.044347357,0.03655917,-0.050342962,0.027364856,-0.07081423,0.03887504,0.047614634
-0.034101866,-0.0040873336,0.032995023,-0.04284078,-0.0047210394,-0.03751282,0.031193921,-0.052825272,-0.0053360458,0.018040033,0.019601943,-0.047455747,-0.0077701225,-0.027966512,-0.0120837195,-0.07080367,-0.028436288,-0.00735849,-0.014491999,0.004931105,0.0015576289,0.015656939,-0.010945157,-0.048383847,-0.047990356,-0.04986883,0.034185536,-0.036399294,-0.025390705,0.0019551155,0.045265336,-0.030946769,0.020243574,0.025889443,-0.05309303,-0.05661325,-0.010296183,-0.013163124,0.017572274,0.027464742,-0.050606564,-0.008666842,0.04774645,-0.02858683
0.029117564,-0.027070573,-0.023763672,-0.05976614,0.009857799,0.02117776,-0.01320038,-0.06140582,0.045747306,-0.0645512,-0.043719433,0.032956693,-0.039089087,-0.037480243,-0.07097743,-0.042419977,0.028293343,-0.057535835,0.003534348,-0.025710262,0.010400842,0.040352747,0.03662166,0.07281732,-0.0012787622,-0.015090887,0.0077489256,-0.07736723,-0.05019587,0.03836219,0.053346857,0.0017146321,0.006012887,0.07366735,0.0057036043,-0.014508279,-0.026648808,-0.012568315,-0.0030545653,-0.04600516,0.040068544,-0.07678061,0.02368961,0.047824338
0.076000474,0.0722,0.07086234,0.07042196,0.057162423,0.049899235,0.07350763,0.074690804,0.06757479,0.071647234,0.07349259,0.07957032,0.068530254,0.078986295,0.044986665,0.07780868,0.06789698,0.06707556,0.07674235,0.07279628,0.044748,0.06914104,0.07189814,0.07149213,0.07251884,0.057381924,0.0699356,0.055873152,0.07295724,0.07390658,0.077009134,0.07189093,0.046382003,0.053362913,0.071311116,0.07027098,0.071771346,0.06658355,0.07813626,0.06355382,0.076973066,0.06279509,0.075596176,0.06571342
0.045641474,0.051283453,0.02901222,0.031575695,0.07016257,-0.048463445,0.025941547,0.054130487,0.03208845,-0.0021050365,0.041038275,0.029604048,0.055199027,0.01648517,0.07803486,-0.03304715,-0.002637566,0.06654919,0.0467163,0.071926855,-0.014579225,0.03116622,0.02985333,0.004269992,0.024715101,0.07075928,0.047789752,0.0436699,0.07264339,0.03884412,0.034804672,0.06530188,0.049789626,-0.0010940136,0.0606477,0.011921356,0.06773357,0.06639839,0.045352746,0.065419875,-0.065242566,0.05931751,0.021004688,0.016400175
0.0017333006,0.056547362,0.008131313,-0.06759867,-0.03712185,-0.02344219,0.02025539,-0.01712023,0.06341805,0.013968509,0.052887417,0.046731733,-0.071807235,0.04212447,0.030118285,0.050898798,-0.011475061,-0.042831596,0.027784243,0.014928496,-0.021732967,-0.02003949,-0.0086632855,0.008021803,-0.016745167,0.017978167,0.0054107737,-0.007320982,-0.023742039,-0.055169683,-0.020719098,0.013514112,-0.047083195,0.060857225,-0.03475736,0.003846847,-0.054559663,0.0058932877,0.041735046,-0.04494221,0.0034848745,0.054092612,-0.03683909,-0.035727397
-0.008803891,0.03149967,0.023847317,0.038125835,0.03695255,0.012905158,-0.013556691,-0.010771232,0.009394415,-0.036433544,-0.00495996,-0.030143036,0.011247331,-0.074196406,0.021241097,0.01632262,-0.014042826,0.00900963,0.0003840349,-0.047692355,-0.036277547,0.0046025277,-0.025922101,-0.024517834,-0.0635409,-0.01952571,-0.051888216,0.0318747,-0.038908243,-0.005515145,0.0070867054,0.043754555,-0.03120279,0.060975764,-0.026593845,0.010328058,0.003263147,-0.010735389,0.0066230814,-0.0045355074,-0.022693615,0.028267415,-0.018119963,-0.0019723512
0.0285051,-0.037089657,-0.04195619,-0.041812375,-0.006352823,-0.062860735,-0.026310535,0.02134516,-0.017624252,-0.025228664,0.020631874,0.006837184,-0.014310735,-0.033835836,0.022727134,0.026051547,0.020103985,0.028115246,0.054198734,0.0031168824,-0.0025388077,-0.026008373,-0.041745033,-0.058462527,-0.044952665,-0.008600874,0.009514486,-0.011759533,0.01692603,0.009373009,0.026670938,-0.00031080667,-0.070601486,0.017261133,-0.020095147,-0.023224607,-0.0135015985,-0.018028697,-0.01408318,-0.035355944,0.0009020481,-0.0008688379,-0.033496972,0.007278509
-0.05642803,-0.07311491,0.025202949,0.043061454,0.0043848325,0.010104676,0.07740912,0.019106176,-0.005532807,0.047918938,0.037210226,0.011982263,0.018117908,-0.068172716,0.038051903,0.014580159,0.010137568,-0.028969876,0.015053443,0.015733551,0.004993206,-0.01861373,-0.040960867,-0.030307362,-0.02141837,-0.039396387,-0.03310178,-0.007882736,-0.03991248,-0.028838681,0.013266716,-0.02016279,0.028610632,-0.002069092,0.008287412,-0.0023719186,0.046778284,-0.038105033,-0.035745017,-0.0084755095,0.050056532,0.05408016,-0.015006228,-0.023717763
0.014778531,0.038118724,0.06260716,-0.0078682285,0.005455564,0.035450567,-0.043731734,0.053559825,0.061514366,-0.06712739,0.0075147166,-0.040004708,-0.011933431,0.07033756,0.03347955,0.005634421,0.053396426,0.02969441,0.026185261,0.060661905,-0.034877334,0.0089801,0.003885017,0.06948928,0.013569354,9.756567e-05,0.030149626,-0.023866301,0.02982969,0.050453536,0.006546408,0.038533486,-0.038514573,0.020966258,0.06660568,-0.012041774,-0.05721556,-0.013852068,-0.027368363,0.07163331,-0.03036374,-0.06017096,0.0015158476,0.013192851
0.035079364,0.059782628,0.024400078,-0.0056784535,0.032085087,-0.0006553671,0.011639358,-0.024831284,-0.021479571,-0.026810894,0.05663565,0.05321304,-0.01753583,-0.056329027,0.012608012,0.027479341,0.058733206,0.014101544,0.050808236,-0.025197579,0.055676565,0.00661874,-0.027084572,0.006339342,0.018705925,0.035317756,0.05217105,0.005500738,0.060646523,-0.06574613,-0.00017264351,-0.012238503,0.016022183,0.021888345,0.020681592,0.025957288,0.0038192493,0.023412928,0.055569682,-0.05924046,-0.016859813,-0.018736955,-0.0070176423,0.011159974
0.02055429,0.02877716,-0.023503508,-0.016745072,-0.039825633,0.00041080787,0.04709998,0.053631857,-0.0058767707,-0.0738182,0.017875142,0.041604187,-0.0055966624,-0.04008947,0.06096654,0.02451277,0.021816973,0.040838815,0.056886878,-0.035608385,0.022578489,-0.03347387,0.043334,0.0016788914,0.05680017,0.03487624,-0.049959373,0.07027129,0.07837206,-0.0010608622,-0.024416184,0.02883334,0.009849598,0.0017398132,0.05309169,0.0711375,0.07503007,0.039173804,-0.04207781,-0.021194125,0.041358706,0.036417723,0.06317632,-0.017547123
0.009639475,0.023274869,0.033558335,0.06942895,0.060723674,-0.0014620983,0.04002686,0.07065635,0.030295677,-0.038622435,0.028877275,0.050271843,0.07656065,0.06894372,0.027050316,-0.04068297,0.05160752,0.05162792,0.015550002,0.0677079,0.050531402,0.07927,0.051004652,0.05072604,0.029901486,-0.0043053995,0.075590834,0.039360926,0.01718482,0.027894497,0.067440264,-0.065631,0.0023376893,0.04001175,0.0049596224,0.018791962,-0.059022054,0.070010334,-0.05219997,0.00945006,-0.010451293,-0.006587537,-0.00604611,0.04364589
-0.04027309,0.03418519,-0.07071252,-0.066606596,-0.060875744,-0.05096116,-0.012823365,-0.078215286,-0.083645776,0.017556543,0.06450355,-0.045233537,-0.06906565,-0.085701466,-0.01463156,-0.05880277,-0.072119944,-0.06723197,-0.08687432,-0.082093455,-0.08835692,-0.069531,0.01571198,-0.039649907,-0.07383551,-0.00083889236,-0.052657865,-0.052265495,0.013081239,-0.019641368,0.022190563,-0.08115265,0.047796827,-0.022756372,-0.074277334,-0.027456038,-0.020916447,-0.06413151,-0.08938202,-0.077107765,-0.060772493,0.053705044,0.012705292,-0.027161079
-0.052546266,0.06608989,-0.018168578,0.060213655,0.07706291,-0.011720315,0.045240555,0.033101205,0.0329815,0.043879744,0.013192327,0.06774077,0.06599212,0.02987959,0.06486505,0.039890394,0.05403641,0.049179684,0.031820077,0.024382634,0.07470692,0.018407099,0.027039213,0.037368037,-0.01612353,0.06392842,-0.014047275,0.05631808,-0.007050171,0.057198025,0.06557106,-0.036738176,-0.05366816,-0.034417428,0.0185163,0.07264245,0.019485217,0.04582031,0.02451769,-0.005864832,0.0008840057,0.03273359,0.012356194,0.02945695
0.015724976,0.03209651,0.056335095,-0.027697975,0.07341771,-0.015624317,-0.023647834,0.011466429,-0.060594026,-0.04223361,0.036079418,-0.06614738,-0.066254586,-0.014670263,0.012777064,-0.003301654,-0.031256784,0.0782248,0.009021061,0.05433489,-0.042557843,-0.004341725,0.00562422,-0.04220874,-0.027507152,-0.044240996,0.060011968,0.080689214,0.03873173,0.04854447,0.048818756,0.04714872,-0.023066238,0.0037962392,-0.0035677778,-0.02915574,-0.024086403,0.009606516,-0.048054904,-0.016895557,-0.06976852,-0.037173126,-0.022184372,0.00019533602
-0.039332867,0.0062667634,-0.0520116,-0.045969047,-0.02072838,0.0020489818,-0.022321215,-0.024611548,-0.017164191,-0.04286381,-0.035967585,0.026998255,-0.010969063,0.005483955,-0.010150546,-0.007478837,-0.012179936,-0.056265946,-0.07129897,-0.054479618,-0.016225068,-0.011292094,0.0073588705,0.012591867,-0.009281828,-0.01462736,-0.028039696,-0.015972525,-0.017094878,-0.02587325,-0.032659333,-0.036787678,-0.018599065,-0.03695234,0.014050584,-0.020221205,-0.037365172,-0.009942834,-0.018604208,0.014212947,-0.040244684,-0.03245585,-0.006029998,-0.07061229
0.08612794,0.077828944,0.07918733,0.076755784,0.07044788,0.06572646,0.07616211,0.08143318,0.07679602,0.0795554,0.07807576,0.08056915,0.08121458,0.076912835,0.055551454,0.057993643,0.07846619,0.03369726,0.07031906,0.071893536,-0.008647434,0.085675105,0.073046446,0.07741481,0.0751309,0.07257343,0.07732914,0.080523334,0.08116814,0.0719117,0.0791759,0.077131316,0.07709016,0.08348725,0.07478388,0.078034826,0.07421117,0.08027422,0.061242275,0.077019066,0.06573348,0.07307316,0.07464788,0.08159319
-0.06050565,0.06279715,0.000302398,-0.05084632,-0.029517688,0.0697507,-0.030682689,0.0015200113,-0.0056393635,0.040576294,-0.04840124,0.027944881,0.0046832482,0.042847395,-0.07483607,0.015952809,0.06727386,0.047745932,0.07953401,0.072484344,0.032604292,-0.041591916,-0.05360914,-0.057871062,0.052808993,-0.07333373,-0.047581967,0.07166231,-0.0051298263,0.0037179661,-0.029212967,-0.0287999,0.018165153,-0.07945905,0.058737587,-0.074472584,-0.05466676,0.0014331067,-0.0044742385,-0.0017237632,0.027090685,-0.07060388,0.051970344,0.010116163
0.060754634,0.052260324,-0.0071896315,0.05107111,0.05122603,0.008095984,0.0651111,0.053415544,0.06112498,0.017919503,0.050479587,0.055752665,0.030174743,-0.0003860676,0.058926746,0.0013742694,0.002296662,0.0074295634,0.037506137,0.05069775,0.0714388,0.026350515,0.032297492,0.038300335,0.015283858,0.0347862,-0.0019148892,0.048990425,0.036680505,0.019004311,0.011801634,0.051287044,0.05343831,0.06622746,0.0019983652,0.06772386,0.017114626,0.050201565,0.013055812,0.03715628,0.02258656,0.05834246,0.037774857,0.056549553
0.07699519,0.038155925,0.040785633,0.025239307,0.04954725,0.074368216,0.034783565,0.05352801,0.04349345,0.016831415,0.06331163,-0.024087174,-0.00880732,0.024131553,0.058737833,0.07700709,0.03671285,0.011640814,0.05300706,0.029813515,0.021214627,-0.056931626,0.0057338406,-0.061912507,0.03027794,0.0033839415,-0.02453076,0.02633933,0.026345555,-0.02899762,-0.028950091,0.059733078,0.028635038,0.027736776,0.055524074,0.022876447,-0.04215596,0.053207684,0.027004577,0.0035551563,-0.000660161,0.04449355,0.008975177,0.058229156
-0.01958891,0.053045228,0.03480953,0.022568703,0.052526064,-3.842275e-05,-0.00505683,0.067796215,-0.030647157,-0.06542141,0.057718486,0.07000023,0.028018046,-0.058438715,0.048793696,0.004455072,0.05962785,0.07942168,0.005075944,0.044072133,5.953416e-05,0.056790464,0.06118095,0.006552063,0.0713513,0.06343663,0.018245004,0.07094636,0.080237426,-0.045386374,0.060400628,-0.018414564,0.015356174,0.049563065,-0.07210181,-0.022061722,0.044523876,-0.02629064,-0.03142712,-0.05687802,0.034507323,0.0051150187,0.052518517,0.008739923
-0.030110395,-0.07703782,-0.037638478,0.05073638,0.054678995,-0.061259266,0.017575245,0.0044806018,0.056643076,0.023190437,0.023488294,-0.024723971,0.039931927,0.05953605,0.04889007,0.0017447807,-0.04091314,0.040796302,0.007247639,0.012169086,-0.011837171,-0.071015514,0.024561029,0.0012301033,-0.032105803,0.027083492,0.03570256,-0.06728222,-0.01040465,0.0039599123,0.046805922,0.07758378,-0.03570818,-0.056410044,-0.050421637,-0.050423473,0.058237597,0.015706332,0.01901416,0.034148224,-0.03953235,0.021236341,-0.049253076,0.08052897
-0.06733632,-0.04978815,0.054099027,-0.048532993,0.020234732,-0.037318252,0.023925556,0.03143803,0.03041042,0.020353664,0.03797386,-0.029675525,-0.014272042,0.0052103596,-0.021784665,-0.009263073,0.07399484,0.04515077,-0.078621805,-0.055385135,-0.041682992,-0.05725954,-0.056746833,-0.05398009,0.014265192,-0.055772044,-0.05725504,0.014757939,0.011242942,0.0640699,-0.0013913952,-0.07347836,0.0009621583,0.031161267,-0.05438604,0.0043963674,-0.021054935,-0.07640841,-0.0018266835,-0.051498827,0.020070488,0.056653734,0.0056476863,0.016225757
0.036588352,0.025095645,0.036374133,0.05607897,0.0072775395,0.055455927,0.04068731,0.0226332,-0.02712917,0.043924566,-0.0067306687,-0.021013651,0.043156363,0.004590838,0.0442584,0.055799417,0.008907046,-0.003166853,-0.056865454,-0.022107199,0.068260185,-0.048918832,0.026931947,-0.03224483,0.0060545905,0.009364632,0.055170223,0.0064756805,-0.00074435456,0.0012824764,0.00022609369,0.0048010335,0.032644294,-0.03652726,0.05311748,0.054375567,-0.016457872,-0.029464165,0.049309324,0.061630674,0.06397949,-0.070484504,0.054022934,0.009676162
-0.057029523,0.07457155,0.05442018,-0.0031517234,-0.052517436,-0.031597495,-0.01834719,-0.026145458,0.010636354,0.06608559,-0.01274229,0.03175137,0.03935667,0.054991033,0.04191324,0.035571754,0.0054323864,-0.054557007,-0.018031951,-0.012786845,-0.012272304,0.018528959,-0.06812864,0.02534319,-0.01203433,-0.014169033,0.05629789,-0.022329215,-0.03771814,0.03551348,0.07210361,-0.07948263,0.0007270305,0.0034992893,-0.0053428775,0.01938897,-0.054497585,0.042761125,0.0024275654,-0.045883123,0.026067102,-0.0063237976,-0.0047019403,-0.0071346452
-0.052590452,-0.07773689,-0.06268636,-0.07022873,-0.04136897,-0.046177913,-0.07613162,-0.068079375,0.053590704,0.055755135,0.035427313,0.017877325,-0.065109104,0.072029695,-0.02667301,-0.06383498,-0.006767629,-0.06510594,-0.085308224,-0.0767527,-0.036836572,0.06100413,0.05201597,0.027744893,-0.058090825,0.0021772957,-0.07037644,0.0058029387,-0.02224102,0.01715823,-0.025477245,-0.042000618,-0.020036327,-0.04324657,-0.044196863,0.061900306,-0.054572552,-0.0019424359,-0.0074367044,-0.047091395,-0.075045034,-0.062222607,-0.062378854,0.036869343
0.036025446,-0.02948213,-0.026691696,-0.020202866,-0.049550764,-0.01313074,-0.036603194,-0.04568972,0.0007659797,-0.005072969,-0.03775176,-0.0035972737,-0.04904437,0.00416888,-0.0023722467,-0.04362897,-0.049158696,-0.044052944,-0.06227122,-0.024388364,-0.046605725,-0.035650343,-0.0431558,-0.044995904,-0.027498066,-0.03628395,-0.023821995,-0.037658483,-0.046446364,-0.043452673,-0.038527593,-0.029893145,-0.04208273,-0.03506478,-0.019123623,-0.025055869,-0.06817429,-0.04686182,-0.038635854,-0.009111885,-0.029137708,-0.022197317,-0.02406669,-0.057166796
-0.0038480554,-0.040398907,-0.02434942,0.007689462,0.008586274,0.012952442,0.035300404,0.0365063,-0.02646855,-0.04010785,0.061877403,-0.016001407,-0.06549198,0.0013105512,0.033751123,-0.04385922,-0.03429271,-0.0363933,0.018643565,0.017542353,0.018700173,-0.021008657,-0.030316662,0.013605867,0.014111284,0.036949925,-0.011072738,-0.05063301,-0.0069072424,-0.06491068,-0.0147445975,0.02829033,-0.000110467015,-0.036032166,0.0043542436,-0.043521456,0.051825922,0.017626446,-0.017544974,0.04965397,0.005765969,-0.016075583,0.047581695,0.021912485
0.061239693,0.028223269,0.06062969,0.023412164,0.0716335,0.043504782,0.037548203,0.0025712838,-0.03168791,0.028065937,0.051801514,-0.052816555,-0.04782852,-0.072021015,-0.012908345,0.043767344,-0.018289972,0.041753694,0.008384499,0.012230554,0.055078205,0.069237106,-0.0030309954,0.07297435,0.010344372,0.032288507,0.043714292,-0.02071086,0.038549084,-0.072249584,0.016337154,-0.05242114,0.06371505,0.07989564,0.034321737,0.055856064,-0.033770304,-0.067684196,-0.01382936,0.05949439,0.06317956,0.062529325,0.060782883,-0.0007066669
0.073880024,0.045447342,0.049609587,0.06454895,0.05244392,-0.04800612,0.047974546,0.082374156,0.014275485,0.08227427,0.07058385,0.07509275,0.04545457,0.005533661,0.07289443,0.034464333,0.07750362,0.02494645,-0.013329149,0.050773498,0.0012185911,0.029242916,0.03689498,0.055289708,-0.01644626,-0.01491243,0.06004351,0.075740665,0.07436563,-0.04086043,0.06499203,0.06317069,0.07188263,0.07167978,0.058242936,0.060270775,0.07446133,0.026238043,0.0070762485,0.06987402,-0.013780976,0.03788002,0.045601383,0.08152219
0.05474882,0.0132844355,0.007499186,0.073455825,0.052695647,0.06852899,0.047026914,-0.0038251402,-0.037647087,0.0010125224,-0.0013188464,0.008632307,0.060646277,0.06344095,0.039660823,-0.036879938,-0.01963301,0.010265213,0.06291318,0.005489532,0.024751777,-0.006556131,-0.046773314,-0.031835746,0.017130313,0.038414646,-0.054309476,0.014649183,-0.022083025,0.06003521,-0.013713171,-0.014888756,0.031457536,0.019226735,0.060412608,0.022705415,0.029643662,-0.001077145,-0.0018293472,-0.040801723,0.017229516,0.018079443,0.019648112,0.022320269
0.0073479945,0.06032138,0.027896484,0.05142005,0.03005197,0.031133156,0.05901209,0.06768253,0.0062802215,-0.016661193,0.034484763,0.06468732,0.016101314,0.059959486,0.01867692,0.027617265,0.07221629,-0.020413937,0.049786694,0.0673339,-0.042175326,-0.0435745,-0.0675573,0.0049347254,-0.021738201,-0.005710198,-0.04493959,0.024325872,0.03501906,0.05066234,0.024556156,0.026143368,0.0025659981,0.04631042,0.01844983,-0.06898429,-0.034134485,0.021672916,-0.030116234,0.06847177,-0.054182082,0.02262588,0.052626643,0.009834392
0.023148738,-0.002461755,-0.03330837,0.039889187,-0.013424227,0.017201822,-0.04957014,-0.0013955709,-0.06912892,0.046077084,-0.053889774,-0.017099217,0.029791981,-0.032429583,-0.043715626,-0.024066065,-0.047219295,-0.018023703,-0.03737242,0.033603705,-0.047864307,-0.0565321,-0.041549195,-0.00037429557,0.028386714,-0.06769157,-0.041608635,-0.037367497,0.019381374,-0.06549517,-0.049763307,-0.041987397,-0.0060759108,-0.043994874,-0.016715588,-0.049823564,0.029781027,0.045815296,0.008783713,-0.043906223,-0.03276992,0.02847957,0.03063679,-0.030311566
-0.05039591,-0.07175892,-0.035903864,-0.051922776,-0.065232016,-0.027419977,-0.073141746,-0.020539714,-0.0710472,-0.06487328,-0.07072767,-0.08369079,0.0020270369,-0.061485127,-0.0043426505,-0.036068413,-0.06052654,-0.061386574,-0.0800032,-0.031977333,-0.038051046,-0.046746124,-0.07323591,-0.05837728,-0.0088198455,-0.02198954,0.004471278,-0.05038508,-0.030862624,0.026992429,-0.054075316,-0.026657866,-0.0044749132,-0.020895505,-0.011049263,0.036666118,-0.052261822,-0.052547272,-0.0871924,-0.05156695,-0.068734296,-0.037928894,-0.06817168,-0.05543137
-0.051304553,0.06650678,0.054483958,0.06003011,0.06298071,0.03700147,0.046503764,0.021535242,0.007352604,0.061532725,0.024210848,-0.011316949,-0.0039690267,0.008244908,0.056929607,0.026906697,-0.055245176,0.065164,0.062237624,0.07333011,0.010101799,0.017106157,0.06057023,-0.019525785,0.012089005,0.045205534,-0.06917588,0.047626033,0.054028183,0.023201326,-0.056125086,0.047526617,-0.025821857,0.035040066,0.04516318,-0.024658212,-0.06361004,0.029850753,-0.059963603,0.0656038,-0.052196596,0.06277224,0.009751042,0.0061809085
-0.03050271,-0.042218342,0.016305597,-0.0634108,-0.05623009,-0.06698515,-0.040922668,-0.051775105,-0.017925927,-0.05981661,-0.024323069,-0.067583546,-0.06882544,0.031454235,-0.023626165,0.0054230946,-0.03936461,-0.00906757,-0.04218237,-0.02948361,-0.03103798,0.019205365,0.037119217,-0.013584473,-0.047526762,-0.019080274,-0.026632395,-0.041888647,-0.048764106,-0.0396528,-0.04708669,-0.045301545,-0.021680063,-0.0385339,-0.035857018,-0.036275107,-0.04453125,-0.036161993,0.01971504,-0.050999314,-0.017276416,0.011150736,-0.023199486,-0.018139098
0.01354988,-0.032612503,0.07200279,-0.030882163,0.04987643,0.023747388,0.04079389,-0.0007279843,-0.052593734,0.06705936,0.012731114,0.06666006,-0.040637676,-0.008814808,0.034733046,0.0033644997,-0.058282074,0.045027405,0.06994372,0.07162414,-0.040819913,0.0022887157,0.055227116,0.049318947,0.069148004,-0.0031154982,0.061205536,-0.081224665,-0.030149808,0.041970935,0.052010726,-0.01635359,-0.053519618,0.07614676,-0.0123944385,-0.010933669,0.04916801,0.07530786,-0.0044727544,0.052477017,0.054160856,-0.072212495,0.050801918,0.062251516
-0.0075431615,0.027419906,-0.025172327,-0.056026217,-0.056782283,-0.026697442,0.037071757,0.018649515,-0.03698683,0.050692502,-0.07204987,-0.03758615,-0.007837821,-0.043232847,-0.033677306,-0.011829726,0.07695731,-0.0031787897,-0.068541996,-0.06322305,-0.047646973,-0.02129191,0.017798359,-0.033046763,0.01824249,-0.05770881,0.031238638,-0.013680009,0.021104135,0.039729614,-0.020376373,0.06979425,-0.0013098303,-0.03155906,0.059311196,0.018385552,0.05743996,-0.027160387,-0.004956572,0.058028396,0.04028268,-0.05862292,0.0027024793,0.05949273
-0.042371757,-0.011666422,-0.01798675,-0.04817246,-0.027932797,-0.03867997,0.040027738,-0.029869756,-0.03786551,0.018370451,0.038271513,0.00085934286,-0.022201758,-0.02819094,-0.037285853,-0.09135947,-0.036821354,-0.05974232,-0.04246744,-0.06606381,0.0136191,-0.011768891,0.0689012,0.07698405,-0.040817764,-0.009544008,0.051104926,-0.04560531,-0.021263579,0.0059701,0.014585598,-0.040676665,-0.018040368,-0.038542334,-0.07489116,-0.024681352,-0.05158029,-0.012805608,-0.01180993,-0.010614496,0.049911257,0.03648831,-0.014491683,-0.0075037307
0.020347191,0.006518296,0.008033931,0.05087754,0.052030154,0.01411163,0.0548438,0.06208821,0.0314734,0.010408433,-0.02004542,-0.0048248507,0.07378996,0.01611505,-0.008265189,0.0055406783,0.07292623,0.059574936,0.01016947,-0.029889153,-0.01461173,-0.037857924,-0.004218974,-0.048029616,0.061880454,0.03232029,-0.049342588,-0.0037403791,0.077233985,-0.06848007,-0.008959954,-0.020183358,0.008839457,0.054181438,0.041721795,0.0008720006,0.0152432015,-0.026797311,0.06862522,0.03977473,0.017972542,-0.025872314,0.058529776,0.021313012
-0.0045504095,0.059384488,0.021816995,0.04812884,-0.013630904,0.0662185,0.0076122535,0.052951414,-0.013296317,0.03444252,0.011958936,0.025685675,0.023181206,-0.048068985,0.012757963,-0.026698083,-0.041282892,0.06739128,0.024809772,0.0051443437,0.044334948,0.065461494,0.07230806,0.03183851,0.01616793,-0.034946274,0.0038836885,0.08535131,0.0062191295,0.037989587,-0.029092057,-0.013423469,-0.034233883,0.07156654,-0.03176633,0.03471446,0.06454585,0.07445645,0.027013004,0.016561175,0.061294872,0.0027553935,-0.018707966,-0.040479913
-0.009814615,0.05631345,-0.0054654493,-0.012374177,0.05249163,0.02323673,-0.019350082,0.0478434,0.016589705,0.018421851,-0.032906096,0.013405534,-0.036971524,0.026995393,0.045824576,0.053880274,0.011228294,0.07204915,0.03525475,0.04171779,0.032636795,0.029080894,0.025324631,-0.010296774,0.060393523,0.057265222,-0.041866817,0.03619748,0.033536218,0.0642729,0.04151861,0.04735786,-0.024104957,0.0023276052,-0.032550465,0.045058716,0.04430914,0.028071685,0.04125218,-0.039150797,0.03645089,0.06516493,0.045493066,0.029683279
-0.0504665,-0.06708606,-0.054486282,0.058546938,-0.041237775,-0.036087967,-0.07362536,-0.04578318,-0.06312712,-0.021722918,-0.06578958,-0.01662814,0.05062336,-0.04172049,0.041213453,-0.07032704,-0.033544794,-0.05188455,-0.060707774,0.04826104,-0.067343615,-0.06185771,-0.024732616,-0.051457502,0.06122023,0.0015554203,1.7282044e-06,-0.04237327,-0.043144528,-0.054179966,-0.04734381,-0.06043427,-0.065925285,-0.05415102,-0.0028543582,-0.0650739,-0.053805824,-0.052715156,-0.03153353,-0.07225997,-0.051158585,-0.05116791,0.0055995677,-0.07351501
-0.027901957,-0.07409545,-0.040756285,-0.0038689172,0.03386583,0.027219169,-0.0483325,-0.060017884,-0.061955012,-0.05468245,0.006787322,-0.070037596,-0.011841497,-0.06485828,0.040964648,-0.009869874,-0.07349324,-0.028264638,0.047429334,0.042727888,0.013018457,-0.0332069,-0.07074975,-0.049371667,-0.05065518,0.024138063,-0.017370155,-0.02117085,-0.07364767,-0.04280548,-0.028999396,-0.028292967,0.00408765,-0.02499948,-0.050697483,0.04544556,-0.01845337,-0.058820568,-0.07345582,-0.053858526,-0.05932336,0.04427042,-0.0676989,0.009291769
-0.05351243,-0.009817684,-0.0069397427,0.011298385,-0.064270824,-0.007450918,-0.022013487,0.021526739,-0.033728454,0.04164009,0.050412495,-0.026995212,-0.008973252,-0.006841418,-0.012173439,0.04629342,-0.063459,-0.04333589,-0.027501678,-0.06416746,0.008756852,-0.061865475,-0.002627639,-0.054518253,-0.056877896,-0.03498807,-0.04960309,0.00681194,-0.034712568,-0.040197216,-0.072880276,-0.068497226,-0.039277736,-0.048471272,-0.024493592,-0.0014091914,-0.06288191,-0.061017323,0.03042138,-0.021953497,0.026526919,-0.04944318,-0.064163834,-0.026940474
-0.020289116,-0.06591784,0.012642593,-0.028208416,-0.013470538,-0.0352276,-0.009302961,-0.017617796,0.009096828,-0.003331418,-0.040337607,-0.06447094,0.003872478,0.0291308,0.01386919,-0.022549797,-0.033525914,0.030056933,-0.0037446453,0.02143516,-0.0057071312,0.004476449,0.015658736,-0.0030761806,-0.071006805,-0.0071850712,-0.0712175,0.047960706,-0.044601202,0.051008638,-0.0049175583,-0.0463634,-0.0429429,-0.043441303,0.023821278,-0.028259052,0.057070922,0.00030863026,-0.008840226,0.025786983,-0.056363367,0.039960984,-0.0608651,-0.0014098935
0.006312307,0.036105398,0.027987903,0.013806792,0.053194806,0.03139594,0.019468186,0.055372685,0.01168413,-0.016043209,0.052483253,0.06291504,0.035002455,0.0642909,0.08169268,0.053651687,0.059768695,0.005328771,0.06880774,0.07690087,0.024462458,0.058168326,0.063083634,0.047747385,0.0720312,0.062096957,-0.002048477,0.043561444,0.06121598,0.06796213,0.055034015,0.036763094,0.06764614,0.070061654,0.06789072,0.07737372,0.056840014,0.05872475,0.0052298307,0.040681757,0.07155634,0.0014754822,0.06332402,0.026569845
0.09786998,0.07742659,0.07865816,0.078395575,0.078772016,0.08630122,0.08290379,0.08260691,0.0860251,0.08181784,0.08317023,0.08686806,0.081699066,0.08585747,0.072350815,0.08076073,0.07762474,0.078433126,0.05990567,0.07661074,0.06318736,0.08326891,0.073725216,0.07854284,0.07598515,0.078726605,0.077258356,0.08485112,0.080656484,0.07630978,0.08383014,0.06705142,0.08179785,0.084216684,0.075323194,0.08333104,0.071709424,0.080482684,0.08726938,0.07675203,0.08343855,0.07280315,0.0745395,0.08199601
-0.054012097,0.027034398,0.025276344,0.04577724,0.00019355651,0.016474904,0.029607756,-0.005890687,-0.028559089,0.018305289,-0.02894967,0.004882954,0.021396354,-0.052921526,0.055090882,-0.051586695,-0.019168759,-0.04067929,-0.002662153,-0.042457372,-0.02645956,0.001246981,-0.017912602,-0.013579403,0.010750706,-0.03356496,-0.05290453,-0.02859576,0.022641182,0.04752156,-0.030148555,-0.011656309,-0.038896207,0.0140110105,-0.014039582,0.035384674,0.024564313,0.048958898,-0.05203291,-0.025329482,0.0002444426,-0.007179925,0.007082388,-0.009436821
0.011891809,-0.007893401,-0.05780245,0.045693543,0.074199885,-0.0020003046,0.021782381,-0.023993144,0.027595175,-0.029376226,-0.0009014764,0.00963656,0.04526188,0.018211693,0.051307842,-0.07023562,-0.063442424,-0.008310333,-0.038088977,-0.02716449,-0.0060194843,0.003999296,0.005894276,-0.015867522,-0.025380393,-0.023193149,-0.074590564,-0.014430575,0.030343104,-0.0033543734,-0.036105532,0.050369874,0.062973775,-0.030450424,0.005767259,-0.0003047418,-0.0006121194,0.0017764678,-0.015979765,0.04575549,-0.013518381,-0.0035354826,0.026011629,0.031337798
-0.035166495,0.062235337,0.056534786,0.027632017,-0.005067214,0.049167097,0.039413475,-0.050331756,0.03662182,-0.04823698,-0.058135968,-0.014813439,0.03996497,0.032278463,-0.048592202,0.032707702,-0.01805902,-0.019514428,-0.044510107,-0.029553214,-0.008369295,0.063182235,-0.070506155,-0.02221182,-0.012991842,0.0027694646,-0.050326526,-0.05170946,-0.052161124,-0.030166257,-0.06781069,-0.06315862,-0.05736642,0.051604107,-0.06491422,-0.07428857,-0.0705425,0.020853536,-0.013303911,-0.051836394,0.013545735,0.0439455,0.058917504,-0.06602036
0.04771316,0.04888057,0.0653265,0.065814525,0.0675201,0.046681903,0.027702335,0.06811744,0.024344765,-0.04155673,0.017523857,0.05819464,0.07305976,0.009511193,0.03130144,-0.07026375,0.06500396,0.076414995,0.05461001,0.050931744,0.002683301,-0.0060314597,-0.06717256,-0.05045588,0.07011771,-0.004766354,0.010895273,0.06136973,0.068462156,-0.039603926,0.036888286,0.0061219786,0.03125003,0.059400927,0.037650347,-0.007392589,0.057735298,0.04022902,-0.023756227,0.06539151,0.029822886,0.0592039,0.04910553,0.018259441
-0.02308058,0.022868035,0.022546297,0.022284556,-0.055107586,0.002247433,-0.022191137,-0.03645681,-0.048549816,0.039835487,0.010307001,0.013256661,-0.025588242,-0.021744845,0.024595326,-0.082554966,0.0023724115,-0.044961307,0.04185913,0.0058267354,-0.050451778,-0.0018048164,-0.04475398,-0.06179163,-0.01218991,-0.04347059,-0.009123583,-0.051765513,0.033059537,0.058326337,0.012187681,0.005718851,-0.0091697415,0.032002423,0.020087209,-0.011286258,-0.012604784,0.02408822,-0.042987734,0.026392212,-0.051005118,0.0189805,0.025824912,-0.020709665
-0.024444563,0.047828544,0.029638404,-0.052639626,0.056836247,0.046629626,0.044846557,0.060812995,0.048203185,0.060883783,-0.069968686,0.056458768,-0.05682273,0.045774724,-0.061883193,0.020104734,0.023735499,-0.06142439,-0.019413719,-0.020949615,-0.06026877,0.027727885,-0.022656566,0.07353872,0.03392251,0.032043375,0.05686764,0.057622053,-0.0047085397,0.038670395,-0.005967968,0.04047157,-0.0054101157,-0.033362783,0.07518891,0.05918919,0.073592745,0.045291238,-0.054214764,0.07178925,-0.04583431,-0.03869355,0.057015505,0.032751575
-0.031076718,-0.0022340778,-0.07229814,-0.029706627,-0.020109499,-0.05634166,0.023175444,0.019925471,-0.013285013,-0.067278944,0.0026183557,0.01107409,-0.025932163,-0.053071648,-0.02835737,-0.05153688,0.038140956,-0.04937533,0.030835103,-0.055378173,0.062084377,0.012933867,0.06894007,0.007321089,0.0049983175,0.0588905,0.009460269,0.055354282,0.0028965739,0.010684096,0.017886529,-0.033482436,-0.021967616,-0.06460588,0.0497119,-3.640516e-05,0.00664103,-0.019382343,0.021936523,-0.046283886,0.032356266,0.058564242,-0.04450201,-0.0028359508
-0.034029994,-0.053599656,-0.06660395,-0.0762039,-0.05761491,-0.037003662,-0.053190954,0.014212313,0.04899431,0.015812274,-0.051077325,-0.012112746,-0.052821342,0.07903289,-0.055743046,-0.023861138,0.031757776,-0.06763727,-0.018007897,-0.06910842,0.013985916,-0.05749118,-0.050593037,-0.04259793,-0.06225298,-0.040052734,-0.062233225,-0.013925855,-0.017694913,0.06712743,-0.043773808,-0.055216014,-0.0048003066,-0.04412824,0.055328175,-0.028660994,-0.009942722,-0.04591664,-0.05869036,-0.04151551,-0.037446506,-0.058721866,-0.05177913,0.065628015
0.031724475,-0.0069283205,-0.04109958,0.032047953,0.030353347,-0.053517558,0.061780345,-0.0251409,-0.02185859,0.043225493,-0.0780241,0.07357351,0.05376538,-0.04310336,-0.058623448,0.0313256,-0.06772216,-0.00014704108,-0.004865546,0.026291616,0.029607126,0.05859049,0.020064896,0.061167993,-0.014126241,0.06812208,-0.035720333,-0.04949283,-0.065060005,-0.05349552,0.052117247,-0.019638043,-0.027673405,-0.04500107,-0.003006916,0.022706999,0.014149061,0.053555917,-0.025485275,0.018492805,-0.014953171,0.019822042,-0.039750524,0.011987303
-0.066146255,0.024123432,-0.017738547,0.027820028,0.03820802,-0.053388163,0.01623659,-0.03719408,-0.026073767,0.022114728,-0.03283126,-0.028134117,-0.011934348,0.043659627,0.008994835,0.011166763,0.012661376,0.0595223,0.044418108,0.064878024,-0.042677432,-0.017544152,0.013696441,0.03867223,0.027326774,-0.0020050383,0.056145668,-0.033595283,-0.0016045274,0.034518313,0.030226845,-0.03497104,0.041666176,-0.011852136,0.05806033,0.008791741,0.033629987,-0.025028968,-0.003649587,-0.001261569,0.029882776,0.05535424,0.061797127,0.010820961
-0.075699694,-0.061086796,-0.035016406,-0.06451942,-0.053110503,-0.07961761,-0.06681363,-0.06553201,-0.05965013,-0.07754897,-0.07175043,-0.07959644,-0.060489696,-0.019844059,-0.026934203,-0.05930931,-0.058078565,-0.04124231,-0.061318703,-0.03968792,-0.058841918,-0.050544787,0.0036909608,-0.007224739,-0.06925901,-0.0063040475,-0.058838166,-0.08039261,-0.06425339,-0.014771671,0.0049930746,0.001563974,-0.03166381,-0.07299178,-0.06648459,-0.078533046,-0.041418683,-0.054660194,-0.06230075,-0.01711391,-0.06471627,-0.05265439,-0.07405703,-0.076333925
-0.0979029,-0.07776008,-0.0698279,-0.035848625,-0.07612906,-0.082570754,-0.067485824,-0.06622892,-0.0007606321,0.07176437,-0.08271197,-0.05684501,-0.06033423,0.0300633,-0.039130345,0.0013583347,-0.06794803,-0.087964624,-0.0741031,-0.07209698,0.021222794,-0.06827457,-0.064888,-0.014851706,-0.07660173,-0.06517758,-0.05453125,-0.0649881,-0.0815717,-0.027460925,0.040040296,-0.047499612,-0.06690239,-0.087352775,-0.07631818,-0.062149227,-0.059804656,-0.08051503,-0.03954576,-0.07625055,0.008062905,0.07791429,-0.07303969,0.05074719
0.013639074,0.012484016,0.06887852,0.032591864,0.045492172,0.07959288,0.026052007,-0.020316849,-0.03814046,0.05485666,0.032932445,-0.0037433677,-0.053532258,-0.001541935,0.015097095,-0.031917255,0.027002363,0.027050668,0.057706933,0.05150627,-0.028894829,-0.05983086,-0.067253314,-0.059589304,0.047394477,-0.04357125,-0.032777585,-0.0489389,0.03573499,0.039520722,-0.03476891,0.04162955,0.011332746,0.010671188,-0.0074197194,0.024906918,0.046706546,0.014061636,-0.031754617,0.04033289,-0.004744161,0.07098545,0.0030049623,0.0020133883
0.0023708842,0.020939201,-0.07478984,0.013000647,-0.0105585605,-0.056534596,-0.047751993,0.048036054,-0.05413671,0.021960469,0.046715617,0.049377553,0.03082252,0.038925286,-0.020476308,-0.03186203,-0.067287415,-0.02185506,-1.7773154e-05,-0.0027810137,-0.034971934,-0.0642672,-0.05136406,0.046994857,-0.06673781,-0.03923081,-0.06898369,0.060216263,0.023026668,-0.073609725,0.034140483,-0.061912548,0.029086797,0.045700584,-0.030977093,0.03597924,0.06372388,-0.019641826,-0.014064207,-0.058576476,0.066142015,-0.020164227,-0.02455859,0.033976458
-0.027697638,0.04929667,0.042043816,-0.0068842056,-0.0072043883,0.0084425425,0.029899726,0.008506545,0.034065273,-0.015580195,0.022170061,0.025970345,0.037949413,0.03661121,-0.048571218,-0.049108338,0.019308012,0.05104869,0.03214063,0.00495782,0.019962762,-0.0009618038,0.0393783,0.0004560273,0.049970713,0.0052243457,-0.041530993,0.0313585,0.015694,0.02382056,-0.042521533,0.045707397,0.044132177,0.0056918925,0.06973481,-0.010211818,0.06652636,0.05171861,0.025924584,0.047089472,0.03606768,0.007927183,-0.02248002,0.021682173
-0.07933169,0.04334902,-0.018582664,0.027949324,-0.056714978,-0.0013282988,0.024256686,-0.01466924,-0.00062679633,0.028745737,0.050936654,0.008790767,0.038900353,-0.029339721,-0.036219154,-0.0065075504,-0.030569034,0.008416954,-0.016903026,-0.021831324,-0.026935361,0.05535897,0.07069938,0.052952316,-0.030636469,0.05916561,-0.01455648,-0.041181173,-0.061000798,0.033097263,-0.020184496,-0.0466581,0.070538744,0.04879414,0.0098381555,-0.014332013,0.030607477,0.029783929,-0.024722902,-0.017129168,0.04447247,0.03356293,-0.05953783,0.023265634
0.0048721093,-0.017510979,-0.051934544,-0.010435865,0.00581282,-0.0149711,-0.04590038,0.006280466,-0.013350672,0.027825333,0.009714495,0.04321508,0.0043136603,0.01744425,0.017942047,-0.007225395,-0.009355957,0.035792608,0.043181445,0.06524919,-0.034801107,0.02391965,0.05470869,0.038974404,-0.025224613,0.01082923,0.044530667,0.044832557,-0.00505064,0.046607886,0.04020134,0.024439646,-0.019049998,0.042705465,-0.0052612238,0.020193301,0.063927755,0.0104212295,0.04839343,-0.031672906,-0.020536527,0.02021844,-0.037047304,-0.034665015
-0.03689297,0.07019582,0.017991165,0.05120858,0.022910997,-0.0022747635,0.042099778,0.032067556,-0.008849941,0.069121554,0.033127468,-0.031574868,-0.0016797703,-0.07790922,0.047448177,-0.048087288,-0.039300513,0.058326293,-0.04108621,-0.053176157,-0.059589256,-0.031590916,0.050602477,0.05664355,-0.009422063,0.064761624,0.032573618,0.023483438,0.03888935,0.05364807,0.026155978,-0.07410471,0.0023488828,0.015940165,-0.048114333,-0.06061434,-0.033455897,0.017505534,-0.0161529,-0.07681234,-0.016410923,0.025859833,0.061675172,0.063520946
0.031378668,0.06898755,0.0640742,0.016294228,-0.0042464407,0.082133316,0.032280575,0.014830584,-0.06862909,0.05044978,0.020438734,-0.050763994,-0.044955682,-0.07111452,0.04021261,0.054478794,-0.0036942495,-0.01688725,0.06901507,-0.003122819,0.0541779,-0.05943565,-0.0070717623,0.039054327,0.06561407,0.07733527,0.017718619,-0.031412948,0.019694794,-0.027355678,-0.0655989,0.07675664,-0.03633811,0.014469777,0.029647687,0.07750934,0.051120073,0.027411614,-0.025750037,0.01715537,0.03741545,0.07152645,0.054790486,0.028394595
-0.0068332907,-0.03135244,0.028126819,0.031510055,0.037435975,-0.036345795,0.048330788,0.0054825586,-0.0425173,-0.025938993,0.027065761,-0.035064943,0.0048205345,-0.010123304,0.05404439,-0.06816066,-0.021843547,0.053129423,0.0058369753,0.0008749645,-0.029868023,-0.036086496,-0.025828445,-0.030899053,0.0039412337,0.00024437218,1.8543551e-05,0.033670988,0.028037593,-0.04734805,-0.044507593,0.034938477,0.026497457,-0.009916477,0.02987306,0.026237108,-0.006915462,0.048571263,1.8769908e-05,-0.014670188,-0.02160017,-0.033564515,-0.01451226,0.0032774727
-0.011074818,-0.0256867,-0.03978929,0.029314455,0.020004217,0.0011776217,0.03415984,-0.028484171,0.010106281,0.02372705,-0.049679197,0.024770884,0.01902738,0.011692523,0.009579966,-0.041913617,0.020965347,-0.017558936,-0.04294681,0.035020374,0.039934676,-0.031279612,0.050202295,0.0077934605,0.04120533,-0.043193046,-0.0050537814,-0.038671944,-0.024015432,-0.02772844,-0.058810707,0.025327861,0.052791968,0.0066204923,0.0012192087,0.035285402,0.04704088,0.028087702,-0.0160768,0.042849995,0.037956253,0.0133996885,0.020557811,-0.037131328
-0.09793941,-0.07827757,-0.079263285,-0.07913364,-0.07925382,-0.08859079,-0.08389141,-0.08264895,-0.0848725,-0.08381083,-0.084882244,-0.08689851,-0.08146128,-0.085803546,-0.0801586,-0.08314303,-0.080527544,-0.08926704,-0.08650786,-0.08259847,-0.06887118,-0.0858548,-0.07380498,-0.079535946,-0.07722418,-0.08202919,-0.0781468,-0.08721555,-0.08157459,-0.07721615,-0.084224306,-0.08131337,-0.08484588,-0.08766032,-0.08009891,-0.08502479,-0.07528523,-0.080554664,-0.08995912,-0.07711674,-0.08462726,-0.07246715,-0.07787011,-0.084093444
-0.00759048,-0.056469023,-0.029108401,-0.012572051,-0.023611609,0.006669852,-0.058435734,-0.024258913,-0.044818327,-0.03013215,-0.00368752,-0.022371855,-0.023075135,-0.029394282,-0.0006147497,-0.031258907,-0.07106291,0.03485817,0.055220466,0.008155976,-0.031479836,-0.015777562,-0.009033906,-0.005062926,-0.004972493,0.014969313,0.0017980334,-0.011379594,-0.038463842,-0.06503515,-0.042751554,0.012282809,-0.029907007,-0.059046112,-0.044983726,-0.004620987,-0.015202706,-0.005002429,-0.020479774,-0.035884406,-0.012924062,0.022937559,-0.007765079,-0.018285114
-0.015287504,0.059590727,-0.0533033,0.00838569,-0.04519895,-0.0021302635,-0.07924726,0.012926516,0.033635076,-0.037840534,-0.073106706,0.049958777,0.01644719,-0.020340536,0.037855633,-0.0759174,-0.036450412,-0.017680094,0.012847648,0.047993027,0.043516606,0.02186866,-0.034133248,-0.040521085,0.020175539,0.015134831,0.0143272085,-0.05482336,-0.017121524,-0.06400594,0.01993569,-0.05536598,0.078265145,0.004412716,-0.058392316,-0.04774268,-0.059670918,-0.036021873,0.0779119,-0.0005480481,-0.019881716,0.026480699,-0.015410593,-0.061514772
-0.04306217,0.03245757,0.031403214,0.022902304,0.035496116,0.06301312,0.040039286,-0.032227695,0.015407608,0.06363378,-0.0049248054,-0.032387502,-0.019525368,-0.04349536,-0.0069694426,0.071775876,0.018707393,-0.026954435,0.019582568,0.04041278,0.017625969,-0.015078431,0.0062859333,0.00969174,0.0664213,0.00056025025,-0.028145736,-0.04612001,-0.05430488,-0.028669834,0.011557318,-0.021724569,0.032263007,-0.028750256,0.03925747,-0.04272679,0.030614598,-0.046244774,-0.018835746,-0.00073019974,-0.017155234,0.019409562,0.052706514,0.075379215
0.041966077,-0.039563406,-0.010025408,-0.008812408,0.008830224,0.0061706537,0.023701286,0.019036269,-0.029303627,0.00917877,0.0578984,0.018950563,-0.05511842,-0.06817026,0.03269895,0.040732652,-0.055851527,-0.010759741,0.0120574925,0.044363555,-0.024399305,0.04523729,0.03626493,0.058666583,-0.040519275,0.012604312,0.047013544,0.018321946,0.006604845,-0.013068551,-0.011032415,-0.0007578034,0.013787799,-0.008990196,-0.034384932,-0.045193393,0.04860631,0.004629065,-0.04726286,-0.012848418,-0.051327072,-0.037988022,-0.057542145,0.042775303
0.083708815,0.048942517,0.0001751722,-0.0074001416,0.03425722,-0.009202808,0.06352738,0.023039442,-0.0022850677,-0.06516227,0.017221088,-0.011496321,0.05387716,0.01646602,-0.044340268,-0.01809169,0.009062489,0.030101907,-0.042083573,-0.070109405,0.020109624,0.044456728,0.03732254,0.007690578,-0.05654564,0.050495006,0.024453558,-0.01673019,0.041387077,0.034883194,0.0070229196,-0.061015584,-0.010447892,0.050718497,0.015112955,-0.058082618,-0.0040272684,0.046570264,-0.05877073,-0.041447017,-0.055132665,-0.013613792,0.013438997,0.06821113
0.032093648,-0.071326375,-0.069321856,-0.035286892,-0.07202355,-0.028622381,-0.023579093,-0.012903045,-0.011791389,-0.02247488,-0.0139849,-0.05635754,-0.029123794,-0.044217244,-0.05892997,-0.02563683,-0.054979846,-0.03433365,0.0046642534,-0.033465933,-0.030749004,0.04929491,0.05388804,-0.013487792,-0.04274719,0.011918331,-0.06715022,0.016654886,0.015356368,-0.042928454,-0.056304812,0.0035805206,0.005190743,-0.0034955116,-0.053642493,-0.049145356,-0.058356628,0.051620625,0.024021767,0.05183649,0.0011444184,-0.01339132,0.053920507,-0.039947752
0.06791952,-0.051611066,0.03931121,0.0609045,-0.017443942,0.030990764,0.048300307,0.058865752,0.022782518,0.0071920706,0.04919919,0.052397605,0.05995438,0.03210363,-0.00072831317,0.027639206,0.002302449,-0.040713187,-0.0091100475,0.0070481277,0.008121507,-0.029466826,-0.019099738,-0.057817172,-0.013810917,0.029906726,-0.014134142,0.04202312,-0.059397224,0.06254239,-0.02182901,0.027640177,0.056225747,-0.024539026,-0.078985184,0.011555674,-0.026993167,0.04138625,0.055190995,0.0018735719,-0.016142443,0.06940122,0.05892567,0.045883138
-0.0062428596,0.010561962,0.027292833,0.028801702,-0.053011138,-0.0021120938,-0.029976746,-0.046091568,0.019762434,-0.006807407,-0.02539038,-0.034200035,-0.021088315,-0.055703647,-0.032643866,-0.02486265,0.07333565,-0.022375794,0.0024526357,-0.04349675,0.020118544,-0.048205316,-0.018185109,-0.016494019,0.06813372,0.04173665,0.008021622,-0.017891882,0.0070910184,-0.025547482,0.028559446,0.017468257,0.031247098,0.011566655,0.03734885,-0.005214614,-0.048062738,-0.043891348,-0.0006104917,-0.045287468,0.028251963,0.009772549,0.06163713,-0.05224938
-0.05386131,0.05930462,0.053056452,-0.011401195,-0.019033238,0.0063372366,0.03480207,0.04251764,-0.08155109,-0.030660462,0.0017788084,-0.0008821781,-0.023974689,-0.050653394,-0.03829321,0.019978637,0.047878537,-0.080312006,0.018446906,0.00879512,0.012825444,-0.020371167,-0.012426088,0.03515418,0.06723043,-0.030293232,0.058621105,0.005914452,0.008397627,-0.012741738,-0.0177131,0.012976104,0.041880686,0.00037085268,0.03293687,-0.021115862,0.045410156,0.04121724,-0.034736365,0.053764623,0.041118085,-0.016025921,0.05906159,-0.0048923907
0.018646916,0.039783843,-0.03351502,0.023643158,0.04325625,-0.015999682,0.01635609,-0.04209208,0.02120882,0.016741246,0.06349512,0.043892033,0.024273224,-0.0072234753,0.060747016,-0.01944687,-0.036143947,-0.04830091,0.008728453,0.006928664,0.06961761,0.054346047,0.051663045,0.035793215,0.023635166,0.04952906,0.059954338,0.015724627,0.040673405,0.06260565,-0.0147124445,0.0043530683,0.030081619,0.019545868,0.0208758,0.01911343,-0.044660144,0.043571535,0.05684727,0.06128935,0.045342226,-0.03594236,0.04785075,0.021907892
-0.089308076,-0.076011725,-0.07634307,-0.07600985,-0.075913586,-0.07926653,-0.07909144,-0.08067586,-0.08409451,-0.07922313,-0.08105556,-0.084636375,-0.078588195,-0.08182956,-0.078200415,-0.07254922,-0.077545084,-0.08229301,-0.0812793,-0.07744671,-0.09127537,-0.07893062,-0.07188707,-0.075648,-0.07286722,-0.079423256,-0.07375525,-0.08320546,-0.078299314,-0.074511275,-0.07970858,-0.07575385,-0.08035226,-0.0825438,-0.07670776,-0.07898415,-0.07286176,-0.076354995,-0.083379254,-0.07440534,-0.08086607,-0.07552861,-0.074108236,-0.07242714
-0.013296236,0.014380972,0.041438263,0.07110144,0.037930824,0.043316007,0.073363386,-0.016534718,0.080102675,0.020825654,0.018972995,0.015859365,0.057777643,0.07373539,0.0757963,-0.02843817,-0.0055791717,0.03881776,0.042595953,0.066513695,0.07367912,0.06505973,0.052241225,0.062666014,0.073200814,0.079308614,0.07394373,0.023745429,-0.008698159,0.07323133,0.069100805,0.014459348,-0.03509316,0.018131968,0.020952638,-0.059327394,-0.029643463,0.028214239,0.06277055,-0.024643661,0.07431802,-0.0052035977,0.07680571,-0.029938674
0.021341158,-0.010215366,0.013973157,-0.0041235075,-0.07855207,-0.0008228319,0.025960678,-0.0062369145,0.06582291,0.026540555,0.046340752,-0.0150429625,0.017720055,0.052648235,0.05333271,0.013738973,-0.025120353,-0.035340853,0.030320533,0.019854842,0.027564382,-0.056765802,0.036995713,-0.059037834,-0.0534812,0.04319524,-0.01026983,-0.010991237,0.01466727,0.0036440857,-0.04537458,-0.014459792,0.045637224,-0.06337866,0.021383705,-0.03317239,0.01226611,0.009101816,0.05253047,-0.024247915,-0.032635313,-0.012827748,-0.07353955,0.03965772
-0.032552388,0.043853115,0.012947237,-0.06430596,-0.060007855,-0.023262994,-0.052177373,-0.0525952,-0.024529746,-0.06364249,0.013776392,-0.02003803,-0.056901474,-0.0315659,0.019697856,-0.02460339,-0.023175122,-0.048154186,-0.04325183,-0.06352842,0.06620311,-0.05011166,-0.024474204,-0.04757703,-0.06654243,0.03086802,-0.00010388319,-0.019639565,-0.029657371,0.06246451,0.009003653,0.020354094,-0.048803005,-0.015551848,-0.06255039,0.03742708,-0.0016861199,-0.019318864,-0.004657364,-0.013382699,-0.06630606,-0.056359116,-0.062527254,-0.04072936
0.016599344,0.006154713,-0.013457526,-0.014747844,-0.02393354,0.025616303,-0.005772523,0.01645074,0.00089537335,-0.04617181,0.014858508,-0.0011564235,-0.026787885,-0.011556973,-0.06471812,-0.05668363,0.017618284,-0.009084965,0.054906767,-0.037593327,-0.03781734,-0.06326577,0.012371791,-0.037435457,-0.035326242,0.013229478,-0.02383337,0.028460993,0.0037067016,0.02408413,-0.007567754,0.022441374,0.026389964,-3.5081357e-05,0.03586174,-0.008237986,0.011526952,-0.046481002,-0.006437761,-0.015017863,-0.022225428,0.017364925,0.01692724,0.028541565
-0.061900448,-0.031431388,-0.0391668,-0.074208006,-0.012164069,-0.07677936,-0.015281593,-0.023191731,-0.046463903,-0.032483175,-0.046695717,-0.068881124,-0.043642577,-0.0071192845,-0.04307414,-0.02487322,0.041647032,-0.054004394,-0.078074574,-0.072204106,-0.00010389291,0.030491259,0.04489303,0.066181295,-0.057713177,0.009621243,0.020143326,-0.049830582,-0.04087704,-0.06095751,-0.05369386,-0.072543986,0.005713793,-0.04446389,0.0021784273,-0.029866893,-0.019129561,-0.016204996,0.021188444,0.018763604,-0.040014975,-0.037177347,-0.055085324,0.013183345
0.071172975,0.076602004,0.07708414,0.0748799,0.07360287,0.06836435,0.074825995,0.07925539,0.082071625,0.07312903,0.083341755,0.08476539,0.07400097,0.07755151,0.06968242,0.054632038,0.0745748,0.06800451,0.079424284,0.060189854,0.09580923,0.077056035,0.07075299,0.07322914,0.07258894,0.076610535,0.07466238,0.08277898,0.08026613,0.07624667,0.075659245,0.075772375,0.07503194,0.078583315,0.06368304,0.07547184,0.07262609,0.07546142,0.07442836,0.0726149,0.07772555,0.07630331,0.074117206,0.07241503
0.059638873,0.050123427,0.05476911,-0.0016365552,0.06895635,0.022210402,0.056870233,0.05360275,0.042678855,0.0073710703,0.066675015,0.03986132,-0.009701825,-0.051059265,-0.008684421,0.00048737455,0.0047514164,0.035556965,0.035462976,0.029492998,-0.029590184,0.0050292336,0.06164428,0.016341412,0.0027696188,0.029085077,0.06614173,-0.0055676177,0.04134802,0.036192708,-0.0076040076,0.060222194,0.054872807,0.023210542,0.01772868,0.018616913,0.050037548,-0.03591049,0.015056559,0.060255375,-0.00036617683,0.016393054,0.041059487,0.03899796
-0.0076756254,-0.06727382,-0.06457408,-0.07502876,-0.030462895,-0.018926846,-0.051865846,-0.06779838,-0.035506234,0.0133785,-0.024540354,-0.051104616,-0.07622161,-0.053838298,-0.013379673,0.04634313,-0.06407286,-0.025319608,-0.011118046,0.0143784415,-0.06519493,0.028689919,-0.03737974,-0.04717287,-0.035535134,-0.014795207,0.0010292842,-0.05542584,0.0236278,-0.06881103,-0.046841387,-0.046775755,0.017706638,0.001439063,-0.06211661,-0.030873053,-0.055756476,-0.045089662,-0.004666972,-0.0255877,-0.04029679,-0.010369026,-0.05677936,-0.03312145
0.010249108,-0.020954385,-0.036645994,0.050221976,-0.042987544,0.0032028921,-0.018818453,-0.0012460697,-0.045026477,0.013809364,-0.00456144,0.00045385354,0.0374869,0.0032926844,0.040948816,-0.05063751,0.05987219,-0.07422754,-0.04937686,-0.051485006,0.0038228305,-0.020582162,-0.03521112,-0.04355256,0.0119957,-0.042530302,0.013552148,-0.05429886,0.02219108,-0.002186909,-0.048008393,0.042691976,-0.020798393,-0.060990516,0.00103544,-0.015444274,-0.044715587,-0.02440468,-0.026285836,-0.07011315,-0.04020347,-0.060046483,-0.04813639,0.017001005
0.07647586,0.046309493,0.046525296,0.071617834,0.07081814,0.04837234,0.05979958,0.026727905,0.06324613,0.07455483,0.05377383,0.05598935,0.045254193,0.063305795,0.07280143,0.045492966,0.063528515,0.07635132,0.029485723,0.06393277,0.08919249,0.035160832,0.060098525,0.06460285,0.03992333,0.06723424,0.06422853,0.028962689,0.061656002,0.05520503,0.045995113,0.07397756,0.06224638,0.011751433,0.073540166,0.06598288,0.033115514,0.06833828,0.08321147,0.06430481,0.07322185,0.035691883,0.029258894,0.061888065
0.0074542346,0.056364663,-0.026904173,-0.037484296,0.0301265,0.048061244,-0.061744682,0.055364203,-0.029158192,-0.07575152,0.032752115,0.048593402,-0.023458578,-0.00439894,-0.026432486,0.012677598,-0.04146237,0.006515879,0.046910398,-0.00893977,0.009369812,-0.013359531,0.001668102,0.018159,0.013058744,0.0199952,0.01044174,0.067685075,0.07011831,0.0072580827,0.025213314,-0.006726165,0.0560905,0.050409067,-0.043092538,0.04448067,0.011972745,0.025335321,0.020656396,-0.034893047,-0.043601897,-0.011865256,-0.02695941,0.003800669
0.07944673,0.05861004,0.060705274,0.06793667,0.050707217,0.0688709,0.034933563,0.064001955,0.055838913,0.018943353,0.06831858,0.03150283,0.058419466,-0.005171151,0.07045478,0.067861155,0.04505038,0.06156993,0.055470668,0.020385386,0.05292453,-0.0075115045,0.055634063,0.04635996,0.054099083,0.049619682,0.05989809,0.06732237,0.0443003,-0.006623665,0.04387744,0.039954346,0.05107065,0.056541055,0.025247214,0.017471842,0.06514386,0.05283588,0.056156103,0.0081985,0.03674762,0.055432953,0.025839942,0.05996114
-0.012138488,-0.07126572,0.01253354,0.05999316,0.047182176,-0.063360736,0.068586074,0.031653013,0.040658712,0.078235306,0.027736217,0.041384656,0.03287408,-0.026906999,0.07012915,0.047166653,0.061145976,0.04371156,0.045568388,0.05921147,-0.0021145602,-0.024176745,-0.06452083,-0.07450137,-0.023353653,-0.018265901,-0.061776187,0.053679347,0.06456835,0.06734663,-0.041892942,0.07158222,0.0026087193,-0.048287958,0.030984515,0.049880095,-0.010393457,-0.012946724,-0.01102311,0.010137189,-0.050355133,0.014719704,0.0018855518,0.06532487
0.033745427,-0.039050523,-0.06501137,0.06083076,0.03038565,-0.04886941,0.07975191,0.033335187,0.050574854,-0.01996364,0.055085395,0.07924569,0.05462866,-0.0022529014,0.058250118,-0.034589373,-0.004467411,-0.035273384,0.06506531,-0.034067795,0.08894507,-0.01806318,0.050289676,0.06534644,-0.011946057,0.06693947,0.041961078,0.025153361,-0.01314503,0.07339308,0.057902206,0.021157965,-0.013187,0.046590205,0.04675505,-0.017702023,-0.031598303,0.0038715098,0.07670577,-0.071908094,0.06743022,0.038181484,-0.01836404,-0.020446038
-0.048739724,-0.061253477,-0.050735854,-0.013131918,-0.04153087,0.011372805,0.014717002,0.032270376,-0.017722622,8.400037e-05,-0.03862913,0.010990585,-0.015079871,-0.018397415,-0.015406794,0.0059148604,0.023504013,0.053695455,-0.040035523,-0.042764302,-0.022052329,-0.06412079,-0.05841645,-0.042481177,-0.0063580824,-0.043533877,-0.018537698,-0.057126988,-0.038415898,-0.037981626,0.034161136,-0.029198742,-0.047582116,-0.025486855,-0.027125895,-0.039213713,0.021860804,-0.03840908,0.013171713,-0.06471468,0.059548523,0.074879974,0.037279643,-0.05091982
-0.0011414249,0.066782504,-0.057878457,-0.0519999,-0.01615204,-0.056032576,-0.023911446,0.030131916,0.06621491,0.029814547,-0.05129458,0.054279696,0.03992355,0.07471602,-0.054500718,-0.011576928,-0.0078990245,-0.017126868,0.02662431,0.070661575,0.03384014,-0.043315876,-0.06979277,-0.07349888,-0.07544873,-0.05202294,-0.029113647,0.067762785,-0.009234458,0.06334577,0.0036950961,0.030881405,-0.01411293,-0.012100766,0.044562913,0.04304354,0.055955317,-0.009658238,0.023308616,0.012021199,-0.08017051,0.039466545,-0.07330691,0.04370167
-0.023730595,-0.012820182,0.0026171429,0.045952663,-0.051489558,0.0064455858,-0.062041942,0.057649452,0.020669257,0.015386952,-0.024549188,0.03420398,0.06745547,-0.043656874,0.038324863,-0.0381992,0.05168673,-0.032568093,-0.027925784,0.028228745,-0.034094755,0.045603722,0.040489495,0.041938037,0.011699,-0.015292092,0.021262325,0.062087346,0.044435255,-0.047512893,0.044768963,-0.060228202,0.030240186,0.061597653,-0.0366369,0.0013841888,-0.013136103,-0.0202277,-0.07700205,0.03324607,-0.026287118,0.019184357,0.039890267,-0.0101058325
-0.0825831,-0.04067986,-0.05484627,-0.05395365,-0.065872386,-0.028186299,-0.06929645,-0.05698412,-0.057766017,-0.007988379,0.007138223,-0.015998535,-0.053150404,0.031480573,-0.048349954,-0.029717779,-0.02583015,-0.06548382,-0.048917297,-0.0027852082,-0.00065403624,-0.04650089,0.0052419947,-0.06620798,0.005721975,-0.04854865,-0.07437239,-0.053964887,-0.022484299,-0.04361571,-0.04098716,-0.025309578,-0.04431514,-0.07255477,0.046924293,-0.014372321,0.06798093,0.00013944438,-0.019376105,-0.039163377,0.010380493,-0.000878767,0.029189587,-0.014563595
-0.02094081,-0.038529024,-0.022046488,-0.036802724,-0.028739037,-0.050866574,-0.024356293,-0.027382901,-0.013822447,-0.049050897,-0.0009313344,-0.016270388,-0.023843354,-0.0006870344,-0.0427523,-0.03093414,-0.04767756,-0.028155953,-0.020234978,-0.010148408,0.0017245822,-0.048318334,0.033403732,0.0016713623,0.009365312,-0.033672396,-0.013163686,0.015559864,-0.025606405,0.0027285377,-0.055969235,0.0031075857,0.0039208857,0.035955243,-0.040727578,-0.00431932,0.008343784,-0.039581403,0.009139648,-0.027972048,0.005596749,-0.021052595,-0.017707963,-0.050832506
0.06568954,0.05757253,-0.0158902,0.0021922234,0.005348728,0.045577932,-0.01926837,0.022566635,0.007674601,0.026636241,0.058410853,0.052814182,0.0073120105,-0.012069218,-0.0011105615,-0.02097731,-0.012053297,-0.033219814,0.008486509,-0.025148433,0.0049468423,0.001465016,0.06082774,0.03917033,0.044696476,-0.02090345,-0.02981742,-0.031871572,0.018273486,0.06256474,0.034271996,0.0027621386,0.029483782,0.05485877,-0.02286473,0.044116374,-0.03019081,-0.014240133,-0.015552999,-0.021258246,0.04303027,-0.056115907,0.050808985,0.02529919
-0.018391084,-0.037396695,-0.040844336,-0.007994033,-0.06488931,-0.066081755,0.0229836,-0.029590035,0.006973641,-0.0060902084,0.0018932491,0.026437126,0.009076447,0.023865478,-0.005968,-0.028886188,0.011679973,-0.027825704,-0.013026242,-0.0070533976,-0.045983177,-0.030038895,-0.0120621985,-0.03428249,-0.00084388093,-0.01694651,-0.024979636,-0.03710879,0.025538327,0.006349202,-0.030017924,-0.0062346635,-0.015078276,-0.048694767,0.013680787,-0.05592285,-0.03559835,-0.014193111,-0.048189566,0.065331,-0.031736363,-0.04914707,-0.016679,-0.051972024
-0.012818433,-0.013540638,-0.05507361,-0.067820236,-0.022605015,-0.018780297,-0.025458762,0.024179338,-0.011309182,-0.033490874,0.03680032,-0.034649942,-0.039284386,-0.029934388,-0.050052077,-0.04964675,-0.04195948,-0.0070061465,-0.022956554,-0.06242542,-0.079477124,-0.086271726,-0.04031354,-0.075187184,-0.0087079145,-0.004730805,-0.062484283,-0.040823426,0.023077432,-0.056368686,-0.083333544,-0.06247526,0.067098364,-0.024638897,-0.07854317,-0.011071861,-0.023512125,0.0008694275,-0.012824757,-0.03425249,-0.008359136,0.0070164013,-0.03538254,0.01815488
-0.035786174,-0.07391097,-0.054502197,-0.0620737,-0.019672245,-0.0706879,-0.06518724,-0.06892602,-0.05128381,-0.06620164,-0.07965738,-0.028215056,-0.06843988,0.06581118,-0.06742142,-0.024483413,-0.030443402,0.009870922,-0.062252566,0.04909338,-0.06556759,-0.040518958,-0.06599408,-0.060443886,-0.06464142,-0.08058762,-0.073488034,-0.044871002,-0.06817013,-0.04013826,-0.054287206,-0.022937544,-0.057567928,-0.069581114,-0.007235142,-0.043820284,-0.057213333,-0.04127009,-0.0386646,0.070544824,-0.031670295,-0.0652465,-0.062995136,-0.047758788
-0.082536966,-0.060913812,-0.009247586,0.035902712,-0.022406597,-0.075722344,0.0667496,-0.06454161,0.012791746,-0.0528934,-0.03618059,-0.0061162496,0.048266884,-0.0151754385,0.032120973,0.018336527,-0.0623266,-0.03630978,-0.059104927,-0.0053092972,-0.052590497,-0.039442826,-0.044880066,-0.06193426,0.006964281,0.0425259,-0.03221586,0.0154343005,-0.06765523,0.028875442,0.0796486,0.00766882,-0.07184713,-0.077220514,-0.07197548,-0.06357456,-0.0046061403,-0.06684507,0.023036044,-0.04767264,0.02597168,0.014296027,0.0564796,0.040330954
-0.028104408,-0.053382248,-0.03615419,-0.0672488,0.055577435,-0.04831923,0.0009614513,0.0022294915,0.06865811,0.042367037,0.031317875,0.027735133,-0.059652038,-0.05070411,-0.0065937336,-0.038373083,0.035850544,-0.02358945,-0.020276718,-0.00045393195,-0.025323344,0.07197938,0.05887936,0.07413839,-0.036416896,-0.04638451,0.07075993,-0.072843574,0.008802785,0.07209272,-0.030634375,0.020362053,0.07699894,0.065711394,0.020258268,-0.038533453,-0.04321748,-0.028111188,0.023488969,0.024954489,-0.008407692,-0.033499412,-0.02308288,0.038445212
0.040766098,0.0029270116,0.006725869,0.013840088,0.010234441,-0.0046554953,-0.048622627,-0.023017209,0.03917476,0.0006740416,0.0068933065,0.054127183,0.025766049,0.04855006,0.02494965,0.028753845,-0.018106552,0.01836872,0.018090058,0.032784015,-0.030219452,0.057015434,-0.02817208,0.03451225,-0.041979585,0.0010942398,0.042223517,-0.038197767,0.026667137,0.0107090995,0.044543713,0.044916302,0.00015562918,0.020877304,0.0072949394,0.021420943,-0.007500597,0.010794587,0.008500872,0.052557282,-0.02947599,-0.0456541,-0.00500741,0.03831858
-0.0251355,0.060744446,0.041703958,-0.010958193,0.037005708,-0.037879266,0.03465262,0.022582253,-0.03290479,0.03204897,-0.016781475,-0.00051183265,0.03814154,0.03336941,-0.020887885,0.0041887565,0.030548831,-0.013255986,0.0107226875,0.059866905,-0.003379665,0.026275497,0.014744144,0.0035204182,0.058755122,-0.008661967,0.028634021,-0.017048715,-0.02220631,0.05170519,0.003452955,-0.02366116,-0.011030192,0.0560006,0.033883706,0.04502464,-0.022664582,0.012755146,0.032582685,0.04026642,0.008057153,-0.0026208065,0.030845594,-0.013583611
-0.041618466,-0.03128064,-0.044791404,0.039318345,-0.040839367,0.040191356,-0.03867163,-0.034942806,-0.047324754,0.05001314,-0.02667613,0.02468695,0.0084255375,-0.064237125,-0.044440176,0.061770637,-0.0075290077,-0.027551392,-0.036458153,0.059930637,-0.013803321,-0.043294393,-0.051488083,-0.036290918,0.03277056,-0.021391919,-0.0010471838,0.010118529,-0.040396072,-0.018612884,-0.0040133786,-0.007997843,0.002250451,-0.031676397,0.012406769,0.02815628,-0.055968966,0.012358921,-0.054375015,-0.040276363,-0.016126184,0.014092173,0.007484766,-0.0043955203
0.019507613,0.055054877,-0.008571161,-0.021790665,-0.021251526,0.0010488847,-0.048371542,0.052601527,-0.004086243,-0.004075733,-0.016530208,0.018972911,0.03590627,-0.0102588395,-0.05335293,-0.02451103,0.031032909,-0.021670846,-0.023430575,-0.033889186,-0.06455677,0.0002820766,-0.013569507,-0.02391014,0.005636035,-0.0034664664,-0.020405864,0.039645437,0.03212508,-0.018038683,-0.030852348,0.02991404,0.009943836,-0.028312033,-0.0005832881,-0.014720146,-0.030238181,0.028928973,0.036720973,0.05105407,-0.0564179,-0.07660451,-0.041070342,0.0013205665
-0.036623906,-0.07398728,-0.03103211,-0.062296927,-0.06804292,-0.0128110545,-0.069686204,-0.05523932,-0.064553775,-0.046894416,-0.07190633,-0.03977751,-0.058054447,-0.05983077,-0.051071692,0.028747866,-0.0030522617,-0.05061687,0.0057052197,-0.04397447,-0.017624967,-0.070253454,-0.06815826,-0.024745801,-0.06943635,-0.016743938,-0.02972889,-0.06862281,-0.07579462,-0.06683,-0.048242282,0.0018212479,-0.06817983,-0.06170652,0.00781683,-0.026290026,-0.06919085,-0.05755954,0.029870164,-0.04125869,-0.03646757,-0.0723999,-0.067899644,-0.005545002
0.01090323,-0.040434815,0.06599008,-0.019219808,-0.026508983,0.022547439,0.070576265,-0.02550058,0.039903544,0.012298209,-0.07056884,-0.017973322,0.013428345,0.055584867,-0.06696689,0.024659082,0.020382697,-0.01274454,0.03052082,0.035223853,0.030784653,0.07267692,0.028632898,0.015432698,-0.00969451,0.059164595,0.012451086,0.055762723,-0.07165684,0.047306243,0.041625038,-0.001902227,-0.06177462,0.02123487,0.00012177462,0.04453004,-0.017826783,0.015573926,0.02642306,0.015545901,-0.046231043,0.04069767,0.04729404,-0.07119814
-0.035416696,-0.042417277,0.0408548,0.013542654,0.0053109797,-0.036245704,-0.021186521,-0.0051882267,0.056912296,-0.036128137,0.038289778,-0.023696408,-0.006290799,-0.026486903,0.039769128,0.036528304,-0.009296601,-0.03200467,0.054664895,-0.019320577,0.05193229,0.046017032,-0.024602104,0.029770043,-0.071042836,0.049278032,0.013042336,0.0076441006,-0.039903376,-0.058956094,0.0039059303,0.04055109,0.03908337,0.04406817,-0.062391117,-0.012027409,-0.070470534,-0.04154673,0.06804313,0.024750432,-0.0373293,0.071623825,-0.040128067,-0.071620554
0.05777144,0.07473788,-0.055031627,0.051920187,-0.06037112,0.04607681,-0.003376302,-0.033628132,0.0021399108,0.027136311,0.0135351205,-0.03284402,0.049552478,0.018490817,0.06637294,0.0043969774,-0.025859417,-0.07457892,0.03322246,-0.008597442,0.06790001,-0.029769555,-0.011968531,-0.024472535,0.04354196,0.034812097,-0.07320611,0.035742495,-0.026854454,0.04700294,-0.014382332,0.009200279,0.01227317,-0.018157478,0.079768635,0.008878444,0.010551498,0.02356165,0.07238472,0.06314251,0.051294163,0.0635009,0.042575337,0.0072712414
-0.06519639,-0.042043015,-0.04798379,-0.050307706,-0.048826724,-0.049791597,-0.03670955,-0.05369024,-0.05373796,-0.036938064,-0.016666608,-0.007966677,-0.049976077,-0.06554529,-0.023381343,-0.050006144,-0.015020313,-0.01422328,-0.034528084,-0.036295924,-0.06139074,-0.01873081,0.027977528,0.0075467178,-0.019045807,-0.036573354,0.028456738,-0.057485156,-0.05043241,0.008602136,-0.03601236,-0.059951086,-0.07018712,-0.057631176,-0.050843637,-0.04593916,-0.02362725,-0.06916036,-0.058248397,-0.020711092,-0.056708522,-0.060140524,-0.030402662,-0.071963266
0.03144468,-0.03411881,-0.039905086,0.0048682056,0.020666279,-0.017650148,-0.009277124,0.008772655,0.081354745,-0.024005303,0.081429824,0.07071496,0.016361643,0.0776458,0.05876381,0.02056752,0.05354504,0.069762506,-0.076319784,-0.05239337,0.043582525,-0.014501277,0.009216276,-0.007527011,-0.024263244,0.008572078,0.027305184,-0.049832266,0.08139964,0.010868705,0.08287034,-0.052792676,0.031242453,-0.030896751,0.03126221,-0.027900565,0.071414985,0.017168414,0.056158237,0.077002,-0.026978336,-0.029748615,0.020884395,0.02524056
0.040180396,-0.06823099,0.059448514,0.07768664,0.060626052,0.005545985,0.038999967,0.049682964,0.019611059,0.03142106,0.051226392,-0.01709507,0.06309081,-0.025154792,0.07613275,-0.029259162,-0.04153874,0.050110955,-0.0103899995,0.034444988,0.041138966,0.067332014,0.035524186,0.07040999,-0.017691374,0.045928232,0.049901713,0.05373796,0.01647699,0.053360775,0.07628753,-0.043889552,0.027196398,0.08542239,0.007795663,0.06328456,-0.021577165,-0.0032045096,-0.08088905,0.07188474,0.045829277,0.05139042,0.06568158,0.017602
-0.05742796,-0.015783414,0.019388385,-0.053786334,0.033226155,-0.017029757,0.03894888,-0.056834135,-0.043194044,0.019671595,-0.054196145,0.013116277,-0.07465232,-0.028193656,-0.07156635,0.019055743,-0.06760428,-0.030500893,-0.002127151,-0.004832117,-0.03719753,-0.0011756995,-0.014595158,0.07389911,-0.06592135,-0.076024346,0.04073363,0.013455028,-0.06917099,-0.029413432,-0.033344682,-0.029399948,-0.0661329,-0.02189509,0.04706346,-0.0746679,0.030783653,-0.068962224,0.0024087029,-0.03370338,0.017014047,-0.039473135,-0.009604789,-0.0703038
-0.019808147,-0.032334022,-0.044855483,0.06180946,0.07405234,-0.030881438,0.047788147,-0.065663636,0.028687239,0.041994646,0.0057667545,-0.049319785,0.027848447,-0.015388761,0.03845455,-0.048255913,-0.05943121,0.025610296,0.0026246174,0.04675717,-0.034457594,0.08178256,0.023445776,0.075020246,-0.003931404,-0.0037690387,0.007196287,-0.07445844,-0.053516235,-0.013113532,0.055768985,0.034621365,-0.06110455,-0.020953309,-0.015900703,-0.051438075,-0.01093406,-0.039863303,0.06144959,-0.04229025,0.034964662,-0.042792376,-0.018883847,0.06481174
-0.071443826,-0.010852659,0.001051282,-0.030443199,0.039899856,-0.0052722907,0.01004965,0.013334307,-0.018713035,0.05620454,-0.03223665,0.03719337,-0.021092447,-0.018853454,-0.018190332,-0.06548587,-0.0037318717,-0.01038479,0.028799726,0.021261506,0.07038102,0.034542836,0.0043511475,0.012573183,-0.06367191,-0.0025032286,-0.0023970914,-0.039347947,-0.0014584572,0.038438525,-0.015492141,-0.002006602,0.035805017,0.055177193,0.03574408,-0.0469031,0.054780856,0.06395617,-0.025679208,0.040747225,-0.04048299,-0.00017341718,0.00015799537,-0.006179499
-0.034070436,-0.06444786,-0.04218493,-0.062384225,-0.060236506,-0.013107028,0.002146212,-0.060229905,0.024178,-0.03604635,-0.07702044,-0.035264,-0.047621004,-0.011551382,-0.05145977,-0.029428711,0.02361119,-0.047525406,-0.061920382,-0.038995195,0.05655448,-0.065489456,-0.061804377,-0.063363254,-0.03787113,-0.06799537,-0.011924276,-0.041482974,-0.06927921,-0.024041057,-0.02843194,-0.03156017,-0.022892911,0.006705511,-0.07304031,-0.049562447,-0.044135526,-0.070395455,-0.01250011,0.0055520106,-0.0025066119,-0.022030547,-0.051099047,-0.04602702
0.015014032,-0.073364384,-0.02910272,0.03446725,-0.001024961,-0.013808404,-0.010970115,-0.045091737,0.0014314917,-0.037322,-0.03701929,0.007604998,-0.060689654,-0.005389485,0.004359204,-0.08277885,-0.009374973,0.0011961941,-0.027968992,-0.04024673,-0.06777449,0.028183475,-0.032203015,-0.015017844,0.004289566,0.016734365,-0.07362131,-0.020247044,-0.030132547,0.025099417,0.012241156,0.05681959,0.002742308,-0.017230252,0.021734787,-0.013692728,-0.06931848,-0.036216106,0.016494783,0.029853063,0.0133281145,0.028220903,0.04406098,-0.002851567
-0.046072472,-0.052789748,0.024898913,0.059919994,-0.023339406,0.042402435,-0.034540396,0.05682317,-0.034660608,0.034010496,-0.033669315,-0.043429308,0.065583594,-0.021280415,-0.008295209,-0.01624506,0.05096426,-0.030366719,0.033939395,0.0034732744,0.080907494,0.014119648,-0.061719306,-0.02210636,0.0072075278,0.033871777,-0.01397717,-0.01190181,-0.06993348,-0.027612325,-0.04810794,-0.021515302,-0.06044383,-0.025742266,-0.01822119,-0.063232414,-0.06786122,-0.04999062,0.0461896,-0.064801954,-0.05965523,-0.05201901,-0.039982643,-0.04843459
0.029891105,0.024064036,0.026217496,0.029409185,0.03128093,0.03854186,0.010146188,0.029767312,0.002232869,-0.017686464,0.062638156,0.050042573,0.032012325,0.023631932,-0.034507763,0.007475836,-0.0031580403,-0.041774604,-0.019459225,0.03982598,0.018596344,-0.010704757,0.0076568574,-0.017690154,0.036927115,-0.007322573,0.028411789,0.011591172,0.03921853,0.032931324,-0.03202077,-0.0377543,-0.022120094,-0.025666049,0.029767372,-0.025000164,0.018934999,0.02291245,0.013448746,0.030843133,0.0010008508,0.011650403,0.020871107,0.010890962
-0.035096295,-0.0068506827,-0.030685281,-0.024871109,-0.01742796,-0.00047078755,-0.063838385,-0.050737195,-0.021187577,-0.017625239,-0.055238683,-0.025138736,0.028452396,-0.044221424,-0.072912894,-0.0018091546,0.0008015759,-0.059118625,-0.0564988,-0.051173873,0.03786283,0.0075664897,-0.051447395,-0.030776914,-0.03363533,-0.04502877,-0.00073355244,-0.020674678,0.007130511,-0.028225321,-3.9653e-05,-0.03359056,-0.06819014,0.014640107,-0.053954512,-0.061278388,-0.04881103,0.013430676,-0.047504764,0.008368836,-0.05383988,-0.055789772,0.021225734,-0.024054356
0.04404912,0.024322808,0.06024936,0.0780364,0.0058865948,0.08002955,0.016102985,0.058634635,0.086975195,0.07600417,0.016980045,0.08277429,0.079826854,0.08307672,0.0670874,-0.037802182,0.046532974,0.037754055,0.05367928,0.0009929911,0.060986206,0.011437581,0.024538385,0.0087798685,0.06814002,0.073221244,0.029423317,0.059638202,-0.016835153,0.06776671,0.063360475,-0.005635371,-0.07969273,-0.016755838,-0.060140282,-0.075536735,-0.058386855,0.00077775057,0.08820357,-0.05076349,0.06265081,0.06383396,0.071319915,0.006335284
-0.01645739,0.029847236,-0.034769244,-0.004813049,-0.046455957,0.012981596,-0.048282973,0.031477943,-0.08374371,0.053022325,0.011002496,0.014701951,-0.01494663,-0.06342106,-0.05188017,0.01734247,0.014944254,-0.03413174,0.030970156,0.00631128,0.035929844,-0.06774504,-0.011106946,-0.024157034,0.04495505,-0.008537701,0.0019282496,0.034448322,0.0058561866,-0.069237754,-0.057432186,-0.010594092,0.04867388,-0.034953874,-0.029341951,-0.0012064414,-0.0316285,0.0149802575,-0.015545383,-0.044404443,-0.021403614,0.05568458,-0.0041922093,0.0064205816
-0.056734934,0.042898383,-0.045061883,-0.056839515,-0.019215746,0.00536543,0.051685672,-0.06952729,-0.059762392,-0.034955543,-0.03676175,0.01051284,-0.0115497345,-0.06409334,-0.066712976,-0.048683546,0.0060866955,-0.04839126,-0.018099379,-0.028702138,-0.06150369,-0.062034696,-0.0047995653,-0.01784903,0.04616764,-0.04814314,0.058439933,-0.026629286,-0.029159347,0.054920487,-0.06939549,0.011212653,-0.03122342,-0.03400482,-0.03554863,-0.03873797,0.0444379,-0.043877855,-0.08712617,-0.045237727,-0.034474395,-0.07771245,0.04220034,-0.071917094
-0.04140031,-0.0026213971,-0.037899066,-0.012277119,-0.0076762396,0.00786966,0.047066525,-0.042356577,-0.06107601,-0.04025997,-0.022405893,-0.060905658,-0.026811982,-0.0043631084,-0.011281833,0.006296217,-0.07085238,0.0025066359,-0.017053777,-0.047499478,-0.004345718,-0.004131315,-0.019538855,-0.014122362,-0.01655632,0.004601209,0.017617544,-0.015841683,-0.06419962,0.07669273,0.010648743,0.0129099805,-0.0068721655,-0.03479902,0.02189384,-0.010657405,-0.052601114,0.002697834,-0.006718472,-0.056525324,0.019597042,-0.036851626,-0.00397691,-0.0249877
-0.07850309,-0.021620462,-0.046969507,-0.0763238,-0.031754874,-0.06453517,-0.027566614,0.0022576766,-0.082808755,0.046812057,-0.002668076,-0.080194905,-0.081265524,-0.04241508,0.06637221,0.067040704,-0.03987521,-0.07479717,-0.0033571462,-0.027058918,-0.0076389336,0.0054288926,0.031618677,0.063245706,-0.033925977,-0.074804254,0.041861374,-0.043456502,-0.036671817,0.030034559,0.022215903,0.01671213,-0.0061309733,0.06689914,-0.031819213,-0.049258053,0.05522348,-0.039395757,-0.06730947,0.043128207,0.010887297,-0.041712552,0.058397762,-0.0063014063
-0.042963684,-0.048679642,-0.07086296,-0.045050107,-0.057708073,-0.027439944,-0.05301983,-0.013598025,-0.006797611,0.03161603,-0.057786744,-0.05613481,-0.035345197,-0.010124424,-0.065345176,-0.05439414,0.0039410032,0.0052982895,-0.04702039,-0.06106367,-0.038292706,-0.028336557,-0.049201224,-0.045686122,0.008522666,0.0028313124,-0.012505201,-0.0075456877,-0.022538038,-0.050536558,-0.009935831,-0.013863532,-0.02360568,-0.05217549,-0.07343574,-0.034788676,-0.028414551,-0.049981155,-0.0027388341,-0.04626819,-0.05073756,-0.06493939,-0.034334227,-0.03595033
0.07074158,0.03640393,0.053915307,0.049539085,0.027101455,0.0009301267,0.026350806,-0.010759899,0.06423088,0.0025637494,-0.0023462377,0.026610753,0.033482023,0.05600306,0.060214046,-0.04242023,0.045298453,0.08302346,0.039795,0.051565114,0.026212286,-0.008739743,-0.0013879013,-0.0009845287,0.04677137,0.040163957,0.040084507,0.0066757975,0.03271639,0.06445252,0.018412493,-0.050632283,0.007912467,-0.037174944,0.02783885,0.005778662,0.0036899743,0.004634185,-0.002805574,0.032122813,0.061499596,-0.019911606,0.044322748,-0.075125225
-0.007396524,-0.011342152,-0.015893094,0.016685573,-0.046281774,0.02325643,-0.046096735,-0.010673726,0.0026090574,-0.043024413,-0.017481899,0.0124724,0.016277272,-0.02665227,-0.044228267,0.015513724,0.027977988,-0.023001255,0.0036986736,-0.03267262,-0.044113662,-0.020293854,-0.049090266,-0.01993438,-0.019359658,0.0057767276,-0.0053603235,-0.017200146,-0.0068821935,-0.054148383,-0.00013157187,0.008597373,-0.035260912,-0.04187423,-0.011473713,-0.03311996,-0.01474262,-0.04917813,0.0023661617,-0.026604893,-0.026303085,-0.048122834,-0.045816973,-0.036842242
0.033968717,0.038769536,-0.056367956,-0.039443716,-0.032123134,0.025221832,-0.033020474,-0.05865286,-0.0070041292,-0.05132974,-0.040265977,0.009737349,-0.04676945,-0.057875592,-0.06583143,-0.024031078,-0.07421346,-0.044422757,-0.03768955,-0.059894584,-0.015270841,-0.03677663,-0.04943348,-0.0133766625,-0.0073138103,-0.049767792,-0.06889829,-0.026054047,-0.048341367,-0.034522433,-0.070520185,-0.04106051,0.00018941777,0.003537331,-0.061578967,0.02943928,0.039302446,0.010457229,-0.045042053,-0.02725025,0.01805663,-0.04773223,-0.046111085,-0.004160136
-0.07190303,-0.022427307,-0.06388115,-0.04626477,-0.06442752,-0.07059015,-0.023063798,-0.0644469,-0.05070493,-0.025440995,-0.057021063,-0.04957779,-0.038883206,-0.03163736,-0.042905528,0.04545807,-0.048124794,-0.042018678,-0.05467216,-0.027271273,-0.02515213,0.0099300835,-0.024199931,-0.03308423,-0.04631254,-0.052483637,-0.05478132,-0.030280994,-0.05663398,-0.03376857,-0.06275705,-0.05592916,-0.038150396,-0.01827515,-0.041620474,-0.029174441,-0.05449235,-0.053263158,-0.037712462,-0.06740227,-0.0062763714,-0.004570518,-0.03958514,-0.074085906
0.051803894,0.01946169,-0.044582125,-0.01922618,-0.07338007,-0.04744149,0.027898205,-0.035862237,-0.0142547,-0.020157922,0.03874345,-0.028907716,-0.06974729,0.034529194,0.036871657,-0.040179715,-0.073301084,-0.07642167,-0.08360261,-0.07830135,-0.05349026,0.07160613,0.06434858,0.039434258,-0.052034512,0.04129564,0.03858148,0.031318855,-0.0063994853,0.031026864,-0.04222234,-0.024783555,-0.0052352934,-0.054464668,0.024227416,0.0459353,0.007993373,0.064301915,-0.08082684,0.023295669,-0.013847247,0.022032907,-0.010304415,-0.0323979
-0.013663751,0.030134918,-0.028427117,-0.053615253,-0.0103072245,0.0006452913,0.008729764,-0.013197152,0.005864104,-0.04573583,0.0052179475,-0.025218403,-0.057193883,0.058834683,-0.03518892,0.028179089,-0.0034260696,0.026832025,0.035934113,-0.004251525,0.03983767,-0.019293748,-0.043857742,-0.024821866,0.012838542,0.062265035,-0.027503207,-0.0031103797,-0.010608843,0.025934946,0.06190992,-0.043613676,-0.052817717,-0.012146438,-0.046674374,-0.036440656,-0.014363703,-0.03716971,0.05678163,-0.058629297,0.03804287,0.058183573,0.018762158,0.00027821204
-0.019095065,0.024456661,0.018817183,0.04911772,0.06350146,0.031494223,0.06563512,0.06333452,-0.027787087,0.010331335,0.06652118,0.064528786,0.05170464,-0.0039497367,0.0007687085,0.057971083,0.051778328,0.016055606,0.061533492,0.009711528,-0.009991702,-0.049261533,-0.038031567,-0.018158538,-0.0006063008,0.03927348,-0.033983223,0.012217239,-0.0126942685,-0.046045016,-0.03143673,-0.031217037,-0.05555718,0.0071786013,-0.055919264,-0.00878846,-0.049980137,-0.0068718526,0.016003178,0.050189,-0.029674122,0.06982946,0.009880123,-0.041984327
-0.07436085,0.028212946,-0.03933087,-0.062124036,-0.05803957,-0.0008530526,-0.048232995,-0.0077840853,0.014385323,-0.07629065,-0.04368838,0.059901,-0.031750035,-0.017449962,-0.070363894,0.019924944,0.065811925,-0.06786669,-0.057853185,0.014705387,-0.006994322,0.02315231,0.07102099,0.03712921,0.004635907,-0.02681062,0.057226956,-0.060330022,0.076343715,-0.0648516,-0.0031874254,0.023998292,0.05289866,-0.045005158,-0.05061479,-0.034802653,-0.032901507,-0.0007975523,-0.020287443,0.017948769,0.009583884,-0.01166886,0.036341116,-0.0667599
-0.021645272,0.020636452,0.023191778,0.05205619,0.03657382,0.05816426,0.06069362,0.037972167,0.060069975,0.011534343,0.07299342,0.031919494,0.019959813,0.069277085,0.06106068,0.030753559,0.005279082,0.03766664,0.081666954,0.074611634,0.03662915,0.016035127,0.026186246,0.058897104,0.0347917,0.055709213,0.0346323,0.0009458792,0.06425286,0.070669785,0.042940576,0.010610859,-0.011163441,0.03278682,0.06891997,0.0047712717,0.04117143,-0.009560507,-0.0013058595,0.0319307,0.06048555,0.029253574,0.042774856,0.022766748
-0.0049892818,-0.003605488,-0.01997645,0.028347623,-0.07123761,0.012112108,0.05141281,0.01160952,-0.05516359,-0.0020695752,-0.08332726,-0.080281384,0.008484819,-0.030613607,-0.05928031,0.010584712,-0.011588281,-0.041575175,0.012597541,0.03918286,0.06054968,-0.055331882,-0.06510969,0.016311487,0.071558446,0.035716724,-0.05330323,0.010475975,-0.08072236,-0.015815403,-0.049607888,0.07203276,-0.027416972,-0.051343627,0.073625796,0.00861876,-0.050765727,-0.032705024,0.0120111685,0.047628,0.070455775,0.07754924,0.064621024,-0.0040063015
0.056289457,0.058899723,-0.01606657,0.02545287,0.006902579,0.00067774224,0.05775141,0.06477445,0.018003661,0.021014879,0.041712567,0.018568907,0.028625382,-0.024093451,0.023307761,0.00791369,0.024725638,-0.025773097,0.007963964,0.027125118,0.039000455,0.004592644,0.05958704,0.016690701,0.052768104,-0.0074778367,-0.039090563,0.07095673,0.058593445,-0.046629053,-0.021669814,0.053206757,-0.013343383,0.021889629,0.00016509286,0.03200735,0.047167182,0.060082402,0.028958809,0.0412777,0.021518916,0.042252034,0.0077978363,0.02608804
0.07822433,-0.056855652,0.05299401,-0.013395484,-0.04141324,0.059948035,-0.06105821,-0.014210586,0.041306876,0.052250005,-0.010712393,-0.037898064,-0.014194189,-0.07856075,0.0026318983,-0.01775786,-0.03871164,-0.053435482,-0.011577101,0.033855245,-0.06930983,-0.047263287,-0.054666087,-0.04240891,-0.045376286,-0.03450784,0.056472972,0.054661322,-0.004965599,-0.04165815,-0.01952556,-0.028962571,0.0473387,-0.02737453,-0.014202249,-0.03848481,-0.037911616,-0.052008856,-0.032404296,0.07382997,-0.020407489,-0.04255523,0.036896467,-0.0024843384
-0.07504486,-0.011261286,0.062355883,-0.07375434,-0.06005006,-0.01526613,0.041918844,-0.03567005,-0.04721784,-0.026102819,-0.028701155,0.053244747,-0.022057272,0.0347402,-0.070535325,-0.006782571,0.049905486,-0.06404021,0.046813603,-0.02879417,0.031426266,-0.0060348636,0.02535985,0.053620506,-0.040112566,-0.012261641,-0.02111971,-0.07762556,-0.0031269575,-0.04656964,-0.07325303,-0.014055733,-0.022124507,0.020965995,-0.024126047,-0.08200404,-0.07198297,0.023930496,0.023033964,-0.011119967,-0.05256074,-0.060695905,-0.039246764,-0.08276307
0.05533552,-0.02161117,0.07155961,-0.04148469,0.0040281187,0.017749157,-0.039487444,0.04212639,-0.029095095,-0.036157507,0.044283308,0.04749933,-0.009784868,-0.045567133,-0.04479292,0.057329196,0.04447184,0.07133065,0.019485777,-0.026512474,-0.056558833,0.021404024,-0.0020686449,-0.027547248,0.035819937,0.004162661,0.07007925,0.007817512,0.06227618,-0.028528243,0.007688837,-0.044169735,-0.00630722,0.0018967992,0.0019414229,-0.03181917,-0.06714308,0.075282656,-0.05275992,0.057652522,-0.06626664,-0.06639312,0.009389576,0.027209945
-0.0059297574,-0.0031408165,-0.034948062,-0.055831008,-0.023089962,-0.03596479,-0.008867091,-0.056095727,-0.05830156,-0.019588921,0.046078857,-0.07539117,-0.04424717,-0.037091628,-0.06457189,0.0065676426,-0.048762817,0.008778719,-0.03415166,-0.022345757,-0.010230914,0.0006799764,-0.028812097,0.007351845,-0.004395073,0.0017089755,0.056153562,-0.06978238,0.07462789,0.01722683,-0.030930256,-0.01772447,0.001514635,-0.06752426,0.07466079,-0.05076262,0.028831575,0.0518573,-0.049723465,0.044189718,-0.05391833,-0.0072179455,-0.016715387,0.05427211
-0.032214817,-0.0059998175,-0.020696381,-0.07058129,-0.044910744,-0.011695753,-0.050498713,-0.06132433,0.048466768,0.029778112,-0.04936606,-0.008459715,-0.045356333,0.05209709,-0.019304212,0.020086054,0.0039162063,-0.068738334,-0.042956654,-0.06301325,-0.002753715,0.025952969,-0.047445387,0.0017653981,-0.032779302,-0.048506375,0.017141126,-0.06981658,-0.05478153,-0.04372428,0.008978886,-0.034744337,-0.066064864,-0.04045327,-0.049740337,-0.06758956,-0.019564833,0.00254539,-0.054174326,0.047733832,-0.04745927,-0.061586883,0.007077756,-0.04630188
0.00988672,0.030129215,0.055967435,-0.0033311367,0.027550235,0.015765311,0.074641116,0.014648507,0.018711299,0.01702827,0.07569816,0.06471988,-0.021874012,0.058734592,0.009614267,0.08430054,-0.022070006,-0.035671946,-0.043019906,-0.011302525,0.01696011,-0.059493784,-0.04321593,-0.042643502,0.03749315,0.0015885178,0.033638377,0.048781816,-0.032624956,0.07029986,-0.044377126,0.015817787,0.027960952,0.01691492,-0.013622781,-0.027943518,-0.03588174,-0.031133996,0.01671909,0.029163314,0.016357724,-0.02226113,-0.018005079,-0.042658158
0.052489273,0.0004473098,-0.04993316,-0.027496247,0.023392072,-0.008369589,0.024614923,0.04853572,0.037894066,-0.026107896,0.001325794,-0.0051113884,0.02152769,0.009185546,0.0024349326,-0.042493388,0.040681247,0.019317687,0.038553473,0.023121685,0.010116323,0.0035666358,-0.007825174,-0.01481656,-0.027002698,0.03681844,-0.016974613,-0.00023352243,0.048755907,0.066242196,0.032754797,-0.013337028,-0.013206827,0.044910282,0.016621409,-0.029296272,0.03477676,0.00013144035,-0.019731456,-0.0021801295,-0.042972304,-0.02608486,0.0012322704,0.04715755
-0.034601245,0.05716246,0.026955707,0.028139098,-0.010783409,0.0018124803,-0.018658357,-0.0012707651,0.00961484,0.046035536,-0.024622837,0.019558877,0.012478328,-0.001374822,0.028416546,-0.04979336,0.047459155,-0.03020682,0.020002412,0.0038126719,0.058566973,0.038421664,0.014059655,-0.034122292,0.053907547,0.049948,0.011352158,-0.011582578,0.03573427,0.055682153,-0.005061321,0.013391372,-0.027086811,0.026469566,0.011857991,0.04097749,-0.008182584,0.031546403,0.035587057,0.062390808,0.02386807,-0.02201138,0.023211654,0.021650452
0.054181,-0.008264258,0.056173656,0.010280936,0.03776728,0.05898539,-0.0011063851,0.058255397,-0.009444574,-0.04014613,-0.033428445,0.0174217,0.04544365,-0.004225153,0.03428553,0.00030990966,-0.00010698698,0.00858797,-0.010008417,-0.016801467,-0.033060152,0.043167192,-0.039779343,0.020935243,-0.063784495,-0.019733574,-0.0074898205,0.0026974063,0.0019889465,0.0035774384,0.06252551,0.012299185,0.068654075,0.062002745,0.00093515095,0.050664343,-0.025712319,0.041414935,-0.022993408,0.04341504,-0.035035677,0.032937948,0.0018338497,0.06637345
0.06677264,0.04586826,0.03582087,0.06115018,0.06127855,0.076385334,0.05669324,0.06985269,0.06559708,0.06279062,0.07398678,0.07009382,0.07110328,-0.009115821,0.066058874,0.054520726,0.061330132,0.055179626,0.06968519,0.048210897,0.03487591,-0.0012419423,0.051445685,0.062512875,0.04638666,0.06498495,0.0410952,0.07896102,0.045559734,-0.006498216,0.028727941,0.06408192,0.06416645,0.060451612,0.068328336,0.053268578,0.05597185,0.06922188,0.07183347,0.045605477,0.072123535,0.06969429,0.050619334,0.068388626
-0.024319543,-0.06338248,-0.071448915,0.04652355,0.06670793,-0.07637049,-0.07498177,0.057660975,0.039010935,-0.00018381853,0.056153703,-0.0533297,-0.04003813,0.07432138,0.056644782,0.04778761,-0.043947153,0.08013395,-0.030680796,0.040212356,0.0057054255,0.043196827,0.017185288,0.048829228,-0.075426415,-0.06867416,-0.07038631,0.012028898,0.042934824,-0.048632663,0.07229738,-0.017786218,-0.028319927,0.013475571,-0.014520075,-0.059936564,0.01711464,-0.035355233,0.085337184,0.024270792,-0.03049598,-0.031238122,-0.075511694,0.04132496
-0.01120404,0.07095672,0.05709214,-0.06880247,0.05034347,0.070640385,0.0034609581,0.063181214,0.030793443,-0.07265304,-0.0014270461,0.041155275,-0.027202368,0.013342916,-0.024235368,0.027608972,0.0354496,0.015250161,0.07062631,-0.023247968,0.08422997,0.04127179,0.04875814,0.034353215,0.041363478,0.024151998,-0.05123902,-0.0064532263,0.021026822,0.04512645,0.058141366,-0.019928623,-0.0029288444,0.055805083,0.02735408,-0.026717972,-0.019705418,0.009857164,-0.01692355,0.023585953,0.05630322,-0.055209566,0.003488872,-0.028855335
0.056914795,-0.005861988,-0.052603383,-0.005741712,-0.07090809,0.059784926,0.029830487,0.023861255,0.0003821726,-0.01581189,-0.03209538,-0.032774232,-0.032275595,-0.011557024,-0.076555885,-0.05893525,-0.057708956,-0.03637184,0.04793527,0.03693088,-0.012756253,0.040594995,-0.0051341807,-0.025801383,0.0016444067,-0.005317706,-0.01939772,0.03210268,-0.03267316,-0.01489971,0.044407487,-0.018483678,-0.010633276,-0.01997515,0.030147912,-0.0435698,-0.025296371,-0.040382545,0.035280593,0.031906553,-0.0025427842,0.07429917,0.058238864,0.0047605634
0.009534751,0.024852911,0.031413477,-0.021851687,0.07048206,0.07424573,0.0757948,0.071595654,0.0039969813,0.044219345,-0.04461633,0.0001196585,-0.037952296,-0.056562163,-0.080282874,0.077832095,0.067798056,0.06627914,0.08061645,0.046295714,0.051767226,0.04720357,0.06684601,0.06788266,0.07506215,-0.07829333,-0.052355453,0.069923714,0.007249981,-0.05621291,-0.009460694,-0.008661251,0.066678844,0.071383364,0.0022477878,-0.026309932,0.060870413,0.062253285,0.05967651,-0.020888787,0.08015107,-0.029152252,0.068977475,-0.03394228
-0.06052101,-0.020351613,-0.03179828,0.011499227,-0.007701973,-0.03480442,0.045170844,-0.057321243,-0.00683771,-0.029646449,0.0027835493,0.032425813,-0.028601917,-0.0146276355,-0.036665257,-0.053254437,0.0071967295,-0.017088003,-0.012726701,0.03313036,0.0044742497,-0.021727886,0.010822932,-0.06713409,-0.009122442,-0.02175411,0.022839172,-0.021024663,-0.025159186,0.02312278,-0.057859406,-0.040276166,0.043047313,-0.018615386,0.027648477,0.040199388,-0.033481102,-0.010986512,0.02375007,-0.016683739,-0.018886026,-0.0077699367,-0.050958466,-0.0615813
-0.03639181,0.003854834,0.005541142,-0.01263076,0.04901621,0.07591531,-0.07099503,-0.028407114,-0.047208004,-0.0231341,-0.056829974,-0.056060616,-0.04431313,-0.0022498004,-0.028614046,0.023567352,-0.016493503,-0.0023560012,0.02278132,-0.0047011403,0.0480337,-0.051459774,-0.042808473,-0.058743715,0.017781071,-0.07190479,-0.013437573,-0.03405245,-0.051719096,0.002766541,-0.057099044,-0.017678268,-0.033000812,-0.006339298,-0.00021815184,0.04496273,0.040714692,-0.013125368,-0.01474915,-0.0059579373,-0.030061496,0.008680452,-0.002506458,-0.037346527
0.0625661,0.040958695,0.004392378,-0.012643378,0.032709476,0.031188857,-0.01024249,0.013724646,0.016883407,-0.02575717,-0.03126159,0.051587407,0.008412162,0.009253424,-0.014856972,0.025722431,0.0329917,0.066015035,0.010462431,-0.020180514,0.058209684,-0.002204317,-0.04036014,-0.045446057,0.025223078,0.023480168,-0.011767089,0.034458652,0.029534727,-0.016522676,-0.032037634,0.019063424,-0.012237921,-0.017010244,-0.0052490593,0.04396092,-0.05107874,0.0336372,0.068154864,0.0018377698,-0.0026510241,-0.042483937,-0.007907818,0.016613511
-0.07126871,-0.03173768,-0.025314614,-0.05160159,-0.012328783,-0.030188479,-0.0419235,-0.02809646,-0.047601778,-0.044651773,-0.035989124,-0.060818646,-0.06308421,-0.0048840535,-0.045722574,-0.01810587,-0.013506435,0.0044168,-0.009325117,-0.02132752,-0.032528084,-0.030039387,-0.051084477,-0.044985354,-0.038286228,-0.024576405,-0.0012584318,-0.03758388,0.0037357982,0.001932221,0.007007194,-0.05425078,-0.06500842,-0.06647542,-0.062927894,-0.06767374,-0.055091046,-0.057055116,0.022344701,-0.028769175,-0.056968957,-0.021160292,0.018014785,-0.048995208
0.00990589,-0.03919399,-0.01901479,-0.033807036,-0.021802038,-0.044779133,-0.039862793,-0.039151043,-0.026434954,-0.028925931,-0.02757862,-0.048066,-0.0071308883,0.019450799,-0.027119802,-0.010459377,-0.037363887,-0.008360178,-0.059132356,-0.05701823,-0.071288906,-0.019707294,-0.058615133,-0.008316126,-0.05353103,-0.017282574,0.0332331,-0.017941019,-0.05168152,-0.0017074167,1.8942836e-05,0.013169285,-0.032023884,-0.03468341,-0.023150599,-0.039755832,-0.0492969,-0.0350186,0.026841821,0.0036252437,-0.0042758076,-0.009924165,0.041731674,0.018940365
-0.011455743,-0.022725279,0.040664095,-0.052164935,-0.017833777,0.05056408,-0.0087863,-0.05143132,-0.020210044,-0.042673297,0.062646575,-0.024154814,-0.06663669,-0.06226353,-0.029067535,-0.010171893,-0.057547186,-0.05494302,0.008720406,-0.02020138,0.0003675724,0.08099359,0.06980865,0.070100345,0.058823757,-0.017603222,0.011277793,-0.06041315,0.03471828,-0.05818406,0.0353927,-0.0631818,-0.0014203523,-0.009237844,-0.057492014,-0.056167793,-0.042281486,-0.0012805975,-0.049307324,-0.025584536,0.02299652,0.0642878,0.027678376,0.011855388
0.0053014965,-0.02768397,-0.025379406,-0.019653713,0.03270984,-0.056873515,0.06338276,-0.015647737,-0.0020560562,-0.032942757,0.071586736,0.041581146,-0.03865646,-0.019936651,-0.039124098,0.003748952,0.018724363,-0.048721272,0.03009602,0.030431893,0.026354287,-0.016025605,-0.032388337,0.035388418,-0.030269578,-0.015742024,-0.005456742,-0.020973368,0.01681954,0.0098206075,-0.021468906,0.002256299,-0.057567816,-0.048654564,-0.068199754,-0.055387348,-0.027833682,0.006041897,-0.018679665,0.010792118,-0.061008763,-0.037428986,-0.047788844,-0.0026030573
0.085759774,-0.030740371,0.0741891,0.05575522,0.055742,0.0816676,0.029140435,0.050543323,0.07143778,0.028291192,0.06360498,0.0014426573,-0.009683695,-0.016796486,0.078910336,0.03149202,0.06605135,0.06416814,0.04283789,-0.0213018,0.064543195,0.0017176366,-0.036979694,0.00082981517,-0.002398483,0.053682286,0.05307517,0.009783466,0.02171813,-0.03388397,0.0715366,0.024771579,0.02416443,0.038659576,0.018155253,0.034720726,-0.00090582285,-0.03899389,0.06292752,0.03754471,0.04940825,0.06580503,0.033536203,0.07580635
-0.02220523,0.07496647,0.051301967,0.023846261,0.028994273,0.08188229,-0.01986873,-0.01915577,0.041146036,0.043606646,0.053508364,0.0084938295,0.0613862,0.06867803,0.020174015,0.045413926,0.02883931,0.024496136,-0.041665986,0.020026496,0.091866344,0.055756427,0.07149836,0.0038948406,0.07577067,0.041366532,-0.0045916503,0.009303764,0.050165147,-0.0014180596,0.06040449,-0.020865843,0.02962494,0.0059581758,0.07741628,-0.012610477,-0.0015264541,0.048074033,0.08734682,-0.007650684,0.07586808,-0.066879876,0.05865305,0.018384928
0.028435491,-0.06718791,-0.027015543,0.066413805,-0.013226588,0.020071084,-0.037464008,-0.031661905,0.024219165,0.041872397,-0.047860235,-0.040597457,0.06305982,-0.0049017603,0.055651672,-0.006666127,0.032378327,-0.016014969,-0.035413213,0.029236207,-0.014501319,-0.0014260302,-0.052616883,-0.015914278,0.017436218,0.017585235,0.0009153626,0.0016867447,-0.051578492,0.023726162,-0.010610916,-0.06280058,-0.035635047,0.0049448023,0.033168912,-0.039239906,-0.012135629,-0.03410615,0.029348645,-0.06631066,-0.04164273,-0.013188205,0.04315741,0.036339946
-0.0009986386,0.052234378,-0.06574663,0.043913197,0.03754154,-0.05171415,-0.0071138577,0.042260304,0.017943172,0.002795352,-0.010189725,0.049069006,0.013160017,-0.020914465,0.010915375,0.042318083,0.03901362,0.04553344,-0.022015635,-0.029496359,0.03895343,0.026919784,0.032767422,-0.045354806,0.028284904,0.033980336,-0.037749007,0.001362256,0.04055933,0.041721098,-0.01763723,0.019295434,0.027990459,-0.038503386,0.038495623,0.0651497,0.055433378,0.015289925,0.045743793,-0.0010252885,-0.0059325118,-0.027022226,-0.029331231,0.06011996
-0.04071106,-0.024651797,0.044070996,-0.007579476,-0.014410362,0.045553446,-0.028435042,0.0033037546,-0.017255895,0.039841272,-0.008604317,0.0018959747,0.0018542698,-0.02864978,-0.005500493,0.041696608,0.04020271,-0.0017138517,-0.004953948,-0.006004385,0.01420372,-0.012124581,0.020862287,0.016962422,0.055206142,0.07315571,0.04627852,-0.009114761,-0.009179722,-0.053666066,0.040833406,-0.0671489,0.051705733,0.009974174,0.03645331,0.021539418,-0.024726402,0.0025783796,-0.0097203525,-0.0019712772,0.021571467,-0.006482966,0.060545728,-0.055143125
0.018164081,-0.049407337,-0.03295865,0.068439245,0.0077769854,-0.056512628,-0.043989766,0.080100164,0.04053199,-0.033790294,-0.08211471,0.07182652,0.080901794,-0.064161465,0.0069525978,-0.03772478,0.0661861,-0.020998685,0.06334035,0.08098806,-0.0009657396,0.0033463128,-0.03218906,-0.0050218445,-0.07166155,-0.050722025,-0.0030879693,0.06451161,-0.058259767,-0.06078422,0.00302385,-0.0039382433,-0.043385256,-0.012178631,0.031916413,-0.03105619,-0.07474341,-0.06872351,0.031848393,0.050001282,-0.07193301,-0.02613677,0.021906074,-0.0039897608
-0.015051787,-0.06389198,-0.02088666,-0.02081356,0.0421207,-0.06661672,0.02933341,-0.034115974,0.026044713,0.025284871,-0.0007705078,0.024432117,-0.017341254,0.041684568,0.06206329,-0.065162614,0.012666269,0.045980684,0.041278735,0.046078514,-0.04713516,-0.00896567,0.03498577,0.056488093,0.0024430337,-0.05580531,-0.014715331,0.021782579,-0.00830741,0.019486926,-0.02695901,0.06035497,0.012687927,0.0031045112,0.037022416,0.024892999,0.0065046325,-0.0023887933,-0.06381179,0.00426918,-0.043657064,-0.030301657,-0.020365851,0.04397594
0.0054586274,0.02055038,0.00018940067,0.047854085,0.040615756,0.01944927,-0.03805589,-0.024464319,-0.023590155,0.06981024,-0.05233134,0.013266483,0.043641254,-0.060229324,-0.016350642,-0.05582998,0.012707801,0.052166898,-0.044894338,-0.012479811,0.027426451,0.028678637,-0.031161018,-0.019811355,-0.011122893,0.018642744,0.04647046,-0.009077198,0.023963703,0.0036347853,-0.021053668,-0.0042151744,0.038413566,0.012536336,-0.062310074,-0.013754312,-0.018131068,0.048628516,0.029509787,-0.0069780312,-0.048159853,-0.04804131,-0.013487578,0.011939602
0.05050413,0.07140293,0.06047655,0.06510463,0.054433197,0.074117005,-0.038006105,0.043229725,0.0037816954,-0.009368725,0.02112059,0.019736396,0.044574596,0.00092769426,0.06089385,-0.03230542,0.024851292,0.04157094,0.08447013,0.07898627,-0.061660726,-0.017127296,-0.040178116,0.04451561,0.06396875,0.054009978,-0.012625985,-0.014378179,0.015930276,0.073173255,0.020289866,-0.032872148,-0.041832674,0.016262902,-0.009086156,-0.0012052163,-0.0033916486,-0.045599934,-0.02167724,-0.038530357,-0.035333604,0.026758207,0.051737435,0.018849721
0.04570954,-0.031844832,-0.0053381645,-0.039610006,0.0056806635,-0.023976393,0.07586327,-0.0032352558,-0.014159291,-0.07354211,0.043083202,0.049970545,-0.022651082,-0.05939306,0.061625525,0.07878599,-0.029233636,-0.026198085,-0.06030404,-0.066442996,0.032463167,-0.030088736,0.038168184,0.014237574,0.0120715955,0.0722027,0.0123395445,0.0465585,-0.016439976,-5.5451143e-05,0.08085183,0.059231915,-0.041407973,0.05031568,-0.054028857,-0.06362764,-0.03767186,0.0029751963,0.0358,-0.020233097,0.05360727,0.03170123,0.0029633131,-0.0074315337
0.006318473,0.051740017,-0.014281256,-0.03215498,-0.03883384,0.036357626,0.059022672,0.02025717,0.02170385,0.013688834,-0.0068967943,-0.0286756,-0.02750256,0.036992196,-0.044389047,0.06443888,-0.01942517,0.027585156,0.006100454,-0.009696441,-0.010690428,0.06699784,0.029266054,0.03771904,0.042608067,-0.011572464,0.016238356,-0.002436422,0.0029187752,0.054622464,0.048349343,0.0078081456,-0.03799408,-0.07194091,-0.022985658,-0.029412024,0.039281797,-0.041237395,-0.054176185,-0.05828705,0.0410964,-0.019302823,0.027291184,0.064762875
0.005210664,-0.018892752,0.024597589,0.036018226,-0.059243582,-0.068175,-0.035299003,0.04778096,0.05184856,-0.015815476,-0.042390775,-0.06491287,0.03463286,0.004012692,0.019863773,-0.019912114,0.03531614,-0.03966417,-0.008946125,0.06795392,-0.054633852,-0.045723032,-0.06155408,-0.051100228,0.0097168945,0.069616385,-0.06048775,0.06779792,0.0058849836,-0.0007653316,0.022692721,-0.029582426,0.063737996,-0.077900514,0.06331257,-0.015313363,-0.07461935,-0.06436623,-0.049762815,0.044556975,-0.04803955,0.07376878,-0.030072914,0.0022515007
-0.015877275,-0.07651014,-0.05366411,0.02696833,-0.035493486,-0.06979497,-0.0018684076,-0.0063541387,0.041615088,-0.006269847,0.0041616806,-0.008980373,0.029569482,-0.042593468,-0.020917166,-0.07531228,-0.0132843815,0.042369034,-0.030976653,0.024808994,-0.07794882,0.0028658772,0.0050975974,0.064503595,0.025308631,0.036991227,0.048594236,-0.0098380605,-0.014064516,-0.043496143,-0.03201486,-0.01758863,-0.06972682,-0.056863986,-0.057085283,-0.039875455,0.013143755,-0.03234553,-0.012969556,-0.0003264156,-0.0186374,-0.06941629,0.016626136,-0.025277518
0.034529325,0.03294925,-0.025509087,-0.06526758,0.0204406,-0.025389252,-0.018368637,-0.028352624,-0.008447891,-0.05940983,-0.0383144,-0.03526809,-0.05669545,0.053533934,-0.025614547,0.011452727,-0.020950537,0.022563953,0.0077462685,-0.0074803634,-0.005046416,-0.023896698,-0.048102785,-0.036622323,-0.05144447,0.035258997,-0.027213365,-0.04151506,-0.04589163,-0.051809765,0.0024589074,-0.05112614,-0.055339754,0.028588112,-0.00033164048,-0.010916001,-0.066130295,-0.03816047,-0.014336664,-0.04359986,-0.037516065,0.006737883,-0.04618573,-0.048518445
0.020511651,-0.04306117,-0.06266002,0.0048060943,-0.068018675,-0.060789343,-0.025018001,-0.034547992,-0.034875922,0.015579058,0.027341887,-0.021221217,-0.0014922199,-0.040392753,0.034302894,-0.0016031396,-0.04129759,-0.008467393,-0.00020386513,-0.012579003,-0.028880343,-0.086199224,-0.008702692,-0.06138145,-0.06828266,0.009489633,-0.014955576,-0.07778497,-0.0626478,-0.041236006,-0.050534803,-0.03443501,-0.04843486,0.014889463,-0.03245841,0.010723069,-0.07160957,-0.0027704781,-0.058046818,-0.019622644,-0.025561208,0.03551386,-0.06251616,-0.021656478
0.028906284,0.066845335,0.06796757,0.03668307,0.0017851809,0.043297343,0.041671507,0.05586922,0.012689467,0.005563186,0.0455321,0.065230265,0.0031645827,0.055051047,0.04577576,0.009617009,0.061459154,-0.021016365,-0.0022759112,-0.0035797984,0.008745359,-0.042575862,0.022994155,0.027913807,0.026780304,-0.013507126,-0.015185124,0.01394189,0.05279036,-0.04535512,0.07049194,-0.030070662,0.039943226,0.018217161,0.059992436,0.03817549,0.052965783,0.030052746,0.006602766,0.039485503,0.06541448,0.06716283,0.07218765,-0.0018685465
0.020860536,0.013332219,-0.023541545,0.019201702,0.024598638,-0.00027256165,0.03513741,-0.011859477,0.053365342,0.039400883,0.023680089,0.0014818541,0.04270787,0.0215253,-0.022228269,0.05565831,0.008527828,0.06908382,-0.026751641,0.020122448,0.01400143,-0.019773563,-0.010833441,-0.003313745,-0.004631549,0.04825055,-0.019983765,0.013601079,-0.00080747047,-0.009626077,0.021076167,0.059567254,0.062630326,-0.011690154,-0.0024266955,-0.0030191373,-0.037532628,-0.0022657285,0.014207592,-0.014012872,0.04555408,-0.01700353,-0.029553235,0.059186127
-0.071162745,-0.012458123,-0.021447264,0.040009446,-0.054950543,-0.056472916,0.014397581,-0.0591579,-0.026868215,0.054834474,0.009437604,0.026390633,0.05228731,-0.023770843,-0.014396556,0.018952811,0.05621606,-0.016777536,-0.027858648,-0.04576651,0.047395468,0.029443322,0.009368148,0.04764662,-0.02014252,0.042430393,0.073308274,0.019144526,-0.031805653,0.048154686,0.0143651515,-0.050127808,-0.013169936,0.048402585,-0.01079231,0.0073014325,-0.06748814,-0.0663887,0.013777552,-0.0632196,0.018481346,0.054516114,0.026202917,0.024038024
-0.056263648,-0.06533397,-0.05575419,-0.059859183,-0.06164852,-0.046274304,-0.031948563,-0.049610864,-0.076993726,-0.021239795,-0.061007902,-0.06233108,-0.056576706,-0.048294,-0.05187916,0.054033395,-0.059255704,-0.050886348,-0.06918694,-0.039868962,-0.08843378,-0.0010816283,-0.06157457,-0.049893867,-0.0023991703,-0.05767898,0.011923364,-0.03220552,-0.06409965,-0.027602399,-0.05245447,-0.064209014,-0.018117372,-0.07321892,-0.064168975,-0.05414084,-0.041875888,-0.071863435,-0.068792604,-0.062120985,-0.059661057,-0.0449069,0.029838657,-0.052559733
0.037553202,0.016499445,-0.036478348,-0.022456314,0.010212338,0.04691292,-0.025214048,0.034355845,-0.050726715,0.0076508294,-0.010995707,-0.026572801,-0.06352337,-0.041789148,-0.062025476,-0.021110874,-0.05126441,-0.009062721,-0.028677398,-0.06292522,-0.040756613,-0.058973465,-0.040671337,-0.05155007,0.005968809,-0.028527386,-0.046572387,-0.008076226,0.06264248,-0.067875035,-0.004771336,-0.0105807455,-0.027224977,-0.030333154,-0.056952138,-0.051647816,-0.009648635,0.015942307,-0.07358337,-0.018323267,-0.02493875,-0.047011744,0.01912913,0.026925797
0.00024288495,0.025017435,-0.03895155,0.06863493,0.033692632,0.0015532403,-0.041565653,0.053211693,0.06978333,0.07576465,0.040294122,0.056828167,0.06436684,0.05580705,0.042190358,0.030368268,0.050880227,0.0473158,0.070502825,0.04414562,0.040264726,0.0580327,0.02369181,0.004601911,-0.029259598,0.059029672,0.064516224,0.057536732,0.023559531,0.058393437,0.03465076,0.04418284,0.020567195,0.07973329,0.029790258,0.04033038,0.039376,0.026136799,0.07906311,-0.017053833,-0.00855842,0.017102854,0.014907051,0.053894695
0.02152008,0.07411793,0.029627355,0.05965235,0.03713859,-0.005858125,-0.011734533,0.003896248,-0.08345106,0.056786355,0.008967741,0.012607022,0.030497154,-0.074687,0.028764347,-0.0024624404,-0.000793828,-0.04591948,-0.044081677,-0.017166968,0.016250163,0.036436345,-0.05354989,-0.00017668922,-0.0028939466,0.018510468,0.04234567,-0.02371504,-0.023614155,-0.010012569,0.07107182,0.049906135,0.04176532,0.01787272,0.061358422,0.042625975,-0.051585544,0.077173166,0.017436186,0.07335347,0.013531339,0.07398148,0.022487175,0.043676585
0.07469658,-0.027468173,0.04892968,0.05655279,0.016898114,0.058307238,0.039010536,0.034724697,0.06260718,0.046454534,0.0003308871,-0.0454261,0.06480502,0.050490882,0.056383885,-0.020370625,0.026212502,0.033530258,0.0755911,0.0736277,0.018082796,-0.016173562,-0.01813858,0.017103663,0.03540907,0.05882625,0.04082313,0.063400626,0.04842963,0.04720508,-0.00041853247,0.054125745,0.04608831,0.034092635,0.058043882,0.0045952243,0.052412968,0.03573621,-0.00395037,0.04849017,0.03054416,0.038815442,0.0582147,0.056219704
0.030342048,0.03658345,-0.07728329,0.05161716,0.033744942,0.013353921,-0.07820365,0.07472171,-0.03890067,0.0130583765,-0.08113093,0.004628587,0.024536889,-0.05479139,-0.00458545,0.032272004,-0.0069289873,0.04306645,0.013350542,0.008445302,0.05685367,-0.01118061,0.006550506,0.042374164,0.018696375,-0.05048833,-0.06456831,-0.027901096,0.030414881,-0.039323788,-0.05064599,0.07309418,-0.043696348,-0.0346254,-0.032296866,0.05111807,-0.052750796,0.020148084,0.02209448,-0.023595735,-0.0070381034,-0.067586035,0.025023025,0.020202134
0.0058882507,0.04063881,0.019175995,0.0015897256,0.0037457766,0.029084781,0.028747592,0.041437365,0.012892619,0.006338292,0.020179309,-0.045971923,-0.0024013182,-0.03803337,0.009550139,0.012676303,0.02677301,0.046660215,0.02018681,-0.061429136,-0.03561723,-0.00822752,-0.024498684,-0.04202904,-0.01080733,0.008070821,0.017583918,0.040076107,0.012915744,-0.015795557,-0.015895337,0.011396885,-0.00045967614,-0.0049411827,-0.0094167255,-0.03691542,-0.004506978,-0.021040216,0.03628722,-0.038120344,0.00426487,0.0117596155,-0.002726298,0.033311278
0.035715915,0.039560013,-0.039524227,0.040449593,0.009566288,0.0068838834,-0.0030742127,0.07049482,0.066152476,0.04171761,0.009841269,0.07840336,0.050009683,0.037353985,0.014504854,-0.0103907315,0.0677048,0.046590496,0.040635146,0.02642243,0.08537126,-0.0024074055,-0.0011859917,0.003706523,0.053699043,-0.018786555,0.05431133,0.012741296,0.026539529,-0.03113646,-0.01593821,0.011004116,-0.023180448,0.03822215,0.005846998,0.040534507,0.064939745,-0.02589789,0.018760905,0.04001802,0.06337577,0.030218815,0.06086028,0.041589398
-0.061270807,-0.04650634,-0.037841294,-0.0149330245,-0.06491768,-0.045122582,-0.048701208,-0.014724307,-0.056396186,-0.018962227,-0.045717973,0.0025561096,-0.012604399,-0.025369346,0.0060026334,-0.06570607,-0.053142216,-0.058071498,-0.080372415,-0.061476164,-0.05785534,-0.009356727,-0.054094553,-0.041268792,-0.039410062,-0.01915963,-0.033112552,-0.041747265,0.030851386,-0.019287592,-0.0315747,-0.057585128,-0.018444244,-0.058607362,-0.035643272,-0.032446805,0.0038529502,-0.025601678,-0.073384404,-0.008119028,-0.05007763,-0.048776787,-0.02736144,-0.017892823
-0.059940547,-0.04531154,-0.04250672,-0.053109303,-0.042067535,-0.048108954,0.0009785177,-0.064402066,-0.066645846,0.033542357,-0.059816983,-0.045971654,-0.065119326,0.02966782,-0.077066004,0.027475832,-0.072020926,-0.028900424,-0.045182902,0.0015570576,-0.08397114,0.037448462,0.02262796,-0.012857044,-0.0014017617,-0.053301968,-0.03684169,-0.066048615,-0.068980746,-0.029019037,-0.053514875,-0.05519793,-0.05750544,-0.05585612,-0.017966447,-0.07094887,-0.03532277,0.009000717,-0.026953604,0.0022843005,0.0347624,-0.05161026,0.041529164,-0.06459409
-0.040028505,-0.024594298,0.05521163,-0.016250504,-0.0030451904,0.07128307,0.026749723,-0.05322881,0.05493289,0.005883678,-0.029459966,-0.011087244,-0.015780972,0.005837358,0.039110478,0.00066773687,0.015598312,-0.01497588,-0.0059969886,0.021005692,0.033239976,0.03389418,0.037906542,-0.0062155463,0.07647133,0.031877693,0.022783596,-0.025428863,-0.00906452,0.037140127,-0.035290807,0.036393635,-0.030428205,-0.04900743,-0.009755261,0.021102417,0.036106177,-0.06911098,-0.008811722,-0.04704008,0.06794056,0.04523564,0.076426305,-0.0652998
-0.010366632,-0.04493166,-0.0034657642,0.05127954,-0.015544304,-0.08333651,0.024986336,-0.07621271,0.0578192,0.04938725,-0.010426466,-0.0348426,0.06010634,0.014800309,0.05408875,-0.08876391,-0.061311156,-0.0055118133,-0.014976148,0.06684054,-0.06006007,0.053220827,-0.008364797,-0.01026949,-0.0761198,-0.050673086,-0.009182526,-0.015547073,0.015839469,0.034255877,0.017700378,0.026560144,0.07355406,0.015662024,0.06640994,-0.0008756126,0.06233253,-0.055790294,-0.035682157,0.0743153,-0.07292791,0.00060825783,-0.03011637,-0.0038668239
-0.03154427,0.027234707,0.030868085,0.052310456,0.029170457,-0.044988565,0.02423805,0.010534275,0.02906499,0.0003289578,0.030744372,0.032667797,0.07529131,-0.019251041,0.038619343,0.03695201,0.06956982,0.0562619,0.044393577,-0.044016648,0.06396154,-0.045230515,-0.05315364,-0.0127609195,-0.02801732,0.016236637,0.017621825,0.031761166,-0.04075501,-0.0070825135,0.020833641,0.04576779,0.051687036,-0.0011902421,0.029750798,0.059777178,-0.010748656,0.004809572,0.065118305,-0.022474177,0.061160218,0.010173628,-0.024737913,0.03115105
-0.020612195,0.040723678,0.07790483,0.060610425,0.007904228,0.06244755,0.0107381465,0.042177428,-0.0012222665,-0.083441414,0.06035748,0.035117142,0.053988613,-0.05289909,0.055765063,0.062222797,-0.006635134,0.021660335,0.024187867,0.035227176,-0.015699873,0.020570824,-0.06390588,0.027347166,-0.013680847,-0.047123816,-0.06822925,0.034112815,-0.02100398,-0.018095693,-0.0362749,-0.059010543,-0.05382533,0.06634203,-0.07609065,-0.06264371,-0.034249477,-0.014758729,-0.053499416,-0.019838534,-0.0757654,-0.06514893,0.047450118,-0.083793245
0.0506396,0.05603709,-0.06025237,0.057564232,-0.03754562,0.039909475,0.046448648,-0.013260162,0.008349804,0.057697006,-0.06382945,-0.023785153,0.040990833,-0.008441194,-0.07226302,-0.007952992,-0.009851576,-0.055063337,0.0044929627,-0.0029930447,0.031997148,0.011718009,0.05438648,-0.012779673,-0.006844046,-0.0021270502,-0.016127145,-0.02024633,-0.036259912,-0.04249476,-0.074713096,0.028609913,0.025484629,-0.06422168,-0.010075101,-0.0723114,-0.050352216,-0.0061454275,-0.05619733,-0.015786506,-0.0014073837,-0.024292326,-0.01646697,-0.022078259
0.07253794,0.0716647,0.028014375,0.031421736,0.04662186,0.045467786,0.045578454,-0.007874787,0.012713305,-0.006125401,0.06627736,0.061146833,0.010287603,0.059316207,0.009311596,-0.047350183,0.07566907,0.0039306707,0.055340067,0.0068094595,0.03944242,0.082082205,0.00019149791,-0.036050454,0.06399188,0.061512996,0.040002715,0.045475967,0.03449492,0.06571397,0.06972077,0.04691232,0.027713869,-0.050708473,0.07417354,-0.007132403,0.047988214,0.06180731,0.05572318,0.01699216,-0.016007867,0.037949122,0.067044504,0.036222357
0.07568717,0.02894595,0.020028701,-0.007632364,0.07626549,0.05330914,0.05882172,0.04815042,0.07376587,-0.036465336,0.016719565,-0.007847246,-0.019502664,0.07666381,0.07311457,0.076293945,0.017819606,0.042371828,-0.020696035,-0.039571818,0.06587885,0.053306308,0.0654525,0.057312176,0.041189343,0.041723814,-0.012954312,0.057564072,0.029288037,0.029919935,0.06564963,0.05291123,0.054832406,0.0053158626,0.06824509,0.077419564,0.07110877,0.04112518,0.07765646,0.026813848,0.06398482,0.0422033,0.028183647,0.06277604
-0.0008600171,-0.03141035,0.01755552,-0.019959386,-0.016207665,0.0021287731,-0.03789779,0.043750193,-0.062501654,-0.028505659,0.024971718,0.0018720105,-0.02935361,-0.059278056,-0.024444994,-0.05918028,-0.03397408,-0.001505789,0.04400274,0.004109902,-0.048653245,0.041279342,-0.040451195,-0.009440749,-0.039679836,0.036258426,0.017176462,0.06362184,-0.003205874,-0.067182295,-0.005730882,-0.022357363,0.044592112,0.04353777,-0.04070623,0.017297547,-0.00905077,0.009393074,-0.04400295,-0.020900568,-0.0507164,0.020833233,-0.032662258,-0.026349721
-0.043324888,0.022932943,-0.030436782,0.058556415,-0.059842393,0.010288824,-0.038508166,-0.046307765,0.07595998,-0.028435996,0.055291735,0.07909063,-0.009537953,-0.001690376,-0.027844617,-0.01425979,-0.06620561,-0.054356795,0.024211243,-0.059952177,0.044143375,-0.08396968,-0.0569711,-0.07210336,-0.040941097,-0.047014777,-0.043291204,-0.076510385,-0.044689935,0.045029327,0.032128204,-0.073149815,-0.055758394,-0.07497007,-0.059895452,-0.011979029,0.0055882954,0.014068564,0.028836764,-0.021799581,0.031008856,0.060700495,0.07137753,-0.07279122
-0.05262248,-0.06433768,-0.02877449,-0.04073994,0.008131123,-0.08085722,-0.05713447,-0.04830714,-0.07845518,-0.075821824,-0.039466355,-0.015663086,0.0047746086,-0.07574919,-0.0072760847,0.0030100856,-0.042115953,-0.014417272,-0.019513747,0.0097885365,-0.060284887,0.076278105,0.0168566,0.021111155,-0.07377054,-0.00391744,0.07094786,-0.051302414,-0.0032114682,-0.072246596,-0.017411107,0.023669725,0.03159986,0.04645057,-0.07443569,-0.042780053,-0.0649964,-0.046139605,-0.07238493,-0.016821679,-0.06460278,-0.0412517,-0.059561353,-0.078477725
0.025235062,0.0017032865,0.021012818,0.033045273,-0.0077105635,0.07047898,-0.05914951,0.07448742,-0.044155333,0.07817657,0.044115044,0.06486632,-0.022115072,-0.06056505,0.07105005,-0.009603717,0.04091327,-0.022502584,0.016812641,-0.01809064,0.0011836765,-0.019859005,-0.038044434,0.06022678,0.04514651,0.057710983,-0.010198434,0.081667654,-0.046034582,-0.059839394,-0.009143473,-0.048301037,0.009670868,0.065721996,-0.06163824,0.016941005,-0.07386375,-0.019760473,-0.028442126,-0.04303875,-0.010843739,0.07772592,0.0690861,0.033146236
-0.008734245,0.06671417,0.021225965,0.026252994,0.0436869,0.0066909925,0.06961409,0.041870214,0.048697915,0.06766239,0.036855135,0.05462205,-0.01151771,0.04574377,0.054098092,0.094963916,0.059842195,0.053755313,0.014168616,0.025411865,0.08978596,0.072485566,0.049568586,0.07391451,0.045090962,0.06622817,0.045745745,-0.017788945,0.02839369,0.0364764,0.04919511,0.07858648,-0.035975587,-0.018878903,0.030860832,0.05545781,0.0545531,0.045636173,0.07298654,0.06180557,0.07091414,0.015596191,0.036355034,0.03924375
0.027655616,0.025304059,0.0582641,0.029722078,-0.044584703,0.022189667,-0.03356763,-0.0535227,-0.037065554,0.020252623,-0.021086965,-0.024046848,0.027784817,-0.07614677,-0.0034776076,-0.06517277,0.03027365,-0.00044282826,0.019815324,-0.039806828,0.02030926,-0.0017605496,-0.057397597,-0.063962325,0.029944375,0.024881652,0.029118797,-0.018473554,0.041252512,0.01450421,-0.050633762,0.010746134,0.01662995,0.01979921,-0.004928163,-0.026282188,-0.018189406,0.050017945,0.014503842,0.042873114,-0.061127726,-0.073354185,0.030450618,-0.04053773
0.01959011,0.0076116747,0.0122123575,-0.020800278,-0.0091709085,0.057926185,0.046100527,-0.051839195,0.018697754,0.008977285,0.03478743,0.017752413,-0.042171616,-0.012334403,0.055378854,0.030401742,-0.03936288,0.07717656,0.08253987,0.081583284,-2.4818086e-05,0.06650138,0.019105846,-0.020775842,0.04581819,0.024780674,0.024483662,0.05002396,0.080562904,0.043840818,0.061439626,0.060931966,0.035001095,-0.020112632,0.07753292,-0.03953422,0.025952667,0.0028441413,0.043576743,0.018765794,0.04495253,0.026496308,0.00488494,0.033219747
-0.08819819,-0.059054617,-0.026248584,-0.06475048,-0.05977217,-0.06819741,-0.060532812,-0.056732077,-0.0463565,-0.06760538,-0.062756255,-0.07835734,-0.064118534,0.0036175996,-0.06851483,-0.06688589,-0.05928974,-0.06320725,-0.067565605,-0.052819964,-0.07379386,-0.06391798,-0.030899633,-0.051540285,-0.064510696,-0.053691152,-0.031098142,-0.076543815,-0.032088142,-0.007423426,-0.054408483,-0.045710906,-0.057555865,-0.07058944,-0.06447362,-0.07240389,-0.035991322,-0.05891486,-0.083971165,-0.017755343,-0.07204059,-0.022222262,-0.034202226,-0.059948083
0.020044971,0.024194097,0.014140951,0.023444146,-0.0029921457,0.0516062,0.035756297,0.023096357,0.004132646,0.06504378,0.017366119,0.042276427,0.023295145,0.00012802334,0.052948363,0.064790264,0.048437253,0.061766542,0.052134894,0.032477174,0.025244107,-0.007863835,0.031824842,-0.029345455,0.042395566,0.0015201035,-0.025693936,0.015479734,0.013687638,-0.0036418599,0.053140678,-0.038736973,-0.058310628,0.018048957,0.019041965,0.017622912,0.05467722,-0.016280316,0.043372817,-0.016678505,0.027879668,0.064904965,-0.047618717,0.006959312
0.022682369,0.028383797,0.06217257,0.04648705,0.031725526,0.022942055,0.057369877,0.038793307,0.051302142,0.048522417,0.05391016,0.0048194597,0.026448961,0.029016348,0.05071977,0.038601607,0.025952183,0.03128778,0.033572633,0.05244831,0.0059369253,0.024138737,0.025202077,0.02441426,0.048360873,0.010411544,0.061011106,0.012238666,0.041576505,0.026207015,0.04656894,0.0255651,0.038387507,0.023057047,0.050123885,-0.0037341516,0.06471094,0.016477043,-0.00049517275,0.045225844,0.05148643,0.053199217,0.066941895,0.015115509
0.034943283,0.02068473,0.063453384,-0.013966128,-0.07614568,-0.021086205,-0.0279487,0.069889575,0.062662385,0.04478646,0.03124138,0.05981749,-0.007892715,0.02427358,0.04160494,-0.030710319,0.07237249,-0.040240455,0.07841044,0.076766536,-0.022174876,0.06390711,-0.051387757,0.032030437,-0.07566335,0.077973515,0.07469522,-0.053486798,0.036031265,0.043069955,0.055468593,0.04570064,0.007252943,0.03652284,0.05468811,-0.065754294,0.020814547,-0.060194146,-0.020200504,0.06553591,-0.08256501,0.012228175,-0.07439628,-0.010657605
-0.007359005,0.027307067,0.01383401,-0.018520063,0.07014024,-0.051985078,0.050390303,-0.04360829,-0.03377731,-0.048050664,0.057056144,0.022874754,-0.0347025,-0.0062941466,-0.02857301,0.053712964,-0.025817236,0.06930926,0.031017253,-0.024836991,0.05202256,0.025689736,0.05944919,0.056118388,0.009384423,0.00092152314,0.05808574,-0.009727827,0.044916745,-0.045169815,0.04755162,0.013160475,-0.079779476,0.0070732106,0.011432524,-0.05890827,0.035415452,-0.042728636,0.08672201,-0.017540872,0.047506288,-0.05251076,0.04386037,-0.0023643957
-0.020473482,-0.051552787,-0.043490678,-0.055376623,-0.045245677,-0.013674446,-0.03025441,-0.052788332,-0.05313106,0.011808088,-0.060273003,-0.009791502,-0.015289747,-0.057475336,-0.059542365,0.004451779,-0.05193326,-0.033516522,-0.07004479,-0.05680034,-0.06480829,-0.033540748,-0.040175725,-0.021869134,-0.07172866,-0.07250973,-0.070353135,-0.051746015,-0.058823776,-0.07056734,-0.05194306,-0.060284734,-0.064673886,-0.066669784,-0.048248213,-0.05054498,-0.055929624,-0.053696696,-0.061826654,-0.042887513,-0.05604093,-0.048546605,-0.06510909,-0.064990856
0.03342338,0.047402058,0.012472445,0.010251694,0.01727933,0.049068842,0.05998901,0.06311585,0.022027146,0.07915533,-0.038434837,0.06052142,-0.05551776,-0.06565055,0.024985388,0.055671263,0.02384663,-0.028213393,-0.028376443,0.07215307,0.05121631,0.07020481,0.07240149,0.07825838,0.055817783,-0.02484265,-0.0046441415,-0.05777196,-0.008957285,0.04760667,0.030076172,0.007389063,0.078755915,0.06729345,0.05334163,-0.029880079,0.06480127,0.022371333,0.0077603236,0.075437106,0.07089809,0.049696237,0.071338914,0.014717305
-0.097934484,-0.07828213,-0.07942112,-0.079132035,-0.07918365,-0.08860799,-0.083334394,-0.08128812,-0.050169684,0.07394384,-0.08484418,-0.08482408,-0.08209775,-0.08462297,-0.063865066,-0.076298,-0.078885145,-0.08463467,-0.08668239,-0.082704835,-0.07867346,-0.08586596,-0.07379861,-0.07940761,-0.077225134,-0.08216484,-0.07798043,-0.08811525,-0.08157429,-0.077079296,-0.07334608,-0.07502832,-0.08476584,-0.08766755,-0.07964614,-0.084966,-0.07527349,-0.08055502,-0.07091316,-0.07710775,-0.076887675,-0.042191032,-0.07785667,0.06603077
0.03024917,0.05520093,0.07827906,-0.021847658,0.000696116,-0.0018131008,0.009571821,-0.047328446,0.07839308,0.08157776,0.0660907,0.050308283,0.010345986,0.026301187,-0.043648135,0.016005896,0.040687717,0.07950133,0.06728168,0.035278045,-0.05705053,0.03445591,0.03455506,-0.026551299,-0.04814702,0.030214569,-0.031601347,0.04116926,0.07851128,-0.0051444196,0.018268608,-0.06195895,-0.038870763,0.0033211121,0.013211654,0.044395823,-0.04436366,0.025692418,-0.029570239,-0.06483704,-0.05653626,-0.065502614,-0.021789202,0.01934794
-0.009923513,-0.016707335,-0.024345675,-0.0028115236,-0.028042065,-0.03350541,0.011264038,-0.06910268,-0.02672818,-0.03085469,0.008217896,-0.019814888,-0.025187692,-0.058692407,-0.031436574,-0.03648329,-0.012696376,0.024216486,-0.005676307,-0.047364507,-0.004181113,-0.04616413,0.0038839933,-0.0563299,0.0071776775,0.05101557,0.0052203434,-0.019940833,-0.03943574,0.050636,-0.017137475,0.042252276,-0.032086328,-0.026377248,-0.037651893,-0.029383402,-0.013806992,0.027041527,-0.046382606,-0.029441958,-0.029684773,-0.04425733,-0.047985688,-0.040156815
0.024629984,0.030670883,0.07683745,0.06607267,-0.025008075,0.05295607,-0.024089275,0.026528923,0.044979405,0.0390325,-0.012293545,0.03329592,0.056390002,0.0744855,0.057771772,-0.020449806,0.057804294,0.052840453,0.042258307,0.027487202,0.03836201,0.085776076,-0.0018067382,0.06152797,-0.016355528,0.054962717,-0.050679978,-0.024713462,-0.013963858,0.03350754,0.07531298,0.06154652,0.05350441,-0.009979745,0.014930603,0.077917784,0.061300583,0.03269666,0.0050096684,-0.021068813,-0.0049201422,-0.02137515,0.022087358,-0.07785894
0.008158601,0.0119495,0.033431493,-0.057878725,-0.0591868,0.011540661,-0.0016860532,-0.0326268,0.045399252,-0.0612555,0.063889414,0.034512192,0.0140937185,0.027151043,-0.029101314,-0.07736152,0.03558452,-0.024063278,-0.04029743,-0.04230674,-0.04903226,-0.016452918,0.014197833,-0.076112516,-0.02355823,0.0027740537,-0.056281257,0.014529454,0.0753518,0.019127049,-0.03251074,-0.019694366,-0.05247333,-0.015214749,-0.035949104,-0.00085824693,0.030854633,-0.062927246,-0.07556229,-0.037814144,-0.045656737,-0.026043685,-0.0064261323,-0.074122675
-0.007329257,0.0053993147,-0.048125714,0.022373129,0.02168527,-0.0023416625,0.0065651718,0.035200816,0.023238486,-0.043121282,0.0071824584,0.0064970767,0.005133918,-0.010071399,0.0014753637,-0.006458914,-0.008879007,0.03243265,-0.005021284,0.016087538,0.03179383,-0.043040477,0.02054053,-0.032226823,0.008526234,-0.028329087,0.00197542,0.0009933411,-0.016078927,0.049280718,-0.033776816,-0.004548841,-0.009444,-0.036020286,-0.00010900688,-0.000639615,0.0048464746,0.0007684436,0.006691433,0.0008595879,0.01762267,0.05436257,0.012364299,-0.016880555
0.0057459543,0.048993777,0.0062025986,0.03763896,0.0581076,-0.038361896,0.06334212,0.040126815,0.06093267,0.00036915808,0.070963755,0.07249831,0.049592566,0.010708096,0.042777307,0.043369614,0.0073010954,0.008128451,0.073173285,0.056485426,0.061807476,0.027594315,0.06389126,0.04489505,0.035289213,0.050307564,0.06290103,0.008718596,0.034871545,0.019734245,-0.011234433,0.06180779,0.040738318,0.05901145,-0.013521292,0.05098777,0.0062055127,0.041601587,0.02073333,0.050586935,0.048923057,0.04619914,0.008542446,-0.0071805543
-0.05267593,-0.023111196,-0.01659468,-0.06661655,-0.060631305,-0.06212764,-0.0732783,-0.08207019,-0.044843715,0.010679316,-0.07367489,0.017483706,-0.07164924,0.0030604613,-0.050414015,-0.03411842,-0.06500921,-0.007975879,-0.03286621,-0.06610783,0.030996053,-0.077078424,-0.07189533,-0.049972754,-0.07632612,-0.03385145,0.05320911,-0.08340781,-0.072398365,-0.07378113,-0.056141958,-0.04596957,-0.08038066,-0.05635674,-0.07157429,-0.07406446,-0.07423043,-0.07708239,0.0015705618,-0.067790665,-0.040417377,-0.06326417,-0.076714516,-0.061308395
-0.007947722,0.063774295,0.073248334,-0.01666349,-0.008572024,0.022916434,0.07621667,-0.046006557,-0.003129531,0.0058285035,0.041670576,0.03659666,-0.045763806,-0.004772549,0.035188273,0.066403285,0.01637295,-0.0059001124,0.06474168,0.008542924,0.04966519,-0.032367233,0.018495398,-0.008819222,-0.0035646798,0.019311957,0.06251455,-0.043094635,-0.022873847,0.041897062,-0.027257012,0.046667196,0.040844772,0.026043817,0.054055404,0.040818643,-0.0003174722,-0.043352745,0.055394135,0.0073119164,0.04516929,0.051275313,-0.021275781,-0.041731313
-0.05598315,-0.031130638,-0.011737819,-0.0031722046,-0.043058768,-0.025875477,-0.06475531,-0.066353284,-0.033069607,-0.0574061,0.01567946,-0.059166633,-0.022431029,-0.03453051,-0.032830294,-0.05498213,0.04795743,-0.024195278,-0.065309204,-0.04122417,0.0122361155,0.029147023,-0.012289258,0.014015475,0.003938991,-0.05722662,-0.006637544,-0.063567445,-0.0043793856,-0.058646433,-0.001900469,-0.050367128,-0.036013987,-0.004695022,-0.035544798,-0.013379207,0.021018349,-0.075776726,-0.040591877,-0.070485555,-0.051632635,-0.051655825,-0.03224822,-0.067317225
0.03935429,0.014182864,-0.047438513,0.042379215,0.045386814,0.036742896,0.0411553,0.00036432012,0.031140283,-0.0017112675,0.04264323,-0.016158508,0.044984832,0.053421255,0.010248608,0.04575712,-0.0011651864,0.033263512,0.04905057,0.017665133,0.037801772,0.003141774,0.06689238,0.017816374,-0.042765904,-0.011098277,-0.027641369,0.05880961,0.0481982,0.03118677,-0.016470883,0.008959151,0.025703084,0.006512686,0.031670228,0.07359992,0.025084399,0.012556664,0.06671187,-0.011532488,-0.021322122,0.061923627,-0.064524174,0.04051114
-0.03930982,0.008231563,-0.052638765,0.015779838,0.022999255,-0.02722527,-0.011039952,0.04871245,0.059853997,0.011979815,-0.06629458,0.02557516,0.022656053,-0.049697347,-0.045823053,-0.01531236,-0.0018097607,-0.018569298,-0.0054161325,-0.05985094,0.02909925,0.0036899725,0.06441294,0.034323845,0.043590173,-0.040950768,0.052437104,-0.0060380124,-0.045771815,0.0090946695,-0.04824003,-0.010303529,0.013858047,0.061839357,0.051856108,0.043566,-0.023266522,0.009577702,-0.033531595,0.06434229,0.0503196,0.032437783,0.0560574,-0.0107767945
-0.014733937,0.042246807,0.019322865,-0.020800669,0.009301331,-0.018708576,0.022102838,-0.0274777,-0.056774046,0.04617468,-0.0024117571,-0.02022236,-0.04923792,0.060169924,0.014386284,0.0072189476,0.07601538,0.020842401,0.023453718,0.023017488,0.04034062,0.028781524,0.0633199,0.073917665,0.018200114,-0.024259537,0.019116888,0.00996087,-0.042798422,-0.033377394,0.073513165,0.0012457105,0.047799595,0.02883058,0.051000766,-0.022945005,0.038492605,-0.043286394,-0.013469513,-0.017536616,0.06282159,-0.059188515,0.018759603,-0.040416863
-0.030675754,-0.01631615,-0.0664155,-0.06673348,-0.0443532,-0.0636124,-0.061648294,-0.021287533,0.035005953,-0.06660689,-0.059889447,-0.026242997,-0.021711111,0.06991916,-0.042825975,-0.017424187,0.059597705,-0.012059301,-0.005258999,-0.057381753,-0.010667186,-0.022633059,0.018484533,0.018109685,-0.031057639,-0.007645429,-0.058739275,-0.010203566,-0.034816574,-0.057455197,-0.019461216,-0.061718903,-0.06488597,-0.07300121,-0.045916475,-0.07065865,-0.06221672,-0.037673447,-0.02198201,-0.056536917,-0.043583818,0.031417925,-0.0033929003,-0.07568833
0.03202207,-0.040797137,-0.0062336875,0.01584007,0.051119775,0.057839412,0.0070003467,0.04599162,0.061133996,0.007429158,-0.009951908,0.036469605,-0.010009035,0.0017502549,-0.012962944,0.044693526,0.03595053,0.024918502,0.049550906,0.03497896,-0.028839983,0.036973648,0.05608708,0.043898843,0.014943373,0.04062977,-0.031886183,0.039611366,0.060392167,0.040239964,-0.043885928,0.06368114,0.080114804,0.015883075,-0.005672061,0.059146862,0.029655747,0.050685834,0.020536881,-0.0048186816,0.008707829,0.072929814,0.03725393,-0.0003690516
-0.09619708,-0.066096164,-0.073676676,-0.077450395,-0.078404404,-0.08763816,-0.08109273,-0.081450865,-0.084756665,-0.07771387,-0.07357093,-0.08274084,-0.08036652,-0.074775755,-0.07979584,-0.09404667,-0.07907606,-0.090056635,-0.08611066,-0.07712272,-0.098053955,-0.08152266,-0.070433445,-0.07399435,-0.07607425,-0.081661716,-0.0714152,-0.08647773,-0.07560417,-0.07485976,-0.08269012,-0.075995445,-0.083425485,-0.08409366,-0.077132,-0.081384815,-0.07007766,-0.077814855,-0.08716676,-0.07075378,-0.08244687,-0.0772094,-0.07424762,-0.082719944
-0.055187233,-0.009335744,0.063034356,-0.053611677,-0.05435301,0.06931089,0.033544768,-0.021371854,-0.03056716,0.06699076,-0.04000856,-0.05852107,-0.058311768,-0.02141949,-0.0004080172,0.030654531,0.032956507,-0.05261807,-0.03908915,-0.025257159,0.036590602,0.026534542,-0.03860728,0.004478706,0.04203975,-0.018127993,0.026367243,0.021346547,-0.05089686,-0.015393685,0.026728315,-0.043567218,0.017654823,0.03682184,0.05961788,0.0194925,0.014121636,0.046422407,-0.018137971,0.034530755,0.04406229,0.06051656,0.06403083,0.03373876
0.07131737,0.0055068093,0.021747364,0.04209235,0.050383974,0.028554238,0.017279118,0.053790007,0.04064376,-0.08100665,0.009228776,0.014503185,0.04926072,0.049866,-0.0069176625,0.01707647,0.01067373,0.05967795,0.053704504,0.03757615,0.05117784,0.067355365,-0.0073066116,0.041386716,0.04861975,0.01203272,0.0038277353,0.040550504,0.0028661785,0.025930835,0.03204914,0.066460766,-0.00034825824,0.036178436,-0.006863416,-0.040543463,0.014853317,0.040291212,0.06400752,-0.0004887683,-0.013293665,-0.006481319,0.013287674,-0.042202
-0.049711786,0.011326444,0.041860405,0.003343778,-0.07405753,0.03621353,-0.05341223,0.031189281,0.023281902,-0.025370173,-0.04171804,-0.0326466,-0.013065652,-0.009231445,-0.031130051,0.016617237,-0.0063786935,-0.026397474,0.03139071,0.01882196,-0.06588474,-0.06047722,0.03963323,-0.065994635,-0.0052033174,-0.07974315,-0.07751847,0.022415897,-0.00073245884,-0.0007111838,-0.0003827122,-0.07469323,-0.084401056,-0.039743546,-0.009892691,-0.058403276,-0.05750368,0.005196739,-0.06690136,0.02510069,-0.04922183,-0.062028535,0.037595104,-0.07980639
0.00693775,-0.073777944,-0.0736988,-0.06177338,0.0020371582,-0.031726193,-0.06943082,-0.014279974,-0.037652057,0.06501628,-0.03978669,0.044859808,-0.047913253,-0.023548696,-0.05203342,-0.06599008,-0.04057789,0.0057783807,0.012996332,-0.013254145,-0.032194085,-0.07267016,0.03378828,-0.042922594,0.058102325,-0.06320173,-0.06188715,0.021352345,0.025858687,-0.018688275,-0.0765442,-0.035919525,-0.021430109,-0.0232901,-0.058920633,-0.06645996,0.058013663,-0.021042263,-0.0179972,-0.038959436,0.023238735,-0.0734445,0.016286712,0.05700101
-0.041015904,-0.059463535,-0.021903643,0.0046905675,-0.048626777,0.0065981676,-0.04915347,-0.03468311,-0.032711163,-0.034748662,-0.07070955,-0.013623441,0.011227941,-0.0012478646,-0.060842127,-0.047565192,-0.053298652,-0.021396914,-0.040112942,0.01015088,-0.059338234,-0.066035725,-0.06304346,-0.06153048,0.0049178116,-0.07041479,-0.062226944,-0.028088398,-0.06261341,-0.0629992,-0.057850074,-0.0679839,0.014773552,-0.05549935,-0.035203397,-0.019609455,-0.038001895,-0.04950943,-0.052391514,-0.035477757,0.008333918,0.011635012,0.00073353393,-0.04476778
-0.0075437766,-0.06520019,-0.025646608,-0.01140178,0.0029315788,0.016158868,0.0145087065,-0.039334606,0.026688796,-0.018810557,-0.018657282,-0.057040315,-0.009870743,0.004665115,-0.03450287,-0.033422846,0.03558907,-0.038971562,-0.03950731,-0.009988092,0.0015786726,-0.029028079,-0.041547306,-0.05250439,-0.023007428,0.019524433,-0.060915004,-0.027101992,-0.010527346,0.044065505,-0.017711943,-0.06708924,-0.014427358,-0.031775426,-0.03560519,-0.022485442,-0.051015977,-0.05776023,-0.006747544,-0.054278705,-0.05662736,-0.02539881,-0.00020708077,0.022051696
0.05223538,-0.033816837,0.0010844095,0.02857258,0.032578975,0.074071996,0.042722084,0.032186646,0.041960344,-2.0469068e-05,0.01993143,-0.021183215,0.036004376,0.02386479,0.036399044,-0.03379777,0.047186453,0.012890282,0.035119206,-0.0120819565,0.030207172,0.035260025,0.06764877,0.06380578,0.058486264,-0.03896212,0.065288305,0.04446214,0.033938937,0.066224776,-0.010204114,-0.05587925,0.072331496,0.071584016,0.028983675,0.05947954,-0.008614591,0.02236426,0.016454034,0.07060433,0.052755784,0.013374083,0.045138452,0.00025705344
-0.0781266,-0.0101459725,-0.020983323,-0.033401597,-0.055175,-0.01153803,-0.047688555,-0.061322913,-0.022085072,-0.033748697,-0.076561935,-0.05995427,-0.039037537,-0.05429056,-0.062255763,-0.07952754,-0.033384085,-0.071362056,-0.05854861,-0.05525211,0.016599583,-0.06967189,-0.046666194,-0.0077888016,-0.027727433,-0.05361625,-0.011110557,-0.04827641,-0.07957036,-0.032601226,-0.06165678,-0.0795919,-0.07986937,-0.07425917,-0.013717353,-0.05272822,-0.07484156,-0.06520191,-0.025040876,-0.07603417,-0.032446697,-0.04165242,-0.058623433,-0.027963208
