,bacon,bagel,bread,breakfast,butter,cake,candy,cheese,chocolate,cookie,cotton candy,crackers,croissant,cupcake,dough,egg,eggrolls,hamburger,honey,ketchup,mustard,pie,pizza,popcorn,pretzel,rice,salad,sandwich,soup,spaghetti,steak,sugar,sushi,syrup,tea bag,waffle,wine,biscuits,shrimp
food,0.37433433011821626,0.3248148796847089,0.5378339039532227,0.5113830095019531,0.36774140350090867,0.48231240023015154,0.462502023817724,0.48352245877309974,0.4199039181568124,0.3836242671998067,0.33927236568437014,0.3972893711359131,0.25106011340821754,0.31730966924353554,0.44888403741660377,0.42908179752491127,0.48168182906248436,0.434740873378447,0.32538075319746285,0.2741393832002115,0.2564048034232288,0.4557354199724878,0.5343693859772317,0.29739283858175325,0.34232399067415586,0.4583316346443429,0.4323142873682094,0.4448857774078433,0.45462949067709,0.3653373195558024,0.46853606341917686,0.35968375744246606,0.41753376781284923,0.29954806610785645,0.31718573841823394,0.22777063825042287,0.4121602479067342,0.46608635807922594,0.37910333527223683
