Types of People,baby,boy,bride,captain,cheerleaders,choir,clown,cowboy,dentist,doctor,farmer,fisherman,girl,judge,mailman,man,nun,nurse,painter,pilgrim,pilot,priest,sailor,teacher,twins,waiter,waitress
-0.06784743,-0.05991139,-0.0386676,9.181638e-05,-0.027847806,0.01252813,0.000609495,-0.010467314,-0.026422758,-0.03493502,-0.07191694,0.05899949,0.005431816,-0.032589015,-0.059948023,-0.04028171,-0.016678378,0.019357372,-0.006404465,-0.016359594,0.006480877,-0.013189014,-0.011766523,-0.006763239,-0.031633075,-0.023115756,-0.04025594,-0.024951998
-0.05567474,-0.02200179,-0.011797174,0.0066283355,0.009291392,0.043379236,-0.009991922,0.02847655,0.005386045,-0.035563834,-0.031731553,-0.055176552,0.01070538,-0.029620092,-0.069694884,-0.014399547,-0.056039874,-0.019481426,-0.00076431374,0.02271506,-0.016803863,0.0069947694,-0.015262225,0.034082286,0.018472584,-0.043399848,-0.022213805,0.023854733
-0.041801494,-0.04027765,-0.004090273,0.03228015,-0.0072106216,-0.042463943,0.08936149,0.05577741,0.0020256774,0.055919327,0.017909622,0.037255093,0.061477527,0.04402315,-0.015124147,-0.04272225,0.031642232,-0.005439202,-0.00314581,0.08302553,0.04924665,0.08274354,0.06237273,-0.020212,0.06361439,-0.05601019,0.018181685,0.047106262
0.023876835,0.076975726,0.07982274,0.03617569,0.014554306,-0.017114526,0.04831798,0.056969713,-0.025615862,0.016184704,0.036897875,0.012410878,-0.0024389627,0.04853624,-0.010530868,0.0011412515,0.05674683,0.0069936058,-0.028859038,0.0285915,-0.028291428,0.029097985,0.027026057,-0.012548105,0.019744953,-0.0074392753,0.03123315,-0.04441357
-0.020858737,-0.055125132,-0.073807456,0.050401594,-0.0015140233,0.022383835,0.049322143,-0.04985475,0.03717246,0.01198809,0.022904394,-0.023301506,-0.010886633,-0.050812695,-0.053781416,0.014806687,-0.043434087,0.009582735,-0.020253912,-0.012718997,0.06446199,0.04581206,-0.03874977,0.0074124765,-0.055935472,0.055316094,0.014655365,0.013583646
0.047516003,0.077976815,0.07721651,0.028901441,0.065244086,0.02411123,0.021160817,-0.07429214,-0.005680123,0.00042021836,0.03558083,0.023502933,0.055879142,0.063659616,0.049980007,0.028086977,0.061378557,0.008046884,0.044433024,0.018644417,-0.05190943,-0.012592314,0.0057175495,0.003983811,0.08504193,-0.01595674,0.025061034,0.023788221
0.016912337,-0.015256023,0.0058773467,-0.015241204,0.07422648,0.06565389,0.05628014,0.06904969,-0.01708427,0.021912634,-0.005061739,-0.010914188,0.0017128289,0.011005961,-0.023842197,-0.0189263,0.057127856,0.057877164,-0.04930356,-0.045005456,-0.019468151,0.026403476,0.06504338,0.022702897,-0.03019468,-0.056659818,0.008555976,0.004460536
-0.014595511,-0.025703803,-0.069353886,0.031036986,0.0028917468,0.027490327,-0.0023537755,0.009691116,-0.039824877,-0.056299027,-0.062318776,-0.0578821,-0.0170058,-0.027932864,0.011053978,-0.018587349,-0.039560776,-0.007400762,0.0054633515,-0.06237046,-0.03416888,-0.030789336,-0.004712002,-0.021333732,-0.008878263,-0.01883867,0.0019998818,-0.0041155275
-0.083606794,0.021603595,0.036051866,0.04007006,0.063127555,-0.075881,0.008562986,-0.003910808,-0.0015101855,-0.029321952,0.031627048,0.048644837,0.04915153,0.06975538,0.04480891,-0.0063466155,-0.0107446965,-0.050000772,0.029352045,0.060500283,0.013741011,0.018838745,0.022590784,0.014180566,0.064403184,-0.07952213,0.033735972,0.038139503
0.0511061,0.04656565,0.00512372,-0.008231179,-0.010859384,0.043729626,-0.030667493,-0.02189139,0.02029738,-0.05552454,-0.019971672,-0.060712203,-0.039682288,0.010490756,-0.051778674,-0.056969903,0.019152725,0.017481867,-0.05424631,-0.014761267,-0.009465075,-0.0790226,-0.02892514,-0.047593925,-0.062746584,0.055719566,-0.04821483,-0.04785709
0.029162351,0.034276586,0.0503757,0.008772649,0.059777346,-0.04008841,0.040982,0.0760296,0.029600805,0.08011634,0.094800144,0.06929952,0.06724732,0.035582468,-0.0151450215,-0.009617749,0.026179839,0.015227015,0.08914159,0.04521101,0.08010343,0.012857347,0.0756376,0.022560328,-0.0010900733,0.042063612,0.02523667,-0.008645922
-0.051678006,0.010882354,-0.043971937,-0.025505025,-0.050042953,0.0057926,-0.026146594,0.016450666,0.062785,-0.021198893,-0.01304469,0.07839093,-0.0293458,-0.011644747,0.051599428,-0.076788835,-0.029794106,0.0066525163,0.007729599,-0.027604243,-0.003058145,-0.054684043,-0.04012281,-0.061345417,-0.064531215,-0.07445576,-0.07220993,-0.069813475
0.08532648,-0.017762337,0.056079496,0.00013528531,0.01841421,-0.01688166,-0.015493991,0.035157554,0.0011480512,-0.008437369,0.013427935,-0.0026423333,0.018713664,0.05094288,-0.024301635,0.010483136,0.035074107,-0.026635073,-0.011991516,0.038695637,0.013295572,0.08145217,0.043020852,0.0120200515,-0.017381173,0.02929325,0.07585437,0.0577701
0.1005149,0.04035663,0.07662559,0.01668832,-0.0059023374,-0.055456944,-0.06482374,-0.03936678,0.0039635156,-0.055336207,-0.03406368,-0.06564219,-0.0742873,0.08163603,-0.034411583,-0.05578484,0.09382762,-0.029781967,-0.07896265,-0.05885917,-0.069880836,-0.050283022,-0.062299874,-0.05349469,-0.01853046,-0.025491972,-0.047616195,-0.050792344
0.018724123,-0.03033477,-0.03738289,0.052923933,-0.032108974,0.03443064,-0.04501629,0.004238153,0.029979642,-0.08093355,-0.008146558,-0.053387206,0.028595785,-0.039547645,-0.043834362,-0.021517318,-0.0493802,0.0331539,-0.040731706,0.06380571,-0.042044457,0.056032833,0.026848003,0.0594246,-0.03335525,0.0073731258,-0.091946214,-0.08592519
-0.043837532,-0.037070505,-0.07156319,-0.017504808,-0.070307225,-0.06823698,-0.067669116,-0.05372556,-0.026025994,-0.007652419,0.012433707,-0.036999464,-0.04842851,-0.083030745,-0.03164494,-0.020344289,-0.04597769,-0.08035106,-0.049715757,0.008827159,-0.065332085,0.011412431,-0.058614794,-0.02742815,-0.061753366,-0.051623914,-0.064779736,-0.065253094
0.008528257,-0.10408513,-0.01135954,0.0187665,0.028848067,0.06521578,-0.009513691,0.020510383,0.043956958,-0.07921291,-0.0953598,-0.04231414,-0.04000563,0.011671039,0.022080418,-0.03401895,-0.02638642,-0.054448687,-0.09002635,-0.057096183,0.00035418165,0.041514054,-0.07968844,-0.0048853736,-0.05858523,-0.082998335,-0.030821733,-0.010308771
-0.03161318,0.0049258503,0.034440428,-0.022282947,0.04216275,-0.039934482,-0.020599632,-0.028215189,0.06898786,-0.004607243,-0.0009309814,-0.015612364,-0.0155102685,0.01838494,0.07009169,0.06196654,0.025868913,0.06385141,-0.018666308,-0.010630448,0.069190554,0.06229077,0.034768306,0.08026502,-0.012700231,-0.0066731176,0.03787299,0.03923663
-0.02392899,0.011000799,0.0074507464,-0.004424955,-0.013282577,-8.616985e-06,0.029627016,-0.05708615,-0.03864289,-0.032138914,0.013078961,0.03657041,0.05994799,-0.025600271,-0.066588975,-0.03363542,-0.011087604,-0.017781863,-0.03975847,0.015467524,-0.021897048,0.07542611,-0.040630765,-0.016606238,0.03825755,0.05113919,0.024829654,-0.012668601
-0.036491815,0.032608096,-0.0722673,0.030103002,-0.014481146,-0.07622942,-0.07930297,0.018295014,0.027886624,-0.067584895,-0.023947276,-0.04408666,-0.0022043136,-0.062709734,0.058647916,0.029612562,-0.0023410057,-0.055681854,-0.052314624,-0.032832168,-0.005519735,-0.064215995,-0.078615494,0.0023146751,-0.08565158,-0.06607338,-0.03834168,-0.043053694
0.04865247,0.0025267678,0.02791313,0.024497736,-0.05566727,0.03464345,-0.07455728,0.0120275635,-0.0127763925,-0.014666049,0.010986556,0.011562001,0.058665887,0.018521747,-0.033157285,0.040768575,0.038261242,0.045394186,0.020768596,0.057119507,0.02891498,0.028764773,0.053307634,0.049403075,0.0022750916,0.0072787125,0.027224375,0.022033604
-0.013104748,0.02560842,0.031896617,0.03902872,0.049674418,0.028993422,0.0545107,0.0022227177,0.0278469,0.0782656,0.010124946,-0.03863394,-0.009534524,0.032903295,-0.012057691,0.074491724,0.024349913,0.044201113,0.0021830476,-0.03667787,-0.0032217442,0.0635487,0.00807926,0.027318807,0.012964448,-0.018663345,-0.0056072525,0.04147708
0.033242688,0.032941345,-0.040429793,0.08610339,-0.06414072,-0.070441306,0.002031208,-0.025570242,0.066895954,0.009502133,0.054608352,0.022942465,-0.032366455,-0.026891334,0.03052427,0.052066296,0.025595093,-0.05682568,0.0414019,0.015196088,0.012934507,-0.025102304,-0.022424528,-0.035728674,-0.0047373665,0.04506576,-0.05992675,-0.004181857
-0.019306459,0.05174719,-0.047447197,-0.012717565,0.06951189,-0.063632526,-0.048628848,-0.034869723,-0.016645223,0.020445978,0.08556141,-0.010302667,-0.07872752,-0.0007284972,0.04986392,0.027154326,0.0017347975,-0.07139924,-0.06411464,0.021987213,-0.06604773,0.049508035,-0.058391526,-0.0051160264,0.040587228,-0.059561122,0.029144641,0.018520761
0.0032816518,-0.036189154,-0.019176632,-0.007664904,0.0491526,-0.035690058,-0.0901489,0.005732956,-0.04057007,-0.079856806,0.0041549145,0.035560627,0.041750718,-0.024266021,-0.020780575,0.0081108445,-0.026188992,0.006584483,0.047270663,0.07606705,0.027256168,0.049311914,0.023290645,0.031117594,-0.011975688,0.05875938,0.009448934,0.03535351
0.012496226,0.004476453,-0.043487653,-0.0517178,0.054297607,-0.004290467,-0.0641823,-0.016193764,0.011268084,-0.019834805,-0.0064131566,0.071482465,0.045957707,0.0015379955,0.028245809,-0.039184313,-0.025166942,-0.08129621,0.072721966,-0.008937632,-0.008064297,0.001754105,-0.085770115,0.0058108773,-0.023722649,0.01118308,-0.022346942,0.0056605525
-0.00076091045,-0.011141453,-0.005284556,0.0046082637,0.029821513,-0.07505772,0.027275551,0.044903744,0.03144837,-0.022698937,-0.05805856,-0.04585603,-0.05382179,0.008108625,-0.073520996,0.008565907,0.016785713,-0.03599763,-0.06779766,0.0012581832,-0.01353845,-0.0033410091,-0.061809693,0.05988655,-0.074155495,0.0062172743,-0.03445041,-0.05582033
-0.015870675,-0.032997563,-0.053911597,0.009203242,-0.049418207,-0.019479355,-0.034988854,-0.0111593325,-0.021812089,-0.0066820537,-0.0026647875,0.0077649094,-0.0236717,-0.06440392,-0.023423323,-0.0030341554,-0.063614085,0.05202033,0.047961183,-0.008789932,0.066537924,0.011942907,0.045872103,0.018701373,-0.06578732,0.07569752,-0.061211776,-0.035087015
0.06843343,0.03456763,0.05913263,0.068468936,0.038533147,-0.0030269157,0.042431664,0.0075943484,0.013052862,-0.0020560846,-0.0018093883,0.047450755,0.058614843,0.07231716,-0.055699337,0.030426515,0.054356977,0.03461081,0.050883375,-0.004235773,0.006130149,-0.014633274,0.015526808,-0.028236143,0.06076575,-0.06490127,0.014246356,0.0051823165
-0.044008378,-0.019493802,0.008948831,0.008661652,0.034531422,0.053208254,0.06281423,-0.032696262,-0.05296456,-0.015786055,-0.08004195,0.012816606,-0.010410673,0.0028085655,-0.06364538,-0.0511937,0.00084803253,0.048959274,-0.019262265,0.035461754,0.057185173,-0.0475608,0.050841495,-0.023685511,-0.021867009,0.012329888,-0.019519089,-0.019959984
-0.031987417,-0.012784956,-0.013700007,0.04873963,0.040673994,0.010705227,0.036623113,0.049617115,0.06601553,-0.07526756,-0.073863596,0.03732734,0.01541162,-0.020516971,-0.05178116,-0.01727305,0.029048894,0.065821014,-0.017766679,-0.06835383,-0.0022548947,0.0614386,-0.07941359,0.032969072,-0.037643608,0.026531586,-0.019392652,0.0017596247
-0.05182241,-0.063020036,-0.023262562,0.002850699,0.0059455764,-0.0070904135,-0.030354623,-0.008489496,-0.02655942,0.080619484,0.095430896,-0.014312691,-0.032929834,-0.04083508,-0.0560451,0.039478656,-0.022068895,-0.045983136,0.08998873,0.00809105,0.049046334,-0.04685907,-0.007110228,-0.035244126,-0.0734797,-0.0068010096,-0.028752942,-0.07056691
-0.024127427,-0.034316123,0.027751675,-0.055632837,-0.03184198,0.0037494635,-0.05488422,-0.033839542,-0.058708895,-0.041781414,0.059026994,-0.05229545,-0.010501866,0.02370685,0.027670687,-0.04624022,0.0009803332,0.05560206,0.0047002886,0.04811969,-0.049004875,0.037749916,-0.02601259,0.0018686288,0.03243224,-0.07344259,0.06396741,0.076927245
-0.056864247,0.037161477,0.0609449,0.096116304,0.0732395,0.05955478,0.021501793,0.06434448,0.031637948,0.047087707,0.070722744,-0.029441146,-0.054529723,0.04098182,0.057275757,0.021928106,0.043998133,-0.03525469,0.014866143,0.05086888,0.055478606,0.08933578,0.06737901,-0.056268837,0.023601703,0.021969141,0.07889619,0.059122514
-0.05940985,0.026046814,0.010895206,0.06400315,0.05428793,-0.020661846,0.04032191,0.012759758,-0.075400345,-0.020585082,0.029532375,-0.0034832226,0.04420129,0.012961953,0.06750806,0.06330322,0.011841997,0.017273294,-0.030434303,-0.051905505,-0.015014074,0.017436393,-0.04021046,-0.004994805,-0.019691393,-0.037330396,0.0019044362,-0.041632522
0.03735314,0.02781784,0.06543287,0.057704996,-0.00249185,-0.0034352636,0.025813561,-0.059966795,0.029878963,-0.02246618,0.011824684,0.03164773,-0.038291343,0.06602419,0.07587696,0.07634866,0.0680905,-0.0072274767,0.037328936,-0.045122962,0.07256453,-0.0760293,0.029957375,-0.051263664,0.016485162,-0.0016994402,0.0679589,0.07380075
0.053152323,0.02844862,0.025239432,0.03481384,0.046774156,0.054777514,0.0134033235,0.06609571,0.06084766,0.044457547,-0.00094680453,-7.098172e-05,0.026625782,0.03284447,0.035382267,0.012851385,0.03351083,0.031321846,-0.007857411,0.017921489,0.011126683,0.014723312,0.04964682,-0.0041352953,0.018110739,-0.04859442,0.020450084,0.00094648404
-0.022045564,-0.028522007,0.025174808,-0.0017111714,-0.005924797,0.038709264,0.022665534,0.0038067217,-0.02228306,-0.01926543,0.042285264,-0.046428274,0.024671445,0.013870872,-0.021063188,-0.001943099,0.026008012,0.031091824,0.00015217479,-0.0750232,0.01047816,-0.029024908,-0.031052541,-0.065050304,-0.029480562,-0.015901627,-0.034515,0.0073618684
-0.025418205,0.007889141,0.034575175,-0.05128222,-0.018263306,0.05437318,0.015387332,0.020093659,0.069188945,-0.034759596,-0.039050873,0.07906765,0.050175596,0.06357943,0.084818095,-0.012675969,0.06437337,-0.02490734,-0.04049005,0.019413099,-0.029359667,0.066212505,-0.05241678,0.057498775,0.080894135,0.06165669,-0.005666354,0.030308008
0.011005537,0.051108345,-0.05955229,-0.01004072,-0.026638953,0.0366479,-0.07034699,0.006876407,-0.009914019,0.00019020365,-0.029043071,0.022098016,0.0052829543,0.020262098,-0.037823524,-0.023325289,-0.050000254,0.020280214,-0.04090361,0.05630657,-0.0020856229,0.05676397,-0.058470454,0.046872918,-0.027761035,0.014791266,-0.013433511,0.0035069536
-0.062608704,0.10200775,0.030664578,-0.072562695,-0.0067735044,-0.058716387,-0.046970442,0.07221954,0.043746736,-0.02871413,-0.00082032674,-0.0073348344,0.025928117,-0.004935145,-0.030565856,-0.018422205,0.0048279166,-0.014886718,0.025407877,-0.05151141,-0.055830017,-0.04881332,-0.012728786,0.069425985,-0.019037813,0.041942585,-0.06292862,-0.06919733
-0.0022839862,0.018173872,-0.02090871,0.01743018,-0.0016046872,-0.03417986,0.00096788455,-0.054816168,-0.019968731,-0.03296579,-0.043394204,-0.021257369,0.020672418,-0.0046513267,0.03389172,0.03195064,0.003901352,-0.012308928,0.01838916,-0.055522982,0.013863965,-0.02436401,0.016348192,-0.04284986,-0.036289904,0.008966059,0.001075883,-0.031236377
-0.00819243,-0.07638121,-0.023331432,-0.02880329,0.029130323,-0.02548382,0.06102142,-0.060386885,0.053975638,0.03214165,0.027238144,0.01058393,0.011127292,-0.037136506,0.009399827,0.00245581,-0.0047624004,0.00436477,-0.03424607,-0.023065237,-0.068615146,0.0545532,-0.018663023,0.043997034,0.015471049,0.017185232,0.044852618,0.047543738
-0.07095464,-0.05998287,-0.036407378,-0.07347955,-0.07914673,-0.057447307,-0.049589742,-0.009900804,-0.029383266,-0.032876436,-0.041069977,-0.07574492,-0.06913994,-0.06382716,-0.046075903,-0.06606586,-0.089494295,0.056344252,-0.061746363,-0.06408906,-0.05952999,-0.041225553,-0.015005619,-0.06695834,-0.06883188,-0.072359525,-0.08083437,-0.07710935
-0.028661689,-0.009589278,-0.025192136,-0.04306971,-0.034415264,-0.037002463,0.0030527434,-0.022562725,-0.07825701,0.05851836,0.053978756,-0.08649019,-0.08571707,0.040005527,-0.044201642,-0.05288869,-0.04869768,0.0039056719,0.040545225,-0.080082215,-0.07688158,-0.037273094,0.024143178,-0.027524149,0.042543467,-0.013701789,0.0020664502,-0.019226996
0.047233623,0.028975395,0.03936792,0.019830162,-0.010330041,-0.04456156,-0.07299559,-0.0117898015,0.07936175,0.045872465,0.018109752,0.05613077,-0.001584708,0.055240907,0.017145097,-0.038063064,0.009732891,-0.05247205,0.057498574,0.07336965,0.060592264,0.061386585,0.0096858265,0.0016406234,0.064997904,-0.08244294,-0.01610747,-0.0013538583
-0.0873993,0.032796502,0.025451778,0.0004282876,-0.050203513,-0.02128909,-0.04542486,-0.04021781,-1.1731639e-05,-0.06893919,-0.01325835,-0.027103549,-0.06768316,0.02434053,-0.047158986,-0.047384482,-0.07516237,-0.05350383,-0.017094117,-0.043402888,-0.06346566,-0.012288808,-0.034265995,0.012483796,-0.03108621,-0.0075541353,0.008044712,-0.027014166
0.016594287,0.014947516,0.02628725,0.038181305,-0.020785328,0.06361105,0.016057272,0.041397724,0.021023365,-0.017502122,0.016881745,0.043250084,0.06957725,-0.012960975,-0.068952166,-0.0131115,0.011375729,0.026331052,0.008774254,0.039902307,-0.033774815,0.044820752,-0.007177743,0.069781266,0.05835817,0.004150903,0.07915285,0.055633444
-0.04817076,-0.01967565,0.043177817,-0.05294381,-0.0031928986,-0.0019567756,0.024150483,0.048065055,-0.06103155,0.03272918,0.017037831,-0.057919633,0.054056346,0.026342202,-0.0657046,0.04982609,-0.017096218,0.031136416,0.01120496,0.041726407,-0.07046606,0.018285222,0.014257019,0.038806185,-0.04845944,0.048247635,-0.005099854,-0.020213908
-0.054509524,0.041561622,-0.012225819,0.052545767,0.008443269,0.05236739,0.003929589,0.012516835,0.03631664,-0.004676549,0.050415978,-0.03424185,-0.004637781,-0.00533658,-0.043649487,0.01617594,-0.028475313,0.013309878,-0.008858463,0.027369011,0.06925987,0.04023672,0.023813557,-0.011048064,-0.003736818,0.011289086,-0.049932286,-0.036028318
-0.03704724,0.022922577,-0.0022878498,-0.043923467,0.056568146,0.07661048,-0.027594203,0.06812973,0.077291876,-0.031165082,0.041584007,0.022363257,0.07388029,-0.034526333,-0.010932158,-0.033643734,0.026186798,0.02703778,-0.02140743,0.04062013,0.016759148,0.01185856,-0.0028777497,0.025735928,-0.05499543,0.05403038,-0.05502285,-0.029174047
0.098352574,-0.05603387,-0.034362514,0.020011567,-0.044541605,0.0038504833,-0.0295803,-0.061006166,-0.057305947,0.062090732,0.061662562,-0.008440027,0.062300373,-0.012441682,-0.03801626,-0.014167113,-0.03536474,0.024816189,0.02505937,0.026970388,0.02639693,-0.00037365514,0.032971602,0.031161813,0.05541064,-0.041819688,0.033071592,-0.0025356598
-0.009050681,0.08316044,0.056991056,0.08758063,0.073154576,0.04158302,0.06981217,0.08158952,0.06954555,0.071407065,0.0804266,0.073021345,0.07453555,0.06804218,0.057390228,0.07086184,0.09344012,0.06043758,0.07951287,0.043063473,0.077215955,0.08108453,0.081607014,0.07935935,0.071964115,0.060398586,0.04071453,0.053765018
0.0121201,0.078757085,0.081182726,0.070423774,0.048675913,0.019143417,0.060404867,0.053822786,0.053449083,0.0641798,0.052826673,-0.003852805,0.015563471,0.089140974,0.06992187,0.0018120406,0.09118643,0.050766516,0.03143738,-0.0011288375,0.016583959,0.046903953,0.011308078,0.036266964,0.037097484,0.006863658,0.027552593,-0.0067404304
-0.029154103,0.00304268,-0.030919049,0.012638895,-0.061900295,0.021562422,0.004694113,-0.022794323,0.052525263,-0.012771808,0.0007602976,0.06045494,0.009140749,-0.022331504,-0.012473776,0.032983106,-0.0041186265,0.0171742,0.06336318,0.084419385,-0.055663243,-0.018067405,0.047968697,-0.015576534,0.069300264,-0.037026383,-0.054504924,-0.057002183
-0.0051188236,-0.056025196,-0.058194105,-0.027926328,-0.04584455,-0.076508865,0.035883702,0.052588854,0.076172635,-0.014459788,-0.036416743,0.05686267,0.050608005,-0.06339941,0.0072783586,-0.049863506,-0.051873386,-0.028784124,-0.062083513,-0.074840926,-0.027069157,0.0392216,0.07950756,0.0043890295,-0.043764215,-0.015952434,-0.06609053,-0.06976563
0.055178277,-0.00043830296,-0.011995355,0.005564587,0.02747108,-0.027249044,0.029330095,0.029214887,-0.02322161,0.05100328,0.060020458,-0.051238198,-0.027348248,-0.009412417,-0.024210326,-0.016698191,-0.0398998,0.07253142,-0.0152573865,-0.052569065,-0.015711553,0.0052033807,0.021155072,0.01677746,-0.06547494,0.021399861,-0.0093832165,-0.05022783
0.0081495335,0.007591505,-0.035229445,-0.094196595,0.009306844,0.056697555,0.05757093,0.01751623,-0.065943554,-0.000912482,-0.0405554,-0.066549756,-0.009641075,-0.027038205,-0.07390045,-0.011070472,0.029909387,0.034719914,-0.032796275,-0.028120738,-0.08690904,-0.01982773,-0.053160843,-0.038581263,-0.0045053186,-0.07257276,-0.0038829143,-0.0036120166
0.088691555,-0.0022519256,0.014591166,0.074957564,0.040382907,0.06241898,0.017888824,0.028844185,0.05535889,0.06184083,-0.024884393,0.05157629,0.073249035,0.06436324,0.02410178,0.061758153,0.049329948,-0.014446732,0.06160885,0.07169407,0.03344833,0.071183644,0.025918672,0.031917013,0.038063258,0.017891893,0.006775819,0.071624175
-0.020868743,0.017428905,0.050852157,-0.07182296,0.01791942,0.02322918,-0.05815072,0.047958877,0.04072584,0.048190806,0.02698364,0.07211571,0.0002815922,0.04682421,0.044394594,0.058192678,0.03164571,-0.02926632,0.009024674,-0.058050204,0.058069818,-0.029165111,-0.040115763,-0.069648564,-0.017076991,0.046774156,-0.067825384,-0.051140174
-0.008091459,-0.02570282,0.099621296,-0.08320415,0.07148906,-0.07330247,-0.058499604,0.042746272,0.06881253,0.031884644,0.03335938,0.07289265,0.06195387,-0.075262114,0.027913557,0.076600425,0.10370295,-0.08552122,-0.07618819,0.057355724,-0.052296598,-0.015549523,0.053806096,0.03274929,-0.0060845674,-0.022820706,0.080953784,-0.080388665
0.016954156,-0.103489496,0.023120668,0.0068740332,0.027008286,-0.061326534,0.0073729632,-0.04316633,0.080008306,-0.073201336,-0.05006701,-0.027996473,0.013068221,0.023392366,-0.07093994,0.057809677,0.06633122,-0.0020301647,0.02132866,0.060081944,0.04064967,0.06474467,-0.010556851,0.04925788,-0.05317325,-0.083587915,-0.014150132,-0.00858797
-0.019071676,-0.09187292,-0.08230062,-0.08405985,-0.07443581,-0.043276165,0.031795394,-0.03924997,-0.013708423,-0.025943719,-0.042450897,-0.052984916,-0.03906698,-0.081957646,-0.044418685,-0.07456081,-0.04662687,-0.07424359,-0.06418273,-0.08087333,0.016785022,-0.03669718,-0.033477213,-0.06289702,-0.082247674,-0.066427305,-0.06670139,-0.037742328
0.01848499,0.06917547,0.03460914,0.040753163,0.058810864,0.03696517,0.04823667,0.04362926,0.036766846,0.033346944,-0.04508269,0.011020935,0.06157015,0.046738762,0.023228958,0.059194785,0.06635806,0.032394797,0.016160132,0.06632576,0.0427098,0.03881486,0.06562409,0.06629551,0.01392533,0.003385883,0.056251787,0.045582343
-0.038275708,0.0051752334,0.023202438,-0.062316008,-0.023185637,-0.0135435695,-0.03698882,-0.01850005,-0.049613595,-0.052613262,-0.07514475,-0.04575227,-0.055154573,0.013365262,-0.01118221,0.07015553,-0.02462404,0.012462903,-0.06977809,0.07243131,-0.0394246,-0.052252952,-0.0024020295,-0.06689018,-0.011598064,-0.03004704,-0.038624145,-0.075660124
-0.017419323,0.049172778,0.08443871,0.06570163,0.036344215,0.0041798227,0.03785958,0.047646742,0.050856657,0.05015703,0.006766058,0.0441535,0.036964174,0.0743861,0.06371547,0.016713431,0.068711825,-0.010577157,0.052893806,-0.010725459,0.04572052,0.06699171,0.06317835,0.043610863,0.054355167,0.028784225,0.023994066,0.0044839866
-0.046288803,-0.06920627,-0.06966471,-0.037186757,-0.0655488,0.022350866,-0.052444533,-0.043939147,-0.036434423,-0.074840985,-0.06406835,-0.06383409,-0.05594646,-0.06856984,-0.021116814,-0.04665326,-0.0369162,0.05735134,-0.059457187,-0.0737495,-0.015559974,-0.058773167,-0.042248003,-0.0650036,-0.04579821,-0.010397189,-0.07178131,-0.05345764
-0.011683462,-0.0061315405,0.018181035,-0.038072478,0.042581305,0.035669155,0.037942294,0.0096748015,-0.07455742,-0.017953303,-0.04646754,-0.06771569,0.020111198,0.0015136155,-0.0310423,-0.04789064,-0.028905526,0.08342264,0.038683534,-0.028121108,0.012865789,0.00678239,0.020424694,0.046423063,-0.028795809,-0.013395246,0.04883741,0.060300887
0.034149654,0.02212497,-0.023820123,0.06735694,0.07024839,0.075902514,0.0412484,0.07575382,0.0628363,0.030763697,-0.03853005,0.07619452,0.051432025,0.023535082,0.07472027,-0.023176266,0.047783144,0.025934476,0.0432583,0.02524649,-0.04725898,0.010485613,0.054555617,0.011734263,0.06995076,0.045460008,-0.0071313577,0.061948393
0.037719958,0.058746964,0.02393206,0.050138365,-0.0037531925,-0.049565613,0.05747871,0.027760945,0.0123189725,0.03587152,0.013228002,0.06047329,0.054962024,0.048039358,-0.022963163,0.073829144,0.03650075,0.06191711,0.022421977,0.028792482,-0.0022668485,0.041820984,0.047444306,0.06961302,0.029819192,0.0066360678,-0.024082843,-0.010385571
-0.060350515,0.016020902,-0.013125931,-0.024226232,-0.06772303,-0.06399097,-0.07277518,0.008189591,0.04322001,-0.04773074,-0.04660627,-0.021643866,-0.04648374,-0.026814124,-0.07190342,-0.06827236,-0.04521355,-0.08691866,-0.03780122,-0.051298846,-0.09492075,-0.044132307,-0.085494384,-0.04781223,-0.053018793,0.05164925,0.04384251,-0.0049072555
-0.007288811,-0.05343289,-0.011454728,0.027936678,0.01553873,-0.0027473695,-0.021445854,0.03520301,-0.03319015,-0.059697382,-0.05968043,-0.03233607,-0.025113638,-0.039544296,-0.016827174,-0.04871113,0.036119334,-0.027641896,-0.06301972,-0.0751973,-0.04324401,-0.011700114,-0.041469704,-0.035640847,-0.036373507,-0.04018322,-0.07190723,-0.07011762
-0.010815057,-0.058664087,0.017625755,-0.022488438,-0.016077707,-0.0069130934,-0.045350213,-0.053321335,-0.0048123277,-0.07779518,-0.07204161,-0.029238215,-0.009597111,-0.0026821261,0.05600554,-0.06568149,-0.06802564,0.03512077,-0.06684092,-0.045954984,-0.06258602,-0.06063056,-0.035749394,-0.04886563,-0.070067465,0.0038860799,0.03195662,0.028012943
0.04708946,-0.06089951,-0.060589746,0.0072204205,-0.0065827086,0.03673627,-0.01651007,0.0052303383,-0.0076368595,0.0054787016,-0.004773866,-0.037172504,-0.041094627,-0.030436616,-0.032598443,-0.023750488,-0.05480102,0.0016876768,-0.0017073886,-0.030896956,0.01432933,0.02765926,-0.059529226,-0.026803404,-0.056366447,-0.019402012,-0.041608084,-0.041758306
-0.03459608,0.024233766,0.010853932,0.01905292,0.026167003,-0.013848136,-0.0042329784,-0.030043324,-0.021958958,-0.010155996,-0.05163821,0.0038021014,0.052689634,-0.037997197,0.0010606091,0.030788403,0.036599677,-0.07200599,-0.013362913,0.013169659,0.050352365,0.013077663,0.0068707233,0.018243005,0.06969812,0.0527604,0.033155315,0.038650185
0.036755644,0.0052940785,0.028899498,0.06515379,0.023511786,0.0046135383,-0.06671063,-0.07626409,0.00704525,-0.07426304,-0.076072894,-0.07759742,-0.062351137,0.04265063,0.013384533,-0.07282572,-0.02758377,-0.03882602,-0.08431471,-0.06822877,0.031487513,-0.07271539,-0.034310456,0.0040660915,-0.058734786,-0.05526855,-0.08974287,-0.084856026
-0.045931842,0.015056238,0.001416374,0.0067813755,-0.052282672,0.005290157,-0.040248465,0.00863566,0.020893352,0.028751105,-0.020227455,0.075584695,0.07357501,-0.0130302375,-0.027394831,-0.014251107,-0.024931774,-0.003625068,0.03321303,-0.013697911,0.02692944,-0.008986868,-0.013973977,0.055888966,0.021260051,-0.02619537,0.0328839,0.056642983
-0.0026814057,0.042243704,0.018394783,-0.04158622,-0.041566614,0.027541628,-0.006681361,-0.0019844319,-0.0384082,0.06098322,0.02421705,0.049907792,-0.048646398,0.026783101,0.048197743,-0.06570982,0.058260668,-0.08172746,-0.03243286,0.018852292,0.006181389,-0.04218383,0.048399873,-0.066111274,0.02629927,0.06895564,0.021204501,-0.025867663
0.033343684,-0.047831103,-0.050364856,0.006356824,-0.03413557,0.050323304,0.01028322,0.018149313,-0.048455678,-0.04692637,-0.05795083,-0.055057347,-0.034424394,-0.05150651,-0.026721356,0.0011004753,-0.0470724,0.014543979,-0.058800872,0.006251322,0.019948758,-0.07013633,-0.026718909,-0.04650935,-0.07083538,0.004596871,-0.07207481,-0.053359594
-0.0070302607,-0.042478353,0.015993519,0.0050886367,-0.01543279,0.0044651316,-0.014312357,-0.06303888,-0.0066864328,-0.028094389,-0.07358665,-0.0048716227,0.005462063,-0.00067938765,-0.053996325,-0.030957526,-0.039793916,0.027170118,-0.034326777,-0.029714778,-0.037594218,0.019711137,0.011505545,-0.008432964,-0.022620302,-0.07308699,-0.017760172,-0.011767848
-0.030387875,-0.03077835,-0.055329166,-0.06908824,-0.023987036,0.012710738,0.06172339,0.0006331644,-0.04733335,-0.04549058,-0.030111851,0.043332953,0.0006797667,-0.05707539,-0.045196433,0.03334591,-0.06585792,-0.034241688,-0.05438138,-0.0014539596,-0.045542974,0.034832865,-0.044341765,0.05001434,-0.039399564,-0.0020355964,-0.047176108,-0.058023162
0.062992595,0.020175008,0.06400131,0.062881865,0.00023097907,0.062520415,0.038860463,0.06575612,0.07315482,0.0040947483,0.025903415,0.070444435,0.077380754,0.09548059,0.07282572,0.0046349266,0.07116068,0.046254765,0.03418753,-0.017618282,0.07753277,0.024605196,0.07326519,0.07472451,0.030045843,0.07447548,0.057767697,0.06730438
-0.030112782,-0.059279457,-0.057319008,-0.0781536,-0.059743654,-0.06906368,-0.06616063,-0.073956795,-0.06690515,-0.047318727,-0.08126773,-0.05301749,-0.078067176,-0.05800472,-0.028918637,-0.06923368,-0.042763006,-0.07182185,-0.07243925,-0.073837146,-0.08338311,-0.056455478,-0.07340413,-0.06831873,-0.06874329,-0.043242645,-0.052002955,-0.053656414
-0.07417592,-0.049293727,-0.070176415,-0.041338023,0.032245934,-0.025585352,-0.00050450274,-0.052912157,-0.027540293,-0.054969065,-0.016200934,0.038871996,0.023221567,-0.07620557,-0.02794739,-0.020892866,-0.029190356,0.033034008,0.02414282,0.0013501548,-0.03481767,-0.02066435,0.056486577,0.0015126885,0.048228648,0.047524143,-0.056003097,-0.051888905
-0.07532364,-0.058652766,-0.06992128,-0.048436336,-0.07047994,-0.0733135,-0.07426763,-0.06478539,-0.050577946,-0.067240916,-0.06253828,-0.07481118,-0.00327234,-0.075445145,-0.011696316,-0.07430739,-0.0801589,-0.07161864,-0.025184508,-0.03644244,-0.046039775,-0.060975913,-0.014141295,-0.06783261,-0.061439667,-0.07859121,-0.07234547,-0.07886081
0.027499551,-0.012154695,-0.018682482,-0.0052265082,0.0135470405,-0.0531082,0.007166008,-0.020031847,0.0038781378,-0.019229665,0.04953488,0.04045706,0.03466889,0.006105554,-0.03159046,0.026421543,-0.013463536,-0.035951536,-0.008135517,0.01573858,0.037781768,0.022561638,-0.0008553111,-0.008904463,0.03134167,0.0170282,0.0024066677,0.03485361
-0.03048687,-0.050160244,-0.013386315,-0.05418477,0.019679198,-0.003698245,-0.018147534,-0.07371378,-0.012304642,-0.031434305,-0.03396174,-0.061662808,-0.060432754,-0.049144037,-0.009342047,-0.031879805,-0.07054801,-0.0041829324,0.03953805,-0.06171334,-0.00053518225,-0.062797524,-0.037125908,-0.04123418,-0.06775608,0.013633304,-0.012582913,0.01781146
0.020991879,0.036408946,0.0070288135,0.0033539126,0.07109871,-0.07278761,-0.019274162,-0.0030725433,-0.029178848,0.036161583,0.07726115,0.01857258,0.041460183,0.0061320183,-0.067028366,-0.042773,0.021370346,0.014069364,-0.020051949,0.015291368,-0.03757394,0.062431086,0.05301387,0.023366317,0.064932294,0.00955644,0.0677987,-0.0001867398
0.042080045,0.092446476,0.04901784,0.038962945,-0.005968697,0.01061647,-0.021573193,0.056690734,0.04612216,-0.015506148,0.0134767825,0.054226503,-0.04726526,0.011534857,0.069701456,0.043711733,0.050375085,0.015103524,-0.001587129,-0.002890283,-0.023643896,0.029958606,0.04205824,0.0010730005,0.048697483,0.034894098,-0.044246163,-0.048760746
-0.01670232,0.0011060026,0.038359396,-0.07563441,-0.010955697,0.003537146,-0.025176426,-0.0391421,-0.036369134,-0.04975818,-0.06532256,-0.07398468,-0.047818057,0.01962413,-0.0061293454,0.054415647,0.052509632,-0.04461009,-0.044468716,-0.053056013,0.04584917,-0.0404871,-0.06720979,-0.0058880253,-0.037772473,-0.04418858,0.031042444,0.020594586
0.0459638,0.028620457,-0.029086433,-0.030639356,-0.014764653,-0.03891479,-0.01583916,-0.06674371,-0.024656557,-0.023991266,0.028927166,-0.05043715,-0.03492908,0.0052908314,0.073315784,-0.010935662,0.0119142225,-0.033217885,-0.035117306,-0.016558925,-0.05594035,-0.054254062,0.018754669,-0.035934966,0.00910342,-0.042241544,-0.05490074,-0.052501466
0.03689369,-0.021534212,0.044133,0.03551854,-0.017293032,-0.03196296,-0.013822256,0.036390368,0.014906925,-0.0152198365,-0.026597336,-0.04942152,0.0030000997,0.06765882,0.0041274345,-0.008227602,-0.0050917487,0.024374861,-0.03236693,-0.031101845,-0.039607577,0.00043294835,0.005169849,-0.031549502,-0.015731221,-0.078230515,0.027856974,0.0061845453
0.0029809086,-0.042836245,-0.014031898,0.044760946,0.023174053,0.059623756,0.068057686,0.044285104,-0.01915251,0.0077987867,-0.0692492,0.017991953,0.07133524,-0.04990811,0.018250065,0.011787814,0.032809835,0.05898179,0.025298595,0.01790865,0.062016085,0.027882842,0.056387316,0.021520237,-0.0133797955,0.047316156,0.009857127,-0.015714888
0.036356818,0.05060627,0.056932643,0.05316288,0.06434189,0.06956504,0.024198482,0.011439032,0.075503804,0.055884544,0.06635518,0.07396925,0.07061181,0.06300572,0.047103785,0.0563781,0.034928307,-0.012192365,0.03987306,-0.0062199514,0.066663176,0.06190295,0.06916363,0.005287223,0.05246787,0.0029658773,0.021473696,0.03664841
-0.004014511,0.009428072,0.043374915,-0.014239803,-0.05340891,-0.020038784,-0.030435253,-0.0047883005,-0.04851399,0.04360407,0.0033166185,0.025766252,-0.017034514,0.0191527,0.051195677,-0.014437961,0.030595833,-0.021994391,-0.045263655,-0.03985127,-0.07612724,-0.011256209,-0.010639146,-0.08102784,0.0125113875,-0.03388837,0.05827518,-0.010633926
0.03686182,-0.05054407,0.021755742,-0.035716493,0.028361082,0.018181168,0.05868862,-0.015614696,-0.017194292,0.02553137,-0.024757,-0.0068132784,-0.027634894,-0.016325273,-0.050597776,0.030942963,0.004059651,0.0059625152,0.024222093,0.04639865,0.014251936,0.06970228,0.066521384,0.007972329,0.08563735,-0.063543655,-0.019212605,0.012686723
-0.005929217,-0.0026401782,-0.018120417,-0.048438616,-0.06521236,-0.07381758,-0.066819906,-0.04996047,-0.07212036,0.021013852,-0.0030776763,-0.025356982,-0.041836124,-0.037512254,-0.02966618,-0.015038532,-0.022719553,-0.055786923,-0.040175933,0.032019738,-0.06249548,-0.00095040613,-0.05603259,-0.06695092,-0.035662606,0.0012829889,-0.05957139,-0.06195949
0.044751212,-0.060257345,-0.052977048,-0.07680437,-0.062144283,-0.050998706,-0.07402823,-0.045450456,-0.05468216,-0.049475517,-0.0311189,-0.052688695,-0.028371254,-0.053273033,-0.025418438,-0.04073436,-0.07825077,0.049920563,-0.05658094,-0.078696415,0.017777223,-0.030608248,-0.02130436,-0.04400967,-0.0759278,-0.035969038,-0.054622244,-0.05986053
0.043573856,-0.021265352,-0.009696545,0.015794737,-0.03961027,-0.025089983,0.033432435,-0.03326251,-0.005430493,-0.017619286,-0.0071472437,-0.0004172464,0.009803753,-0.038110092,-0.015229815,0.038723346,-0.014565167,0.03877208,-0.034769885,0.03674395,0.040597618,-0.0123407245,-0.038734745,0.0034638576,-0.018121045,-0.027115265,-0.0541928,-0.033324398
0.029530417,0.04038002,0.0057440056,-0.00794605,-0.001859245,0.034640424,0.009078634,0.005738912,-0.030319536,0.026770176,0.053959616,-0.057403807,-0.055444118,-0.0027327226,0.0030275735,-0.03372323,0.024545763,-0.022828124,-0.015901126,-0.07344581,0.019264504,-0.052806515,0.011793151,-0.037707224,0.00603224,0.05411343,0.006524739,-0.01928589
0.046013337,0.05699932,-0.0017167088,0.049064778,0.07157776,-0.04092021,-0.035726324,0.05107347,0.040746,0.06536591,0.083765715,-0.0018847468,0.03409256,0.026540395,-0.051861715,0.06849255,0.01391559,0.017833054,0.08480187,-0.0028136135,0.035536148,0.046918493,0.073427096,0.07777689,0.070505045,0.03528671,0.01333047,0.024128122
-0.03324005,-0.07048429,-0.08365903,-0.06756398,-0.07478974,-0.06332208,-0.043567836,-0.03986795,-0.04165181,-0.025696646,-0.047527473,-0.030824352,0.011876956,-0.09311196,-0.05698048,-0.054074563,-0.08115059,-0.070765376,-0.059290826,-0.034655854,-0.05677818,-0.016012069,-0.04387439,-0.078454755,-0.072288655,-0.042969838,-0.021720143,-0.05794472
0.04051672,0.0032361615,-0.0014877771,-0.023647897,-0.050372228,-0.06581963,-0.039775204,-0.03150096,0.0024766806,-0.0042027626,-0.052446075,-0.0064007076,-0.05598119,-0.019906454,0.009385339,-0.044650067,-0.039805915,-0.054533426,-0.07218236,-0.0010014712,-0.07223259,0.0022108306,-0.04993259,-0.03785707,-0.027090948,-0.02438528,-0.013632555,-0.05198756
-0.031730074,-0.05720351,0.0019380731,-0.039960567,0.03436296,-0.030056626,-0.08575065,0.03303921,0.05379449,-0.021308089,-0.05450493,-0.0132551165,0.012771004,-0.023976568,-0.0554862,-0.026524264,0.038434792,-0.068067804,-0.05048333,-0.05672243,-0.022463093,-0.04568308,-0.08133022,0.052199636,-0.050675526,0.0008061879,-0.082034834,-0.08286565
0.022358429,0.005468971,0.05136898,0.019268394,-0.046493467,0.021637399,-0.044010393,-0.028785542,0.044557545,-0.07784717,-0.056075063,-0.018752797,-0.03146586,0.051055923,-0.0139223,-0.06611031,-0.018276835,-0.01506067,-0.040356766,-0.011377799,0.011557229,0.025842564,-0.055260252,-0.013944732,-0.055786576,0.05802432,-0.011339314,-0.07591354
-0.022461746,-0.025580881,-0.022772472,-0.05858704,-0.062428094,0.053253975,0.033522088,0.041554593,-0.062291067,-0.03875269,-0.06365509,0.022059642,-0.019571096,-0.011430533,0.05917805,-0.06338609,-0.07045152,-0.04674216,-0.049535327,0.011293224,0.08052622,0.06646221,-0.066159256,-0.0797125,-0.05386275,0.035671603,-0.030353285,0.02161978
-0.033449095,0.019946286,-0.025666725,-0.035972722,0.055283256,0.07498988,-0.012788035,-0.0025218653,-0.045796484,-0.00056942843,-0.02412615,0.05902476,0.03612406,0.04985648,-0.055720862,-0.015392555,-0.006542144,0.005887467,0.07441701,-0.022009352,-0.06291189,-0.019980248,-0.031903826,-0.00016971267,0.054530304,0.020933243,0.07926967,0.06832075
0.0045841862,-0.04474256,0.022192795,-0.06726976,-0.04077004,-0.01765049,-0.023392314,0.064990155,-0.033338252,0.0048925728,0.0022430907,0.0242461,-0.006895179,0.019421443,0.07384748,0.006095578,0.014033351,0.03779276,0.017191254,0.03914781,-0.023177259,-0.029174093,0.042239152,-0.0054263757,-0.014292975,0.032544974,0.04420101,0.0010508898
0.027454372,-0.00063485774,-0.02453088,0.020563535,-0.0025524383,-0.055787843,-0.041337922,-0.019830303,0.0041902782,-0.04722424,-0.022747088,-0.045737486,-0.056004517,-0.03431704,-0.07567716,-0.019947212,-0.0694019,0.049297348,-0.039428864,-0.0757437,0.024273783,-0.003609147,-0.059391044,0.031081859,-0.07438181,-0.034363054,0.0070726504,0.016177585
-0.04830253,-0.014171682,0.04477433,0.0126491,0.012918774,0.031013139,0.057054434,0.047644347,0.036289096,0.048484765,0.07101706,0.0040647364,0.005754012,0.026856832,0.014592489,0.03178746,0.027416965,0.0017296405,-0.0066053504,0.02628212,0.047572453,0.043127894,0.032280754,0.031233598,0.055082366,0.041914813,-0.030053027,0.012743729
0.036173545,0.028680716,0.0633181,0.019575043,0.037017733,-0.015004292,-0.01922019,-0.008477383,-0.011943156,-0.025225068,0.05326049,0.016832339,-0.046159077,0.060403224,0.01842113,0.03972161,0.011348217,-0.04607377,0.012763563,-0.0027855355,-0.02444792,-0.021046346,0.034634233,0.04203569,0.046091124,0.06449542,0.029125232,0.028476821
0.03311948,0.054285277,0.06500048,0.024220753,0.059667155,0.022667088,0.057391003,-0.042409923,0.06831329,0.023742422,0.06651842,0.060204346,0.036178887,0.07248741,-0.013617652,0.020449633,0.049613923,-0.0019098411,0.068356454,0.05960054,0.07798878,0.074909136,-0.0019518842,0.0417375,0.054420814,0.039625693,0.07302811,0.059984796
0.04101883,0.00051416585,0.05799053,-0.026988734,-0.010209556,-0.009573388,0.030464755,-0.05199969,0.021238565,-0.064102165,-0.050563235,0.04376573,-0.025504762,-0.07210398,0.06284342,-0.009821246,0.044193,-0.040245324,-0.028162116,-0.03278381,-0.06675215,-0.009788332,0.012143765,-0.016410068,-0.027806843,-0.036565427,0.019806415,-0.07151593
-0.008080203,0.013910454,-0.033989616,-0.029027237,-0.049248554,0.03899921,0.010178615,-0.07485465,0.060452584,-0.078779474,-0.049995586,0.062127072,-0.03974493,0.011770732,-0.017907927,-0.057427347,0.043619595,-0.06772404,0.023683155,-0.025922513,-0.029632179,0.02255369,-0.0650588,-0.034956384,0.045824748,0.04056926,0.0018426365,-0.0067584957
-0.044010267,0.041595057,-0.09609178,-0.04154657,0.00746098,-0.065238245,-0.05324972,0.058464352,0.0445846,0.027579125,0.029745474,-0.039798863,0.024462668,-0.09911021,-0.051430203,-0.05573171,-0.058384575,-0.0410913,-0.03106449,0.039228506,-0.017142504,0.055770263,0.004597861,0.031674135,0.059195414,-0.019169705,-0.0038371445,-0.024484767
0.039282113,0.002044528,0.038518153,-0.041687746,-0.0012918275,-0.028898861,0.0039780643,-0.03290497,0.0060403394,0.008121228,0.03792598,-0.07866226,-0.056270014,-0.004790019,-0.07061672,-0.0033074964,0.049906813,0.057508465,-0.049748395,-0.044194784,-0.0029648545,-0.039124597,0.029029973,0.01637256,-0.056076404,-0.0076959003,-0.036369607,-0.05375202
0.024231404,-0.013022168,0.031217178,-0.015523853,-0.0548874,-0.06383455,-0.06783758,-0.037396602,-0.0052492726,-0.0006586326,0.00098037,0.019827422,-0.024662588,0.02461836,0.030509556,-0.04031761,0.010926476,-0.03544038,0.021792872,0.04262217,-0.01234891,-0.08692995,0.025014613,-0.078547776,0.037327208,0.016808508,0.06117855,0.04853207
0.04606659,-0.039587203,-0.014110457,0.023532713,-0.06800722,-0.062052082,-0.01699057,0.041054517,-0.0016352141,0.030694304,-0.049017966,0.031675342,-0.0052115186,0.01455637,0.043753367,0.015972283,-0.0023908922,-0.04006063,-0.020162273,-0.031234285,-0.0503261,0.003715093,-0.029154753,-0.055982597,-0.04126895,0.06673101,-0.03072385,-0.030294698
0.022972867,-0.018130483,-0.03585875,0.00841528,-0.0727595,-0.050103776,-0.030395534,-0.016107816,0.03045221,0.045665227,0.066722915,0.054145463,0.071859136,0.019931301,0.08049617,0.04438304,-0.020905979,0.064359196,0.013107676,-0.054836184,-0.008765952,-0.090241075,0.07619375,-0.07852686,0.039250303,0.049533494,-0.027670275,0.022308476
0.038233805,0.045584507,0.061551467,0.06959526,0.038840033,0.064515516,-0.047342107,0.054018322,0.03615137,0.060354367,0.024084274,0.01380312,0.06795842,0.05709933,0.06855961,0.049062125,0.08039717,0.00032169232,0.04568578,0.06630685,0.042953834,-0.02617686,0.067428075,0.0484066,0.019079909,-0.0010260778,-0.0070062955,-0.018133072
-0.06118206,-0.034311187,-0.041934576,-0.018100686,-0.020218458,-0.06492094,-0.039304182,-0.0060453797,-0.074454814,-0.05655011,-0.06995455,-0.07573078,0.085245594,-0.0042228275,-0.06251336,-0.06563978,-0.06567235,0.020752756,-0.07147895,-0.07558615,-0.080007344,-0.010924679,-0.041129693,0.07896247,-0.037139613,-0.05803406,0.045226704,0.016531765
-0.015569017,-0.0375152,-0.05893211,-0.03366743,-0.048550364,0.057834152,0.01010444,-0.022241946,0.04120222,0.06933013,-0.05127095,0.054618355,0.068692416,-0.02605995,-0.023339491,0.066132806,-0.02762337,-0.06652402,0.01690977,0.05710306,-0.008101795,0.008350223,-0.08184389,0.0374357,0.011101321,0.047631174,-0.023857132,0.05034172
-0.021360556,0.06522454,0.0040199044,-0.04515571,-0.0121050235,0.03175319,-0.033017296,-0.03541763,-0.040703006,-0.01891875,0.04362943,0.044581305,0.055545103,-0.02864239,0.063367866,0.0492347,-0.04228525,-0.037324704,-0.05496793,-0.006475903,-0.053461213,-0.00037110265,0.07937598,-0.035536762,-0.029856259,0.06887333,0.043787174,-0.021553526
0.005348374,0.02392634,-0.0014713159,0.031933516,0.03389309,-0.0007810746,-0.0794936,-0.04193489,0.0025383201,0.027542597,0.026646914,-0.0072675454,0.03842136,0.008508995,-0.04787443,0.027108066,0.02565587,-0.038413037,0.069679335,0.021385498,0.06464893,-0.045304563,0.022494819,0.0050921636,-0.0037376292,-0.004255224,0.054558348,0.040741913
-0.058468424,-0.040401995,-0.0010103319,0.030636368,-0.023938857,0.022338,-0.009492111,-0.04719881,-0.018366985,-0.032171108,-0.07789876,0.022457456,0.005522168,-0.0057456405,0.020986194,-0.0480339,-0.020030702,-0.006287878,-0.052151263,-0.06871509,-0.030418893,-0.033748657,-0.034074303,-0.01563433,-0.052927803,-0.051523566,0.03213605,-0.0002731631
0.06859369,0.027728973,0.007837745,0.06308595,0.029037388,0.07124345,0.04481344,0.028028771,0.06350587,0.06304073,0.060147177,0.06383908,0.05857284,-0.0015514715,0.07657801,0.067349605,0.04793666,0.05152784,0.059589278,0.0677033,0.079320654,0.060570568,0.07452527,0.025995867,0.06223625,0.035183296,0.044877533,0.008622497
0.02292564,-0.000629026,-0.01828977,0.008080699,-0.003708823,-0.016437639,-0.056091934,-0.06753235,0.062148385,-0.031978354,-0.0058712307,0.018029658,-0.023221554,-0.014463202,-0.03026619,0.003309881,0.034965158,-0.03571942,-0.04816607,-0.029842377,0.04981421,0.05001258,-0.04086029,0.056917336,-0.017931601,-0.0017331531,0.013499539,0.023200896
-0.018272232,0.009294291,-0.030058702,0.042504895,-0.020402083,-0.050224695,-0.0842527,-0.043658614,-0.02816631,0.043448087,0.013641165,0.05394843,0.06439558,-0.031070007,-0.0005425096,0.047329824,-0.017724574,0.013296507,0.035603642,-0.028483238,0.029852645,0.02089003,0.016361918,0.011467289,-0.022076128,-0.022580696,-0.004574065,-0.007486629
0.054011907,-0.04583961,0.023758067,-0.062292237,-0.026827574,-0.025011178,-0.04538614,-0.016045317,0.011190745,-0.074387655,-0.012122035,-0.08049418,-0.07414896,0.010030547,0.033783313,-0.068484426,0.043015588,-0.011217876,-0.05391629,-0.0655847,-0.04252845,-0.056901034,-0.03841468,-0.0538679,-0.071999796,-0.04633507,-0.057797287,-0.045770783
-0.0016701448,-0.027925575,-0.07690306,0.058066506,-0.024091527,-0.07336961,0.0022747456,-0.07888637,-0.039754715,-0.006540551,0.014013063,0.032148883,0.060919356,-0.05185325,0.061479084,0.032506492,-0.036457535,-0.0024687552,-0.0012862398,-0.082954176,0.017923664,0.019954849,-0.0058916663,0.014316123,0.02032427,-0.00785931,-0.0056749443,0.008719342
-0.04339962,-0.07218714,-0.01935579,0.0316108,-0.06847707,-0.0395057,0.028540954,0.05260588,-0.027251977,-0.030684391,-0.07626458,-0.049482673,-0.025110153,-0.04886802,-0.071356274,-0.063985735,-0.040581115,-0.07394487,-0.08211085,-0.079218,-0.044502567,-0.0874657,-0.039951738,-0.06331597,-0.07887459,-0.010339254,-0.08402282,-0.08373439
0.027506122,0.048043177,-0.0049421913,-0.0112072565,0.031243777,-0.05519933,-0.03917267,0.01743599,-0.021181881,0.08074856,0.09536184,0.040388428,-0.029182604,-0.006168372,-0.0051652924,0.054516744,0.043740917,-0.03598631,0.088096224,-0.012863501,-0.033123866,0.0088609215,-0.046783548,-0.0032738966,-0.024938349,0.008936521,0.027186655,-0.045472335
0.059310272,0.08231084,0.06468814,0.08894404,0.07792113,0.014916072,0.078044966,0.08305516,0.076302044,0.008050499,0.083074346,0.07782651,0.07974762,0.07607655,0.075536214,0.07046592,0.10011936,0.085268915,0.07997697,0.0772239,0.09193155,0.078875944,0.08247939,0.0798356,0.069757864,0.014033158,0.084705375,0.072224885
0.0807457,0.055563945,0.02325106,0.06950418,0.051970653,0.033020403,0.06416444,0.081452295,0.062276866,0.03951118,0.029078746,0.06450145,0.03270183,0.031697687,0.03050744,0.048428956,0.06767125,0.04526281,0.034602314,0.051281005,0.070125386,0.05016982,0.037726335,0.066392384,0.038873225,0.0012604864,0.05426218,0.033407174
0.0005167007,-0.0005537644,0.023172926,0.035090115,0.0023433834,-0.009449175,-0.0027944564,0.0060659186,0.039497796,0.0035603007,0.050504226,-0.023336912,-0.041097783,0.021967325,0.06767844,-0.030036943,0.021353161,-0.010899003,-0.023980042,0.046353865,-0.014998125,0.050087143,0.04952806,-0.03240974,0.046198107,-0.012772572,0.040106326,0.0026726369
0.023220029,0.02858905,0.034994446,0.025710577,0.05482263,0.0540064,0.02791693,0.020280188,0.0061944276,0.05995929,0.0732757,0.011029409,0.040865,0.024762936,0.059127666,0.04087037,0.050552256,0.08247915,0.050268795,-0.0041404525,0.021313965,0.03204342,0.06615717,0.021894779,0.025339039,-0.050319415,0.030398006,0.040883858
0.027738115,0.038720254,0.01603311,0.035522856,0.04371295,0.06919677,0.060577318,0.05054819,0.04864957,6.0214494e-05,-0.024373239,-0.002429217,0.047022182,0.013593657,0.028427344,0.05909991,0.062227786,0.06689542,0.030501857,0.040512055,0.07559736,0.04104003,0.064063095,0.039963413,0.025450837,-0.012199932,0.026804712,0.041269872
0.027012192,0.055600274,0.0054910225,-0.017794844,-0.059128117,-0.031125072,0.009687331,-0.04768707,-0.07159171,-0.08045249,0.032013953,0.026448721,-0.055220354,-0.00820263,-0.02790745,0.033319477,-0.035477854,0.054691628,0.0069995723,0.0059786094,0.041293994,-0.0011482137,0.009105672,-0.08309676,0.014475427,0.025003059,0.02463487,0.028792476
-0.05389968,-0.0063136276,-0.0698133,0.017044513,-0.009554335,0.055001296,0.009612904,0.017656928,-0.023523407,0.031391684,-0.024629982,-0.019873774,-0.007677994,-0.05785125,-0.06222676,0.030543344,-0.08752566,0.023009589,0.014054404,0.044818807,0.038337525,0.029793845,0.00887346,0.0131465485,0.0052063977,-0.020985592,-0.0483943,0.0062795705
-0.024521438,0.016074816,-0.027916476,-0.047102768,0.018477198,0.05599796,-0.0074374657,-0.0026757282,-0.0644243,-0.08047782,-0.005553744,0.0036497673,-0.00977603,0.0012696285,-0.062064648,0.040351927,-0.006358779,-0.006076427,-0.059679467,0.06908401,0.0020896667,-0.031585205,0.013280583,0.034868218,-0.012368236,-0.0021094063,-0.08870957,-0.06107565
-0.048659213,-0.035976417,-0.0658835,-0.0446582,-0.010549322,-0.055630803,-0.07518648,0.044456705,-0.0071113855,-0.045812566,-0.05259154,-0.03772477,-0.001797988,-0.07315492,-0.0018448551,-0.009146774,-0.011507395,0.013438342,-0.02559169,-0.06580043,-0.070715025,-0.0062997127,0.05180136,0.010377094,-0.050038014,-0.044381797,-0.08190121,-0.05778881
-0.07708889,-0.063658565,-0.066078395,-0.034927662,-0.072999,-0.048936304,-0.040230367,-0.06091278,-0.021859486,-0.03402871,-0.016979003,-0.016689682,-0.012518153,-0.0660243,-0.030773614,0.030746665,-0.02497375,-0.024470616,-0.0122595895,-0.016791074,-0.053526968,-0.050024692,-0.033300404,-0.054567493,-0.02603646,-0.05655169,-0.002167499,0.016153438
0.046776533,0.03159539,0.041548524,0.023682239,0.049677398,0.072165,0.061683923,0.07987272,0.031204877,0.028462442,0.08424002,0.04633423,-0.036343522,0.060269028,0.006638143,0.020359281,0.038518526,0.06667665,0.060633354,0.00071497296,0.0061313943,-0.011387155,0.04185558,0.021148743,0.040998,0.060910996,0.056378372,0.024903543
0.0050823055,-0.08048716,-0.06813527,0.01982162,-0.031597033,-0.07566488,-0.08934712,-0.05139168,-0.013875196,-0.048894327,-0.062062237,-0.05368671,-0.04177784,-0.041924033,-0.015093969,0.01456649,-0.0114421155,-0.033179622,-0.074671075,-0.04362926,-0.017339949,-0.041351423,-0.047590423,0.026569923,-0.031120462,-0.028335882,-0.049196295,-0.031109264
0.007503831,-0.0497879,0.015263863,-0.024134796,-0.069453925,0.043221734,-0.03277307,0.06642866,-0.036469813,0.019629018,-0.07004165,-0.047911532,-0.03396406,0.008991129,-0.08721952,0.04244781,-0.0056298645,-0.011300191,-0.03020928,0.016540026,-0.02038236,-0.0020601428,-0.059741504,-0.0054723495,-0.0014006945,-0.0016909251,-0.00814802,0.0327232
0.022084406,0.03263585,0.05532579,-0.045814045,0.016987963,-0.02411592,0.055486213,0.07631406,0.038361304,0.03172594,-0.020988582,0.03935999,0.01308834,0.041962195,-0.014544049,-0.009708148,0.018136758,0.029917449,-0.039193664,0.017788712,-0.049495917,-0.051316354,0.06819531,0.04729938,-0.010369901,0.029183751,-0.0006557602,0.04678626
0.036655392,0.021704363,-0.030671084,-0.048759207,-0.036768246,-0.03333332,0.01385159,-0.04414058,-0.07146776,-0.014836312,0.0075901765,-0.04923427,-0.056061074,-0.03726401,-0.04690613,0.016148368,-0.034660257,0.036199942,-0.063329384,0.0034956571,-0.090620354,-0.051745784,0.003772227,-0.082362466,0.0078615155,0.024690906,-0.0727621,-0.07463942
-0.02117486,-0.001572487,-0.035922974,0.010161548,0.06247213,-0.06858493,-0.0063140863,0.013039147,-0.052287474,-0.08031809,-0.069489725,-0.042519372,0.019335816,0.011925693,-0.01703178,0.06516211,0.065510914,0.04351403,-0.059125483,-0.015946254,-0.01248844,0.023826335,-0.0023923805,0.06405899,-0.049515978,-0.009444339,-0.011762106,-0.062661335
0.07418447,0.026097601,0.03553301,-0.037579514,0.07609571,-0.04064336,0.016553732,0.045246273,0.013442595,-0.041922204,0.040943116,0.061870757,0.048382558,0.027328731,0.0033961437,0.065013334,0.039022323,0.01516043,0.059729178,0.021372046,0.016437931,0.048159078,0.023848677,0.07954779,0.0606632,0.00060290535,0.052115183,0.05359603
-0.022892728,0.01999527,0.042269394,0.0005886828,0.06341787,-0.04518201,-0.057959966,-0.03012139,0.06194314,-0.074232824,0.0169222,0.037654247,0.07326965,0.02175627,0.04942687,-0.00018453074,0.051019445,-0.037308667,0.005363856,-0.034235764,-0.073662125,0.050949425,0.00017198129,0.014147168,0.06389802,0.014283971,0.010527117,0.03562657
-0.01802285,0.0059044166,0.018237757,-0.020357296,0.0017217025,0.019005213,0.061005853,0.014600866,0.029170383,0.04151241,0.05676948,0.04190501,-0.016639616,0.031794235,0.047112532,0.073544994,-0.009466446,-0.011521268,-0.036209453,0.014113719,0.014665754,-0.0060818903,0.057293575,-0.02177616,0.03063151,-0.003729633,-0.029611636,0.050158452
0.042044587,0.04800833,0.054077506,0.048598513,0.071178205,0.017780738,0.026186757,0.01679421,0.023600578,0.040478658,0.059005488,0.07906881,0.0708289,0.043196436,0.077009514,0.062060744,0.04618345,0.029654235,0.062101018,0.049806282,0.03072755,0.054587476,0.044067185,0.066539936,0.06631223,0.066908,0.058112726,0.059200414
-0.05367969,-0.050620176,-0.029422982,-0.072254345,-0.03483214,-0.031184841,-0.047971353,-0.01631278,-0.05653865,-0.047413837,-0.045845564,-0.055435505,-0.0046859933,-0.042661145,0.016971134,-0.042569038,-0.01217875,-0.042080607,-0.015646875,-0.038815316,-0.04402167,-0.020012205,-0.032464743,-0.05138971,-0.03626249,-0.038303625,0.003874482,0.012529187
0.026953584,-0.04406002,-0.033688772,-0.045747403,0.018478764,0.05247114,-0.010502324,0.021670558,-0.0075716362,0.006477939,-0.013643899,0.07264194,-0.061019957,-0.034801237,0.013186061,0.014505957,0.024009,0.02089705,-0.05722713,-0.05565166,0.059646666,-0.018904353,0.04557724,0.039508637,0.00059261493,-0.068758205,-0.020564187,-0.033516414
-0.03269648,0.02925437,0.019926922,-0.048723523,-0.040086333,-0.014282012,0.0035228832,-0.038270675,-0.029958911,-0.004968934,-0.03257486,-0.061651245,-0.077332504,-0.013835662,-0.012407123,-0.05665279,0.008130151,-0.07746454,-0.061297394,-0.046963558,-0.059633832,-0.0042461054,-0.05041038,-0.07801281,-0.04193862,-0.03336454,-0.07036096,-0.049344238
-0.04235389,0.035930727,-0.025650749,-0.043003835,-0.039555937,-0.055050083,-0.02895901,-0.005512332,-0.05329426,-0.0540724,0.017593082,-0.019463027,-0.056212343,-0.02025139,-0.007534439,-0.057674926,-0.01605519,-0.033988956,-0.02582924,-0.03819774,-0.051911164,-0.0451239,-0.02008763,-0.061190434,-0.036138114,-0.00064839225,-0.06397311,-0.06860384
0.046102814,-0.04645491,0.010385761,-0.008076521,-0.061837573,-0.050896507,-0.0773355,-0.085915625,-0.025318585,-0.040208526,-0.0728059,-0.041963246,0.062375538,-0.032699004,0.010805294,0.02754642,0.022216268,0.020584676,-0.026215985,0.016809115,0.033325464,0.0020802468,-0.011156131,-0.022220483,-0.05948589,0.023773272,0.03659401,-0.006892925
0.011512411,-0.094431326,-0.086559765,-0.00817785,-0.07989511,-0.07165368,-0.053367842,-0.0728371,-0.07751385,-0.07889788,-0.09091211,-0.039477374,-0.040795702,-0.09071266,-0.054272056,-0.06464306,-0.07428505,-0.057350393,-0.063757,-0.058387905,-0.048259296,-0.04771888,-0.06855885,-0.05931105,-0.07885073,-0.07974143,-0.079963475,-0.07948164
-0.0033805214,0.025977409,0.0077764485,0.030772204,0.035493582,-0.021547202,0.012154241,0.0031835365,0.044971693,0.029975392,0.04296722,0.049904194,0.0254975,0.020888753,0.061676953,0.023620473,-0.034014475,0.0021808986,0.07172679,0.056121144,0.040907554,0.025456272,0.052796915,0.009097211,0.06604974,0.075677454,-0.012284456,-0.020366434
-0.0030714388,0.000921689,-0.018445723,-0.024402166,0.06327156,0.02009136,0.00065449404,-0.006768686,0.05511073,0.05396857,0.038768318,0.02597814,-0.013255671,0.0051452187,-0.022489557,0.07187753,0.0077174786,0.015527013,0.06580468,0.057042748,-0.03538596,0.07598987,-0.0030444788,0.07763155,0.066990584,0.0043017715,0.069842815,0.06744069
-0.022418624,-0.005981979,-0.057345834,-0.093835525,0.036649644,-0.00059585966,-0.04320744,0.05107481,-0.015394515,0.071208976,-0.018074783,-0.0369628,-0.052536193,-0.034925777,0.01340819,-0.0749178,-0.032309864,-0.04957996,-0.0015491236,-0.012178341,0.007821126,-0.035842996,0.008419521,-0.061187495,-0.05889562,-0.0837303,-0.04820877,-0.039173063
0.043021675,-0.0016818919,-0.0007514914,-0.073493876,-0.07065563,-0.06074507,-0.00835725,0.041756865,-0.06571679,-0.050591618,0.00021040488,-0.013027964,-0.024782114,-0.004765154,0.07410551,-0.07422074,-0.022912916,-0.061282504,0.048383046,-0.07644369,-0.09219833,-0.062267352,-0.05914022,-0.012323533,-0.011860177,-0.0125124995,-0.03576203,-0.06370684
-0.036978524,-0.03324262,-0.039476223,-0.048033375,-0.061693896,-0.015610542,-0.069928095,-0.020697948,-0.028492576,-0.011657822,-0.017970046,0.01363369,-0.028981896,-0.05956885,-0.02884658,-0.06582192,-0.039786357,-0.019605888,-0.028452426,0.040091895,-0.03672183,-0.06313661,0.017540734,-0.055638958,-0.009060738,-0.03924816,-0.05995441,-0.05713398
-0.036946323,-0.011014773,-0.019127896,0.042634737,-0.018646162,-0.02345324,0.014638216,-0.04772783,-0.047175094,0.013015919,-0.043707874,-0.010335147,-0.0073530795,-0.020195795,0.024633944,-0.037984975,-0.022356149,-0.07815352,0.02409803,0.058911633,-0.011768739,-0.02133275,-0.019863255,-0.01902159,-0.0085137235,0.083654985,0.013366336,-0.019448863
-0.023409134,0.042639233,0.018000888,-0.043139543,-0.015654035,-0.028683055,-0.0077087684,0.02175827,0.037342507,-0.043375753,-0.055525605,0.011495881,-0.000528009,0.020733796,-0.04745342,-0.03751369,0.018186938,-0.033068776,-0.045839425,0.039702315,-0.034209702,-0.032025736,-0.00168719,-0.06309738,0.022926811,-0.04502079,0.008432483,0.04854815
0.048544157,-0.030227598,-0.04003925,-0.01562934,0.06879483,-0.04719952,-0.003800198,0.030294532,0.040260904,-0.004175617,0.025400626,0.047991324,0.026686728,-0.023446603,0.022759805,0.066023774,-0.0044103363,0.019329265,-0.0072372765,-0.016004413,0.07793951,0.058465313,0.033058234,0.054272518,0.03578498,0.0051998044,0.0016078764,-0.05434783
-0.0031339445,-0.073928855,-0.053092573,-0.078983836,-0.052782167,-0.06423926,0.012423182,-0.047656987,-0.010021544,0.00964846,-0.05511029,0.014352982,-0.020805802,-0.045158364,-0.047777325,-0.017602913,-0.031537704,-0.06533856,-0.06201516,-0.007634702,-0.019271119,-0.0049834787,-0.055296868,-0.06061273,0.002015213,-0.049052946,0.04544057,0.05258634
-0.003806919,-0.00860968,0.06733756,0.017437255,-0.038577378,0.00011535444,-0.0030338096,-0.008516987,-0.056139607,0.053362295,-0.057720467,0.030713068,-0.061916742,0.038045835,0.05678512,-0.02189718,0.038778283,0.037355468,-0.0029737868,-0.031355184,0.051548116,-0.05779749,0.0006552346,0.009040586,0.011505321,0.08064285,0.01641847,-0.0311807
-0.04473676,0.035938658,-0.001559091,0.01779203,0.031390153,-0.022347376,-0.031396553,-0.0024323543,0.03655067,0.024286328,0.03886972,-0.04128583,-0.03991004,-0.010118293,0.049583983,0.045437913,-0.0032340807,-0.011293507,-0.006727504,-0.046481334,-0.005279866,0.044649407,0.0069963927,0.023628937,0.02236578,0.032182105,0.0069234124,-0.03306826
-0.004744944,-0.023648912,-0.0005478836,0.029928274,0.04574591,0.0031718523,-0.07032321,-0.00045085783,-0.043849897,-0.023931382,0.009844813,-0.068724796,0.075049914,-0.029227003,0.0033205126,0.051950492,0.0077920263,0.008225526,0.0077423337,0.012765538,0.0045674373,-0.0132391015,-0.03199963,-0.012846874,-0.07383863,-0.02128125,0.016205207,-0.012505529
0.012679383,-0.027387299,-0.030231567,-0.036506444,0.015277684,-0.0045759077,-0.016979847,0.008858219,-0.034929954,-0.030214809,-0.0036707418,-0.06895949,-0.074248515,-0.063259654,-0.019071607,-0.022040054,-0.063035704,0.010149397,-0.047753673,-0.06167368,-0.07271937,-0.06593131,-0.037947778,-0.037564036,-0.060662147,0.0018748342,0.02682816,-0.03723864
0.042085364,0.0215974,0.04536139,0.0052473214,0.02649628,0.0034902287,0.02491135,-0.00491856,0.052675232,-0.07361343,-0.08879906,0.017271588,-0.012531092,0.024877213,0.03319153,-0.012294642,-0.03166821,0.025201987,-0.06113918,-0.02520763,0.031106543,0.033045165,-0.006392902,0.044174924,0.00029372377,-0.0028657217,0.029518656,-0.008322468
0.046699636,-0.027633619,-0.0018343985,-0.03974174,0.0045312536,-0.05051613,-0.06007046,0.030713284,0.005232328,0.06417397,-0.018653803,-0.03689626,-0.00086898846,-0.004465128,-0.042795774,-0.006333686,-0.020275807,0.034929782,-0.039875753,0.03627366,0.03644802,0.02971176,0.008079696,0.0014295052,-0.05789221,-0.0107399905,-0.052670084,-0.027443448
-0.029339157,0.024605013,-0.022071088,-0.027967338,-0.067647435,-0.047119305,-0.053573575,-0.05019027,0.034827594,-0.023767354,-0.060894802,-0.026401676,-0.027219268,-0.05359695,-0.077236444,-0.038522523,-0.061052162,-0.061374027,-0.048785448,0.0065096095,-0.018608687,-0.020002658,-0.07075444,-0.05756621,-0.07003549,-0.019873783,-0.06449363,-0.042608008
0.053133752,0.0076417304,-0.054713316,-0.0089392,-0.05399025,0.0361305,0.038229436,-0.07951117,-0.0020451767,-0.018544788,-0.052989285,-0.0055403598,-0.026876692,-0.06813994,0.016635882,0.019815492,-0.0302444,-0.08223666,-0.042767048,-0.08407867,0.0013904755,0.0041727447,-0.076550074,-0.060362868,-0.03499363,-0.030696556,0.049790457,0.025382273
0.00027587003,0.00091884827,0.01559194,0.058783345,0.05959555,0.027608734,-0.0374259,0.072171,0.074167676,0.019342002,0.009689731,0.057795085,0.046952266,0.028707767,0.06330727,0.01917179,0.033867113,0.0047649113,0.017030213,0.04090961,0.06474588,0.074001126,0.07073172,0.06577524,0.06429932,-0.049343236,0.07067541,0.0540872
0.068429366,0.049947154,0.03287168,0.01823486,-0.06333938,0.04817752,0.03069342,0.02631818,0.005259201,0.062241565,0.05570053,0.045290865,0.045458894,0.02780552,0.04482468,0.06135016,0.046333667,-0.03156151,0.022647848,0.032511607,0.0026487096,0.06918229,-0.008459814,0.0061366064,0.043194298,-0.0054269484,0.017012022,0.035336345
-0.021786384,-0.028963199,-0.014308084,-0.023612017,0.05823831,-0.022968957,-0.0067976606,0.064258225,-0.035597596,-0.020274496,-0.009512379,-0.035679955,-0.014024895,-0.03353072,0.0043476573,0.021196548,0.02428195,-0.028841926,-0.0065652425,-0.014753972,0.040984984,0.03706962,-0.0508262,0.026734542,-0.06566695,-0.016732564,-0.010429241,-0.015421244
-0.015544206,-0.009131557,-0.045243394,-0.00893646,-0.0035249,-0.06774206,0.029322943,-0.014484319,-0.04585934,0.017760254,0.03243894,-0.06571517,0.034534577,-0.03812676,-0.010929204,-0.044059202,-0.0015656921,0.050741594,-0.017825408,-0.00118668,-0.022751555,0.049544908,0.063936286,-0.018123506,-0.011076618,-0.003917256,0.01795164,-0.025550658
0.017395172,-0.045868237,-0.08973293,-0.079913266,-0.07151904,-0.030095233,0.015157321,-0.050369203,-0.06381402,-0.0062934505,-0.008027223,0.029412022,-0.013337126,-0.085735135,-0.02160494,0.036678705,-0.09059096,-0.0345436,-0.009417341,-0.022631127,-0.009968497,-0.026361812,0.0037388185,-0.069146216,-0.04897267,0.016591173,-0.011465119,-0.0048418376
-0.03152712,-0.026455846,-0.015522444,-0.07851225,-0.022536652,0.048645,-0.046498448,0.07074312,0.029649995,0.0807216,-0.023656206,-0.02675245,0.063222036,-0.0055801375,-0.069857694,0.032168865,-0.0072196494,0.034174666,0.048287652,-0.07422387,0.03918174,-0.08574095,-0.0058199856,-0.027891368,-0.04660235,0.011981074,-0.07416876,-0.028800325
0.046334893,0.052727055,0.0054334234,0.08894077,0.04864973,0.07535817,0.08160791,0.05164707,0.04365839,0.066885345,-0.003194109,0.01698756,0.001573069,0.011067941,-0.035011824,-0.06292665,-0.0008468473,0.049520735,0.00085816346,-0.021016046,-0.019797163,-0.02099152,0.06768958,0.037704673,0.029992748,0.019301604,0.056450162,0.06346523
0.07353861,-0.002488989,-0.02078564,0.049289268,0.027256534,-0.0060266256,0.05724902,0.034647174,0.073521376,0.025368292,0.043952662,0.07527012,0.052677374,-0.010267652,0.07901893,0.025620155,-0.0039489935,-0.020759061,0.04729566,0.02432082,0.07920699,0.07252874,0.022676364,0.067842,0.038549535,0.008466693,0.034795314,0.017801033
0.055950977,0.05940785,0.010843835,-0.02832646,0.040181156,-0.063472584,-0.015030314,0.07819966,0.06839909,0.038013097,-0.016456138,0.042030133,-0.018068735,0.046217486,-0.07213618,0.039347492,-0.014655411,-0.057778332,0.06397259,0.00018272718,0.0127632385,-0.07204522,-0.032602035,0.022942092,-0.021814222,0.041599005,-0.041238874,-0.045614295
0.008905183,0.04949996,0.036568545,-0.011520164,0.056340877,0.06542737,-0.06936738,0.0050440286,0.038742486,0.051795147,0.03011258,0.030872658,0.04051226,0.06465367,0.025579121,0.061842397,0.03736953,-0.08764226,0.061820656,0.026569463,-0.09452656,0.052679777,-0.08616773,0.0006230688,0.05027734,0.014969478,0.057371493,0.047984906
0.0031603158,-0.013906799,-0.039188378,0.0074933246,-0.028737258,0.013378961,-0.017675105,0.062312897,0.022134822,-0.033690713,0.002750214,0.017224755,-0.0420914,0.013046494,-0.040567916,-0.019611532,-0.0017973637,0.036292262,0.064250864,0.0051189284,-0.018618101,-0.08405326,-0.029454514,-0.03514136,-0.02027379,0.005882627,-0.04970805,-0.0239653
-0.02177894,-0.0013220565,0.020919677,-0.0699388,0.049727026,0.00014345048,-0.008239049,-0.0011566314,0.015173038,-0.010101358,-0.0040626545,-0.0671486,0.02169657,-0.0015113268,0.019951629,-0.043124776,0.024326578,-0.052452773,-0.082529716,-0.045656808,0.013909511,0.04169954,-0.06200086,-0.0024594879,-0.04176587,0.049474303,-0.072790034,-0.05685549
0.020456247,-0.009494409,-0.040974826,-0.015565687,-0.032471184,-0.021504765,-0.043979656,0.00028197106,-0.008052952,0.027393656,0.004633082,0.021683596,0.03203097,-0.017590126,-0.03232409,0.03268373,0.017003532,-0.0033136823,0.061248906,0.026099421,0.026750084,0.014373066,0.04356432,-0.032452654,0.025073232,-0.04446823,0.040965904,0.04061365
0.049961634,0.08187475,0.048941668,0.03253494,-0.010961562,0.045649324,0.04218528,0.06393983,0.07497917,0.036772568,0.05038553,-0.023554917,0.04007168,0.08019147,-0.012584408,-0.0042881914,0.061285432,0.017653976,0.05166534,-0.015149741,0.065290764,0.039909743,0.0014452686,0.05274773,-0.027448826,-0.018005978,0.030009532,0.049988613
-0.0007819197,-0.057147436,-0.035271395,0.02741755,-0.024916496,0.017173821,0.0031458042,0.030908044,-0.005781787,0.0011725544,-0.028498065,-0.008213179,0.051244725,-0.04249615,-0.05663061,0.017723529,-0.00034871232,0.03023955,0.06573052,0.03591996,0.018013434,-0.0074739717,0.027047534,0.06087563,-0.023721581,-0.036781155,-0.0011776546,0.0034262945
-0.016227888,-0.01015105,0.039062373,-0.028382072,0.01527666,-0.021215348,-0.065218076,0.00024522102,-0.052940894,-0.023048144,0.032570537,-0.037161343,-0.046129335,0.031477414,0.079606526,-0.015727047,-0.0126432665,-0.025409909,-0.03667748,0.023287773,-0.03383296,0.062399212,-0.027413405,-0.0074695195,0.06764762,0.04822606,-0.01456562,-0.0011715784
-0.00860835,0.053017583,-0.010488503,0.015021447,0.029151017,-0.065321855,-0.0029507254,0.028395375,0.070783205,-0.0766899,-0.017313685,-0.006514748,0.013113959,-0.016207382,0.08401023,0.04814996,0.045520544,0.052774876,-0.026827483,0.013802218,0.0014957127,0.015784012,0.0634783,0.043899253,0.013833755,-0.014795503,0.010047084,0.027895998
-0.030419076,0.05729515,-0.001631788,0.07337531,0.07257526,0.066297516,0.07872908,0.074395806,0.074256696,0.05090163,0.06072663,0.021670513,0.06466482,0.031549443,0.061922897,0.041028444,0.040885195,0.07391353,0.01457845,0.06014287,0.05342307,0.08015886,0.07954612,0.062735245,0.05122299,-0.051173665,0.057235178,0.07150905
-0.037423592,-0.030798875,-0.026580337,-0.030494783,-0.010257998,-0.0384798,-0.08727757,-0.030376697,-0.044976976,0.0070220097,-0.019712867,0.015361477,0.042065777,-0.06288892,-0.016340178,0.03202031,0.031900015,-0.04781162,-0.033971734,0.012107454,0.004938057,0.037991118,0.04826617,-0.026302865,-0.032125976,-0.031118922,-0.0026495752,0.012683007
-0.077124774,0.028556654,-0.009242465,0.03097312,0.027432049,-0.0061515775,-0.052913796,-0.038885802,-0.043350402,0.036624406,-0.042660747,-0.040275387,0.04046565,-0.019438485,0.012527248,-0.03710669,-0.04017307,-0.01871615,0.02445881,0.05976498,0.07032657,0.07587999,0.031751584,0.07321446,0.0142191965,0.04854648,0.0055886204,-0.017358782
-0.068890415,-0.09591362,-0.078969784,-0.07183922,-0.038442485,0.0010781913,-0.060943395,-0.048312813,-0.07873852,-0.025815947,-0.0716661,0.048347015,0.03149251,-0.07003736,-0.077750005,-0.041554883,-0.0740623,0.01806524,-0.020158138,0.057308927,0.038475364,-0.017008936,-0.034064133,-0.033555478,-0.016077848,-0.08280545,0.004207303,-0.0057681478
-0.001129886,-0.012616915,0.0061375746,-0.03638614,0.045765586,0.038564883,0.05809528,0.0050029457,-0.042730793,-0.079118274,0.025766946,0.08612066,0.06762236,-0.026205074,-0.013989838,0.07332322,-0.024974236,-0.035814553,-0.039724372,-0.022660537,0.06515196,-0.027254859,0.034572866,-0.017373545,-0.027929869,-0.011122322,-0.03582796,-0.06426141
0.024234807,-0.032311484,-0.003013029,0.0049037603,-0.0112188915,-0.059116364,-0.00561233,-0.0075645065,0.011450949,-0.06919889,-0.053618733,0.008347076,-0.04080005,0.0058083865,-0.02462025,-0.0043963296,0.042596556,0.0016927999,-0.04288148,0.05497843,-0.004178403,-0.012746498,-0.049166273,-0.053591706,-0.02817673,0.016584873,-0.016188795,-0.027992962
-0.03335014,0.027087873,-0.08439161,0.09567952,-0.06578007,0.07644325,0.010495069,-0.057273544,-0.07425355,-0.06614234,0.0076162615,-0.08090962,-0.08049539,0.09923023,-0.015599046,-0.07109553,-0.0745122,0.08732421,0.08345076,-0.057164166,0.005155967,-0.074111074,-0.08201623,-0.0045682956,-0.011322751,0.040515866,-0.082694694,0.08061682
0.013624253,0.016098998,-0.016923578,0.057085153,-0.014866032,0.020567017,0.0072994162,0.026476517,0.009757926,0.0011633079,-0.0041155117,0.042761847,0.017863158,0.037745018,-0.0096150255,-0.018905517,-0.012657448,0.030236458,-0.038252823,0.0021740748,-0.0003186518,0.01817159,-0.00542204,0.0029723903,-0.010806735,-0.03042975,-0.022862311,-0.018194368
-0.058389172,-0.009953019,-0.04293002,-0.025865577,-0.060242526,0.03214892,-0.027405716,-0.012513673,0.006429444,-0.06685872,-0.02874541,-0.0298945,-0.055463586,-0.01617646,-0.03379768,0.020704117,-0.02063759,-0.06622167,-0.04487767,0.037673138,-0.031199662,-0.017240424,0.008470652,-0.06350093,0.004618805,-0.03983789,-0.061574295,-0.027057445
0.042792566,-0.009866121,-0.0005710347,0.051707778,-0.01034036,-0.040464774,0.07340234,0.06827276,-0.04110053,0.07910737,-0.011238791,0.032965932,-0.0003551455,-0.0064806254,-0.015553576,-0.013709636,0.014715794,0.067172326,0.008536317,0.056432363,-0.05951907,0.066026025,0.03993321,-0.0045390436,0.011962522,-0.014516821,0.04104524,0.05234971
0.053314943,0.010242528,0.008260577,0.059682775,0.0130346585,-0.0610979,0.005161104,-0.030320706,-0.07827729,0.04311405,-0.02741996,0.007045191,0.030011425,-0.02455213,0.013177756,-0.05015882,0.051225845,-0.077531494,-0.008335379,0.012892247,0.0007359331,-0.0014436276,-0.0017444876,-0.07244966,0.058372032,0.06496492,0.03258256,-0.00018664867
-0.039115902,0.07543208,0.057947822,0.016532784,0.048970003,-0.03076395,0.035988916,-0.03298076,-0.002967913,0.02060615,0.02898365,-0.000922065,-0.010864686,0.06992622,0.045625705,-0.003222593,0.010778008,-0.0058314204,0.037525315,0.016914811,0.07677447,0.021469116,0.0048836125,-0.008571526,0.032314017,0.06268769,-0.00017428698,0.029838212
-0.04084062,-0.06774886,-0.018136341,-0.037719842,-0.06022791,-0.028312027,-0.0018958698,0.0068302266,-0.04995154,-0.029676363,-0.054749306,0.023858586,-0.006752101,-0.050864097,0.03397831,-0.03844318,-0.039384905,0.030078765,-0.0139369,0.019876469,0.061578292,0.018805927,0.0082929,-0.028432524,0.00048241153,0.05963915,0.0119429985,0.0145538645
0.021366587,0.048982803,0.020082844,0.0505365,0.06850094,-0.010657011,0.053299353,-0.043778203,0.06533371,-0.03627194,0.043082405,0.08017777,0.07313468,0.016407084,0.047448456,0.05879131,0.026790757,0.011286729,0.025869949,0.062289592,0.047792964,-0.015456283,-0.0022378732,0.07688488,-0.08041428,-0.009660161,0.016599685,0.039552085
0.087933235,-0.0034935216,-0.0024655815,-0.015804846,-0.045026578,-0.058210894,-0.04969906,-0.03853525,-0.023749271,-0.03718908,-0.08082891,-0.016037824,-0.054072,-0.041770138,-0.027978616,-0.037730142,0.001971888,-0.07375468,-0.06954813,-0.02543837,-0.06956216,-0.043137588,-0.057738606,-0.048213735,-0.03765852,-0.041918527,-0.0548668,-0.051303916
-0.05713501,0.10883988,0.07462909,-0.0111525245,0.0029590542,-0.02861019,-0.02837314,0.030323217,0.011626128,-0.029831542,-0.07194984,-0.035231825,0.08257014,-0.013376905,-0.063468136,-0.04486964,-0.041962847,-0.05332494,-0.021845326,-0.056018595,-0.040455375,-0.02360729,-0.031228663,-0.039831314,-0.06377826,0.07641711,-0.028407367,-0.040048037
-0.03892794,0.020495232,0.014136464,-0.023253202,-0.04704595,-0.03515853,-0.053392712,-0.05120963,-0.06466484,-0.03225068,-0.08235787,-0.066809535,-0.06133572,0.019928006,0.017221501,0.0054710456,-0.0007607449,0.013470817,-0.06993728,-0.0013883004,-0.06787032,0.022435859,0.042084284,-0.06430013,-0.056195766,-0.06700065,-0.014522724,-0.041711964
0.001859707,-0.042598695,-0.024204785,0.026211258,-0.0633625,0.031468365,0.009393402,-0.011074554,0.00975688,-0.002671743,-0.058648463,0.055116083,-0.038952608,-0.03878418,-0.06638838,-0.0030564724,-0.015468466,-0.07887528,0.01610876,-0.03876547,-0.0073834932,-0.00082873995,-0.07393096,-0.050045058,-0.06572893,0.06006422,-0.046922114,-0.034538325
-0.03680827,0.03486889,0.018443014,-0.033713054,-0.054177526,0.005991345,-0.009615153,-0.012250601,0.0012258665,-0.069066696,-0.026973767,-0.011418933,-0.046925128,0.010781345,-0.020418787,-0.054075006,0.015399308,-0.043517474,-0.022776095,-0.010098726,-0.038505632,-0.055262752,-0.018503394,-0.064437024,-0.036532514,-0.014582762,-0.014217317,-0.051718093
-0.06496099,-0.043257065,-0.033380646,0.017387325,-0.06273369,0.003980569,-0.008931586,0.08607895,0.021639043,0.013770998,-0.0032829985,0.08434891,0.085857324,-0.048628863,0.010116892,0.008363575,0.023251466,-0.034294765,0.07258152,0.03261776,0.039308514,-0.0054742345,0.0421103,-0.00413037,0.04050786,0.008605508,0.013121361,0.023849748
-0.03378732,-0.03756765,0.035572615,0.050185796,-0.008990367,0.00063729554,0.0147124855,-0.039984018,0.033982698,-0.031774815,0.036832493,-0.015922822,-0.034646116,0.055912625,-0.0043464787,-0.03315747,0.023843033,-0.02139721,-0.06309002,-0.068757914,-0.05982346,-0.027790703,-0.024418209,0.007107056,-0.034644175,-0.021440292,-0.030671138,-0.03955498
0.058819592,0.024786273,0.08367998,0.017169824,-0.060501825,0.008340517,-0.0280315,-0.03924855,-0.05179229,-0.001498546,-0.0072694356,-0.019034699,0.0050942227,0.049977157,0.052598353,-0.06853235,0.022171084,0.035101403,0.009198528,-0.045984644,-0.042653285,-0.03357177,0.008775532,-0.037171807,-0.012715021,0.011680775,0.033676162,-0.0036670812
-0.09137263,0.006810127,-0.03475315,-0.06129561,0.003564952,-0.06473326,0.0349566,-0.0237857,-0.0110115865,-0.01881856,0.0449349,-0.042943496,-0.012757501,-0.002419674,0.037236884,-0.025581656,0.024429692,0.006023865,-0.040292606,0.036975738,-0.04894984,-0.023373606,-0.014795313,0.018961687,0.045627624,-0.024207482,-0.023202984,-0.06765949
0.05493844,0.027176738,0.013865909,0.084099635,0.021276543,0.024456339,-0.044317286,-0.051007364,0.059192657,0.011990676,0.017715318,-0.010500831,0.0042928476,0.010931641,-0.029500758,0.020345533,-0.00018286653,0.035798654,0.07529283,-0.07270347,0.011960911,-0.035446428,-0.017909711,-0.015983628,0.032186322,-0.006288143,0.037405856,0.0540631
0.040033944,-0.030447857,-0.045996483,0.0143847,-0.047344606,-0.06369397,0.038811292,-0.019533198,-0.033870082,0.022902777,0.00765097,0.036588237,-0.026799494,-0.03237349,0.070985556,0.018157978,-0.03894338,-0.025053987,-0.033013005,-0.041260127,-0.037272375,-0.07745566,0.078706734,-0.057704583,-0.019704457,-0.0032351485,-0.009433529,-0.077405445
-0.07628495,-0.025218517,-0.052290637,0.032772873,-0.024258807,-0.01921736,-0.00703218,-0.005219067,-0.033258326,-0.013141349,-0.053838972,0.03529177,0.0013222641,-0.06589924,-0.00509415,-0.02768632,-0.07598164,-0.03425335,0.013313489,0.010442607,-0.023630729,0.026650473,0.0067961216,-0.012791829,0.02583645,-0.041567072,0.025581034,0.017015062
-0.004386552,0.0021934644,0.013819102,0.023201514,-0.06499463,-0.057057533,-0.061866015,0.02311445,-0.041003212,-0.028262889,-0.052215703,-0.0022357816,0.004191511,0.034592446,0.04108299,-0.03828632,-0.036309816,-0.065343805,-0.019952588,0.03976752,-0.014609323,-0.07229388,-0.080695994,-0.037301023,-0.032227576,0.07983666,-0.012069861,-0.07234348
0.018434059,0.005136797,-0.031865936,0.07479062,0.017532527,0.07072453,0.06279532,0.071218655,0.022403948,0.08113872,0.05044495,0.003136363,0.046359945,-0.007878585,0.023348605,0.045286216,-0.02930641,0.048466757,0.08401751,-0.016801516,0.06309478,0.008457782,0.05559392,0.03690757,0.007938811,0.047883,0.013176092,0.056648787
0.049960572,-0.021140676,0.03584273,0.018539444,-0.030158533,-0.02420464,-0.023002366,-0.049941424,0.07499512,-0.07727115,-0.01529455,0.049450297,-0.00993236,0.03908372,-0.011440364,0.03049641,0.020725347,0.029855603,-0.044092897,0.021085013,0.013861841,0.050716028,0.04596969,0.05591619,0.05067276,0.011752406,-0.021490835,0.018718215
-0.010011583,-0.013720417,0.005871397,-0.064575665,0.04263631,-0.049893446,-0.039893206,-0.04991383,-0.056626614,-0.068328336,0.008203991,-0.0505927,-0.008434586,-0.010044923,-0.058312297,-0.06350862,0.016435731,0.014243339,0.036653854,0.0012225694,0.02031705,-0.032921206,0.0038345023,-0.026274888,-0.059595007,-0.045338735,-0.03761894,-0.06212373
0.0519943,0.013133997,0.060318213,0.025281237,0.008033549,-0.0163267,0.05979323,-0.04308802,-0.03038787,0.010324877,-0.009056917,0.027785791,-0.058185007,0.04274759,-0.028357612,-0.052319936,0.028705936,-0.044855405,-0.00079644716,-0.07665201,-0.009346128,-0.054163896,-0.03913302,-0.035783738,-0.0029295685,0.06245471,-0.06319731,-0.049068306
0.014661204,0.023982398,-0.012407772,0.06724203,0.046593163,-0.015114465,-0.06834544,-0.054987617,0.0031381454,-0.08007212,-0.027871158,0.027384337,-0.0137767745,-0.0089590335,-0.023547819,0.036041804,-0.006697504,0.029263647,0.049041063,0.019128462,0.041010186,0.060795568,0.009490464,0.021068562,0.043121688,-0.048874415,0.030173857,0.07533055
-0.028987912,-0.016627012,-0.03596946,-0.008848213,-0.01738145,-0.031188885,0.08837807,0.0037756932,0.040932573,0.013999789,-0.008170545,0.07176118,0.041847933,-0.047242433,-0.026173174,-0.0053548855,-0.007923679,-0.05551309,0.03836982,0.025547285,-0.047166817,0.06766018,-0.0012226471,0.0019345175,0.033660986,0.0013650106,-0.011967264,0.02457755
0.015226003,-0.04595494,0.06663141,-0.032000262,-0.0046303514,-0.009564272,0.0550066,0.07716199,-0.024518559,-0.046221767,-0.053621896,-0.02106934,-0.0362905,0.022915823,-0.006706906,0.04557633,0.09233873,-0.0089591695,-0.052429657,0.00028246865,-0.03774116,-0.035102062,0.007403566,-0.030142294,-0.015424631,-0.0035296406,-0.016291881,-0.0069527403
-0.02197413,-0.023410786,0.011581661,-0.04180769,-0.036329184,-0.04471782,-0.06770962,-0.007138537,-0.040290195,-0.009009407,0.020368783,-0.04764209,-0.039864425,-0.00941622,0.04166946,-0.00851482,-0.010320689,0.019172726,-0.0027398006,-0.01588477,-0.005635408,-0.032503087,-0.00371937,-0.007731374,-0.04846127,0.03204961,-0.0031051096,-0.04289869
-0.015815536,-0.02851025,0.043040454,0.044324547,0.022606587,-0.039561745,0.0035364307,0.009744995,-0.01679234,0.023947954,0.011587285,0.02980044,0.018996073,0.05346874,0.027897093,-0.028877886,0.073011935,-0.06764134,-0.019245721,0.020463467,0.02527705,-0.008200017,0.009897586,0.032179404,0.010578842,0.067692384,0.008657174,0.029193072
-0.038396936,0.011703144,0.04106687,-0.09284396,0.0097815115,0.0661511,0.035760198,0.015613793,0.06478642,-0.026943251,-0.031249244,-0.051687777,-0.041450933,0.014838834,-0.08115008,0.019082213,-0.007396029,-0.00566441,0.05187656,0.011383595,-0.020901598,-0.03157932,-0.050343357,-0.0010518847,-0.01726284,0.047086775,0.020791326,0.05656362
-0.00093382754,0.026507387,-0.005689958,0.016638055,-0.02048694,0.06721995,0.03679455,0.00445645,0.012363022,0.06629644,0.018054418,0.04964649,0.07037393,-0.0040570963,0.0115683125,-0.06731135,-0.007286634,0.07712203,0.059698142,0.0037664473,0.03651382,0.056779537,0.082132615,0.00087850064,0.027801016,0.040441643,0.06243803,0.06562955
-0.018547654,0.07128422,0.06166741,-0.030312294,0.025851205,-0.023124237,-0.024638748,0.06325448,-0.05606762,0.036837112,0.008207619,0.0012000136,0.061065592,0.058816485,0.07373115,0.06993186,0.043072052,0.008506647,0.022904169,0.069758825,-0.014544117,0.04410583,-0.009587135,-0.015459156,0.02177941,0.03364937,0.06275063,0.05380775
-0.004417985,-0.033416376,0.007752086,-0.034407225,-0.058853503,-0.009559562,-0.06481738,-0.014882688,-0.035940763,-0.0019266228,-0.07356351,-0.06882236,-0.05106322,0.036493182,-0.07134717,-0.03466314,-0.089373216,0.039392598,-0.022765411,-0.040295333,-0.004149533,-0.05038366,-0.061288763,-0.049833924,-0.04578898,-0.051178947,-0.056643747,-0.00798776
0.015876051,-0.00844599,-0.015899755,0.032713596,-0.018710386,0.047387898,0.026416438,0.02480631,0.04641965,0.03967038,0.008057404,0.06475641,-0.008788875,-0.00364255,0.03217124,0.002501988,-0.019522801,0.050214678,0.008861408,0.024953058,0.08323185,0.06612746,-0.01975438,0.03198215,-0.0029449095,-0.0048809964,0.0335731,0.005362399
0.024392506,0.10889054,0.09986634,0.09723847,0.083857045,0.0771135,0.09009198,0.089526385,0.083948866,0.07533296,0.095353946,0.09034203,0.0857088,0.09942643,0.088072784,0.07934178,0.110791974,0.08837095,0.08991928,0.08384334,0.10027294,0.09157103,0.08597522,0.08274462,0.08552448,0.08328878,0.092518196,0.08541552
0.064152524,-0.0066688024,0.03443676,-0.0023506007,-0.012544024,0.07133886,0.01763977,0.026604546,-0.050109703,0.016371064,-0.03793162,0.031347368,0.009387237,0.011108684,0.06738006,0.0071330606,-0.018583812,0.042708788,0.062404133,-0.0212199,0.028381683,-0.06149363,0.025230967,0.015908604,0.015487938,0.04620515,0.04900696,0.07749845
0.03506674,0.028224295,0.022632558,-0.021651529,0.046435982,-0.04328885,-0.053288393,0.04370756,0.03699367,0.017278453,0.009877068,-0.01303603,-0.046220865,0.023307623,0.05038034,-0.06583904,0.082663275,-0.05573123,0.060891077,0.08084409,-0.036240306,-0.003741875,-0.051632706,-0.006413811,0.06821277,0.017673802,0.007533652,0.032458544
0.07508043,0.09815101,0.09700891,0.008036298,0.07079945,-0.04095216,0.038273335,0.015285191,0.06443317,0.052488603,0.0823141,0.06431086,0.041581064,0.097745605,0.05198415,0.055077612,0.09284841,-0.050497863,0.0537467,0.072495334,-0.058293354,0.006583257,0.039467413,0.05250388,0.079672046,0.06717922,0.05698946,0.0626519
0.0042819753,0.015975967,-0.030218804,-0.04439287,-0.061603073,-0.00083158514,0.08648096,-0.0056943716,-0.059527867,-0.020574138,0.003688676,0.01117219,0.009862375,-0.030298399,-0.05540097,-0.026321359,-0.0028418307,0.0219662,0.018916672,-0.050856832,0.030832006,-0.042144656,0.026773315,-0.023566749,-0.024875876,-0.021871977,0.025406964,0.004366879
-0.027133366,-0.093876615,-0.077294536,-0.03821278,-0.0690411,0.010487731,-0.053359035,-0.055387903,-0.051267404,-0.064303495,-0.052618723,-0.04322449,-0.07280183,-0.08204462,-0.022728426,-0.06024875,-0.07787827,-0.04669534,-0.03791624,-0.05111158,0.0013900055,-0.047348414,-0.06357515,-0.027995752,-0.029762778,-0.054212365,-0.031021649,-0.022855928
0.041891906,-0.056256574,-0.036983695,-0.031895794,-0.03284539,0.02513685,0.035796613,-0.015329872,-0.057340745,0.04757469,-0.048230827,0.057357118,0.052307926,-0.043055978,-0.020028573,0.0040388093,-0.04438784,0.0041577886,0.03194158,0.020690357,-0.06838068,-0.023019025,0.04063557,-0.034553643,-0.01295413,0.014398202,0.031160913,-0.014226403
-0.055478495,-0.04301959,-0.04894544,-0.014464499,-0.03311114,0.052268613,0.024726897,0.04353261,-0.0066795037,0.016468551,0.0057068192,-0.036447313,0.020453503,-0.069060534,-0.05375791,0.025369136,-0.027053095,0.0653685,-0.0030264093,-0.02388614,0.04353678,-0.010387961,0.025245408,-0.034788918,-0.0015462181,-0.022480497,-0.009728335,0.012483171
0.03079977,0.012475218,0.0041302876,-0.01376323,0.059671625,-0.038180884,0.07125044,-0.048560534,-0.08088101,-0.008989014,0.002174096,-0.07974368,-0.033751275,0.023248844,0.037247088,0.025814138,0.04915934,0.0014813647,-0.048898093,-0.0727108,-0.0037768069,-0.030516464,0.039808523,0.015147575,-0.00072510616,-0.039084386,0.0416231,-0.0036805419
-0.031084076,-0.02205025,-0.039976247,-0.07075083,0.051460378,0.066469684,-0.020734945,0.01920504,0.0078047793,0.06291187,-0.020201623,0.052746303,0.063869394,-0.0023098357,-0.04843268,-0.02482684,-0.023660917,0.024305156,0.015594496,0.058479585,0.056995735,0.050474826,0.010233478,0.02169875,0.055226136,-0.084190115,0.035628848,0.07824079
-0.04190425,0.027851053,0.04287703,0.004269902,0.036520075,0.038005847,-0.024320908,0.03842176,0.06444925,-0.06836887,0.021422334,-0.016534165,-0.0018894515,0.054336607,9.8809105e-05,0.0028239633,0.024762383,0.06999726,0.061617047,0.020497704,-0.046552107,0.04726568,0.0485126,0.067705646,0.061827272,-0.02180774,-0.0008861444,0.037487105
-0.0712141,0.0017122995,0.033007048,0.039099902,0.019141844,-0.009575038,0.055098455,-0.04700185,-0.0040122434,-0.011165947,-0.03917952,0.0045636427,0.054728057,0.0117708165,-0.075617336,0.071961634,0.029786736,-0.043814026,0.030458553,0.004480364,0.05412237,-0.031804517,-0.043068074,-0.04743173,-0.058444254,0.039244488,-0.05977502,-0.06961124
0.097451925,-0.06316755,-0.021352703,-0.046936583,-0.037903327,0.037179008,0.011148374,-0.041292083,-0.03508357,0.0077442634,-0.04806143,-0.0331398,-0.05023008,-0.055455185,-0.016974054,-0.025266802,0.01978577,-0.05961335,-0.025746493,-0.073188014,0.027355086,-0.05015659,-0.06654947,-0.056799877,-0.02344909,0.024683807,-0.019696273,-0.012635817
0.0058458466,1.9329149e-05,-0.028143022,0.023803066,-0.0020762875,0.06549483,0.055419095,-0.006807591,-0.007976561,-0.015879506,-0.026362404,0.08785786,0.04332529,-0.02465882,-0.0242312,0.018637182,-0.03969375,0.067215815,0.04187436,-0.077821344,0.07439712,-0.06497965,0.07495826,-0.06189298,0.075556,-0.018387478,0.0919805,0.08554532
0.044061627,0.0063172826,0.048403636,0.03165975,0.044218868,0.008638544,-0.01795127,-0.03395781,0.020986961,0.012357807,0.05329733,0.03465202,0.037617132,0.0087633515,0.018907728,-0.061705235,-0.0105784815,-0.038014244,0.035262205,0.051604725,-0.08200121,-0.037956804,0.013864936,0.053280666,0.006997244,0.060927216,0.067011386,-0.011416454
0.1005132,-0.0138282655,0.038386103,0.008564026,-0.054186914,0.00059994863,-0.02385809,-0.012657495,0.0039449898,-0.026533186,-0.036248524,-0.032796502,0.03723515,0.07443777,-0.014359854,-0.033865765,0.027744653,0.04572275,0.005739826,-0.015522986,0.031165417,-0.02154761,-0.021369543,-0.062369104,-0.00889709,0.016796364,-0.03825683,0.015059818
-0.043902956,-0.09746884,-0.094258755,-0.051227547,-0.025291448,-0.06773655,-0.028886728,-0.01202498,-0.04033949,-0.08022351,-0.09125052,0.06218064,0.036624026,-0.09876694,-0.06847732,0.0067814807,-0.032464437,-0.05023967,-0.08124869,0.055826206,0.032692116,-0.027178936,-0.0023725305,-0.06212399,-0.032520775,-0.07565192,0.014509042,-0.018414404
0.038614474,0.08104083,0.027156936,0.06713514,0.027325643,0.06750482,0.07423516,0.07170929,0.07232056,0.07756142,0.08059739,0.02522456,0.038372602,0.044749923,0.056738365,0.06297682,0.018701697,0.06606041,0.05861619,0.011069589,0.051273115,0.042426247,-0.0314058,0.061748993,0.060278613,0.07520313,-0.017791323,0.018158149
-0.05542798,0.07860308,0.08121439,0.037611037,0.040566944,-0.016543688,-0.0019133476,-0.002828892,0.022095185,-0.0043167914,-0.017419677,-0.025043517,0.014608036,0.07755871,0.021948513,0.06035416,0.07554072,-0.004349625,-0.037322234,-0.026707,0.030620262,-0.010331514,-0.0100251995,0.025442267,0.0056035444,0.06464316,0.040053967,0.031115197
-0.010636169,-0.06308309,0.09254807,-0.05060255,0.06970188,-0.064771906,-0.054396234,-0.025454799,0.047287602,-0.036649562,0.0298557,0.035484724,0.052428886,-0.04411615,0.05409213,0.0438502,0.07550244,-0.04610612,-0.010110535,0.00045732473,-0.046914347,-0.012196149,0.08177231,0.011154797,-0.003861508,-0.062301323,0.039540637,-0.064507775
0.049872324,0.015533127,-0.03950849,-0.024199668,-0.032247774,0.020335274,-0.007066021,-0.042378824,-0.036369503,0.039351437,-0.03046497,0.060040127,0.04404899,-0.027921613,-0.060246274,0.070192836,0.007346058,-0.0112834405,0.028877204,0.054097395,-0.034472305,0.057400644,-0.01233641,0.0062330146,0.06077976,0.029935544,0.008973698,0.007159161
0.08100791,0.036864504,0.023148125,-0.044588022,-0.039459724,-0.05615776,-0.057585683,-0.045838125,0.0069553056,-0.023908282,0.01975486,0.0005530492,-0.030779855,0.056358773,0.06142795,-0.009235088,0.078791365,0.01959491,-0.021428298,-0.013776701,-0.043838378,-0.011665476,-0.014447229,-0.0329783,-0.011749062,-0.024014488,-0.030701498,-0.052516717
0.039270297,-0.035879187,-0.009306481,0.029236618,-0.0144155305,0.015104682,-0.006640593,0.045126412,-0.032273978,-0.037696313,-0.0028361897,0.03401846,0.014592812,0.00528612,-0.0076242527,-0.012551729,0.03272516,-0.036923826,0.067789055,0.030080983,0.007380882,-0.013655557,0.024576323,-0.0069771246,0.026932757,0.03798932,-0.025377927,0.012795345
0.052889947,-0.024342088,-0.007666511,0.033906054,0.03006744,0.0011770492,0.018307045,-0.04803381,0.04276922,0.026343647,-0.06851182,0.06116712,0.0693082,-0.013168004,0.00056369987,-0.04411267,-0.022594228,-0.0067115375,0.030130688,0.06572585,0.02542181,0.025429279,0.04715831,0.021861667,-0.032427356,-0.08052745,-0.055038143,0.022721056
0.022327507,0.011628894,-0.0011631027,0.009276221,0.034890316,-0.056603566,-0.029125672,0.022356676,0.016532607,-0.011247895,0.038364466,0.06026959,0.041806627,0.0071757757,0.02804242,0.0201638,0.09747845,0.0012516255,0.06020047,0.04547329,0.031287674,0.02969051,0.050742846,0.023841754,0.06612959,-0.035582677,0.030387562,0.0058944006
0.010532881,0.026187826,0.06054152,0.093627945,0.059305143,-0.031297207,-0.05451608,0.01642373,0.073550195,0.014536574,0.058775123,0.07015618,-0.061044056,0.06155195,0.05090206,0.031240059,0.0600127,-0.009689018,0.017391335,0.06431009,0.01820518,0.050916113,0.06371392,0.017682433,0.067258194,0.005375492,-0.059951868,-0.021971073
-0.04861036,0.105988845,0.03742837,0.025537008,0.028026326,0.0036785656,0.034327287,-0.065506235,0.054671366,-0.007763037,0.049029734,-0.013001888,-0.011958514,0.021820052,0.036390893,-0.006643571,0.009645265,0.0395105,0.0768402,0.044242956,-0.05308079,0.070321135,-0.03815723,0.037811495,0.06168273,0.056576673,0.08232766,0.081439815
-0.014642691,-0.107114844,-0.065766364,-0.021095198,-0.039347745,0.033686496,-0.0083385445,-0.0659884,-0.062645525,0.008261271,0.022602826,-0.07577049,-0.037986103,-0.04754058,0.009148143,-0.06904153,-0.058882598,0.025852801,-0.072954044,-0.019644625,-0.06453937,-0.0030034557,-0.020967804,-0.028861342,-0.03146185,-0.08203329,-0.07683594,-0.020253925
-0.062194593,0.0064857984,0.0067035183,0.038069006,0.0074665686,-0.04876413,-0.022699088,0.007068989,-0.014354124,-0.038888574,0.0036951029,0.014867009,0.03905503,0.025740406,-0.04658475,-0.029242259,0.008988399,-0.039534662,-0.01364782,0.005130848,-0.014883889,-0.035387166,-0.0047311764,0.009502133,-0.015947092,0.04234756,0.022390202,-0.006188494
0.07426423,0.04796224,0.023053208,0.07078492,0.069721915,0.007004604,0.05733309,0.0475549,0.02360473,0.047078043,-0.01036277,0.029674085,0.027558992,0.03863502,0.050954487,0.023157772,0.0352126,0.022041416,-0.032118354,0.073200814,0.015181045,0.049144182,0.038290773,0.039162546,0.059312187,0.014617111,0.056560997,0.009049948
0.02591883,-0.016221397,0.041767344,0.014150622,-0.0602945,0.048498824,-0.05145654,0.034508206,-0.05127673,0.03128815,-0.04248485,0.030239265,0.042600833,0.015712665,-0.074201435,-0.044157382,-0.009172055,-0.06920934,-0.015258344,-0.030964937,0.029859556,-0.04256689,0.037936587,-0.050788708,0.00890092,-0.019702526,0.031089948,0.041429467
-0.050743315,0.05862251,0.05981911,0.09574849,0.056575198,0.059747625,-0.008399217,0.06594744,0.05545256,0.051822204,0.05351172,0.048763845,0.06972489,0.095502056,0.044871468,0.07109579,0.043884557,0.054047376,0.036503144,0.03708221,0.027702587,0.07540999,0.06885377,0.08208658,0.026824964,0.041533567,0.07952497,0.07088634
-0.08749545,0.011238686,-0.030213274,-0.03161798,0.07319852,0.06623101,0.051135287,0.05580215,0.035584193,0.0057971887,0.05221001,-0.009644754,0.050752427,-0.011106442,0.0015446746,0.034889404,-0.052386772,0.08337477,0.08076696,-0.014596887,0.07210305,-0.029439347,0.08207263,0.034089908,0.06657099,0.07929785,0.080803946,0.07314581
0.027812205,0.014221938,0.05892588,-0.006702532,0.022416208,-0.0681235,0.048621323,0.055937104,0.049723856,-0.02218079,0.01025726,0.007262342,0.081971854,0.028524993,0.03432072,-0.0035788917,0.026724167,0.03605139,-0.020967271,0.023163075,0.030589491,0.010529466,0.05556283,0.07771452,-0.0006621067,0.027723538,0.038910877,-0.04975385
-0.05306523,-0.012293098,0.010490056,0.011463085,0.0597924,0.007482117,0.012796591,0.03963419,-0.0072272937,0.066049784,0.009210112,0.07112557,0.06978424,0.03788959,-0.0028483781,0.062613115,-0.0062192203,0.004209918,0.050606858,0.060741257,0.01261902,0.059896775,0.030246966,0.04395813,0.058682825,-0.020566132,0.042575043,0.04873576
0.07686862,-0.00035800826,-0.026389908,0.050149035,0.047893714,-0.030442106,-0.066087686,0.05892277,0.054395717,0.055420853,-0.023956468,0.061724823,0.060316693,-0.049473245,-0.020940594,-0.00585211,-0.017446995,0.0565863,-0.015399354,0.06682674,0.06765126,0.0684268,-0.022143567,-0.0123622725,-0.049382884,0.033982147,0.07081059,0.072736986
0.02726808,0.034404483,0.037825663,-0.03181409,0.044812348,0.05101037,0.04572037,-0.009654732,-0.007212644,0.039652776,0.019184489,-0.05328429,-0.029922904,0.02366244,-0.0307938,0.0068588275,0.010440518,0.039667662,0.037714142,0.00708008,-0.030962192,-0.011259002,0.008023628,0.052714303,0.032555826,0.06381394,0.000372624,-0.005031105
0.090431504,0.023819644,0.07357749,0.07969319,0.033638757,0.05847885,0.06501535,0.048172552,0.049447082,-0.028603496,0.037874192,-0.012061732,-0.00804293,0.07848876,-0.040249664,0.046363425,0.1087895,0.051703326,-0.00010039606,0.04093601,0.059415057,0.040744513,0.012442268,0.009013243,-0.0097643,0.03888358,0.0387247,0.044927705
-0.09882089,0.045883726,0.08982076,0.015452222,0.036321253,-0.026636444,-0.05330135,0.0054375976,0.013319231,-0.023412863,0.039691932,-0.0033674953,-0.03589283,0.08956281,0.05229704,-0.0597042,0.087925754,-0.0046910834,0.02657049,-0.033647224,0.03334302,-0.027847938,0.0031313933,0.002074061,-0.03972788,0.029557932,0.009683839,-0.0014790181
0.05402232,0.061410025,0.04209261,-0.0073356647,0.019405968,-0.06272723,0.0300362,-0.055221498,-0.04146943,-0.08099748,0.053018343,-0.014421461,-0.06738378,0.045231972,0.003746079,0.0054447013,0.020306673,-0.007017141,-0.039562106,-0.050982855,0.007831224,0.018823275,-0.03265113,-0.045308203,-0.062350605,0.048711322,0.03047853,-0.023265513
0.014574892,-0.055580787,0.0018632942,-0.033444554,-0.050170064,-0.018260691,-0.0291557,-0.082731865,-0.07267607,-0.061654482,-0.095232435,-0.036793496,-0.05715793,-0.0440943,-0.0752796,-0.06761584,-0.013895305,-0.08401891,-0.08860036,-0.0421354,-0.05904414,-0.08756716,-0.07025365,-0.05942326,-0.058393568,-0.0019023217,-0.07163275,-0.07820953
0.021882648,0.035769407,-0.04269255,-0.011763272,0.048712082,-0.04053965,0.067102365,0.04828952,0.03414669,0.008694039,0.020340165,-0.027647858,-0.021665795,-0.0004444946,0.005171543,-0.05008758,0.052083116,0.0854055,-0.06669519,-0.0039180294,0.044360425,0.06634509,0.06387547,0.066587076,0.030593928,-0.08067624,0.057694603,0.07079668
-0.018249162,-0.006466132,0.008424632,0.00576447,-0.042352874,-0.009186158,-0.051881727,-0.070497625,-0.008181935,-0.00437542,-0.06051143,-0.052775115,-0.043771315,-0.018432995,-0.039215032,-0.030180432,-0.011973443,-0.052502956,-0.06631713,0.04766547,0.018018844,0.091258205,-0.060327902,-0.06952384,-0.03707221,-0.06916871,-0.07879491,-0.044134002
-0.05107024,-0.05900114,-0.045795403,-0.035668917,0.017013423,-0.05989189,-0.046254653,-0.0823954,-0.045952547,-0.055740897,-0.028915372,0.018829918,0.009238675,-0.05972988,0.032388024,-0.03583252,-0.030822264,0.035206456,-0.03736908,-0.071361795,-0.040731415,-0.06475357,-0.030195642,-0.02280092,-0.052082337,-0.017929733,-0.07298381,-0.058639448
-0.008971037,-0.0019657193,0.038319085,-0.0019513716,0.035600346,-0.04704265,0.036704738,-0.07868117,0.0005896816,0.019531213,0.03409881,0.022359036,0.015652081,0.023385787,-0.07457825,-0.016387517,0.020591434,-0.04368404,0.060692985,-0.07758677,-0.054821555,-0.059986692,-0.04361913,-0.0005603617,0.026809456,-0.018149158,-0.013900807,-0.019307628
0.042737644,0.086147204,0.08346702,0.064108096,0.056558397,0.06780999,0.08188874,0.046096325,0.06471695,0.08005117,0.088788524,0.03393578,0.03813845,0.09707533,0.057544824,0.058564752,0.06387088,0.070787355,0.07352242,0.07592317,0.019168595,0.0660401,0.082309715,0.06678703,0.076279275,0.064725876,0.059515998,0.069286056
0.08618038,0.0142060425,-0.033988003,0.050223757,0.07127852,0.0637888,0.01147385,-0.02632003,0.025277877,0.07014105,0.06699728,0.009934239,0.040426783,0.011388873,0.05915876,-0.018416118,0.04391681,0.020098798,0.018041816,0.061321374,0.051539104,0.055852752,0.07256039,0.07195323,0.02491864,-0.027218787,-0.014259779,-0.0055724843
0.06149013,0.064624876,-0.052823212,0.028983347,0.0025058142,0.003378678,0.039179128,-0.07925601,0.05362938,-0.022924611,0.037015412,0.059108555,0.04022646,-0.063395336,-0.028574148,-0.01453852,-0.016399644,0.03992834,0.04222112,-0.015189425,0.018271016,-0.032680165,0.026754823,0.049291965,0.050000258,-0.026060961,0.0013508956,-0.036249854
-0.09880857,0.022158118,-0.05896856,-0.0012651988,0.021499036,-0.019848667,0.017829005,0.010213672,0.045870498,0.052160643,0.058653288,0.052755006,0.013971151,-0.037234765,0.06020448,-0.03600005,-0.061414197,-0.031048488,0.037521914,0.055106808,0.053408865,0.051642366,0.007809501,0.024430184,0.07361976,0.06625009,0.051037848,0.0006304814
-0.08173036,0.031531736,0.011513803,-0.0721,-0.0022429342,0.028878596,-0.027949722,-0.06258895,0.031937882,0.0053913244,0.02184451,-0.06344596,-0.068942696,-0.0053212224,0.032958716,-0.046449106,0.04163717,-0.054795478,-0.016654784,-0.04927473,-0.04461332,-0.052644107,-0.0329685,-0.06958389,-0.035442553,-0.07685861,0.0065299445,-0.045508314
-0.019694103,-0.0081569245,-0.0075445944,0.042068478,-0.049904153,-0.009078405,0.07071191,-0.056173652,-0.018890768,-0.026789168,-0.07176869,-0.052447353,0.014482868,0.008898471,-0.0006924727,0.0249039,-0.037341822,0.046870038,-0.014480708,-0.04852785,-0.0034204628,0.029457392,0.0068997433,0.023386372,-0.06133239,-0.008947913,0.016606702,0.013650676
0.05320505,-0.026656607,-0.0043706135,0.038030528,0.035410434,0.04503153,-0.0191201,0.05607452,0.044496454,0.037329305,-0.03552202,0.053826485,0.061577898,-0.032413162,0.04981015,0.07479036,-0.010647595,0.019857898,0.025710305,0.024512505,-0.02428332,0.03017228,0.0111804595,0.052864034,0.02688545,0.029901892,0.028801344,0.057246555
-0.0012369831,0.08040181,0.06793269,-0.0047978903,0.011973988,-0.07099418,-0.0846195,0.0391227,-0.05542076,0.005306927,0.044705436,0.007425823,-0.021103319,0.020421138,0.070321366,-0.0058429516,0.08326745,0.057361092,0.032259848,-0.031119987,0.009159409,0.012971869,0.051903218,-0.070491135,0.053128842,0.037591238,0.037995983,-0.019112993
0.047379844,0.032311704,0.05541319,0.060492,-0.045233835,0.03225282,0.023594094,0.08246277,0.060084783,0.0057936185,0.042028036,0.019597204,0.032469347,0.038397893,0.067932464,0.070400156,0.02537772,0.078798905,0.051785864,0.053484637,0.021342305,0.05414891,0.045297693,0.071429804,0.061392114,-0.009186757,0.085431896,0.07852037
0.06866263,0.029347949,0.06218177,-0.0064258617,-0.049873646,0.014225443,0.040491007,0.041435216,0.053270213,0.07760969,0.03576126,0.018791074,0.027696906,0.051791366,0.07111864,0.06642868,0.06035081,0.0066595715,0.017805785,-0.068627566,0.03947129,-0.04635242,0.053704243,-0.040635675,0.013025079,0.06110987,0.022181373,0.018538889
-0.032189287,-0.05707753,-0.041245278,-0.061097573,-0.037300862,-0.07681527,-0.085732356,-0.051665176,-0.055357095,-0.059420038,-0.010644332,-0.025913885,-0.082091704,-0.06395245,-0.06318443,-0.0520322,-0.03086102,-0.082001336,-0.04727501,0.012514968,-0.016355723,-0.0572376,0.03383558,-0.08282984,-0.0812086,-0.06735529,-0.055848278,-0.072966374
0.017710576,0.020218074,-0.020493694,0.046297945,-0.033517838,0.03314039,0.06164212,-0.039993796,0.038926203,-0.005390675,-0.0018716971,-0.05397027,-0.0549437,-0.0232477,-0.016624259,-0.041715723,-0.017443754,-0.039543394,0.011134209,-0.03253664,0.060610406,-0.03681647,0.05199319,-0.035863996,-0.020592634,-0.0020988418,0.031794753,0.024880363
-0.017392993,0.08359662,0.057821304,0.011441203,-0.059551526,0.015993414,0.04170459,-0.075723164,-0.008471409,-0.073069975,0.0010496131,0.07662491,0.023412615,0.044533834,0.0036087986,0.06620834,0.028353075,-0.04529243,0.03934046,0.020654328,0.061669275,-0.06782245,-0.05655931,-0.048969503,-0.058120523,0.081298575,-0.07449391,-0.070019476
-0.008732312,-0.03731485,-0.02324709,-0.0345965,-0.015679797,-0.021011222,-0.026006453,-0.004501865,-0.009640028,-0.01940278,-0.025898946,-0.06322687,-0.05253031,0.013762965,0.034487236,-0.060427133,-0.05622237,-0.07292433,-0.0590406,-0.047874562,-0.0355718,-0.051145215,-0.032295886,-0.053252123,-0.059764422,-0.05150062,-0.060783826,-0.028445918
-0.02223448,0.009371784,-0.064977445,0.06942835,0.04289425,0.074425265,0.06536172,0.04512354,0.055939008,0.080873966,0.041441042,0.044966158,0.081686676,-0.05380643,0.039651006,0.07200567,-0.06970542,0.05686737,0.07979329,0.054851804,0.0597469,0.07613371,0.07698682,0.07918593,0.07458745,0.058925536,0.08305336,0.080877274
-0.062724054,0.0014374263,-0.008090253,-0.059327576,-0.05831856,0.065141924,-0.06285573,-0.021875596,0.05276015,-0.08094664,-0.014065993,0.028056173,-0.051470138,0.043578893,-0.06049744,0.0012070447,0.034644637,-0.015522542,0.00073453353,-0.025764102,0.033693004,-0.07354176,-0.018289817,0.04701124,-0.055105295,0.018490294,-0.04389559,0.024655448
0.02447997,0.037476845,0.0075077848,0.06724238,0.039499592,0.029943356,0.012523577,0.037529845,0.032988477,0.052978102,0.059276678,0.039032068,0.016578713,-0.00638655,-0.031016897,-0.037251316,0.014398289,-0.008816745,0.067140006,-0.011515282,-0.009168794,0.022402292,0.040557876,0.027136812,0.0073417295,-0.004125263,0.048358377,0.045804556
-0.02979579,0.079353765,0.0590679,-0.0013452036,0.0031675992,0.03028947,0.016360601,-0.022332832,0.064690165,0.053805143,0.046494205,0.030864926,0.04698399,0.05057077,0.026715398,0.021634039,0.02860891,0.03714177,0.0653978,0.039380636,0.0047108447,-0.010481137,0.037467595,0.00057825126,0.07028363,0.018940097,0.0649995,0.06422591
0.030474529,-0.008315128,-0.014595066,-0.002519114,-0.04409829,0.0248595,0.012681949,0.034030315,-0.029538862,-0.077527404,-0.074195355,-0.04233411,-0.08109663,-0.008038537,-0.07673014,0.057346463,-0.03690514,0.048028085,0.034781586,-0.008093999,0.07196302,-0.043126356,0.0033552642,-0.034697313,-0.061630305,0.027786484,-0.020915324,-0.04330281
0.05838504,0.037649058,0.0421879,0.0459784,0.07332808,-0.07308083,0.0067969575,-0.046180278,0.05347241,0.020368624,-0.025067985,0.010978757,0.049482834,0.0048065186,0.06559054,-0.06189506,0.07605739,0.0025256462,-0.037971217,-0.049013834,0.020290852,0.029902438,0.056091987,0.011902309,0.0331543,0.015327547,-0.010897911,-0.05769775
0.047093466,-0.10310764,0.0014960582,-0.07441526,0.05061506,0.017239304,0.02953493,0.053254165,-0.05815811,0.06311573,0.027005427,-0.07600331,-0.06733447,0.043781392,-0.033341046,-0.055389673,0.03494723,0.042028464,0.052176237,0.029993381,-0.007611674,-0.024773367,-0.022765674,0.0012464349,0.011232711,-0.0800722,0.032866396,0.037283644
0.032745715,0.031735547,-0.014108796,0.04677211,-0.037775066,-0.07494047,0.032023914,-0.04376286,-0.05954642,0.010714136,0.021763716,0.0015163305,0.0032503991,0.04908752,-0.048055906,0.028138632,-0.05076567,0.05677605,-0.020104619,-0.042776275,0.015757503,0.05807656,-0.036860973,-0.010692883,0.052996762,-0.025204554,0.013390899,0.023671148
-0.0075989403,-0.0852012,-0.0011364148,0.0063274647,-0.025069576,0.049223844,0.002079405,-0.07317282,-0.046664592,0.026266845,-0.03712241,-0.029079359,-0.006085106,-0.048064593,-0.04717102,0.06958418,-0.051305193,-0.0030864368,-0.05564052,-0.045717556,-0.058174174,-0.029683644,0.040906023,0.03278436,-0.01750013,0.016384842,-0.018838575,-0.014983158
-0.015538416,-0.10600183,-0.0062973667,-0.010703531,-0.06679208,-0.033568,-0.058230378,0.080495425,0.058752254,-0.03781953,-0.077076405,0.029750008,-0.051140208,-0.06510506,-0.047243427,-0.043425385,-0.013838182,-0.017458536,0.017608931,-0.065924406,-0.032366123,-0.060354047,-0.04863539,-0.073496476,-0.026007418,-0.083328046,0.06550619,0.0614523
0.014610326,-0.023902854,0.025816152,-0.041946772,-0.040274363,-0.0023346883,-0.013847649,-0.061918914,-0.050681487,-0.0025118473,-0.026262803,-0.019118624,-0.017161028,0.0026658399,-0.020043598,-0.020271484,-0.055029783,-0.0019357073,-0.024905698,-0.030812865,-0.026286677,-0.022432454,-0.0041231425,-0.017924313,-0.028014703,-0.009533764,-0.0060043666,0.0172856
-0.017683636,-0.03770754,0.0032671334,-0.012125223,-0.029446945,-0.043979257,-0.05981324,0.014250472,-0.020268627,0.01953897,0.038722247,-0.008339857,0.03986199,-0.043365203,0.031802416,-0.048694897,-0.009870022,0.0110418415,-0.036211118,-0.07016669,-0.009419777,-0.008810996,0.02664391,-0.01725488,-0.02191543,-0.040277872,-0.029146336,-0.05539453
-0.024021035,0.048442766,0.02548934,0.01461676,0.06379151,-0.04460286,0.005690733,-0.040628035,-0.03912853,-0.005453675,0.041660603,0.057031922,0.024129871,0.0592709,-0.0023816116,0.047125347,0.041054152,-0.07731468,0.031804476,-0.027502267,-0.011684985,-0.038726382,-0.052435834,-0.024888437,0.055733968,-0.045494866,0.06070486,0.07177684
0.02027154,0.0649491,0.005156933,0.082400665,0.05051638,-0.058666535,-0.07303097,0.026957808,0.053954937,0.047128715,0.0023687012,0.009469291,-0.011562161,0.034185912,-0.022780191,0.001674661,0.0732859,-0.05333286,-0.010224509,0.046766534,-0.0057197283,0.075930566,0.045984253,0.05485442,0.04371885,0.06334472,0.06287938,0.021055883
0.08664625,0.057223365,-0.0049927738,0.035827212,0.038669396,-0.0039406023,0.036833197,0.03555474,0.03596505,-0.06885577,0.022908462,0.0779598,-0.007593191,0.024583438,0.051325552,0.026136111,0.06823927,0.025483167,0.05958622,0.042717088,0.039542932,0.066798046,0.031036673,0.026515232,0.052397586,0.048339818,0.06276617,0.06527616
-0.03197109,0.0079349065,0.0064078514,0.071069025,-0.008846289,-0.046720833,0.008514939,0.020953864,0.038051307,-0.033057015,0.009784203,0.037599787,-0.022806251,0.0069892043,-0.02897128,-0.06534961,0.025936084,-0.04415003,0.028371,0.023170974,0.033795267,0.0268402,0.01994978,-0.009339836,0.041754074,0.06673083,0.047001995,0.029532779
-0.050902866,-0.009018761,-0.055744022,-0.022165738,-0.07489708,0.0014988484,0.031883426,0.00015184243,-0.06156826,0.032370828,-0.045502625,-0.05394411,-0.030635733,-0.053664003,-0.06835133,-0.044723805,-0.09325952,-0.022219138,-0.052787997,-0.041046195,-0.045864593,-0.018824276,-0.05379478,0.0029716326,-0.06303034,-0.03135464,-0.03752481,-0.005064101
-0.034945104,-0.05756689,0.030766401,-0.05029455,-0.041964777,-0.030481951,-0.032123547,-0.0722218,-0.038047593,-0.027034728,-0.004234389,0.008611983,-0.0014608408,0.003620467,-0.052819774,0.06876602,0.0007456639,-0.062496208,-0.07021257,-0.033373516,-0.02708019,-0.05873725,-0.03856102,-0.014050366,-0.06314546,-0.030021772,-0.016363584,-0.048949666
-0.00534831,-0.00615469,-0.06305094,0.090030424,0.040642556,0.04166835,0.014660711,0.0102425115,-0.03574497,0.06785871,-0.018892514,0.035424784,0.06352765,-0.06247628,-0.03678015,0.00816911,-0.044633534,-0.005778149,-0.02181025,-0.046355333,0.039670177,0.057298988,0.06506344,-0.04347451,0.020776032,-0.022898681,-0.08044926,-0.056911852
-0.010518864,-0.022471897,-0.045688797,-0.0049296687,0.0031679359,-0.06992089,-0.05399807,-0.018852454,0.000759887,-0.036784284,0.0059517785,-0.022872912,-0.04559871,-0.0027083647,0.007970331,0.0046442486,-0.07835255,0.008502542,0.01777735,-0.03893173,0.05333295,0.015350343,-0.024728745,-0.04143108,-0.043404702,-0.060121253,-0.037266653,-0.03742522
0.00083568867,0.047357313,0.02958202,0.01834149,-0.013019971,-0.027493918,0.02943303,-0.0055957623,-0.02298901,0.0783058,0.012333916,-0.020853257,0.039237548,0.06380643,0.026149957,-0.04552476,0.027690884,0.015676308,0.0010565195,-0.056533836,-0.0048476937,0.032465134,0.044933073,0.027402706,0.028272225,0.05903343,0.04334763,-0.022920627
0.019887418,-0.06313702,-0.032003783,-0.006704437,-0.04136028,0.027981345,-0.022864008,-0.046788413,-0.06347919,0.02817305,-0.008310222,-0.08155352,-0.010744478,-0.024542376,0.0009267933,-0.042544317,-0.034629602,0.064047664,-0.036072563,0.007529805,-0.070640385,0.03973989,0.01693142,0.002830116,-0.021782998,-0.08101846,0.028889993,0.028498195
0.064149916,-0.02825024,0.027794408,-0.012770034,0.040403984,-0.02585806,0.056334507,-0.013627673,-0.028110458,-0.021296699,0.027843233,-0.033743955,-0.059596945,0.011722117,-0.0090871025,0.002207282,-0.025981177,-0.06384356,-0.04291847,0.07533453,-0.059954192,0.062399007,-0.0069837547,-0.019950435,-0.00043405226,-0.02216117,0.0037652669,-0.064423434
0.009569666,0.026251497,-0.040443722,0.079829864,-0.044810094,0.043160282,-0.0373376,0.054695547,0.032936633,0.01574646,-0.044224616,0.051430915,-0.002756753,0.0333678,0.00054836035,-0.0768581,0.008038972,0.0072871186,0.011626001,0.082652844,-0.0003102836,0.05660354,0.04856673,-0.055653147,-0.066110656,-0.04469282,0.0670576,0.029488176
-0.036552295,-0.008196254,-0.03504582,0.058405258,-0.008084276,-0.03829712,-0.027634518,0.0530866,0.07654275,0.037230074,0.051252328,0.03378804,0.06294989,0.008059864,-0.048730936,0.03268562,0.013779047,-0.006838709,0.05283992,0.046577748,0.05476585,0.088195875,0.0031979599,0.049424212,0.065717004,0.016316399,-0.009008701,-0.020792417
0.06020855,-0.010131051,0.047145605,0.053863876,0.080629565,0.021733806,0.061878726,0.016188975,0.038807865,-0.030966006,0.027900588,0.0018732403,0.03824003,0.005851749,0.047407553,0.028575769,0.06566051,0.024757797,0.04068278,0.013382032,0.062263686,0.058972005,0.060766317,0.061377347,-0.045467224,0.05143253,0.053483203,-0.011456732
0.099082194,-0.038043313,-0.054517694,-0.04891042,-0.07206436,0.069183856,-0.032706726,-0.06554936,-0.038994644,-0.059962124,-0.060897827,-0.05815576,-0.06559027,-0.0644804,-0.06550907,-0.048348013,0.014729538,-0.03930246,-0.057076707,-0.075640924,-0.064687915,-0.056086726,-0.06008025,-0.025074031,-0.07930052,0.07822547,-0.07270594,-0.06416063
0.03963278,0.01876008,0.029722858,-0.0014290767,0.035560388,-0.03893844,-0.032781582,0.022395656,0.07589574,-0.03715581,0.026765037,0.010771133,0.008102251,0.0002602874,0.0658289,-0.01154677,-0.0024142095,0.019611828,0.023330575,-0.004907959,0.01486062,-0.030013923,-0.03175054,0.02033881,-0.044305567,-0.034583207,0.05743839,0.034000855
-0.06628022,0.008369132,0.030186146,-0.013089018,0.013563471,-0.061268277,0.07355642,-0.031296514,0.046616044,-0.051756594,0.0714739,0.051360823,0.039389152,0.022463113,-0.025979292,0.067268446,0.004445828,0.041707214,0.018206045,-0.064924434,-0.045160662,-0.024779083,0.008966409,0.009356484,0.018711362,-0.07469667,0.007475703,-0.04632654
-0.0042847553,-0.012536029,-0.011114015,-0.01759919,0.021648517,-0.057050474,-0.0072297202,-0.033602204,-0.063373886,-0.022882886,-0.03728755,-0.016789757,0.0534183,-0.06408796,-0.04386235,-0.064494014,-0.050411683,-0.08264379,-0.044021804,-0.001388605,-0.012389058,-0.009964472,-0.039213557,-0.054013435,0.01758799,-0.08412633,0.012429642,-0.02787093
0.043095093,-0.036234453,0.084451586,0.043269623,0.025936948,0.07144133,0.05165594,0.024159819,0.023851896,-0.02884821,0.022461243,-0.034410454,0.008108637,0.06407098,0.007494974,-0.021106387,0.05483481,0.005248847,0.033570457,-0.038262304,0.039339885,-0.025038324,0.034696404,0.05996689,-0.019863224,-0.00975798,0.055593953,0.024600143
0.013067365,0.000865184,-0.013014939,0.029077474,0.0526575,-0.024572894,0.08706305,0.029886454,0.054417305,-0.023031453,0.026406283,0.0043710894,-0.023914088,-0.052121192,0.014018101,0.046561018,0.022478621,0.060816556,-0.025667941,0.0068088896,0.048120696,0.020781968,-0.0295026,0.0070311343,-0.03484356,0.021512112,0.0889713,0.0810273
-0.08041952,0.028615767,-0.007911456,0.024399113,-0.0069206115,-0.009408148,-0.014970297,0.028971924,-0.010200012,-0.044370778,-0.02634944,-0.069249615,-0.036356196,-0.058636405,-0.0385306,-0.046409234,-0.01896885,-0.040636104,-0.0475891,-0.046688966,-0.051337257,-0.038841706,-0.03322676,0.047137246,-0.057871815,0.0590314,-0.038951457,-0.07278763
0.0068059224,0.029299654,0.02107881,-0.026835637,0.025257004,0.024849847,-0.0028078877,0.022952199,0.021907806,0.06739163,0.058675483,0.059814114,-0.016527986,-0.00045485413,0.027695565,-0.025357354,0.038823105,-0.0005733791,0.045374822,0.027749192,-0.052997794,0.019122379,0.039013166,-0.036197953,0.050585028,0.009289009,0.028031325,0.049852517
-0.009612393,-0.025345284,-0.02272203,-0.08944914,-0.03155207,-0.048298877,-0.020001588,-0.053141195,0.039544065,0.022896133,-0.009438176,-0.0020248771,-0.024606166,-0.03971354,0.04008166,0.009638064,-0.009080608,0.04200742,0.02457273,0.053000737,0.05577322,0.024235709,0.038289454,-0.0561998,0.03351267,-0.019467385,-0.0066109053,-0.030533394
0.070531875,0.033222876,-0.051357087,-0.011806603,-0.039139107,-0.048507977,0.019819928,0.07336104,0.001844107,0.010055532,0.06678303,0.0071438467,0.041183624,-0.045713235,0.029065754,0.0687785,0.03784824,0.050765704,0.024381407,0.062408354,0.044276122,0.026103308,0.027768865,-0.017956585,0.030706739,0.06547805,-0.015838655,-0.04836769
-0.042002764,-0.049420256,-0.06109682,0.03061595,-0.022843068,0.029776167,-0.053103715,-0.028475445,-0.025410483,-0.012792983,0.007541047,-0.015441648,0.0056007816,-0.0644628,-0.06430442,-0.028724944,-0.06205199,-0.07035203,-0.056778546,-0.03685376,0.048806682,-0.0060243453,-0.008167801,0.042770065,-0.043279603,0.004368747,0.0099531645,-0.031277515
-0.016668998,-0.04786896,-0.06206613,-0.019992355,0.037750535,-0.043827064,0.020674597,-0.055305626,-0.023237145,0.081135444,-0.01556743,-0.06614054,0.07888228,-0.073420644,-0.040761903,-0.058990106,-0.056790244,0.07196607,0.05868871,-0.039064206,-0.042184155,0.013116742,-0.034926068,0.03655256,-0.030512113,-0.01908133,-0.02075882,0.011243392
0.058758114,0.0041382094,-0.015178488,0.0062902505,0.03672221,0.06033605,0.0692917,0.02791984,0.009564568,0.023756577,0.033694852,-0.026863398,-0.013124726,-0.027844453,0.016548833,-0.005325799,-0.026097387,-0.02523039,-0.0052608894,0.026588127,-0.0027345167,-0.012787715,0.021397116,-0.0052935905,-0.03794657,-0.04730024,0.028827727,0.022509325
0.043928917,0.03488779,0.041962877,-0.026673652,0.03406473,0.022420209,0.05354664,-0.0044888,0.02336839,-0.04100498,0.03117184,-0.055808023,-0.026348734,0.031232202,0.05672096,-0.07373846,0.019332787,0.0072640227,0.05864568,0.014181702,-0.012043734,0.028716248,-0.03167364,0.052218724,-0.043414142,-0.037123613,0.04667642,0.009664671
-0.0032424156,-0.034622695,-0.089523435,0.0015148151,-0.07394925,-0.0016064986,-0.04180296,0.018232785,-0.07208298,0.02233796,0.026678534,-0.0666452,0.026083678,-0.09335582,-0.019650873,0.0696685,-0.0032506082,0.033522755,-0.0042896224,-0.058614623,-0.0436474,-0.042381965,0.05129757,-0.05536722,-0.040452465,-0.039182935,-0.018948501,-0.009236218
-0.0823922,-0.061933197,-0.029501554,0.047634263,0.027244266,0.06359706,-0.04284308,0.058041226,-0.020825982,0.03355427,0.016835239,-0.01149493,0.032939468,-0.02192741,0.012501791,0.013174806,0.013126659,0.06419543,0.06567174,0.055306736,0.034726482,0.046007615,0.025225604,0.064473145,0.043402966,-0.05714613,-0.013461963,0.05324212
-0.011861729,-0.042468328,-0.087307505,-0.09212087,-0.036894727,-0.0066827955,-0.0113242,-0.06631164,-0.07392747,-0.022591375,-0.016590167,-0.051561005,-0.064623915,-0.089635104,-0.011728335,-0.056790538,-0.08896839,-0.073087804,-0.034590326,-0.040708914,-0.068461835,-0.05519214,-0.07970664,-0.04445,-0.026651546,-0.06444541,-0.067755245,-0.06724582
0.008077724,-0.026184686,-0.038666766,0.06830513,0.072644286,0.04997829,0.018325647,0.058117773,0.06753336,0.022764592,-0.037883595,0.061644983,0.047942653,-0.044229753,-0.050762672,0.04284329,-0.0030843536,0.036818516,0.06640489,-0.018423613,0.045237016,-0.023327086,-0.01961497,0.07999245,0.03716093,0.003977477,-0.06692513,-0.0733664
-0.014486871,0.0210664,-0.021202922,0.010318104,0.0056484384,-0.059790492,0.052976266,-0.015481157,-0.07587921,-0.068299025,-0.037092358,-0.013275432,0.07082075,-0.032844283,-0.010063838,0.045275915,-0.013157399,-0.0067896056,-0.030310523,-0.008213998,-0.003467201,-0.036028843,0.06212945,0.0051614237,0.043938998,0.008993676,0.056203194,0.030197738
0.010835636,-0.0017425335,-0.0003154046,0.0033248013,0.06031336,-0.009046268,-0.009865299,-0.025071304,-0.015981723,0.01861886,0.0070335274,-0.058101457,0.06858673,0.005835194,-0.03167876,0.0794218,0.034800194,-0.008741562,-0.064374186,0.014843004,-0.00028434055,0.090036586,0.004357976,0.08451238,0.054430336,-0.03676398,0.02632098,0.00892233
-0.017839255,0.01927967,0.07809738,-0.056885283,0.03952952,-0.06392135,-0.052272722,0.066463575,0.070332184,-0.006608792,0.0658445,0.028595235,0.049551617,-0.058013596,0.025366606,0.06561211,0.06838875,-0.030770002,-0.014300276,0.07681977,-0.0016331123,0.039465923,0.014930779,0.052826185,0.04775834,-0.04474039,0.07028471,-0.041920964
-0.0034089417,-0.03064169,-0.05315288,0.0530104,-0.06514199,-0.021090224,-0.0239632,0.039220564,-0.015301121,0.0088892095,-0.018361295,0.026053712,0.04969673,-0.05321743,-0.04387664,0.07085075,-0.052753318,0.050440416,0.014703584,0.010132265,0.0110308835,-0.0033852146,0.0052401726,0.02393459,0.0222215,0.0013231133,0.06462041,0.010576188
0.00079904054,-0.009429619,-0.06371421,0.070041895,-0.011323786,0.044410598,0.062072065,-0.037349388,-0.034282252,-0.0062380647,-0.03892437,3.910677e-05,-0.011334452,-0.06111936,0.03486623,-0.016141955,-0.038434245,0.005383528,-0.06533721,-0.021656008,-0.080591455,-0.0605509,0.0042656884,-0.06084489,-0.041504193,-0.023891572,-0.051654097,-0.0623851
-0.030984303,-0.06410341,-0.049258932,-0.024820136,0.010080387,-0.025653914,0.012906028,-0.0022064447,0.00910979,-0.028144602,0.045169163,0.014451339,0.014439584,-0.07127327,-0.07371409,0.030335423,-0.030521618,0.038841415,0.000736465,0.049144354,0.042908005,0.057960447,0.07900762,-0.070452824,-0.048776936,-0.027676076,-0.029007262,0.019062437
-0.03008483,-0.007931615,-0.041701313,0.045157608,-0.00779904,-0.018494885,-0.04842896,-0.079186976,0.0012292694,0.0394835,0.06591038,-0.06198448,-0.038815476,-0.024508828,-0.04699916,0.010890611,-0.012282951,-3.7301183e-05,0.072418176,-0.060349453,-0.023942,0.08550404,0.015289172,-0.025281398,-0.048253827,-0.07657519,-0.030633273,0.008406165
0.025030043,0.0036078868,-0.056967676,-0.013039419,-0.050969653,0.015944755,-0.030807767,0.050584912,0.050876323,-0.008842563,-0.012714475,0.01844961,-0.013021632,-0.0238249,0.06633874,-0.006960163,0.02986889,-0.000717023,0.035589684,0.013467744,0.012924262,-0.047738004,-0.009472477,-0.009485782,-0.03706015,0.0016173196,-0.01794711,0.026405811
-0.016477162,0.019352755,0.01453441,0.04083876,0.028236844,0.026001958,-0.01935705,-0.013424081,0.01639712,0.027355185,0.009329663,0.015264366,0.03638608,0.04063413,-0.010450109,0.012418729,-0.0065249675,0.014745788,0.054349802,-0.0026209701,-0.02177304,-0.018975217,0.035739552,0.07170563,-0.049327206,0.017892392,0.023935284,0.02912004
0.028828843,0.021809569,0.047672726,0.031308137,-0.077929065,0.06343027,0.029023271,-0.05236516,-0.0077561466,-0.018060178,-0.00016486955,-0.06528166,-0.08431998,0.03701327,0.013543854,0.07142348,0.050293177,0.011338062,-0.07191248,-0.009866311,-0.034382813,-0.022768,0.045812488,-0.07571754,0.042069837,0.04739593,-0.09194737,-0.08572071
0.07107462,-0.017126644,-0.03013382,-0.015796216,-0.04852781,0.030874038,0.019092424,-0.031748414,-0.049908526,0.043034825,0.0628105,0.04452266,0.055982307,-0.0007560323,0.0082441075,0.05982744,0.018061018,-0.0057105636,0.013122623,0.045106456,-0.008118484,0.014084257,0.0269745,0.042252228,-0.0075591845,-0.01817177,-0.0009794276,0.0121206315
-0.0065947035,-0.03617191,-0.045680285,-0.07460321,0.02624691,0.0670264,0.047449037,-0.047061674,-0.06141249,-0.04998689,0.018315444,-0.062708616,-0.024500024,-0.029099325,-0.03664409,-0.06795689,-0.023501538,0.06133716,-0.03680812,-0.051011663,0.010662941,0.029043257,-0.020007435,0.029046545,-0.0056718425,-0.009970681,-0.06760955,-0.054066606
-0.02140932,-0.012088062,-0.04384238,-0.019727495,-0.008462351,-0.045117483,0.008705378,0.007887328,-0.008401866,-0.022058576,0.054055195,0.05173153,0.033708666,0.030031972,0.058030568,-0.028385138,0.0007363586,0.08394922,0.04600147,-0.020077432,0.028377922,0.014999576,0.04307131,0.025615092,0.02148593,0.02284955,-0.055249162,-0.062413726
0.051361196,0.058760557,0.015932932,0.041027237,-0.05683635,-0.05743598,-0.05384566,-0.047839254,-0.016048096,0.032605477,0.011017971,-0.0041217697,0.0023297821,0.0009961918,-0.02088059,-0.021822406,0.021048974,-0.058329575,-0.007394674,0.0032217908,-0.0018347108,-0.02220263,0.026855448,-0.0668565,0.042676747,0.044925135,-0.023007702,-0.05602717
-0.030945282,0.05169704,0.029967517,0.0644219,0.05885945,0.0576657,0.049189564,-0.015306973,-0.025803706,0.03769644,0.033428367,0.046663456,-0.019574549,0.05693595,-0.054841388,0.045142192,0.029601118,-0.008004028,0.05502052,0.041173823,0.0036380363,0.041727316,0.07272013,-0.035251044,0.0705141,-0.0118482085,0.05983837,0.04648762
0.02539433,0.03472576,-0.031452358,-0.012596158,0.06706529,0.045504633,-0.08630442,0.055281892,0.07904753,0.074688695,0.04822626,0.044245154,-0.047773212,-0.025040608,-0.014763482,0.039576646,-0.02438495,-0.087776035,0.07232335,-0.0194688,-0.09849498,0.03625549,-0.08604369,0.059572965,0.04520205,0.0109011,-0.0052235103,0.013745398
-0.0054871743,-0.044444688,-0.0037052813,0.024683934,-0.064185336,0.04765669,0.018506445,0.021136312,0.0514192,0.0627096,0.0057021654,0.017161118,-0.085667886,0.012441606,0.027985401,-0.053743284,0.0045928787,0.003391999,-0.07433611,-0.014890258,0.035904314,-0.0039914986,-0.06621577,-0.076024644,0.005867788,0.0048762574,0.007849599,0.053074796
-0.040014043,0.018556938,0.0023237334,0.035356034,0.05503698,0.06906159,-0.05549033,0.00052335276,0.059228584,-0.06442837,-0.04224095,0.019272462,-0.0038787506,0.058746517,-0.020653684,0.039767597,0.010546971,0.057884306,-0.011554328,0.04867985,0.051890038,-0.015621659,-0.020159688,0.06558058,-0.037692223,-0.0585066,-0.04967065,-0.025610974
0.042911537,-0.009602253,-0.035086993,-0.043800224,0.024155425,0.02649432,0.0154529195,-0.006529223,-0.003898241,-0.053902168,0.009939176,-0.0644498,-0.0553979,-0.004938743,0.0008221007,-0.069906406,-0.026149778,0.06337911,-0.011373256,-0.057945587,-0.009769756,-0.008291459,0.038956586,0.0068322527,0.007006593,-0.016213795,-0.06027532,-0.07209284
-0.016342366,0.055035595,0.04886594,0.002276947,0.018659148,-0.07619561,-0.08446391,-0.04776883,-0.018300911,-0.07379029,-0.0771986,-0.07591634,-0.040373728,0.044522732,0.026147716,-0.07249499,0.0003318543,-0.067378744,-0.08942345,-0.05966878,0.056424245,-0.07167037,-0.048886426,-0.06397901,-0.08564936,0.020414298,-0.08695608,-0.08513095
-0.091556944,-0.096404865,-0.09378884,-0.08588235,-0.07819736,-0.07380169,-0.0813573,-0.07771969,-0.0783995,-0.07820888,-0.091550365,-0.07760334,-0.080230184,-0.09502986,-0.07227997,-0.07345742,-0.09205985,-0.082829095,-0.08355152,-0.077325456,-0.09056879,-0.08391252,-0.080448166,-0.078339666,-0.08075594,-0.07857377,-0.08134294,-0.0787262
0.010686531,-0.012991488,-0.037074298,-0.028829923,0.05679147,0.05459175,0.049856424,-0.017868567,-0.030240875,0.024828682,-0.035080105,-0.03931258,0.06850589,-0.054331716,-0.06323772,-0.012385329,-0.062124845,0.06427564,0.018416993,-0.064217865,0.048865657,-0.02356398,0.08329437,-0.04500512,-0.007438068,-0.049954858,-0.07803555,-9.415865e-06
0.08562343,0.04276053,0.06949493,-0.039667085,-0.007259155,0.004648436,-0.036041457,0.060974967,0.06669785,0.0007718262,-0.022372197,0.06504157,0.037828248,0.0629092,-0.03475432,-0.0037096906,0.040062144,0.015900714,0.062087975,-0.014617627,-0.05277035,0.008431095,0.058201876,0.02573392,0.030643163,-0.020750435,0.04761366,0.05902606
-0.023596056,-0.023018528,0.02565503,-0.042144224,0.015473806,-0.043388993,-0.003985994,-0.06317044,-0.030327918,-0.071684845,-0.01303661,-0.06935885,-0.06306388,-0.018543119,0.03904278,-0.058611322,0.02717823,-0.057525154,-0.07594292,-0.060785986,-0.023190567,-0.04987524,-0.011077978,-0.028998759,-0.025408337,-0.042353857,-0.017771745,-0.05443702
0.0070590945,0.036112193,-0.039509416,-0.025546722,-0.031425215,-0.0394503,-0.049855236,0.0017748793,-0.031156767,-0.014615741,0.003174973,-0.02619357,-0.020531472,-0.03851282,0.035869773,-0.029852986,-0.008386871,-0.014512188,-0.020929154,-0.031969316,-0.03131821,-0.0034279693,-0.034843415,-0.009234393,-0.02526847,-0.063782424,-0.028492052,-0.060213286
-0.036647383,-0.07115757,-0.02007543,-0.020693343,0.027751565,0.0042843684,0.006140437,0.05255779,-0.01755253,-0.08008892,-0.022727782,-0.014114083,-0.014529913,-0.012383842,-0.053681742,-0.04137679,-0.031237535,-0.0003578702,0.018871155,0.08375059,0.032009292,0.063750744,-0.067089915,-0.0071651046,0.0046715406,-0.062773995,-0.018859051,0.023591883
0.031518176,0.099875174,0.095140345,0.0824941,0.0817106,0.06566212,0.08091993,0.08749642,0.078327306,0.075643964,0.09309416,0.07717893,0.06630554,0.097207725,0.07400488,0.075756125,0.10619121,0.07179082,0.06794328,0.053107154,0.08068424,0.086575754,0.0831123,0.081397414,0.08010068,0.08007642,0.07894324,0.073031984
-0.0075299903,0.05079528,-0.025564285,-0.011734683,-0.017482594,0.044649854,-0.02104647,-0.011296407,-0.03240841,0.012316379,0.01625223,-0.0053922967,0.0058628903,-0.01821223,-0.026183873,0.021543326,0.019798942,0.043919392,-0.026885698,0.017846879,0.027584434,-0.030562457,0.024739362,-0.028556768,0.0010162428,0.074693225,-0.031504367,-0.044137754
-0.012508468,0.0013435235,-0.049019627,0.027139181,-0.027396278,0.018407926,0.020580858,-0.024651593,-0.049180802,-0.019475034,0.016075538,-0.011465422,-0.009428374,0.024100976,0.016698219,-0.04126479,-0.0131973745,0.039395466,0.02033162,-0.01179748,0.0050881766,-0.011208185,0.03746671,-0.028499732,-0.0072337827,0.02861106,-0.020443752,0.03221571
-0.059672087,-0.0032593952,-0.012232654,-0.036084272,0.03565809,-0.028477253,0.03704684,-0.012305893,0.035471853,-0.050288606,-0.011779527,0.004852813,-0.024315149,0.0037335071,-0.024183882,-0.028941901,-0.014980794,-0.021969473,-0.025582572,-0.06575522,-0.027844232,-0.06720873,0.033064842,-0.0044902484,-0.03333291,0.036905877,-0.040295318,-0.024301417
0.051014457,0.056529697,0.05507199,0.06923031,0.06570238,0.06091608,0.067643195,0.070227936,0.07128973,0.062478326,0.08861207,0.045153238,0.0674643,0.04795558,0.08068242,0.06686929,0.026806625,0.083463505,0.05897233,0.059790038,0.04517453,0.07992328,0.08102573,0.08042277,0.06446954,0.059768222,0.033842307,0.06565231
-0.07651263,0.03215773,-0.019317891,0.025398834,-0.058542736,0.04736442,0.047302656,0.044812724,-0.028438041,0.030916844,-0.015189547,0.016827652,0.03092322,0.016622445,-0.025701618,-0.020838473,0.047852013,-0.010978977,-0.05679287,0.044938367,0.032055743,0.01698025,0.052745048,-0.013260349,0.0075236214,0.05544095,0.008102753,-0.004152079
0.02148918,0.06599533,-0.005088884,0.06158906,0.02455621,-0.0063964725,0.05650101,0.053666875,0.060980286,0.040587123,0.0853334,0.04546023,0.01930959,0.037011206,0.05019189,0.061540272,0.052255858,-0.0014400907,-0.009878115,0.016490867,0.051273122,0.08373791,0.051149108,0.053437743,0.050936893,0.01901452,0.025441099,0.021037616
0.064008,0.022805305,0.04629575,0.08634782,0.029938167,0.07025629,0.062032387,0.028605217,0.07263874,0.033774223,0.08709575,0.018718356,-0.039637707,0.01663067,-0.030454487,0.030606374,-0.015657501,0.0738779,0.0068244142,-0.0018804962,0.050426584,0.026076317,0.07885741,0.06473568,0.060134593,-0.028672399,0.065519415,0.05949334
0.03752816,0.07091832,0.02486987,-0.023508346,-0.024764888,0.0009926892,-0.083692476,0.06653605,0.04933938,0.02563172,0.043921113,-0.020875888,-0.06409269,0.029290942,0.039668027,0.038449403,0.05155015,-0.031512238,-0.0050537055,-0.02680605,-0.049024895,-0.027480902,0.03928036,-0.073676765,0.045910392,-0.06684475,0.013706269,-0.038283534
-0.023814233,-0.0017658597,-0.021311639,-0.053406384,-0.00057036144,-0.034644734,-0.0473885,0.0050058383,-0.03635823,-0.07084643,-0.071566515,-0.043690853,-0.022880862,-0.0006331118,-0.07440546,-0.024516555,-0.05252827,-0.07894385,-0.030901654,0.062754035,-0.028001769,-0.050185014,-0.04023781,-0.033826504,-0.07053179,-0.07589298,0.051640578,0.052412756
-0.0046137767,0.026559103,-0.043310374,-0.05531836,-0.07112464,0.047137674,0.016167957,-0.030377472,-0.07553895,-0.028810652,-0.026606018,0.07537155,-0.035602953,-0.015778353,-0.05333782,-0.07441552,-0.03534869,-0.010057875,-0.016430782,-0.03254442,-0.013393047,-0.05885011,-0.05758713,-0.06582474,-0.048541907,0.049157728,-0.029545346,-0.0024491686
0.038138088,-0.03223049,-0.024935259,0.026361387,0.015091071,0.043591034,0.015400865,0.016560066,0.034229644,-0.0012582799,-0.05165966,-0.03641972,-0.023970513,-0.009938358,0.010313516,-0.0083956,-0.011927272,0.010980992,-0.009281636,-0.020594541,-0.0017409832,-0.029709186,-0.019311137,-0.017401915,-0.012774675,-0.057609133,0.056480795,0.05167774
0.026405528,-0.06419211,-0.06669219,0.03978447,-0.050408866,-0.009679319,-0.070834495,-0.054699518,-0.051652353,-0.061653264,-0.084270366,-0.03193693,-0.05296015,-0.0661514,-0.055038463,-0.07405494,-0.07346081,-0.055735014,-0.04305517,-0.040469725,-0.063349895,-0.07461629,0.005350584,-0.07450144,-0.029288756,-0.018133672,-0.024586106,-0.039512593
-0.035755053,-0.013323289,-0.039074585,-0.031810954,-0.038755596,-0.05126584,-0.039022796,-0.06543833,-0.02579742,-0.029507436,-0.058336463,-0.05085378,-0.04743298,-0.013343438,-0.035818476,-0.039664354,-0.039905284,-0.07241023,-0.05645974,-0.017066002,-0.01733613,-0.046965227,-0.028753966,-0.001971587,-0.06292355,0.029637652,-0.0056285737,-0.045311086
0.017745798,0.053703807,0.043827213,0.044615727,0.03721936,-0.018453235,0.01494779,0.013478663,0.040066313,0.024435187,0.07323326,0.02875054,-0.001785672,0.03829587,0.0056790025,0.0071030203,0.018768892,-0.047322758,0.018486284,0.029720934,0.016799465,-0.009807838,0.024636043,0.05229626,0.02999684,0.07864411,0.010160149,-0.03490786
0.055964455,-0.002995139,0.0067587686,0.026712202,-0.042272773,-0.02231053,-0.07522155,-0.050741434,0.02389839,-0.053308725,0.04009322,-0.05385708,-0.058460273,0.012442002,0.0076631275,-0.031541023,-0.037849084,-0.056894407,-0.05887621,-0.077371694,-0.08146028,0.017334554,-0.0024793176,0.058227487,0.00095518987,-0.06651003,-0.015671581,-0.014011591
-0.053883813,-0.032897595,-0.08330866,-0.0140558975,-0.06390748,-0.06182795,0.011978698,-0.04779492,-0.064364776,-0.010346352,0.0039697117,0.039197132,0.043034807,-0.047677148,-0.074149914,-0.04795835,-0.05558599,-0.046639457,-0.040874556,0.04123462,-0.00549947,-0.04560074,-0.034228437,-0.029238446,-0.017060578,-0.0027836224,-0.03713385,-0.03712085
-0.05085646,-0.09465934,-0.087458186,0.0004414236,-0.07226412,0.0070880367,-0.014761922,-0.045242235,-0.063508086,-0.024499,-0.081235535,-0.009245929,-0.0059450185,-0.07944559,-0.05648499,-0.0660173,-0.09780817,0.008331495,0.033783082,-0.054262094,0.0048055337,-0.05026792,0.020400686,5.0557413e-05,-0.030898394,-0.03806572,0.004641046,0.028080616
0.016283564,-0.023133248,0.008501772,0.071344286,-0.014144254,0.07531632,-0.06984183,-0.016698072,0.064938724,-0.006580389,-0.046266757,0.0074249795,0.009544272,0.017219706,-0.01407866,-0.0056436323,-0.015109473,-0.03713041,-0.069018565,-0.03883442,0.05580701,0.08645963,-0.08031815,-0.036395356,-0.024047475,0.024483807,-0.021586386,-0.03395119
0.0185971,0.029553339,0.028512763,0.046847858,-0.0019835762,0.051595993,0.04768985,0.010589387,0.0056099845,-0.030037247,-0.020040687,-0.051596783,-0.044237778,0.005406478,-0.028426884,-0.024574533,0.0110745495,-0.042702798,-0.067214265,0.005150256,0.01639822,-0.06501667,0.0008392772,-0.013153735,-0.029691916,0.03158574,0.0505677,0.028616346
-0.04692829,-0.030460505,-0.04875162,0.0022754858,-0.04636591,0.049280167,0.05063026,-0.010993293,-0.025243795,-0.0014482012,0.003537729,0.0423546,0.055018973,-0.020433366,-0.080535546,-0.035677295,-0.029529557,0.0727141,0.008307013,0.072138764,0.03808151,0.04196355,0.028745372,-0.012426809,-0.044437323,0.061254453,0.01896189,0.016051553
-0.08173763,-0.06999431,0.008825626,-0.009411758,-0.032341134,0.061099023,0.028736603,-0.040418413,-0.053524874,0.049086787,-0.04619827,-0.005165021,0.022647077,-0.03394091,-0.02835572,-0.041142706,-0.039994013,-0.055559386,0.016828103,-0.035108425,-0.060567636,-0.027439922,-0.024305359,-0.024022954,-0.04348335,0.018325841,0.00067905063,0.024194902
0.010109431,-0.00713798,-0.075683445,-0.022359576,-0.064419754,0.011974155,0.027650718,-0.03306405,-0.06052274,-0.032930173,0.01240043,-0.06976223,-0.038674314,-0.0543683,0.009895209,-0.022062872,-0.07772769,0.026159635,-0.037998933,-0.06269313,0.013249881,-0.056169212,-0.0023649882,-0.0583137,-0.074515514,0.06889299,-0.029495409,-0.031768356
-0.07976862,-0.04485994,-0.078824215,-0.034847464,0.0022564435,-0.050852176,0.0018711129,-0.049322348,0.0011450293,-0.027302586,-0.016784647,-0.03209469,-0.021066844,-0.07782485,-0.052679595,-0.05602646,-0.03644143,-0.05009888,-0.040823013,0.025841236,0.028014986,0.0008911986,0.051005527,0.0022097656,-0.07292901,-0.014044659,-0.066958494,-0.073150195
0.04935424,-0.018316513,0.033707846,-0.015348882,-0.057279512,-0.05614084,-0.03108567,-0.07798408,-0.042113766,-0.055839177,0.03069939,-0.03417453,0.027140135,0.06626793,0.018342333,-0.037622403,-0.04650776,-0.02167005,0.0036285813,0.039590932,-0.03122216,0.017850468,0.019312749,-0.012663718,0.006840887,-0.009528452,-0.041402984,0.007236192
-0.066030726,0.017690565,0.029743075,0.041329414,-0.0076397476,0.05446658,-0.03670011,0.03111581,0.0041690147,0.029933693,-0.06312896,-0.03461269,0.049579617,0.03706016,0.01802674,0.036294337,-0.029850025,0.07120395,0.06605873,0.06267641,0.0419088,0.026970834,-0.044753738,-0.011606212,0.030812299,0.08237906,0.042319965,0.046923026
-0.030284932,0.021804783,-0.0074047926,-0.04644422,-0.04631652,-0.037560526,0.0030650024,-0.07060116,-0.031136427,0.014834054,0.046006177,-0.013529758,-0.062741145,-0.002117193,-0.04135069,-0.03060032,0.027933376,-0.040369093,-0.0014154785,-0.07015626,-0.07151733,-0.036767103,0.031664167,-0.067728594,0.051652968,0.035699412,-0.0027619957,0.014618377
0.031276893,0.07052241,0.0039271857,-0.0016241563,0.08314459,0.026544584,0.06481493,-0.033686318,0.0027779925,-0.032974705,0.01839883,-0.07024397,0.076482914,0.015225419,-0.027202312,-0.07468614,0.0051503354,-0.053698566,-0.06619548,0.050326888,0.02330226,0.09160708,-0.044802207,0.084311396,-0.004659353,-0.04616428,0.080686264,0.08151381
0.037947066,-0.04438053,-0.037257865,-0.061197087,-0.003016706,-0.043980207,0.01198889,-0.034760986,-0.021028945,-0.055307183,-0.03512902,-0.02566625,-0.044061348,-0.012922509,-0.008966426,-0.02160297,0.0035306371,-0.0012216627,-0.049641266,0.018396676,0.03242211,-0.04710089,-0.0626926,-0.010060555,-0.06785567,-0.058038913,-0.05048881,-0.054921728
0.047127243,0.071618214,0.037244488,-0.027820634,0.0047312076,-0.05112094,0.035951134,0.0854339,0.070503846,0.08102182,-0.03705174,-0.0416472,0.01301996,0.03285644,-0.07122479,-0.004961177,0.037992388,0.023608856,0.07172897,0.04407045,-0.07122335,-0.03838462,0.046303373,0.038546856,-0.043534584,-0.03332932,-0.029777138,-0.028266693
0.02432594,0.014683199,0.013441023,0.04892834,-0.028262,0.06388759,0.019199336,0.024894742,0.050189737,0.025193023,-0.030085808,-0.0016845434,-0.023949657,0.04421055,0.030846985,-0.020019313,0.00511974,-0.013988167,0.0016857054,-0.07319692,0.085981734,-0.04959727,0.04760572,-0.008731182,-0.009424144,0.06050842,-0.010774181,0.010614905
-0.021837268,-0.08050366,-0.03864797,-0.03009277,0.050019976,-0.013739774,0.03134734,0.026456691,-0.064983085,-0.02713159,-0.020604061,-0.061267,-0.02504707,-0.07216113,-0.041719597,0.078491636,-0.017350895,-0.008750475,-0.019624019,-0.0767486,0.03932428,-0.04036278,-0.03183488,0.0354857,-0.06438483,0.0346336,-0.08580938,-0.07442381
0.007469779,-0.041345317,-0.02551351,0.029192492,-0.027537705,-0.066886395,-0.04338734,-0.072864294,0.060929757,0.03247505,-0.055530418,-0.07085924,-0.07975869,-0.009976561,-0.01183322,-0.06386371,-0.0075575705,-0.004200296,-0.029318862,0.006538112,-0.022256004,0.044440195,0.055404954,-0.04368201,0.0445047,-0.07034989,0.00034341402,0.006441091
-0.030767256,0.100448824,0.09403387,0.096865505,0.031698775,0.06439745,0.02896031,0.00018140185,0.023913879,0.01618346,0.0061197905,0.059978392,0.07280526,0.098876044,0.018463282,0.04763631,0.06265933,0.05918966,0.051696558,0.059490334,0.024510264,0.046880204,0.06558694,0.02814495,0.05242632,0.06301395,0.03108338,0.033264145
-0.07983228,-0.01704123,-0.041236427,0.09084782,-0.056328475,0.07500962,-0.003232736,-0.057306156,-0.07813898,-0.0578774,0.026568174,-0.03868032,-0.0711601,0.09941428,0.06026626,-0.07165932,-0.060739007,0.08606115,0.08491886,-0.033288714,-0.0042063007,-0.043408386,-0.078218475,0.039964456,0.05962589,-0.038426522,-0.060796052,0.08481428
0.020093145,0.017009536,0.04342541,0.05127676,0.05195272,-0.059055153,-0.03788552,0.050248977,0.039980654,0.050258417,-0.001671879,0.004365237,0.055338692,0.020986654,-0.07827632,0.07255883,0.030703744,-0.030255716,0.007076748,0.027335819,-0.017246895,0.058273498,0.0065106736,-0.0018444534,0.041873522,-0.011268615,0.043371946,0.01669365
-0.004157161,0.027181305,0.088669345,-0.08630805,-0.014215349,-0.040300164,0.035602607,-0.025756171,0.012619021,-0.07002576,-0.024783492,0.043454316,-0.043240983,-0.04136369,-0.020627754,-0.03305115,0.012767262,-0.080867626,-0.05943947,-0.06557055,-0.038359355,-0.03374974,-0.060843837,-0.066895634,-0.06362054,0.044114962,0.028954612,-0.07696621
0.034073662,0.06661301,0.061419677,-0.013530445,0.011072653,0.04914309,0.020918533,0.0031902585,0.030653661,0.03889244,0.030460788,-0.045414384,-0.055565715,0.038874563,0.043831043,0.02795613,-0.02539293,-0.051929407,-0.0017335457,-0.032166526,-0.0616899,0.017119722,-0.00546445,0.04753057,0.023091264,0.05519165,0.03682561,0.012060978
-0.037870046,-0.036123246,-0.01647483,-0.0053751976,0.0125613855,-0.009964849,-0.01245027,-0.034624293,-0.008898639,-0.016935669,0.010858508,-0.028221117,-0.022979083,-0.02149649,0.06538927,-0.03553069,0.03930632,-0.04821245,0.010799793,-0.024140876,-0.010617801,-0.017032394,0.023780007,-0.027839635,0.033380453,0.030304562,0.010931551,0.043143637
-0.007224929,0.013368994,0.055403166,-0.06676607,0.013924773,-0.042733222,-0.021498628,-0.06707005,0.04911805,0.06512534,-0.021130053,0.009949636,-5.6741745e-05,0.03755045,-0.076388344,0.07189541,0.016010089,0.0053478256,-0.06098522,-0.0077557857,0.0032109562,0.0570751,-0.0244806,-0.023559567,0.007655666,-0.02037739,-0.067386985,-0.05643431
0.050732266,0.013934329,0.01205062,-0.018256767,-0.05953853,0.047374282,0.017342286,0.020346094,-0.049291417,-0.07522602,-0.0155916475,0.07223582,-0.065955915,0.043043982,-0.047972657,-0.07858188,-0.020384718,-0.068576016,-0.020375432,0.04143174,0.030429969,-0.015935268,-0.072954506,-0.02659116,-0.05705949,-0.058959898,0.020359302,0.018914972
-0.034821875,-0.046399817,-0.036991082,-0.027655387,0.06358052,-0.04881302,0.013341104,-0.04433662,-0.062038403,-0.01316392,-0.02898498,-0.014132875,0.009309805,-0.055021532,-0.025067663,0.0456717,-0.018309958,0.016464284,0.058076374,0.0145334,-0.022407116,-0.02130406,0.020826876,0.04756854,-0.028195146,0.075784236,-0.017529037,-0.022927158
-0.068591215,-0.01505235,-0.02393182,0.019671379,-0.0233161,0.074123755,-0.034335986,0.031804323,0.026441744,0.019198803,0.05665533,-0.03808225,-0.03581991,-0.012002035,0.04526747,-0.06578793,-0.009119635,-0.041830555,0.023118263,-0.014161516,0.015513042,-0.027260998,-0.064531185,-0.016490895,-0.06288418,0.03167285,-0.057936244,0.031652194
0.047619563,0.044575643,-0.002690498,0.07433033,-0.0535855,0.024190338,-0.031333845,0.05482965,-0.017816652,-0.07160856,-0.06679412,-0.05895642,-0.054727625,-0.03192811,-0.063065454,-0.06646529,-0.027185265,-0.031832103,-0.058825564,0.028184552,-0.0008924949,-0.053595405,-0.00012576944,-0.04988566,-0.07834373,-0.03282963,-0.040635224,-0.03263596
-0.054231826,-0.03864013,0.03977944,-0.010394639,0.07165258,-0.00084027887,0.019062553,-0.0073398342,0.040198896,-0.0066324603,0.0522413,0.03299728,-0.0095281415,0.049079508,0.03436089,-0.027842239,0.0063229967,-0.04420004,0.011278441,0.07620395,0.029634943,0.05844418,-0.01469967,0.060164027,-0.032520466,0.027445573,-0.042816125,0.013314629
0.04962221,0.06768307,0.041534454,0.054793917,0.040528893,0.037958413,0.011940164,0.058775,0.069572836,-0.042753693,-0.05681736,0.00708254,-0.0059078163,0.048277672,0.02091866,0.040211495,0.047983646,0.033008706,-0.023738682,0.012395888,-0.0018443736,0.032791745,0.010625512,0.02800356,0.039029438,0.03461978,-0.004437034,0.023695787
-0.05629674,0.039652787,0.0081185335,-0.044142198,-0.026117736,-0.04166347,0.055892393,-0.039157502,0.022108287,-0.030832803,-0.0060089617,-0.031567372,-0.029178718,0.02207473,0.01283218,-0.012320807,0.013654104,0.0155779105,-0.021064112,0.016528307,0.025483517,-0.0053714234,0.009925218,0.034408867,0.0040149647,0.035246167,-0.026830865,-0.02043464
-0.09680246,-0.04170433,-0.079991154,-0.03497616,-0.075999185,-0.06611105,-0.067068584,0.0028574131,-0.056367893,-0.0010862447,-0.04664312,-0.06376425,-0.049292933,-0.061848927,-0.0027194233,-0.047350485,-0.0052011656,-0.037263576,-0.044900667,-0.072990686,-0.06593078,-0.060207915,-0.058437306,-0.007322507,-0.015942749,-0.053068064,-0.06925345,-0.06512575
-0.085304685,-0.066702574,-0.021926718,-0.034015637,-0.05134218,0.002205479,-0.010436058,-0.019731637,-0.05278959,0.010475893,-0.005320875,-0.0044301935,-0.046615567,-0.03346182,-0.03020171,-0.040162355,-0.08338935,-0.07095688,-0.010704973,-0.02835819,-0.052685063,-0.055511765,-0.052790944,-0.021528274,-0.04556592,0.046911564,0.018178238,-0.0008907704
-0.022388889,0.015126275,0.052624132,0.014474983,0.06915453,-0.026474057,0.011013365,0.03635801,0.06253504,-0.06851351,-0.030834833,-0.043412734,-0.0011796689,0.007878578,-0.06018718,0.00044822076,0.011094813,0.007620223,-0.0068871705,-0.07521196,-0.02017207,0.013304199,-0.017328633,0.0026363847,0.0063812956,-0.07030226,-0.003965209,0.0037539916
-0.05852705,-0.02038865,-0.036981355,0.019961817,0.035468128,0.01634914,0.008786188,0.050311588,-0.005880011,-0.006978899,-0.011896414,0.03539115,0.03722759,-0.040133238,-0.051361386,-0.0440083,0.009882244,0.006448609,-0.03975994,0.051766854,0.027908677,-0.037229825,0.024186179,-0.004029186,-0.014867019,-0.047314383,-0.03737256,-0.02729252
-0.007616572,0.010192019,0.055851858,-0.023985628,-0.025695678,-0.073542945,0.0017408312,0.025447022,0.07788736,0.013544631,0.047527753,0.048952874,0.029260455,0.04415996,0.06041457,-0.04527381,0.038840055,0.0080349445,0.03401323,0.03566747,-0.014790525,0.010848877,-0.05054158,-0.016629592,0.022836125,-0.04211934,0.061247487,0.026199782
-0.039422028,-0.041286293,-0.03114992,-0.047115035,0.05803401,0.06590043,-0.040971063,0.015205125,-0.005086143,-0.04015145,0.024231078,-0.00745453,-0.07618112,-0.049657725,-0.033086423,-0.025960408,-0.03820499,0.029348478,0.042660978,-0.074664585,0.004612777,-0.0059771542,0.056174256,0.0040658074,-0.026234606,-0.051190108,0.011885692,0.025291333
-0.03564618,0.10887302,0.0979094,-0.03466632,0.059579946,0.02961924,0.068547755,0.0532556,0.029772656,-0.022368426,-0.0180829,-0.034172755,-0.03579313,0.086982824,0.056113373,-0.007019379,-0.012588065,-0.055915482,-0.029697197,0.061774757,0.051953223,0.030557023,0.016224245,0.054439917,0.04630428,0.084075056,0.04128606,0.015829401
-0.013192631,0.016055224,0.029320313,0.03437729,0.013834007,0.038258605,-0.046709046,-0.061121613,0.029413795,-0.017068148,-0.020115558,-0.01128832,0.015858721,0.057116855,-0.0020860254,-0.03188824,0.0069718473,-0.03309224,-0.012924347,-0.05425741,-0.03299986,0.031038487,-0.083065726,-0.03976279,0.003589718,-0.04486241,-0.06475502,0.04707669
0.073525146,0.055858642,0.010462676,0.008404806,-0.021767193,-0.00054340105,0.039750036,-0.052467268,0.05701735,0.005698572,0.035146087,-0.035753775,-0.008616301,0.049262285,-0.05765095,0.015964225,-0.005259251,0.021199346,-0.005431129,0.005307032,-0.015424969,0.059395075,0.04150435,0.018971965,0.00021372229,-0.037805274,0.009939159,-0.0072073373
-0.0943946,-0.066405274,0.017062416,-0.003959781,0.04342389,0.0061528096,-0.077104636,-0.02374254,-0.069237255,0.011209718,-0.0055924845,-0.06485842,-0.021419127,0.0013607366,-0.05296269,0.060473446,-0.047146294,-0.060086846,-0.03949865,-0.020437961,0.013031602,-0.028802318,-0.072374925,-0.029715301,-0.02160015,-0.048027713,-0.05566438,-0.057189398
0.014617301,0.0214686,0.03494842,-0.075867996,0.058862206,-0.057556506,-0.030268839,-0.03433266,0.00619252,-0.03463434,0.06076973,0.03849709,-0.045443803,0.016370704,-0.023949038,0.011016128,0.07151433,-0.07627359,-0.043523148,-0.021610519,-0.086875804,-0.010836201,-0.029111112,-0.0045170444,0.049371876,0.026766783,-0.059231635,-0.037921265
0.029274864,-0.019413594,-0.014209267,-0.04576125,-0.03791552,-0.021745387,-0.010080789,-0.050380982,0.015412292,0.069753334,0.02193117,0.07695751,0.045658506,0.012308657,0.0020522391,0.014512155,0.07076613,0.059658207,-0.014171945,0.05008891,-0.06305837,0.04256958,-0.02404198,-0.008689462,-0.070741214,-0.05008096,0.05277457,0.034247972
-0.018977992,0.06287013,-0.01904785,-0.055488642,0.03023081,-0.06760826,-0.08739374,0.00021342294,-0.023994785,-0.07283175,-0.05394352,-0.011832079,0.048020065,-0.014375558,-0.014978621,0.04163167,0.021360839,-0.055982273,-0.07096334,-0.0014330691,-0.032348327,-0.041367378,-0.080438815,-0.04511175,-0.08565183,-0.037426285,0.016432127,0.026104545
0.012579199,-0.0133456895,0.033749945,0.0044748327,0.026648007,-0.060550462,-0.05415869,-0.07141722,-0.040180992,0.03453685,0.016379397,-0.02616527,0.048417144,0.039913997,0.06595408,-0.036621496,0.0066271066,-0.024949156,0.025996212,0.011797096,0.029991817,-0.018683262,0.030561991,0.026095258,0.0056841075,-0.050869714,0.04726375,0.030798115
-0.04558743,-0.030798687,0.0060033603,0.014086781,-0.0687133,-0.07627681,0.0031147774,-0.044228654,-0.059471026,-0.025349768,0.022990452,0.009715456,-0.043468058,-0.04088056,-0.04904804,-0.02037143,-0.054814022,0.05637357,0.034486912,-0.04945332,0.08744033,-0.041031037,0.03823489,0.0442497,-0.05526813,-0.0024738524,0.0099594435,-0.06095063
0.0518779,0.04684758,0.083854675,0.029423226,0.06894926,0.055962324,0.067909844,0.07636608,0.02845238,0.009901669,0.00799904,0.030788636,0.012376872,0.048928846,0.074234754,0.05340029,0.082733564,0.021512186,-0.013232972,0.06714397,0.016928142,0.023088606,0.059851073,0.023382777,0.07750843,0.06275394,0.073096715,0.047693443
-0.029597806,-0.019292053,0.0516595,0.008993335,0.04956422,0.048190095,-0.017111339,0.061461475,0.05167661,-0.059220627,0.03914067,0.0038737669,0.017365038,0.00022538211,-0.030720308,-0.005719884,0.06103245,-0.031882755,-0.030468589,-0.03982156,-0.03882055,0.0144942,0.019560067,0.054994892,-0.029098919,-0.035378102,0.05341783,0.032061644
0.0042547383,-0.0011457519,-0.056728214,0.019946648,0.032084905,0.009355978,0.070939,-0.034930855,-0.078202225,0.023730459,-0.01103816,0.016616996,0.026977122,-0.06402382,0.03210124,-0.021094905,-0.09122374,-0.009715776,0.0029453887,0.06011671,-0.01196135,-0.020350138,0.011981008,-0.050058696,0.042970467,0.03369816,0.045309186,-0.026016377
0.07838575,0.055355653,0.055306148,0.063631706,0.06622481,0.03841605,0.03877484,0.06377258,0.075600006,0.07460008,0.053749822,0.0486224,0.059889678,0.07285382,0.05548694,0.061264854,0.07889754,-0.0057248226,0.05145473,0.0386684,0.032123845,0.07429237,0.03940037,0.07238137,0.06815386,0.0036606588,0.04512567,0.053336073
0.021960143,-0.009164471,0.019839505,0.058062226,-0.02759444,0.0537713,0.075517654,0.002561521,0.046630483,0.08077968,-0.0710154,-0.0780245,-0.0380641,0.0072297426,-0.04342767,-0.068394825,-0.024377158,-0.06415126,-0.011569874,0.06404304,-0.042777292,-0.00089404325,-0.056463376,0.05294096,0.00017176374,-0.03339472,-0.00012263375,-0.009272993
-0.009415148,0.037866455,0.031022139,0.042390533,0.019843645,0.006283953,0.071070775,-0.038994722,0.050189275,-0.06709433,0.005128796,-0.033934657,-0.017573938,0.056528866,0.049155157,-0.03223744,0.042167746,-0.016345665,-0.06202873,0.00034105577,0.07389354,0.014312174,-0.018861515,0.005597082,-0.03601185,0.04642215,-0.0089723645,-0.025431061
-0.03490122,0.0058113853,0.0059844153,-0.027083796,0.066642486,0.017511645,-0.0017376055,-0.02503579,-0.038145,-0.013748424,-0.011878253,-0.040807948,-0.034145158,-0.002836321,0.009288675,-0.053765878,-0.017848775,-0.06086643,-0.0072860066,-0.04004611,0.020259857,-0.028064275,-0.06325295,0.009560204,-0.05042377,0.03128682,0.00031829442,0.03910984
-0.04081525,-0.02149795,-0.041237608,0.016965743,0.0039811432,0.061707553,-0.056783907,-0.024569504,0.017298868,-0.071204275,-0.04974401,0.006836115,0.023393592,-0.044531528,0.034120794,-0.024731612,0.04754188,-0.009744565,0.054743417,0.01964413,-0.054655273,-0.030377153,0.017302068,0.0284598,-0.0029435402,-0.0043908493,-0.06534778,-0.04160947
0.059533425,-0.032572933,0.009832414,-0.0055791033,0.02985526,-0.024298444,-0.010096328,-0.03890893,0.044136107,-0.015970923,0.013241102,-0.047265388,-0.032136403,-0.00807078,-0.064414084,-0.0072370223,0.03587427,-0.018653072,-0.017983336,-0.01093991,0.027199226,-0.016268145,-0.014888897,0.018944602,-0.021196231,-0.057479106,0.0056950483,0.011498243
-0.0685836,0.012998525,-0.014179354,-0.042185765,-0.019263187,-0.073270544,-0.07586542,-0.049446415,0.022949403,-0.02584718,0.0015439567,-0.022891935,-0.014248206,-0.022468738,-0.029837651,-0.040347498,0.00024532535,-0.0323651,-0.019704277,-0.008113215,-0.012779102,-0.035409667,-0.034228634,-0.014638265,-0.059642106,-0.028810099,0.034733485,0.04410923
0.090772584,0.06484271,0.04864793,0.01296023,-0.011910154,0.0106001515,0.050346226,0.011636071,0.028506981,0.029800067,0.08513857,0.03080862,0.01333428,0.075327106,0.081105664,0.03340831,0.0731026,0.05683525,0.039677583,0.021953361,0.00033821972,0.043324076,0.03443891,0.06172042,0.07466872,0.058809783,-0.010105641,0.029852668
-0.035893377,-0.04710246,-0.060145065,-0.047590006,-0.030856028,-0.014067903,-0.06121442,0.020730875,-0.03581699,-0.007555905,-0.024035728,-0.00890983,-0.038529504,-0.06520259,-0.035868365,-0.06365696,-0.05273539,-0.046403423,-0.05068672,-0.00361727,-0.0073258094,-0.047030814,0.006700518,-0.032675553,-0.05075373,-0.050287087,-0.025072305,-0.040351454
0.00014542439,-0.07184177,-0.058458183,-0.018838897,-0.027821226,-0.0059961346,-0.023059012,-0.038731556,-0.06368085,0.026480854,-0.061133787,0.009062842,0.013692355,-0.07314899,-0.023231708,-0.03884229,-0.07200054,-0.024482094,-0.014943584,-0.04562126,-0.03414053,-0.03483338,-0.037079137,-0.05189075,-0.03908416,-0.02841203,-0.04887511,-0.050452746
0.084209986,0.016961634,0.041023303,0.0025557226,-0.028541768,-0.035242025,-0.008119298,-0.008025169,0.057838358,0.050046038,-0.070436254,0.033241298,-0.036381565,0.02090063,-0.03691123,0.046788137,0.054006275,-0.019394966,-0.023540752,0.006024353,0.06312673,0.04958576,0.04765567,-0.053933337,0.05376311,-0.023423597,0.0030886668,0.02447775
0.055207755,0.002979622,0.04283024,-0.04227928,0.012656226,-0.06538463,-0.0021247733,-0.019174486,0.035371374,-0.0288231,-0.0145241525,-0.040857486,-0.07504428,0.008750962,0.0058382037,-0.06792991,0.035834976,-0.06603927,-0.040190548,-0.017018246,-0.039678525,-0.06880437,0.008631401,-0.020012673,-0.04973731,-0.060070224,-0.04809538,-0.040048268
-0.0039930376,0.0804635,0.07576234,0.0659209,0.059604436,-0.049417295,0.020190185,0.05311129,0.046774644,0.05542484,-0.010059113,0.044104483,0.06296367,0.087054536,0.05008525,0.04990482,0.078704864,0.03117092,-0.03240301,0.061715495,0.0058791838,0.06695006,0.02439289,0.05415413,0.069487266,-0.06435184,0.07532197,0.037558798
-0.028516278,0.04551228,0.00047448633,0.008215265,0.06004155,0.0035653794,0.005411146,0.0035414735,0.06803807,-0.003981517,0.016564144,0.015530447,0.029342987,0.020130858,0.025669014,0.06277543,0.033490844,0.053922657,0.0020031794,-0.059344843,-0.013820752,0.044446923,0.060075562,0.04095269,0.030010305,0.0052535073,0.059757505,0.07542539
0.077294365,0.02566976,0.0064203925,0.012109194,-0.0062878807,0.051724385,0.035885245,0.011143558,-0.030047556,-0.015668936,-0.03144257,0.002267771,0.01684607,-0.02333547,0.003500848,-0.015393834,0.00423885,0.012533541,0.015654746,-0.03611718,0.02062098,0.017153604,0.0013644667,0.0071829674,-0.044813838,0.046552856,-0.017668135,-0.042608507
0.033628408,0.0337755,0.022758013,0.06355123,-0.05576566,-0.020391744,-0.052031565,0.020844463,0.017752262,0.04219773,-0.023066124,-0.012141647,0.057598762,0.022084052,-0.057754844,0.030814456,0.046831377,0.018260725,0.022638924,0.050469737,-0.05119409,-0.0034988944,0.04642297,0.022035995,0.011836216,0.013544148,0.014469112,-0.0014848306
-0.07639861,-0.04290816,-0.03600892,-0.0065523586,-0.047894012,0.011753119,0.047898896,0.036942806,-0.011716168,-0.0063220295,0.044316854,0.005132401,0.048485644,-0.00039531366,0.02142999,0.008162487,-0.0698002,0.058547176,-0.014724652,0.007424427,0.046334583,0.020573854,0.052100994,0.024005698,-0.044946,0.06584907,0.03226038,0.055547196
0.014105275,-0.028004693,0.0045956206,-0.042281326,0.016701445,0.07479961,0.041794874,-0.014523647,-0.052438036,-0.045282178,0.050298803,-0.057604656,-0.0546125,0.030187752,-0.00060576334,-0.0022864756,-0.00062024535,0.07954971,0.038034946,-0.019463714,0.008588532,-0.071624205,-0.0415104,-0.07004067,-0.004105942,0.057252493,-0.03533172,-0.043228548
0.04106422,0.021555107,0.04688467,0.018284697,0.022001911,-0.034337305,-0.061857786,0.06736179,0.048627995,0.032050118,0.05325281,0.04949393,0.037144404,0.046765737,0.056114916,-0.01812555,0.04474298,0.017726036,-0.015886161,0.08503104,0.03796221,0.045921158,0.0027740262,0.03187072,-0.0031029754,-0.016063955,-0.024007821,-0.0017513126
-0.02058608,0.0524866,0.019338971,0.004182768,-0.016076496,-0.031141596,-0.0071931686,0.061297927,0.006253847,-0.018366896,-0.018961659,0.0122464355,-0.011899873,0.0097889695,-0.0011870725,0.059779126,-0.01631309,-0.0058455276,-0.033487603,-0.04323349,-0.07311497,-0.02219118,-0.072209515,-0.03166616,-0.028733775,0.04089064,-0.036672927,-0.036943823
0.034417342,-0.046701774,-0.01860391,0.025358643,0.04474918,0.07002501,-0.03630546,0.02689473,-0.0025738769,0.030557116,0.010816225,-0.00020991216,-0.009985914,0.023672737,-0.06693572,0.051818643,-0.02474024,0.03880201,-0.01736132,-0.014087179,0.071451314,0.029049914,0.038566742,0.07022638,-0.03999037,0.035508804,-0.056711234,-0.028899522
-0.033796575,0.02195705,0.012672941,-0.05405709,0.03353626,-0.0015475441,-0.007843713,-0.06342354,0.012127916,0.035426624,-0.008679708,0.02413415,0.028330203,-0.0074729575,0.0237646,-0.058258094,-0.057762254,0.057081927,0.02725373,-0.006794191,0.03669214,0.02805044,0.0042250818,0.01569055,0.0042560846,0.012251804,-0.05351993,-0.041795548
0.07090286,0.043555878,-0.017676953,-0.029872775,-0.07714035,0.016481522,0.029699521,-0.033083178,0.016229348,-0.079265006,-0.07376378,0.02476806,-0.080539115,-0.03549729,-0.079067044,-0.022875246,-0.008289807,0.030487122,0.0032394303,0.0011802247,0.008496226,-0.055284094,-0.026207285,-0.07919346,-0.06959324,0.051302835,-0.046324328,-0.07473892
-0.053857148,-0.040261913,0.032307953,-0.00045389423,-0.04823998,0.03913264,-0.033969134,0.060498625,-0.0006141951,-0.056377705,-0.018340582,-0.02252245,-0.06143195,0.0046784463,-0.049784917,0.0009886788,-0.022470685,-0.0029032002,-0.048714675,0.07317962,0.059677836,0.045152176,-0.011300682,0.018455645,-0.052640364,-0.011762219,-0.044951346,0.012082318
-0.021563074,-0.06490171,-0.0473135,-0.022976216,-0.08100996,-0.06772526,-0.063121505,0.028939009,0.007868514,0.054980535,-0.02271259,-0.056827154,0.005459203,-0.02231929,0.013219731,0.023696806,-0.030546831,0.04212073,-0.05502251,0.08067237,-0.03523386,0.0115367165,-0.029572722,-0.06980339,0.006362468,-0.070443906,-0.08211224,-0.06680195
0.023001874,0.002298902,-0.00825438,-0.026614761,-0.058367994,0.036426015,-0.032296244,0.057499256,0.03758498,0.043534115,0.019358205,0.036679734,0.03039259,0.023721216,-0.049974322,0.020921547,0.026038103,0.041029036,0.03588745,0.02868252,0.019265322,0.029448114,-0.022279212,-0.032004647,-0.0035504624,0.033554263,0.065714106,0.070012696
0.049208682,-0.0011853207,-0.012870327,0.014939864,-0.07074032,-0.04404489,-0.013452795,-0.013861176,-0.011839198,0.05231672,0.069802664,-0.015845349,0.024487644,-0.01835281,0.059245758,-0.06257038,-0.016009662,-0.005767678,0.011348903,0.020238977,-0.019392284,-0.015991429,0.07055614,-0.014202774,0.05941986,0.0529758,0.0198672,-0.005112194
-0.030350287,0.025576212,-0.09747715,0.027800543,-0.013088471,0.054209415,0.008471364,0.069149286,-0.044477712,0.01626285,-0.008226674,-0.036487505,-0.0021558525,-0.098174304,0.037332,-0.021775642,-0.08168739,0.010245921,0.0644118,0.023213504,0.05850831,-0.04309188,-0.0236834,0.011023566,0.019997695,0.03410495,-0.03106137,-0.031487662
0.075018,-0.052838404,-0.073681965,-0.015809644,-0.03567868,-0.04209643,0.03755121,-0.052074604,0.021567311,-0.011626695,0.01583484,0.0054415804,-0.011727223,-0.07647483,0.01392947,0.043948255,0.0016320542,0.017448936,-0.02104023,0.013756423,0.063178696,0.03727331,0.022223212,0.021172829,-0.0041689514,-0.019500937,-0.01942474,0.027038397
0.0036796299,-0.027174177,0.015519094,-0.006171863,0.049782872,-0.04756812,-0.0837804,0.0222772,0.0121934535,0.06335979,0.045017947,0.049783956,-0.020246074,-0.027666274,-0.07675508,0.021010654,-0.008239658,0.023851044,-0.0045887376,-0.05878024,-0.08386189,0.082134224,-0.046359863,-0.04955135,-0.0020377613,-0.06432366,0.010612021,0.059265863
0.029459532,-0.07110183,-0.055924486,-0.041687258,0.039501537,-0.025181236,-0.018418934,-0.04532971,-0.040246386,-0.05191442,-0.04993388,-0.0672245,-0.0784327,-0.0769748,0.026859637,-0.06135571,-0.09296606,-0.03730537,-0.071777955,-0.047056593,0.016848674,-0.07839541,-0.05657126,-0.023824913,-0.08297617,-0.042943362,-0.04874864,-0.07144452
-0.038301732,-0.030649973,-0.038420133,-0.017396068,0.04607065,-0.008066833,0.04600988,-0.05173763,0.011801187,-0.014180489,-0.00018431745,-0.01840795,-0.045191363,-0.05365384,-0.0538903,0.0068307994,-0.02962847,-0.005077418,-0.005949299,0.03546401,0.014503122,0.010894502,0.014868333,0.022633065,-0.008031573,-0.031099709,-0.0007942345,-0.05629789
-0.011939488,0.03285638,0.01967847,0.02661216,0.06562726,0.06383651,0.063043565,0.05488798,0.066044204,-0.0502456,0.07458451,0.054618668,0.026085852,0.0144935865,0.049901165,0.035732366,0.064139895,0.001686018,0.059347417,0.057282157,0.03404309,0.057104036,0.05418878,0.05259965,0.050329417,0.04981438,0.06031087,0.04488906
-0.022488642,-0.10450391,-0.082523905,0.06603915,-0.027360484,-0.014000693,-0.051344614,-0.021186592,0.04833161,0.020504788,0.04486536,0.0019603313,0.039533928,-0.04385615,-0.0015288419,0.052507922,0.0377685,-0.04271983,-0.03788724,0.021117177,0.07790844,-0.025066447,-0.019327018,-0.062108915,-0.085004285,-0.07846518,0.02103719,0.0191852
0.0698235,0.017466597,-0.025861287,0.07506124,0.066331856,0.05333594,-0.03173765,0.06447482,0.027578315,0.029346582,-0.051054444,0.049959794,0.04347291,0.004544646,0.033422478,0.056486357,0.0046514855,0.07479272,0.06164099,0.058702275,0.04563172,0.075204045,0.062908776,0.015835078,0.03005392,-0.013763986,0.019366847,0.030452747
0.054174658,0.014068512,0.05142583,0.011443805,0.06734332,0.07130967,0.077851735,-0.0063588615,0.000677689,0.05757889,0.03521555,0.042417537,0.05015832,0.036640625,-0.01089987,-0.021088207,0.05634743,0.057618916,0.06945726,0.046940815,-0.002750082,0.028051203,0.06580859,0.010428047,0.015584473,0.059421998,0.011161611,-0.0107205175
-0.029377107,-0.02316624,-0.036901854,-0.0041582156,0.03861419,0.018393753,0.031801973,0.057608873,0.035817146,-0.06270605,-0.041836984,0.0254588,0.03275063,-0.08230476,0.046563517,-0.0154204685,0.078884505,0.020377837,-0.0041493042,-0.016820678,-0.025688063,-0.015594921,0.03570934,-0.023057573,-0.041478116,-0.0061868774,-0.029601451,-0.048058603
0.013362459,0.104362056,0.09688015,0.09686689,-0.024115922,0.076893024,0.05514097,-0.013777677,-0.033085234,-0.029581798,-0.035827674,-0.012747605,-0.013224223,0.09942635,-0.03237175,0.0044831447,0.040711746,0.0582995,0.06687876,-0.023962256,-0.037765894,-0.0018654236,-0.012435793,0.062362563,0.02317696,0.08191033,0.02984222,0.06437764
-0.092917204,-0.07416109,-0.05336405,-0.022328034,-0.06136275,-0.01464832,0.020172749,-0.031877324,-0.0645156,0.0017799039,-0.03407885,0.038633823,0.0005197872,-0.07177104,-0.03651981,0.00057908264,-0.054562647,-0.03815292,-0.015207109,-0.004918841,-0.04263896,-0.021252949,-0.020740913,0.0113712335,-0.018861543,-0.071015805,-0.009146057,-0.0014926693
-0.043980658,-0.08634506,-0.080051534,-0.025819616,-0.07423169,0.009951311,-0.07307149,-0.034796722,-0.015758777,0.011587042,-0.012222505,-0.030801222,-0.060703017,-0.091348514,-0.051789522,-0.06523014,-0.06542843,0.0015888958,-0.0049686865,-0.0494786,-0.05556359,0.009007581,-0.061108552,-0.07220815,-0.03511946,-0.026517317,-0.042337693,-0.034285363
0.03263825,0.021860017,-0.006534105,-0.049874283,0.06489776,0.017160224,-0.06020851,0.03657654,-0.01603353,-0.080313355,0.06053649,0.07471763,0.065718204,-0.0018584201,0.032276664,0.071848385,-0.01882107,-0.06779245,0.07171271,-0.023261223,-0.052489277,0.001015295,-0.07732611,0.039693292,0.030914301,0.07177807,0.021844342,0.040718086
0.04705353,-0.07183087,0.017780656,-0.049293537,-0.044746377,0.026050573,-0.064378366,-0.08203208,-0.08069342,-0.042185612,-0.022953147,-0.06300679,0.05318737,0.031205995,0.02674675,-0.010141937,-0.0017095667,0.014078306,-0.08397011,0.04806195,0.04497227,0.03580944,-0.042600315,0.018501373,-0.021519529,0.024976848,0.059477657,0.06212404
-0.0448149,-0.030307345,-0.0063150567,0.008290538,0.0143613415,-0.055379383,0.029542433,-0.034559585,-0.03982692,0.03673265,0.050667442,-0.034145314,0.062515624,-0.0017464235,0.030494837,0.070989065,0.061833117,-0.0433937,-0.021943467,0.072155446,0.02130212,-0.04901015,0.019613983,0.044267938,0.054293375,-0.07058743,-0.06731218,-0.050386358
0.02308979,-0.0011079876,-0.0055917697,-0.0017974497,-0.07777936,0.027418828,-0.0058228327,-0.057974387,-0.010569126,0.027751697,-0.017869713,-0.013414367,-0.08068871,-0.032364078,0.04976956,0.042679172,-0.02322765,-0.038685024,-0.059490543,-0.010509983,-0.036384337,-0.012563682,-0.013310732,-0.079480164,-0.016980449,0.020750232,-0.07457864,-0.081072696
0.03568965,0.00023832415,0.05872372,0.07527482,-0.04370031,0.035975505,-0.039565444,0.054589726,0.078186326,0.017314812,-0.023461988,0.06827495,-0.00943431,0.019001704,0.025482541,0.07027444,0.018663734,-0.039532185,-0.007310766,-0.000795786,-0.0028720067,0.009624517,0.028075304,0.06537094,0.007763092,-0.025996909,0.05746398,0.058703493
0.053286105,-0.06543525,0.056790687,-0.088068,0.025398003,-0.044457447,-0.009859604,0.03627681,0.06316997,-0.05250102,-0.07193836,0.038745187,0.07462909,0.050451297,-0.006848973,0.013369966,0.069794536,0.0096138595,-0.06395347,-0.0035978968,0.04548342,0.012119183,-0.013213635,0.011750166,-0.056922134,-0.034785915,-0.027358146,-0.036605794
0.059473254,0.07922778,0.036160786,0.06714296,-0.00047375154,0.05498407,-0.02459581,0.060150083,0.062218823,0.031142235,-0.011812261,0.020230677,0.05946629,0.062262155,-0.00085844233,0.056084603,0.06773767,0.05454844,0.054334864,-0.017219493,-0.04551502,0.002663251,0.065527715,0.051708274,0.039560676,0.041877992,0.02952814,0.050145026
-0.060390674,-0.028296813,0.04094621,0.033623897,-0.02091399,-0.05530125,0.03654763,-0.026369164,-0.04629921,0.019036293,0.010713927,-0.031062026,-0.027721142,0.027686099,0.020930642,-0.009105944,0.06466886,-0.0081053935,-0.058794167,-0.03931071,-0.0533056,-0.030044215,-0.03897507,-0.03229814,0.002264985,-0.0373926,-0.036048017,-0.014506269
-0.03720471,0.04661934,0.03366503,0.05043778,0.013354115,-0.0070793517,-0.027395101,-0.025851715,0.0017667017,0.063975565,0.08816882,0.041386753,0.05871522,0.04699037,0.069059975,0.058517884,0.053812508,-0.03473722,0.03579222,-0.025438353,0.079051234,-0.038900606,0.06293218,0.044674598,0.04809714,0.04454484,-0.025336372,-0.036876213
0.0056211515,-0.04561606,0.012515664,-0.046995968,-0.030929582,-0.011588935,0.054791965,-0.06819234,-0.004529583,-0.005078222,0.06121579,-0.022865653,-0.06632821,-0.01416484,-0.024838652,0.011469313,-0.007161653,0.053573463,0.025815053,-0.056482416,-0.044717193,-0.048328396,0.053247508,-0.07771561,-0.011463001,-0.03388909,-0.054961123,-0.04527405
0.0048571103,0.015859768,0.039649162,0.03164064,-0.009548032,-0.055039387,-0.010559351,-0.011096299,0.019403623,-0.062033877,0.05835873,-0.0064450977,-0.048600223,0.040843856,-0.068565376,-0.011972791,-0.018396016,-0.04989549,-0.028603451,-0.035027545,0.06756685,0.044160467,-0.050545257,0.03240199,-0.019384962,-0.020042405,0.0006562747,0.010853866
0.061487228,0.051300306,0.08208768,0.026700672,0.043504726,0.02607185,0.07001722,0.03271451,0.036544956,0.009793448,0.048139527,0.06047763,0.067320995,0.07421595,0.010388082,0.04736785,0.08269048,0.049975727,0.005712562,0.073822655,0.026947554,0.046859715,0.059797846,0.045767345,0.04605885,0.029720478,0.053189594,0.062251713
0.071109034,0.027999194,0.06149723,0.025613146,0.020330202,-0.03325254,-0.06415996,0.046176467,-0.0073162992,-0.06675798,0.08637652,0.07697321,0.034169175,0.027202213,0.056345377,0.038957234,0.06460509,0.043626796,0.045661017,-0.07890047,0.06733022,0.02130976,0.05713655,0.020632984,0.05983155,0.022278138,0.011618575,0.028843898
0.062748924,0.030467395,-0.014586528,-0.018153345,-0.036860634,0.070736945,-0.056775622,0.06914,0.038081862,-0.00041318056,-0.017418144,0.017065877,0.024078334,-0.012514226,-0.0527509,-0.003140606,0.01641464,-0.011562161,0.04506381,0.013223057,-0.040871765,0.030091342,0.04931251,-0.026697757,0.035260662,0.07356445,-0.031706363,0.04208995
-0.09034073,-0.08317081,-0.07914334,-0.07394971,-0.006114264,-0.044817455,-0.073840715,-0.05334071,-0.067970864,-0.046847966,-0.039474428,-0.03328714,-0.031789105,-0.07868135,-0.063013434,-0.052253075,-0.08744192,-0.030210128,-0.032785956,0.013616645,-0.062028885,-0.052351996,-0.055191863,-0.056309488,0.013464742,-0.054499198,-0.04833755,-0.051184293
-0.021689883,0.06314024,0.029645057,0.051360913,0.01057958,-0.038258284,0.052897044,0.05209659,0.05421217,0.0018878256,0.029144228,-0.0035461627,0.054087166,0.025680212,0.001201837,-0.017547572,0.066097386,-0.014501028,-0.065647006,-0.025042826,-0.015719429,0.0052044103,0.0008160285,0.030278722,0.023802847,0.038117584,0.020574978,-0.035156406
-0.009307885,0.046054002,-0.03321775,0.06150773,-0.025238637,0.068588056,0.011532784,0.018596247,0.017736549,0.062871434,-0.003444934,0.03374571,0.020899843,-0.047853127,-0.041747805,0.0555271,-0.03643405,0.07668619,0.028441383,-0.0086536035,0.053265426,0.04725008,0.049284335,0.0494694,-0.030006705,0.033840213,0.023347614,0.005135622
0.02345404,-0.018669315,0.038440753,-0.03577569,0.0005919177,-0.021225417,0.023054795,-0.026424013,-0.0674022,-0.07685429,0.08220294,-0.055707272,0.0015358174,0.013775864,0.018623076,0.03371571,0.023908505,0.048279762,-0.014121619,0.019597108,-0.015517387,0.02659148,-0.01350008,0.041925747,0.011153317,0.017785285,-0.012965367,-0.05016864
0.061808087,0.014488109,0.052890178,-0.087703496,-0.030015022,-0.0019805618,-0.062387466,-0.04821099,0.0051422794,-0.015415393,-0.034483965,0.0545773,0.0037815014,0.03470448,-0.02693892,-0.05333863,0.0519592,-0.03848126,-0.029929044,0.013576257,-0.057881195,-0.01568217,-0.057787437,-0.0042556636,-0.0019681475,-0.01995039,-0.025432674,0.011676746
-0.0761542,-0.00094971346,0.041005954,-0.01423323,-0.028776273,-0.036358707,-0.013365052,-0.07137953,0.018258136,-0.041637223,-0.0415166,-0.013305837,-0.04022695,0.035474684,-0.066563,-0.048195537,-0.036525644,-0.05508607,-0.0106445,0.001826436,-0.044746272,-0.01572564,-0.04442726,0.027304042,0.018537529,-0.0053848904,0.036106784,0.052499298
0.0020066146,-0.023437174,-0.04029851,0.09734108,0.060177572,0.055286445,-0.0077298675,0.032031357,-0.03835869,0.0032691997,-0.014644855,-0.060065676,0.027902972,-0.0342707,-0.023572354,0.05781516,0.0014207326,0.057434406,-0.07018952,0.032943867,0.03817759,0.0749177,0.011245015,0.032204922,0.009528449,-0.007759139,0.082167834,0.06874938
0.04731363,-0.00084948284,-0.08267565,0.024696536,0.0058446242,0.025319392,0.030367559,0.067199886,-0.02499995,0.07747987,0.03770413,-0.07201796,0.03820023,-0.04630647,0.026893856,-0.030219123,-0.0016422619,0.070834905,0.046275757,0.056874223,0.009328635,0.031827092,0.040192276,0.0741077,-0.016901078,-0.03918882,-0.09046208,-0.08574154
-0.027924791,0.031362575,0.023848737,0.022602528,-0.052947514,0.060617343,0.03160703,-0.023409363,0.031979375,0.043443285,0.042236455,-0.01441909,-0.02093028,0.027067577,-0.0257841,0.079195075,-0.0092888735,0.05280096,-0.03608516,-0.015902704,0.051259995,0.061931163,0.03911537,-0.037536602,-0.02665746,0.078295946,-0.020622384,0.004405602
-0.032562055,-0.021896534,0.006914915,-0.04877685,-0.066953704,-0.06488958,0.01185279,-0.06169204,-0.041975196,-0.057486244,-0.022759298,-0.06350994,-0.053238638,-0.025632085,0.049386397,-0.060411416,-0.019789789,-0.052013192,-0.045995824,-0.032119386,0.010142232,0.0017575165,-0.033183094,-0.0435655,-0.028935922,0.049666062,-0.043429304,-0.058478188
-0.029352944,0.028455578,-0.0020561276,0.019966254,0.06282755,0.016205674,0.06416764,0.016715068,0.03429302,0.059699602,0.033135183,0.05104335,0.018791515,-0.01630224,-0.0040867804,0.059456307,-0.03629255,0.03364547,0.056286525,-0.011709438,-0.07230908,0.07982014,0.021275705,0.0564076,0.08100616,0.06417142,0.016292246,0.047791317
0.006409105,0.00287622,0.085791625,-0.09326944,0.00884237,0.026194487,0.018612245,-0.029207854,-0.05051064,-0.059166115,0.017780583,-0.016428119,-0.07125145,0.066731736,0.0346411,-0.058403704,-0.017195625,-0.045720033,-0.015965339,-0.029301323,0.005296674,-0.009252273,0.02551722,0.0047811135,0.07001356,0.015762856,-0.005965585,-0.05128314
-0.03163899,0.031663574,-0.05333018,-0.035862606,0.0013855806,0.026792783,-0.012885858,0.009058337,0.016292155,-0.022984926,0.0019748756,-0.02670999,-0.04251935,-0.02439843,-0.0014548394,-0.05368332,-0.034061223,-0.02165275,-0.03817133,0.030605659,-0.03899131,-0.04956129,-0.047373854,-0.021648148,0.0015054294,-0.044689655,-0.018176394,-0.020080125
0.056614727,0.07018303,0.004976476,-0.014259157,0.04649628,-0.026535127,-0.041299336,0.01846197,0.06522926,0.04695237,0.08225337,0.06679784,0.03503734,0.03363481,0.012568006,0.04025714,0.08651019,-0.006835066,0.051987596,0.0058488683,0.022753946,0.017772429,0.020283801,0.06176566,0.061590537,0.042361878,0.03100539,0.03141937
0.0025187165,0.016321113,-0.042410288,0.0329022,-0.01783331,0.010486568,0.024787748,0.04912702,-0.054811355,0.046786524,0.031414818,0.053550053,-0.0061796596,-0.033082236,-0.048266605,0.07422139,-0.02650434,-0.027933145,0.03469159,-0.013227956,-0.045817804,0.019452479,-0.06468724,-0.067446224,0.022957908,-0.013981942,0.0071329353,0.0035102756
0.039163653,0.0017656115,0.062762246,0.038057067,0.03573136,0.02612429,0.024238093,-0.037207052,0.03845794,-0.031181486,0.018732935,0.06174989,0.06126246,0.057118315,-0.019723402,0.022981388,0.06689521,0.046682585,-0.006527324,0.056968465,0.010923652,0.0041957637,0.058749206,0.050163046,0.026079522,0.05264093,0.059949346,0.036329824
-0.06497095,-0.060546946,-0.084694564,-0.05008836,-0.048708912,-0.012000828,-0.069701046,-0.009146117,-0.03534875,-0.053008646,-0.048482776,-0.07272284,-0.058351234,-0.06812601,-0.08008755,-0.049138594,-0.050664242,0.020401765,-0.06257876,-0.06894027,-0.06881053,-0.043109532,-0.028380413,-0.06383602,-0.06109578,-0.020767657,-0.06073547,-0.049825516
-0.08177876,0.071892835,0.08991288,0.015593631,0.06710221,0.032706607,-0.009056954,0.042595446,0.058994878,0.053078808,0.06666285,0.045213163,0.061508555,0.070094764,0.039402477,-0.025429701,0.093596645,-0.07284247,0.035716467,0.005705627,-0.0070104487,0.058389176,0.05585785,0.04572496,0.03174791,0.061706074,0.047080237,0.028547373
0.008287878,-0.039549567,-0.040672004,-0.042453624,-0.045492586,-0.06571627,0.015019417,0.05610632,-0.011960785,-0.02792357,0.026291275,-0.041740697,0.072563164,-0.012376193,0.027661955,-0.0572302,-0.01665943,0.020751318,0.03750185,-0.059744414,-0.06847529,-0.037729822,-0.013393714,-0.040130693,-0.03594293,0.012943585,-0.012535429,-0.011290369
-0.031196082,0.025782198,0.0024365834,0.051932137,0.060189806,0.0244183,-0.026424605,0.07357829,-0.006585191,-0.07563559,-0.020841027,0.044970956,0.014810726,0.033376172,0.037167035,0.054598026,-0.021471735,0.03639127,0.04906675,0.029497396,-0.0030219036,0.006583544,0.033380073,0.070891805,0.024606898,0.03680587,0.0285455,0.019748766
-0.009585688,0.009921238,0.03993094,-0.021804243,-0.015841207,0.040459566,-0.06162977,0.059347462,0.01889409,-0.008360918,-0.042490356,-0.0458847,-0.033844743,0.045941804,-0.017205538,-0.0018090502,-0.027948776,-0.047560442,0.018515758,0.08568163,0.029992,-0.008495539,-0.041389864,0.019821681,-0.05405721,0.015601452,-0.00991069,0.012667821
0.05823582,0.045576435,0.062329736,0.022028701,0.06259997,0.033197988,0.07843531,0.07097266,0.0204465,0.04409551,-0.02866938,0.0020529286,-0.00875371,0.043333564,-0.028012255,-0.029065754,0.034471713,0.06638471,0.048911568,0.028735602,0.03987466,0.019601975,0.026610462,0.021830777,0.061487343,0.013593352,0.06063966,0.023156486
-0.10043195,-0.10784786,-0.09934269,-0.09687114,-0.08359149,-0.074652284,-0.08951792,-0.087605916,-0.08216714,-0.077267595,-0.09461574,-0.087863676,-0.08476175,-0.09899505,-0.08786074,-0.078486346,-0.10999964,-0.08774524,-0.08957764,-0.085267074,-0.09777652,-0.090052105,-0.0852231,-0.083882764,-0.08542499,-0.081121735,-0.09197221,-0.085427165
0.08065609,-0.04274499,0.01651634,0.06233801,0.026637763,0.043970883,0.015361604,0.06667268,-0.009569907,0.050992195,-0.04889773,0.04997656,0.06247963,0.022223758,-0.012140107,0.039733727,-0.0047533778,0.04093689,0.014359137,-0.030531637,0.046590004,0.0055382987,-0.037944194,0.07346704,-0.010370208,-0.059274327,0.06590908,0.04425831
-0.0076317284,-0.036715053,0.009219139,0.013802256,-0.02243749,-0.020121822,0.05995383,0.0475785,-0.005687392,-0.0811462,-0.09542785,0.074674174,0.07551945,0.02446141,-0.02589211,0.022599397,0.05187055,-0.0315444,-0.09016907,0.072055236,-0.051857635,-0.009210047,-0.031280756,-0.030826243,0.057623602,-0.025588699,0.062836476,0.055237416
0.016148165,0.016060792,0.060112678,-0.052114416,0.04760291,-0.06347464,-0.014563479,0.022033552,0.016018093,-0.022338286,-0.038770437,-0.08304549,0.023328267,-0.0179843,0.05085483,-0.025091248,-0.021501854,0.0031264874,-0.029675769,-0.078875594,-0.067310244,0.041052435,-0.04736453,0.07318371,-0.07580184,0.036646504,0.030800916,0.004352207
0.067930445,-0.017635945,-0.03875647,-0.0036011643,-0.050642006,-0.008995168,0.021958485,0.015208094,-0.05647247,-0.010601496,0.0031628914,0.0044558733,-0.015456804,-0.015044807,0.044883918,-0.05816339,-0.031793173,0.027445149,0.04272283,0.050126966,-0.06369079,0.028908787,0.053805728,0.027834252,0.018434832,-0.04560748,-0.01020317,-0.023366144
0.008235179,-0.05620872,-0.039359737,0.0052425205,-0.021774089,-0.017966915,-0.052141402,-0.039575882,-0.041474517,-0.048536777,-0.041074447,-0.024924733,0.015582717,-0.04721224,-0.07189028,0.005988872,-0.04642347,0.011466374,0.016854739,0.009774429,-0.024103507,-0.031491432,-0.040824316,-0.007031547,-0.0052573904,-0.05025547,-0.025303587,-0.023981377
-0.058969215,-0.038045894,-0.026196662,-0.033314407,-0.04035464,-0.012474096,-0.0318469,-0.016442856,-0.045876544,-0.052986078,-0.029942906,-0.05325522,-0.04536766,-0.016071737,-0.002631379,-0.052472558,-0.06975361,0.0055900216,-0.0040409374,-0.030997718,0.023187561,-0.04404271,0.03333708,-0.03268716,-0.042910535,-0.03981083,-0.026498402,-0.018130103
0.007662092,0.023538647,-0.013837565,0.08005997,0.0679347,0.00042402343,-0.036696754,0.038307656,0.07444797,0.03303433,0.07860597,0.063728645,0.05239182,0.0044824504,0.02887872,0.042310316,0.017088978,0.025835153,0.045355204,4.9227678e-05,0.07707279,0.07399781,-0.007737602,0.07885176,0.017292766,-0.024448352,0.038743027,0.043580282
0.004840479,-0.07054364,0.04724847,-0.056317955,-0.053061306,0.009650641,0.011253072,0.0008859541,-0.04570731,-0.07754222,-0.022724675,-0.043025196,-0.010996216,-0.014547015,-0.028102271,0.0026786423,0.011831734,-0.06176372,-0.026303347,-0.0424028,0.04549202,-0.028772224,0.010629453,-0.06074361,-0.042592272,0.01708711,-0.07450026,-0.053332694
