,alien,angel,baby,boy,bride,captain,cheerleaders,choir,clown,cowboy,dentist,doctor,Eskimo,fairy,farmer,fireman,fisherman,genie,ghost,girl,judge,king,knight,man,mummy,nurse,painter,pilgrim,pilot,pirate,priest,queen,sailor,twins,waiter,waitress,witch,nun,teacher
types of people,0.19212828727384657,0.21408607657391288,0.23736118621278113,0.283546009385653,0.22521732215826007,0.12606671214412846,0.11759777494419965,0.17373312888212733,0.14639709085742836,0.2286988680158093,0.1778800769432145,0.15454180653691973,0.21675187240060723,0.258261388201126,0.18334244298669933,0.16999603335173075,0.09179328638556927,0.09876052081454045,0.26350942187154314,0.28377862171854384,0.18053289755568414,0.17341811999055323,0.19562265021737124,0.3541648049320443,0.1300063757785448,0.14053141645651346,0.11810785033052362,0.1259800718069003,0.17261337929626464,0.15290034335025604,0.2032163256248236,0.17539548368426794,0.1417433545713599,0.10397048360212147,0.20127306472633721,0.14553810547298218,0.32966272349896597,0.18882422659544384,0.19057215562251184
