Fruits & Vegetables,apple,asparagus,avocado,banana,blueberry,broccoli,carrot,cauliflower,celery,cherries,coconut,corn,cucumber,eggplant,garlic,ginger,grapes,kiwi,lemon,lime,onion,orange,pear,peas,pineapple,plum,potato,pumpkin,raspberry,strawberry,tomato,watermelon
-0.028322536,-0.043919146,0.013270856,0.014642249,-0.06476954,0.002455317,-0.020485383,-0.025371024,0.010990513,-0.051223364,0.0480422,-0.022917446,-0.0050287354,0.030870441,0.034246854,-0.010588528,-0.011613834,0.021245465,0.00029608826,-0.014714484,0.04049056,0.040927548,-0.030550886,0.014079393,0.0024933184,0.0002606712,0.057606302,-0.041921433,-0.032669142,0.014149811,0.021565069,0.017371435,0.03121949
0.036099315,0.03201129,0.00078848284,-0.024528397,0.021205252,-0.01784178,-0.03889233,-0.042060256,0.016561314,0.04657127,0.009004597,0.023766508,-0.010988595,0.041344054,0.041394506,-0.024000477,0.01675984,0.019363996,-0.033572584,-0.019425564,-0.028468153,0.007452571,-0.022475973,-0.04425724,-0.04251394,-0.019505091,0.020803541,0.021905141,0.007252328,0.05137534,0.022910783,0.055253025,0.06695644
0.031469338,0.011909697,0.045071825,-0.04239784,-0.006217443,0.010380328,0.073148035,0.041954763,0.037312042,-0.07120622,-0.03627944,-0.058294646,0.054522064,0.01827168,0.0323649,0.04409359,-0.06322064,0.017208213,-0.04438019,0.009467724,0.046271455,-0.03263641,-0.011115068,-0.06301347,0.07372652,-0.006840535,0.0046480633,0.030020362,-0.0031154682,-0.062525384,-0.04220163,0.011385546,-0.054749276
0.033931844,0.036295034,-0.016010718,-0.019300837,-0.017262911,-0.02898008,0.029772341,0.048298303,0.02633674,0.042882364,-0.02409538,-0.018968241,0.036114637,0.028530318,0.0041101747,-0.011755788,0.009522705,0.041100066,0.0041940995,-0.036412384,-0.025807664,0.0024971825,0.029412145,0.039327484,-0.016402824,0.009285024,-0.02954595,0.039102018,-0.023802876,-0.033145007,0.0048710406,0.0397702,0.016205577
0.004263471,-0.0042885644,0.011050409,0.008467533,0.05104699,-0.018270256,-0.042275596,0.022458162,0.0024619282,0.050319362,0.028450454,0.053306367,0.021764476,0.021368632,0.041542064,0.062294986,0.05448078,-0.0012679799,0.025955629,0.037624244,0.062637806,0.023648962,-0.0098341275,0.038630586,-0.013713425,0.047244627,-0.016521676,0.016059978,0.059236057,-0.03441373,0.021499414,0.028729254,0.039013937
0.049746674,-0.04623363,-0.038283557,0.043540165,0.03035893,0.04100553,-0.01864662,-0.07378718,-0.0064099594,-0.058758974,-0.009937105,-0.059906024,-0.06900152,0.051855613,0.06894329,0.05250207,-0.04818897,0.03980596,0.054689925,-0.016899545,-0.02750623,0.062715404,-0.05928526,-0.0072951424,0.038378775,0.062371165,0.027009934,-0.057318807,-0.06782098,0.02633274,0.03634207,0.08248037,0.07760848
0.022759747,0.019537976,-0.03295005,-0.023780629,-0.01540104,0.037563458,0.01893896,0.015512083,0.055936918,0.06992892,-0.047547314,0.03145852,0.06730251,0.009882884,-0.03788432,0.057581507,-0.011502655,-0.026074393,0.03764009,0.032999005,0.014568141,0.038161557,0.0467781,-0.045238618,-0.01473774,0.03716053,-0.0013374096,0.05827302,0.045377407,0.010958657,0.0013898025,0.034738302,0.033242207
0.026672937,-0.07661459,-0.056998678,0.036113784,-0.043317463,-0.038008757,-0.012198869,0.025521776,-0.0060071787,-0.0013761768,-0.025104841,-0.009050615,0.031856302,0.0023610347,-0.0015358039,-0.057237837,-0.008183244,-0.023946274,-0.023544786,-0.058101047,-0.038406078,-0.00750423,-0.010429011,0.04723133,-0.011320534,-0.030413527,0.005060125,-0.033126283,-0.0066094236,-0.061035197,0.001782037,-0.0059452853,-0.021478457
-0.0713685,-0.043046426,-0.032748297,0.028957067,-0.007691664,-0.03050655,0.0089647425,0.0043153483,-0.011549421,0.017249439,-0.07131142,0.0128494855,-0.023567732,0.011881684,0.03183062,-0.0143850595,-0.0072636222,-0.07248907,0.0070997677,0.011426483,-0.0070057223,-0.053149685,-0.009334896,-0.018187549,-0.06438527,0.044738814,0.020913435,-0.008506615,-0.011331717,-0.0067838714,0.0054561766,-0.018029558,0.03959933
0.01995577,0.038709745,0.038316842,0.033358812,0.061098687,0.026642568,0.04728834,0.02349768,0.037315786,0.052114073,0.063452795,0.05790202,0.048858818,0.06232707,0.07258485,0.06756999,0.05297824,0.061466675,0.045499593,0.0423602,0.0135227945,0.06705249,0.040551815,0.05246461,0.074136935,0.03963314,0.06338504,0.052888647,0.037337027,0.041237462,0.031078035,0.04870431,0.07171924
-0.046578217,-0.048479676,-0.048666567,-0.052572954,0.024458958,-0.0071936348,-0.0013673477,0.015514057,0.013094676,-0.037016608,0.028298657,-0.0072254078,0.016020922,-0.027184397,0.045026843,0.053451557,0.056300778,-0.02435086,-0.04749786,-0.042066474,-0.015476755,0.020070279,-0.013843335,0.007033401,0.013420431,-0.034482967,-0.004353812,0.0073944135,0.071339086,-0.030491976,-0.027957438,-0.022021076,-0.05663117
-0.056420766,-0.055987842,-0.052452326,0.040896796,-0.020947909,0.078139216,-0.06448632,0.0064581917,0.05170052,-0.015762925,-0.031986065,-0.011588689,0.0557527,-0.01102376,-0.06838084,-0.05306071,-0.006630707,0.062936336,0.07251407,-0.07169378,-0.04691276,0.01489711,-0.072168,-0.04275225,-0.02690374,0.013072331,0.012477614,0.054416317,0.023866106,-0.031024996,0.023898076,0.00013900155,-0.0133221885
0.0318718,-0.07318961,0.032574974,-0.06202461,-0.040778223,-0.017144537,0.006717376,0.06684377,0.050757024,0.057714447,0.0134421345,-0.06454304,0.047825318,0.040824898,0.055819023,0.05848072,-0.016441505,-0.04563394,0.032866407,-0.07048903,-0.001923989,0.010776457,0.037279937,-0.056965593,-0.00031882466,-0.0016527732,-0.04976676,-0.029517818,-0.013509008,0.017279547,-0.03303013,0.03371657,-0.015886314
-0.046589293,-0.01257856,-0.06435867,-0.07249473,-0.05647016,0.041679557,-0.047482565,-0.026894122,0.0018380339,-0.06076285,-0.0014130757,-0.023452502,0.0070814528,-0.076968364,-0.028045116,-0.03282396,-0.016955232,-0.020107033,0.009120406,-0.056964897,-0.024186442,-0.0072393822,-0.03865475,0.025053099,-0.024577908,-0.0028211703,-0.0072294027,-0.03895695,-0.043419696,-0.036619272,0.03970227,-0.048614122,-0.002528025
-0.08325844,-0.0890022,-0.076669104,-0.07734194,-0.07733391,-0.085027695,-0.07974483,-0.08230275,-0.07842623,-0.0795883,-0.07951824,-0.07466467,-0.081437595,-0.08136029,-0.07138193,-0.075250365,-0.05878171,-0.08216213,-0.056203965,-0.083502404,-0.085629456,-0.075685665,-0.07851688,-0.08434788,-0.082884096,-0.07344189,-0.08536565,-0.08496734,-0.079353325,-0.08779656,-0.08647496,-0.08293315,-0.07848561
-0.0014266458,0.036083847,0.048816968,0.04842185,-0.026673075,0.028093612,0.011171219,-0.03800856,0.0066960105,0.03342383,0.059589706,0.0058596977,-0.02007013,0.03831855,0.010797099,0.05029021,-0.0295323,0.008247059,0.0024705064,0.027407965,0.06939259,0.01488079,0.0098250955,0.025121441,0.021146102,-0.028679293,0.04814303,-0.04671977,0.0022363875,0.061459266,0.026252687,0.037951462,-0.024724336
-0.042621844,-0.030990014,-0.0132030295,0.025965946,0.048214994,0.058260635,-0.04267534,-0.039523084,-0.044177264,-0.04320691,0.028641175,0.03624703,-0.03960379,-0.0024139949,0.007823386,0.010100309,0.024354747,-0.032551236,-0.009957448,0.04530621,0.027857497,-0.015536528,-0.017401012,-0.04359519,-0.07850635,0.031657133,-0.019748162,-0.0325118,0.0026152364,0.04763377,-0.0046156617,0.044270292,-0.023878787
0.021795485,-0.032881927,0.070045106,0.009425986,-0.07159279,0.026736254,0.008375621,0.020090368,0.025696455,0.025223885,0.007330615,0.058948528,-0.015385151,0.03420451,0.05437833,-0.062206212,-0.06462966,-0.03647904,-0.047517117,-0.036539674,0.06916475,-0.06664072,-0.031110246,-0.03988331,0.050286777,0.05678381,0.03681015,0.037619397,-0.06290591,0.07542488,0.028496126,0.03024484,-0.0044410373
-0.04179408,0.02245502,-0.06643233,-0.007014499,0.041232515,0.062330008,0.018711694,0.021961419,-0.07477027,-0.03966041,0.041381985,-0.05023841,-0.056588035,-0.025960134,-0.004232629,-0.056922454,-0.0038783595,0.026607988,0.008807255,0.011297368,-0.0130542,-0.01957924,-0.0037520782,-0.02526005,-0.06486612,-0.057008285,0.05001714,0.026801875,-0.054795858,0.05472868,-0.0010795597,0.062467687,-0.054946613
-0.054414853,-0.07364369,-0.051459033,0.0013936895,-0.029478427,-0.07237487,-0.06145291,-0.036783885,-0.05324368,-0.04153485,-0.05728827,-0.014395347,-0.08190802,-0.03224075,-0.07244211,-0.048011083,-0.023667263,-0.07363155,-0.06851308,-0.054553013,-0.030655064,-0.06722299,-0.04965305,-0.016998349,-0.06966768,-0.031569522,-0.0689908,-0.07502856,-0.015884703,-0.0064234748,-0.080884986,-0.08078196,-0.059069414
0.0599744,-0.043447085,-0.010596022,-0.00019380554,0.026479235,-0.009938268,5.5038934e-05,0.04942547,0.036130887,0.051272493,0.03290837,0.035949197,0.011733636,0.025297241,0.043483015,0.02396378,-0.00215271,0.019755729,0.039341673,0.015092571,-0.03720467,0.00361701,0.03196807,-0.018047107,0.007995653,0.03993964,0.022180313,-0.0058246544,0.012195643,-0.00026789252,0.004034152,0.013773416,0.020717047
0.026363438,0.015255903,0.05719441,0.03669891,0.07644714,0.03236143,0.07214831,0.026541496,0.07406849,0.068154216,0.035879977,0.0680748,-0.044157043,0.04472136,0.06553121,0.054621167,0.026966719,-0.019551493,0.009212907,0.042101555,0.013432456,0.074769326,0.059763514,0.0033185135,0.077444606,0.042403895,-0.045542933,0.05712843,0.06793132,0.014518935,0.036573432,-0.008268841,0.034238365
-0.03641269,-0.019910928,0.019869002,0.05394058,0.004065994,0.006146151,-0.05117709,-0.049781222,0.02766029,-0.043012913,0.017366184,0.022079108,-0.017391942,-0.053765148,0.014678597,-0.027776264,-0.016628481,-0.010440476,0.0119543765,-0.010774885,0.011344381,0.055088263,-0.025379168,-0.037257668,-0.026885003,0.05130126,-0.042308513,0.01780922,-0.023959953,-0.013233165,0.008588775,-0.023181604,0.016993638
-0.027597312,-0.00087351765,-0.04677005,0.01732005,0.03488417,0.027816052,0.017829305,0.070022315,0.015337706,-0.02397966,-0.07243452,-0.0010350472,-0.011692209,-0.043220036,-0.06280864,-0.001826424,-0.025782013,-0.043514814,0.053597704,0.010460043,-0.006814006,0.01431156,-0.007991745,-0.009877333,0.013379951,0.054889113,-0.060004056,-0.006386522,-0.00088976126,-0.051097445,-0.00189734,-0.022476379,-0.056745984
-0.017824722,-0.02389866,0.023641888,-0.039315194,-0.016268196,0.041537616,-0.0028577906,0.061354667,-0.006205707,-0.05287682,0.0002027919,-0.047977883,-0.04983882,0.059732843,0.008377155,-0.039113283,-0.011852588,0.049865186,-0.058648236,-0.017823473,-0.06919536,-0.032647084,-0.060862854,-0.047026195,-0.033393122,-0.0415591,-0.017200068,-3.1129493e-05,0.06816791,-0.07098799,0.012696885,0.0019701472,-0.031861853
-0.070214614,0.088600144,0.035554215,-0.012377922,-0.009715705,0.052813355,0.034111477,0.06567395,0.021766825,0.051046677,-0.024505911,0.07280817,0.053114444,0.015623811,0.018383788,-0.011851647,0.05619935,0.032698933,0.06656626,0.011962608,0.044300128,-0.064493656,0.045525666,0.060640715,0.05791713,0.06076602,-0.03828952,-0.026683412,0.0591691,0.052604884,0.025530769,0.006050855,0.030181158
-0.045231465,0.0060272794,-0.03679604,0.066199414,0.07509115,-0.015110574,-0.04425906,-0.06007184,-0.07384654,-0.06221903,0.049569108,0.049224596,-0.029273404,-0.06604045,-0.053711787,0.063368246,0.04237035,0.01286543,-0.07092337,0.072420605,0.032832492,0.023122063,0.0042696535,0.0018150994,-0.06578475,0.06951447,-0.027104465,0.06597821,-0.04205938,-0.0027853085,0.043323506,0.07202418,-0.05309968
0.037227932,-0.04430724,0.053172942,0.022685627,-0.056256227,0.00739393,0.031540066,0.021489916,0.0372076,-0.0506759,0.03521409,-0.05249346,0.048230156,0.0045859036,-0.061662745,-0.036976226,0.0081422785,0.04835336,0.024909526,-0.06936289,-0.056684107,-0.055658516,-0.025740955,0.036120493,-0.026571902,-0.052531503,0.012278434,-0.036225256,-0.064018145,-0.06364201,-0.02326014,-0.06513079,-0.03902577
0.013864583,0.045000277,-0.013958413,-0.03863758,0.023938438,0.020998996,-0.073143825,0.040810246,-0.053381074,-0.01878411,-0.018736653,0.050403655,0.025964936,0.057255562,-0.0004405668,0.04932175,0.06404169,0.041887086,0.05465938,0.04003409,0.039530445,0.07601051,0.024736388,0.045271475,0.00010930695,0.026984598,0.042457234,-0.04658244,0.070610076,0.03843692,0.014875418,-0.015056382,0.070472576
-0.051064674,-0.013563687,-0.026118042,-0.02853506,-0.07414475,0.041164152,0.019154035,0.07076884,-0.04278383,0.06559745,-0.070392564,-0.05057996,0.07262395,-0.010642282,-0.013202124,0.022212338,0.020658782,-0.073187165,-0.025151799,-0.056125272,-0.027972735,-0.049699355,-0.04193512,-0.05874112,-0.0026229871,-0.048929524,0.0067537674,0.032011475,0.05364568,0.01806092,-0.04810823,-0.049256645,-0.06612162
-0.0007709204,-0.04075948,-0.07561458,0.020673743,0.011589449,-0.009679907,0.032366097,0.006040936,0.035281416,0.04871553,-0.043456286,0.010319454,-0.025059793,0.046746414,0.048336964,0.027308658,-0.042120397,0.02288376,0.06670628,-0.02003397,-0.049053986,0.040323365,0.049083456,0.0362658,0.061594345,-0.005832893,0.026734097,0.04459498,0.012209444,0.026519937,-0.039859418,0.04222119,0.021807496
0.07841463,-0.018719407,0.0051410208,0.030937962,-0.040835448,-0.026392024,0.06824366,0.069139995,0.050752103,0.0059517045,-0.0452162,-0.014406729,0.01556943,0.019139392,0.04403017,-0.00022385948,-0.008223677,-0.014289591,-0.011658707,-0.008777433,0.0053254166,-0.030694554,-0.010916177,-0.04346827,-0.026111465,-0.021224683,0.0077467775,-0.03776938,-0.03722222,-0.031238444,-0.04554608,0.013975669,0.011667485
-0.0011252121,-0.014105317,0.023220502,0.029372895,-0.0007785244,-0.07633071,0.05033626,-0.044807643,-0.03482453,-0.060924217,-0.039202772,-0.05674349,-0.03613939,0.07452399,0.068168595,-0.044452265,-0.056893952,-0.069248185,-0.07709857,-0.074248165,-0.043443114,-0.056095675,-0.06922895,-0.028682481,0.065339476,-0.066602886,-0.034569435,-0.046365097,-0.07137402,-0.04487547,-0.0063706064,-0.028343614,-0.054457415
-0.0018888875,0.019020293,0.056030873,-0.066940635,-0.06323308,-0.0070722904,0.013530545,0.06983672,0.07601367,-0.041045398,0.07685067,0.06844126,0.04279639,0.013797454,-0.071170464,0.015062459,0.0063265096,0.019274322,0.023166593,-0.08138382,-0.027364189,0.050128724,0.061501805,0.08013373,0.058490787,0.0027046367,0.011056701,0.0011267773,0.015790561,0.05344086,-0.014578444,0.05436262,0.029065523
-0.0012582818,-0.07315565,-0.02558465,-0.058923643,-0.068511076,-0.0060827895,0.014203572,-0.010846358,-0.0014647332,0.04023399,0.00076882605,0.032224964,-0.01800606,0.045798525,0.0046092877,0.06924174,0.06275333,-0.0028375993,-0.011755167,0.024683738,-0.04114584,0.048976216,0.016389724,-0.036712963,-0.036160216,-0.055826478,0.013111095,-0.046235874,0.0435442,0.010408334,-0.044084005,0.036842044,0.053684395
0.00905724,0.038985744,0.066464655,0.011713153,-0.030524967,-0.049418453,0.0783061,0.0596946,0.07316913,0.07157609,0.0024258315,0.01368792,0.07791447,0.051566973,-0.058685638,0.06832994,0.010304062,0.04630385,0.04455183,0.048512585,0.06401861,-0.030606598,0.062446527,-0.017998943,0.06383664,0.025326569,-0.024573434,0.061637558,0.011307229,0.047351625,0.049283147,-0.0072289305,0.06969539
0.03881807,-0.050820578,0.00013523153,-0.025476413,0.011859139,-0.06339282,-0.015522904,0.025936536,-0.066220336,-0.05947409,-0.027045734,-0.038546722,0.06497363,0.0014065846,-0.0659805,0.016223514,0.052110933,-0.045599557,-0.012674278,0.026787933,0.060171682,0.04608907,0.05172795,-0.03042191,0.04114214,-0.034914114,-0.056287456,0.022699134,0.014253543,-0.060834058,-0.037089206,0.0026144476,-0.03652713
-0.0018224095,0.011631791,-0.035080418,0.06703188,0.031940024,0.015935482,-0.013385433,-0.04616384,-0.063826405,0.012751476,0.011730646,0.03869887,0.027224274,0.030438017,-0.03213494,-0.0021064633,-0.03874172,0.03952328,0.023433696,-0.005142468,-0.013647326,0.0754817,-0.060899563,0.056822654,0.06957309,0.03147991,-0.008870166,-0.0021395439,0.029017502,-0.027541569,0.016825816,0.011314055,0.013708693
-0.003642564,0.010453357,0.026364604,0.066758014,0.06694311,0.020513533,-0.048013937,-0.025373401,-0.0056275497,-0.045640964,0.0012584543,0.030625585,0.020844411,-0.012350225,0.022810666,-0.009394287,0.044439826,0.004470405,-0.056391496,0.027774138,0.012385988,-0.002192478,-0.028095717,0.012391688,0.002126247,0.02081945,-0.06801973,0.025681702,0.024735505,-0.018911175,0.062423382,0.018873744,0.014233351
-0.032530066,-0.014958449,0.007928098,-0.03851256,-0.058714826,0.01749821,-0.045055132,0.031946342,-0.038501754,-0.009851646,0.0133147165,0.037083656,-0.010020075,-0.029563928,-0.045191113,-0.057423834,0.028258177,-0.026441284,0.06325872,0.07076146,0.07181956,-0.05453218,0.048688628,-0.06899171,-0.06667097,0.04232861,-0.08175211,0.06979705,-0.07959978,-0.02196134,0.053191654,-0.021742973,-0.041952215
0.01937396,0.052373357,-0.017937606,-0.04273169,-0.047142457,-0.02207228,0.0024693145,-0.009952136,-0.011622805,-0.020102935,-0.052484885,0.003927866,0.062082037,0.0059187002,-0.01309406,-0.012012984,-0.04823504,-0.068044886,-0.07648831,-0.022237228,0.0061599715,0.045173116,0.0048553743,0.008743058,0.05537073,0.018772164,-0.026103549,0.05975772,0.035545528,0.0045764036,-0.060461815,-0.013930984,0.035320587
-0.022926703,-0.028790314,-0.05766313,-0.031332254,0.0044671376,-0.025995372,0.014382545,-0.062648006,-0.025362475,-0.041178968,0.033884156,-0.019588271,-0.009786192,-0.009514351,-0.024220813,0.002465162,0.039119165,-0.03674446,-0.0068791006,-0.053316344,-0.06403193,-0.023932006,0.024507076,-0.019836862,0.03896428,0.038525086,-0.0016224425,-0.0008290402,-0.0032701902,0.023119874,-0.008013719,-0.050737873,-0.0033516998
0.079716295,-0.06530188,0.07566039,0.01049912,-0.0719962,-0.08451303,0.07377977,0.024551239,0.07258107,0.00738829,-0.069744065,-0.05335692,0.055402756,0.0193986,0.05365304,0.07390846,0.016307157,-0.05921923,-0.043261513,-0.021639941,-0.03397198,0.07799278,-0.07178958,-0.041974403,0.0591592,0.005412531,-0.045419686,0.04828926,-0.01238979,-0.08168497,-0.07256506,0.07914495,0.029187884
-0.05602674,-0.027342757,-0.0036994792,-0.06846638,-0.05403531,-0.05048647,-0.028589524,-0.0085614035,0.0077719395,-0.030665858,-0.025112445,-0.05374122,-0.03683873,-0.022004802,-0.05670908,-0.03698902,-0.032881264,-0.058310885,0.011160258,-0.038756743,-0.041647717,-0.042643636,-0.04788843,-0.02432816,-0.027676793,-0.054122712,-0.0052702674,-0.054826837,-0.045262355,-0.040812187,-0.047653705,-0.05902803,-0.0664946
-0.062233023,0.0034271495,-0.075753786,-0.061494417,-0.07122993,-0.07667419,-0.07449508,-0.07221714,-0.07564125,-0.05636006,-0.075375475,-0.07259067,-0.08273556,-0.036428772,-0.076416746,-0.07409375,-0.04480816,-0.07249705,-0.0575823,-0.043585494,-0.02748556,-0.06688813,-0.007980689,0.023713632,-0.06454134,-0.06272965,-0.03335366,-0.065085396,-0.07710644,-0.049728133,-0.066866584,-0.07221318,-0.06475725
-0.0047613597,0.0791077,0.076207995,0.0428446,0.08153971,0.021810744,0.06635395,0.051692266,0.072068855,-0.040814348,0.07247279,0.049784258,0.057796992,0.040983696,0.012127565,0.032891557,0.052450497,0.0073963753,-0.031032389,0.030307036,0.059725534,-0.055117738,0.02489589,0.07053843,0.04022575,0.07396062,0.009342306,0.0003432513,0.059469517,0.052834023,0.08503754,-0.02468925,0.0069600143
-0.058209367,-0.0050046323,-0.052029613,-0.06651793,-0.059726257,-0.027022438,-0.04093544,-0.015622911,-0.015733017,-0.037292264,-0.06442333,-0.02916293,-0.06304069,-0.055325262,-0.050240945,-0.06342873,-0.06595919,-0.03887877,0.020285549,-0.03228659,-0.04383455,-0.04800788,-0.05616927,-0.05047742,-0.064227,-0.037896577,-0.015856283,-0.047423985,-0.045659933,-0.06170315,-0.031214567,-0.02925231,-0.051104207
0.027324343,0.0047922176,0.04996969,-0.052882027,-0.0380874,0.032610666,-0.027804542,-0.028204853,0.013067972,0.06861063,-0.0068638306,-0.05056297,0.03187277,0.04158768,-0.05562521,0.020684918,0.011786678,0.058251463,0.02509871,0.0072714733,-0.012428656,-0.02602411,-0.053341586,-0.07012487,-0.039580945,-0.04252513,-0.052765843,0.082097635,0.023149915,0.00083077943,0.05280513,0.08130876,0.02808635
-0.07506783,-0.0022616228,0.0006706632,-0.071804315,-0.013806061,0.04735203,-0.0032372246,-0.029374901,-0.067396246,-0.025012977,0.07544844,-0.043112095,-0.026270162,-0.06170154,-0.056359008,-0.02908829,-0.001094183,0.0743809,-0.06677464,-0.013340377,0.054619636,-0.025653068,0.07195834,0.034945894,-0.040401272,0.019099962,0.078654274,-0.06580248,-0.07278966,0.04461106,0.058115985,-0.012479079,-0.030713476
0.023970645,-0.038443856,0.06959189,0.06619282,-0.03075837,-0.0039457516,0.006519968,0.04277121,0.03936002,0.029200925,-0.052544773,0.015570343,-0.06979432,0.036374293,0.056231655,-0.02337209,0.06296086,0.027318591,-0.015340826,0.04526176,0.077402145,0.011703247,-0.001440287,-0.036697466,0.04104149,-0.06210616,0.030868076,-0.015774895,0.0027768838,0.033936046,-0.023777645,0.031918157,-0.045742873
-0.0038159876,-0.023355497,0.06457273,0.043608416,0.07398287,0.04536103,0.047884334,0.041181564,0.012175071,0.074453294,0.072176374,0.049319282,0.06546246,0.06795928,0.03178641,0.06743717,0.06734319,0.037745465,0.05237498,0.06264036,0.06737523,0.040699482,0.043048512,0.03071146,0.060949754,0.066639036,0.020653801,0.06586664,0.06865113,0.053703684,0.06847893,0.07256935,0.056854673
0.06747435,-0.0037697505,0.017057482,-0.0594509,-0.017052101,0.02897724,-0.0380047,-0.005345266,-0.049998634,-0.010639757,0.050864972,-0.021386245,-0.024703372,-0.036470875,-0.0039667943,-0.019774646,-0.032608356,0.022988003,-0.003881701,-0.00855281,0.04708205,-0.0103875445,-0.03749102,0.0129315425,0.011182906,-0.013278609,0.01615711,-0.039447423,0.00211659,-0.04299237,-0.048282307,-0.06828594,-0.018646698
0.06870568,0.080606654,0.066039644,0.04620115,0.07709641,0.08028027,0.0603149,0.0491036,0.04217986,0.05875458,0.07217432,0.076332055,0.058312777,0.035377163,0.052773234,0.07061138,0.06758115,0.06928272,0.07240407,0.07982679,0.083138384,0.06892195,0.07446897,0.07586024,0.07623241,0.07323656,0.08308874,0.065490335,0.07564094,0.077213615,0.070269816,0.06281219,0.070226826
-0.016598277,0.07994739,0.0018708188,0.024912024,0.073557675,0.04127591,-0.02499334,0.01771425,-0.005666568,-0.012395284,0.008547918,0.0054543293,0.038123682,0.05435888,-0.019481009,0.040058117,0.059898812,-0.0018634278,0.06468391,0.02619871,-0.029077753,0.06660566,0.07477551,0.05586194,0.0042513157,0.053686954,-0.01515088,0.08378994,0.05469213,0.017796531,0.05808384,0.06680855,-0.015275612
0.061475318,-0.07976856,0.07067286,-0.006814403,0.06830719,-0.02560894,0.069964066,0.0118611865,0.06257411,0.02292779,0.053295847,0.061827805,0.06340065,-0.06354422,0.06338602,0.035992876,0.066675626,-0.0054176818,0.06213399,0.055889044,0.03694414,0.0674825,0.065923706,-0.015631234,-0.040423334,0.06812037,0.036778677,0.011522695,-0.021366203,0.066050515,0.06030138,0.037416115,-0.033437964
-0.056098033,-0.080157526,-0.0012397538,-0.05922827,-0.056838226,-0.022847915,-0.050545365,-0.018907934,-0.0757836,-0.07255675,-0.07738691,-0.06795572,-0.0018960092,-0.07802014,-0.029300822,-0.046060506,0.06305859,-0.074392535,-0.079543255,-0.07691369,-0.082065664,-0.009718428,-0.07168175,-0.08225928,-0.011555626,0.046388336,-0.06858494,-0.07751253,-0.0284567,-0.08104142,-0.078775145,-0.025048735,-0.026256783
-0.020942438,0.059983294,0.027296545,0.006495464,0.014936227,0.04038578,0.011658981,0.04128273,0.03078259,0.0033532383,0.03275326,0.03731071,0.019784894,0.026510224,-0.004451022,0.024140608,0.011187593,0.038963612,0.03524854,0.011552747,-4.5072207e-05,0.03909092,0.002018191,-0.0016038294,0.034112014,0.039771497,0.020474175,0.025092848,0.0023694108,-0.002262185,0.042073976,0.009504888,0.030814761
0.06150796,0.027094927,0.00787368,0.062175535,-0.00023396338,-0.050724275,0.03785832,-0.06388638,-0.07124063,-0.025414422,0.014274759,0.0025490297,0.06377901,0.039347354,-0.036097296,0.021649944,-0.06924303,0.015707633,-0.07133558,0.04689714,0.03524701,0.009806558,-0.022773676,0.008966557,-0.00069365895,0.015729005,-0.0033549203,0.006258805,0.056102566,-0.03942253,-0.056456853,0.05272381,0.04325947
0.07071736,0.07591495,0.0147374915,0.053695347,0.04989694,0.06854404,0.05514065,0.06553138,0.04177454,0.050804593,0.01843684,0.046023715,0.054073587,0.052273486,0.06987049,0.058759123,0.056711733,0.04781205,0.059666235,0.041135367,0.055859137,0.04182459,0.04582557,0.0686868,0.021973688,0.057561323,0.057343293,0.046951026,0.063940026,0.046213668,0.06409209,0.015746359,0.062025946
0.0577225,0.016118258,0.040590886,0.04125996,0.06522373,0.07016182,0.0224451,0.031395774,0.0074650412,-0.054866042,0.039387032,0.031368244,0.078336135,0.07362688,-0.052671388,-0.02326706,0.03945632,0.036861353,0.045238186,0.050104637,0.05312353,0.02294239,0.010525536,0.07283907,0.059781212,0.04661825,0.041319676,0.027608406,0.041439123,0.046879146,0.07431516,0.03423921,0.062001243
0.024770625,-0.033758886,-0.05691971,-0.048462007,-0.040419724,0.052267104,0.044077665,-0.021422472,-0.06141856,-0.05898519,0.029895965,-0.00863038,-0.013250886,-0.0619117,-0.017363742,0.030709563,-0.049523205,0.021358158,-0.0029120236,0.019332863,0.021676082,-0.021280406,0.029989364,0.026117291,-0.010551652,0.057086635,0.009179864,-0.040350404,0.057464942,-0.03156019,-0.0298138,-0.047848374,-0.033803735
0.005670044,-0.029391188,-0.05088208,-0.07313306,-0.03890924,-0.046541527,-0.06663198,-0.022544036,-0.0032679292,-0.028702376,-0.056884892,-0.052658964,-0.07667897,-0.030758709,-0.034968156,0.04154964,-0.052548055,-0.030684313,-0.034904595,-0.04527441,-0.00904703,-0.05030681,0.02271481,-0.017758755,-0.037617307,-0.060095828,-0.040211845,-0.029507643,-0.034868196,0.0004193793,-0.06054666,0.012511156,0.040402487
-0.055569094,0.053827055,0.06346384,-0.00068939384,0.022976128,0.012212956,-0.0138754165,-0.056744903,0.03455765,-0.010075728,-0.0009084653,0.024284538,0.021827692,0.011037721,0.02944112,-0.012895884,-0.050398093,-0.009145936,-0.058346655,-0.025551882,0.05901962,0.012441775,0.03597536,0.00030926382,-0.027764484,0.01877656,0.037192047,0.0077149034,-0.026198193,0.054573085,0.0398568,0.014918026,0.04083722
0.027689576,0.058375683,0.034516092,0.049986865,0.03623426,0.02891108,0.054381322,0.041370295,0.052890975,0.068223804,0.02935163,0.042409137,0.030583987,0.034033664,0.016664136,0.05289376,0.044867225,0.054927263,0.047080718,0.012833111,0.02157219,0.01630413,0.051112514,0.0017521263,0.046266925,0.012789076,-0.03958336,0.017043985,0.035351336,0.009936281,0.027700502,0.029083136,0.047235593
-0.04816308,0.023659907,-0.057266276,-0.056125835,0.008061203,-0.012452814,-0.04057897,-0.020227218,-0.0731809,0.010818696,-0.012238839,0.012376791,0.04184501,0.040147595,-0.049565736,-0.035344914,-0.020202171,0.068347335,0.053834807,0.020233385,-0.058226574,-0.05524066,0.011541993,-0.052961353,-0.060551427,-0.053877883,-0.036146678,0.07081652,0.06823587,-0.046603024,-0.022158178,0.060063004,-0.006060098
0.05672651,0.051004127,0.03420752,0.032249294,0.06598769,0.059603285,0.063186914,0.024865909,0.057981525,0.017806144,0.028478172,0.06316646,0.0033517068,0.047236256,0.035537787,0.045817424,0.05612555,0.0468442,0.06649168,0.05956821,0.02705585,0.029247388,0.01483041,0.039246116,0.05728296,0.045997504,0.060479436,0.0396339,0.07039431,0.05989499,0.048715603,0.015749762,0.07321843
-0.05989597,-0.061170854,-0.012718154,0.019912623,-0.004486985,-0.06883024,-0.035811603,-0.06647642,-0.020107273,0.026563194,-0.045553464,-0.03593266,-0.06429384,-0.049497318,-0.036800236,0.018067377,-0.023406561,-0.042545147,-0.026551891,-0.045349117,-0.04770574,-0.03866226,-0.06288138,-0.054223206,-0.026838992,-0.0074789375,-0.075198,-0.0045186505,0.020695569,-0.043037876,-0.036278773,0.01941494,-0.036490895
-0.06894467,-0.046946526,-0.0657667,0.0023582971,-0.057433713,0.06604225,-0.05341744,-0.058871467,0.006111124,0.04952976,-0.06061845,-0.06451977,-0.056562122,-0.059617132,-0.063238494,0.029112738,-0.011666723,-0.006929773,-0.05356041,-0.05724289,-0.030050552,-0.011383564,-0.060174655,-0.08175939,0.020465707,-0.06328711,-0.07924326,-0.048471756,-0.018873217,-0.010792815,-0.03566834,-0.06358212,-0.07604979
0.07175199,0.041157573,-0.020679329,0.052009,0.027575333,0.04418714,-0.055512276,0.026341787,-0.05476629,-0.034686666,0.06933359,0.05848256,0.081380576,0.06623913,-0.008219314,0.028051848,-0.010418119,0.043846615,0.0694444,-0.004424634,-0.02283064,0.070818186,0.054771,0.07455371,-0.0117086535,0.053205103,0.058535796,0.009205089,0.06258076,-0.00838697,0.039446168,-0.03369614,0.020027518
0.065508515,0.035896286,0.037855387,0.06095193,-0.023583975,0.08128709,0.051124662,0.00795413,0.025484167,-0.04235112,0.026381878,0.070113145,0.0075083273,-0.06378146,0.07248086,-0.04917215,-0.007361456,-0.025108663,-0.00980571,0.010380308,0.07218385,0.05402479,0.05642876,0.043249357,0.06731124,0.07146257,0.06268909,-0.051704224,0.07515701,0.062202115,0.042502772,0.0036311152,0.03581379
0.00046933803,-0.08441079,-0.06774479,-0.058453035,-0.052053608,-0.06985503,-0.073369,-0.013413283,-0.06579778,-0.069404915,0.013814905,-0.035629075,-0.054799527,0.026968902,0.013648701,-0.051083017,-0.008405348,-0.00406185,0.030598596,-0.016002862,-0.035919297,-0.020701984,-0.0062899278,-0.04819192,-0.051539753,-0.014272608,0.026570255,-0.03023713,-0.037121646,-0.031817213,-0.048992302,-0.011011631,-0.038258314
-0.048746977,-0.030111322,-0.0049265344,0.0067868144,-0.010089437,0.02676606,-0.021956626,0.02270598,-0.032514278,0.026849639,0.017539453,0.053602424,0.003141668,-0.0034008992,-0.016812617,0.019078916,0.05377313,0.048272662,0.021005865,-0.01582324,-0.030748775,0.06718282,0.022596922,-0.011309369,0.02056444,0.018336972,-0.0455836,-0.0018459649,0.0010793632,-0.037234586,-0.006343885,-0.0066777575,-0.043590643
-0.034619987,-0.058463972,0.0018892783,0.038109396,0.018378152,-0.05118665,-0.055490848,-0.042365722,-0.04699458,0.0036549366,-0.03785006,-0.010234203,-0.05573198,-0.0059133414,-0.03227455,-0.037872337,-0.03865534,-0.056336764,-0.061334968,0.0028289924,0.076350376,-0.04055731,-0.051986042,0.016168473,0.0395214,-0.06692923,0.0107601695,-0.0061459746,-0.07136163,-0.042731788,-0.018012535,0.06922633,0.07448995
0.02279491,-0.01875781,-0.010559167,0.025227642,-0.025800224,0.05662203,0.034064554,0.02379884,0.0070521412,-0.002666769,0.055808574,0.04167187,-0.03761711,0.0053364616,-0.0121214455,-0.004064762,-0.04354006,0.029927043,0.0074328976,0.063690834,0.038010683,-0.01984806,0.024140406,-0.0077802134,-0.022613415,0.052008953,-0.022537395,0.00819813,-0.027493855,-0.028440947,0.052048165,-0.04768331,-0.014696492
0.07274787,0.010777343,0.054252695,-0.011040789,0.011186457,0.055665296,0.07071827,-0.049219403,0.02560648,0.054734953,0.002326971,-0.040407307,-0.0010591437,-0.010864132,0.035729207,0.06312789,0.05646531,-0.019993568,-0.031859998,0.043901887,0.0013142964,0.008833986,-0.025503658,0.05692053,0.06400929,-0.03253901,-0.02709425,-0.030129733,0.05950365,0.041965835,-0.04464694,0.020034643,-0.026805624
0.035837047,-0.06392522,-0.06624017,0.027647264,0.03020528,0.054844525,-0.022605594,-0.0038579137,0.0018648977,-0.06632828,-0.01762047,0.055507336,0.05523588,-0.03214187,0.00208418,-0.019707793,-0.06893336,0.032911263,0.04539635,-0.058150098,-0.008498683,-0.045666672,-0.000957755,0.015945228,0.035634387,0.036340475,0.020000665,-0.006543964,0.026958961,-0.044639423,-0.049022436,-0.06653207,0.060482465
0.070278704,0.004016954,0.046439078,0.02694092,0.07346707,0.06881835,0.063016504,0.049667343,0.016693648,0.06462211,0.04693182,0.0020948711,0.06771854,0.049586717,0.067671224,0.022106119,0.07380389,0.06926129,0.017475454,0.057819933,0.07874518,0.033401914,0.04411822,0.024712656,0.07423085,0.030214533,0.03879804,0.08189036,0.07089431,0.060986955,0.043464515,0.045044765,0.03697229
0.074578166,0.08559536,0.073823504,0.073939696,0.06379865,0.07632435,0.07669276,0.014414606,0.06633266,0.07624198,0.07059735,0.06990994,0.028272185,0.015431019,0.06611864,0.028514132,0.0716244,0.0812767,0.046603378,0.078402124,0.07946069,0.026779206,0.068484105,0.056876373,0.051211767,0.07161464,0.06573831,0.05634228,0.053139467,0.07991296,0.07415452,0.07004038,0.07639624
0.02341297,-0.009035201,-0.0006071202,0.0585405,-0.020542761,-0.048346363,0.065931275,0.0066432427,0.043652523,0.063143454,-0.017732086,-0.0088461,0.008692558,-0.030403508,0.05765198,-0.06853707,-0.0475953,0.040999033,-0.057920124,-0.04616577,-0.038787305,-0.067030676,-0.060442,0.052458785,0.022644041,-0.014067315,0.004396747,0.0043249973,-0.005486846,-0.019125113,-0.060144283,-0.04662555,-0.05904184
0.023703028,-0.044657316,-0.038237773,-0.03764324,-0.048363,0.024457067,-0.011155478,0.0027898925,0.027010847,0.00960901,0.025445655,-0.019114774,0.006099048,-0.04539408,-0.008031302,0.011499183,-0.055928867,0.047137365,0.031409398,-0.027180284,-0.023125857,-0.031780697,-0.021045748,-0.03336847,-0.035936173,-0.038724534,-0.037229963,-0.008741523,-0.048690755,-0.022673585,0.020374704,-0.018272042,0.028886948
-0.03497141,0.017156024,0.05265764,-0.029666586,-0.011267123,0.025090491,0.03270858,-0.030180376,0.008317705,-0.0016929951,0.017934993,0.044606667,0.023359193,-0.07832553,-0.057015937,0.029457424,0.071581885,-0.008178251,0.023319166,0.08175509,0.07006834,0.055428676,0.030959351,0.020357722,0.009749294,0.0744598,-0.05766871,0.0041036336,0.024602108,0.029104114,0.05967616,-0.015119626,-0.0068140877
-0.020035435,0.05140961,0.03162387,0.041267075,0.042556815,0.015598446,0.03512013,0.016071867,0.052903492,-0.054072767,0.000300083,0.04619173,-0.00014198471,-0.02411726,0.07076148,0.0052932715,0.064695455,-0.014641944,0.053264346,0.056204185,0.03533833,0.012424398,0.048760753,0.066645354,0.047627702,-0.019541387,0.04335503,-0.009856723,0.051125918,-0.00046335856,0.005964037,-0.01891516,0.029499281
-0.07058178,-0.077355824,-0.07219294,-0.0689842,-0.079334915,-0.07953034,-0.074406706,-0.06683713,-0.06698868,-0.074298,-0.06711255,-0.07688288,-0.06946039,-0.07562738,-0.06905644,-0.062342875,-0.06667418,-0.068704806,-0.07440482,-0.06728355,-0.07232543,-0.028168311,-0.061789576,-0.06523816,-0.066772915,-0.073610716,-0.056987047,-0.06871854,-0.073504366,-0.07211842,-0.07564018,-0.06672201,-0.07468821
0.011554081,-0.077829994,-0.06368672,-0.050229736,-0.03752143,-0.03462767,-0.069102876,-0.031066135,-0.07053212,-0.040963534,-0.011866056,-0.06820389,0.03210482,-0.04618243,-0.06982784,0.025125273,0.057810273,-0.057075087,0.002887052,-0.025468966,-0.0636954,0.0254613,-0.074255876,-0.06846317,-0.07848566,-0.07428265,-0.07473938,-0.023270428,-0.041454554,-0.07527442,-0.024147969,-0.05023147,-0.053527106
0.035804994,-0.032064743,-0.047688507,-0.016940396,-0.03536966,-0.018648693,-0.054885317,-0.014586125,-0.01653962,-0.012388457,-0.031726018,0.03696573,-0.07518276,0.04981291,0.030292325,-0.024156757,5.5532604e-05,-0.0044545326,0.032051753,-0.04163945,-0.0406292,-0.025433999,-0.029882012,0.05908335,0.00036806875,-0.02414268,0.023391044,-0.077133544,-0.024266616,-0.02265548,0.0047322763,-0.030847704,-0.04418105
0.024558537,0.07085274,-0.036629084,-0.056739736,-0.031076416,0.043775447,0.042463362,-0.020321738,-0.03312885,-0.06118682,0.0068090297,-0.047265623,-0.023067059,-0.034904703,-0.020193884,-0.030082598,0.025302509,0.009801545,-0.013015856,0.036928803,0.043947767,-0.06280834,-0.002995835,-0.009916638,-0.0069675874,0.006660171,0.0047065564,-0.033288553,-0.011943743,-0.043518934,0.015148496,0.023269186,-0.030946802
-0.020868663,-0.06675339,0.019533439,-0.022323988,-0.0063942918,-0.05825087,-0.008499234,-0.04259556,-0.009030433,-0.001961324,0.028896548,-0.049260058,-0.012221512,-0.030719448,-0.057089303,-0.017868644,-0.026529007,0.002213136,-0.011052279,-0.0485626,0.010700575,-0.013789852,-0.03268015,-0.046278797,-0.033787284,-0.02595213,0.0076434403,-0.06276105,-0.0362325,-0.053362086,-0.07066792,-0.054947253,-0.01597541
0.05566863,0.0017575849,-0.035562664,-0.07254675,0.022627473,-0.030287908,-0.042240147,0.042429708,0.04395303,-0.04951737,-0.017574638,-0.012761805,-0.079439655,-0.018124089,0.0056370962,0.020935658,0.06987766,-0.04351981,0.07301587,0.007852497,-0.027050057,0.06831529,0.036271628,-0.04634892,0.044994768,-0.0002306663,-0.025252052,0.040851947,-0.058689874,-0.06508705,0.0004042532,0.07153425,-0.06478724
-0.020751288,0.062679,-0.03308852,0.021202164,0.012449875,0.010292981,-0.0025114487,0.010309633,-0.039155986,-0.025283216,-0.015086262,-0.034582924,0.035497673,0.013187573,0.04386015,-0.036483876,0.016572123,-0.036146436,-0.010605639,0.0068663475,-0.021327835,9.4233255e-05,0.012809559,-0.028773112,-0.012438994,-0.006273124,-0.006339931,0.04906095,-0.024680065,0.04077339,-0.045782186,0.024379319,-0.03276685
-0.019610617,-0.034777552,-0.029004145,-0.072272494,0.0013997003,0.042851605,0.0336126,-0.063432865,0.024804663,0.044890303,0.035436694,-0.036514997,-0.02147513,-0.00818092,0.004067542,-0.003837349,-0.046616834,-0.029994117,-0.005993091,-0.00864516,0.0151018975,-0.027977047,-0.01375186,-0.023769302,0.019079901,0.028247695,-0.0423416,-0.05594456,0.016707938,0.05086528,-0.024255339,-0.060775794,-0.05114888
0.036973435,0.028278602,0.010441383,0.060067046,-0.04353137,-0.030388027,-0.046139877,-0.016124994,0.031432867,0.025850542,0.053921822,0.03512773,-0.033792067,-0.0047165817,0.018460758,-0.0028871845,0.046152197,-0.05186851,0.06525579,-0.03694658,-0.07283938,0.00029680732,-0.05773951,0.04993856,-0.03470082,0.042194135,-0.012133117,-0.046574425,0.009241979,-0.074975654,-0.02340808,-0.027966734,-0.058067787
0.009941354,-0.0011312546,0.024225311,0.056592822,-0.032091454,-0.026208444,0.037850827,0.06900554,0.049297214,0.030309323,-0.049329177,-0.01066302,-0.029460242,-0.034470893,-0.048312765,0.01791009,-0.027053578,-0.036950406,0.03740157,-0.036084753,-0.0007584847,0.07456976,-0.0030220095,-0.071800105,-0.014929982,0.0471155,-0.055704106,0.03011039,0.0048170816,0.019369978,0.01644008,-0.010403895,0.017030269
0.05770394,0.013987425,0.06619514,0.06267522,0.0034062266,0.0017199329,0.05251933,0.06998413,0.07574698,0.06458309,0.06319195,0.03452344,0.020902507,0.048327994,0.054261114,0.03328877,0.024765171,0.05048128,0.06091239,0.0045987964,0.031841367,0.027501587,0.0014277062,0.04958126,0.045830783,0.0008526169,0.062915854,0.005974567,0.037887663,-0.00629284,-0.0036998612,0.031410847,0.031853143
0.056195658,0.07584984,-0.038392916,0.066632,0.077990845,0.028377648,0.02698879,0.039497424,0.017671946,0.008551945,0.07890327,0.076081604,0.07977737,-0.040657975,-0.028104346,0.026729193,0.031746205,0.06517377,0.062388968,-0.0029632822,0.013094643,0.023794886,0.029532641,0.020290868,-5.636717e-05,0.06485743,0.062491424,0.0072437422,0.04874217,-0.040265515,0.05982465,0.02069309,0.07579691
0.080803424,0.017991666,0.04905018,0.042732053,-0.014408619,0.01045837,0.076435976,0.07286417,0.06796307,0.024140738,-0.05502462,-0.07631234,-0.005529854,0.01655814,0.072107054,0.020085065,-0.04968386,-0.036520924,0.031122945,-0.030116064,-0.06408334,0.069300026,0.024775358,0.031785667,0.07646507,0.02500052,-0.0046022763,0.025220515,-0.051501762,-0.028251795,-0.014399577,0.07517603,-0.059555728
0.0077439044,-0.03253372,-0.010375665,-0.061614685,-0.07310131,0.015532146,-0.006771865,-0.022423595,0.009158466,-0.0072432505,-0.040554557,-0.048125923,0.043991763,-0.061486185,-0.049271498,0.054704428,-0.018235995,0.05421901,-0.03412324,0.013852298,-0.068197675,0.045512944,-0.013880392,-0.043506812,-0.030047275,-0.061957523,0.029806264,0.038472272,-0.056472775,-0.029514013,-0.0077301473,0.058212984,-0.051281936
-0.07235709,0.016011348,-0.047096964,-0.071925245,-0.03142372,-0.019768596,-0.021744482,-0.039478745,-0.058839336,-0.04241594,-0.053440426,-0.0454966,-0.02678841,-0.059290957,-0.05091197,-0.028194891,-0.06754102,-0.032307755,-0.015932193,0.0048758173,-0.0019914077,-0.053216398,-0.0020097797,-0.047714815,-0.053020105,-0.056213923,-0.05346893,-0.08022676,-0.065680765,-0.010491586,0.01245077,-0.069620684,-0.04614164
-0.07776936,-0.048953034,-0.008535504,-0.024724988,-0.051620446,-0.021665217,-0.043748617,-0.05646469,-0.027189417,-0.061731607,0.0076290057,-0.04042027,-0.06685735,-0.025745742,-0.05857854,-0.03472343,-0.06465448,-0.06977765,-0.030150058,-0.016108738,-0.04364725,-0.039123036,-0.07076197,-0.029512867,-0.040876944,-0.008308196,-0.04142569,-0.06669807,-0.04395621,-0.062815614,-0.032217182,-0.054221526,-0.06909342
0.024270628,-0.019377641,0.022902824,0.014490823,-0.008875858,0.0018013499,0.020429863,0.0019783415,0.04193736,0.025676014,-0.011368553,0.037668318,-0.01278781,0.028269097,0.046334937,0.005249211,-0.03695165,0.03880311,0.003321785,-0.0046768286,-0.006757762,0.0260872,-0.019106202,0.059038877,0.050740216,0.027974583,0.040445328,-0.0042754463,0.026273139,0.01267657,0.014623537,0.020878112,0.038291655
0.03691051,0.033107154,-0.040112093,0.004592961,-0.0041747647,-0.033589907,0.013037571,-0.026542094,-0.0023747748,0.0031997182,0.017209828,-0.026321823,0.021040957,-0.019179933,-0.012570369,-0.03757256,0.008592203,0.0411736,0.01946212,-0.0629243,-0.0664204,0.03091333,0.012164178,0.019236242,-0.011176308,-0.015430091,-0.0027473655,-0.045492258,-0.061725996,0.0013217701,0.013297576,-0.0074905255,0.050579246
0.0347543,0.061991446,0.025741035,-0.05677816,0.07383643,0.08346205,0.07312692,0.07658055,-0.0043867496,0.07140862,0.06728833,0.04716413,0.026599342,0.000611164,0.06261643,0.06915978,0.076221436,0.07896572,0.054211758,0.078529246,0.08496218,0.074371725,0.08585639,-0.003823275,0.022771848,0.07482493,0.08864262,0.045179427,-0.0144067155,0.08299962,0.08112088,0.048248574,0.0755298
-0.05063177,-0.0485833,-0.056981944,-0.060718462,-0.042112,-0.019769292,-0.04660497,-0.024269743,-0.0144999195,-0.040959056,-0.051674936,-0.028568784,-0.04214144,-0.020067446,-0.05866878,-0.032700498,-0.0030296044,-0.05407088,-0.022862826,-0.037023973,-0.044611484,-0.013607652,-0.022313582,-0.05356844,-0.02797455,-0.06533692,-0.023529565,-0.04717343,-0.02140786,-0.019020813,-0.031905886,-0.021908721,-0.04645153
-0.05706555,-0.031983588,-0.055428408,-0.04118391,-0.004349398,-0.039308604,-0.04651518,-0.0110970605,-0.04990621,-0.025822464,-0.06975866,-0.001202481,-0.046836004,-0.050769236,-0.040948026,0.042969663,-0.038992558,-0.035095833,-0.03631065,0.015822502,0.021450752,-0.0049356367,0.005253714,-0.054003097,-0.026757607,-0.031493176,-0.028554318,0.004033495,-0.06622261,-0.020534094,-0.02795322,0.01623346,0.0042447727
0.041789275,-0.080497056,-0.018368237,0.004783871,-0.015977468,0.048712168,-0.00874114,-0.027160404,0.07614155,-0.073262274,0.01923748,0.06955135,-0.010213469,0.04092952,0.046380334,-0.03476761,-0.059416693,-0.079602644,0.0734193,0.04660423,0.05458798,-0.042418513,-0.011461872,-0.03554157,-0.06538892,0.03149996,-0.010182475,-0.04095731,-0.062176954,0.018491378,0.00737657,-0.030278698,0.0329649
0.047725435,0.056276448,0.036946133,-0.013271909,-0.0056092334,0.0018234825,-0.041410457,0.03493042,0.018821705,0.016474295,0.001070313,-0.014289051,0.068463035,0.018926216,-0.047392335,-0.041270167,-0.027045887,0.03673251,-0.017844561,-0.07017245,0.023615342,0.030981358,0.04083468,-0.067499906,0.013176307,-0.06219787,-0.007976566,0.07968717,0.06894374,0.012165356,-0.025985928,0.06521106,-0.05349058
0.012060843,-0.064111106,0.026080063,0.066921405,-0.030971544,0.0017311405,-0.04060591,0.04054247,-0.030063268,-0.06710677,0.036186114,0.062129777,0.03569667,0.0024217556,0.05127919,-0.032043878,-0.0047744513,0.010159761,0.01958975,0.00074118085,0.055619933,0.036295213,0.029995462,0.026254883,-0.004598941,0.06711603,-0.032893874,-0.00083710114,0.0065412843,0.053647175,-0.009481533,-0.029290074,0.007175107
0.03408022,-0.011002157,0.07013533,-0.05599264,0.012891817,0.05425674,0.058291752,0.056657225,0.068831146,0.054776236,-0.00062332494,-0.06141043,0.012895999,0.068600364,-0.005796862,0.066748306,0.05334767,0.03469371,0.034902897,0.033493455,0.040932782,0.07605149,0.0430406,0.029383048,0.063237414,-0.015031552,-0.014918577,0.074890144,0.008717812,0.046909247,0.061822955,0.063775815,0.014695852
-0.03803818,-0.005560928,0.030266812,0.06540993,0.0096221,-0.030466242,0.002204422,-0.04008744,-0.00046827525,-0.050935026,-0.026545733,0.01638243,-0.0057349834,-0.036354557,-0.004048349,0.0005779878,-0.05516642,-0.042653784,-0.036607284,0.060016643,0.0010577553,0.025654556,0.008398133,0.030308282,-0.04707694,0.024459448,0.023137225,0.041327134,-0.056228623,0.008502668,0.03208647,0.016768947,-0.008983655
0.056960087,-0.036954746,0.07033549,-0.06493937,-0.08163032,0.03501084,0.075265095,0.072221726,0.05601114,0.011021609,0.027057448,0.031164756,-0.046927895,0.07028809,0.04963488,0.024871908,-0.027812071,-0.03220558,-0.0065311347,0.025352469,0.05506491,0.0038181716,-0.009934374,0.0007636138,-0.06106514,-0.016191192,0.037959136,0.009079717,-0.013805866,0.029589802,-0.07270242,0.011667375,0.013582014
0.075618625,0.06358634,0.069427505,0.040032342,0.025892172,-0.052759178,0.05186463,0.037695434,0.025240228,0.042260334,0.058160834,0.0563637,0.073678836,0.02229171,0.04187818,0.046153955,0.064253554,0.030574342,-0.017996157,0.070930816,0.035016254,0.05129976,0.062181413,0.062238947,0.02197463,-0.0015716555,0.0141684795,-0.013473549,-0.0039068307,-0.024712319,-0.02302753,0.0024030353,-0.0006852155
-0.004517338,0.047458272,-0.04303119,0.009903886,0.04488564,-0.014470287,-0.009491624,-0.06891483,-0.04234382,-0.07164168,-0.029769212,-0.07465089,0.0063061025,0.036498003,-0.04772921,0.022897918,-0.049833294,-0.030741801,0.022099232,-0.021186072,-0.04347484,-0.07388949,-0.039046504,0.044125233,-0.0036330468,0.03308282,0.019060653,-0.042031974,-0.03148737,0.002677209,-0.053255536,0.026153062,0.07220592
0.03947703,0.0039851894,-0.032876022,-0.0055780374,-0.008295147,0.035585355,-0.034088135,0.0052835178,-0.039473474,-0.0059409724,0.021852432,0.013539823,-0.031075167,0.05299741,-0.006984305,-0.021724053,0.0015060101,0.020263253,0.029799346,-0.04599876,-0.05391381,-0.012572251,0.002906474,-0.000848394,-0.019222507,-0.0016677694,-0.048172347,-0.0046572164,0.027407201,0.025582302,0.013795211,0.01214908,0.022839531
-0.053279076,-0.017638922,-0.06211381,-0.061762467,-0.052993935,-0.05291726,-0.06276743,-0.05083504,-0.058759186,-0.07149437,0.02419515,-0.06607321,-0.055467978,-0.043234635,-0.049362015,-0.065809846,-0.06267338,-0.008108065,-0.020248309,-0.06458835,-0.063346766,-0.04933907,-0.054250304,-0.0071659116,-0.05959869,-0.048139032,-0.026575044,-0.07458277,-0.018945567,-0.06533418,-0.07003975,-0.06894749,-0.06413462
0.02213844,0.026643036,-0.07251263,-0.03878745,-0.007764415,-0.0030479743,-0.061303698,-0.075603805,-0.056504995,0.009523074,0.053987555,0.04686189,0.009864939,-0.025959957,0.00663653,-0.007987286,0.038881756,-0.011707054,0.030011075,-0.020438172,0.0045181806,0.022608656,0.0050927037,0.03348699,-0.019818863,0.061463166,0.010623587,0.019539887,-0.028197464,0.063384004,0.046292588,0.051572002,0.0073264213
0.0014972476,-0.0069230115,-0.06589033,-0.029551128,-0.00890974,-0.052492816,0.030531881,-0.037523184,-0.008393764,-0.06969867,0.035535164,-0.010215087,-0.013111612,-0.07004523,0.019334711,0.032894533,0.021192333,-0.027865116,0.020589635,-0.002933391,-0.05149518,-0.01263989,-0.0028790373,-0.05363217,0.005951706,0.039019346,-0.0587737,0.004052813,-0.05428214,-0.0026330934,0.055426616,0.06301491,-0.007111643
0.03879912,0.0117206685,0.029056404,-0.030520206,0.05020521,-0.024421828,0.008201784,-0.02801613,0.009553292,0.071555465,-0.024601592,-0.024434414,0.03583801,-0.011326802,-0.037214022,0.071036436,0.020291155,-0.0103528015,0.023668995,0.048508003,0.062323492,0.031358697,0.045169663,-0.013561064,0.053837635,-0.0007857597,-0.031529937,0.054985456,-0.014320692,-0.028536543,-0.04529026,0.041695282,-0.017326994
0.04819704,0.003061638,-0.020094043,-0.008238731,0.045499828,0.0046321196,-0.0012413331,-0.016742893,0.007146591,-0.054710902,-0.032387465,-0.04614413,-0.031917308,-0.021810556,0.037178006,-0.067779854,-0.065738015,-0.036948718,-0.040616438,-0.03758613,-0.061514433,0.007735605,-0.06970326,0.008419923,-0.054704983,-0.06484969,0.0036417318,-0.011273124,-0.06396549,-0.025711259,0.05734607,0.020835953,0.02293215
0.0014997822,-0.0073091835,0.02728664,-0.005814763,-0.02539822,-0.011569106,0.014921021,0.051310875,-0.05748007,-0.040642273,-0.05110896,-0.045132805,0.0648338,0.052704725,0.07064414,0.015906777,0.025163036,0.008091046,-0.06502846,-0.036582746,-0.055214815,0.070255786,-0.028624559,0.028103173,-0.030720415,-0.058005024,-0.014540722,-0.05202858,0.061095048,-0.07787787,-0.045724116,0.002136229,-0.038300917
0.009599305,0.06018967,-0.03772895,0.06786669,0.026499696,0.06861899,-0.067794114,-0.030871404,-0.072489165,0.014531428,0.048376545,-0.05843445,-0.0062449547,0.07277613,0.034640566,0.019924806,-0.022815734,0.048450816,0.06260065,0.06689261,-0.014198691,-0.0145787485,-0.012014282,0.07087988,-0.07362697,0.032035746,0.05519372,-0.023299512,0.0042905957,0.019397097,0.054858394,0.045701824,0.06974363
0.062269516,0.0004854873,0.05637819,0.03927881,0.014215876,0.058225278,-0.02017916,-0.06247709,0.063866206,0.016829735,0.06879444,-0.050764576,0.07224352,-0.00070099643,0.050219625,0.06652627,-0.06250738,0.043156765,-0.013406692,0.046101727,0.07092829,0.06757637,0.060955416,0.06401436,0.0035873349,0.042027343,0.064499944,0.08177063,0.07208553,0.08292126,0.08380558,0.0819749,0.049041964
0.0059340238,-0.07158718,-0.020209245,0.07032841,-0.012214059,0.008244066,-0.06908588,-0.016321592,-0.07316174,-0.00056444673,-0.033881366,0.005373079,-0.07110605,0.072338864,0.013556921,-0.021634014,0.040298384,-0.036747355,0.01755152,0.07653876,0.03404618,0.009707311,-0.005977009,-0.040233277,0.004051563,0.059815425,-0.05927314,-0.077628985,-0.03948858,-0.08327195,-0.036934853,-0.03237866,0.03539239
-0.02606959,-0.083685026,-0.037821326,0.061247308,-0.04069876,0.062179334,-0.032015238,-0.030788533,-0.059948824,-0.003261862,0.025389727,0.062126856,0.042621415,-0.0502292,0.06722331,0.049048286,-0.04697724,0.030265527,0.05773866,0.07349145,0.025211599,0.05077279,0.027401995,-0.066987835,-0.044695016,0.022401603,0.05554983,0.055506114,0.012548825,0.03276721,0.035116777,0.020759573,-0.042024925
0.020840304,-0.0060480037,0.06982136,0.06719596,0.045098584,-0.02831105,0.070706494,0.012516824,0.040824708,0.051088195,0.038909167,-0.059497736,0.07097379,0.00022488106,0.045027852,-0.017985502,0.054129075,0.052517883,0.017107638,0.044775337,0.005748255,-0.012243944,-0.026711807,0.02670802,0.04312872,0.03856955,0.07328277,0.08016769,0.016806524,-0.058190472,-0.0027862943,0.07364196,-0.02051095
0.007267964,0.034625866,-0.03130802,-0.051440965,-0.012182637,0.037019927,0.03872983,0.03134651,-0.05990115,-0.017517427,0.039815933,-0.07532039,-0.041897837,0.023797775,-0.0077018174,-0.051553927,0.038522568,0.018259728,-0.015493027,0.026214508,-0.02126303,-0.069827214,0.015282173,0.023589082,-0.032183502,-0.040405933,0.04228813,0.033255,0.0022185768,-0.013931636,0.041433368,-0.025871497,-0.027854996
-0.06778032,-0.04297211,0.013676953,-0.04827806,-0.023962623,-0.05397373,-0.045857407,-0.07047966,-0.07048837,-0.015007246,-0.0491496,-0.0441841,-0.055116925,-0.022678789,-0.051485267,-0.04296976,-0.0038472374,-0.026584852,-0.04464846,0.003918652,0.04523383,0.019588329,-0.02632475,-0.018103046,0.01656691,-0.035642408,0.028361067,0.047844514,-0.04816488,-0.03964472,-0.03031296,-0.070974976,-0.04230849
0.047658816,0.075828224,0.074242406,0.07642772,0.060989033,0.06767484,0.07752899,0.045564562,0.065209635,0.022637174,0.04926441,0.06572693,0.073810406,0.05528245,0.053935558,0.014328077,0.04789802,0.055005517,0.04612398,0.05779653,0.06988155,-0.019994583,0.009860252,0.0727652,0.048773352,0.04046016,0.049587585,-0.031505447,0.033654924,0.059321694,0.07645113,0.041954998,0.07007547
-0.055542737,0.01956605,-0.0703695,-0.03434474,-0.007348308,-0.07775398,-0.07404427,-0.077015094,-0.0012910479,-0.07375045,-0.05701851,0.050515603,0.04209184,-0.053037073,0.005961393,0.008704846,0.030810915,-0.0075030173,0.07080256,-0.032398194,-0.049193583,-0.028349888,0.030181114,-0.039643962,-0.05595477,0.05492541,-0.027374495,0.050684698,-0.02769237,-0.03619476,-0.07085515,-0.031199692,0.06219069
0.03233508,-0.057389908,0.017401453,0.07393778,0.023839548,0.06682524,0.0651109,0.023598837,0.025711603,0.024681805,0.062442593,0.06074032,0.025232282,0.023296786,0.041822046,0.05500315,-0.062681906,0.054869417,0.06840822,0.029527087,0.05948583,-0.028413808,0.006177953,0.04123222,0.06810917,0.045907244,0.079954244,-0.07461351,0.0020920844,-0.014800061,0.0512359,-0.003935472,0.034602128
-0.05842815,-0.020270865,-0.033922777,0.004264417,0.017589528,-0.057290614,-0.054065146,-0.06429144,-0.06719567,-0.0524396,0.013033039,-0.053885266,-0.042882316,-0.018987155,-0.06697583,-0.02692945,-0.001532314,-0.055498682,-0.040034387,-0.04257154,-0.077766895,0.017808463,-0.016597604,0.0102411965,-0.047193795,0.008074108,-0.052040692,0.0173168,-0.00073142716,-0.040372018,-0.0072215116,0.0001701802,-0.07267386
-0.034300048,-0.00017043955,-0.031268362,0.019695915,-0.025636835,0.016493909,0.009551204,0.014497014,-0.054957416,-0.062935464,-0.066103235,0.027815016,0.033591487,0.07173138,0.065348625,-0.050957102,-0.03774572,-0.05168687,0.031496342,-0.066568986,-0.07064884,-0.0018674057,-0.014461077,-0.0045015295,0.021261495,0.0021003378,-0.0145350145,-0.058447417,0.0017846297,-0.020828797,0.015834333,0.017715987,-0.02869306
-0.06709053,-0.06116411,0.039466217,-0.053711053,-0.050339244,-0.013391584,0.0026491121,-0.060772117,0.0035115872,0.0153739145,-0.047689963,-0.04623772,-0.06702359,-0.042947795,-0.061320897,0.0055523557,-0.04959674,-0.007772796,-0.072255746,-0.016659576,-0.048579708,0.047508907,-0.044903584,-0.04918076,0.009861304,-0.068865485,-0.057930756,-0.061310302,0.020489367,-0.03213248,-0.038239256,-0.046317108,-0.040733285
0.081101164,0.07722659,0.076588444,0.07566832,0.08124516,0.08493965,0.0791594,0.06553542,0.078434534,0.07851411,0.07610633,0.07815216,0.07743563,0.0780879,0.07363193,0.07420024,0.06738983,0.08071568,0.06356672,0.08119667,0.0898827,0.070925996,0.081838876,0.08221615,0.0830279,0.07669763,0.07071198,0.06449041,0.067258604,0.08459421,0.085581355,0.08069779,0.06529629
0.009583879,0.07893451,0.055229258,0.051875778,0.07673384,0.077456124,0.05316354,0.061808802,0.06947171,0.06804698,0.05633012,0.06713236,0.06740061,0.06793018,0.05957427,0.069317535,0.05998471,0.04325135,0.06408374,0.07316399,0.075276576,0.07063072,0.076103225,0.079471275,0.0677936,0.06351906,0.08390237,0.057164785,0.060393028,0.08088925,0.067286514,0.030980764,0.07440064
0.04655287,0.04476102,0.05368108,0.045147233,0.0668261,0.047193494,0.06570662,0.0637137,0.06563252,0.037987538,0.045405626,0.05481887,0.057261977,0.02331096,0.045785483,0.055710178,0.07203472,0.061887406,0.06252031,0.06184205,0.06512573,0.067539155,0.03706656,0.05861685,0.07024426,0.05086079,0.040950365,0.07686485,0.05533451,0.017258279,0.031338483,0.067416884,0.038658503
0.03800142,0.026093697,-0.0337912,0.03110344,0.015650028,0.01317728,-0.007178921,0.011497068,0.05658686,0.059759732,-0.004901816,0.044628892,0.038840294,0.008593857,-0.04658898,0.027864816,0.024537338,-0.006629248,0.04872193,0.02345034,-0.0451933,0.048041765,0.013480407,0.04219114,0.0041487254,0.03325755,-0.027560439,0.036291517,-0.019396918,-0.00867832,0.028955417,0.036550146,0.027998703
0.040598445,0.043170884,0.056022454,0.06461541,0.043185364,-0.007043839,0.01887844,0.07702728,0.039206933,0.057005882,-0.0472155,0.014846571,0.043332186,0.05970126,0.038844537,0.03195478,0.058692627,0.0025308875,0.028815238,0.015381931,-0.015611209,0.07451284,0.0051312116,0.039620537,-0.012770282,-0.0462387,0.061706275,0.059566066,0.017319512,0.04254439,-0.0083281975,0.044545293,0.0038339635
0.071044564,0.043111302,0.055803154,0.0059191957,0.062800616,0.048625078,0.06434117,0.042706404,0.06182744,0.07597555,0.070197105,0.06768263,0.07153069,0.04133219,0.047936782,0.0683884,0.069853924,0.070792474,0.061348435,0.06708674,0.05421381,0.051746413,0.062497407,0.034913644,0.048196685,0.048690844,0.03206584,0.07112705,0.056733426,0.061440222,0.056888424,0.073746026,0.06658404
-0.029101564,-0.038584325,-0.03352115,0.0742755,-0.030430408,-0.042687736,0.06386529,0.03576045,0.05526482,0.06536695,-0.0465981,-0.035716265,0.07150165,-0.022902159,0.06762175,0.02943987,-0.02201514,0.04047519,-0.004082217,-0.010046149,-0.0045420798,0.020449592,-0.022023078,-0.072292596,0.04590728,-0.035956804,0.027690269,0.06538272,-0.040564872,0.043074213,-0.02542245,-0.01799369,-0.01705311
0.062339853,-0.0036097195,-0.013610525,0.033362493,-0.032176107,0.038631056,-0.0046694246,0.004258136,-0.041781567,-0.04680836,0.022728974,-0.0119485445,-0.023266563,-0.015603201,0.027860293,0.02259861,0.044549253,0.018782968,-0.023152342,-0.023377,-0.0074005183,-0.05190003,-0.023246607,0.0097781075,0.010803962,-0.020735005,0.028806752,-0.05615136,-0.00086436927,0.006721713,-0.002717035,-0.05259381,-0.025980107
0.052257814,-0.018325547,-0.05429435,0.042324238,-0.022320906,-0.06467688,0.00011992125,-0.0630868,-0.040775664,-0.07342978,0.04982162,-0.041738134,-0.03361587,-0.067089014,0.04459901,0.045753118,-0.07050823,-0.02102415,-0.040001158,0.0066725654,-0.0045925523,-0.074710324,-0.035259664,-0.07451458,-0.02867688,-0.030417072,-0.048379418,-0.05084122,-0.057218272,-0.06667526,-0.04163165,0.049668044,-0.049538963
-0.053827994,-0.05903053,-0.06546716,-0.041517664,-0.040229283,0.03992219,-0.025142051,-0.01943235,-0.0010244857,-0.047885947,0.0065493206,-0.043650877,-0.039616264,-0.069010004,-0.036044896,0.065199144,-0.029373685,-0.02506841,-0.037285153,-0.041052293,-0.01213295,-0.06595475,0.045206893,-0.022585485,0.033895627,0.060170818,0.027899917,-0.062075876,-0.02175527,-0.063163966,-0.059403967,0.04330413,-0.028137261
-0.06669819,-0.051911507,-0.054886866,-0.06584366,-0.053026304,-0.06028321,-0.058836438,-0.051287953,-0.06220238,-0.007661871,-0.018529234,-0.04475563,-0.045596182,-0.012361033,-0.026063953,-0.010388442,-0.047504414,-0.05597788,-0.011568882,-0.03395619,-0.020734156,-0.02945036,-0.040142246,-0.04083115,-0.059752643,0.008837147,-0.030864151,-0.03679499,-0.049064837,-0.05453807,-0.039847292,-0.055951882,-0.016706826
0.05172084,0.052652344,0.023422008,0.056690805,0.07003632,0.009174192,0.034950912,0.05636096,0.025609491,0.04357038,0.00039915185,0.050076127,0.064693354,0.060442057,0.021332128,0.04700287,-0.032211453,0.0489204,0.02557579,0.04749293,0.027942793,0.0506572,0.046084013,0.05512494,0.0706467,0.047977023,0.040909924,0.075223714,0.038664732,-0.01671342,0.042996768,0.0528677,0.038396098
-0.06344295,-0.06787777,-0.064567804,-0.058762446,-0.07536403,-0.056867,-0.05584712,-0.07008704,-0.0632824,-0.070479184,-0.06722476,-0.06811144,-0.060792368,-0.06853236,-0.078367665,0.0043842685,0.008288056,-0.06866512,-0.06099164,-0.037902426,-0.06683964,0.013154803,-0.023175167,-0.035506275,-0.041630737,-0.05399925,-0.0730917,-0.077397995,-0.0057640774,-0.08490102,-0.07922193,-0.04525941,-0.07713512
-0.051330797,-0.049878627,0.017696746,-0.074343406,0.055344705,0.059267614,0.031408,-0.054066908,0.04833009,0.07202787,0.0157516,0.047725745,-0.03166998,0.058383618,0.07471942,0.049361162,0.05888168,-0.015962897,-0.04292109,0.04039199,0.064226076,0.016981497,-0.015326346,-0.055331327,0.0612067,-0.037615057,-0.045932867,0.07253934,0.019873876,0.07411722,0.037998106,0.012009107,0.035625942
-0.0077278507,-0.04582141,0.050272193,-0.055122923,-0.059707772,0.012226273,0.06051057,0.058956373,0.0055025565,-0.041062664,-0.02226131,-0.046898335,0.017362706,-0.010677322,-0.029856715,0.06831396,0.062666506,-0.06871368,-0.049752492,0.071549945,0.0184688,-0.057360005,-0.005804854,-0.06260423,0.014228027,0.010989889,-0.03913872,-0.043325238,0.026815869,-0.061646722,-0.058037125,-0.067442045,0.0033550547
0.005429634,0.010262561,0.019554405,-0.024309998,0.042403825,-0.02913739,-0.0031392868,0.043289132,-0.01697987,-0.001336813,0.063256934,-0.021985538,-0.028183596,0.018518409,-0.00659512,-0.0031462447,-0.06719908,0.060597405,-0.010002654,-0.034203425,-0.04668853,0.0035910008,-0.005278403,0.05657028,-0.0010599442,0.0031424374,0.0582378,-0.06785897,-0.036900803,-0.083825566,-0.041964084,-0.0539779,-0.020272518
0.007612046,-0.020730827,0.006898843,0.028909223,-0.0061049573,-0.0100234,0.07017376,0.036536522,0.025290145,0.045340437,-0.026747638,0.076780125,-0.0017385985,0.020249564,0.061086982,-0.049133703,0.031052426,-0.05048387,-0.016338095,0.015253921,0.039708976,0.01918146,0.0752074,-0.008503501,-0.039572824,0.07331145,0.0033118837,0.0027720917,0.02340867,-0.003432792,-0.067427345,0.012158165,0.012870874
-0.033578273,-0.00571702,-0.06070323,-0.067789495,-0.059482336,-0.041834287,-0.066489816,-0.078410506,-0.0073209247,-0.07169557,-0.03093772,-0.048214708,-0.06952706,-0.055856727,-0.039633904,-0.029881718,0.04176546,-0.049677514,0.0015561109,0.0033576912,-0.054016955,-0.029606754,-0.07098207,-0.017745063,-0.06577104,-0.020123273,-0.015024901,0.05692833,-0.028330745,0.056257512,0.0074176076,0.057034284,-0.01927445
-0.026988585,-0.08787715,-0.0025884728,0.074125074,-0.0042252685,0.006072338,-0.033546142,-0.05278824,-0.070427686,-0.07712643,0.007174544,0.02043269,0.02165766,-0.046267085,-0.030740375,-0.06818822,-0.035250932,-0.0695218,-0.012572404,-0.017046537,0.022738706,-0.042242497,0.03297435,0.0022457107,-0.050477248,-0.022860575,0.07047434,-0.031931464,-0.032616965,-0.057638925,0.042607274,0.06132359,-0.067971945
-0.0819653,-0.044516616,-0.018004445,-0.06548135,-0.063362755,-0.03153477,-0.066660225,-0.07054967,-0.044765506,-0.07828523,-0.06359442,-0.049184535,-0.01909403,-0.038337134,-0.06678644,-0.003985252,0.03420998,-0.065542504,-0.06900777,-0.0063866945,-0.07386705,-0.06367812,-0.0647557,-0.017345112,-0.07140698,-0.06726218,-0.06561521,-0.018481107,-0.026953347,-0.043747813,-0.06366959,-0.0487557,-0.041657895
0.0016546126,0.039009437,0.056865796,0.05338757,0.06254361,0.053413093,0.041494694,0.065723814,0.057406127,0.010180193,0.01384348,0.02800797,0.05561744,0.04281746,0.009821631,0.036915805,0.057464644,0.03136753,0.06487906,-0.003395773,-0.009388778,0.048050217,0.02429533,0.02513018,0.009875413,0.06610723,0.052782066,0.043347817,0.055907052,-0.009575857,0.028472692,0.028377362,0.062065706
-0.07244574,-0.061957605,-0.072783135,-0.06358371,-0.05571337,-0.07772357,-0.068215884,-0.04115832,-0.061498754,-0.059492588,-0.033519324,-0.06506562,-0.06389447,-0.06848231,-0.0705754,-0.06414205,-0.056018382,-0.03345953,-0.065429136,-0.080061175,-0.08665616,-0.06126854,-0.06061682,-0.0725509,-0.0789793,-0.07227966,-0.07595626,-0.05044798,-0.0714077,-0.079671174,-0.06887993,-0.07158292,-0.05165614
0.05780744,0.06508891,-0.0019558207,0.07117528,0.06316655,0.07831979,-0.06408457,0.042865776,-0.05608608,0.01167475,0.06294667,0.075430006,0.013861608,0.03882758,0.03145467,-0.062395256,-0.029942302,0.08073136,0.017228726,0.06246788,0.051774617,0.024176057,0.06519826,0.07423946,-0.06424477,0.0747144,0.07098348,0.025218857,0.079389215,0.04669376,0.051064286,0.046264496,-0.010161266
-0.007154115,-0.048003003,-0.016622586,0.06891101,0.038505938,-0.07308392,0.032322142,-0.041116007,-0.06495341,0.007872146,-0.055905536,-0.0048247473,-0.020512681,-0.0016955687,-0.0035873908,0.069708094,0.022378257,0.007397077,0.037328485,0.047734585,0.06784376,0.051782086,0.012822903,-0.07810609,0.061385464,0.028180474,-0.049206007,0.054140314,-0.07035742,-0.07385122,-0.055911075,-0.0030687137,-0.026605843
-0.05532989,-0.036893062,-0.021906415,-0.033541277,-0.035390105,-0.00718332,-0.029079085,-0.038160384,0.0005057092,-0.028294506,-0.06527007,-0.033391118,-0.0442813,-0.052237876,-0.029842887,-0.011104471,-0.059539054,-0.042503398,-0.049112063,-0.043921728,-0.03785993,-0.028765498,-0.07423471,-0.02254747,-0.028136792,-0.0155604845,-0.02221115,-0.040680554,-0.0117918,0.013282459,-0.030081749,-0.019638905,0.01159782
-0.06479123,-0.069841616,-0.07004147,-0.07651699,-0.078102514,-0.08223139,-0.06775114,-0.07515738,-0.07065994,-0.042336367,-0.06618643,0.02170245,0.01596053,-0.03119912,0.0027972965,0.036722954,-0.03542265,-0.06090358,-0.07516856,-0.08279431,-0.060507547,-0.069681294,-0.078692675,-0.07952835,-0.055447675,-0.077363074,-0.07128151,-0.07628991,-0.05191348,-0.06716928,-0.070706695,-0.080422066,-0.051733598
-0.05403055,-0.07656714,-0.047236554,-0.059124198,-0.08150472,-0.05220794,-0.07033558,-0.054191835,-0.03654962,-0.029677443,-0.075627185,-0.046092197,-0.079268925,-0.05594799,-0.046883374,-0.073502965,-0.07049801,-0.060228806,-0.069369175,-0.071627684,-0.039672416,-0.07355776,-0.07222531,-0.054886762,-0.019894052,-0.07503326,-0.052000627,-0.08277193,-0.07422286,-0.06368685,-0.08118431,-0.07718758,-0.06586614
0.013167178,0.029469956,-0.037818547,0.022295497,-0.035193373,0.031037785,0.05051542,0.016357683,0.009652753,0.0450672,0.06380729,-0.048906364,0.014492708,-0.046339173,-0.047893427,0.06455056,0.023645394,-0.007060675,-0.058779307,-0.026230019,-0.0374327,0.057699,0.025261858,-0.051476862,-0.009331209,-0.02929764,-0.030007387,-0.012186394,0.03244138,0.036084052,0.021264859,0.05277559,-0.033148143
-0.055333793,-0.049193475,-0.022665301,-0.068626106,-0.028772818,-0.032779172,-0.015107981,-0.03148625,0.019656667,0.017442014,0.05327458,0.017829003,-0.0060585164,-0.06797672,-0.05433466,0.055128235,0.0405561,-0.052807245,-0.048566982,0.026854139,-0.049911786,0.05244026,-0.021718593,-0.025332946,0.018367859,-0.05774625,0.027293097,0.037950307,0.05194861,-0.026059663,0.00795132,0.06897243,0.02959375
-0.00084574055,0.011698122,0.05783192,-0.023056086,-0.036370896,0.020069918,0.058722947,0.07856554,0.06761265,-0.032132573,-0.056031078,-0.051217336,0.06691554,0.017421694,-0.031788267,-0.016335947,-0.023884946,0.035745263,-0.06997988,-0.07271548,-0.062409148,-0.03735807,-0.019943608,0.02541771,0.021723375,-0.074016616,-0.03708877,-0.030949358,0.042833887,-0.026481688,-0.02539337,-0.0039093033,-0.03942662
-0.014159107,0.009326645,-0.051579986,-0.005237116,-0.013797672,-0.059143122,-0.025545763,0.06599375,-0.025503084,0.012104774,-0.07885164,-0.052764643,-0.026062638,0.014406159,-0.017935684,-0.04712621,-0.053309906,-0.045492604,-0.05549592,-0.059874263,0.017520249,0.0038020473,0.06142318,0.0076315966,0.06691478,0.011453012,0.000983896,0.013884429,0.034410734,0.0051045357,-0.060509168,0.05987523,-0.017213112
-0.006952251,-0.06383104,0.03958243,0.039750922,0.029119868,-0.048174094,0.02470199,0.063054554,0.048603404,0.05022708,0.020932525,-0.031035716,0.02028888,0.036975335,0.028452061,0.012170286,-0.03486168,0.018862743,0.0004970783,-0.021831071,-0.031011943,-0.05008425,-0.017738057,0.020431101,0.03373509,0.039091274,-0.027317122,0.010586992,0.037898216,0.0388597,0.018823411,0.02571088,0.034999922
0.03632069,0.021162594,-0.03039971,-0.030189965,-0.0007476094,0.055103663,0.03887054,-0.009172184,-0.025958013,0.03977627,0.009927054,0.004879283,-0.014309491,-0.042056408,-0.047505625,7.111597e-05,0.020743134,0.015001536,-0.037993763,0.027422322,0.02462587,-0.004820853,0.007457021,0.01736994,0.056869984,-0.010594808,0.0069021042,-0.053582292,-0.057002585,0.022728058,0.019594716,0.03965608,-0.009294221
-0.07054821,-0.052871987,-0.06918106,-0.025735887,-0.0083985645,-0.07294819,-0.065044925,-0.07685352,-0.032160167,-0.074514985,-0.048387136,-0.020329313,-0.050656676,-0.06833618,-0.01815957,-0.029437777,-0.0042151683,-0.07362246,-0.07273323,-0.052531805,-0.06445704,-0.054437,-0.07272837,0.029016068,-0.05292895,-0.012617755,-0.0046975682,-0.007749448,-0.05473058,-0.019046778,-0.05198934,-0.051508684,-0.064587556
0.052720834,0.0077377507,-0.018755158,-0.040748198,-0.019037617,-0.072115645,0.01849682,0.057661995,0.017886592,-0.013368572,-0.012170836,0.01481732,0.01748118,0.020912996,-0.041242275,-0.029678794,0.055918075,-0.07340625,0.07208325,-0.0023618853,-0.034843124,0.011764522,-0.035815503,-0.076535836,-0.06620048,-0.006589951,-0.05846204,0.05567027,0.033141144,-0.031480156,-0.025716178,0.049000677,-0.02705454
-0.007934931,-0.054491393,-0.055898808,-0.055210758,-0.06119102,-0.050774604,-0.051869437,-0.07320584,-0.067552485,-0.07072406,-0.046423335,-0.026645247,0.018035108,-0.033233717,-0.06162497,0.00518359,-0.045600925,-0.037502993,-0.07303807,-0.034464207,-0.037332956,-0.020505164,-0.0083369035,-0.07470696,-0.039966203,-0.036784228,-0.046560086,-0.039623655,-0.04374568,-0.047213335,-0.033561695,-0.016718684,-0.052454177
0.0024681678,0.06637746,-0.042736072,-0.04446166,0.06562753,0.045170635,0.020964721,0.040797457,0.010396842,-0.010304268,-0.017241435,-0.0302421,-0.031050587,0.004879709,-0.025996437,0.016884394,0.021519609,0.06182401,0.032238603,0.06721178,0.06878702,0.030706504,0.007901799,-0.02700167,0.031011399,0.054255508,0.049957577,0.034587048,-0.06391156,-0.02332903,-0.0028565112,0.004026031,0.031316843
-0.011426531,-0.0028926115,0.0166296,-0.025952054,0.018273057,0.011177269,0.01555341,-0.0046157897,0.0065148408,0.038411226,-0.009877164,0.020245958,-0.013272613,0.0022573967,-0.01283753,-0.011633286,0.016908962,-0.018479582,0.010888848,-0.014352964,-0.03491338,-0.004268298,0.036173116,0.024813645,0.022265246,0.042829435,-0.013399544,0.025619388,0.03963359,-0.022789894,0.006997747,0.028428087,0.030033741
0.06500514,0.016047142,0.05060906,0.0026659097,0.036840323,-0.041851304,0.062416367,-0.025254326,0.006697894,0.050151262,0.06823715,-0.05525755,0.056861605,0.037368756,0.025091218,0.06591948,0.049050134,0.01735038,0.060136754,0.046471268,0.023671823,0.029827384,0.037231997,0.0621911,0.022348315,0.056453172,0.07277402,0.051991772,0.06355094,0.055971272,-0.029731924,0.04888582,0.051832765
0.020594109,0.013027523,-0.01859802,0.017975504,0.004838072,-0.0036088966,-0.018765885,0.027984653,0.02752049,0.045856014,0.0028124724,-0.037391633,-0.0009522666,0.06540984,-0.0566252,-0.031107318,-0.05376745,0.042973347,0.030810516,-0.007172368,-0.017391931,0.046006285,0.0009528051,0.044416115,0.03881026,-0.038753767,-0.005407073,-0.0034534642,-0.053582314,-0.021355564,-0.0006138829,0.04258591,-0.0117070135
-0.03300224,-0.0024680651,0.002038351,-0.019585084,0.007559784,0.007200341,-0.019196104,0.0056091812,-0.028931046,-0.030531518,0.018079868,-0.04963582,-0.03335865,-0.0059395838,-0.03761152,-0.044126056,-0.0016119789,-0.051177382,0.026224248,-0.058152627,-0.05306004,-0.04845876,0.0045444905,-9.076032e-05,-0.044024415,-0.0038993887,-0.014191838,-0.031173307,0.0010606728,0.04113112,0.05241302,-0.010368403,0.010124346
0.041414145,-0.0053952644,0.050974708,-0.022154197,-0.06429467,0.056536496,0.03479282,-0.0015410921,0.076503284,0.026098957,0.0014386787,0.01336945,-0.045659572,0.014523303,0.033779018,0.010064703,-0.0020881428,0.042055685,0.034152783,0.018239204,0.03358766,-0.06167859,-0.06798105,-0.044931345,0.025453607,-0.017582908,0.037438996,-0.046126183,0.022517178,-0.026486496,-0.0035126903,-0.015034957,-0.040832445
0.0063533075,0.053049527,-0.07564265,-0.036986507,-0.0063410196,0.018348392,-0.037263338,0.006250214,0.026005825,-0.012020169,0.035640784,-0.0022409793,-0.059034728,0.03267592,0.028355433,0.027046682,-0.0074139917,-0.01613335,0.0664348,0.042873163,-0.0028838192,0.01717825,0.0021086545,-0.04827708,-0.036824487,-0.052743755,0.01075674,-0.07888111,0.039996736,0.004068766,0.03489804,0.00058425986,0.06217403
-0.03739737,-0.07298885,-0.044402204,0.04840605,-0.07749663,-0.05027185,0.065406874,-0.017072601,0.033993587,0.04743006,-0.008713307,0.053105693,0.02325436,-0.052130613,-0.0014736586,-0.06583695,-0.0013790587,0.06473482,0.04547633,-0.059158023,-0.046011567,-0.02759239,-0.03926468,0.020359783,0.06680872,0.037507426,0.03285894,0.0141322445,-0.07937148,-0.038007833,-0.0057809944,0.004163928,0.0017001402
0.033856563,0.061254323,0.061320733,-0.05444801,0.06534488,0.009771579,0.07052377,0.03489919,0.03471615,0.008497106,0.005254396,0.022477321,0.04366892,0.0049901735,-0.056350138,0.072930716,0.029233763,0.0006373479,0.0693789,0.042798165,0.0752855,0.059743717,0.060219377,0.011429079,-0.015403194,0.061207324,-0.041169666,0.051529888,0.049935825,0.016848387,0.03346625,0.026566798,-0.0013154563
0.041300476,0.04192386,0.04071588,0.064567715,0.019579703,-0.0031341678,0.039606225,0.03518114,0.033100177,0.011385301,0.06379288,0.044365063,0.025321415,0.050113495,-0.028262494,0.04641492,0.029592697,0.02451206,0.07213183,0.018730342,-0.012276715,-0.02274697,-0.007912228,0.03316887,0.022632984,0.052933786,-0.04393804,-0.05077056,0.02855366,0.0304049,0.00071047776,-0.01266022,0.030647712
-0.009723179,-0.034723654,-0.044427685,-0.037636124,0.034807816,-0.021811077,0.044995215,-0.013367124,-0.008050884,0.028569348,-0.06598242,0.06282555,-0.080963716,-0.016847614,0.0027433455,-0.042794228,-0.016926408,-0.03261555,1.1267411e-05,-0.051681176,-0.057848275,0.008355973,-0.017767392,-0.06623818,-0.03460142,0.069794774,-0.0053985976,-0.021181587,0.0660699,0.0397016,-0.050891913,-0.07811305,-0.04494864
-0.016437469,0.03756179,-0.04999504,-0.03254874,0.009792653,-0.019356573,-0.017600548,-0.03858823,-0.055135895,-0.021107955,-0.0035259149,0.049777433,-0.07143279,-0.03976882,-0.029761266,0.010233405,0.0092699025,0.028593285,0.012412629,0.017978437,-0.030396715,-0.07135781,-0.048657436,-0.009254048,-0.04201902,-0.035359748,-0.028282655,-0.05792526,-0.012993149,-0.027552104,0.040690143,-0.021704145,-0.026630787
-0.064801954,-0.012188818,0.02959603,-0.028421665,-0.04853878,-0.029280005,0.038580757,-0.00082105346,0.0029466036,-0.025738606,-0.05893439,-0.061546534,-0.012886271,-0.041524395,0.02220021,-0.07334127,-0.013513001,-0.04127583,-0.021435158,-0.05257905,-0.02875726,-0.007055853,-0.073689386,-0.067471944,-0.02836224,-0.031168383,-0.03840469,-0.0071519804,-0.027877295,-0.039930515,-0.06325072,-0.03264328,-0.061180256
0.037535705,0.010290806,-0.061356235,0.056339003,0.059232548,0.08438687,0.0036582423,0.01675396,-0.018716773,0.05330577,0.075220816,0.010312488,-0.01547536,0.054392196,-0.034356542,0.075019985,0.023050806,0.05185141,0.018403726,0.05704259,0.029338997,0.0752429,-0.024888674,0.06961171,-0.037454255,0.07155793,0.07887332,0.044087764,0.07700358,0.0848077,0.08605342,0.027069248,0.029643347
0.049722463,0.021117155,0.061024874,0.029605996,0.0016273506,0.077315435,0.04518869,0.06731958,0.05113965,0.06355856,0.06720358,0.03426075,0.009133083,-0.01637305,0.053438097,0.044191957,0.010220867,0.044627268,0.06044231,-0.0054675494,0.08236345,0.0053574503,0.07444625,0.058373906,0.077466205,0.06902048,0.0035847425,0.013169948,0.05164577,0.047005374,-0.029101942,0.045143057,0.027236756
0.0031216524,0.03444862,0.0067311106,0.070443526,0.023932798,0.05764394,0.047609925,0.051673166,0.055841222,-0.0080736885,0.067772456,0.06655388,0.037693497,-0.0012910332,-0.0040956507,0.014109077,0.07329236,0.045347363,0.052035343,0.035477564,0.027928775,0.04802762,0.028732745,-0.012274081,-0.00028602572,0.05191463,0.055489745,0.013017043,0.044349976,0.043617513,0.042580456,0.058774862,0.0651742
0.03253293,0.07595845,0.000671657,-0.045932706,0.08057288,0.06936203,-0.060335714,0.07544411,-0.050945777,-0.057882443,-0.052144527,0.04621349,0.08349929,0.031793807,-0.035741806,-0.060876243,-0.027805522,-0.05010378,0.04083889,0.07852059,0.07685631,0.011078817,0.08509673,-0.020500448,-0.031034028,0.069383845,-0.026743999,0.06825094,0.033073813,0.05979649,0.03050292,-0.051677734,-0.009232165
0.043007504,0.03786047,-0.0025257992,0.07205172,0.024647301,-0.0019383555,0.01507301,0.019895267,0.025890106,0.034304842,-0.0017031886,0.06987617,-0.028673751,0.044340894,0.054208968,-0.06229982,0.042819887,0.061029103,0.07340112,0.04278718,0.01822627,0.0012680007,0.0738429,0.02013381,0.045026194,0.0129726315,0.058393475,0.054795884,0.035053544,0.061359763,0.01871941,0.04474127,0.055005305
0.042421352,-0.08619914,0.028222049,-0.012930533,0.06834015,0.026152518,-0.029163532,0.06746073,-0.042191517,0.058104943,0.038158767,0.025950871,0.051625557,0.030962354,0.065312855,-0.03314667,-0.021239907,0.03479513,-0.046451315,-0.02979098,0.0038580168,-0.011831609,0.05894845,0.029103061,-0.0014879619,0.058888327,0.021138532,-0.032319915,-0.013228469,0.06719549,0.021745546,-0.074918225,0.014480261
-0.08004885,-0.059683774,0.0031849218,-0.02969145,-0.028570393,-0.05212489,-0.07233127,-0.06650651,-0.07732581,-0.026555875,-0.03869454,-0.015592201,-0.060057353,-0.059361234,-0.0766673,-0.07098367,0.06060292,-0.046070587,-0.025870606,0.03313957,-0.04296636,-0.07716455,0.029816823,-0.042241476,-0.07458739,0.011011419,-0.06477053,-0.054614007,-0.057393964,-0.043055512,-0.014820807,-0.023056949,-0.028645746
-0.010350271,-0.0247726,0.045542456,-0.03367086,-0.038122676,-0.009830997,0.035448227,0.046545576,0.057260253,0.03584117,-0.0052883932,0.05639713,0.0074959234,0.029761856,0.06649588,-0.028129442,0.02616739,0.04403291,0.02375882,-0.0032910674,0.028627656,0.013163386,-0.03945138,-0.056752447,0.040921554,1.8434677e-05,-0.00054239476,-0.0021709488,0.04285214,-0.01794772,0.018663727,-0.036883008,-0.0014762991
0.03996132,0.03965545,0.066233344,0.026360435,0.017556896,0.07373688,0.05119876,0.044559337,0.010646761,0.042476427,0.061041452,0.052500464,0.04016536,0.04348119,0.040367294,0.015845515,0.051456064,0.058936793,0.06294043,0.031008022,0.06539014,0.02492159,0.0475881,-0.039130725,0.03703527,0.07556949,0.040249094,-0.027239079,0.042033598,0.07991381,0.08566477,-0.006266854,0.073871374
0.07793868,0.00020002537,-0.0009921399,0.018566882,0.034975726,0.004943582,0.040448613,0.05546413,0.04399692,0.06662313,0.0072985776,-0.0021054645,0.0075924164,0.076931104,0.06556503,0.00948414,0.018795442,0.06481825,0.05987219,0.0109143285,0.0031745948,-0.010798497,0.035238482,0.007696598,-0.0065919016,0.011592763,0.050004333,0.016260846,0.006460934,0.016832028,0.029986152,0.0018103453,0.06214985
-0.05682911,-0.038671255,0.037439093,-0.053934064,0.032344945,-0.06219238,-0.059413087,-0.06362541,-0.06627425,-0.040035695,0.025208507,-0.013467024,-0.06821363,0.046043172,0.053705666,-0.029028697,-0.032732416,-0.053431354,-0.046600573,-0.052934803,-0.048491605,-0.059372682,-0.037242606,-0.001657293,-0.04873633,-0.05743811,-0.012715767,-0.043536156,-0.06833766,-0.023083419,-0.060748708,0.0063042203,-0.041718137
-0.039258964,0.00585819,-0.0138852345,0.027644213,0.020401474,-0.022174345,-0.07171691,-0.015495361,-0.05936471,0.02797851,0.025782334,-0.0029529831,-0.023632808,0.028089734,-0.02765764,0.051476873,-0.053223837,0.053824518,-0.05273028,-0.029356554,-0.023100873,0.00027595373,-0.03761165,0.009993111,-0.058365062,0.060500816,-0.019359652,-0.0426643,-0.016807528,0.007848942,-0.05349378,0.007092568,0.037965048
0.06955471,0.06694732,0.060262565,0.056791496,0.039023012,0.021676464,0.06480912,0.0640707,0.06753065,0.036114562,0.06357675,0.061347958,0.076697856,0.045932155,0.056484215,0.057631437,0.04481286,0.06220595,0.03076272,0.054876257,0.069424495,0.07094821,0.037589006,0.07976282,0.050932236,0.058410753,0.053988185,0.05354051,0.060676124,0.0062535102,0.07140217,-0.029431285,0.018333338
0.0006890251,0.015856417,-0.066992275,-0.06514156,-0.07276855,-0.0767183,-0.039228283,-0.044001047,-0.06897366,-0.054496042,0.020597672,-0.072035275,-0.02947364,-0.01240255,-0.071555406,-0.025879534,-0.06836969,-0.020725394,-0.043288194,-0.06026762,-0.07448367,-0.07566942,-0.07738538,-0.0440329,-0.06704577,-0.071142785,-0.048861817,-0.03838936,-0.040601265,-0.081673324,-0.07582992,-0.07534276,-0.007793624
0.01875851,-0.029147437,0.022110015,-0.065965205,-0.074757546,-0.03882997,-0.014976368,-0.07778875,-0.05040309,-0.0042345296,-0.059120227,0.022755327,-0.03480013,-0.062717795,-0.033290412,-0.032991208,-0.015397697,-0.06647073,-0.025734989,-0.022951275,-0.01619849,-0.062853076,-0.060500823,0.04029953,-0.028513856,0.012911394,-0.05293424,-0.07096172,-0.078200966,-0.051214222,0.053012654,-0.019492112,-0.022231199
-0.059568364,-0.076339506,0.006940873,-0.028906398,-0.07323835,-0.04975291,-0.0142997205,-0.045885123,0.0016293087,-0.070289016,-0.05376514,-0.048915453,-0.055922687,-0.0578177,-0.010524136,-0.043838535,-0.022701211,-0.076216154,-0.071849,-0.06832268,-0.03800199,-0.036444616,-0.081702575,-0.06398925,-0.06833341,-0.07456988,-0.03692252,-0.061841495,-0.06534729,-0.036375996,-0.06190187,-0.059577875,-0.06088669
0.08038291,0.03867117,0.063258596,0.068072215,-0.0038615335,0.0020602795,0.07347524,0.006313619,0.03135472,0.050859574,-0.047927175,0.06609274,0.058021057,0.052773714,0.061494417,0.044945206,0.03923721,0.0317241,0.021747312,0.04512014,0.067197375,-0.0034697715,-0.006777621,0.06933972,0.009984726,0.0595395,0.025652565,0.018232368,0.07337095,0.0597161,0.027483879,0.07498696,0.049765207
-0.014375263,-0.030509917,-0.06343423,-0.028469572,-0.03979375,-0.06391489,-0.059476987,-0.01594622,-0.06771229,-0.020617833,-0.06069455,-0.03190188,-0.052311946,-0.050077677,-0.042944554,-0.060000632,-0.0152682485,-0.04908431,-0.033368498,-0.031320967,-0.0333833,-0.0056181834,0.02105232,-0.02848082,-0.052720718,-0.028263448,-0.08161163,-0.012959511,-0.025773952,-0.074233934,-0.059744332,0.0008052544,-0.048632875
-0.02472664,-0.012045018,-0.0026745994,0.038983587,0.01088217,-0.04397806,-0.062051296,-0.027655758,-0.015356059,0.073911704,-0.019191692,-0.002247701,-0.012670281,0.05372428,0.020440454,0.053330332,0.045709617,-0.029082548,-0.031018946,0.0035388537,-0.02561696,-0.04842829,-0.047770422,0.010239779,0.011927746,-0.050947547,-0.022357479,0.01919913,0.023661831,-0.0030885716,-0.0219716,0.021590207,0.0049421666
0.010263615,-0.04410138,0.0554567,-0.027223576,-0.0036936477,0.022353306,-0.021505337,-0.046153788,-0.021906152,-0.014244227,0.061437063,0.021698382,0.01934591,0.067422,0.026846549,-0.029349342,-0.06858041,0.023290362,0.00864491,-0.01035973,0.01776463,-0.042087678,-0.0103164045,0.056741577,-0.006299385,-0.0052445517,0.008130292,0.04150231,0.0035078311,0.021029739,0.055302676,-0.003046093,0.0025877266
-0.061404698,-0.014904889,-0.059807554,-0.021267315,-0.053218734,0.024924975,-0.007886485,-0.074525595,-0.07500373,-0.021744698,-0.041838024,-0.03817036,-0.010156029,-0.067816705,-0.07643445,-0.03850545,-0.062176183,-0.047774248,-0.08033247,-0.031922296,-0.0136262085,-0.04233417,-0.05972731,-0.06940871,-0.07423199,-0.061335985,-0.07916619,-0.058827054,0.03893595,0.0048162597,-0.012448254,-0.04502996,0.04919021
-0.031329606,0.027097255,0.010062611,0.057308014,-0.036214806,0.016150957,-0.055286422,-0.03913442,-0.07503038,-0.06083087,0.039828196,-0.025893224,0.042962767,2.3248434e-05,0.058119517,0.062144376,0.0068326644,-0.06303281,-0.018667163,-0.010085593,-0.009880159,0.07025403,0.015717547,-0.073112644,0.024905747,0.020307556,-0.04078346,-0.017326087,-0.033589877,0.0103183,-0.012600914,-0.002572669,-0.00630339
0.07419971,0.08546873,-0.045442626,0.057001963,0.04671313,0.080539815,0.055445947,0.069684274,0.03035069,-0.014150975,0.050142813,0.021224776,0.02447266,0.063605554,0.059394717,-0.024475995,0.02169332,0.08016804,0.07589985,0.06461219,0.010093464,-0.022407562,0.06386326,0.045146447,0.045783177,0.07093532,0.077015966,0.05714544,0.033780444,-0.01677506,0.05503242,0.023707217,-0.012008199
-0.029864475,-0.019456485,-0.04238456,0.017488476,0.04563979,0.07837462,0.00954926,0.013100305,0.019877557,-0.008981945,0.058610983,0.031901997,0.019286642,-0.003104209,0.012619937,-0.0009832835,0.016137445,0.012050783,0.038580038,0.046932597,0.042071573,0.031076586,0.0516467,0.063496135,0.022822779,0.019960044,-0.0112821,0.043765847,0.054430455,0.073236726,0.050659236,0.038032014,0.0070435386
0.03565979,-0.053729713,-0.023984862,0.02320294,0.05255863,-0.033469453,-0.0458544,0.004155835,0.0098922225,-0.054302998,0.06124661,-0.026522605,-0.030540999,-0.001620492,0.06219532,-0.066024944,-0.017560758,0.055598527,0.07138183,0.024442794,0.011058217,0.009634706,0.030316526,0.028905664,-0.046836365,-0.022524064,0.044348344,-0.026536401,-0.03291593,0.010566471,0.03933221,-0.02812634,0.060555775
0.039117385,-0.0045436467,-0.029625824,-0.03125148,-0.016086448,0.0026137407,0.023453355,0.016211987,-0.011609946,-0.012319811,0.05911324,-0.0503821,0.051123355,0.024244066,0.043194298,-0.048111133,0.0015208884,0.045414094,-0.0025540113,0.013947319,0.022022823,0.0045684753,-0.055100292,0.023422182,-0.0032832294,0.02548609,0.07556619,0.05418418,0.03286733,0.018509725,-0.02791448,0.044066254,0.03895589
-0.03002841,-0.0005122938,-0.041270643,-0.041446425,-0.03339303,-0.04319771,-0.019187676,-0.03621757,-0.026249412,-0.011955285,0.0022460404,-0.02371244,0.013452633,0.018206285,-0.02456748,-0.06217042,-0.018520579,0.046538524,-0.032437067,-0.018876644,-0.0321599,-0.053496204,0.018042702,0.00906805,-0.04021334,-0.006472616,-0.021569494,-0.020761894,-0.030184878,-0.018337293,0.018455923,-0.018493347,-0.014792398
-0.010537055,0.0023328194,-0.015330668,-0.008758709,-0.0007546826,-0.01966494,0.047459707,0.07338759,-0.016337773,0.018373135,-0.058363345,-0.001879264,0.042595904,0.056433234,-0.02968998,-0.0004755623,-0.033794392,-0.002183792,0.07070267,-0.031026352,0.026516028,-0.031425178,0.0012537257,-0.015576109,0.02428835,0.0020094814,-0.025807615,-0.050542004,0.033010818,0.025455253,0.0026711868,-0.057091378,0.052008156
-0.0051112697,-0.013872371,-0.01378624,-0.030081779,-0.050417654,-0.006680568,0.004583061,-0.045506064,-0.06121377,-0.05766912,0.026781298,-0.06980362,-0.06925868,0.005882082,0.003442709,-0.020040786,-0.034870613,-0.055751264,0.03386805,-0.031760883,-0.032653295,-0.03842952,-0.04098932,-0.06853374,-0.07113226,-0.025724836,-0.014037063,-0.0060487906,-0.075451575,0.05379057,0.06577329,-0.040226452,0.017273447
0.054198366,0.029507345,0.06735621,-0.050099555,0.018369274,0.030350156,0.06739303,0.04052282,0.03337809,0.036752414,-0.062303696,0.0005338101,0.03167255,0.068682626,0.07706242,0.07223115,0.020239625,0.04154586,0.008863157,-0.0058172136,0.051079035,0.07390624,0.07690115,0.013303072,0.05854803,-0.009706054,0.022994304,0.037174735,-0.048312735,0.014566348,-0.044934865,0.0055184686,0.051046703
-0.04465615,-0.07646757,-0.04301866,-0.060556818,-0.056382917,-0.039623354,-0.04597059,-0.056017976,-0.043613244,-0.06595699,0.045636155,-0.06806663,-0.01819709,-0.07755726,-0.032243747,0.033989854,-0.016429948,-0.05292029,-0.049599804,-0.061276272,-0.012077473,-0.06606951,-0.030942455,-0.034363784,-0.038319275,-0.014477585,-0.058720004,-0.00804175,-0.064382076,-0.055944566,-0.05397561,-0.04158824,-0.07067373
0.0742679,0.028682813,0.07014199,0.07282674,0.06340718,-0.02981262,0.05087014,0.07895457,0.046057627,0.0727542,0.07386099,0.07238561,0.07291789,0.08014941,0.0772247,0.064164504,0.011580151,0.07023835,0.07813584,0.044851072,0.043337546,0.016660124,0.05560463,0.06875665,0.07346547,0.03554904,0.016410135,0.055532444,0.050653953,0.01858305,0.027341524,0.066523224,0.06666615
0.020099834,0.004196691,-0.019461358,0.024726523,0.016949598,-0.038781267,-0.007676243,0.030302247,-0.023330364,0.014997567,0.050698105,-0.020528305,0.0068975766,0.028818201,-0.014796156,-0.025951235,-0.024596745,0.044396494,0.063505776,-0.038030926,-0.015522467,0.026053922,0.032544192,0.04506226,-0.0015059767,0.02070322,-0.0067647966,-0.050501127,-0.004259466,-0.06485137,-0.010103638,0.012679698,0.025374353
0.05269589,-0.0346062,0.015230544,-0.044450514,-0.046763293,0.039277356,0.019505605,0.04237701,-0.017105116,-0.051031075,0.048343774,-0.05282095,-0.01071986,0.02562132,0.025700033,-0.04862815,-0.053551357,0.03698852,0.013488884,-0.03334015,-0.030665603,-0.011517758,0.009492832,0.03491768,0.01606644,0.04114562,0.03671184,-0.04518199,-0.038579784,-0.051165167,0.05013166,-0.045946937,0.01724784
-0.046573844,-0.002220052,-0.026076764,-0.051723033,-0.0029188637,-0.037921883,-0.05368124,-0.023033494,-0.011361588,-0.063558325,-0.06549136,-0.02822804,-0.027582785,-0.051719315,-0.047870077,-0.04649187,-0.012296516,-0.0377021,-0.050546195,-0.049272656,-0.026858496,-0.04821752,-0.0044197105,-0.046727415,-0.056327775,-0.0668054,-0.040763088,0.003000301,-0.05578866,0.005535247,-0.041400272,0.01051913,-0.025819061
-0.015645845,0.024038,-0.074445024,-0.043976717,-0.031261887,0.013304621,-0.06431305,-0.05585481,-0.042628836,0.047413442,-0.010639795,-0.03496207,0.0713617,-0.069372684,-0.055726007,-0.017764378,0.034892138,0.062118016,-0.057836853,-0.080743425,-0.08056308,-0.048336882,-0.03431101,0.04032342,-0.071290016,-0.055025566,0.0757611,0.00738964,-0.024579093,-0.0072116735,0.030621815,-0.0039130906,-0.00043866187
-0.05736287,-0.04661335,-0.029442482,0.05020622,-0.082393385,-0.030374425,0.032367628,-0.067314036,0.05672887,-0.065678336,0.059842993,-0.056108896,0.037757613,-0.0375624,-0.039649483,0.061437286,-0.0736182,0.013253416,-0.05967194,-0.06066112,-0.06577113,-0.030767946,-0.07209141,0.051575515,0.0059625763,-0.031205717,0.008729819,-0.015217636,-0.04141793,0.015638247,0.033752296,0.011157422,-0.033461038
-0.0016552464,-0.039134026,0.012423626,0.0016178369,-0.0360941,0.006222669,0.00036512068,0.02388218,-0.0376203,0.010161786,0.026627265,0.029261688,-0.02211095,-0.017871084,-0.0377261,-0.03443266,0.05775419,-0.020350613,-0.01607698,-0.019340726,-0.04866545,0.05623223,-0.0415097,-0.019727208,0.020887788,-0.009923826,0.05476965,-0.011678194,-0.011299618,0.035233814,-0.03379109,-0.041721262,-0.042675067
0.07625128,0.028009525,-0.0021627403,0.017102212,0.061604537,-0.02507969,0.064715154,0.07590959,0.05631705,-0.009006133,-0.068462074,0.04310507,0.045588065,0.063755974,0.056553226,-0.06313369,0.054890435,-0.039049372,0.05899175,0.069051094,-0.000107620865,0.059702292,0.031276435,0.007256464,0.015422469,0.05892258,-0.01640778,0.06726844,0.0049936017,-0.036036994,0.029462183,0.025459308,0.034747183
-0.0025582372,0.033424452,-0.0027701333,0.06010219,0.06548903,0.04636455,0.0027183753,0.0484543,0.06047208,-0.03773673,0.052991524,-0.00054442324,0.014342877,0.0389964,0.049776483,0.06485924,0.018724535,0.011344361,0.061803225,0.04191054,-0.0010362206,0.07356622,-0.009127547,0.07260316,0.038449153,0.060924925,0.011635868,0.04594983,0.0514043,0.026674133,0.06875576,-0.013411857,0.04324727
0.059051447,0.026577866,0.0026692974,-0.035101347,0.055903144,0.036020424,0.045830213,0.052154575,0.06393713,-0.015665352,0.07049443,0.03671272,0.021155996,0.020133527,-0.003977919,0.055147074,-0.010536346,-0.050457228,-0.033636034,0.005523812,0.010864703,0.06346491,0.028849138,0.036319476,-0.0138320485,0.01526558,0.0047740177,0.016893405,0.048938032,0.052957613,0.05013832,0.07664035,0.07580268
-0.05701496,0.018884888,-0.0522556,-0.019212466,0.006139057,0.0069602663,-0.077916496,0.011611457,-0.05236477,0.038237184,-0.06462355,-0.056089435,-0.043513972,-0.030035935,-0.027961038,-0.059062045,0.04724879,-0.06713609,0.07745929,-0.050422646,-0.036391977,-0.0041754087,0.007855913,0.030892944,-0.036860142,-0.018779002,-0.0025820949,0.068479866,0.05787752,0.03754176,0.043261234,0.058884952,-0.07221183
0.0009434727,-0.015608667,-0.058757603,-0.06587545,0.011789521,0.073294446,-0.014534041,-0.03425054,-0.051329415,-0.056537192,0.012555908,-0.058554176,-0.041393686,-0.016744953,-0.012369207,0.033107698,0.0062553626,0.009589272,-0.03040014,0.04184867,-0.026141165,0.075695716,0.022237316,-0.038942777,-0.0307808,0.030076116,0.016875694,-0.039882176,0.05494477,0.058775708,0.0039542136,-0.06588616,0.042500887
0.07529315,0.011088953,0.051661994,0.03504656,-0.013414763,-0.03161527,0.05704939,0.08097488,0.044883553,0.005197923,0.045210097,-0.021036757,0.08197963,0.031696852,0.07647763,0.05389284,-0.06471589,0.055761773,0.060740583,-0.03808287,0.0068694428,0.0723919,0.017391516,0.054139,0.064175315,-0.037658926,0.07523294,0.08447479,-0.048326124,-0.021040289,-0.03749628,0.07778941,0.0715982
0.010058301,0.0065069245,-0.027115574,-0.004512686,-0.036463547,-0.008390138,0.0061649755,-0.02831491,-0.04418392,-0.05825313,-0.014339917,-0.05261075,-0.021768337,0.029309588,-0.05531532,0.04043306,-0.04678997,-0.019792756,-0.044193145,0.04514154,-0.044072002,0.0009655284,-0.04442734,-0.016155062,0.027443511,-0.046205137,-0.04125107,0.0025927306,-0.06701318,-0.006710088,0.034133226,0.03726891,0.009252057
-0.007352753,-0.07425503,-0.06572416,-0.0476599,0.019893631,-0.027071483,-0.06268975,-0.06930498,-0.04740875,-0.019178266,-0.053021677,-0.035648495,0.019325782,-0.038804308,-0.015472539,0.06355666,-0.04025567,-0.018938737,-0.059384674,-0.0087155895,0.005620914,0.017191062,-0.01832472,-0.0530657,-0.033865638,-0.0036179796,-0.07607529,0.02221149,-0.036744624,-0.048845533,-0.0670494,-0.012449932,-0.050682027
-0.069330566,0.015947279,0.032083124,-0.01578481,-0.049245868,-0.016892338,-0.025095373,-0.024703689,-0.029558476,-0.044986505,-0.009917619,-0.04125897,-0.06947596,0.012549458,-0.028922284,-0.045772556,0.029132849,-0.020038065,0.012391993,-0.0015047125,-0.033668164,0.020348739,-0.020339714,-0.035279084,-0.02965066,-0.046877824,0.037717808,-0.015797392,-0.030460896,0.007538465,-0.015593534,-0.009026081,-0.05912827
-0.068390064,0.03189633,-0.043710217,0.007956977,0.0725579,-0.011072934,-0.040723268,-0.0065071653,0.0014098943,-0.057994835,-0.0396993,0.047700863,-0.05383306,-0.020869296,0.014794665,-0.020718014,0.03676262,0.042471845,0.032240283,0.0007196814,0.02854334,0.018033935,0.023159724,0.017093992,-0.0016317288,-0.008370795,0.026744483,0.010457038,0.01428539,0.009248813,-0.006500868,-0.010360565,0.0077085923
0.07352363,0.045581277,-0.007320676,-0.02542588,0.057479013,0.014423594,0.00542584,-0.013869349,-0.0023700222,0.025386386,0.057189036,0.032999743,-0.047497578,0.021585425,0.017189382,0.039026715,0.016988141,0.017791037,-0.04736413,0.033021025,0.026237153,0.07378501,0.06803235,0.025120722,0.038535338,0.07241676,-0.044484723,0.06790077,0.0036238278,0.03968289,0.009476344,0.07869803,0.061295513
-0.08249573,0.022005754,-0.07058374,-0.07459821,-0.082388684,-0.07919922,-0.07581806,-0.04384802,-0.07288657,-0.07541256,-0.07825556,-0.07930558,-0.078986995,-0.053564303,-0.07259257,-0.07140337,-0.058357935,-0.08188617,-0.060005974,-0.08443703,-0.08929405,-0.0766238,-0.08554257,-0.034431722,-0.07071337,-0.07618504,-0.0727145,-0.06324467,-0.05711584,-0.06593345,-0.082897276,-0.07955265,-0.07727712
-0.03469242,-0.020316185,0.061235685,0.013895058,-0.013878266,0.032288503,-0.023595722,-0.016068378,-0.04683213,-0.0054685776,-0.015970977,-0.020162866,0.0083788475,-0.032160938,-0.015294529,-0.035884988,-0.034967627,0.01073678,-0.05391119,-0.002499915,0.07644297,-0.052633606,0.08407311,0.02558288,0.012180137,-0.040044874,0.023563785,-0.055998895,-0.005889076,-0.046213243,-0.010257117,-0.056215636,0.051213346
0.041395716,-0.05391648,-0.030874986,-0.067228615,-0.0727158,0.015785111,-0.015976937,0.031367194,-0.026043797,-0.0057386165,-0.04006741,-0.06803286,-0.05064355,-0.0090355845,-0.0019010039,-0.054449625,-0.062247407,-0.03550909,0.0050663576,-0.050961416,-0.046018,-0.06487174,-0.06913105,-0.042562194,-0.03846904,-0.071048975,-0.058123846,-0.038226366,0.0077104797,-0.044379875,-0.029854026,-0.059935175,-0.047263253
-0.021305896,0.017529724,0.019426007,-0.034374647,0.034496702,0.037669573,0.052311316,-0.058484875,0.011397271,0.02349395,0.013658734,-0.03413212,-0.034422174,-0.048252862,0.012954298,0.04507361,0.03636691,-0.017514663,-0.009471987,0.001449732,0.045905318,-0.04665085,0.003932199,0.020547042,0.014820715,0.053312108,-0.01932469,0.02862099,-0.013576135,0.04731776,0.02748217,-0.009677692,-0.049303945
0.05650662,0.088195615,0.07677182,0.0772956,0.08322147,0.08172608,0.079059616,0.08170521,0.07920876,0.07961096,0.08039631,0.079622425,0.08427834,0.082225434,0.07852904,0.07483413,0.07647466,0.08164084,0.079980075,0.08426438,0.089258894,0.079229295,0.08572754,0.08425605,0.08312049,0.077258304,0.09428598,0.085629,0.08023352,0.087959036,0.086769395,0.08298853,0.078480355
0.04760347,0.010472726,0.0038635954,0.05455183,0.055313252,0.06685921,0.04498968,-0.014457694,0.026868088,0.075651914,0.046339694,-0.024610851,0.03882322,0.028500361,0.061024114,-0.022689821,-0.02076585,0.05845407,0.017072992,-0.019328004,-0.05255552,0.027057674,-0.032693025,0.023161178,0.047918145,0.01011506,0.043613214,0.047188386,0.06950546,0.037327625,0.03198518,-0.02087856,0.06700929
-0.00039097696,0.056331765,-0.035614744,0.049284797,0.055575226,-0.0033979535,0.012637176,0.032512605,0.034369964,-0.039410353,0.024234014,0.045717582,0.0631598,-0.01379177,0.01037743,-0.05469257,0.06351721,-0.0013216751,0.06531018,0.07630391,0.08342901,-0.017835714,0.08377453,-0.037697464,-0.015270804,-0.064743236,0.009432712,-0.011209038,-0.058556303,0.010353741,0.079406135,-0.01582467,0.0002266101
0.054223675,0.062335834,-0.05241404,-0.0018894328,0.060744714,-0.008606049,0.03488203,0.026115634,0.0044091824,-0.027817164,-0.011322658,0.027267383,0.027133847,0.0017371136,0.024318859,0.0381595,0.03964513,0.03665275,0.022072004,0.05493616,-0.023855617,0.015143637,0.05950914,-0.026766658,-0.0075764055,0.05910656,-0.0016339206,0.02809328,0.008543975,0.02439944,0.035751604,0.05794889,0.06216994
0.009271042,-0.032110717,-0.031345427,0.013132831,-0.054174513,-0.027907388,0.0019283695,-0.010770725,0.029759388,0.034928672,-0.032771293,0.0059783394,-0.014042918,-0.06809641,-0.068363205,-0.069650926,-0.039173223,0.056197632,-0.00597655,-0.005811359,0.014276763,-0.04118934,-0.0072364053,0.02549377,0.0034128518,0.0069159297,0.00709049,-0.044202305,-0.0430536,-0.024353886,0.0033071428,-0.054862216,0.023074087
-0.04048399,-0.07344997,-0.03859154,-0.0010015022,-0.06998854,-0.039689485,-0.057130136,-0.03461612,-0.026831442,-0.06169658,-0.03809805,-0.059736583,-0.038614906,-0.06024485,-0.021314068,-0.06949876,-0.023747217,-0.051327642,-0.021618308,-0.05202672,-0.052569706,-0.064254984,-0.038250692,-0.034175005,-0.07045867,-0.020742156,-0.029598849,-0.0677241,-0.031974535,-0.056703303,-0.02486502,-0.068734765,-0.062822856
-0.04187521,0.0019328897,0.011790443,-0.032646634,-0.033470355,-0.015251264,0.031992186,0.039805185,0.053086422,-0.015281577,-0.011381453,-0.00097241823,-0.0055089374,-0.047781534,-0.033179678,-0.021185342,0.010144329,-0.0053043934,-0.029179446,-0.065233454,-0.037795823,-0.024439013,-0.036796775,-0.028544758,-0.006696265,-0.006282679,-0.047833625,0.04576857,-0.035031427,-0.0044469303,-0.038589224,0.010019482,0.0012555354
0.033045277,0.031726297,0.044801164,-0.03357322,0.0006363,0.05716408,0.058735464,0.014822619,0.028952835,0.06929843,0.049337506,0.022806834,0.003321915,0.013470494,0.042599227,0.049084943,0.008274989,0.043274414,0.04457245,0.05291233,0.0476479,0.039647423,0.021406516,0.06398795,0.059107922,0.03433213,0.019882957,0.0065058647,0.037808068,0.032395076,0.06973165,0.057662934,0.020462105
-0.026515039,0.087271005,0.0095724715,-0.04332113,0.038983427,-0.052927256,0.037934594,-0.023639109,-0.06549636,-0.01598449,0.021984192,-0.035811447,-0.030219425,0.04924254,0.004012479,0.05544199,0.04163981,0.033035144,0.009079159,0.011013667,-0.0032260339,0.04430342,0.06942558,0.047445405,-0.015640497,0.070957504,-0.060508765,-0.046144333,0.024169313,-0.055871908,-0.04862735,-0.011165683,0.0045102625
0.0771395,0.019448126,0.066304475,0.050041243,-0.025336834,-0.024402449,0.04614776,0.04273914,0.052318707,0.051340684,-0.010953995,0.047442578,0.009182824,0.03801017,0.06799857,0.044742044,-0.012232623,0.059580177,-0.00120204,0.012985006,0.015699424,0.004473317,-0.05123864,-0.062330145,-0.03655642,0.028087765,0.003334727,0.042867355,0.03167876,0.009264808,-0.031555057,-0.050371274,0.06794159
-0.0025384063,0.04612582,0.048474986,-0.041517664,0.038003802,0.039129134,0.012550038,0.04882839,-0.061993487,-0.01584898,0.07946287,0.06843915,-0.0016379985,0.036771465,-0.0042439085,-0.012499448,-0.0058004595,0.031286992,-0.0149191525,0.039187483,0.028064683,-0.051519826,-0.008125556,-0.04716762,-0.05191113,0.067799896,-0.033230994,-0.07954415,-0.02668884,0.07001564,0.071650565,0.0047526937,-0.0020238557
-0.0018350173,0.028164187,-0.053514425,-0.022958172,0.07940586,0.058863163,0.0180766,0.014068724,-0.030314116,0.07038268,0.0628988,0.07338802,0.010564096,0.05930042,0.05982199,0.0008402928,0.0643086,0.047686327,0.047098372,0.022955164,0.056720268,-0.014428663,0.07784659,0.07430232,0.07114942,0.03529619,0.08520095,0.080895945,0.075524375,0.0806521,0.05394172,0.06869073,0.030576166
-0.07689552,0.011024642,-0.020106541,-0.008440152,-0.04074767,-0.0060180314,0.009649444,-0.052329324,-0.063043825,-0.061879218,0.00023872733,-0.06433744,-0.054998472,-0.0706055,-0.04904472,-0.044754986,-0.047202,-0.041313425,-0.0669342,-0.03759034,-0.06563604,-0.005899868,-0.065023586,-0.038133364,-0.051015947,-0.054400425,-0.03801452,-0.047216672,-0.03938625,-0.036690485,-0.061437916,-0.058486782,-0.06944188
0.08315747,0.040822692,0.07454708,0.07579034,0.06900289,0.060640346,0.078232296,0.08241299,0.078922845,0.07768949,0.054322843,0.060825437,0.08120263,0.07660997,0.07810002,0.048848536,0.03401088,0.081188835,0.02908714,-0.013006806,-0.06993757,0.078067616,-0.044666473,0.08015649,0.07878215,0.0232204,0.08148592,0.085342616,0.05448498,0.01870383,0.04943247,0.07780046,0.07694749
0.061624005,0.04240961,0.02358166,0.022109592,0.016340107,-0.06857715,-0.045419708,-0.058696937,-0.05983388,-0.0018843885,0.06688854,-0.07590887,-0.008045681,-0.06827506,-0.06292185,-0.05357543,-0.07537366,0.05135299,-0.012222181,-0.044839367,-0.0016825153,-0.014191637,-0.06438182,0.07497674,-0.021248905,0.040892757,0.0020863954,-0.05263496,-0.070688136,-0.042622868,-0.0053041247,0.04609803,-0.009195695
-0.028622186,-0.027577931,-0.043013565,-0.011561223,-0.039418478,0.06254083,-0.0062266183,-0.017682787,0.034164663,-0.05381318,-0.03444878,-0.03749228,-0.05055515,-0.04197608,-0.040364202,-0.04053312,-0.04709708,-0.013321943,-0.06368528,-0.054742888,-0.06459474,-0.031398624,-0.059905164,-0.0009852349,0.031347197,-0.04904969,-0.024864974,-0.03233026,0.015009206,-0.01998348,-0.008555766,-0.008913968,-0.054166913
-0.07860837,0.004280993,0.010942419,-0.011608059,0.0065158657,-0.020238388,-0.047115233,-0.061356608,-0.05100713,-0.018633556,-0.007624502,-0.05922584,0.012543868,-0.06059111,-0.03421278,-0.048332456,-0.07068589,-0.023995748,-0.035950325,0.0014220547,0.049393978,0.012618873,-0.012553706,-0.062226646,-0.034949403,-0.030138325,-0.049232956,0.010518307,-0.026344871,0.00084593677,-0.0498581,0.031002091,-0.060665056
-0.00035064103,-0.07045941,0.054554,0.036812026,0.060180925,0.04018453,0.054390315,0.0027785706,0.060591932,0.0013781564,0.068310566,0.07422915,0.07298473,0.044470485,-0.042924248,0.067198396,0.06840843,0.06737428,0.035981372,0.049913973,-0.019622924,0.0362266,0.045107853,0.06630769,0.04882931,0.06659397,0.05857938,-0.01605637,0.06765109,0.028128192,0.058392346,0.047312636,0.057792556
-0.0017181188,-0.02650406,0.028155196,-0.057159957,0.051542148,0.004358597,-0.0017475457,-0.036017913,-0.032311298,-0.022245552,-0.028991034,-0.0018711307,-0.017353395,-0.018565513,-0.039701223,0.0071992,0.02143231,-0.0016361624,0.0014892282,-0.020660024,-0.038091473,0.013953253,0.05203859,-0.016794372,-0.020997124,0.041791894,0.009407064,0.036663383,0.023757607,0.038482826,0.008191095,0.009191467,0.032195285
-0.05448647,-0.08893928,0.03624049,-0.05271684,-0.03790158,-0.06279587,0.00471331,-0.055919666,0.059068725,-0.0079619475,-0.033463158,-0.056740522,-0.015986303,-0.061005484,-0.04833897,-0.05095465,-0.055807926,-0.060486082,-0.03067658,-0.058893938,-0.034126237,0.056674007,-0.029209848,-0.061430044,0.047640264,-0.04745935,-0.029419385,0.005354851,-0.014637494,-0.034575168,-0.067933865,0.016766924,-0.045100346
0.022241814,0.06352626,-0.05747867,-0.0020932562,0.021582589,0.05473845,-0.07103612,0.024683073,-0.0711742,-0.010927969,-0.030637445,-0.0062659527,-0.02399527,0.014070619,0.005371645,-0.0321724,-0.054003526,0.06323751,0.07565191,-0.027519014,-0.026770234,-0.05176353,-0.026450628,0.020138452,-0.015314789,-0.04179677,0.0223623,-0.05764605,-0.037738513,-0.005926337,0.03943039,0.04575197,0.023583744
-0.0159371,-0.0035230112,-0.009133428,-0.022954794,-0.01820478,-0.042775404,-0.06159692,-0.058524024,-0.046265326,0.006636133,-0.0626246,-0.060795125,-0.04117095,0.031369597,-0.00049796846,-0.0059221443,-0.06608636,-0.051887833,0.0015623921,-0.038290214,-0.01918148,-0.05874897,0.0016839047,-0.025322052,0.018392157,-0.002411367,-0.08441355,-0.0046061515,-0.036685266,-0.04567882,-0.0029930298,0.038949475,-0.054361116
0.069647804,0.048501663,0.06775758,0.041797217,0.033441782,0.0072251284,0.039685022,0.0657474,0.069325164,0.022663757,0.0016574807,0.06109908,-0.014455688,0.049016602,0.042851698,0.011343327,0.050277367,0.06531146,-0.013508607,0.039085336,0.031968247,0.06731846,0.04551231,-0.009719315,-0.00044498395,0.031878173,0.00038497293,0.018679053,0.022469886,-0.0020692146,0.037834555,-0.0047583166,0.07498407
0.028750971,0.00092634966,0.065263815,-0.032873742,-0.0764943,-0.025446491,0.06388467,-0.06501554,0.07606728,0.050252307,0.047355756,-0.025743335,0.05328013,0.03809197,0.03026018,0.03818468,-0.06907344,0.044358134,0.0030369859,-0.056408912,-0.005338909,-0.0002433519,-0.049152464,-0.003614475,0.017913073,0.039742965,0.033632614,0.021626985,-0.015674971,0.0020234983,-0.0041912333,-0.05588314,0.020467237
0.009388144,-0.024640134,0.022263901,0.0005224682,0.017528115,-0.025128692,0.010676335,0.012214881,0.042127267,0.037025083,-0.04220776,0.008328131,-0.0006780384,0.025387915,-0.002741276,0.04373463,0.026551811,-0.009948865,0.012333818,0.045771558,0.015399288,0.032645002,0.021882689,-0.016193597,0.044698983,0.014198451,-0.044901785,0.047979575,-0.027424969,0.03428756,0.014262093,0.04589908,0.021135475
-0.017324874,-0.08303952,-0.055700902,-0.06872256,-0.046062235,-0.05383917,-0.02510391,-0.009637786,0.055627428,-0.06776839,-0.05407593,-0.009154373,-0.024597595,-0.043593887,0.0054185553,0.0074207047,-0.040795293,0.044900205,-0.06264686,-0.07486098,-0.069007985,-0.055765558,-0.06778346,-0.009931038,-0.028433526,-0.069767274,0.018828673,-0.02879899,-0.026869014,-0.07984161,-0.074293256,-0.0647198,-0.01549965
-0.039936714,-0.051711336,0.057048578,0.044426396,-0.04576129,-0.045432385,-0.04368088,0.0029045383,-0.023523612,0.021738231,-0.04376166,0.0064431126,-0.06661796,-0.013130803,0.026556566,0.028683543,0.052454043,-0.05425698,0.011250209,-0.061109845,-0.05659778,0.06480241,-0.030199455,-0.030563463,-0.026886992,0.04339377,0.00796322,0.030202482,0.03993871,0.048914406,-0.038579997,-0.046487045,-0.075318724
0.023706794,-0.039162185,0.0011939858,-0.050401643,-0.059576377,0.007963352,-0.061613575,0.0069743427,-0.033471297,0.027716292,0.014300445,0.005081064,-0.022833629,0.049031254,-0.056368314,-0.02474129,-0.03137222,-0.003177459,0.0053332965,-0.010146154,-0.0053854217,-0.06109106,-0.06002024,0.03422876,-0.061182503,-0.03356789,0.026638987,-0.06027308,-0.04747593,0.017692128,0.03706874,-0.044105206,-0.013732882
-0.0023345745,-0.023321195,-0.047472563,0.002448865,0.047136787,-0.036556255,-0.0378935,-0.027246386,-0.0441832,-0.057588764,-0.00694958,-0.024347877,-0.06671446,0.025647622,0.0015077884,-0.06187287,-0.02435374,-0.013038869,-0.013139692,0.024372006,0.0026849406,-0.024728846,0.047029067,-0.024137164,-1.130878e-05,-0.023280721,-0.049942296,0.046865195,-0.031347804,-0.039153136,-0.015826497,0.03062359,-0.01915558
0.0647823,0.055321913,-0.021380827,0.040125273,0.04216549,0.04483155,0.038350806,0.03890014,0.014594898,0.06397774,0.05350228,0.019777007,0.044677667,0.02086127,-0.043771602,-0.0152813615,0.021125464,0.042876385,-0.0023264934,0.018719038,-0.04683265,0.02329501,0.033884604,0.029705329,0.022837551,-0.038371317,-0.011325286,-0.014343225,0.009297402,0.030323744,0.029269768,0.035967626,0.021795468
0.014647934,0.025128243,0.052101642,0.04836878,0.06175036,0.02417546,0.026176881,0.06872409,0.027101856,-0.045295734,0.0134159,0.042974617,-0.026293349,-0.04722445,0.02473933,0.030218689,0.045901246,0.069238134,0.0040494045,0.01646701,-0.06343305,0.03998448,-0.011683874,0.00088035327,0.030975688,0.048782647,-0.009642492,0.025550818,0.028894063,-0.044039264,-0.018113023,0.037903957,0.031282436
-0.032423288,0.057491902,0.06953011,-0.015771225,-0.06862507,0.049639516,0.07307788,-0.045277372,0.06472802,0.036907215,0.05974676,0.034428194,0.05391216,-0.0065146154,-0.02978293,0.07306942,0.026849518,-0.0685188,-0.01601928,-0.0020858627,0.060155474,0.04077536,-0.06865951,0.025910687,0.05224564,0.023056906,-0.0039468487,-0.030643893,0.05545669,0.045240875,0.03156351,-0.039829783,0.0092381695
-0.054340016,-0.033350155,0.000902587,0.0024636362,0.0741295,0.029047387,0.030376023,0.05823289,0.002655041,0.06532468,0.035046913,-0.005261338,0.015371381,0.06679158,-0.0032834895,0.03264683,0.0028976055,-0.008760148,0.028854562,-0.013348047,0.013308616,0.066096015,-0.059550203,0.047103874,0.03523242,-0.017014543,0.07689729,0.01243362,0.011087943,0.052822918,0.04691698,0.060885757,0.03155666
-0.00030977343,-0.008837079,-0.01240469,0.03036904,-0.048037402,0.061148692,-0.05988778,-0.014318384,-0.053894453,0.053854827,-0.052258566,-0.015422647,0.071618766,0.060531605,-0.011507378,-0.019864786,0.048414983,-0.06304904,-0.0025578083,0.037997592,-0.020821748,0.071501106,0.012017681,0.015147907,-0.057587847,0.01122538,0.05389251,-0.028510483,0.043542292,0.06355083,0.06662338,-0.013927196,-0.0070773186
0.06267479,0.056690913,0.01496274,0.021893628,0.013258197,0.020855743,0.022358526,0.05884547,0.051485557,0.01982837,-0.042353,0.039004173,0.06622791,0.038593788,0.044131003,0.023645012,-0.033662777,0.060309958,0.039849237,0.029904382,0.034998138,0.045494694,0.052230872,-0.011095729,0.014081407,-0.024922198,0.0040331753,0.022805894,0.0110986065,0.045056626,-0.01060852,-0.018319283,0.06381234
-0.055339143,0.025404667,-0.01798629,-0.049764138,0.0072070286,0.047977973,7.004782e-05,-0.023759112,-0.055574212,0.05064384,0.063478366,-0.011461111,-0.040981084,0.06818053,-0.0040625157,0.07144901,0.07299381,0.033621434,-0.055935968,0.06712329,0.075798064,0.06396832,-0.04296629,0.0100585185,0.04226322,0.013105618,-0.027578127,0.06441274,-0.056550983,0.057221133,0.07747317,0.06159596,0.04969274
0.066489026,0.06490765,0.027803203,-0.048489667,0.035966508,-0.025319938,0.04355943,0.045993198,0.06196538,0.05552454,0.060692307,0.015085551,0.06203591,-0.03541251,0.032700628,-0.0014527398,-0.0028894548,0.026503146,0.0358518,-0.027768625,0.040680822,-0.008041445,0.055064905,0.0726124,0.056082793,0.0082722735,0.07010041,0.03732509,0.049707685,0.07059791,0.01358393,0.04893668,0.06271549
-0.0054019215,0.017552895,-0.035995007,-0.0318356,-0.022216745,-0.027132444,-0.02766809,-0.023807906,-0.012615663,0.0019143983,0.005627485,-0.043330166,-0.040124696,-0.011395797,-0.067350425,0.007313885,0.016057428,-0.034110393,-0.015163738,0.017796887,0.015302842,-0.011705099,-0.010303402,-0.012652409,-0.034478854,-0.037735246,-0.025079265,0.020347798,-0.01875528,-0.038776398,-0.046080206,-0.020464344,-0.030560112
-0.06638552,-0.03400439,-0.03460709,-0.04745084,0.011893674,0.02053556,-0.018538518,-0.04964079,0.021027574,-0.056231108,-0.030075755,-0.043944396,-0.04135019,-0.053292308,-0.041058388,-0.052570816,-0.04887057,-0.04844337,-0.00938034,-0.04401872,-0.05837142,-0.017277058,-0.0128713865,0.022155391,-0.024553197,0.024132444,-0.019028706,0.029649692,-0.030925395,0.014859984,0.024060247,0.0034902105,-0.032175273
0.01770542,-0.0007071297,-0.00792125,-0.0023165257,0.009776137,-0.048348997,0.06313389,-0.038891904,0.049551707,0.035043374,-0.074329585,-0.047219075,-0.015508625,-0.039775074,0.039718725,-0.068712875,-0.06457778,-0.008583875,-0.07438783,-0.06643939,0.01441231,-0.06795489,0.051256463,-0.021722531,0.07792984,-0.050729122,-0.06255058,0.050142393,-0.042485833,-0.033831745,-0.077028625,-0.030000644,-0.061608873
-0.0048034554,-0.03066151,-0.06674794,-0.03504259,0.013105688,-0.02486565,-0.029816408,-0.050897017,-0.06953874,-0.010146369,-0.00911713,-0.07003572,-0.04852554,-0.0059388736,0.015932875,-0.06519703,-0.07205881,0.016591689,0.070613794,-0.06539758,-0.05374415,-0.04347439,0.01247275,-0.03266377,-0.05432633,-0.016816376,-0.03384833,-0.039198037,-0.044556055,-0.042408787,-0.034371108,-0.062639534,-0.04769664
0.03380909,-0.0015235262,0.043352485,-0.032694064,0.06857778,-0.07301073,0.061340474,-0.025329305,0.043875597,0.016386716,0.051046263,-0.0056219585,0.05323517,-0.005826834,-0.053047758,-0.0029138247,0.023580523,-0.04283292,-0.017498652,0.05424455,-0.028679818,0.072830305,-0.021183476,-0.052946776,-0.009760345,0.019639043,-0.046172105,0.030312918,0.018447325,-0.065611735,-0.0068790163,-0.07109879,0.020946434
0.029668732,-0.02119866,0.0273005,-0.010385739,0.034616612,-0.0452198,0.058466252,0.023602117,0.011579468,-0.008569366,0.012346051,-0.024215415,-0.010619266,-0.07302308,-0.053444944,0.046725154,-0.028870132,0.052420318,-0.029350767,-0.018373564,0.0016450656,-0.021972876,0.01817761,-0.074943624,0.0080808615,-0.05683333,-0.034931146,-0.014403996,-0.029285757,0.0014078773,-0.0017706231,0.011662431,-0.037808992
0.021220746,-0.06408469,-0.02215161,0.02381517,-0.06975463,0.040163353,-0.007005016,0.055909403,-0.040100936,0.01250783,-0.0636514,-0.017130757,-0.016439863,0.06276106,-0.0121253235,0.017199952,-0.009165714,-0.0023167047,0.008120494,-0.062474485,-0.069406286,0.040677797,-0.05484485,-0.021725187,-0.037959326,-0.009922132,-0.04915151,-4.2733136e-05,-0.039338026,-0.033198897,-0.0635184,-0.037886523,0.014574817
0.041584138,0.023176637,-0.07578676,0.017082054,0.043056857,-0.05659132,-0.030859634,-0.063725084,-0.045770664,0.05828419,-0.010943705,0.001351978,0.008365056,-0.07944628,-0.059275243,0.016098361,-0.074408695,0.059456047,0.06981358,-0.053966034,-0.0075074313,-0.074513175,-0.04429958,-0.057084102,-0.06552107,0.05113501,-0.04822787,-0.07715012,-0.07578973,0.036383536,-0.0062109455,0.014678664,0.037090477
0.069336325,0.06505803,0.07488865,0.05769068,0.07841188,0.07740623,0.06693685,0.0741887,0.07531984,0.07284648,0.058217987,0.072998144,0.07237187,0.057154465,0.073533185,0.07166558,0.06925993,0.0702133,0.054231055,0.06408495,0.08391766,0.07131028,0.076986365,0.071245596,0.07890432,0.0698778,0.05365383,0.07810147,0.0633889,0.08227374,0.07974608,0.06500116,0.06953288
0.047896065,0.071980074,0.013513651,0.07375311,0.03080709,0.037056036,0.048499722,-0.021447085,0.03951314,0.07260917,0.067041695,0.063796975,0.057119396,-0.0045642066,0.035422236,0.07444005,0.038534027,0.051856603,0.0012335409,0.022349307,0.056129556,-0.0075201113,-0.02627831,0.06365867,0.07528841,0.060952473,0.04342427,0.038182687,0.042009983,0.041625943,0.025463462,0.022168424,0.06512156
0.0018775002,0.039210904,0.010781062,0.021700528,0.012255234,0.017820358,0.031898152,-0.006180778,-0.006400782,-0.017070027,0.06246316,-0.036044452,-0.018357957,-0.012050741,-0.059274048,-0.028988156,-0.042690143,0.020990182,0.00849308,0.027478619,0.013225571,-0.020784736,-0.019905146,-0.048909724,0.052344188,0.05772797,-0.05549265,0.031025428,-0.037669808,-0.019035265,0.04350587,0.035066202,-0.041326277
-0.06825593,0.041930918,-0.04043155,0.015369446,0.02338609,0.012347744,-0.05802294,-0.034068927,-0.050949976,-0.06776445,-0.04354523,0.006858957,-0.03374488,-0.03382109,-0.059292097,-0.034328148,0.0127555495,-0.04438972,-0.056416098,0.030830905,0.017002467,0.031459596,-0.0287226,-0.00071319065,-0.019836854,-0.060896125,0.032378644,-0.022806274,-0.0467687,0.006146622,0.0351742,0.00946457,-0.07132249
-0.05750965,0.0023055994,-0.061710864,-0.051033854,-0.016270306,-0.054439276,-0.055612907,-0.06645811,-0.015771614,-0.043696214,-0.027008163,0.013110923,-0.022315802,-0.024450108,-0.018896464,-0.04431369,-0.022428725,-0.033909522,0.0016015156,-0.067603454,-0.056235302,-0.01944672,-0.025654472,-0.03559866,-0.04247656,0.021412082,-0.021828936,0.024698405,-0.042742405,-0.032680225,-0.013019948,-0.01748021,-0.051321603
-0.008738179,-0.036177624,0.033000216,-0.00825024,-0.047801938,0.008819687,0.057538744,-0.0627952,-0.020567445,-0.003327845,-0.015302771,0.007092253,-0.03503468,0.039227955,-0.007982766,0.040603653,0.059738617,-0.026850156,0.055844855,0.04834997,0.056028027,0.036732648,0.05778936,0.011088705,0.02683248,0.015200423,0.014258763,0.03206507,0.015987413,0.04391814,0.04150321,0.04379728,0.020589273
-0.06435384,0.05731983,0.021461539,0.031770185,0.026203703,0.0071089105,-0.048359815,-0.016810203,0.026859928,-0.011255119,0.023935575,0.051953536,0.05066996,-0.06356736,-0.04759852,0.042454395,0.07216587,-0.038632605,0.03948679,0.028275387,-0.017118003,0.023947299,0.036187053,-0.0065146955,-0.07418576,0.037722785,-0.056727573,0.04786753,0.064447634,-0.06010326,-0.015058007,0.014453923,0.0581988
0.05839526,-0.020513842,0.004706317,0.026985168,0.0392982,-0.012465174,0.04441503,0.037565567,-0.0066469135,0.04667593,0.010393711,0.044796575,-0.029391995,-0.0015861524,-0.010527222,0.040758718,0.02692793,0.044908203,-0.020749265,0.014203753,-0.030865656,0.046623524,0.03098706,-0.01746889,0.028620949,0.05729242,0.0014890962,0.05946156,0.031287555,-0.033059627,0.009414646,0.07019199,0.03704733
-0.01824734,0.031532485,0.050764967,0.035874963,0.040509652,0.054814525,0.0047305324,0.003834844,0.029069329,0.017346084,-0.023653805,0.030620228,-0.040538445,0.065342166,0.07557872,0.0502958,0.04576415,-0.066138364,-0.017694574,0.05259646,0.03679044,0.07183924,0.074105315,0.053054057,0.05215056,0.061478823,0.06507875,0.06082788,0.0783807,0.012332877,-0.035322376,0.062181,-0.053545926
-0.076623365,-0.018646933,0.0686112,-0.053241536,-0.027186422,0.010763824,0.050699625,0.022106197,0.04338621,0.047977608,0.022578666,0.027769458,-0.024538668,0.072414584,-0.025016867,0.0002825953,0.07248322,-0.007855862,0.03301954,0.047308844,0.036563046,-0.013338953,-0.058191564,-0.030432232,0.024089389,-0.04977219,-0.057746228,-0.008430854,-0.0043043136,0.026025921,0.02509296,-0.040947285,-0.021274077
0.040082056,0.008173019,-0.008951617,0.017786112,-0.06788037,-0.02360269,0.019179786,0.025429837,-0.052261703,0.006755991,-0.07447405,-0.06775379,-0.048957057,0.053743117,0.0016036732,-0.07134996,-0.07653334,-0.011236028,0.012552154,-0.07867796,-0.0501889,-0.06674918,-0.022273343,-0.032255698,-0.016509138,0.007411593,-0.081083104,-0.03467778,-0.05246872,-0.0806397,-0.08434766,0.04982775,-0.07641528
-0.057968486,0.0057967277,-0.011650472,-0.031670682,0.019781565,0.06420086,0.0061186273,0.0061758226,0.060430873,0.0055043134,0.0683019,0.03712559,0.0027763336,-0.0390876,0.003342625,0.023169575,0.073079,0.06383996,0.057120185,0.04759197,0.0631528,0.07829694,0.058723863,-0.05972823,0.004114476,-0.024338793,0.0295239,0.016137078,0.073280446,0.029869895,0.014933714,0.030223338,-0.0018272429
-0.00014106902,0.05050893,0.05709742,-0.008881504,0.046527304,0.02440313,-0.017291687,-0.022001278,-0.040262137,0.043784615,-0.044174206,0.038755983,0.060217254,0.024889145,0.05948607,0.033460073,0.009287695,0.055101566,-0.017661134,0.060191654,0.022450827,0.03373565,0.055132564,0.052492425,0.0332079,0.053574573,0.053153493,0.065435946,0.073486835,0.07779287,-0.024476541,0.04577772,0.0616813
-0.048249695,-0.022088807,-0.042025432,0.026299171,0.0075777634,-0.0092139635,-0.012707665,-0.043258812,-0.05244066,-0.046574965,-0.022133697,-0.024299467,-0.03553535,-0.047532085,-0.038197916,-0.023012761,-0.019050382,-0.010673711,-0.049397342,-0.024204994,-0.0042124293,-0.017758213,-0.059575044,-0.021433244,-0.025306886,-0.010219739,-0.011204294,-0.06201251,-0.007364674,-0.0045660227,-0.032850627,-0.06792331,-0.0033946473
0.08127504,0.0885962,0.07631754,0.06656716,0.078729086,0.045453306,0.078388095,0.08089502,0.078607075,0.07849761,0.064711355,0.07131883,0.071704336,0.073470026,0.07355427,0.07016811,0.05826522,0.0732994,0.07331799,0.024019115,0.015287166,0.05152183,-0.011233091,0.076277316,0.08007683,0.066270806,0.010459743,0.07643149,0.07386011,0.06460358,0.06583675,0.07263032,0.073908515
-0.04915407,0.034047525,-0.069043644,-0.00967604,-0.009127533,0.062487602,-0.076704085,-0.03343656,-0.031644728,-0.07507386,0.070147194,0.07544411,0.018118974,-0.043641962,0.01967987,-0.06849431,0.009335098,-0.043255933,-0.03597409,-0.062117662,-0.008766785,-0.07089268,0.014561617,0.030743463,-0.06220163,0.05402004,0.015177379,-0.04197505,0.048843063,0.02761029,0.07484425,-0.024178037,0.015805988
-0.004522605,0.025076844,0.012789348,0.0050345697,0.05745358,-0.004150864,0.04932643,0.037813116,-0.015181532,0.028126542,0.016282003,0.034103323,0.01997877,0.020193335,-0.019854164,0.04205951,0.0508521,0.0032837444,-0.0368286,0.048985463,0.067562535,0.0030319714,0.017906506,0.016542897,0.06397564,0.014108152,0.06092558,-0.00658728,0.04528948,0.04213759,-0.020115621,-0.054677967,0.005767211
0.035651565,0.03943738,0.0014910201,0.044680312,-0.009880544,-0.04548464,0.031835325,-0.0024377129,0.011430609,0.0024309203,0.04084957,-0.0065263375,-0.02519101,-0.05631352,-0.025817007,-0.014645107,0.032338075,0.04563851,-0.010057791,-0.024744023,-0.0421294,-0.000921871,0.017152151,-0.02975743,0.056006525,-0.038865536,-0.007738365,-0.015965192,0.032985806,-0.041198958,-0.038880475,0.018364104,0.02118609
0.0019968103,0.027069546,-0.057117566,-0.03212238,-0.021323329,0.06396194,-0.027410194,-0.019534238,0.013352575,0.072282866,-0.029418811,-0.01446658,-0.0749477,0.00774142,0.0047397553,-0.019743135,-0.007384843,0.06542084,-0.0237316,-0.061690703,-0.034920573,0.03168479,-0.014141072,0.011112736,-0.04899147,-0.030791795,0.06806503,0.00012243773,0.049690053,0.070795394,0.052978467,0.020948522,0.008725314
-0.009067132,0.007913504,-0.036515925,-0.06803965,-0.046603214,-0.036497746,-0.040561777,-0.02544104,0.05294184,-0.0038447771,0.027801562,0.036564454,0.0046255914,-0.014184142,-0.04386933,0.020744102,0.04249942,0.0635626,0.05316306,-0.053398594,-0.05547291,0.031310458,-0.06575114,-0.024187805,0.069380164,-0.03268177,-0.045858365,-0.02924637,0.03823053,-0.055266295,0.0014402439,-0.04593067,-0.0145480735
-0.05494523,-0.0017141675,-0.06468859,-0.05420128,0.023042232,-0.01445582,-0.07551302,-0.029945625,-0.06715426,-0.054810334,0.009057628,-0.06911867,-0.026665784,-0.028487016,-0.06652186,-0.016979499,0.007316449,-0.06014195,-0.06119186,0.0419823,-0.012243368,-0.00012090847,-0.040504705,-0.024979556,-0.082359985,-0.024196694,-0.042001843,-0.0028099723,-0.011578201,-0.026317341,0.016214265,-0.015593705,-0.06520193
0.01668876,0.06399409,0.028519087,0.047467798,-0.027548544,0.04978835,0.03677131,0.061210565,-0.007441278,-0.032052435,0.04847323,0.044058286,0.026077079,0.058607884,-0.032407776,0.07093923,0.03850274,0.054522056,0.018927993,0.049558833,0.020348923,0.023996074,-0.020692796,0.06380972,0.041343372,0.048100647,0.032706965,-0.007000824,0.029979788,-0.015023705,-0.022028264,0.050416697,-0.023463855
0.011255636,0.014993769,0.076197244,-0.023149999,0.033749234,0.04421105,0.06092035,0.039225597,-0.0041228784,0.0739502,-0.02883688,0.06482622,0.022779087,0.045541823,0.009933432,0.049217846,0.024538478,0.0011321204,0.012950488,0.06233611,0.06965552,-0.0343849,0.0636171,0.049493,-0.023982726,0.056888048,0.009531301,-0.003861517,0.040839747,0.016975401,0.05204386,-0.016568298,0.060062315
0.078276254,-0.087761246,-0.05329131,0.006359479,0.014282768,0.053179335,0.009818756,0.06635887,0.02228363,-0.02947681,-0.036064275,-0.02203955,-0.023637893,0.07252791,0.055031445,-0.058822926,-0.044505574,0.07296282,-0.067248605,-0.002379617,0.066785395,0.06996715,0.028141676,-0.028181069,0.04115951,-0.025086498,0.07479375,0.044095576,0.029101139,0.07022823,0.07739057,0.051175576,0.060140874
0.0038006273,-0.041993264,-0.032199576,-0.042546175,-0.06446925,-0.017718326,-0.01883724,-0.006822692,-0.059472706,0.007131982,0.04134181,-0.036708936,-0.023041688,-0.030779637,-0.0012206413,-0.010335502,0.0055943043,-0.0232766,0.020923115,0.017517833,-0.008368264,-0.036082186,-0.05870958,-0.06204414,0.00030784708,0.0046335226,0.009965266,-0.06221132,-0.040022593,-0.039850045,-0.03688398,-0.06821637,0.006243852
-0.029852366,-0.033700775,-0.03537841,0.04918444,0.0072695436,-0.045412585,0.0075317216,-0.014525188,-0.031355947,0.022634748,-0.044419453,0.015520023,-0.015447027,0.027043214,0.031189367,-0.05540264,0.02844509,0.01212319,0.07677811,0.0029363108,-0.008726395,-0.045484964,0.04340903,-0.061064932,-0.014914813,0.03273968,0.05838868,0.020389127,-0.04614323,-0.035200648,-0.042401426,0.03782175,0.0057945005
0.06781842,-0.060743053,-0.011741489,0.06939961,-0.0062776715,0.01762513,0.053345986,0.07643341,0.019407112,0.05726595,-0.03064258,0.0011295852,0.0010314529,0.038432647,0.026574502,-0.0038754921,0.040611885,0.07085604,0.05498707,0.044692103,-0.05282129,0.042493563,0.07077726,0.032064978,-0.0500265,0.00071576925,0.034024134,-0.02996687,0.0010448601,-0.037608057,-0.053590365,0.06556052,0.07382391
0.05642471,0.03213428,0.048501108,-0.02877203,0.029761245,0.0061349734,0.07025623,0.07947488,0.047283217,0.037245497,-0.043385327,0.047913894,-0.009689737,0.0717263,0.047986038,-0.048410743,0.06358177,0.0099685,0.07044555,0.06102195,0.01793424,-0.012324853,0.07624583,0.011234613,0.041437566,0.06407323,-0.01722058,0.079014994,0.047470022,-0.016283233,0.01375648,0.05347516,0.06730408
0.045370117,0.02717566,-0.06257088,-0.042746108,0.03349738,0.04503318,-0.027453126,0.014318636,-0.012368914,-0.0419612,0.052956156,0.008290497,0.06456169,0.05320739,0.015304558,0.05131269,0.07105766,0.04495981,0.056845143,0.043657176,-0.05442276,0.03163893,0.060164895,0.05105187,0.019510668,0.01364346,0.06719256,0.043621894,0.029415917,0.06578489,0.019909631,-0.00050644996,0.06785524
-0.044958618,0.0021399583,-0.059856284,-0.0114217,-0.014097598,0.05942514,0.0023452404,-0.010285752,0.046069715,-0.02224927,0.039133437,0.07068987,0.0013788599,-0.026681218,0.033095125,-0.02872841,0.06797258,0.026004253,0.060824383,0.015527419,-0.019333567,0.0053641973,-0.012984622,-0.046572756,-0.04319627,0.059427917,0.06774461,-0.012850657,-0.0015928369,0.001648847,0.044803068,-0.019427897,0.026877562
-0.040563032,-0.063346535,0.042253517,-0.055869192,-0.01776306,0.000121422934,-0.005019015,-0.03510456,-0.02756254,-0.05884669,-0.04899132,-0.06138983,-0.04047678,-0.06836475,0.022524055,0.030648058,-0.061676607,-0.040110826,-0.049967214,0.0023119836,0.049124386,-0.06392149,-0.025457889,-0.062297575,-0.030555908,-0.055134986,-0.010733314,-0.020961033,-0.073729515,-0.075983435,-0.073464476,-0.03515422,-0.031022208
0.021642547,-0.020231947,-0.0022843885,-0.07176791,-0.05607616,-0.006734191,0.056904066,-0.031105336,0.061355356,0.0478063,0.020150227,-0.029552065,0.04475534,-0.03687734,0.0018509309,0.0042610434,0.018538946,-0.025301864,0.010022847,0.028694184,0.030917482,-0.023369765,-0.06633677,-0.0167998,-0.03272458,0.028767936,0.058549974,-0.06157137,-0.073112324,-0.071638815,-0.017959269,0.04389295,0.038901147
-0.0049633784,0.01629034,0.02878467,0.0717058,0.053295072,0.028136477,0.058104493,0.067281626,0.0113219675,0.010846219,-0.011244663,0.05828725,0.048122738,0.012498216,0.05127114,0.025822869,0.061678868,0.057499763,0.05117303,0.07037043,-0.0029297362,0.0615679,0.077019356,-0.06475915,0.058178134,-0.0004949836,0.030317685,0.064604685,0.06774252,0.01240876,0.034371655,0.025107374,0.06518507
-0.07428979,-0.0009226099,0.048615046,0.030030973,-0.044211645,0.009917612,-0.00759261,-0.02314892,-0.032904416,-0.013707625,-0.0067458986,0.003672525,-0.022434251,-0.008220246,-0.019827053,-0.045269147,0.031692374,-0.05291013,-0.020399343,-0.035904814,0.0009631323,0.002589084,-0.038690247,0.02623193,-0.030673258,-0.05121252,-0.02566873,-0.04493254,-0.009010298,0.027892774,-0.0135862585,-0.024024764,-0.03720805
-0.033064675,0.008249016,0.014291915,0.056496546,0.079624586,0.020825755,-0.020624192,0.025952384,-0.058450665,-0.024736468,-0.033260617,0.01918557,-0.04717933,0.06522702,0.048424874,-0.06289004,0.046028208,0.06372101,0.06413147,0.033925205,0.048661336,0.029841546,-0.0066213473,-0.055697158,0.04281975,-0.018073194,0.029471612,0.025760049,-0.05698773,-0.020816121,0.064577244,0.05270462,-0.038305473
0.04300485,0.015778666,0.0447506,-0.040661205,-0.06519262,0.061666016,0.055138804,-0.038075447,0.05438353,0.007640065,0.040856943,-0.00920358,-0.05143371,-0.0010070193,0.031852048,-0.0056839273,-0.062108777,0.039661687,-0.0025726852,0.064066865,0.043128327,-0.03345348,-0.00853655,-0.0016332854,0.046880964,0.047820143,-0.009149855,-0.06785805,-0.023686945,-0.037998702,0.051390596,0.048352327,0.0028759171
-0.028386641,-0.042788878,0.07338426,-0.028649965,-0.05210727,-0.05263561,0.05770271,0.015872717,-0.018819159,-0.0069314414,-0.05076469,0.04633124,0.0007688222,0.046605874,-0.005129116,0.07104489,0.056761064,-0.02851905,-0.030337628,0.060034905,0.07717405,-0.0067005553,0.002202293,-0.045178574,0.036961824,0.05132844,-0.028140629,0.015839417,-0.027604027,-0.00971372,-0.016591651,0.030352714,-0.058905955
0.03025672,-0.048696946,-0.04609598,0.049740538,-0.0023536226,0.018927064,-0.009031743,0.06836947,-0.0164986,0.022328336,-0.036173817,0.017061163,-0.058318168,0.0552124,0.034465704,0.030711921,-0.06547113,0.06997668,0.02438979,-0.050685726,0.025177525,-0.07055536,-0.038902484,-0.049281415,-0.0074504726,0.046109583,-0.01685328,0.053122774,0.015163199,-0.026814975,0.0123488335,-0.040503286,-0.025743835
-0.006003428,0.04034987,0.038366176,0.010482821,0.05579288,0.017827496,-0.03179349,0.041679967,0.0102496,-0.03853912,0.047380053,0.07003297,0.012146717,0.048195466,-0.044631395,0.051375885,0.04349499,-0.069687426,-0.049416967,0.017658506,0.024160046,0.059818715,0.032914497,0.024460582,0.03902059,0.052253295,-0.020869011,-0.012186897,0.039383262,0.07015002,0.0729642,0.078571826,-0.023885405
-0.07450093,-0.025465654,-0.013123223,-0.015688073,0.032610163,0.033334333,-0.036378942,0.009045036,0.055765927,-0.024560733,0.05628663,0.068151265,0.025035825,-0.071473785,-0.010134144,0.015738444,0.07331398,-0.01896373,-0.006468642,-0.027554188,0.054398764,0.06594168,0.058120713,0.050296735,0.03603998,0.058449864,0.044653006,-0.011124503,0.037339155,0.014437864,-0.022167202,-0.007884185,-0.05020895
0.050909888,-0.0117519945,-0.07072502,-0.062904835,-0.04703322,0.0012851043,-0.06588806,-0.063925646,-0.061700717,-0.075813964,0.023004048,-0.043831386,-0.009148542,-0.05686649,-0.049395144,-0.055826645,-0.06590034,0.047397528,-0.0046371175,-0.048206832,-0.024984607,-0.032892913,-0.058778495,-0.028489549,0.016816173,-0.027539387,-0.052548096,-0.057740327,-0.030134903,-0.0633673,-0.020878728,-0.042363696,-0.057399668
0.03245487,-0.0004859969,-0.056682028,0.07505777,0.020915061,-0.07936384,-0.07679793,-0.05014191,-0.056777526,-0.010678794,-0.06727768,0.07016696,-0.017561877,-0.0324019,-0.03377113,-0.066401064,-0.063983925,-0.033244822,-0.04156908,-0.06748872,-0.015790794,-0.04367009,-0.08495378,-0.0068917447,-0.036237966,-0.043338902,-0.070625186,-0.041173168,-0.03814521,-0.057261165,-0.02695502,-0.048225146,-0.043532938
-0.043132048,-0.02806012,-0.06198959,-0.01801023,-0.015091463,-0.0020721115,-0.003066399,-6.465551e-05,-0.004827311,-0.04591458,0.041191496,0.04247199,-0.048336532,-0.050532773,-0.07542205,-0.05507533,0.07010116,-0.053149797,0.0033480385,0.0011473838,-0.023398856,0.031825047,0.031575244,0.046775643,-0.06630072,-0.019142503,0.0031577977,0.051357776,-0.040018346,-0.018858485,0.054175608,-0.0018107388,-0.027940752
0.044776335,-0.011732046,-0.05785905,-0.043122195,-0.0018417145,-0.051926162,-0.026678752,0.056643352,0.041861128,0.0079719415,-0.06465733,0.007968642,-0.023468887,-0.029095385,-0.033225723,-0.05021779,-0.012032076,-0.0063826237,0.009777963,-0.039459586,-0.02095712,-0.051248822,0.041268464,-0.022968857,-0.05980273,-0.05435378,-0.0068306504,-0.013572345,-0.00041745583,-0.005182591,-0.05635563,0.040157333,0.031039795
0.02784806,-0.04622828,0.044943474,0.059472084,0.049925923,0.049360663,0.036762785,0.017466897,0.015660092,0.06510446,0.047424152,0.0010270152,0.03279069,0.0060202964,0.072774485,0.039721448,0.07471836,0.06328557,0.03583542,0.046631742,0.07584911,0.02499276,0.08561812,0.02665666,0.032480318,0.049801484,0.06943336,0.018298434,0.05535403,0.039398436,0.00030015365,0.066872716,0.065411314
0.083171904,0.08773571,0.07240766,0.07198645,0.08258477,0.083494395,0.07967145,0.0802684,0.07647638,0.07859439,0.07975122,0.07870963,0.08314039,0.07773483,0.06837425,0.072975785,-0.025679315,0.07687211,0.04640338,0.07717227,0.062375836,0.065915294,0.037415244,0.0772808,0.08188672,0.07558852,0.07234684,0.06308394,0.06822774,0.086461164,0.086880244,0.07166513,0.07805388
-0.025397412,-0.017431965,-0.009580642,-0.022412544,0.017573647,0.0037367537,0.02692663,0.0072124377,-0.02100177,0.044045232,0.034885537,-0.0017378516,0.0131733995,-0.043399945,-0.030040735,-0.0038743955,-0.029400157,0.03311696,0.036351286,0.0077183014,0.024249908,0.0011380918,0.033631686,0.016469797,-0.010085332,-0.022874855,0.025087515,-0.0025485964,-0.040492866,-0.005979,0.019329775,0.063669816,0.03615637
-0.047133755,-0.04271529,-0.07470061,0.040127944,0.0061842585,0.03964573,-0.052097384,-0.019322587,-0.042677544,-0.059669837,0.06861736,0.05767091,0.0050776186,-0.05038188,0.044030882,0.04328865,0.06289669,0.062380992,-0.016144026,0.013973076,-0.049200654,0.0076846043,0.021167992,0.037455592,-0.019366644,-0.042025015,0.039057802,-0.04033887,0.015995184,-0.035539046,0.02701579,-0.041373454,-0.029765273
0.0035013452,-0.038119707,0.0573724,-0.027451271,0.07239433,0.060212377,-0.039833903,-0.025911778,-0.05733,-0.026884433,0.067800075,-0.036361825,-0.040785737,0.020425336,0.049211204,-0.02285123,-0.07173204,-0.011137313,-0.0015001034,-0.044497035,-0.036626067,-0.052771505,-0.07213317,-0.0054122894,0.019985465,0.014872116,0.03008685,-0.07588303,-0.07557334,0.06973884,0.052846037,-0.048679702,-0.008375145
0.02618916,0.036429457,-0.028734345,0.018884784,0.051098246,0.05215562,-0.03234784,0.013269753,0.052582342,0.028841466,-0.05254631,0.07630963,-0.03173124,0.05993425,0.058365647,-0.014090081,0.032212343,-0.03452245,0.018914433,0.047314398,0.015382674,-0.009436283,0.0059674648,-0.0067430744,0.04789052,0.00721372,-0.033998683,0.0011703596,0.07678571,0.036766235,0.06597526,-0.008612031,-0.019693865
0.059847817,0.002118686,0.019762596,-0.022755677,-0.031636663,-0.041343313,0.026622033,-0.030012777,-0.0051536416,-0.026752047,0.03283134,-0.033234302,0.016480489,0.03890739,0.035337403,0.041671164,0.050954074,0.022872692,0.026987832,0.029156998,0.026360327,0.038325172,0.01663498,-0.0220486,0.018891707,0.032672573,0.04808854,0.0014229141,-0.020199066,-0.024049893,0.0047321054,0.017859671,0.029228574
0.031186273,0.04831001,-0.033049434,0.051454917,0.043165226,0.065778725,0.021056034,0.035806835,-0.06311894,0.04346033,0.060747594,0.02869303,0.07469585,-0.035879776,0.037548453,0.0034930988,-0.07021988,0.039348833,0.07600599,0.03725555,-0.0005148516,-0.051500514,0.0072485306,-0.020224271,0.056084957,0.068288036,0.012714118,-0.0022878053,0.06256821,0.058767714,0.07068872,0.045744818,0.076169096
0.025834529,0.028369622,0.046871502,0.0049324487,-0.03146412,-0.06970995,-0.026396485,-0.021187581,-0.0059393113,-0.020206388,0.010000042,-0.014709412,0.053215597,-0.054060433,0.036829885,0.06576764,0.056417093,-0.045771305,0.0006542865,0.04845388,0.06305838,0.04103361,0.044023782,0.044740736,0.0046956674,0.06560336,-0.013261857,-0.03690403,0.07058633,-0.021948868,-0.017386528,0.057441253,-0.026623039
0.04256199,0.04364008,-0.07291424,0.038348276,-0.022076096,0.065464586,-0.058145855,-0.069320284,-0.04545957,-0.032626115,0.07971922,0.035740342,-0.036580965,-0.064171344,0.032205064,-0.056546435,0.0008554992,0.049421467,0.07463925,-0.049218543,-0.011859065,-0.037113685,0.02238034,0.067473315,-0.07050651,0.07417284,0.021708094,-0.06834718,-0.0361231,0.08651323,0.08209918,0.056282967,0.035347022
-0.013760616,-0.042572524,-0.031240238,0.063994326,0.0074772416,-0.025281077,0.06800287,-0.05722481,-0.0045037298,0.06856666,-0.027277332,0.00027013698,-0.05663033,0.019572068,0.068887115,0.039577805,-0.012654929,0.06340693,-0.02119637,0.008561117,-0.0042503593,-0.06220271,-0.019627666,-0.01772904,0.07529097,-0.06701304,0.0540429,-0.063986145,-0.0064375247,0.0030757156,-0.016694194,-0.029142603,0.04998964
0.04056756,-0.0015433911,0.0002442393,0.03200785,0.025239512,0.002269263,-0.04527672,0.033507805,0.026868155,-0.00045781137,-0.015589356,0.016856652,0.013516261,0.072493784,0.06301366,0.012481433,0.013517255,-0.0043364726,0.04577945,0.025404524,0.05728812,0.010309292,0.025842512,0.037419938,0.011334509,-0.01676402,0.015167361,0.0097402185,0.019972196,0.009790977,0.032479234,-0.00824841,0.0036585447
-0.024380587,0.042881295,-0.05409602,0.025082674,-0.05283391,-0.078910835,-0.058184948,-0.07495634,-0.06170229,-0.028332932,-0.07005045,-0.032630075,-0.02276034,-0.07018029,-0.0314599,-0.06529549,-0.04661105,-0.04294251,0.00396356,-0.029948898,-0.06974106,-0.06996453,-0.019966071,0.047192767,-0.045107458,-0.02609778,-0.06442599,-0.035064477,-0.045319624,-0.062810384,-0.040525004,-0.009115296,-0.0625668
-0.083016805,-0.08155319,-0.040659845,-0.0736296,-0.055441067,0.06525606,-0.058006097,-0.05844495,-0.025115404,-0.06394357,0.05382547,0.001808252,-0.06812473,0.0046261637,-0.07217683,-0.06737926,0.057829853,-0.0070281364,0.051283516,0.030764723,0.07349494,-0.02395823,-0.0028027808,0.045583565,-0.03486911,-0.039955277,0.05591694,-0.07815711,0.06944206,0.07538999,0.03597593,-0.07804095,-0.015848894
0.042228967,-0.035375327,-0.016651167,-0.009602633,0.010415826,-0.028804304,-0.023236485,-0.015356259,-0.0131131755,-0.045054246,0.026686829,-0.0022887117,0.013988987,0.045702584,0.043822076,0.02661901,0.041714933,-0.038401056,0.019760244,-0.0047579994,-0.0042956267,-0.03222847,0.01108508,0.0049728407,-0.011958011,0.014643509,0.07155931,0.013715012,-0.024771325,0.0018507657,-0.03032566,-0.05762616,0.013463556
-0.023596065,0.057265367,0.06325351,-0.0079834005,0.00085842353,-0.021329394,0.020219756,-0.073066235,-0.06840552,0.013665988,0.07040313,0.07702324,-0.06133829,-0.07082726,-0.05956125,0.023289787,-0.040895287,-0.0036325904,0.075548165,0.07424095,0.057695553,-0.032879025,0.0305401,0.07974112,-0.014175835,0.070049964,-0.020065947,-0.06345587,0.017131645,0.048980106,0.054905068,0.023795929,0.034691602
-0.012435897,0.01956839,0.011378403,0.0554678,0.018170968,0.027987964,0.0381595,0.03592662,0.012647445,0.017644232,0.0640846,0.056839716,-0.0015238748,-0.016946865,0.022003938,0.04660634,0.015813522,0.047629617,0.052643068,0.037896357,0.0028958467,0.030736413,-0.016940014,-0.0038583842,-0.04027991,0.060113303,0.012585711,0.045243163,0.03581497,0.005019099,0.053340133,0.033115193,0.010791848
0.03315549,0.012281892,0.04978458,0.057153963,0.041888118,-0.03698003,0.04970175,0.011775517,-0.0071958285,0.07313569,0.030074429,0.016008193,-0.0107128,0.01067543,-0.025004484,0.051368214,-0.03908636,0.07792023,0.02960413,0.03908562,0.01767519,0.013229351,0.05180727,0.055096,0.046343066,-0.011241678,0.054321345,-0.033408817,-0.039671693,0.007282398,0.08229514,0.05841939,0.059570935
-0.015807645,-0.038809422,0.060175452,0.04071581,-0.016771648,-0.047455143,0.054347206,-0.0436894,-0.0050608804,0.007459333,0.029645517,-0.049242064,0.019824268,0.022086443,-0.029785395,0.059313897,-0.014134744,0.032340016,-0.068691686,0.041522626,0.0066062636,0.066837005,-0.041492905,-0.055635035,0.05768118,0.026959231,-0.0541438,-0.022666374,-0.027784541,-0.06655796,-0.041813485,-0.027579634,-0.043016557
-0.039030515,0.022624018,0.047284562,0.05054137,-0.026639918,-0.026954455,-0.060347512,0.005161089,-0.030164866,-0.009572085,0.0012059296,-0.051865805,-0.006727833,-0.0130364485,-0.019919032,0.051460754,0.0026114176,0.032883845,-0.036711827,-0.0014693782,-0.003417571,-0.042170513,-0.029689807,0.039691873,0.061615158,0.010077808,0.0421371,0.043331183,-0.0014388796,-0.015982836,-0.032920733,0.055791352,0.00030070127
0.04038007,0.046292488,0.06419821,0.04588338,0.07951717,0.05298721,0.07847302,0.017154567,0.06758163,0.01042543,0.075413235,-0.003034891,-0.023518462,0.003243682,0.078225724,0.063981995,0.040115587,-0.023103192,-0.009819144,-0.04003164,0.037373558,-0.024491152,0.07166033,0.049417842,0.083341666,0.056031417,0.04558598,-0.044631246,0.071068496,-0.0086801285,0.05028872,0.07816506,0.004674507
-0.016255356,-0.012133933,-0.020798998,0.027080584,-0.014129573,-0.030302944,-0.049268946,-0.037400324,0.008805687,-0.045832876,0.039853558,-0.012001552,0.03124847,0.01620701,0.014544428,0.019009328,-0.009787758,0.0001723084,-0.015899708,0.012969356,-0.012726664,-0.011058771,0.01545626,0.00838285,-0.049289446,-0.046810687,-0.006593576,0.045239653,0.02008139,-0.00814732,-0.053592153,-0.012172346,0.01961451
0.016788183,-0.0069289114,-0.018587183,0.0016909551,-0.025494363,0.011215721,0.016789911,-0.009738994,0.006330689,-0.046116468,0.019628167,-0.022914696,-0.034083825,-0.014316301,-0.0028721478,0.013264409,0.041025233,-0.0070434585,0.014498138,0.03360788,0.04982259,-0.0119160395,0.0012651944,-0.037198395,0.0038188766,0.014126401,0.037000388,-0.043781813,0.0014641949,-0.033344395,0.014143056,-0.045626014,-0.0008650367
-0.08325943,-0.059590697,-0.07680865,-0.077650405,-0.07356111,-0.08562441,-0.0797651,-0.08241894,-0.07919211,-0.07964525,-0.079943135,-0.079505876,-0.084543906,-0.082170494,-0.07728462,-0.075372204,-0.041761555,-0.08205382,-0.06234547,-0.081430145,-0.084352426,-0.078744866,-0.013586624,-0.077204265,-0.083384894,-0.07726496,-0.0246142,-0.08202756,-0.07018971,-0.08603421,-0.08716152,-0.08289847,-0.07856363
-0.0179528,0.02001723,-0.012615172,-0.0051693562,0.0340357,0.004290711,0.0034194945,-0.07000324,6.155034e-05,-0.011695944,0.031266343,0.0005320185,-0.014565624,-0.032646444,-0.017801631,0.03134558,-0.0067893513,0.008148632,-0.02068282,0.05852293,0.016907884,-0.055187523,-0.0020735967,0.030539019,0.010777515,0.025105273,0.0010981408,0.069009475,-0.01014914,0.030212505,-0.011841187,0.04004621,0.052704114
-0.02927743,-0.05657123,0.021195527,-0.027780447,-0.06534982,-0.05214817,-0.02326898,-0.034600265,-0.044603724,-0.023157572,0.008662807,0.0179362,-0.06899095,0.033113305,0.0011065534,0.008109588,0.058287542,-0.05143981,-0.0072525973,-0.019272229,0.035938263,-0.05561076,-0.013487282,-0.02422409,-0.043394472,-0.033709366,-0.003429434,-0.07027905,-0.0773461,-0.026397768,-0.04923959,-0.075222835,-0.05265639
0.001369869,0.030503793,-0.01358962,0.034397162,-0.007047999,-0.039817836,-0.0016990014,-0.014905397,0.04646393,-0.028196825,0.012799789,0.011751375,-0.027316492,0.044196706,-0.034549933,-0.042784806,-0.023826947,0.0606571,-0.010958544,-0.029780123,-0.016608367,-0.07282305,-0.04965775,0.051748708,0.0003412739,-0.003821406,0.020436782,0.042179156,-0.016222965,-0.0098292595,0.008597098,-0.004340005,-0.047504425
0.0045944694,0.007997411,0.05299888,-0.05588303,-0.021886671,-0.048538845,-0.011052068,-0.015547252,-0.053948093,-0.013960812,-0.038441166,-0.027473882,0.050988838,0.04245225,0.031912487,-0.013576289,0.056836426,-0.032203432,-0.064564094,0.034849375,-0.037282333,0.05462083,0.046659525,0.024595654,0.06775086,-0.04553888,-0.07442634,0.061258856,-0.03132729,-0.012612417,0.018078491,0.022985378,-0.058847178
0.048336934,0.050537605,0.035952017,-0.014614958,0.0055986936,-0.025856128,0.031665765,0.050624017,0.05444346,0.06567465,-0.01550632,0.011276873,0.035372995,0.02148519,-0.036969397,0.05258995,0.04434974,0.026910253,0.043314867,-0.04812741,-0.028760856,0.018928662,-0.002508936,-0.025703315,0.03873829,-0.055832077,-0.07050084,0.02126121,-0.034173336,0.021972267,0.023595376,0.03912846,0.03485653
-0.031269707,0.0085380925,-0.04785793,0.056443926,-0.0181665,-0.026316237,-0.028557744,-0.015941242,0.037246898,0.018413633,0.04591098,0.0497857,-0.03723166,-0.03362457,0.022482214,-0.0060727065,-0.028373517,-0.05601492,0.04268436,0.020086195,-0.02263384,-0.006082132,0.03615561,0.03725605,-0.055224176,-0.01721619,-0.016100474,-0.057584003,-0.053922273,0.01800513,0.01937635,-0.008897128,0.0077964948
0.06655918,-0.0106104445,0.04397997,0.04093907,-0.0449558,-0.00446962,0.038982708,0.06814194,0.07150689,-0.013158809,0.012207766,0.05878175,-0.020289786,0.07231278,-0.012165774,0.035969257,0.05769264,0.0032410065,0.028929174,0.02458078,0.0186365,0.017542634,-0.05462029,0.019880809,-0.033721726,-0.03390425,-0.04318156,0.025557498,0.0067526745,-0.029888475,-0.00081766036,0.01428667,0.01769556
-0.06421006,-0.078653365,-0.0043602213,-0.021410828,-0.03158932,0.018950574,-0.050885137,-0.059397947,0.0056998334,0.04503618,-0.041630033,0.047883436,-0.051915266,-0.059805837,0.026912445,-0.0052914703,0.053224165,-0.04870767,0.058655422,0.036168892,0.05200805,0.00871763,-0.015185917,-0.07888864,-0.0496094,-0.003313186,0.011835015,-0.011875056,-0.057157967,0.027020745,-0.052390154,-0.06251233,-0.062626384
0.016140325,-0.05624803,0.06047281,0.02472788,0.01634243,-0.006854246,0.012063436,0.02800824,0.034861382,0.014780716,-0.008268851,0.055755224,0.023313524,0.020772507,0.061677556,-0.015271431,0.057451732,-0.020234892,0.050899796,0.041092668,-0.0064618164,0.027079694,0.03700359,0.013119604,0.04686069,0.04935567,0.028024634,0.064026766,0.059024334,0.021270566,0.03911136,0.05419524,0.019817943
0.029404607,-0.056064613,-0.014603939,0.044536855,0.04810791,-0.0018636775,0.022078032,0.009501429,-0.040038805,-0.04637939,0.028729917,0.031365566,0.072365396,0.035215188,0.04544589,0.03078015,-0.046067882,-0.009463597,-0.020689098,-0.010917336,0.060370553,0.014905892,0.0093734395,0.0021445134,0.03216293,0.03520192,0.017410945,-0.03902682,0.006414886,-0.009838973,-0.05654737,-0.001035463,0.024749655
-0.074230574,-0.08389009,-0.07536542,-0.07382921,-0.081108764,-0.08266601,-0.07675128,-0.07858753,-0.076231666,-0.07697306,-0.07840858,-0.078419365,-0.080562584,-0.07820956,-0.07279962,-0.07289755,-0.074802026,-0.07601146,-0.07793355,-0.080979146,-0.085029654,-0.0746836,-0.08075159,-0.07999664,-0.07919945,-0.07625257,-0.08170952,-0.07861419,-0.07869669,-0.08365511,-0.08447712,-0.07635404,-0.076756224
0.013060511,0.033347357,-0.02615728,-0.005125182,-0.021156717,0.06921049,-0.044257376,0.0069911876,-0.0027544934,0.06043403,0.04287388,-0.0673731,0.08172165,0.013875502,0.01938196,0.041372277,0.008586079,0.03574567,-0.025179537,-0.07057637,-0.07872832,0.075821556,0.0021211363,-0.055628266,0.0051916223,-0.07117551,0.06795802,-0.05066424,0.055296816,0.020478074,-0.0031256343,-0.01250673,0.015627256
0.04741458,0.005481705,-0.0039898376,0.02913366,-0.0026370978,-0.0017918085,0.010821662,0.018740894,-0.024137642,0.071505934,0.05323702,-0.051773056,0.013055228,0.053271405,-0.065355,0.07091952,0.047517568,0.008204395,-0.034623615,-0.0014314075,-0.0090077,0.027664047,0.0746396,0.014832704,0.016074145,0.036888108,-0.05113941,0.028704032,-0.010567191,0.0007755966,0.023716357,0.019485915,0.053147346
-0.052775715,-0.0006562131,-0.024091547,-0.03236151,-0.017638545,-0.07045739,-0.011478875,-0.04385147,0.0052507245,0.063222125,-0.03485365,0.013419201,-0.030349351,-0.055714093,-0.043407846,0.05168964,0.009369089,-0.029142113,-0.06410218,-0.020710386,0.0051289084,0.006372231,0.008100992,-0.041118436,-0.02537996,-0.035778157,-0.033231877,0.010890748,-0.007719086,0.0050593927,-0.053245854,0.019433524,-0.041441515
-0.07364324,0.039024018,-0.06492805,0.04006731,0.04457264,-0.021867929,-0.012045997,0.008765015,-0.025293319,0.006867637,-0.028857406,0.022187468,-0.033013433,-0.054384988,0.015292413,0.044724323,0.026212448,-0.03036321,0.043763813,0.015000065,-0.0099762725,0.035060536,0.056203626,-0.04283765,0.017763687,0.0067845727,-0.067432925,0.00035216848,-0.0020495446,-0.00631033,-0.05110704,0.020310855,-0.040078744
0.05696159,-0.04998428,0.0166226,0.042047706,-0.042008504,-0.00080399704,0.050536457,0.06497239,0.06362915,-0.05453089,0.0051939236,-0.04236618,-0.06221087,0.0713126,0.05204182,-0.021794848,0.069017835,-0.022858148,-0.02113909,0.015237269,0.036986507,0.069136396,0.07152397,-0.018076176,-0.039968304,-0.009644738,0.0796272,-0.0030474449,0.018024905,-0.023374401,0.053867716,0.077792645,-0.030486172
0.018784696,0.08082011,0.07567781,0.063430846,0.08188838,0.07741819,0.075133696,0.07844363,0.06934857,0.056181956,0.062243696,0.075746045,0.07746853,0.07085137,0.06758538,0.07276291,0.07514778,0.066809766,0.07241788,0.07624596,0.0754697,0.07350666,0.08164908,0.061162177,0.07062284,0.0768538,0.08175789,0.08271505,0.07716391,0.07628583,0.08152165,0.07934429,0.07630692
0.026319658,-0.0140253715,0.0070031662,0.05142212,0.0030526458,-0.019039894,0.023558479,0.021988556,-0.008679176,0.048241243,0.019724501,0.035674457,0.022878582,0.037805155,0.02408029,0.056370918,0.022314155,-0.0059045833,-0.0028833533,-0.011911276,-0.022478484,0.015074668,0.022325328,0.04825775,0.03311679,0.016032182,-0.037830096,0.014633917,-0.03029134,-0.021072043,-0.009335141,0.032399215,-0.021468787
0.026785996,-0.00801524,0.014715214,0.03819905,-0.010260919,-0.06373413,-0.023493106,0.008785933,-0.013147617,0.024210054,-0.010971837,-0.05819594,-0.05247019,0.021397492,0.024251401,-0.06112759,-0.06448184,0.016735068,-0.004949284,-0.049600407,-0.048675258,-0.05167868,-0.028545147,-0.0579557,-0.01729776,-0.03942826,-0.0014943059,-0.03822405,-0.05196907,-0.06233181,-0.06945683,-0.034151398,-0.049654227
0.075206935,0.013695149,0.017454067,-0.06487954,-0.06670212,-0.0022296377,0.0025213258,-0.02294822,-0.030944198,-0.034567233,0.033828616,-0.01772412,-0.02852455,0.017518729,-0.075537376,0.026028892,-0.026269495,0.03696006,-0.04976718,0.0039659273,-0.021054434,0.016738338,-0.030571993,-0.040372167,-0.019848904,-0.004571897,-0.010778147,-0.017694224,-0.030080779,-0.048183627,-0.057367552,0.052762978,0.011378484
0.07359934,0.071768045,0.06891385,0.069074325,0.04497648,0.06786126,0.055650283,0.06775837,0.071941905,0.0743546,0.06992371,0.06879851,0.05989338,0.06300937,0.04577878,0.07296042,0.072870076,0.075414024,0.060227994,0.07035168,0.06459441,0.044369124,0.07404244,0.07747003,0.07847959,0.07127289,0.082267456,-0.02307203,0.07409063,0.054063216,0.073939644,0.074247085,0.071314014
0.0024632665,0.003225985,0.04186548,-0.03985904,0.039955184,-0.050614476,0.021712372,-0.051205456,-0.018447187,-0.015410736,0.035406422,0.0125871375,0.025513718,-0.008538832,0.053231582,0.07008188,-0.0073214453,-0.025058512,-0.054361142,0.06363359,0.054742537,0.041886777,-0.00926251,0.06061477,0.04140479,0.008951194,0.007860773,0.025669761,-0.021129504,0.022513121,-0.040204193,0.006244179,0.025170624
-0.03860067,0.070099965,0.06815229,0.028145397,0.06273201,0.047699682,0.05656077,-0.025290119,0.029429479,0.024937775,0.025235549,0.032706853,0.004251871,0.006742478,0.0032724647,0.019831749,0.043916382,0.032341056,0.029317163,0.05309305,0.073891565,0.028317967,0.07393731,0.05927004,0.05854875,0.035634834,-0.0018422692,0.01845092,0.048387736,0.042944796,0.053843178,0.056694597,0.024203917
0.058299303,0.03162312,0.026171437,-0.008505962,0.061514918,0.027181733,0.066749096,0.07965142,0.07501278,0.06358971,0.07741732,0.05308492,0.07452875,0.023544176,0.0486079,0.04094887,0.075478025,0.07912062,-0.05002897,0.045202296,0.0175619,-0.05377394,0.041767072,-0.03865709,0.061475456,0.041352667,-0.007513012,0.059719913,0.07961216,0.065817654,0.036961228,0.06500622,0.07076973
0.0771505,-0.08137205,-0.023382472,0.015524337,0.07803989,-0.0663542,0.06625795,0.011536641,0.023448179,0.04969066,-0.0012606244,0.06266093,0.08280151,0.03639957,0.048165955,0.057388972,0.040536232,0.03751179,-0.0018149844,0.02931635,0.010359513,0.05154849,0.051994443,-0.05425386,0.028205564,0.039888665,0.025796311,-0.013210655,0.032300062,-0.009208009,0.040378794,0.022331702,-0.0046635345
-0.017542025,-0.06851251,0.0015864559,0.015957728,-0.007340715,-0.046402074,-0.05859375,0.050702374,0.018698944,0.018567193,-0.06332554,0.060067758,-0.029379662,-0.055728473,0.0013093218,-0.041767515,0.06598169,-0.060004607,-0.06821506,0.05659377,0.07339311,-0.014748929,0.011425996,0.0012495803,0.011493548,0.02819934,-0.06987725,-0.028127257,-0.05072479,-0.012531951,-0.039015535,-0.07997145,-0.03665793
0.026488332,0.05911929,0.02268165,-0.061835345,-0.032617234,-0.02494631,0.06764087,0.046377007,0.02572005,0.043995544,0.018317927,0.056236297,0.067086294,0.05064846,0.061371237,0.01063548,-0.06426005,0.022366831,0.047613584,-0.05639175,-0.024187049,-0.03515152,-0.038998313,-0.0138113815,0.052108016,0.02026527,-0.013816634,0.044821206,0.0757023,0.011433434,-0.06084448,-0.024982724,0.072622344
-0.037904803,-0.027417729,-0.01284907,-0.0020955903,-0.015456188,-0.032428514,-0.040912222,-0.022862675,-0.0360647,-0.04549466,0.022506963,-0.020863002,-0.06076836,0.009209889,-0.017591763,-0.050158318,-0.039604202,0.0019345905,-0.057082977,0.03272223,-0.008379132,0.038949527,0.010137985,0.010008484,-0.06540939,0.03914087,0.028777687,-0.015022218,0.019588098,-0.052445047,0.023113905,-0.014410385,-0.014857465
-0.06428361,-0.07372664,-0.05960569,-0.052607268,-0.033268984,-0.0072406074,-0.024961703,-0.016041886,0.022789178,-0.016595285,0.03673027,-0.06790487,0.009640371,-0.030403946,-0.014388755,0.06350804,0.036314487,0.024902865,0.044527523,-0.05645204,-0.05534916,-0.0245179,-0.05152767,0.007452543,-0.008547284,-0.0025442305,-0.044679943,-0.06238078,-0.030591788,-0.06504521,-0.0018043631,-0.009770201,-0.06803817
-0.028907515,-0.030531948,-0.027334806,-0.059047557,0.012044442,-0.0028647915,-0.014056452,-0.027989918,-0.039397348,-0.022617659,0.014255095,-0.031412747,0.013261103,-0.012819696,0.03790418,-0.032158084,-0.042022154,-0.03703287,-0.009834595,-0.07513136,0.014309877,-0.060230725,0.020067226,0.00863933,0.0047993055,0.0028725276,-0.038381744,-0.029059084,-0.011171642,-0.026779044,0.015995797,-0.0347663,-0.03823031
0.013246646,-0.013638928,-0.060527436,-0.06042945,-0.011204522,-0.010210952,-0.014700132,-0.040279545,0.029480325,-0.0023123743,0.021595327,-0.03815432,0.07861878,-0.01823108,-0.058891054,0.05582412,-0.0008782443,-0.018973708,0.028236218,-0.016584232,0.014790932,-0.03801087,0.03064754,0.0036535996,-0.034785055,0.015239134,-0.07175637,0.017825458,-0.06462889,-0.0083645955,-0.017086461,0.050674185,0.0051022824
0.04610998,0.042814497,-0.031557843,-0.0024951329,-0.020113768,0.010456253,-0.026041208,-0.0356815,0.025239935,0.005992043,0.031152038,0.016040815,0.01524904,-0.038409505,-0.014099428,-0.040609278,0.005293448,0.027096644,0.06074185,0.011875429,-0.02363368,0.0032946058,0.000716772,-0.059796084,-0.010023501,0.03543899,-0.0252851,-0.02692933,-0.013103316,-0.08041588,0.009868286,0.0012792238,-0.035532985
0.015217711,-0.01815227,-0.0068454663,-0.018483276,-0.04282197,-0.009533242,0.016684413,0.058379326,-0.004308272,-0.002808107,-0.023356581,-0.017445244,-0.04303168,0.048451394,-0.02314934,-0.035597086,-0.012898652,-0.033616815,0.05293407,-0.031262632,-0.041348234,-0.04625853,0.015566845,-0.0056970282,-0.01924494,-0.066493765,-0.024249775,0.008790722,0.03144214,-0.03232401,-0.003991688,-0.021740662,-0.06862944
0.014172,0.006253521,-0.030104743,-0.05415801,-0.043615464,-0.014871848,-0.053816397,0.028518505,0.025739094,-0.05991921,0.04096786,-0.027842693,-0.0689205,-0.009288585,0.019849975,-0.034281857,-0.038442496,-0.002657218,-0.046532463,-0.029243825,-0.010482566,0.003962725,-0.054827526,-0.056163467,-0.06679769,-0.0492697,0.011970972,-0.07745985,-0.008821323,-0.021547072,0.04055313,-0.06925989,0.0074900603
0.020025292,0.039777115,0.024044355,-0.06198152,0.04930679,0.020325081,0.03552851,0.06389597,0.031586923,0.0127831055,0.07293051,0.07239248,-0.028401466,-0.008151584,-0.060576152,-0.035410143,0.020199003,0.07706733,0.075277895,-0.062009636,0.04782881,-0.023926,0.06237445,0.04943998,-0.0040919376,-0.010155132,0.000850864,0.059064046,0.04578253,0.037207823,0.012991884,0.020601735,0.015834354
0.045187682,-0.05909354,-0.026444709,0.060124464,0.07878508,-0.035916757,-0.03796087,-0.048355475,0.007424463,-0.02301545,0.075197704,-0.03353599,0.0023219644,0.032556057,0.057882454,-0.008790607,-0.031449057,0.06488961,0.04205533,0.052694466,0.06637373,0.019653985,0.042144123,-0.02108612,-0.06958707,0.052626323,0.02111244,0.043194648,0.0002509815,0.032717705,-0.0040135165,0.07242613,0.06737733
0.023164483,-0.03699098,-0.0088098645,-0.011014675,0.004454992,-0.001607614,0.0032114612,0.022541638,0.04656479,0.049473148,0.0580728,0.05628065,0.011545164,0.049414326,0.07195299,0.05507124,0.06685787,0.02140399,-0.0002132844,0.023810336,0.019207565,0.069773585,-0.014402238,0.026998375,-0.03469252,-0.016322704,0.053936824,0.023253618,-0.037079345,0.0473369,0.040555116,-0.036114313,0.0688687
0.027468717,0.06277776,0.027668389,0.04314601,0.0384409,0.018855814,0.008454705,0.03408914,-0.0037850977,0.0012442843,-0.009187742,-0.035293683,-0.023135973,-0.0012189305,-0.041111182,0.0394624,-0.026518244,0.03610776,0.04993695,0.024146738,-0.024897099,0.039844602,-0.010773747,0.04074852,0.02210316,0.007465081,0.02415867,0.00063993427,-0.027192004,0.003740484,0.010270294,-0.038494404,-0.0014226097
-0.025894787,-0.04091011,-0.04350204,-0.03500142,-0.05861842,0.060707692,0.011610419,-0.05301918,-0.013658755,0.055840667,-0.01898889,-0.065964386,0.0041168714,-0.032077134,-0.017819557,0.04122867,-0.0040559345,-0.027610237,-0.03716479,0.044283442,0.051361155,0.034539416,-0.0011228728,-0.03498928,0.0340408,0.02564396,0.05501325,0.07876982,-0.026172012,0.05625702,-0.025675692,-0.01674524,-0.05409946
0.056315083,0.04296122,-0.0038478463,0.015166923,-0.02872568,-0.014684153,0.001166339,0.041497115,0.021139368,0.029932102,0.03903785,0.015193087,-0.016159972,-0.05634205,-0.05237994,-0.0050056805,-0.011089269,-0.012313742,0.004080203,-0.03512912,-0.017426625,-0.059278313,0.006882111,0.027223378,-0.065487504,-0.013178703,-0.038845886,-0.011741341,-0.012349978,-0.072549865,-0.007590041,0.018529361,-0.025963444
0.021009862,-0.032899257,-0.002654026,0.031031407,-0.060586132,0.024443254,-0.05632566,-0.050124034,0.008597887,-0.0053308974,0.022744907,0.001125482,-0.039574374,-0.04992569,-0.011776322,-0.05131883,0.04693234,-0.039742257,-0.003278304,-0.021440977,0.006745364,-0.031434983,-0.0025788273,0.05027518,0.00079470436,-0.05542598,0.066750936,-0.07368187,0.01070099,0.020966306,-0.03911106,-0.03080008,-0.016155474
0.052693155,-0.07273811,0.035266615,0.04093783,-0.015454551,0.042528395,-0.011225774,0.019570615,0.06589074,0.03242063,0.019388244,0.0133044515,-0.009229054,0.049558315,0.0772147,-0.046573557,-0.075098366,-0.023540651,0.050906513,-0.004961118,-0.018960414,0.012131141,-0.013469539,0.061876535,0.023344519,-0.06521159,0.07958381,0.0532961,0.07568865,0.073704965,0.010823515,0.015998248,0.06729137
-0.03718111,-0.01455483,0.06963179,0.038605962,-0.069481656,0.0076171947,0.05542736,0.07881343,0.048557058,0.04718833,-0.07221238,-0.05504474,-0.0069575077,-0.02520974,0.043255787,-0.017547792,0.05798811,-0.0683766,-0.030967731,-0.039993513,-0.04198015,0.008201712,0.039170448,-0.047947038,0.050298315,-0.028668236,0.023293845,-0.021825083,0.042852495,-0.03593259,-0.07498134,-0.065272056,-0.027083298
-0.021451632,0.008593729,0.054992214,0.031715997,-0.0620253,-0.01223579,-0.0275954,-0.052315135,-0.07409885,0.0054394053,-0.039814305,0.014022808,-0.048926655,-0.077998675,-0.076830335,0.016982095,-0.011091897,-0.06315029,0.0038575414,0.050809942,0.05346516,-0.04104136,-0.014570465,-0.041682918,0.060609665,0.04735916,-0.06311502,-0.020029431,-0.027370388,-0.049672592,-0.06475714,-0.02079502,-0.06634426
-0.045319352,-0.02045462,-0.011570096,0.036897756,0.01552036,-0.053156916,-0.03995747,-0.0402204,0.030146351,0.028253809,-0.06653354,-0.04418432,0.006295127,0.00960893,-0.025107106,-0.036782134,-0.0014482306,0.013603785,0.026862048,-0.030875353,-0.02802245,-0.01847139,0.004698216,-0.06916691,-0.064602345,-0.017101584,-0.06816092,0.06311652,-0.033241723,-0.037025955,-0.053143185,0.042445105,-0.041494116
0.059886776,-0.08864873,-0.05973203,0.033080045,0.019166265,0.022522774,0.026819736,-0.05711305,0.02069275,-0.047818165,-0.00076505844,-0.07105596,-0.04491119,-0.030937403,-0.010535145,0.07365481,-0.029030276,0.004150091,-0.05555674,0.006000326,-0.017709432,0.027204294,0.0034235273,0.032431234,0.01676782,0.07363987,-0.042706948,-0.03804162,-0.030813312,0.019204745,0.064285606,0.0013098046,-0.024903752
-0.014776962,0.008803733,-0.046216965,0.021141434,0.01691829,0.0283747,-0.032202315,-0.020699782,0.051584758,0.05137556,-0.042016994,0.022928735,0.04575584,0.07643705,-0.02138651,-0.00619245,0.068007015,0.014145873,0.04121685,0.035711974,0.025037749,-0.019768054,-0.006399754,0.03773039,-0.035827696,-0.07383399,-0.01758247,-0.015287662,0.07020681,0.05166065,0.023396494,-0.0015787085,0.05119116
-0.013168693,0.0123724025,-0.026838439,-0.034856014,0.045859914,0.022087028,0.043779116,0.045408804,0.027398884,0.003439029,0.043782696,0.0155884,0.01786534,-0.014162959,-0.024137493,-0.034174424,-0.0120569905,0.03798587,0.05265785,-0.0017855716,-0.042507373,-0.016738594,0.07167131,0.02133382,-0.0028892048,0.028065268,0.013835983,-0.07889607,0.0554914,0.015670251,0.027326548,-0.012871235,-0.030647583
-0.078665875,-0.06606161,0.05894166,-0.0727903,-0.08200628,-0.04226258,0.044388726,-0.010155668,-0.040303558,0.00023057728,-0.07083797,-0.062280625,-0.022182668,-0.07230649,-0.074860625,-0.010493353,0.043174025,-0.019883245,-0.07771177,-0.07887806,-0.03448003,-0.065113775,-0.03029572,-0.080042355,0.012186279,-0.04462584,-0.06698943,-0.08272284,-0.072809815,-0.07390851,-0.070493035,-0.0762953,-0.07782767
0.010518829,-0.073248655,0.028339662,0.05175354,0.029926041,0.015994338,0.056433037,0.03503432,0.063302755,-0.02654392,0.056344908,0.067777544,0.04109897,0.049658448,0.06656218,0.049615655,0.018715529,-0.02711947,0.020940147,-0.0150092505,-0.04321635,0.046681583,-0.04567533,0.049156632,-0.010283798,0.03845399,0.00847807,-0.05471948,0.0063199056,0.06638671,0.065679304,0.026892265,0.060646124
0.004616081,-0.03444458,-0.041624036,-0.036099806,-0.028163752,-0.06941783,-0.067311026,-0.033743627,0.0059663425,0.04666976,-0.06106452,-0.025414702,-0.03763166,0.03907088,-0.03105717,-0.022109374,0.016423343,-0.062239125,-0.06181213,0.012584358,-0.016244665,-0.07501417,-0.06498955,-0.009246212,-0.061777994,-0.06679823,-0.022238439,-0.022949098,0.009210908,-0.009678915,-0.0040608915,-0.009928051,0.03330283
0.034102656,0.0078070555,-0.054042928,0.026267277,0.01653377,0.018367885,-0.00846333,0.03998687,0.027246911,0.037238933,-0.04949679,0.030115072,0.052699942,-0.06618109,-0.007819993,-0.009011447,0.047026493,0.039377943,0.056682732,0.049912073,-0.0051437276,0.026700398,0.014299355,-0.07457376,-0.022477176,-0.00695407,0.026610374,0.0031668753,0.06407109,-0.02550919,0.001101488,0.029193802,0.07536618
-0.029752634,-0.050840992,-0.059377223,-0.049179927,-0.029980654,-0.03785875,-0.0616464,-0.044112235,-0.0012444659,-0.067848586,-0.021679454,0.035035253,-0.03488895,-0.02620384,-0.054364413,-0.06265841,-0.009483885,-0.017551247,-0.06407628,-0.034802563,-0.054042067,-0.026984438,0.038013346,0.05944112,-0.04188272,0.022389403,0.013226971,-0.06155203,-0.041008238,-0.01365003,0.0037756008,-0.07966452,-0.009682696
-0.010280558,0.005837172,0.034667805,-0.02997005,0.01929171,-0.033012517,-0.0007400573,-0.009786691,0.048715577,0.0379639,0.049725022,0.024355995,0.0027679093,-0.015008752,-0.03151079,0.06811094,0.0023499795,-0.014310331,-0.00025453296,-0.008714821,0.011314279,0.015783425,0.046450567,-0.020896263,0.025395809,0.052639045,-0.025700454,-0.004621474,-0.014970663,0.027939346,-0.019079234,0.001714131,0.0084963115
-0.023364037,0.03629398,-0.037533753,0.010494537,0.033958573,0.014692446,-0.020576794,-0.0016656859,0.0005295014,-0.027318181,-0.045280416,0.005626571,-0.050026346,0.028276455,-0.012885687,-0.02799035,-0.038916707,-0.05154741,-0.055049565,0.018119663,-0.049914625,-0.057922315,-0.011113395,-0.0012665631,-0.037706606,-0.008585237,0.022834942,-0.042619687,-0.016501077,0.036612358,-0.033352107,-0.056391466,-0.00444952
0.07804911,0.088926256,-0.053274315,-0.046623576,0.077760555,0.077978075,-0.06378894,-0.013783631,-0.07491061,-0.05707274,0.07765591,0.06319882,0.06859613,0.007363052,-0.018399738,-0.028847808,0.0747423,-0.025964461,0.05263711,0.03953987,0.03052004,-0.019529428,0.049023945,0.076897554,-0.03135217,0.066526346,0.04446311,0.022375908,0.061233226,0.07336587,0.0774209,-0.009845157,0.06322345
0.012425212,-0.04942536,-0.028105764,-0.04991215,-0.032437686,0.048236664,0.01055874,-0.010246968,0.019671917,0.0028653638,-0.068631634,-0.028322011,-0.03770664,-0.05743016,-0.017051017,-0.061256308,-0.022035494,0.025222791,-0.03021577,-0.048816025,-0.04112071,0.031795442,-0.03205532,-0.05402141,-0.0010563526,-0.03931351,-0.044454373,0.01896997,0.0143025,-0.009256949,0.006176339,0.006746722,-0.042599235
-0.04200574,0.026233342,-0.04487523,-0.023799106,0.021813856,-0.013487215,0.06866642,-0.07203782,0.04518719,-0.055935685,-0.0064826827,0.007980944,-0.017739577,0.0010986206,0.023284696,0.038092796,-0.07414393,-0.07631637,-0.036559585,-0.051916365,-0.05286844,0.03646715,-0.044995543,-0.07027059,-0.03704638,-0.057169568,-0.07119537,0.0163005,0.009769002,-0.061614916,-0.07159346,-0.01646025,-0.06743657
-0.030451162,-0.025829969,0.04535113,0.018973736,-0.01975103,-0.0685654,-0.018273508,-0.044265844,-0.0028515733,-0.009017481,-0.05348969,-0.03908479,0.076294556,0.011815885,-0.033582203,0.013927859,0.00928111,-0.03594156,-0.017464897,0.0031773248,0.0059762066,0.007519903,0.02428367,-0.03673751,-0.05885453,-0.059750065,-0.031041386,0.004184837,-0.06276869,0.032712314,0.004621203,-0.034210473,-0.03613064
-0.0764061,-0.059670728,0.062120218,0.06806564,-0.06745301,-0.02848971,-0.017581847,-0.0019722104,0.05180409,-0.012789848,-0.06756871,-0.04124019,0.011426416,-0.060890727,0.02899908,0.066101626,-0.016720261,-0.018194897,-0.05320818,0.033901278,0.05280532,0.071335316,0.026013583,-0.0044282936,0.048478145,0.0013711527,-0.032278292,0.037223868,0.054375377,-0.06346208,-0.079693414,0.054986224,-0.030190835
-0.00867524,0.03868425,-0.06817071,-0.02240038,-0.031428892,-0.042876054,-0.02912687,-0.013556746,-0.016057687,-0.054031122,-0.02159441,-0.04245834,-0.021669088,-0.04364629,-0.05608774,-0.054116096,-0.0014586127,-0.018976433,-0.031942293,-0.010354679,-0.07214583,-0.05347306,-0.049155697,0.023215719,-0.051231295,-0.009308233,0.0033891904,-0.057978913,-0.03747908,-0.048079234,0.020331925,-0.04050119,-0.037542455
0.0060839895,0.008067307,-0.044284437,-0.02697081,0.015110014,0.04668072,-0.049383793,0.03400837,-0.028772125,-0.005732582,-0.025564924,0.0435398,0.07878427,0.036460146,0.033727568,0.058960352,0.066825,-0.066890225,0.0031219115,0.0371144,0.005479478,0.009999256,0.01379947,-0.06695377,0.011989358,0.039634787,-0.035062376,0.052094035,0.025973318,-0.026506834,-0.013603386,-0.03985545,0.04444494
-0.041671403,-0.041864052,-0.023858117,-0.003131578,0.00784189,-0.0271114,-0.045710534,-0.053239454,0.0189967,-0.025252571,0.020595841,0.00488993,-0.010723896,-0.054780196,-0.049075242,-0.007626585,0.040663324,-0.04261633,0.010265672,0.0002535929,-0.030227302,0.014513561,0.019444436,-0.027105417,-0.031924404,-0.014619322,-0.030470107,0.012220703,0.013553798,-0.039169367,-0.0023368725,-0.004846474,-0.020561881
-0.019353671,-0.041522454,-0.0028355448,0.028697362,-0.0527557,-0.058168534,-0.0061634704,-0.048534106,-0.0698431,-0.02557191,-0.05009222,-0.03511078,-0.046868537,-0.062128346,-0.04286819,-0.026922187,-0.07376531,-0.04553808,-0.059898775,0.027954819,-0.023872675,-0.05555926,-0.07340178,-0.045570876,-0.049181484,-0.059925035,-0.020791033,-0.03356223,-0.013549598,-0.062604874,-0.05469207,-0.05527858,-0.046561398
-0.026218774,-0.03159933,-0.022542937,0.0061782463,-0.04224633,-0.03648589,-0.041409273,-0.018778639,-0.051825717,-0.046916943,-0.049406387,-0.044658627,-0.031115862,-0.01147826,-0.049016744,-0.06428805,-0.0656779,-0.018309848,-0.020660212,-0.0029860833,-0.007864971,-0.028834509,-0.01969579,-0.056604374,-0.026562138,-0.052763473,0.02899303,-0.059447058,-0.03236845,-0.028137771,-0.01965395,-0.04786186,-0.049786735
0.04197618,-0.0020966325,0.054217402,-0.0021135064,0.07350231,-0.07575588,0.029502692,0.07599113,0.04426344,0.02870477,0.0387277,0.008927883,0.054417785,0.045741614,-0.049253687,-0.0025290372,-0.0053700134,0.037688978,0.024805943,-0.03615438,0.0049913093,0.008289317,0.0068461746,0.014461801,0.029347027,0.0155386515,-0.06117428,0.05342752,-0.06039312,-0.05990636,-0.0066739786,0.03752413,0.035447445
0.014158222,0.01536576,-0.02811549,-0.01657197,0.018114936,0.012269499,0.001002584,0.06183259,0.00509847,0.0294941,-0.056226935,-0.002079508,0.03900878,-0.011732386,-0.03122936,0.020624245,0.0021215337,0.0040938333,0.036320455,0.047018457,-0.023496041,0.025875041,0.0028501155,0.0077270316,-0.01614138,0.050830886,-0.002575245,0.030651832,0.048168633,-0.018799325,-0.0134042725,-0.022266535,-0.022432555
-0.025857208,0.040431123,-0.028139472,0.06252865,0.03964983,0.014550118,-0.034952547,0.06666582,-0.01770361,-0.04834359,0.020305822,0.07158702,0.030884303,-0.0073795873,0.048375003,-0.022322828,0.054491986,-0.03288438,0.029725686,0.0019961956,-0.01360159,0.050449155,0.07510077,-0.0021466885,0.008294887,-0.009741362,0.03316725,-0.035655864,0.045010403,0.04872245,0.019999033,0.001615749,-0.008616211
-0.058992602,-0.08534021,-0.07530734,0.051667567,-0.064371765,0.053389434,-0.074314125,-0.07324668,-0.027153116,-0.046253588,0.021922112,-0.061160572,-0.075666316,0.008824995,0.02784912,-0.06363281,-0.07504784,-0.000870736,0.049086574,-0.08066113,-0.07809293,0.005061324,-0.08463301,-0.038803328,-0.07916248,0.059241418,-0.017980317,0.062290765,-0.07179224,0.047089037,0.027587922,0.017918894,-0.044347726
-0.060521103,0.010868378,0.07185287,-0.028914845,0.040779307,-0.037197515,0.053700864,-0.035150692,0.030691035,-0.013285672,-0.028067632,0.049418658,0.05522641,-0.071340315,-0.06247294,0.05038812,0.03836628,-0.015447739,0.006917022,0.04561789,0.030667946,0.06471076,0.027239548,-0.013687531,-0.00843421,-0.0075189383,-0.03442586,-0.0030854198,-0.014977543,0.061668117,0.05401128,-0.024502832,0.05283671
-0.03000263,0.059729863,-0.032907333,0.02799504,0.05031664,0.0619964,-0.010613695,-0.0035193437,-0.054483086,-0.05580739,-0.0019783105,0.077397555,-0.010788121,0.056355547,0.013632295,-0.053341378,0.03418817,-0.041275594,0.07891278,0.067382626,-0.048483696,-0.06547899,-0.06652343,-0.047659714,-0.005613153,0.0012665652,0.05099726,0.0131279435,0.015420626,-0.07724907,-0.026725544,-0.07778491,-0.031667165
0.058480375,0.035289258,-0.0316823,0.008184546,0.029277366,-0.031777214,0.03723793,0.044461686,-0.026481844,0.031094465,0.013198038,0.0021677364,0.018563831,0.0073754312,-0.0103325145,0.048892424,-0.025679978,-0.008874827,0.0060500656,-0.044161122,-0.033687226,-0.044143096,0.0487474,0.045257974,0.05424108,0.05282536,-0.05657696,-0.0023106025,0.052117337,-0.03168816,0.016157156,0.038348615,-0.024019191
0.045051347,0.005117241,0.071866706,-0.036470924,0.018274257,0.05091637,0.036163896,0.016729034,0.022060512,0.056773618,0.009296006,-0.0013891768,-0.020223849,0.040647313,-0.0035945664,0.012175981,-0.06045935,0.011768635,0.013931941,0.048501175,0.05584208,-0.024768988,0.0042638113,-0.04325815,0.004232061,-0.028767275,0.058516324,-0.010900728,0.0028046903,-0.018873783,-0.024514709,-0.044213295,0.047747746
-0.040233336,0.031794447,0.017905133,0.052607942,0.06938922,0.047794897,8.345538e-06,-0.06271581,0.041188743,-0.05306332,-0.010867807,0.017617099,-0.03735189,-0.0122476695,0.0021258926,-0.011076483,-0.024222845,-0.029773163,0.050486654,0.041481394,0.050250333,-0.029066779,-0.019624745,0.013998622,-0.019454356,0.07381955,-0.05162612,0.0067375265,-0.044149254,-0.0027737676,0.073495746,0.022783602,0.045346502
0.00063714106,-0.0060213516,0.015897855,0.02809498,0.012472388,-0.04190186,-0.017749783,-0.037663564,-0.018114997,0.041676313,0.041187156,-0.010218406,-0.05378951,0.050362557,0.01632804,0.0420543,0.05384863,-0.034297377,-0.072008006,0.029115858,-0.026886323,0.051565062,-0.047446255,-0.040508278,0.020366846,0.0010460156,-0.06246211,0.039511196,-0.027708577,-0.016792357,0.030404454,-0.029405711,0.011887775
0.034616057,0.020964839,-0.016071158,0.015329693,-0.03965603,-0.07422579,0.01611563,-0.020217234,0.03987284,-0.0015498039,-0.00968075,-0.0061749825,-0.030384729,0.035579227,0.013579315,0.0598347,-0.058330648,0.0045432034,0.066015065,-0.03095679,0.039549757,-0.03677862,-0.011815586,0.0447301,0.064409636,0.053212985,-0.05930403,0.0047700056,-0.043400656,-0.06628646,-0.06693841,-0.046698373,-0.009398158
-0.036272086,-0.03941332,-0.00073320937,-0.03874488,-0.062048353,-0.00040013497,0.0008663493,0.032768708,0.022138253,-0.034886427,-0.017738769,-0.020583536,0.059845977,-0.032804064,0.004410493,-0.0017389829,-0.01179887,-0.01664886,0.005455349,-0.07777971,-0.037049714,-0.06484093,-0.007502083,-0.0013599213,-0.026623245,-0.024495944,-0.008428831,-0.057414737,0.018594125,-0.020527424,-0.022607699,-0.061077263,-0.019130034
0.012710266,-0.014158715,-0.020809703,-0.037564334,-0.026751459,0.049990136,0.015358712,-0.029079434,-0.0049568657,0.019308029,0.031364717,0.010539256,0.005018604,0.044234764,0.042996842,-0.060373373,-0.06407314,-0.020843035,-0.05045435,-0.069368966,-0.05812486,-0.0150969075,-0.07796255,-0.021460807,-0.025210157,-0.02100239,0.023520097,0.0117669925,-0.039661072,0.05549488,0.04977051,-0.063900396,-0.06893174
-0.0064261868,0.056582347,-0.02664284,-0.01599325,0.01898882,-0.046525158,0.03339074,0.0022559033,0.024918124,0.023456395,-0.001155568,0.010848845,0.03556165,0.01252817,0.018002413,0.039034914,-0.0037889523,0.0056439238,-0.025020868,-0.038122654,-0.048075967,0.00492985,-0.045400783,0.032733966,-0.04152193,0.015451762,-0.027377697,-0.014734545,-0.021965519,-0.047775045,-0.052819706,-0.029313205,-0.009905937
0.032862905,0.04269019,0.009164502,-0.027008852,0.050075784,-0.035768606,-0.0386805,-0.007155782,-0.026005609,-0.049953327,-0.033440847,0.040336788,0.03957388,-0.0013194109,-0.02398419,-0.027848512,0.012935247,0.011430334,0.04409017,-0.0016655553,-0.0025178744,-0.0048477184,0.002132989,-0.008837839,-0.03855733,0.022592515,0.05645056,0.009278306,-0.012892121,-0.05866829,-0.03502827,-0.023522088,0.06018653
-0.011867937,-0.016238445,0.043997973,-0.0092708375,-0.04903162,0.017368753,0.059994075,0.019403227,-0.012635053,0.027399393,-0.06526611,0.008217097,-0.007964306,0.021054236,0.06305733,-0.017203806,-0.0074654375,-0.043993834,-0.004976155,0.037948463,0.027392318,0.030501856,-0.058508195,-0.029605458,0.04377966,-0.03962712,0.03862854,-0.012699638,-0.06536498,0.004603693,-0.054596838,-7.938936e-05,-0.043926034
0.07540702,0.06421449,0.04092381,0.0128573,0.057389636,0.06672644,0.03883833,0.020355595,0.013819066,0.028063701,0.058518484,0.053019777,0.057216346,0.05288235,0.030306011,0.04094659,0.051334567,0.055565532,0.03098009,0.04107809,0.039403234,0.051703695,0.06998936,0.056596946,0.07033564,0.042759933,0.038756054,0.01875235,0.042415973,0.059624203,0.06657243,-0.00093107315,0.026159294
-0.03855845,0.046761114,-0.06790937,-0.03899743,-0.042379472,-0.080052435,-0.07792541,-0.04306747,-0.04969892,-0.054933045,0.011704677,-0.04523505,-0.067505196,-0.08083716,-0.073373236,-0.012641625,0.058064967,0.06962073,-0.0040385383,0.023538614,-0.019921606,-0.048892498,0.03780519,0.053200133,-0.049329564,0.01819035,-0.046354976,-0.076036766,-0.060381923,0.0089603765,0.033826727,-0.06037795,0.024445217
-0.0221133,0.054376327,-0.029834488,0.06856554,0.080987595,-0.008891608,-0.038612794,0.011144632,-0.071462885,0.0066987774,0.04086792,0.059244987,0.005506957,0.054891974,-0.06159056,0.022312626,-0.052334275,0.044185456,0.07487169,0.0050534154,0.029908488,0.043201137,0.082390204,0.032144442,-0.040003665,0.059263434,0.018531542,-0.027309656,0.06891488,0.039281406,0.010602217,0.05597657,0.006668231
0.011865545,-0.015038016,-0.030991722,-0.022807509,0.024503484,0.023594318,-0.030246364,0.0098242955,0.032362506,0.0011784958,0.015880447,0.025202423,-0.045417298,-0.044849772,-0.060261957,-0.02268552,-0.075755,0.031089664,0.06697498,-0.028379282,0.015601377,-0.05279387,0.0033449922,0.035992637,-0.035364967,-0.012887299,0.021595763,-0.07728889,-0.066645324,0.014909459,-0.032459814,-0.06580374,0.045990683
-0.044997897,-0.024733651,0.05082707,0.064693786,0.041788306,0.017538039,0.022913044,-0.0122470455,0.0751128,-0.035558745,0.05079836,0.01811491,0.04642342,-0.04191151,0.07023199,0.06737058,-0.06771576,-0.040110838,0.05604905,-0.029642321,-0.016959455,0.050534405,-0.021862395,0.041670956,-0.047711506,0.0034977142,-0.015747134,0.0022240144,0.033985186,0.04718109,0.011098735,0.028045768,-0.03157482
-0.001505885,0.017656235,-0.0031707394,0.059288003,0.011233946,-0.05860326,-0.015673002,0.009352888,-0.01709184,0.023106603,0.027214276,0.038775716,0.0032955266,0.019756932,-0.021123355,0.027562361,0.07381975,0.02662886,0.054333165,0.01935969,0.026072858,0.05270417,0.05036231,-0.06854627,-0.054809216,0.02634089,-0.05952553,0.00046181484,0.013413993,-0.049298663,0.00482615,0.054734603,-0.028893258
-0.03385991,-0.026346888,-0.00652022,0.040622804,-0.011693653,-0.05442791,-0.030120373,0.007128922,0.00788687,-0.071365155,-0.027126828,-0.031924307,-0.05131713,-0.036198165,-0.044144295,-0.047703046,-0.040470336,-0.047024634,-0.03602562,-0.033715174,-0.01118234,-0.04737816,0.009117132,-0.032334078,-0.031575833,-0.05224238,0.036116354,-0.027935417,0.044837564,-0.011101209,-0.038272288,-0.015742235,-0.027226837
0.05059585,0.08255324,-0.035091933,0.04423043,0.016971368,0.052842956,0.008414523,0.02260065,-0.01000583,0.0719384,0.0380727,0.057219513,0.012983089,-0.01788328,0.024720488,0.016050337,0.011657443,0.030604733,0.02844104,0.055361714,-0.0016837041,-0.030596428,-0.016202118,0.050860282,0.03972022,0.045923926,0.0065775244,-0.0032142352,0.054859694,-0.006949435,0.020548109,0.031198027,0.03275335
-0.07074031,-0.027941002,-0.04598948,-0.0043717814,-0.038447198,-0.046397462,-0.06204658,-0.03649619,-0.024582146,-0.04934836,-0.02380167,-0.049602177,-0.023579124,-0.022579337,-0.022630911,-0.04906881,-0.051210195,-0.034167185,-0.038640905,-0.058600016,-0.046114463,-0.050689466,-0.01382957,0.012829984,-0.0473975,-0.051776607,-0.028138928,-0.03834391,-0.040793415,-0.030310374,-0.04006177,-0.028223298,-0.045508593
-0.049909897,-0.022620734,0.012544122,-0.008210949,-0.064126916,0.0024153995,0.0018280817,0.03122727,0.0073821447,-0.057394005,-0.029591672,-0.01589933,-0.031541776,0.0020860864,0.04891529,-0.063064426,-0.05024156,-0.037072256,-0.029534869,-0.063858144,-0.026134891,-0.042181928,-0.031912904,0.017931571,0.02838824,-0.061334178,0.0025447882,-0.06566124,-0.013146618,-0.034526583,-0.035758533,-0.044898156,-0.038881093
0.055357877,0.0020541276,-0.0058856825,0.03960496,0.04133449,-0.022166088,-0.012448661,0.016101707,-0.053659383,0.00026776,-0.0019589108,-0.04884957,-0.052374795,-0.016081704,-0.018342374,0.045681287,-0.035089932,0.070539564,-0.0126149915,0.011624048,-0.019856796,-0.0031068453,0.042989876,0.020554563,-0.0725442,0.053575378,-0.059224732,0.05361659,-0.017087743,-0.022204142,-0.014840401,0.023545362,-0.02655326
0.054191086,-0.028382175,-0.06535748,-0.021199934,0.014618814,-0.021883123,-0.022636726,0.0033623895,-0.03987885,-0.010589956,-0.003182151,0.010705762,0.0054551684,0.04082023,0.039775662,-0.053883128,0.01394915,-0.009470567,-0.07489287,-0.050062183,-0.08536653,-0.014542211,0.0067629465,-0.025877418,-0.06317428,-0.028655088,-0.051463716,-0.05590977,0.05371472,-0.080708995,-0.078538395,-0.050150942,-0.07470628
0.03231398,0.030862112,0.06372724,0.017650558,0.017616315,-0.009298268,0.008263148,0.03000912,0.017149368,0.0103442045,-0.03311387,0.06095916,0.005590726,0.038246866,-0.005520696,-0.04475025,0.0601882,0.02161818,0.0437131,0.07383435,0.06814984,0.054115128,0.07832046,-0.019651936,0.011938672,-0.015610827,0.0066800555,0.018274391,0.015495107,-0.007888553,-0.03711802,0.004404737,0.056678653
0.009637487,-0.01681356,-0.045110766,0.07094998,0.050452296,0.017175974,-0.011744096,0.023044383,0.006123522,-0.017622747,0.03869299,0.06324658,0.06431411,-0.06883866,-0.06055762,0.04679241,0.0675849,0.06176263,0.030294284,-0.036891066,0.031518426,-0.00027642646,-0.014161085,0.03341302,0.032079734,0.051517047,0.0050011957,-0.044266786,-0.05582255,-0.021697754,0.015777275,0.03489141,0.01205133
0.049025796,-0.0025483808,-0.041616473,-0.06314291,-0.033304796,0.021358207,-0.039914932,-0.011223142,-0.017882653,-0.06888225,0.055873234,-0.012716389,-0.01401767,-0.026703617,-0.05725995,-0.064456694,-0.021950597,0.045849405,-0.030032989,-0.037117157,-0.041652277,-0.04682204,-0.05200967,0.0075184656,-0.0092089465,-0.062083606,-0.025967743,-0.064554006,-0.004293803,-0.026134357,-0.02105118,-0.062125355,-0.011504624
0.027110515,0.05847722,-0.0031864485,0.020180274,0.033178415,-0.017869124,0.040425826,0.042947628,0.02284613,0.047035668,0.05032858,0.006772791,0.022645827,-0.03361567,-0.006011005,0.022390993,-0.011860556,0.04849385,0.062718056,0.05763604,0.060457636,0.021577768,0.06324667,-0.008252428,0.009525211,0.02638158,0.014173884,0.04128219,0.040815406,-0.014005565,0.043992795,0.05413103,0.054267287
-0.008381461,0.00701795,0.02889336,-0.016082248,-0.030471642,0.04273255,-0.028582057,0.006377108,0.039880212,0.030220073,-0.007814297,-0.06419454,-0.050415464,0.038663633,0.044870663,-0.029011952,-0.007852327,-0.014208732,0.061265618,0.03314867,0.04091421,0.019644711,0.048094988,0.02250433,0.039508276,-0.03325791,0.0660632,0.03273305,0.014355116,0.008047336,0.00010064306,0.0061368803,-0.038689602
-0.0659301,-0.0043004733,-0.065038934,0.004562411,-0.034319278,-0.02587101,-0.06972747,-0.04065115,-0.06633623,-0.023633134,0.057437375,0.04444786,-0.07629092,-0.03521901,-0.046512447,-0.033286575,0.07151716,-0.06492201,-0.04324584,0.07891658,-0.010319522,-0.043453284,-0.05979434,0.009526789,-0.07299419,-0.06757552,0.05540107,-0.0039786766,0.058363713,0.02632434,-0.017125376,-0.015328095,0.04183666
-0.014165578,0.008495261,-0.022330506,-0.040709183,-0.005166076,0.042119008,-0.0016967843,0.062265333,-0.007081521,-0.029745393,-0.01477127,0.008248943,0.034688395,-0.0498663,0.07593926,0.001097898,0.054062944,0.013445409,-0.024326531,0.07356084,0.087197885,0.0015838202,0.083872445,-0.07841483,0.019706676,0.03577056,0.06997169,0.0028222115,0.051348224,0.020081623,-0.007977632,0.046328884,0.07225443
-0.009905468,0.02374606,-0.013432638,-0.048645854,0.01768016,0.013069869,-0.006933952,0.041562285,0.034831587,-0.047981843,0.019177465,0.02498729,-0.0027198375,0.06109729,-0.028078038,-0.010065765,-0.005735192,0.047335126,-0.030787699,0.017925182,-0.025768187,0.072220445,0.03628461,0.020722827,-0.024062557,-0.052356143,0.037851453,0.008807528,-0.056604456,-0.04982062,-0.0062817857,-0.060155544,-0.025862865
-0.06778668,-0.061897,-0.061070595,-0.05439203,-0.032717593,-0.044761214,-0.07356184,-0.07234457,-0.029392246,-0.040883906,-0.032222882,-0.02383823,0.04813919,-0.055116802,-0.035645302,-0.0507396,-0.00026946666,-0.035407968,-0.037170433,0.016191838,0.016723307,-0.07081206,-0.056598753,-0.062132828,-0.019116836,-0.023876214,-0.06657143,-0.006759227,0.029157342,-0.009721015,0.03671966,0.0061276327,0.06586317
0.015725672,0.06073491,0.031067979,-0.0499344,-0.015414892,0.010212901,-0.023460303,-0.05987757,-0.07080945,0.05181845,-0.04037273,0.0069836928,-0.009572764,0.048022486,-0.032877438,0.039596885,-0.04244433,0.004096403,-0.028131813,0.0278969,0.04581258,-0.048119877,-0.036806818,0.016749263,0.054447822,0.012120848,0.013750221,0.018558713,0.070414856,0.070392534,0.049396224,0.02390904,-0.039494075
-0.019566225,0.03382768,-0.0296738,-0.050778072,0.02080537,-0.051366847,0.0566789,0.04729196,0.030856144,0.03526103,0.010829237,-0.010651442,0.073935255,-0.015646297,0.01817226,-0.054427423,-0.02084261,0.045422632,0.012858534,-0.08078754,-0.04116921,-0.07330483,-0.02425271,0.06981712,0.03477616,0.033873335,0.008071989,0.012159329,0.0055638785,-0.0036287163,-0.03991308,0.0040832963,-0.039208785
0.05904301,0.06218818,0.07226802,-0.075270355,-0.04878738,0.07753583,0.076071315,0.05350549,0.075638555,0.032271218,0.047355846,0.033492114,-0.037308116,0.011860937,-0.02823664,-0.054701913,0.021175884,0.012214011,-0.01406422,0.071873754,0.063631065,-0.051859394,-0.010628621,0.023547953,0.04086298,0.05342467,0.06759346,0.057260323,0.06219682,0.02246808,0.01904449,-0.069806814,0.008619756
0.02714838,-0.08374078,0.03368269,-0.05134139,0.020886352,-0.0069926684,0.06310063,0.0390475,0.043657105,-0.029150125,0.03839567,-0.052360516,0.06296845,-0.063790366,0.04520623,-0.044659317,-0.032042377,-0.00024669777,-0.073851004,-0.015457101,0.042460006,-0.06891438,0.014266671,-0.060516022,0.07651159,-0.04342227,0.044205833,-0.07973012,0.013853447,-0.056097563,0.010817077,-0.028611228,-0.02582929
-0.07137316,-0.028296063,-0.046961866,-0.05056005,-0.009226646,-0.018601773,-0.06271587,-0.037210647,-0.05697092,-0.05242536,-0.037306283,-0.03342566,-0.04161667,0.007892832,-0.034302972,0.0013215402,0.0058168634,-0.052699834,0.0028132978,-0.05040607,-0.073457256,0.009260665,-0.03784112,-0.06218428,-0.050216,-0.04196409,-0.04820708,-0.019978954,-0.02217282,-0.018701186,-0.012774663,-0.04369064,-0.03883773
0.031044748,-0.055578724,-0.03704127,-0.0031785634,0.013257904,-0.05183613,0.035111245,0.022672446,0.058628064,0.010992574,0.025107807,-0.0571147,-0.039201852,0.006517229,0.050983362,-0.066874795,0.04695811,-0.056704693,-0.044343237,-0.07043776,-0.07286058,-0.047643736,-0.011512796,0.029628359,0.0044107866,-0.07387863,0.020249251,-0.07645374,-0.07459095,-0.031781156,-0.056742586,-0.007892765,-0.050309632
0.04867532,-0.011602165,-0.052854016,0.07250993,0.049289845,0.07791859,0.051354695,0.06443481,0.010456163,0.07374126,0.032162853,0.022425707,-0.052711412,0.023171484,0.028104326,0.0088292975,0.004201176,0.070710644,0.07820637,0.056059375,0.034297094,0.03621938,0.043746844,0.04575618,0.03455646,0.06169484,0.07781631,0.030918397,-0.031385712,0.05621564,0.06980377,0.057282645,0.054927852
0.010786895,0.032662474,0.040465754,0.04518356,-0.025702786,0.02161654,0.036181144,0.0008161782,0.026563289,0.06458518,0.01501969,0.033557974,0.013508455,0.025204068,0.0060154125,0.028245902,0.064655915,0.010403228,0.018952388,0.04943692,0.019551916,0.023993595,0.03553259,-0.0019220255,0.023737729,0.021361206,-0.007057753,-0.019875731,0.0197225,0.048716113,0.032422867,0.019314742,-0.017500307
0.02174369,0.047830556,0.06264094,-0.0020049005,-0.007631014,0.02159739,0.0023180086,0.043143254,0.021003433,-0.0021780778,0.048368093,0.03813449,0.013798997,0.07261404,0.030990187,0.053725146,0.00027559503,0.043857537,-0.023133425,0.055146787,-0.004173377,0.06746899,0.008004943,-0.002193548,-0.0338284,0.063154116,0.0436526,0.02611924,0.018168576,0.01722957,-0.031109054,0.04713868,0.043684218
-0.039797578,-0.0558292,-0.028064894,-0.045068994,-0.06845935,-0.009978544,-0.050814923,-0.012673385,-0.047518883,0.030512055,-0.025831984,-0.0711328,-0.015388929,-0.037231997,-0.0725636,-0.057157174,-0.0508512,0.02170787,-0.069017194,-0.07004145,-0.05591841,-0.055359226,-0.037593406,-0.0061774408,-0.046149336,-0.06469833,-0.017494593,-0.013102158,-0.032534122,-0.029332459,-0.034149893,-0.04067026,-0.07560453
0.0040940726,-0.028404579,-0.022351626,0.0016929413,-0.029338537,-0.060203932,-0.00038898934,-0.041711498,-0.026413444,-0.037283022,-0.066408455,-0.0605889,-0.05494086,-0.06830198,-0.021959506,-0.034086514,-0.01885262,-0.071817145,-0.009131151,-0.0524382,-0.046127614,-0.04993316,-0.017049028,-0.04296933,0.02647629,0.011281717,-0.07226631,-0.013119928,0.012992422,-0.010268219,-0.029831417,-0.030586673,-0.063709095
0.053084385,0.052673046,-0.023667164,0.057538267,0.047467124,-0.01607247,0.0010848579,0.064738415,0.024349013,-0.022504127,0.06714813,0.053210612,0.077429585,0.008098083,0.03780966,0.049164664,0.0751749,0.046250254,0.03032647,0.02964447,-0.0050783143,0.073451675,0.07211635,0.06802005,0.02679486,0.047709215,0.07518237,0.08004723,-0.037066255,0.029371556,0.019219154,0.07036011,0.036173824
0.039803416,0.010609759,0.052939754,0.07232039,0.060709316,-0.03339604,0.014513977,0.03645143,0.040611267,0.055003807,-0.022791626,0.042901624,-0.025575615,0.061350163,0.039710116,0.0327453,0.050858118,0.018743014,0.02701276,0.003550049,0.011967756,-0.05962475,0.030622205,-0.0028494953,-0.06613941,0.04850123,0.0023438758,-0.010122686,0.036213364,-0.023717867,-0.056871943,0.016520783,0.01817079
0.07341111,0.04075466,0.047439437,-0.016313046,-0.013203754,0.05589237,0.03555425,0.0545661,0.02746852,0.06752798,0.017619114,0.02159953,0.02141697,0.04992502,0.061588645,0.039503068,0.0043285782,0.009777444,0.018368078,-0.026213108,-0.020295434,0.042951442,-0.0018467767,0.028138548,0.068632364,-0.028454207,0.026894845,0.053933483,0.072631694,0.07369042,0.0050215614,-0.015015431,0.028543316
0.041109953,-0.020169167,0.05196916,-0.034212288,-0.053911038,-0.025131302,0.015792955,0.05105713,-0.0060175187,-0.017202964,0.0016944328,-0.058037087,0.022980941,-0.07732054,-0.07096638,0.036667716,-0.01733531,-0.037242718,-0.032152385,0.025771564,0.043604687,0.039306242,-0.038821984,-0.021258784,0.025274087,-0.0034506456,0.02771538,-0.005858383,-0.0357713,0.012580752,-0.061660167,-0.051847994,-0.01599004
-0.025156321,0.06635582,-0.04701863,0.0070972773,-0.00014205938,-0.05566327,-0.009597451,0.041396238,-0.024444805,-0.04763042,-0.06647901,-0.039353233,0.007398371,-0.013617871,-0.036533795,-0.036484767,0.018013487,-0.03838411,0.042598255,-0.03558904,-0.076433,-0.0010129667,-0.029578267,0.012948989,-0.025368957,-0.03585673,-0.053738844,-0.030397527,-0.0187617,-0.062850446,-0.018607678,0.0013626319,-0.016560476
-0.015786078,0.0074254205,-0.014397847,-0.02410405,0.009776722,-0.009518559,0.019928865,0.04025163,-0.0049421205,0.024942778,0.053206794,0.024949582,-0.025952298,0.046992924,0.035486117,-0.014522242,0.017485708,0.053166546,0.0020260967,0.0005985196,-0.031409875,-0.04385629,-0.005443055,0.047886733,0.017580863,0.030906348,0.032027937,-0.056700226,0.021217205,0.005888425,0.039870713,-0.068173364,-0.012151538
-0.013405816,-0.04915589,0.0015361384,-0.016768198,-0.06136086,-0.031622577,0.005136784,-0.0006966129,0.00026867437,-0.04563824,-0.031358656,-0.044441015,-0.05804408,-0.012319618,0.00014373429,-0.05063376,-0.0572743,-0.021953577,-0.02386608,-0.03678657,-0.0003202128,-0.046921264,-0.058292393,-0.031878393,-0.031498972,-0.025311764,-0.02088978,-0.055799313,-0.03984861,-0.027351398,-0.031807095,-0.07163938,0.0073555587
-0.061415393,-0.07929008,0.04039941,0.0360866,-0.0522058,-0.030704008,-0.03148822,-0.04606302,-0.030711206,-0.059876002,0.016352428,-0.05078486,0.009270609,-0.055681318,0.036755685,-0.03427539,-0.06522929,-0.030833201,-0.0068306304,-0.05404615,-0.01752932,-0.05477002,-0.07345061,-0.028747303,-0.02195055,-0.059420038,-0.014414223,-0.058649648,-0.07387873,-0.010150731,0.021107698,-0.0457276,-0.04275037
-0.0037836013,0.050025515,0.016529825,0.0633908,0.035698134,0.081421256,0.032408193,0.026454717,-0.06730361,-0.021022009,-0.053613435,-0.010808452,0.033526395,0.034674365,0.049352076,-0.07239632,-0.06557927,0.008946902,0.025826478,0.01102832,0.020606602,-0.05641992,0.06739933,-0.009247595,0.03215379,0.067093275,0.045913383,0.007919664,0.06739119,0.02321501,-0.06446637,0.0013380861,-0.007603236
0.053339683,0.020427834,-0.008038522,-0.05591532,-0.06813996,0.013526478,0.021708954,-0.060831852,-0.06230228,0.019789059,0.075485975,-0.06724977,-0.021951621,0.07597467,0.07509127,0.035338305,0.025905846,0.05700286,0.07259274,0.035355438,0.017876625,-0.012286142,-0.050272234,0.035755944,0.016936742,-0.05951223,0.07230382,-0.002245746,-0.0434477,-0.0029909133,-0.056213595,0.04283624,0.06922951
-0.007352713,0.06928927,0.0021649844,0.042044245,0.07014016,0.07039037,0.045313366,0.03568541,0.0054865135,0.07149446,0.013344526,0.06710291,0.0029854518,-0.008713309,0.044078954,0.01933048,0.0521155,0.040063236,0.06044567,0.07749322,0.014697357,0.044210434,0.03144692,0.05092509,0.023062786,0.02789561,0.07026342,-0.0349856,0.059825428,0.07191424,0.044053223,-0.029451475,0.05715411
-0.036888886,0.026493987,-0.043323632,-0.0061192084,0.079562336,0.04684372,0.044631578,0.031556215,0.056337178,-0.054008428,0.043252714,0.02456293,-0.045591474,-0.07349544,0.04682329,0.03743941,0.034548383,-0.057695627,0.023046317,0.009795241,0.012771559,0.019273723,0.036024813,-0.012073687,-0.04763069,0.007288166,0.021023022,0.00011863116,0.018975582,-0.0114135295,0.026469033,-0.07016451,-0.07232791
0.052089516,-0.0015197301,0.046433862,-0.018129759,0.003380711,0.011124725,-0.014098825,-0.035708416,0.025163045,-0.045820124,0.07797323,-0.04296617,0.038696777,-0.044974003,0.025021337,0.036415737,-0.014672169,0.031568713,0.033350416,-0.05093022,-0.026945679,0.070764564,0.06177482,-0.02050586,-0.029142838,-0.008538979,0.0020065561,-0.05288164,-0.059670642,-0.071782626,-0.04210315,0.031406086,0.053170275
-0.062094767,0.06819008,-0.03419868,-0.031507,0.05349558,0.0021716487,-0.013758933,0.046197392,-0.05677715,-0.020992938,0.018660417,0.057622492,0.072107896,0.03180634,-0.02845772,-0.010032875,0.054724548,0.021781057,0.061828244,0.00077822054,-0.015208062,-0.058229152,0.05017028,0.025436856,0.059289582,0.021389155,-0.05097042,-0.0068685543,0.058175575,-0.027828008,-0.00069951115,0.023595031,-0.031644836
0.0013279599,0.029439285,-0.06489983,-0.056967758,-0.011428069,0.077416204,0.009821239,-0.034172375,0.055482298,0.055117927,0.03053104,-0.0039044512,0.04889165,-0.028406866,0.021014195,0.056606922,0.045050606,-0.000647386,0.044489905,-0.033045575,0.043160353,0.0020584143,0.055464316,0.07936487,0.06363169,0.039892886,0.0024006004,-0.011598453,-0.042542536,0.045096397,0.05602842,0.03370339,0.056245264
-0.026430713,0.03870548,0.05612501,-0.009072269,0.027036324,-0.045017578,-0.017472364,0.019205658,-0.027585663,-0.03201308,-0.0002682687,-0.019671153,-0.015632778,0.013037664,0.02324931,-0.0073653315,0.040696606,-0.059818078,-0.0018869786,0.024044074,0.0181971,0.04526117,0.06270403,0.061415568,0.021551633,-0.005187287,-0.010242858,0.05759478,0.044981882,-0.027097773,-0.033740304,0.05497512,0.0073859487
0.05773569,0.019862266,-0.015392547,0.07393177,0.04344909,-0.04835839,0.048913594,0.05530739,0.025184358,-0.060047485,0.022474922,0.033500243,0.06464717,-0.0048332494,0.051068135,0.058425084,0.013722845,-0.06998709,0.05511662,-0.03487338,-0.024885412,-0.015785119,0.027293162,0.02782326,-0.040908027,0.033318743,-0.049219355,0.047074877,0.05559632,0.009769681,-0.05456915,-0.04370573,-0.02352135
-0.071838334,-0.061759282,-0.024105184,-0.0036912775,-0.020134807,-0.07597573,-0.04215374,0.056180883,-0.0078265825,-0.020128578,-0.06001211,-0.059633195,-0.026381351,0.016859643,-0.07432605,-0.062306687,-0.06751728,-0.05217382,-0.0075929603,-0.058925286,-0.074804835,-0.049927134,-0.03307791,-0.068126075,-0.06459695,-0.0032553687,-0.07279606,-0.041512303,-0.025685877,-0.0550026,-0.0680643,-0.057081584,0.046413336
0.073889606,0.085480034,0.008611637,0.04816827,0.07997646,0.08459864,0.012148777,0.08236019,0.05898121,0.07541526,0.04404661,0.07161657,-0.05857235,0.070968725,0.038551837,-0.07153202,0.0742342,0.080077186,0.07368459,0.083710596,0.08892902,0.060545865,0.08571002,0.045062304,0.059862234,0.060641866,0.08422834,0.06576291,0.019981122,0.07214808,0.07734054,0.065811,0.07813108
0.01952767,0.034042813,0.06984677,0.04746705,0.059618343,0.019335376,0.06155366,0.041325353,0.07434388,0.05638343,-0.00033598804,0.05325087,0.053503096,0.002764694,0.039516658,0.06566155,0.06384351,0.046930492,0.030856634,0.07165637,0.045618605,0.06908755,0.036569033,0.003379936,0.04785733,0.051426593,0.043636054,0.06619141,-0.0007516292,0.05526028,0.013864765,0.030444462,0.059911385
0.047138736,0.034812205,0.005049303,-0.001908713,-0.057063695,-0.020123783,0.03036069,-0.030031994,-0.03387541,0.03313626,-0.044561032,-0.05944161,-0.0253585,4.1457413e-05,0.019562807,-0.040600643,-0.043182902,-0.01364195,-0.000481063,-0.010308341,-0.073906004,-0.052138828,-0.05882368,-0.07638964,0.0018735854,-0.0011240377,-0.058929443,-0.00891609,0.013627123,-0.061370965,-0.049770504,0.03405489,0.01173428
0.022778632,-0.06544839,0.015290182,-0.0084944265,-0.012073619,0.04618824,0.030079018,0.008858794,0.07825238,0.025713947,-0.042080358,0.055490497,0.06264041,0.051416326,0.07532609,0.038701423,-0.06794689,-0.0054609114,0.013727929,-0.081455655,-0.051035654,0.016949724,-0.07891748,-0.043274038,0.058842316,0.03966706,-0.02169283,-0.004995683,0.052085362,-0.007557013,0.035480153,-0.028289048,-0.04384806
-0.05658244,-0.067409374,-0.03118878,-0.06350404,-0.047253095,-0.06487603,-0.034736987,-0.037331294,-0.035860937,-0.06806644,-0.06347974,-0.07081463,-0.055826433,-0.058749154,-0.047723025,-0.057882037,-0.06153723,-0.07801479,-0.068439655,-0.07930859,-0.08170632,-0.06292239,-0.08181333,-0.049722355,-0.046343006,-0.05690088,-0.062506504,-0.037605688,-0.05128929,-0.029881028,-0.04719249,-0.059533253,-0.04120346
-0.0077614826,0.020230584,-0.039369583,0.028882157,0.03804689,-0.016006233,-0.021373628,-0.022451816,-0.011305274,-0.03846887,0.011234645,0.036310136,-0.0055413544,-0.012298089,-0.0004770028,0.036469262,-0.021489372,0.041279994,-0.034569174,0.01812783,0.0042861975,0.025936991,-0.026482904,0.011889617,0.040623464,0.025586437,0.014379835,-0.001822259,0.0554664,-0.03316135,0.03337785,0.047239665,-0.038830314
-0.019612977,0.020492053,0.031042265,0.030043542,0.042495012,0.0672814,0.053947665,0.051390994,0.01626558,0.053430066,0.04677038,0.03211879,0.018660238,0.041656993,0.031715587,0.058260646,0.041092917,0.041620623,0.0504996,0.037900146,0.040148895,0.011212883,0.03696105,0.053314246,0.06255497,0.026624922,0.055773996,0.04323696,0.05994921,0.044148825,0.04596965,-0.0032463165,0.023420962
0.04988247,0.0017000316,0.06415537,0.044657707,0.053055786,-0.07514416,0.022486089,-0.021839172,0.064964145,0.048990447,-0.050147247,0.06886085,-0.0067830477,0.056149237,0.0768684,-0.0722929,0.030689368,-0.040301856,0.04664968,0.00062277954,-0.01145964,-0.024094757,-0.029097935,0.012429841,0.059834223,0.061967768,0.01851556,0.009073673,0.03690709,0.07312815,0.00018032752,0.038094223,0.07252454
0.0330885,0.03384818,-0.051600903,0.060003333,0.05303349,0.033808626,-0.0613547,0.027526218,-0.0135055045,-0.019969288,-0.010075119,0.047182005,0.015651481,0.040678147,0.041961692,0.026096502,0.044849385,0.03674649,0.057868164,-0.016343288,-0.04503708,-0.009741298,0.039018396,0.07320487,-0.01049316,0.04734474,0.024056172,0.04027137,-0.028175658,0.057730217,0.051564243,0.06662961,-0.0039107273
-0.028516881,-0.04467832,-0.050980523,-0.029158939,-0.045436636,-0.033744298,-0.051145952,-0.05860342,-0.0316339,-0.057584308,-0.023174183,-0.052721415,-0.048423823,-0.029083481,-0.04259048,-0.050215617,-0.05678597,-0.06561421,-0.05807346,-0.050539292,-0.030970523,-0.067089655,-0.02274571,-0.007401784,-0.056934744,-0.030184662,-0.050469656,-0.038877334,-0.02141402,-0.008754912,0.010445855,-0.017181773,-0.055921752
-0.012015491,-0.081148714,0.035616748,0.07161645,0.0073059974,-0.0038682134,0.06370943,0.05715698,0.066023335,0.06162079,-0.0413617,0.05146515,-0.07942573,0.06792392,0.061043948,-0.045939792,0.0016312107,0.072069034,0.06907404,0.00858293,-0.028053684,0.022275668,-0.045426127,-0.062491268,0.0008478046,-0.02613326,0.05460187,0.036150575,0.029135222,-0.030094681,-0.02360063,0.004303017,0.024864774
-0.08325982,-0.04905275,-0.076327085,-0.0769866,-0.082815476,-0.083340354,-0.0796793,-0.08263783,-0.07817447,-0.07814402,-0.07849751,-0.054731663,-0.08438744,-0.08109001,-0.07895474,-0.0752522,-0.001773723,-0.07414172,-0.012203545,-0.060393434,-0.017442305,-0.07673535,-0.07738301,-0.06873865,-0.08112531,-0.072268814,-0.07354079,-0.08548141,-0.07828029,-0.079789385,-0.085817635,-0.0830255,-0.07723792
0.051186178,0.07725349,0.052664656,-0.015449206,-0.00015662373,0.07362528,0.057245012,-0.057328917,0.05291551,0.017605545,0.079672195,0.051761556,-0.07536228,-0.050342925,0.039864514,0.022448367,-0.027358918,0.048216287,0.0058220197,0.016293844,-0.023300925,0.017816456,0.07274149,0.07215377,0.032125857,0.06647358,0.08001969,-0.05950503,0.053650536,0.07266069,0.050163146,0.06873428,0.07408036
-0.03425475,-0.02669826,-0.050015017,-0.05534598,-0.04787793,-0.06135132,-0.05749605,-0.03921815,-0.0032112882,-0.0066442695,-0.05215976,-0.04042257,-0.06770089,-0.034849714,-0.07337386,-0.042179365,0.010073265,-0.041280895,-0.042709935,-0.069240294,-0.045843787,-0.034003112,0.020674499,-0.08208279,-0.013606926,-0.051185716,-0.08496446,-0.06322689,-0.03362073,-0.049830608,-0.060331576,0.004648391,-0.05883544
-0.00010737496,-0.0109981075,0.0134391785,-0.06627508,0.028777823,0.033714794,0.06390539,0.07017863,0.06925311,0.014935044,-0.007108927,0.016576612,0.06888243,-0.05329766,-0.038322356,-0.016949784,0.032242086,0.0033091402,0.029515114,0.023042286,0.017316673,0.06892849,0.07045686,-0.03865936,0.07677738,-0.03316998,-0.0020304653,-0.012276723,0.015694303,-0.032017495,0.02798964,0.009950767,0.06355092
-0.014065099,0.039471027,-0.0626071,-0.06964572,0.04765358,0.014987136,-0.018290827,-0.022781987,-0.04764513,-0.04084863,0.004981515,-0.036662664,-0.048796516,-0.0369168,-0.066793874,-0.008407929,-0.04428755,-0.034276586,0.00054121116,-0.04085459,-0.057043295,-0.030145347,-0.04815463,-0.020994801,-0.053277027,0.016686372,-0.064009614,0.0020775078,-0.027636454,0.024275353,0.03313922,0.05453035,0.016006308
-0.050154984,0.0059823473,-0.0003922319,0.0517715,0.031105207,-0.035972632,0.02429123,0.00069090043,0.0067497417,0.058284182,0.01143996,-0.0017199956,0.0028294474,0.00046190264,-0.003139914,0.0061416547,-0.041626554,0.027894417,-0.02943663,0.037405808,0.02206176,-0.016663775,-0.029816145,-0.012746412,-0.0075154826,-0.028107112,-0.04062656,0.0005746063,-0.007091855,0.0057987315,-0.036758065,-0.015195475,0.0009520672
0.03824846,0.03606437,0.047765233,0.03754472,0.041496005,0.008326278,0.053493276,0.033443786,0.05668286,0.025847716,0.035673365,0.06720068,0.061033066,0.057424247,0.07291362,-0.0008765348,0.060222965,0.02011621,0.05996209,0.060668163,0.015544961,0.04126357,0.061966985,-0.011059156,0.049237486,0.048447307,-0.026469612,0.004399223,0.046214286,0.03406355,0.06845796,0.05246201,-0.003249902
-0.018143982,-0.023337398,-0.038391054,-0.04011649,-0.009392182,-0.06415659,-0.028657671,-0.022110857,-0.06249333,0.009537756,-0.029381983,0.061628737,-0.00730927,0.02015747,-0.019410392,-0.024840998,-0.054903675,0.07679189,-0.060887765,-0.02626438,-0.0788231,0.020289337,0.04491607,-0.035836793,-0.020091651,-0.04978361,0.06947616,-0.05075126,-0.0022892891,-0.06315823,-0.036709875,-0.06545601,0.0137503
0.06412299,0.06101305,0.0662867,0.07167023,0.055240653,0.025283165,0.056792047,0.05653531,0.008148342,0.07335462,0.025923917,0.052918337,0.06744632,0.06900811,0.013621904,0.067496814,0.06616934,0.026883923,0.032185916,0.05774999,0.06390158,0.06152409,0.05227449,-0.0333963,0.04171857,0.04125482,0.046700608,0.057026457,0.027810369,0.027456721,0.021152891,0.07451076,0.029082965
-0.038157698,-0.064871185,-0.07336181,-0.028731251,-0.0042204056,-0.061425228,-0.03921118,-0.026319358,-0.059185088,0.025301956,-0.07298929,-0.061425447,-0.07299728,-0.008846343,-0.07371244,0.037483957,-0.017302878,-0.05250699,-0.06353786,-0.06130722,-0.059621885,-0.069043115,-0.030295389,-0.06429696,-0.04413688,-0.05818043,-0.07885185,-0.048008945,-0.051403094,-0.047436863,-0.032154292,-0.01561616,-0.06363374
0.038480513,-0.010980528,0.00061253406,0.014618093,-0.02565864,0.000593013,0.055929992,-0.026943361,0.020353079,0.017998533,0.03548063,-0.033296764,0.026358245,-0.022838151,-0.05079492,0.052731846,0.0013100908,-0.0064716246,-0.036509812,0.0023416243,0.008371902,-0.034491003,-0.004451321,-0.028248059,0.0027567772,0.021415478,-0.0056393635,0.015537578,0.033673767,0.023227485,0.054002292,0.05400976,-0.0067102127
-0.03698362,0.03963406,0.021277156,0.025987148,-0.034643393,-0.06697513,-0.04757509,-0.0028625424,-0.07638111,-0.054906216,0.0640673,-0.04759145,-0.04607486,0.0420906,-0.016523657,-0.06566085,-0.023489458,0.040894277,-0.049514063,0.050543014,-0.043942366,-0.042493194,0.0680921,-0.042241238,-0.00268633,-0.04730187,0.044864826,-0.06719026,-0.06030303,-0.04958838,-0.055185672,-0.005845505,-0.038599946
-0.015170605,0.026650956,-0.066414766,0.015100244,0.06747222,0.074571125,-0.026580147,-0.035655677,-0.0383897,-0.049514133,0.0277272,0.0028728703,-0.05403921,0.037470978,-0.014110982,-0.05397406,-0.009635711,0.07410791,0.056344274,0.06939494,0.019962888,0.015939647,0.071434125,0.068884596,0.05780914,0.06997028,0.047401648,0.024261918,0.06378804,0.07031272,0.06725449,0.04224413,0.028341243
-0.0425212,0.027334575,-0.025730759,-0.025668046,0.020751812,-0.04994132,-0.0017636265,0.040336438,0.037675966,-0.06252127,-0.005199741,-0.0050061396,0.0074744294,0.0022189082,0.042323362,-0.06021823,-0.002472868,-0.054091316,-0.02284746,-0.02934946,0.0011296556,-0.028629426,0.057128564,-0.040638674,-0.06990331,-0.053477928,0.0589631,-0.029416488,0.047449477,-0.05813361,-0.038434908,-0.0330448,0.0040168134
0.0267768,0.014429092,-0.035352245,0.052661072,0.03784476,-0.06696795,0.018449996,0.017246252,0.023987213,0.0026675784,-0.021897212,0.0028616192,0.02739594,-0.030559944,-0.0025744599,0.050047375,-0.03236269,-0.024267925,-0.0674226,-0.0049442057,0.05052958,0.034662377,-0.0013419267,-0.06813151,0.020835068,-0.07092961,-0.024134504,0.007209911,-0.032509502,-0.03568076,-0.06062941,-0.011724953,-0.012568942
-0.079304606,-0.08744736,-0.07387692,-0.072434045,-0.0801906,-0.08447058,-0.073705435,-0.08034549,-0.07775313,-0.07928369,-0.0786568,-0.078302555,-0.080237925,-0.07753231,-0.0721131,-0.07388078,-0.0758643,-0.079930104,-0.07732116,-0.08213765,-0.08789642,-0.077132255,-0.083721556,-0.082594834,-0.08123438,-0.07413142,-0.09294523,-0.080867276,-0.0784614,-0.08705245,-0.08371012,-0.080445066,-0.077170156
-0.0046814648,0.038158793,0.0722072,0.01871801,0.0020580748,0.067677625,0.06048845,0.05085454,0.064895324,0.020002812,-0.015378789,0.013192227,-0.0063099335,0.071912535,0.0074231825,-0.039654784,-0.020450257,0.0041369935,0.05136333,0.037822895,0.048281763,-0.031119674,-0.022931717,0.060668424,0.0020836324,-0.008620087,0.07014981,0.037989542,0.047205422,0.04287996,0.042541683,-0.047925428,-0.0100399405
0.018064931,-0.017527502,0.027529834,0.020294389,-0.0010236155,-0.05895273,-0.013830966,-0.0069560967,-0.056319404,0.01031432,-0.07640656,0.013566549,0.068293646,-0.054718025,-0.0049489764,-0.039199468,-0.017187424,-0.07801341,-0.04184295,0.058000054,0.046456594,0.012166405,0.01819409,-0.010702193,0.036060803,-0.039626632,0.024064785,-0.002934469,0.06158541,-0.058094703,-0.077939704,-0.012114102,0.05557797
-0.08323788,-0.04362553,-0.076256745,-0.0705757,-0.0805913,-0.076144725,-0.07922541,-0.08092972,-0.07844011,-0.07916304,-0.07880196,-0.05902358,-0.07424667,-0.08199508,-0.07864624,-0.07297451,-0.045041244,-0.082081884,-0.07356287,-0.057281204,-0.08935986,-0.023239687,-0.0503586,-0.08211553,-0.081811145,-0.07741253,-0.08886843,-0.04888009,-0.059192758,-0.08341012,-0.08630274,-0.0798607,-0.077604294
-0.03158359,0.013800753,-0.06258634,0.07436824,-0.031318698,-0.03876539,-0.06956762,-0.053841382,-0.07764164,-0.06382499,0.014658567,-0.039584573,0.01561149,-0.06481828,0.05776545,0.039669387,-0.019305846,0.001651575,-0.06954167,0.0272018,0.05924946,0.003052849,-0.00590487,0.06602446,0.051018436,0.022177959,0.019640751,-0.07571938,-0.06279331,-0.0088302875,0.0029143125,0.038943104,0.012446277
0.022981074,-0.078052066,-0.02181417,-0.0465779,-0.048757907,0.025975615,-0.04831531,0.009567037,-0.055675413,-0.0127567155,-0.0069476734,-0.030371612,-0.059853237,0.0147858085,0.02117322,0.012136214,-0.04466145,-0.017920768,-0.007527134,-0.0027034264,-0.027433095,-0.033415746,-0.07360153,-0.043803647,-0.0120357005,-0.009979219,-0.019532211,-0.031917267,-0.026958242,0.0030924615,0.04861827,-0.054240983,-0.02095331
0.07991878,-0.008827819,-0.042181607,0.03998998,-0.030078705,0.011682269,-0.00016655892,0.039338067,0.027554564,0.040288236,0.015989985,-0.012025291,-0.020756314,0.025560975,-0.0053055915,-0.048964918,-0.055194017,0.03463185,0.0064158286,-0.046246964,-0.07118962,-0.06909836,-0.043427892,0.06492371,-0.054892477,-0.06095172,0.06362477,-0.056935485,-0.00840953,0.044838298,-0.0030733307,-0.03365246,0.022876112
0.05533686,-0.039277658,0.027018689,0.024978366,0.03133177,0.048052017,0.009196953,0.03375977,0.0066948812,-0.027696045,0.045095507,0.051967945,-0.019504977,0.07254072,0.04153374,0.035809908,0.034549076,0.040027466,-0.009777224,0.069745526,0.038621522,0.04876229,0.033548303,0.03450475,-0.058397077,0.05433284,0.049049966,0.03172722,0.05547763,0.030861773,0.02639068,0.07087866,0.050696377
-0.042982165,-0.051785406,-0.047640298,-0.07313955,-0.07337923,-0.04743399,-0.06343629,-0.07173051,-0.07307482,-0.03964779,-0.01986399,-0.05874753,-0.050361507,-0.05556595,-0.06259336,-0.07083129,-0.030229462,-0.03279997,-0.069499195,-0.031529192,-0.047089726,-0.06177392,-0.06860539,-0.073654845,-0.072574586,-0.07235498,0.008018239,-0.033156715,-0.018471332,-0.04841037,-0.06899304,0.009597882,-0.059385605
