,apple,asparagus,avocado,banana,blueberry,broccoli,carrot,cauliflower,celery,cherries,coconut,corn,cucumber,eggplant,garlic,ginger,grapes,lemon,lime,mushroom,olive,onion,orange,peanut,pear,pineapple,plum,potato,pumpkin,radish,raspberry,strawberry,tomato,watermelon,kiwi,peas,pickles
fruits and vegetables,0.3522042248764594,0.3420979041688308,0.3305817672466176,0.35306671017998414,0.3010415258850574,0.48908543566697904,0.49500807125390656,0.40711836023183334,0.41790531885733295,0.3734024771954476,0.31509593403333125,0.39945190396105,0.4740891771237602,0.4462313919809908,0.3054969341468605,0.15640819306383313,0.4872802999375636,0.31343350485062427,0.28941631661625156,0.30619082453196766,0.32248944074957686,0.3115187242767501,0.3316143758855026,0.3224861897974055,0.3580244621622253,0.37069627731316457,0.35956969599206345,0.30550922569615646,0.3133347447599816,0.407211513620206,0.2630909193816282,0.3137417216665357,0.4010864613362183,0.4969113212288625,0.3655381961038475,0.3927504235203727,0.2878916432736025
