,ambulance,blimp,bus,canoe,car,helicopter,hot air balloon,jeep,motorcycle,parachute,rocket,roller coaster,skateboard,sled,stroller,submarine,tank,tractor,train,truck,unicycle,van,wheelchair,golf cart
vehicles,0.30469343788919523,0.30422589277504564,0.336316393088392,0.2290326322628845,0.5936130055426065,0.33728392978167565,0.24081683088022365,0.38209051159093654,0.477468508798208,0.34230188334809697,0.3470833036822627,0.195601216106424,0.3656747465628656,0.3054341479075594,0.3123273589187723,0.2190978506042225,0.4371392241289649,0.42260877914510697,0.2832245235267494,0.5942969542714531,0.3444826606014847,0.33940414040901445,0.40929986991379386,0.3589582709855035
