Vehicles,airplane,ambulance,anchor,blimp,bus,canoe,car,golfcart,helicopter,hotairballoon,motorcycle,rocket,sails,ship,stroller,submarine,tank,tire,tractor,train,truck,unicycle,van,wheelchair
-0.045692537,-0.05951832,0.02962657,0.026312422,-0.009131248,-0.042996623,-0.0018990353,-0.06961985,-0.025608687,-0.002509941,-0.0015618955,-0.049940452,-0.014905667,-0.023917379,-0.06481604,0.043827288,-0.043033216,-0.05306418,-0.06883967,0.027555704,0.010043358,-0.029463893,0.041202437,-0.033168484,-0.059862595
0.023288187,0.06107446,0.039823607,0.0058839004,0.033495106,0.020371707,0.026800638,-0.0038794868,0.032704,-0.04071106,0.008202962,0.03983864,0.007520038,-0.050286174,0.0060861968,0.03313969,0.020219708,0.018298196,0.009035547,0.031436637,-0.019394318,0.044320814,-0.028593933,0.03608913,0.019581314
0.041308846,0.046491724,-0.020924322,-0.019251421,0.013394735,0.016790075,0.032121893,0.04288933,-0.0057419576,0.04462323,0.08093256,-0.009237516,0.048487395,0.033976424,0.009359727,-0.032630507,0.050003,0.04102656,0.066225536,-0.03735734,0.056752373,0.031445526,0.047885366,0.031189132,0.059885025
0.027425813,0.0511245,0.03618634,0.009843367,0.011916005,0.0641713,0.058349654,0.06892094,0.06634216,0.066866055,0.03906387,0.020976301,0.046644032,0.04769055,0.06713634,0.069519125,0.040891096,0.053014833,0.046941373,0.044016767,0.054981194,0.061440427,0.05147266,0.0664233,0.06408293
-0.023030244,-0.008658065,0.070273004,0.024188912,0.0031637007,0.05038281,0.006041466,-0.030753886,-0.013968807,0.0491647,-0.014678336,-0.014315273,0.004137765,0.01177966,0.021357164,-0.057434265,-0.024070108,-0.011831541,0.04198503,-0.002271868,-0.05355576,-0.008454128,0.052317515,-0.014073868,-0.026466187
0.013221223,0.01948115,-0.058378555,-0.004740591,-0.06670523,0.041441128,0.06152866,0.044644866,0.03335953,0.06561379,0.045090634,-0.057097737,-0.05618554,0.023635034,-0.025407622,0.054162156,0.0067502945,0.038618904,-0.011728921,0.0180942,0.055013366,-0.052623183,-0.0014852113,0.036130298,0.0012068978
-0.04460895,0.07388681,-0.046859983,0.0077189,0.042582333,0.052815553,0.07762764,0.027252913,-0.017103387,-0.00145825,0.06090771,0.020296749,0.055299554,0.065583035,0.030546382,-0.04494043,0.063180074,0.00015239435,0.037550136,-0.015969977,0.029013472,-0.03788501,0.051971514,0.042545836,0.041401137
-0.0050310167,-0.021770643,0.025510566,0.06436587,0.005152958,-0.011775687,-0.025154108,-0.053994846,-0.058623236,-0.0043146135,-0.04388622,-0.03331676,0.004392609,-0.022275094,-0.023889193,0.0026035712,-0.006057717,0.0041549406,0.0019926245,-0.023650467,-0.010474222,-0.017686429,0.027977275,-0.06747123,0.0016148903
-0.06533676,0.015147496,-0.03553929,-0.031222252,-0.034711063,0.035840206,0.012504404,0.011066069,-0.014355759,0.03727731,-0.02851155,0.018434936,-0.03595018,-0.041358534,0.039334737,0.062671624,0.0032674812,0.008676248,-0.049633864,0.052686036,0.039252426,0.013635891,0.046556666,-0.05320875,-0.006187279
-0.035701245,-0.010499622,-0.056294154,0.01779764,-0.020038944,-0.014695101,-0.0037725517,-0.038526513,0.024279462,0.0033482395,-0.011437866,-0.014445999,0.02963332,0.010321997,-0.061840504,-0.05928657,0.008833466,0.049683057,0.059491243,0.039436404,0.007930949,-0.019844953,0.042603526,0.016678266,-0.0033330284
0.044213198,-0.039600108,0.08714208,0.022293491,0.03566085,-0.036769982,-0.043235898,-0.05655662,0.03710369,0.011735324,-0.020954093,-0.06560547,0.029914105,0.013217572,0.048202645,-0.016594926,0.0046554953,0.047933873,-0.021927597,0.027807862,0.008579776,-0.008503169,-0.018962728,-0.02875731,0.07194007
0.04132348,0.025229326,0.002075866,0.023259912,-0.011936895,-0.040264465,0.011005476,-0.020124469,0.06890565,-0.0042114067,-0.053920817,-0.045351155,0.05774869,-0.04411557,-0.012124345,-0.05008321,0.032778177,0.0794832,-0.023723379,0.07985917,0.055552278,-0.004042144,0.023609702,-0.019555135,0.0072584497
-0.022697438,0.04995284,0.002445796,-0.06041894,0.067082725,0.013186539,0.008410292,-0.045041535,-0.0059639337,0.012817894,0.057937074,0.032100063,-0.06926704,0.037194975,0.017329438,-0.024688045,0.04215535,0.00084029994,0.04780083,-0.021993492,0.0019421477,-0.017982075,0.047275003,-0.047889926,0.05701287
-0.04594484,0.020353924,-0.05639822,-0.037624042,-0.024942268,-0.030390585,0.010417399,0.04118852,-0.01648643,-0.052597985,-0.04156435,-0.025182081,-0.02809299,0.009795281,0.0054544862,-0.05154976,0.00021821294,-0.040987674,-0.030401817,-0.03589981,-0.019150026,-0.027885858,-0.0366362,0.012934042,-0.030917075
0.04560706,0.029963054,0.0028919745,-0.014235709,0.029682266,0.014113719,0.01422505,-0.01848767,-0.049516167,0.07229668,-0.07748931,-0.01899105,-0.015638014,0.06380055,0.022831723,-0.04096695,0.0210205,0.019652069,-0.01690923,0.046444066,0.066647954,0.058591645,0.00016395119,0.002250609,-0.009072779
-0.0013712323,-0.0465529,-0.038154904,0.065123715,-0.049857546,0.0053489916,-0.015845533,0.042959575,0.014466768,-0.03024516,-0.0046035377,-0.0011729308,-0.0028663422,-0.018749923,-0.01357792,-0.018361395,-0.03914273,0.031499818,0.040848825,0.010190225,-0.017659677,0.016873838,-0.07120985,-0.04310573,-0.037921235
0.056933872,-0.008645486,-0.087745026,-0.02276279,0.023448855,-0.025442826,0.0031560345,0.010840334,-0.042159192,0.038833886,-0.016384292,0.03199941,0.0037550514,0.044662125,0.058077764,-0.073950596,0.025818828,0.06480698,0.05415678,-0.03253178,-0.008795179,0.023465982,0.069856666,-0.045698106,-0.06973443
0.016218537,0.06261965,-0.015453414,0.069831036,0.055196654,0.022677613,0.05238024,0.032430716,0.09122549,0.0701109,-0.018779779,0.06175915,0.034951705,0.016196795,0.060581774,0.051159292,0.06608941,0.080471136,0.0508408,-0.019864032,0.036682643,0.042696472,-0.004623888,0.0011760656,0.07223608
-0.030478047,-0.02512086,-0.050359737,-0.015601898,-0.079095155,-0.025841635,0.057767823,0.042549506,0.02510976,-0.0056551457,0.03773608,0.059504703,-0.035062112,0.014807986,0.004963704,0.00447535,-0.0050317533,-0.06960924,0.020056859,0.038652983,-0.012509436,-0.007901581,-0.024258839,-0.04426437,-0.028763203
0.019212015,-0.044356767,-0.06919904,0.03526768,0.036305975,-0.08281383,-0.055286918,-0.027417146,-0.019240817,0.0060700895,0.029997574,-0.015775818,-0.008790813,0.06598715,0.073786095,0.059951913,-0.0083962865,-0.005608393,0.017947456,-0.008243861,-0.036974967,-0.019687977,-0.06803803,-0.008745616,-0.061830346
0.08180173,0.05610057,0.00875591,-0.00269014,0.04076883,-0.016673563,0.035326224,0.014322529,0.077453025,-0.037955515,0.03361937,0.029545754,-0.041415513,0.03773073,0.023788987,0.034029406,0.043959018,0.012526743,0.017166505,0.054448046,-0.01257343,0.024364838,0.021605106,-0.012378474,0.008864343
0.0026191813,-0.05974499,0.03352511,-0.039158452,0.041401193,-0.000623577,0.06254575,0.009918977,0.010785221,-0.04346993,0.026330888,0.07879649,0.0010451913,0.08303018,-0.010547523,-0.029311799,0.0041529126,0.0030470619,0.008992461,-0.009043347,-0.0032494513,0.013784736,0.06818753,-0.07881881,0.0006590834
0.018523192,-0.052705143,0.032992788,-0.0070205666,-0.018930258,-0.06155858,-0.052094445,-0.027953213,0.033338968,-0.04790649,-0.0033219985,0.0350505,-0.022052074,-0.0293817,-0.010435922,-0.03820605,-0.07869389,-0.008379392,-0.0038189995,0.015893511,-0.059461415,0.00394791,-0.05035606,-0.041879658,-0.03407543
-0.034691315,0.043697003,-0.0744352,-0.025046289,-0.03586616,0.02725732,-0.06190441,0.015437388,-0.021793682,0.041282628,-0.0023037728,-0.0017807209,0.06317683,-0.06758364,-0.020357927,-0.016446507,0.018784005,-0.08412521,0.048706625,0.031654794,0.009773638,-0.0725222,0.021014689,-0.044699013,0.015274116
0.03979094,0.017486991,-0.080672674,-0.045835238,-0.06478261,-0.01970133,0.052621983,-0.0043095504,-0.061196797,-0.038994506,-0.049265884,0.018634398,0.013898431,0.010421896,0.0015796911,0.04529054,-0.05499682,0.010186134,0.031608704,-0.018700672,0.01947518,-0.026693681,-0.030332075,-0.028982619,0.04618178
0.0062392256,-0.029405532,0.027603423,0.059517134,0.05152963,0.02364539,0.06751386,-0.028131116,0.0122209,0.04130296,-0.050704908,0.043245558,0.06331829,0.015777517,0.007670742,0.07344274,0.066830106,0.027881566,0.07902113,0.07594726,0.03584395,0.01477333,0.07727893,0.018357053,0.04818574
0.056736927,0.029707968,-0.016011624,-0.047804244,0.040210217,-0.01882973,0.048476733,-0.007853514,-0.059573136,-0.043277815,-0.0036929334,0.006600514,-0.015177901,0.020666812,0.030450381,-0.04191327,-0.056091942,0.007619642,0.0061375136,-0.028650925,0.022924492,0.020536449,0.020521317,0.011175123,0.0055288714
-0.061758146,-0.060090195,-0.023793817,0.009675078,-0.007164527,-0.034036133,0.03163352,-0.04494489,-0.058253128,-0.07172329,-0.017928628,-0.025952445,-0.05041054,-0.034168508,-0.007702497,-0.036156904,-0.04836662,-0.02709842,-0.04165626,0.06310582,0.036006365,-0.0044742124,-0.00048410008,-0.035516754,-0.03409726
0.037081644,0.011153109,-0.05196871,0.04462219,0.007420461,0.039712135,5.896519e-05,0.05474253,0.047336154,-0.04020558,0.047864646,0.0501367,0.009172722,0.0129836425,0.0019865904,0.025423087,-0.007859648,0.051068462,0.03894144,0.06786843,0.035918247,0.03968127,-0.04970175,0.055783816,-0.0131408945
0.004190115,-0.002608066,-0.03992576,0.056093235,-0.001702874,0.07045737,-0.0042800047,0.029546151,-0.009108631,0.026286086,-0.037601676,0.022983592,-0.008190239,-0.009568479,0.046405952,0.027627207,0.053278234,0.028983496,-0.030218676,0.051641975,-0.035160817,-0.015089943,0.028275372,0.072940655,-0.045670196
-0.049151894,0.011011317,-0.024613576,-0.011597268,0.03301775,0.04383169,-0.00066561,-0.017924882,-0.032787614,-0.031644203,0.033617407,-0.006720739,-0.07309617,0.07026335,-0.013160351,0.04868906,-0.005534487,0.0014837665,0.06123836,0.06607187,-0.046948835,-0.044478327,0.033044085,0.0021094687,-0.04573366
-0.07042791,0.039623532,0.08691499,0.015800077,-0.059351955,0.043916043,-0.019341432,-0.001283491,0.03952841,-0.022081869,0.04425323,-0.0249072,0.035492938,-0.065024465,-0.018011842,-0.015126389,-0.07574353,0.01678933,0.0041575884,0.0045265956,-0.024089627,-0.053353205,0.017908668,-0.009184795,0.079828165
-0.057109844,-0.047437258,0.016957292,0.059839815,-0.047599647,-0.0582413,-0.04780948,-0.03517035,-0.03793194,-0.017026553,-0.029554345,-0.041370742,-0.07497851,-0.06772958,-0.04641867,0.036274746,0.025045756,-0.006965827,-0.03008033,-0.06232982,-0.06231316,-0.046257235,-0.002985969,-0.03398733,0.04990714
0.0035097972,0.08608096,0.014984383,0.0054733735,0.08387035,0.05910936,-0.07864183,-0.0072930413,-0.031524118,0.08227704,0.0025240735,0.076273,0.07094912,0.021287045,-0.00066233706,0.06005622,-0.074349366,-0.030095223,0.015397475,-0.0711291,0.017334282,0.026032053,0.07162441,-0.0039194757,-0.030524759
-0.063376345,0.071968466,-0.07541727,-0.05799823,0.02312888,0.029944353,0.031350467,0.019514155,0.045024484,0.06770193,0.04256485,0.011382705,0.054423135,0.03746545,0.02104886,0.06771929,0.039383363,0.04183846,-0.07058427,-0.058693025,-0.035063356,-0.020382097,-0.015807673,0.02720169,0.076561086
0.045873236,-0.07793228,0.00621012,0.02438439,0.058605533,0.0033959916,-0.068468876,-0.0015133687,-0.036864344,-0.03406582,0.055777997,-0.0040359767,-0.0038809592,-0.07961072,-0.046780378,0.034159645,-0.02812807,0.0036818911,0.05468477,0.055968016,0.0034243844,0.07698259,-0.02216277,-0.0636979,-0.024854474
0.04808348,-0.021787576,0.015851514,-0.0024624006,0.012831541,0.037856814,0.03996375,0.060697354,-0.005869333,0.033139355,-0.00046415807,0.04353576,-0.019713834,0.065734535,0.04675163,0.017591069,-0.01309675,0.043962,0.05458813,0.060107127,0.036941037,0.042745784,0.009983767,0.0049629114,0.06938303
-0.047151517,-0.03982499,0.024974057,0.08226491,0.0705859,-0.04710672,-0.0052771997,-0.023543825,0.07544579,0.0042145294,-0.014897834,-0.023003895,0.054837797,0.009230731,-0.02314065,0.047102433,0.07009991,0.0064468593,0.053086273,-0.025660085,-0.040434625,-0.00863468,0.055657502,-0.013713858,0.043331947
0.03447018,-0.016746813,-0.05914409,0.05667837,-0.041265987,0.007219542,0.03953342,0.020101653,0.07688984,0.02410807,0.021436928,-0.04961856,0.08149891,0.029423874,0.025219062,-0.008514239,0.027843285,0.01136346,0.073552474,0.03834161,0.027516982,0.009631616,0.044539202,0.009518436,0.029292587
0.063083716,-0.013978702,-0.056310013,0.06395318,0.02755589,0.013974002,-0.037735708,0.024791941,-0.045688946,-0.029882906,0.026779346,0.04757382,0.0023515823,0.02173167,-0.013263787,0.050207242,-0.012294724,0.0016214438,0.03705516,0.019611238,0.009585994,0.06579729,-0.018312864,0.04883921,0.032964885
0.08327953,0.046889,0.041994773,-0.027373426,0.010712848,-0.0068648625,0.03612477,0.08372087,0.029385107,0.014323696,-0.025948295,0.0782425,0.060040172,0.007069904,-0.012323355,0.07489377,0.015002079,0.08112097,-0.005297239,0.060541555,-0.05766774,0.081888616,0.062163137,0.07348413,-0.013528666
0.009604456,0.018460238,-0.0062108054,0.01927194,0.059684798,-0.022499954,-0.045833085,0.00055242673,-0.030409295,0.015653126,-0.07710448,-0.023173368,0.043679107,-0.0377743,0.04697069,0.01647062,-0.004675911,0.026985252,0.005306932,-0.030891456,0.067118116,0.029240374,-0.031048756,-0.056870677,-0.05529008
-0.07762259,-0.05101229,-0.007752782,0.019316373,0.0023735075,-0.0685005,-0.068103135,-0.061005976,0.028044593,0.008381788,0.059622668,-0.047980685,-0.0762511,0.045033243,-0.07383038,-0.06987892,-0.04001848,-0.07250235,-0.054060765,-0.03603374,-0.07334182,-0.07548,-0.052108847,-0.050053746,-0.052921146
-0.08149774,-0.05864675,-0.044734895,-0.04295475,-0.0374916,-0.04948211,-0.042785678,-0.08706415,0.038186237,-0.041303046,-0.02317963,-0.06742476,-0.05094351,-0.05414018,-0.066771165,-0.053812977,-0.0570747,-0.040123403,-0.072904654,-0.067312405,-0.07644945,-0.0672841,-0.06379646,-0.0073808157,-0.07216965
-0.09282314,0.012383146,-0.08088878,0.009141286,-0.07851405,-0.06833011,-0.08688238,-0.10103797,-0.05187939,-0.079851836,0.08085821,-0.08697462,-0.081846684,-0.071087174,-0.050365016,-0.045352116,-0.079340436,-0.09124314,-0.087711155,-0.081337236,-0.058887623,-0.089118816,-0.08591029,-0.08757983,-0.06324485
0.062676445,0.0035720568,0.03491293,-0.053955767,-0.044854753,0.029313372,0.04775495,0.067778066,0.0061916104,-0.0011987195,-0.0014774915,0.071684614,0.041265056,0.017334143,0.004701696,-0.029522208,-0.06260317,0.057090692,0.04291722,0.07998403,0.054268558,0.07939757,0.049935453,0.021477949,0.05950533
0.012122758,-0.050743908,-0.008994258,0.015219051,-0.05713411,-0.067928925,-0.039305076,-0.016246023,-0.049413644,-0.015014548,-0.07282378,-0.051330518,-0.044755876,-0.071943365,-0.047786273,-0.029810272,-0.03577761,-0.0054918104,-0.050889302,0.017633362,-0.06733175,-0.014293061,-0.07314204,-0.025170252,0.01821808
0.031710953,-0.054109648,-0.03221187,0.034585293,0.026944902,-0.03373947,0.06967993,-0.021825586,0.017040765,-0.010285571,0.0005582266,0.032064654,0.004089629,0.03618872,0.010087562,-0.041162264,0.028279614,-0.024545923,0.053988103,-0.011110038,-0.012948286,0.05900415,0.011885384,-0.0034090183,0.024089253
-0.070724055,0.041295625,-0.032134734,-0.011639097,-0.059430785,0.022139577,0.037735038,0.016745424,-0.05416405,-0.004143123,-0.03149248,-0.08632005,-0.046534214,-0.03202186,0.028727414,-0.017980024,0.06019207,0.04485492,-0.004036593,-0.0067749256,0.079339206,0.020975446,-0.068338096,0.08175999,-0.018422091
0.06980429,0.049488362,0.04510702,0.03939394,0.062476736,0.03575351,0.025913075,0.015611982,0.037100248,0.073117554,0.058682475,0.047109954,0.08840543,0.043083344,-0.001255196,0.06915364,0.023228109,0.06779775,0.059568275,-0.023692088,0.010237304,0.047816247,0.049407933,0.073279686,0.047501262
-0.06760407,-0.024075856,-0.03603655,-0.024930473,0.07647831,-0.04645035,-0.004788691,-0.051388927,-0.0443341,0.013622269,-0.022009974,-0.06618358,0.055089246,0.049854252,0.04892924,-0.061623983,0.059764285,0.08256351,0.024743782,-0.019282632,0.037140045,0.002142809,0.053227607,-0.0029057467,-0.013734575
0.06844518,0.06812458,-0.012050237,0.01156732,0.0039637387,-0.016014077,0.017923707,0.095938735,-0.018614244,0.047922198,0.07741254,0.0731683,-0.041616894,-0.016518299,0.0698009,0.04335607,0.049861077,-0.007835974,0.03469467,0.037180874,0.02275488,0.024192216,0.0031180473,-0.040180974,0.022063699
0.059442054,0.084135495,0.05420686,0.078317344,0.06140857,0.07402302,0.07010687,0.09088636,0.12245987,0.06812125,0.115751624,0.07424455,0.08253216,0.07447817,0.09186685,0.02883689,0.07258762,0.08420681,0.07865232,0.061781414,0.08354986,0.06991029,0.06273475,0.07463261,0.061094124
0.036609072,0.07293545,0.0072802203,0.03238915,0.04918771,0.035072844,0.023224216,0.05583332,0.1079647,0.06526279,-0.024332602,0.06723731,0.059547264,0.035490613,0.0731485,-0.04635391,0.061772216,0.07561943,0.07694977,0.06485574,0.06803482,0.08016758,0.054897863,0.07745353,0.022188297
0.0066589545,-0.02264395,0.038673114,0.03062881,-0.023189073,-0.007181071,-0.05870986,-0.022260958,0.003760207,0.006002843,0.039745618,0.004388838,-0.042219892,0.011867336,-0.0068779313,0.04180171,-0.0006027811,-0.02042645,-0.019932278,0.040686935,0.065567166,0.075363725,0.006113409,0.037296556,0.060333382
-0.0029053646,0.062002707,-0.034325775,-0.026915144,-0.012369402,0.0014212492,-0.0025781393,-0.020119835,-0.012768892,-0.015252002,-0.041730285,0.035338573,0.08408518,-0.08564176,-0.01734838,0.017238518,0.002113626,0.092986375,-0.054136723,0.018689664,-0.022340538,-0.01961222,-0.049707904,-0.014670409,-0.05736877
-0.061505202,0.02568469,0.047507487,0.014400728,0.032775473,0.046817247,0.05214476,-0.07811786,0.059835177,0.03379548,-0.022388428,-0.018510506,0.023977311,0.036549237,0.020506928,-0.056566186,0.042741578,0.0117783705,-0.010745795,0.028095035,0.06353154,-0.02751403,0.034868043,0.026059845,-0.040701568
0.050627623,0.016368613,-0.06499398,-0.046184745,-0.020908823,-0.002846457,-0.02359429,0.04384767,0.046429235,0.010850679,-0.05037073,-0.069321804,0.0404492,-0.060108688,-0.005254902,0.007598971,0.05064867,0.055978626,0.07660977,-0.06717806,-0.034251332,0.04180123,0.0053160093,0.0046720733,0.021941833
0.079330325,0.073695,0.07323165,0.0858534,0.05347761,0.062751174,0.06455206,0.081715986,-0.03464673,0.018925652,0.082639955,0.077644885,0.06781744,0.052098874,0.082929745,0.06364785,0.07372191,0.05970662,0.044439226,0.06940987,0.072764814,0.07259781,-0.0033259804,0.07693086,0.059317272
0.02258354,-0.029551191,0.047999043,0.044994902,0.02655915,-0.07255015,0.06314546,-0.04023226,-0.022072505,-0.0040631723,-0.039474305,0.0132882865,0.07647934,0.023609666,0.029570745,0.06240679,0.042929564,0.045034517,0.06493906,-0.0067250845,-0.05380406,0.013045589,-0.0045207744,0.05820428,0.01977407
0.0138630755,-0.037009828,-0.056297723,-0.026173579,0.020359702,-0.02042119,0.00077237166,-0.015655797,0.024404187,-0.0010460131,-0.08186564,-0.008531925,0.005006401,-0.04991512,-0.06597734,-0.053151518,-0.020949896,4.7117137e-05,0.0069511556,-0.009129669,-0.06581559,-0.0061737476,0.022351535,-0.0030677228,0.03665208
0.07045795,-0.02431579,0.06073266,0.0275413,-0.058908906,0.051614992,-0.0037781799,0.04916609,-0.007986251,0.073920436,0.004745784,0.07557612,-0.01660472,0.04203339,0.061025616,-0.072784096,-0.026326733,0.041341238,-0.0431716,0.051129065,0.075983256,0.02099216,0.03668486,0.03496881,0.030047126
-0.021648562,-0.004314046,-0.004335084,-0.05263818,-0.009563809,-0.024435611,-0.041861888,-0.009931321,-0.06484046,-0.021435264,-0.08426721,0.00070808904,0.01822214,0.011218882,-0.014358267,-0.05121623,0.05807836,-0.018083097,-0.036697686,-0.07649393,-0.033418998,0.0021058137,-0.042218503,-0.06594522,-0.08282111
0.028100971,0.06200607,-0.022839593,0.03695566,0.0034599237,0.072081335,0.053048704,0.06744029,0.02177312,0.051032096,0.046105254,0.07410698,0.06035936,0.076189734,0.0435734,0.056682024,-0.0054427907,0.04971197,0.06265,0.06407214,0.0619614,0.0712409,0.017548893,0.06294661,0.020748494
-0.050823923,-0.029985826,-0.038336627,-0.06796798,-0.061718095,-0.039301474,-0.031886827,-0.038682036,-0.0028285698,-0.06106825,-0.041995104,-0.02846988,0.024720177,-0.06467704,-0.021786474,-0.045079086,0.00039005704,0.018512327,0.008136772,-0.042599957,-0.06169258,-0.01493672,-0.06712176,0.078613974,0.008683091
0.05506121,0.009451429,0.03268529,0.041279066,-0.006638258,0.0100716995,0.00883156,0.048437078,0.08187137,-0.021921689,0.044240795,0.028525371,0.039271068,0.035856865,0.007186839,0.038430054,-0.013583874,0.06670182,-0.00044127394,0.029663838,0.0024221237,0.049073268,0.021356849,0.026553577,0.026386267
-0.06859741,-0.054069135,-0.03663307,-0.05498708,-0.03227117,-0.056327492,0.005593644,-0.074925296,-0.046966325,-0.0196669,-0.032610215,-0.06616751,-0.013158057,-0.007914641,-0.051370345,-0.06390517,-0.042187806,-0.056798257,-0.013246753,-0.022045648,-0.038562723,-0.06579423,-0.009213662,-0.049349193,-0.008427539
-0.031985782,-0.028462356,0.013038585,0.024476686,0.045331206,-0.044568695,-0.01270443,0.013716202,-0.045896456,-0.00487721,0.015805421,-0.075936,0.004087233,0.050104987,-0.02099624,0.009636405,0.032041714,-0.070997,-0.031540554,-0.06683547,0.047571767,-0.040982544,0.023514573,-0.03354846,0.003359639
0.024227792,0.045501743,-0.033678923,0.041244514,-0.011254126,0.07419232,0.020148851,0.011297094,0.020831784,0.007563237,0.042745378,0.07614077,0.01151474,0.05313812,-0.015254421,-0.07184497,-0.0134383,0.041514248,0.054661945,0.03647933,0.02004507,0.06803154,-0.024731167,0.037446838,-0.0060985107
0.04819553,0.02039489,0.07336408,-0.0016107025,0.063804366,0.020943144,0.060102385,0.06505136,0.07286686,0.04226904,0.056879155,0.06583739,0.07823256,0.043651376,0.06847735,0.031086234,0.0652384,0.056262176,-0.027623435,0.04447284,-0.00236752,0.05451077,-0.013904806,0.060997177,0.064466506
-0.032142527,0.027621964,-0.061864503,-0.063768625,-0.077514715,-0.040757407,-0.03196694,-0.049939584,-0.052563436,-0.016283162,0.0017795588,0.02099971,-0.04887117,-0.043751985,-0.030963924,-0.05630339,-0.0010265522,0.034583155,-0.021242928,0.033565007,-0.05232191,-0.013693782,-0.06817038,0.042829495,-0.0680644
-0.033919472,0.02287877,-0.029657457,0.043895062,0.03390425,0.012707863,-0.014713591,-0.020830737,0.0058487174,-0.0394791,-0.0025067758,-0.012324631,-0.015552435,0.00372713,0.040211134,-0.024105556,-0.0134810675,0.061441205,0.026787689,0.0060940417,0.018583858,0.018172042,-0.010027305,0.02664513,0.011471991
0.033588324,-0.06052575,-0.0078044003,0.040631056,-0.066245094,-0.045982614,-0.041997064,0.00017444683,0.04634333,-0.033576604,0.027144445,-0.010449027,-0.031766783,-0.02369378,-0.05576075,-0.05278008,-0.0412493,0.03730627,-0.04758968,-0.035997998,-0.052693307,0.038570907,0.0027568624,-0.07147484,-0.06500612
0.009866811,0.022638597,0.004326597,-0.05329297,-0.027353864,0.036592364,-0.020214062,-0.0110096065,-0.013635248,-0.039153397,0.044265088,-0.049112085,-0.045075055,-0.02193937,-0.019758966,-0.05326855,-0.0026489398,-0.027669936,-0.025468683,0.005774774,0.0044904025,-0.024274278,0.03749749,-0.04913693,-0.029385872
0.027878068,-0.053413544,-0.0318427,0.029125646,-0.047870003,0.07408716,0.029629502,0.044418626,-0.032967955,-0.069730684,0.00016169687,0.0006128298,0.056973003,0.07050058,0.060891815,0.0036536737,-0.026872354,0.008854673,0.06305969,-0.030398728,-0.016443465,-0.011787194,-0.0244762,0.0459095,-0.056860402
0.040397026,0.029915048,-0.0705125,-0.046483573,-0.0010632505,0.053735495,0.07011283,0.07413924,0.021800527,0.028296823,-0.0037004198,0.055158745,-0.03461147,-0.025046546,0.02571427,0.0494046,0.020123603,0.02846302,-0.054860234,-0.05526332,0.02544393,-0.044441137,0.06989443,-0.0027617798,0.052024703
0.0041902587,0.037926536,-0.052473746,0.052893374,-0.056076486,0.05116227,0.07685085,0.0012627408,-0.043083858,0.0054185134,0.0457658,-0.007968437,0.043161046,0.0009608564,-0.055556595,0.06463556,0.05452257,0.04746385,-0.013725352,0.07465749,0.006300675,0.0134448195,0.023228666,0.005049,0.07853833
-0.026073968,0.022632895,-0.058166,0.018094089,-0.01405827,0.0077912924,-0.014083462,0.031953733,-0.007920367,-0.008768014,0.011574014,0.01566992,-0.015693966,-0.056821544,-0.0075493203,-0.020372005,-0.024628898,0.010693108,-0.02208572,-0.031958915,0.032422382,0.018993111,-0.03102117,0.028243477,-0.057373974
-0.010553281,-0.011147199,0.06600244,0.0053996034,0.08092668,0.006116597,-0.008842952,-0.019280195,-0.03182586,-0.026623726,-0.058054645,-0.04835958,0.010351894,0.024937723,-0.01442682,0.026496302,0.05690738,0.041929364,-0.0010120806,-0.030846516,0.032217275,0.024285661,0.058047246,-4.5064608e-05,0.05585976
-0.0028801747,0.03537233,0.00600735,-0.039121795,-0.010519752,0.010758457,0.01203172,0.03417982,0.037238754,-0.035373356,0.029300172,0.006264446,-0.05217734,-0.012004859,-0.053678717,0.038043734,-0.013287874,0.019268462,-0.05967968,0.0155711705,-0.07659805,0.0100040985,-0.047376975,0.043721337,0.05825805
0.09237925,0.044602454,0.075033784,0.013980809,0.079941116,-0.03471469,0.015840538,0.09712095,0.056931477,-0.020310534,0.019037355,0.022346063,0.08395772,0.077436306,0.020287072,-0.050874367,0.033930495,-0.034663104,0.0854185,0.07277608,-0.061343208,0.08612262,-0.070566215,0.068367966,-0.035404775
0.06738664,-0.00959322,-0.050085645,0.014307825,-0.031678744,0.0032357394,0.0029339148,0.06663405,0.03437866,-0.0057540475,0.00649718,0.07015247,0.024484428,0.042422093,0.002452444,0.009989872,-0.035112336,0.055701748,0.044501893,0.027302587,0.010407778,0.019524507,0.045930274,0.008853021,0.041294284
-0.07951214,-0.06953481,-0.06900878,-0.05409756,-0.06809287,-0.07071394,-0.07374869,-0.08157604,-0.08212447,-0.07252581,-0.05771511,-0.07629639,-0.07603104,-0.058727548,-0.06181554,-0.07225132,-0.072065346,-0.079340644,-0.07379369,-0.07159731,-0.07002416,-0.08136062,-0.083118245,-0.07382596,-0.079702854
-0.019875238,0.007991806,0.06950998,0.046784375,0.010576053,-0.008048735,-0.015902765,-0.023945544,-0.040480644,-0.076256126,0.050542954,0.030458588,-0.028238967,-0.036413237,-0.04187137,-0.038548443,0.02323989,-0.023590079,-0.017204722,0.04562217,0.013938051,-0.030661283,-0.060432892,0.04584854,-0.023763841
-0.056209452,-0.0524204,-0.046558138,-0.003010062,-0.065984376,-0.055267338,-0.055530027,-0.0624799,0.0466352,-0.022722546,-0.0013479493,-0.06365322,-0.053811137,-0.014151967,-0.058150776,0.02656347,-0.07792064,-0.011345966,-0.060550105,-0.056497954,-0.004416103,-0.057753444,-0.0765918,-0.07570357,-0.0698804
-0.059337687,-0.0308361,0.042254783,-0.023020662,-0.009528632,0.010146389,0.04233529,0.027635496,-0.03694962,0.01993263,0.028258296,-0.0017081627,0.025642993,-0.06662179,0.03368332,0.026354928,-0.036054593,-0.024238465,-0.031486884,-0.016197303,-0.026883634,-0.013197642,-0.052061077,-0.028839383,-0.013344568
0.01056759,-0.05366693,0.009739904,-0.048738502,0.007586991,-0.073630884,-0.057813276,-0.049129274,-0.037892785,-0.046706177,-0.009960873,-0.035945814,-0.04638353,-0.038302276,-0.07694598,-0.017631385,-0.061560806,-0.053625382,-0.06808696,-0.03694624,-0.070586294,-0.06092873,-0.03860749,-0.07141025,-0.018905206
0.029241791,0.06263057,-0.030928532,-0.055043783,-0.053332772,0.07442525,-0.030621428,0.07028858,0.026660513,0.03733312,0.05394723,0.016769703,0.05788792,0.030631127,0.07045509,0.005599005,0.060237147,-0.010139997,-0.033937,-0.0128874425,0.08484757,-0.042354833,0.029107032,0.038693406,0.013348806
0.064940594,-0.011589772,-0.034926556,-0.018393083,0.027640376,-0.03480365,-0.010930992,0.08643061,0.014094851,0.019057462,0.06626039,0.078882985,0.020256335,-0.01348138,0.03940405,0.056946587,-0.0025737332,0.06896339,0.058748573,0.0640401,-0.022696959,0.0760927,0.031452034,0.042744126,0.056981593
-0.03055394,-0.03317105,-0.05189122,-0.028482663,-0.05444914,-0.009849531,-0.069455415,0.0005792187,0.010435111,-0.02524718,0.0060246796,0.00013973279,-0.054941367,0.025896003,-0.06224977,0.016746724,-0.060890783,-0.020682102,0.039094478,-0.06923132,-0.07867747,-0.018149346,-0.069574624,-0.058896016,-0.07440781
0.02318617,-0.06453242,0.0132082645,-0.066381074,-0.005298993,-0.042928196,-0.01601479,-0.023276582,-0.020725494,-0.0144537985,-0.040169127,-0.034657434,-0.037879873,-0.011213772,-0.05521863,-0.057893787,-0.04894748,-0.0802553,-0.056479495,-0.04605201,-0.051113,-0.029273132,0.02551337,-0.06114193,-0.020818146
-0.030836225,-0.034182083,-0.008436081,-0.014079409,-0.022042964,-0.007899077,-0.030444035,-0.04473245,0.06969378,-0.012497321,0.013071514,-0.028801719,0.015790027,-0.052484367,-0.050882768,-0.07189055,-0.047363404,-0.028774368,-0.029939288,-0.03358681,0.027496137,-0.014143599,-0.0028718757,-0.037592083,-0.029270843
0.019167935,-0.0005678349,0.038678195,-0.0038657654,0.034476623,0.040341835,0.017221509,-0.026830584,0.08523751,0.035328295,0.06560304,0.018550726,0.01664975,0.05252722,0.02927126,0.045253474,-0.0068900473,0.051805053,0.0061658355,0.060560975,0.01768846,0.04640133,0.06416585,0.043171078,0.016465852
0.047196325,0.06051095,0.06986775,0.047145788,0.0030862128,0.01412629,0.0730099,0.07228416,-0.029396787,0.03976352,-0.008426174,0.074717335,0.014442563,0.037644517,0.051417306,-0.041607272,-0.06683071,0.08394293,0.021183034,0.07147555,0.0010996688,0.08514871,0.013542703,-0.0015890641,-0.0280476
-0.005686034,0.027092915,-0.015939245,-0.058100406,0.07389726,-0.043059286,-0.07198609,0.052201062,-0.03762586,0.046989515,0.012306123,-0.018961674,-0.007095753,-0.051620997,-0.0003265291,-0.014508416,-0.025578307,-0.080864035,-0.039805483,-0.06273562,0.066972695,-0.0037176723,-0.010941594,0.04377856,0.045041334
-0.016796421,-0.060347024,-0.051610813,-0.04998554,-0.07950085,0.08284122,0.05375574,-0.00062395836,-0.012796021,-0.04527294,-0.038977165,-0.0050337585,-0.04963471,-0.026747286,-0.0002567587,-0.05678545,-0.032074995,-0.009409007,-0.063803114,-0.018836396,0.030621372,-0.040595528,0.051489107,0.0036937164,0.01890013
-0.04083276,-0.0223506,-0.07541729,-0.056160048,-0.06395725,-0.03625841,-0.060326796,-0.0072767637,-0.019034183,-0.03895671,0.01929589,-0.04206846,-0.056915153,-0.060924035,-0.019873047,-0.054945823,-0.058494024,-0.043326087,-0.06148818,-0.06570704,-0.047887765,-0.04544024,-0.06168836,-0.04129546,-0.06954192
-0.08662839,-0.03679834,-0.0066623827,-0.043032527,-0.04687406,-0.064438224,-0.053159397,-0.060608875,-0.020684903,-0.026341543,-0.039548203,-0.02750398,-0.06596901,-0.07152825,-0.082511626,-0.06986665,-0.03127328,-0.06496533,-0.077716686,-0.04740706,-0.051094394,-0.06967159,0.0020272012,-0.05819663,-0.077583514
0.027943194,0.0582478,-0.014229139,-0.017637592,0.06348438,-0.02357132,-0.013296216,0.006214648,0.00501655,-0.0047391653,-0.023244133,-0.0075361463,-0.045254342,0.033208713,0.014475213,-0.034752913,0.036248837,-0.04108677,-0.026043035,0.027107123,-0.007173576,-0.013685048,0.028364727,-0.014929112,-0.007976659
-0.000117889154,0.042010363,0.011540494,-0.0365004,-0.013809796,0.019732805,-0.014726252,0.021560762,0.005630403,-0.02060358,0.044795126,0.044523977,-0.014742181,-0.018165318,-0.0113680605,0.013986733,0.03337082,0.009221839,-0.0075475373,-0.02966894,-0.01334202,0.014311268,-0.019005584,0.012128485,-0.025887214
-0.021735787,0.04711587,0.060495652,-0.020217828,-0.039158892,0.04400808,0.037132554,0.033704888,0.06731379,-0.06303467,0.08565174,0.05375532,-0.022393664,0.013237359,0.020158304,0.006793134,0.062241156,0.05858675,-0.049271822,-0.042798135,0.06799589,0.027332192,0.046875346,0.06507878,0.065402485
-0.077089064,0.005512508,-0.0134803355,-0.04927464,-0.06701254,-0.035376083,-0.024414185,-0.05714642,-0.037895285,-0.06367407,-0.0024735595,-0.061529107,-0.02847711,-0.042176846,-0.03682663,0.008353456,-0.06581112,-0.034636237,-0.02514166,-0.07265399,7.9476304e-05,-0.05032651,-0.055331707,0.006194854,-0.05709157
-0.022636544,-0.026057167,-0.06055608,-0.04764625,-0.047205362,-0.03758195,-0.05754028,0.035805993,-0.022958219,-0.058672387,-0.030484129,-0.047141265,-0.05899113,-0.012418141,-0.01949371,-0.062988326,-0.06932485,-0.027377035,-0.011863994,-0.045617573,-0.014966427,-0.046629738,-0.07339807,-0.026850615,-0.05363483
-0.06267586,-0.07188522,-0.048690196,-0.01547535,-0.069040455,-0.03782428,-0.06998916,-0.05045704,-0.009278462,0.0077420995,0.013325919,0.08115744,-0.041858636,-0.062522046,-0.064375944,0.05381403,-0.068968564,-0.00051461544,-0.038692344,0.03515593,-0.02583253,-0.04610096,0.06358081,0.009380476,-0.0510306
0.06776282,0.043298475,0.062425613,0.052962568,0.058568235,0.01832014,0.087141834,0.06580402,0.018754248,0.05174333,0.043265097,0.046199374,0.017690713,0.031395067,0.07020626,-0.028653746,-0.007945583,0.0044578672,0.007221653,0.06911992,0.07480508,0.0737666,-0.013308532,0.005075864,0.063243
0.025608785,0.007448447,-0.037573066,0.047524706,-0.0027134249,0.04901009,0.036051203,-0.030874169,0.067453176,0.046882905,-0.0027643137,0.060931444,0.059690945,-0.034082886,-0.055952158,0.057346635,-0.06463614,0.02233618,-0.022240212,-0.042200334,-0.082253344,-0.05793086,0.072327934,-0.0035295445,-0.034919925
-0.046762638,-0.06904751,0.01625596,-0.02233168,-0.055552725,-0.05908164,0.020404376,-0.037389796,-0.0051045106,-0.017383894,0.0041117757,-0.07262816,0.022057107,-0.030372154,-0.057649247,-0.027813172,0.022240445,-0.012088612,0.03096278,-0.013696349,-0.013660282,-0.071550414,-0.010462216,-0.009862569,0.02700658
-0.04987964,-0.00823936,-0.012025574,0.01737224,-0.047963366,0.032644775,-0.014923065,0.019666966,-0.021717982,0.0023987142,-0.013178936,-0.053965308,-0.053606506,-0.056047168,0.0057173497,0.045295767,0.043506134,-0.003067998,0.00764164,-0.024006572,0.06500807,-0.007601393,0.039502364,0.022026079,-0.008313691
-0.07113816,-0.0016636736,-0.06003324,-0.054232825,-0.03474675,0.023245122,0.05344315,0.0224717,0.004669164,0.023966081,-0.03994404,0.01710605,-0.0020665284,0.013362367,0.015962847,0.017489908,-0.04486783,-0.0011126908,-0.025625724,0.027888495,0.06337613,0.012000515,-0.015601372,-0.0053349384,-0.04116086
-0.019106232,0.021619935,0.0011449931,-0.038938943,0.023209866,0.07904739,-0.043932896,0.05288851,-0.0200962,0.0067566903,0.029422497,-0.02068606,-0.02475486,0.029527072,0.00067255454,-0.012916403,-0.045567203,-0.047516108,0.0008955653,-0.027046077,0.022195073,-0.0052088867,-0.02099682,0.026763683,0.022213826
0.02847484,0.01892773,-0.07465409,-0.04602502,-0.032211058,-0.017926827,-0.019436866,0.025157807,-0.04274982,0.042275783,0.05660371,-0.033943802,-0.028267324,-0.028163554,-0.009914341,0.056813538,-0.012344159,-0.016387459,-0.048568975,0.05372646,0.014517577,0.005715875,-0.023968993,0.008109375,0.0033754562
0.07332871,-0.018623343,0.029511407,0.017720966,0.063298486,-0.015335032,0.023500258,0.069447465,-0.004933484,0.064527854,0.036290668,0.06985227,0.026489416,-0.017635042,0.025791347,0.020443365,0.049629204,0.008506572,-0.015998771,0.010562089,0.033121713,0.063544385,0.055648655,0.06677919,0.057580255
0.04254627,-0.07104125,0.0021007897,-0.030154338,-0.044662964,-0.0066833356,-0.06288984,-0.04848119,-0.05502517,0.0050795525,-0.037144646,-0.035121538,-0.033665977,-0.013247856,0.0021048856,-0.03744084,-0.05510272,-0.03246167,-0.013307918,-0.00474483,-0.044662748,-0.034106325,-0.05508211,-0.0705386,-0.026145665
0.037804548,-0.04499854,-0.02505325,0.067395076,-0.06903243,0.0017812494,0.004039147,0.035912674,0.0021395227,0.0029105342,0.039544832,0.033187255,-0.016048966,-0.039979633,-0.002602833,0.010208558,0.021095047,-0.036483657,-0.06614494,-0.006445348,-0.05101678,-0.020688828,-0.04341733,-0.0042672544,0.015646933
-0.05684811,0.064896725,-0.033284478,0.0018210576,-0.042963214,0.043416224,0.00450298,0.013401106,-0.02191315,-0.074897714,0.005981929,-0.009958921,0.0021624635,-0.036984894,0.030230485,0.02731942,-0.05147335,-0.05896785,0.03528388,0.031428497,0.039501343,-0.016404912,-0.031398658,0.043007165,-0.010108695
0.0351938,0.020147556,-0.018384246,-0.0096603725,-0.0029585536,0.03258131,0.045572143,0.042351466,0.08529821,0.002843249,0.014894847,0.0009414618,-0.06540086,0.05603213,0.03708267,-0.040670183,0.029393934,0.02024635,-0.0072853933,-0.007824563,-0.012242994,-0.007886594,-0.0023656746,0.026234353,0.02628462
0.04275985,-0.08597726,-0.065111,-0.08583932,-0.052750614,-0.080453716,-0.07988865,-0.026734399,-0.03255834,-0.07028645,-0.027819088,-0.010708316,-0.073037624,-0.08757485,-0.08151473,-0.05839439,-0.07268776,-0.0016882623,-0.05730346,-0.071878396,-0.02341471,-0.029943435,-0.041988123,-0.04929534,0.020111715
-0.05983791,-0.048534527,-0.01539602,0.0009085784,-0.036526192,0.008642607,-0.02588053,-0.05661817,-0.06689484,-0.06319681,0.0009436457,-0.056874275,0.026585756,-0.063510515,-0.05222861,-0.029528813,0.008169841,-0.005905399,0.00215206,0.013471301,0.015458429,-0.038753163,-0.0013523335,-0.061156362,0.051437244
-0.068855874,-0.08577524,-0.014201985,-0.0076068738,-0.082899615,-0.03760626,-0.000410674,0.014688352,-0.014977111,-0.082514085,-0.018360483,0.062543154,-0.078710735,-0.03304172,-0.09015117,-0.053738594,-0.083978906,-0.07990377,0.024146093,0.04204268,-0.005691273,0.0016688398,0.01983111,-0.029424025,-0.015872292
-0.00075965154,-0.006402488,0.07294195,-0.0036122901,0.06759023,-0.0129121635,-0.04759407,0.02328975,-0.0076269987,0.04110111,-0.008162517,0.031128703,-0.07101785,0.03444022,-0.042617287,-0.024107331,0.060854297,-0.047348432,-0.0030613248,-0.024064029,-0.033359297,0.011409784,-0.038095713,-0.035880674,0.05070881
-0.019262252,-0.07008899,-0.07030241,0.0688768,-0.06394127,0.013327796,0.08905218,-0.009845301,0.013935973,-0.018933652,-0.06735335,-0.04674219,-0.05831535,0.04544426,0.0762252,0.041668497,0.08410756,0.03920355,-0.028087867,-0.052787893,-0.044988155,-0.06233135,0.04174714,-0.010046922,0.04810049
0.0037858018,0.019304777,-0.054763526,0.0674312,0.0026985009,0.061983038,-0.026038267,0.02496564,-0.0275596,-0.06530601,-0.06129738,0.009327918,-0.056906074,-0.010050172,-0.025862798,-0.034781884,0.0011255817,-0.0114508625,0.06598485,0.022294054,0.024690254,0.021156665,-0.06811021,0.041415907,-0.00475218
0.035965737,0.0040492895,0.049049817,-0.006609459,-0.030343836,-0.021752574,0.044096485,0.017004695,-0.016121905,0.023354225,-0.04991592,-0.06953659,-0.011460591,-0.06393543,0.048516348,0.040802885,0.05068646,-0.07040414,0.00012213165,0.06386966,-0.039607827,0.046335954,-0.011573331,0.0032493973,0.06857457
0.016157547,-0.032157153,-0.013626305,-0.0038303048,0.013826446,0.063474335,-0.06559412,0.008140117,-0.014898319,0.0002867996,-0.015625026,0.046434585,-0.05422833,-0.028364034,0.02774386,0.058883972,-0.008853155,0.06749792,-0.026009707,0.026167782,0.014491285,0.04296687,-0.07301372,0.01728926,0.04709567
-0.050436966,0.008868776,-0.059534717,0.026939739,-0.060418043,0.03563158,0.015691906,-0.023055576,0.04994416,-0.06194301,-0.029158926,-0.059689607,-0.023516858,0.025844142,-0.029968973,-0.026997069,-0.029030647,0.022811605,0.0050209826,0.042604286,-0.03365844,-0.013120026,-0.0010368536,-0.031886578,-0.020295665
0.04167095,-0.0033358177,0.06734446,0.06522986,0.05918535,0.038907588,0.023082316,0.06518095,0.053160593,0.07134788,0.07338216,0.065362155,0.065034404,0.017570034,0.077462114,0.039567027,0.05141005,0.086003706,0.06025463,0.041982885,0.06919194,0.06141299,0.040466595,0.008555609,0.025115293
0.009552717,0.08496294,-0.0174221,0.066449836,-0.00081211375,-0.0042960364,-0.0145592,-0.011797042,0.037003037,0.036525458,-0.026039504,-0.020171303,-0.022520378,-0.026166705,0.06580119,0.0005100785,0.028772475,-0.018692877,-0.0011086076,-0.0090278685,0.031152664,-0.0055711707,-0.03382245,-0.007904406,-0.026484052
0.05199959,0.0063342634,0.043261576,0.072962925,-0.03185346,0.026731357,0.06448234,0.045437064,-0.04061563,0.030993683,-0.053611852,0.03257375,0.02196251,0.013289235,0.057558145,0.044269767,0.006362971,0.08295407,0.062905714,0.046394978,0.061624646,0.05452766,-0.022115245,0.04532441,0.006996823
-0.05233189,-0.06609076,-0.007553263,-0.06016927,0.0035593952,-0.054659925,-0.052953795,-0.09832908,-0.056924816,0.013231699,-0.08182991,-0.018297294,0.0074991686,-0.026086798,0.008395953,-0.06903104,-0.018749565,-0.04474655,-0.007180089,-0.06306392,-0.007716486,-0.05005943,-0.017342506,-0.028058384,-0.06663284
0.0017167571,0.055910848,0.02203861,0.0064300946,-0.008550229,-0.011272878,0.061817963,-0.013839004,-0.0060376087,-0.04742121,-0.06451236,-0.002802955,-0.027956368,0.039363436,0.0039594597,0.036375996,0.041352175,0.036755066,0.052985065,-0.019805808,0.06127469,-0.05756323,-0.07801393,-0.065250464,-0.049244225
-0.047528908,-0.059879728,-0.070793174,-0.05960227,-0.012357383,-0.06923935,-0.027367191,-0.0638993,-0.01529451,-0.059589785,-0.022071986,-0.040779874,-0.062401026,-0.016374746,-0.03585551,-0.056620426,-0.05489589,-0.058795158,-0.071143255,-0.053640965,-0.040164284,-0.04096711,-0.07091272,-0.062393267,-0.081346594
-0.005596486,0.06560544,0.085516036,-0.031162694,0.055113643,-0.02795143,0.048671238,0.011285733,0.0186337,0.01171632,-0.022143438,-0.04432822,0.07167465,0.013891451,0.0100685265,0.007828005,0.030816833,0.01808719,0.08212513,0.017907761,0.017385205,-0.008601638,0.06871753,-0.055953823,0.08538574
0.06461015,0.06524993,0.06447042,0.08055505,0.076255895,0.07273684,0.08239204,0.04970322,0.14146863,0.06979326,0.11887101,0.05909982,0.085426964,0.087807365,0.08761219,0.073060416,0.0619617,0.0795579,0.0739618,0.07072401,0.07528666,0.07415069,0.07167816,0.08317315,0.05477264
0.076959126,0.056207262,0.02809715,0.08460645,0.05646175,0.04534493,0.048073538,0.07307272,0.121122904,0.0024729636,0.08139214,0.04035861,0.03416652,0.058187004,0.08248721,0.0304743,0.0012099885,0.07717414,0.06685155,0.074521355,0.047826137,0.065952666,0.042143527,0.060284574,0.036358815
0.024112865,0.057593245,-0.024819786,0.02361025,-0.025370123,-0.015970634,-0.03765641,0.03477096,0.049334347,0.016188564,0.005589373,0.0408094,0.008390347,-0.013916254,0.039814033,-0.0041457294,-0.0066174343,-0.008258117,0.064456336,0.047151092,-0.021458235,0.04639812,0.031693213,0.021659449,-0.038880672
0.045923892,0.019819451,0.035318043,0.044507064,0.04095766,0.015051416,0.05185274,0.034301594,0.07253358,0.007622207,0.056995593,0.057178322,0.06099331,0.040211953,0.01771007,0.033124253,0.057309683,0.042830206,0.04959447,0.050445754,0.011940528,0.031027406,0.039774492,0.04308989,0.029987391
0.04580387,0.05578266,0.061784,0.06506981,0.042433914,0.0655362,0.07589404,0.061728127,0.07858347,0.05227284,0.05794547,0.055242356,0.035445254,0.056511585,0.0107025225,0.06859939,0.052490957,0.052479897,0.03997397,0.03698714,-0.041162975,0.05600958,0.059524518,0.05798591,0.067762025
0.0053183236,0.0017616029,-0.05047135,-0.018884687,0.07671313,-0.062183253,-0.07272827,0.0091626905,-0.011686206,0.049797986,0.024727596,-0.08512878,0.0648686,-0.07571125,-0.08184274,0.058997683,-0.06472732,-0.084026314,0.030527212,0.022209125,0.02474397,0.045165632,-0.050502528,0.0219158,-0.0039261105
-0.0037485585,0.0073432503,0.009468158,-0.014005624,0.014417816,0.013550655,0.046615515,0.02148428,-0.0027258284,0.023448985,-0.01892286,0.017046751,0.017259305,0.0065585,0.0004233124,0.023216013,0.033507653,0.008561765,-0.021550657,-0.011864977,0.026791157,0.0011343879,0.007000658,0.0065106177,0.037627243
0.026024194,0.046028968,0.007888029,0.029141935,-0.00861856,-0.004115419,0.00020930474,0.0012104393,-0.039779026,-0.014798554,-0.028136438,-0.027854368,-0.021957496,0.0012153649,0.02680837,0.053175576,-0.047072884,0.044995688,0.0028225472,0.027014585,-0.032320466,0.06066267,0.009393054,0.073922224,0.069962814
-0.020338481,-0.023143662,0.026443996,-0.007136928,-0.04721792,-0.045501318,-0.06498504,0.008083994,-0.010167103,0.03619334,-0.02698086,-0.014051733,0.028292617,-0.07450351,-0.04418195,-0.0024584506,-0.018998807,0.022496635,0.035822093,-0.0035572664,-0.0008330779,0.02358057,-0.04952917,-0.030258493,-0.054945793
-0.054939434,0.0051334365,-0.002458702,-0.022817565,-0.027683407,0.036857795,-0.031951953,-0.016261043,-0.018080438,-0.03301019,-0.049670085,-0.070476905,-0.06672505,-0.08043696,-0.021922203,-0.039003946,-0.04047727,-0.047939867,-0.0642838,-0.011223925,-0.023123018,-0.038678203,-0.04085302,-0.054482926,-0.04393572
0.06995102,0.055938434,0.07733481,0.03433129,0.060479764,0.05459448,0.01294242,0.05221602,0.02982265,0.067368664,0.0019846328,0.019626295,0.036577176,-0.009671203,0.05620965,-0.044189367,0.052998096,0.06800087,0.056906853,0.03330045,0.04929801,0.0766915,0.04273576,0.024134174,0.019674068
-0.026540635,0.0229065,-0.061777875,0.022903899,-0.08008768,-0.0035076856,-0.0077210674,-0.04707864,-0.06852967,-0.06253246,-0.067641325,-0.043394893,-0.00024228795,0.021190125,-0.0135374265,-0.06111483,-0.035671126,-0.058936976,-0.032487582,-0.05351274,0.0026171163,-0.027189901,-0.07450142,0.007299729,-0.015013237
0.009536769,0.03081915,0.024327097,0.02550226,0.06599468,0.0010556743,-0.015504054,0.04038245,0.025803525,0.058727887,-0.04677732,-0.0011481531,0.046843965,-0.024054695,0.0018071649,0.052627377,0.0171502,0.030102136,0.056146786,-0.012166069,-0.0013291102,0.023733865,0.003929167,0.0522989,0.051457345
-0.031993404,-0.0778775,-0.057407856,-0.015809422,-0.07404994,0.063829534,0.074751474,0.039708354,-0.0757669,-0.06838527,-0.02168885,0.03045661,-0.058339488,-0.021681916,0.029155463,0.04521617,-0.02070666,0.012200346,0.021058252,0.015349401,0.02516431,-0.03681055,-0.021047154,0.03549609,-0.033549532
0.0018376197,-0.06762282,-0.0052292603,-0.081856206,-0.0072674872,-0.060468785,-0.039323155,0.009952455,-0.02698263,0.025835717,0.004078124,-0.06624407,-0.068057485,-0.0748451,-0.03944016,-0.01536056,-0.03623064,-0.061091796,-0.0301196,0.04396233,0.003003101,-0.030853318,0.05037809,-0.04735737,0.046593208
-0.07757965,0.06541899,-0.056983035,0.06436033,0.03293286,-0.02789369,0.0370044,-0.07259531,0.0034962678,-0.008500914,0.0127398195,0.028037218,-0.017792631,0.044366844,0.025881605,0.071977705,0.06258804,-0.051410638,-0.011952076,0.031322792,0.056784555,0.044603303,0.034665383,-0.040494848,0.03731924
0.04446431,0.02961687,-0.04992766,0.06149084,-0.06701365,-0.045738008,0.02654273,0.019783124,-0.012538044,-0.034889374,0.063417755,0.043088365,-0.041862927,0.024487212,0.040259548,0.070196435,-0.040743355,-0.035785545,0.05469475,0.05985693,-0.043651417,0.019696768,-0.02599517,-0.022872115,0.043533772
0.021693967,-0.04424784,-0.083466224,-0.0186095,-0.07868701,0.047497388,-0.057461593,-0.024148544,-0.040910013,0.000735933,0.063998304,0.010466748,0.0028090759,-0.073723376,-0.066330664,-0.06532999,-0.046925712,0.0010073957,-0.025961462,-0.05188082,0.055799395,0.078637645,-0.054080974,-0.07252713,-0.03862452
0.016343284,-0.058993567,-0.0043571773,-0.06798498,0.03815491,0.006401646,-0.035672005,-0.019266946,-0.02634851,-0.07424776,-0.037287626,-0.007969181,0.042373568,0.01683886,-0.0019297443,-0.037393153,-0.071589515,0.0058431607,-0.052315205,-0.0404361,-0.0220587,0.03058551,-0.068458214,-0.005399167,-0.005519001
-0.034833092,0.008820823,0.034666847,0.020351298,-0.02898979,0.011103178,0.025700053,0.034425322,0.030329954,0.052771054,0.04138722,0.03178853,0.047244906,-0.0093785,0.048117984,0.021573262,0.01420642,0.053141598,0.04510624,0.063476376,0.04589025,0.028708605,0.0040275864,0.06565555,-0.024786782
-0.048874985,-0.02492867,0.016572718,-0.0358531,-0.03805684,-0.018416665,-0.027710907,-0.064949766,-0.040030945,-0.018705804,-0.032027073,-0.040668517,-0.021926122,-0.06510049,-0.039354403,-0.015940497,-0.05540735,-0.025967738,0.0026818372,-0.042766042,-0.05985555,-0.010360432,-0.045187037,-0.007087634,-0.04755841
-0.027391784,0.058947843,-0.0051062256,0.067656465,-0.05952441,0.02740261,0.07050017,-0.0008356806,-0.014442927,0.024939818,-0.02232419,-0.06236226,-0.045990158,0.08054853,0.046876565,0.06512393,-0.05479715,-0.092320554,-0.029923607,-0.01064401,-0.035413552,-0.03783144,0.056704722,0.020390388,0.08249001
0.005971713,-0.04786773,-0.041994944,0.04192355,-0.02436163,-0.0028168412,-0.08105079,0.017114185,-0.01183098,0.03251278,-0.026765535,-0.007676198,-0.08338769,-0.035755444,-0.03640642,-0.042003833,-0.023697168,-0.0031676767,-0.061822005,-0.035570815,0.031305876,-0.015491251,-0.021941243,-0.017380934,-0.021464135
-0.014744831,-0.058171492,-0.046809375,-0.0625834,-0.03644514,-0.06926984,-0.042827584,-0.0595758,0.02933858,-0.02260387,0.011370906,-0.053319592,-0.029352678,-0.02549629,-0.045529023,0.02746125,-0.05363789,-0.031382486,-0.04143565,-0.051993128,-0.060788963,-0.057691757,0.004664242,-0.040091716,-0.03302835
0.00052545883,-0.00851164,-0.013896156,0.08911046,-0.07011018,0.04626278,0.066778846,0.0068630455,-0.025175137,-0.02522699,0.016943824,-0.04112479,-0.07073618,0.028959488,0.07844414,0.047438823,0.009227422,-0.043371115,0.008167916,-0.0030280363,0.04224444,0.043072645,0.006272438,0.0073949117,0.075123616
0.049582012,-0.081079945,-0.08321517,-0.0036550139,-0.06538235,-0.02123209,-0.050167486,-0.027054846,0.03404367,-0.050162867,-0.042883225,-0.05849969,-0.081708476,0.035624914,0.02794515,-0.009554016,-0.046123292,-0.04028985,-0.036953513,0.008575911,-0.02597328,-0.053839616,-0.046244908,-0.08237432,-0.038293976
0.05370437,0.044407733,0.004969386,-0.029741792,-0.038830973,0.043400194,0.023974212,0.02564198,-0.034273356,-0.0032335564,0.0688988,0.050956838,-0.023279352,-0.0024217763,0.07077195,0.05586755,-0.008784998,-0.013967361,0.012171715,0.019274889,0.021367606,0.039857227,0.05032142,0.036378127,-0.0016826196
0.08617925,0.052480303,0.069823466,0.008115103,0.0051767733,0.04493371,-0.0054720356,0.06343296,0.03433554,0.056966912,-0.028680516,0.05739338,0.027379328,-0.05903103,0.06566954,0.03973614,0.075448714,0.04174812,0.008497642,0.051392935,0.055546,0.071227774,-0.0738795,0.0097493855,-0.06597241
0.03750853,-0.06212369,0.056590732,-0.015501362,0.021561606,-0.00507549,-0.05685897,-0.0049619563,0.027919617,0.06925336,-0.061716467,0.018125596,0.053089123,-0.058580052,-0.053230982,0.032093003,-0.00042651838,0.091895394,-0.023976265,-0.0045500123,-0.07354971,-0.013277689,0.065057695,0.037430108,0.016494801
0.035815693,0.0045990204,0.0338834,-0.04182512,-0.04227283,0.0032192634,0.015524065,-0.021435639,0.03481338,0.07494385,-0.037571438,-0.043248396,0.06725596,-0.040860545,-0.038441893,-0.047620844,0.016867634,-0.04431565,-0.033619396,-0.020432018,-0.010419783,-0.057403717,-0.025024015,-0.061559673,-0.016062373
-0.022636756,-0.000608117,-0.03990843,-0.020890428,-0.02300032,-0.032331318,-0.019389736,-0.07337403,0.02581952,-0.040544186,-0.035430007,-0.049969915,-0.05292365,-0.03664906,-0.06841561,0.023587044,-0.04205624,-0.022493746,-0.01481027,-0.010325097,-0.04200416,-0.061514266,0.021227956,-0.01571152,-0.010234723
0.044101976,-0.020747993,-0.017966725,0.07291556,-0.06316393,0.016458392,-0.043237284,0.035732713,-0.041506656,-0.05259044,0.056653902,0.0045950306,-0.0046517667,-0.06484859,0.054067448,0.067745574,-0.015152311,0.01924953,0.017979981,-0.004512158,0.025286116,0.049776834,0.0017724653,0.027258163,-0.055290353
-0.023017615,-0.02549592,-0.033484247,-0.051286254,0.026047975,-0.053412054,-0.06428564,0.056955513,-0.06891193,-0.043264188,0.012134689,-0.023632532,0.019635739,-0.03425772,-0.023395114,0.0016246596,-0.057366367,-0.021344796,-0.049320012,-0.019266617,0.016386986,-0.01002403,-0.059730418,-0.019297611,-0.041055992
-0.082738146,0.027278205,0.016176933,0.046901617,0.047857128,-0.06936375,0.0463377,-0.0974394,-0.032002054,0.03153743,0.015631963,0.080136426,0.005464428,-0.0027577148,0.0114370985,0.049286257,-0.061566256,-0.050293453,-0.062641196,0.0665311,0.006160981,-0.056169063,0.00813827,-0.026532961,0.03700083
0.06105546,0.07205126,0.028706325,-0.021090968,0.025378413,0.08378675,0.062224504,0.020709151,-0.016692452,0.044348042,-0.054139033,-0.037052307,-0.04405845,-0.0071866107,0.022940142,0.061756376,0.017893294,-0.053575538,0.015805641,0.04092718,0.07574461,0.023731483,0.016743325,0.025796754,0.044054065
-0.005735049,-0.013826844,-0.055717163,0.05131092,-0.054894138,0.026248598,-0.05782593,0.026078451,0.04372789,-0.0704684,-5.268057e-05,0.0016054766,-0.038137853,-0.046517283,-0.05961549,0.020081853,-0.023639088,-0.03034833,0.013448709,-0.027604539,-0.0134923225,-0.08605296,-0.044083744,-0.0493867,-0.042119086
0.018269364,0.048734583,0.005168429,-0.053041786,0.007556484,0.010487079,0.011781226,0.037094135,0.052662645,-0.022046866,-0.06862838,0.007869049,0.019349298,0.011763976,0.055206444,0.0039486256,0.0052511264,0.05612223,-0.010402361,-0.01366282,-0.004764648,0.02059547,-0.015890585,0.028038202,0.0075313156
-0.031820923,0.0031069533,0.03564267,0.0031425,0.030941015,-0.02465139,0.044331715,0.047578707,-0.055149194,-0.016151313,0.056857716,-0.01120623,0.0075964583,0.068540715,0.045525342,-0.006666239,0.028635357,-0.05785344,0.0013384385,-0.043945465,0.05579593,-0.036861017,-0.0070240027,0.0022841615,0.0023066814
0.025936125,0.00951187,0.018643416,0.04575252,-0.006660105,-0.028783748,-0.03051917,-0.04592179,0.046766594,0.0076487595,-0.017220307,-0.039864555,-0.00032713477,-0.03797719,-0.035137024,-0.018118665,-0.009140153,-0.0025274763,0.023988225,0.030278675,-0.055447012,0.009300962,0.0071611344,0.0041353335,-0.030634638
-0.024795761,0.005920478,-0.072218135,-0.03886863,0.063654706,0.020238321,0.030919453,-0.023553686,-0.052538082,0.06309201,-0.015821058,0.0029556963,0.007913931,-0.004476051,0.0083964765,0.01680936,0.043089036,-0.011786767,-0.054617655,-0.035932556,0.05101821,0.015263881,0.008918921,0.0044984412,-0.07631327
-0.036508694,-0.0075780028,-0.047783613,-0.035423104,-0.027262652,-0.08126048,-0.022112286,-0.039764114,0.011146172,-0.023639273,0.053124793,-0.030281156,0.032648332,-0.024266198,-0.061996594,-2.4045597e-05,-0.04126285,0.019930625,0.015791247,0.039249994,-0.05793594,-0.05464786,0.017141882,-0.031746693,-0.055951014
0.0021593,-0.06575567,-0.043047868,0.005748113,-0.021923393,-0.045160122,-0.065132126,0.00016041892,-0.006157709,-0.03055408,-0.027501328,0.048882227,0.060225535,0.013366561,-0.029811725,0.047129415,-0.026706776,-0.048481222,0.033281762,0.05333199,0.0022425614,-0.010166947,-0.08289286,-0.014720721,-0.06844201
0.04757014,0.064324416,0.080861084,0.02710487,0.055307943,0.051534045,0.004882713,0.0059051253,-0.019851668,0.005332302,-0.01752315,0.058719482,-0.072104484,0.0013246789,0.032471586,0.040309504,-0.028622774,0.05154922,0.021292755,0.027052881,-0.03285616,0.01013306,-0.059381954,-0.0033181754,0.018808415
-0.0025858316,0.048675373,-0.00091373036,0.07489324,-0.030853527,0.020067751,-0.0025904493,-0.028512591,-0.005182417,-0.0025586714,0.05149718,0.039063964,0.024941036,-0.03163671,0.010044663,0.02190982,-0.042327873,0.054568037,0.055157654,0.054232053,0.052892968,0.062549174,0.04476561,0.053207994,0.05669756
0.06064642,0.01688942,0.07903766,0.07470486,0.036890645,0.03149723,0.07692417,0.0762024,-0.008320355,0.03995199,0.029749988,0.06293752,0.043992817,0.0115955435,0.054060906,0.029129898,0.013321739,0.018427132,0.055528004,0.053656034,0.040361747,0.04428311,0.022737656,0.063609056,0.012049149
-0.057348195,0.017303042,0.023600405,0.004676917,0.013111426,-0.036133695,0.058510233,-0.07523215,-0.03239269,-0.021754136,-0.02874886,0.08583044,-0.01792031,0.07082192,0.051219177,0.009773858,-0.04965413,0.013987113,-0.00088959705,-0.0671415,-0.05854085,-0.08011918,0.00720429,-0.077352636,0.011138654
-0.03627825,-0.047789652,-0.021393852,-0.043007974,-0.059059594,-0.04269543,-0.012768062,-0.047242306,-0.048425075,-0.03707562,-0.023388926,-0.02287225,-0.02735554,0.053851478,-0.03299723,-0.027407698,-0.06360303,-0.06826202,-0.009101055,-0.07652426,-0.029038766,-0.05381242,-0.018263573,-0.03636181,-0.037290666
0.011240672,-0.017713828,0.0047647175,-0.017421033,0.010788558,-0.05960002,-0.016362194,-0.0054501523,-0.032289065,0.0136660375,-0.018363552,-0.03907891,-0.020930706,-0.06094819,-0.0320439,-0.018524794,0.03982194,-0.0452052,-0.05213977,-0.032575916,-0.048913617,-0.056435097,-0.034558464,-0.0703829,-0.047549043
0.05084675,-0.07558722,0.002015335,0.041141182,-0.06967102,-0.037694022,-0.050939195,0.075647146,0.05140204,-0.07538925,-0.012770737,0.08361471,-0.027725566,-0.079551265,-0.068885006,-0.0513391,0.0037672578,0.06541921,0.016127404,0.045366727,-0.020877555,0.06569369,-0.009387396,0.08498022,-0.07925719
-0.00065652706,0.06182374,-0.0068639284,0.07861869,0.026860025,0.04201362,0.004298334,0.0331599,0.030370014,0.04221502,0.07414735,-0.0065837284,0.0072486964,0.05031489,-0.034620892,-0.051118735,0.0064463764,0.056711614,0.02117247,0.029622518,-0.03209205,-0.0121128885,0.08027813,0.070073575,0.034107644
0.015452424,0.002016913,0.07352715,0.05057466,0.013891269,0.031524025,-0.0018675164,-0.011900078,-0.030710474,0.039690357,-0.004752882,0.0463343,0.02096498,0.023745773,0.05416468,-0.012759925,0.00380312,0.029108735,0.03779998,0.03615837,0.04498875,0.001840764,0.021314187,-0.0037942978,-0.034585226
-0.02647085,0.04181966,0.026996631,0.030630387,0.03577557,-0.0425383,-0.032902997,-0.015486954,-0.032848645,0.023677036,-0.04138141,0.055649422,0.04459446,-0.037524153,0.028790683,-0.05031325,0.038644925,0.005982539,-0.014590182,0.05882884,0.002572528,-0.032692954,-0.008654942,-0.025944313,-0.047278453
0.03821213,0.0703335,0.047235694,-0.04204596,0.06734073,0.056766454,0.010438077,0.059837338,0.017236216,0.0772867,0.07801542,0.08204651,0.08478088,-0.048999965,0.033215273,0.069764875,0.069010034,0.018488117,0.035046887,0.041046668,0.0649423,0.073597886,0.04178055,0.0706033,0.07075939
-0.009126412,-0.042176794,0.023879316,-0.03447155,0.011023168,0.018907666,-0.015908198,-0.021217952,-0.025793115,-0.07069839,-0.018148407,-0.04195005,-0.04568763,-0.06441179,-0.024284935,0.043028954,0.00042647994,0.06637396,0.04327224,0.023493852,0.030498361,0.06668782,-0.016134283,-0.024440333,-0.05346638
-0.080778785,0.03625655,-0.062926985,0.0028807581,0.06446819,-0.061034504,-0.023783317,-0.04792825,0.032316484,0.06388473,-0.050349347,-0.0028512164,0.020583063,-0.051233694,-0.047803544,-0.036687084,-0.050683096,0.009938314,0.02606585,-0.02119537,-0.054162122,-0.03836377,0.024440056,0.022978628,-0.055568337
0.040425707,0.036521826,0.07586907,0.033141933,0.036742322,-0.048432622,-0.0030469357,0.05916673,-0.051522855,-0.04161163,0.08616919,0.0024144768,0.0013917335,-0.048895426,-0.025844797,-0.014078344,0.039198544,-0.010690144,-0.02280867,0.0029893487,-0.03169417,-0.032504737,0.029389283,-0.016698642,0.035672445
0.02757631,0.044510204,-0.02712336,0.0115378685,0.027814906,0.05276636,0.037349753,0.052668385,-0.009241377,0.0053796126,0.026121719,0.018418737,0.050812315,0.038451385,0.038623657,-0.042658556,0.066198856,0.06956425,0.032290313,0.053217944,0.048718486,0.027216643,0.024502557,0.022307953,-0.0005562069
0.015756994,-0.0012207673,0.036103927,0.027047826,0.02513783,0.003279836,0.04036045,-0.08871475,0.08831079,0.012837294,0.09018241,0.016428096,0.01731012,0.04881975,0.020432897,0.06860599,0.046723876,0.011696868,-0.0069958884,0.040772673,0.013490849,0.019528562,0.04694081,0.027148928,0.06597501
-0.046390604,0.054751266,-0.02508829,0.037936557,-0.046949115,-0.03897261,-0.02342081,0.0008747987,-0.015705029,-0.04693254,0.02792475,0.031461343,-0.05816969,0.011890147,0.0013537928,0.0059996396,-0.0052781114,-0.029141946,0.053842295,-0.06606262,-0.0032380316,0.0029880083,-0.047245245,-0.022190392,-0.070027724
-0.015011764,0.026848475,0.009393322,0.01949855,-0.053381536,0.0013359357,0.06836535,0.03623215,0.02591763,0.057914793,0.0040654284,0.056327473,0.05006691,-0.0073559796,0.029045418,-0.05589557,0.031778984,-0.0069731404,0.06748648,0.0073183565,0.011195287,0.0035095871,0.062180206,0.018123806,0.04527624
-0.0061474275,0.028919969,0.07046368,0.052605808,0.071967445,0.07310594,0.079924166,0.0077704,0.04165761,0.076476835,0.08467799,0.07595927,0.08033912,0.07961669,0.03746957,0.047369886,0.06155996,0.041912284,0.05624206,0.0665891,0.05260432,0.049198885,0.07859526,0.06978704,0.07646532
0.041237075,-0.011085675,-0.017000552,0.011169387,-0.010314499,0.053732827,0.039230477,0.025702205,-0.0110707795,0.038198113,-0.008385742,0.031856433,0.031258237,0.008769849,0.050714064,0.04782952,0.011593033,0.046098184,0.06503763,0.04819069,0.0325392,0.044601947,0.01562,0.0358294,0.039736725
0.04167824,0.08248966,0.020201184,0.03592835,0.0575906,0.056098968,-0.043709353,0.033405565,-0.015315373,-0.017441513,-0.011740469,0.011878192,-0.011498517,0.02801541,0.052006014,0.072201736,0.03064841,0.014037269,0.053232763,-0.02754369,0.0084256325,0.048785653,-0.014378027,0.022386242,-0.07036716
-0.066444,-0.06582627,-0.011082337,-0.02817167,-0.019819116,-0.076729335,-0.033631824,-0.07932706,-0.07125385,-0.05664582,-0.04601658,-0.06919512,-0.032407183,-0.028174985,-0.075570025,-0.043717053,-0.029092466,-0.07374122,-0.07169236,-0.01122,-0.052142072,-0.058332745,-0.017315483,-0.055636123,-0.047527585
0.040883552,-0.062433362,0.0716759,-0.026877869,0.021659756,-0.038662214,0.038234904,-0.045727145,-0.0017116416,0.061153445,0.0023193024,-0.027815651,0.041049838,0.04327124,-0.01859775,-0.029397853,-0.022212034,-0.048685152,-0.06839377,0.07426653,-0.043307588,0.03147627,0.011238085,-0.015406152,-0.036458176
0.007097647,-0.009987145,-0.051282078,0.011759802,-0.013387843,-0.03572366,-0.058691468,-0.080806084,-0.014951505,-0.04948599,0.08103203,-0.06956804,0.0054122307,0.050537407,-0.0254429,-0.07109873,-0.056951966,-0.07330414,-0.0560513,-0.015557592,-0.0381236,-0.046650928,-0.0551315,-0.060247086,-0.013555352
-0.05931789,-0.052012537,0.00927735,-0.011661224,0.008899238,-0.07536845,-0.02994215,-0.027870718,-0.03949832,0.029256599,0.05289441,-0.061279193,-0.07112149,0.036068305,0.021198913,0.032905005,-0.006942169,-0.07622978,-0.015515647,-0.024865383,-0.023989592,-0.06515427,-0.03507319,-0.067805834,0.024120979
0.031065,-0.062220607,-0.012446875,-0.008937722,0.031964727,-0.020740591,0.0027871935,-0.02321719,0.03551416,-0.010198421,-0.028796649,-0.0017323743,0.005173774,0.0023252687,-0.009129883,0.06295586,-0.062340673,0.032412533,0.025472976,0.0587616,-0.04840428,0.054581556,0.039584298,0.015510756,0.008898394
-0.029567346,0.025552038,-0.07470172,0.012881601,0.0028596153,-0.02188049,-0.045912705,0.013281584,-0.021551643,-0.034512695,0.012252799,-0.06354458,-0.04930609,-0.06624922,-0.0024235803,-0.033805326,-0.066316955,-0.0039936504,-0.035218805,-0.051396564,-0.042690497,0.051131036,-0.06256699,-0.052627202,-0.008219459
-0.05900168,-0.022380138,-0.030401342,-0.039483156,-0.034841504,-0.03036489,-0.072271936,-0.05384744,-0.038649827,-0.021387491,-0.05875506,-0.085406505,0.010155706,0.06556755,-0.031029468,-0.07518026,0.014740478,-0.056942496,-0.032107428,-0.035522666,-0.013407418,-0.065573364,-0.07377066,-0.0469627,-0.08440349
0.030594174,-0.038917433,-0.049755137,-0.043994408,-0.07489524,0.06323547,-0.021967836,0.08807833,0.04353543,-0.037671156,-0.00749817,0.006631144,0.005496562,-0.05664199,-0.013548928,-0.011684188,0.01302088,0.0033478318,0.068905905,-0.027938109,0.00077470107,-0.03325503,0.023984378,0.020290432,0.06781171
-0.032741543,0.053990625,0.029733598,0.05465741,0.04592481,0.005159023,0.021519579,0.057460517,0.027752047,0.0044819866,-0.008889656,0.02691812,-0.022836769,0.02209692,-0.014467775,0.00093296985,-0.0072163693,-0.010306874,0.008831017,-0.009767871,0.024320949,-0.016045952,0.012853823,0.014880528,-0.023772862
-0.075993106,-0.071470834,-0.0119365435,-0.015994215,-0.052747313,-0.0663106,-0.04696564,-0.083725214,-0.036603265,-0.07455153,0.016865155,-0.060365517,-0.07652715,-0.052951757,-0.0824324,-0.0069202525,-0.033694677,-0.06607692,-0.06809096,-0.065733664,-0.04980645,-0.07486353,-0.046621718,-0.054775394,-0.02591428
0.010286859,0.016494116,0.043782827,0.05599498,0.04903588,-0.0034463205,0.0044419123,0.028235927,0.022576073,-0.017847614,-0.0004627191,-0.013983838,0.025043352,0.0491933,0.08779683,0.036282055,0.053857185,-0.009042311,0.055926513,0.078084484,0.03542029,0.004844694,-0.06485788,-0.030147264,0.052018505
0.06638447,-0.048351165,-0.0422381,-0.04773184,-0.027620545,0.013640936,-0.02126855,-0.0011070402,-0.035365555,-0.014644245,-0.0005104899,-0.0229379,-0.034838703,0.006857018,-0.011106816,0.027379094,-0.028282829,-0.018835282,-0.0060861027,-0.007258722,-0.012073479,0.0329659,-0.0480375,-0.036075678,0.04449338
0.020570504,0.023122039,-0.062075365,-0.034138635,0.009389794,0.0370129,0.023507733,0.0326973,0.007644605,2.7697757e-05,0.050159626,0.014340803,0.062062062,0.019871365,0.005167436,0.07574723,-0.023523392,0.073911466,0.020003812,0.070495225,0.016314289,0.04979216,0.0017806853,-0.027172208,-0.04160243
-0.077951886,0.037527896,-0.0143161,-0.024202665,-0.058139473,0.009491256,0.030552179,0.016508494,-0.032961346,-0.07011768,0.023755942,-0.020894863,-0.077148795,0.0037311958,-0.01813928,0.017042484,-0.008892534,-0.029094042,-0.0008352928,-0.059186786,-0.034477,-0.05785993,-0.03891622,-0.015628124,-0.008043987
-0.011820502,0.025956333,0.0038060385,-0.051632863,-0.06833905,0.045052767,-0.016505819,-0.046812687,-0.023565715,0.07711538,0.009274366,-0.014173004,-0.07496222,-0.030990165,-0.081833735,0.03910672,0.019986354,0.006827493,0.0013789708,0.06834191,0.052680694,-0.01657053,0.06903125,-0.07383751,-0.008305172
-0.071251094,-0.031507585,-0.041951,-0.07819573,-0.01765512,-0.061175417,-0.05068533,-0.043861195,-0.048318353,-0.047467586,-0.0015662374,-0.06142922,-0.07766111,-0.04244463,-0.0107012475,-0.068128236,-0.058204997,-0.056446698,-0.03773341,-0.044122275,-0.0436564,-0.05914678,-0.0313514,-0.05858679,-0.02736492
-0.016678318,0.010489399,-0.032041132,0.06561011,-0.030751025,-0.058548175,-0.009874496,-0.009102315,0.048168637,0.049450725,0.04355289,-0.017886423,-0.04681686,0.051155627,0.009017552,-0.067968436,0.057855703,0.070407994,0.03893685,0.058682367,-0.013998867,0.0325525,0.054264013,-0.034111973,-0.0757059
-0.03084052,0.039564565,-0.03660509,0.029662514,0.021268658,0.04417302,-0.028810842,0.00068048376,0.021654075,0.010336982,0.0017195749,0.0035180443,-0.012829963,0.036169715,0.003901447,-0.035572253,-0.012340769,-0.0069209454,0.026673166,0.064719066,0.055898454,0.017489566,0.00011497592,-0.0476276,-0.021162463
0.0004376251,0.05630072,0.05264991,0.0040545757,-0.0350434,0.016711902,0.02423395,0.06361855,-0.006667574,0.05469415,-0.002999576,-0.0074690906,0.0018438768,-0.050033733,0.0075523825,0.007098945,0.038565528,0.011810519,-0.043214,-0.01398703,0.052254166,-0.013544896,0.06203236,-0.058573063,0.030302737
-0.076824635,-0.028850617,-0.07679692,-0.070938826,-0.02119883,-0.026386414,-0.014951351,-0.06742224,0.0746744,-0.048803963,0.062893696,-0.057943568,-0.043958966,-0.007172103,-0.018843988,-0.039693743,-0.03866183,-0.055933956,0.016676988,-0.043481622,-0.010291593,-0.043754827,-0.018433342,-0.00895239,-0.005841171
-0.0033434501,0.049986918,0.062638484,-0.030880714,-0.032990742,0.055808593,0.03907261,0.032994688,0.014044021,-0.05678054,-0.03370413,0.021582365,-0.032026198,0.017011812,0.07598384,-0.011732095,-0.010072847,0.05703397,0.047922812,0.068218075,0.041439474,0.06554473,-0.025119307,0.02961037,-0.0018810553
-0.0024379152,-0.041764747,0.0011959159,-0.06440656,-0.05547643,-0.04414785,-0.06581454,-0.030428903,-0.0111182155,-0.04657097,0.053312548,-0.013460093,-0.053467277,-0.07598585,-0.036170024,-0.060971856,-0.07338864,-0.022174884,-0.004673566,0.029068908,-0.041276306,0.031609453,-0.032367684,0.063133664,-0.0050754007
0.025385775,0.031975616,0.0075008427,0.030733068,0.02310526,0.00922621,-0.0015752868,-0.052605763,0.015882151,-0.025444021,-0.041307036,-0.024753384,0.0015076238,0.031780414,0.04611854,-0.0030622468,0.015594599,0.032964244,0.02807156,-0.0150763,0.03219117,0.012707362,0.032143403,-0.034952823,0.015692981
0.040660013,0.0023019896,-0.064454265,0.004252893,0.020693194,-0.020663584,-0.05868066,-0.05335794,-0.01315394,-9.11685e-05,-0.03049874,0.033281922,0.006505344,-0.060612164,-0.03777087,0.046237558,0.05764003,0.058865447,0.013054538,0.060764004,0.05914815,-0.055346817,0.0059752143,-0.009178892,0.012022814
0.009250494,0.047901984,0.08307127,0.09164998,-0.028549986,0.002690262,0.06620961,-0.016470594,0.019588294,0.02171239,0.04708027,0.05653245,0.050328266,0.06307918,0.055932745,0.056871265,0.06344838,0.026763167,0.074703105,0.037864204,0.05292962,-0.0091615,0.08319979,0.033767667,0.08378001
0.017566334,-0.0013088194,0.048016522,-0.011858496,-0.044307936,0.0074439943,0.048041366,0.025492415,-0.021229427,0.04206664,-0.036358893,0.082936496,0.0093870405,0.05489253,-0.022800468,0.050497096,-4.6499415e-05,-0.015389496,0.038283244,0.04553359,-0.017530316,0.041157927,0.05779321,0.027371958,-0.05016553
-0.030976541,-0.022587879,0.00801246,-0.0750905,0.024835203,-0.055513423,-0.022865666,-0.036449824,-0.035389762,-0.0066862414,-0.038216237,-0.03402963,-0.035286263,0.0062958626,-0.017071692,-0.055123758,0.050495073,-0.06924871,-0.07007749,-0.026050413,-0.024484819,-0.07518143,-0.021899851,-0.007081416,-0.049745552
0.017263811,-0.034726806,0.033794835,-0.049307764,-0.05715123,0.036706205,0.010493387,0.025730338,-0.044149585,-0.020259563,0.029173661,-0.011916334,-0.002541609,0.0064127003,-0.0234051,0.0060395873,0.031767998,-0.019988768,0.0166138,0.05384104,0.010120788,-0.052324258,-0.0007873007,0.04111847,-0.014513401
-0.027968705,0.018231783,-0.027509427,-0.032699194,0.013729435,0.075554684,-0.030566774,-0.008340691,0.05938444,0.011232743,0.0033593758,0.030285107,-0.050154243,0.022527128,0.048277017,-0.021700364,-0.058940753,0.045551103,0.07157003,0.06579061,-0.04858014,0.046745352,-0.07440153,0.008243911,-0.04638189
0.024078712,0.00748862,-0.0031199025,0.03886751,-0.050890278,0.030770918,0.010069928,-0.0086085405,-0.06851149,0.014439777,0.08212788,-0.009295731,-0.027616428,-0.02548122,0.033511296,0.036458623,0.018152162,0.006401586,-0.03413154,0.039702404,0.062551185,-0.021225184,-0.033397697,0.04332221,0.0180784
-0.0019588303,-0.0060385196,-0.017774306,-0.043291867,-0.00243479,-0.008095183,-0.05281014,-0.033031423,-0.007537943,-0.04732351,-0.02263378,-0.06745247,-0.053299386,-0.0072134067,-0.0590149,-0.02149869,-0.049233045,-0.019591782,-0.027624745,-0.06506897,-0.07271133,-0.046082098,-0.02894623,-0.03705909,0.015818145
-0.065979585,-0.057372745,-0.02612565,-0.023858516,-0.050406076,-0.042411,-0.04755699,-0.060407437,-0.03643646,-0.03483135,-0.026554933,-0.015796574,0.010598646,-0.06648482,-0.054843932,-0.0456194,-0.058593698,-0.00474302,0.013304579,-0.050714623,0.005433776,-0.030286523,-0.056475744,-0.0011063576,-0.052444793
-0.058100656,-0.017379098,0.030191928,0.06640474,-0.01651583,-0.024738662,-0.01867689,-0.016377589,-0.047687914,-0.030196253,0.03019079,-0.00012934406,-0.026089862,-0.007584489,-0.031181697,-0.013731557,-0.007266011,-0.055008538,-0.016989669,-0.06886394,0.042384367,-0.043874316,-0.056103505,-0.03214363,-0.04951912
-0.006281125,0.059339534,0.058314737,0.035057906,-0.0012598524,0.07358547,-0.04285689,0.027396984,-0.023509068,0.016816577,-0.025891388,0.04657415,0.033103243,-0.026037836,-0.03653746,-0.007413421,0.02450394,0.038734548,0.0035049538,-0.032015696,-0.004875874,0.07075476,0.042515278,0.07549124,-0.024624934
0.04512535,0.033380136,0.06834944,0.049550608,0.0027290375,0.050255425,0.044960838,0.027221845,0.042938344,0.07257535,0.010206738,0.07074556,0.03757233,-0.038665846,-0.021644803,-0.0115933595,0.023615755,0.054655463,0.008864862,0.038558718,0.010177521,0.03311396,0.046674237,0.045285318,0.037633568
0.019546453,-0.037752282,0.014726195,-0.06490821,-0.033513434,0.01094631,-0.017445436,0.03333839,0.0068587475,-0.042257164,-0.025988827,0.010726231,0.028285535,-0.014785479,0.015243072,0.024687873,-0.02547709,-0.06906523,0.021272149,-0.014940276,-0.004659013,0.040937446,-0.074903175,-0.046248075,0.059299834
-0.04624883,-0.015723359,-0.041909736,-0.011814507,0.0028372093,-0.0689443,0.0037542966,-0.04849919,-0.09836764,-0.04743825,-0.06825595,-0.027721675,-0.03630346,-0.05629155,-0.06649635,-0.040847763,-0.03225716,-0.05661202,-0.058282465,-0.006271015,-0.06599475,-0.06977254,-0.00017402452,-0.048705127,-0.043316025
0.008181899,-0.0005896758,0.061692305,0.035385728,0.053980242,-0.028973078,0.04927717,0.010336402,0.008178933,-0.030401137,0.012883764,-0.004012374,0.028124701,0.041898593,0.024041533,-0.039686076,-0.06707666,0.012987207,0.04883473,0.06701017,0.027912201,0.008946602,0.04903757,0.05399378,0.029016158
0.08740393,0.08404065,0.08561462,0.0920186,0.0851933,0.086299285,0.08942122,0.10102354,0.14264469,0.08391299,0.12672271,0.08384639,0.09140741,0.09022338,0.096247986,0.0744147,0.08255148,0.09336553,0.08790024,0.08102701,0.08658593,0.08922369,0.08735857,0.089277506,0.08517456
-0.052793976,-0.012382283,-0.022843147,-0.04226726,0.034369856,-0.05140849,0.050674308,-0.07499415,-0.08174866,0.0018262235,-0.011784027,-0.0057554333,-0.024397844,0.06390114,0.038435865,-0.045348816,0.0660577,-0.029475635,-0.051720195,-0.051623322,-0.033924982,-0.0555929,0.014999792,-0.025242029,-0.034902446
0.006153486,-0.045232292,-0.006792928,-0.056938767,-0.032567695,0.016858606,-0.064392366,0.012988543,-0.031099394,-0.06905875,0.0320825,-0.027294166,-0.022182837,-0.04933575,-0.060669746,0.049305152,-0.057039574,0.011689931,0.04243834,-0.025929635,-0.062898956,0.026231583,-0.049817737,-0.021332147,0.011506765
-0.016974192,-0.004620809,-0.006458913,-0.007041246,-0.0144307595,0.019965624,-0.0501394,0.060822967,-0.07725566,0.025331073,0.016565248,0.059783146,0.020757036,-0.059550997,-0.03089878,0.059730593,-0.029730627,-0.030152028,0.013988125,0.021123562,0.015814446,0.041292306,-0.03568288,0.01672786,0.0030885313
-0.06028914,-0.06384421,-0.034870878,-0.0025891226,-0.053029757,0.0040542474,0.05494829,0.014819617,0.07968178,-0.077797264,0.0798509,-0.06528126,0.03692556,0.008709321,-0.019906644,0.0055987355,0.017580407,-0.054364517,0.049960855,-0.02474749,-0.024756208,-0.03196823,-0.042320456,-0.05831739,-0.013477669
-0.06462194,-0.041997947,0.008673006,-0.05187972,-0.02517802,-0.058302443,-0.050357625,-0.075824395,-0.105721734,-0.04752592,-0.101624124,-0.065444216,-0.058375876,-0.012006864,-0.041521482,-0.06157051,0.0067760334,-0.0629173,-0.065928884,-0.041462634,-0.045306828,-0.08024389,-0.05116158,-0.06797218,-0.06801153
-0.010995526,0.0087162,-0.0050327173,-0.010597941,-0.01765924,-0.018311406,-0.019145144,0.004945721,-0.034532066,0.022014858,-0.0029642514,-0.008868252,-0.011079563,-0.036061812,0.0025024475,-0.015054282,-0.0037220465,-0.054217786,-0.028372213,-0.016590184,0.040088035,0.023078186,0.01886876,-0.018430931,0.0006988168
-0.01851642,0.013707244,0.06113139,0.027121782,0.008844666,0.048440706,0.04118466,-0.022514625,0.085692346,0.047596555,0.062450767,-0.036195662,0.022770742,-0.029000996,-0.040812515,0.00254471,0.05448391,-0.013792378,-0.0352358,-0.018115424,-0.035883784,-0.0065662176,0.041805945,0.054309204,-0.0029382054
-0.031697307,-0.016384354,0.03368192,0.061373588,0.031234981,0.020113688,0.03616378,0.02608328,-0.024564432,0.0314325,-0.02139134,-0.04428382,-0.048121385,0.08503189,0.07024833,-0.00029837177,0.0788822,-0.024649143,0.06627395,-0.028630864,0.059911653,-0.05593767,0.026822912,0.03541116,0.06793402
0.050582,0.056196675,-0.015480616,-0.0007145292,0.03200515,0.008960013,-0.004508388,0.06324607,0.007727204,-0.04290602,0.00029070856,-0.0042532696,0.03518182,0.039483223,-0.024372203,0.018032145,0.041242935,0.04840334,0.017340053,0.058913562,-0.022627603,0.028899271,0.031090181,-0.021985514,0.05807598
-0.033879906,0.009916314,-0.068265334,-0.046755243,-0.03839685,0.040427744,-0.03001919,0.016202323,-0.04899306,0.011535155,-0.006982448,-0.044065025,0.0460974,-0.0006646947,0.024747623,-0.035969663,-0.03164965,-0.017748397,0.01801421,-0.04924202,-0.022309482,0.037179496,-0.059518237,0.044567704,-0.05973226
-0.017324382,-0.012686048,0.035607617,0.07369499,0.036673352,-0.030508861,-0.0008004134,-0.029058542,0.01462791,-0.0092719225,-0.05330496,0.06674121,-0.060927268,0.055791266,0.05179903,-0.0033302319,0.049229756,0.055825196,-0.004895598,0.053101726,0.0039493344,0.0072627803,0.017139351,0.053035807,-0.0022329586
-0.045188244,-0.057509497,0.048771262,-0.0316788,-0.0074573234,-0.0410737,-0.058725737,-0.040517632,-0.036601145,-0.032862462,-0.061493315,0.02216674,-0.03745618,-0.03275359,-0.015195432,-0.04613463,-0.034299366,-0.020645555,-0.0072444417,-0.0510201,-0.013606964,-0.040414758,-0.066876516,-0.04629609,-0.04972238
0.028000217,0.019533658,0.007236436,0.04864985,0.059057467,0.033824556,-0.02405896,-0.0008982014,0.08582904,-0.026734853,0.015214084,-0.04139819,0.006916079,-0.02976238,-0.069314435,0.068230905,-0.035837617,-0.017494684,-0.03684396,0.06747286,0.06718153,0.04761091,0.017092407,0.02524471,0.079164475
-0.02588739,-0.0657982,0.07446779,0.049922362,-0.07381795,0.014590562,0.02876563,-0.033961177,0.0018458851,0.032428138,-0.005228411,-0.014029103,-0.08262795,0.029790398,-0.011810563,-0.0272578,-0.0068446444,-0.04520637,-0.04584614,0.01634452,-0.07210889,-0.010574087,-0.05510048,-0.025214188,-0.06730097
-0.0369029,0.034864224,-0.009005605,0.002215034,-0.038551047,-0.009241031,-0.00080210366,0.00010330613,-0.059089378,-0.019661248,-0.02267084,0.053451832,-0.011252928,-0.009148125,0.0032071546,0.021329207,0.050276358,-0.031280667,-0.03344939,-0.03127651,-0.0012755792,-0.018276144,0.035413083,-0.018581513,-0.041728184
0.0720257,-0.009968485,-0.048830375,0.026937036,0.06204008,0.014475517,0.04553475,0.06167137,0.030640228,-0.019904291,-0.02660403,0.008032121,0.024984801,0.052310556,0.0129260495,-0.05824846,0.020779135,-0.014310383,0.048249274,0.030605644,-0.0037134406,0.06311184,0.0022696885,0.053004764,-0.073129326
0.017309535,0.068641186,0.036729146,0.03390221,0.016772946,0.061841626,0.073866226,0.07499693,0.05687859,-0.0013652252,0.06813144,0.06527327,0.01487561,0.045130618,0.058989342,0.063268214,0.012768908,0.048456382,0.08400503,0.06995098,0.051206306,0.05691446,0.06230939,0.068710186,0.055730276
-0.06701693,0.013515465,-0.04481974,-0.05127354,0.0346504,0.020733347,-0.0025970517,0.019314714,-0.012862762,-0.014247541,-0.06157169,-0.014325794,0.003151351,-0.011605228,0.02317463,0.013224236,-0.011864359,-0.0015309259,0.025454067,-0.008191096,0.004531528,0.021639686,-0.009414679,-0.02015109,-0.011316839
-0.03314027,-0.022901842,0.03761192,-0.04061998,0.0018990268,-0.06971166,-0.047218084,-0.07037794,0.021323564,0.007571416,-0.04077078,-0.05537919,-0.0059081092,-0.05546413,-0.052073836,-0.059305742,0.027483834,0.0143446885,-0.07099541,-0.037219446,0.0055855736,-0.0063915015,-0.062533975,-0.02981693,-0.056379076
0.023844851,0.035274543,0.0145494705,0.08057535,-0.020060997,4.8159687e-05,0.0014115914,0.04181072,-0.011964707,0.0717152,0.033182133,0.046080742,-0.02525207,-0.06160204,0.03855107,-0.019026397,0.0035188962,-0.024169033,0.053342167,0.041254558,0.03293526,0.023355957,-0.015342174,-0.037159316,-0.007737509
0.011537476,0.0018965235,-0.06781247,-0.058040302,-0.030540207,-0.044207625,-0.060862422,-0.009371121,0.013442695,-0.03605764,0.05235544,-0.056010827,-0.03560318,-0.032682467,0.028392062,-0.043889415,-0.03234827,-0.04186861,-0.023333719,-0.009265598,0.0016061332,-0.033096403,-0.031224648,-0.043660317,-0.037351336
-0.001846042,-0.030371357,0.001075257,-0.029647475,-0.029152298,-0.024145799,-0.07573539,-0.014761448,-0.064479694,0.0054847565,-0.0001846552,0.032829486,-0.012382251,-0.04294855,-0.049557757,0.055353694,-0.015788399,0.02409484,-0.036966443,-0.012848653,0.00781573,0.020040423,0.026975153,-0.051840752,0.03683624
-0.04342245,-0.027937856,0.058768302,0.045475595,0.058713876,0.034864005,0.008305622,0.042585395,0.00714663,0.0440586,0.059556697,0.012964998,0.0667815,0.037504397,0.026742902,0.033988055,-0.012914788,0.033440903,-0.06468751,0.07228646,0.028943554,0.010035196,0.018870337,0.05140158,0.01960979
0.031575814,0.046354752,-0.026365984,0.05013619,-0.03584046,0.039113406,0.021625169,0.033027116,0.10165003,-0.011287186,0.08487886,-0.02555605,0.051173262,0.050665237,0.06847136,0.04363234,-0.014420517,0.05123687,0.062207498,0.047564216,0.05929799,0.01217901,0.0045942618,0.02940868,0.03381027
0.07475497,0.062428605,0.009101414,0.011446192,0.04918714,-0.026125247,-0.051386885,0.009868101,-0.0637138,0.051261675,0.0072760982,0.05497443,0.066361904,0.020023517,-0.005254179,0.06173128,-0.07336847,-0.037565675,0.077596925,0.075888924,0.04370658,0.008322368,0.008891369,-0.052445557,0.026087543
-0.018977173,0.02055079,0.035398766,0.0057096463,0.0044914214,0.00016895815,-0.013382794,-0.035130344,-0.011912588,0.04253787,-0.012592993,-0.06746331,-0.0121358605,0.041296262,0.010845715,0.069173336,0.072221674,-0.003486807,-0.009707103,-0.006052848,-0.00574769,0.0038314147,-0.0647015,0.044223502,0.024549428
-0.04213748,0.010093965,-0.033256996,-0.07959096,0.0036103013,-0.041593518,0.03294384,-0.036748815,-0.04293759,-0.011123389,-0.04458218,0.018256998,-0.0227691,-0.012295673,-0.06303736,-0.07537627,-0.017947707,-0.061781738,-0.025051229,-0.040045522,-0.08198961,-0.026089462,-0.02504731,-0.0041694064,-0.05924495
-0.03137368,0.011224868,0.0026311125,0.01490885,0.025941651,-0.0074936952,0.011792923,0.004293582,-0.019404408,0.002804443,0.00034992796,0.0047980845,0.007650738,-0.015414551,-0.0014540267,0.02763368,0.03909638,0.0016009302,-0.04638199,-0.0103326,0.015619069,0.021390058,0.031914305,-0.009472252,-0.01789426
0.07873424,0.0054046516,-0.011013116,0.05149398,0.03863282,0.059922803,0.019667123,0.027694376,0.024369914,0.02405032,0.003197145,0.039107136,0.041145343,0.07475618,0.07128614,0.043154363,0.012734561,0.0536189,0.052438818,0.030534849,0.058305677,0.054189406,0.023043761,0.03020317,0.024706624
-0.008378218,0.07231593,0.014319017,-0.06664599,0.021805292,-0.043996565,0.061615214,-0.042833414,-0.086319886,0.02253246,-0.05328516,0.037536632,0.035237134,-0.03145477,-0.040097784,-0.008959977,-0.014070411,-0.02406723,0.046310417,0.030335886,0.003690416,0.036363598,0.046035245,0.02258119,-0.025619693
0.055885583,0.076309286,0.057838153,0.0773652,0.047452807,0.046436243,0.07998464,0.05193478,0.046734393,0.0533813,0.087279156,0.03248727,0.084994994,0.07070974,0.0892627,0.01682218,0.06812161,-8.091667e-05,0.029143725,0.06657907,-0.014676206,0.07208986,0.026410008,0.07021211,-0.033054985
-0.06275869,-0.013850255,0.0661455,0.0804977,0.07001001,0.003906528,0.05438943,-0.036770254,0.0003753608,0.03385401,-0.005911363,0.011527252,0.049838927,0.03106254,0.08230851,0.05466926,0.066840515,0.06409276,0.048825584,-0.042586587,0.02683515,-0.04361537,0.009059558,0.020701796,-0.07878676
-0.02812707,-0.0038207674,-0.0496205,0.0128993075,-0.026444333,0.035927914,0.08047211,0.04018751,-0.038126964,0.006477407,-0.018670836,-0.0737892,0.019229535,-0.00058491813,0.06066292,-0.029523177,0.076484226,0.08021931,-0.07509138,-0.060244318,0.056275513,0.004742423,-0.05034046,0.028623385,-0.072661564
0.07428276,0.036603775,0.0474865,0.053597663,0.016821062,0.028764198,0.045072407,0.07109322,-0.06672592,0.03817177,0.023223782,0.025225656,0.07665574,0.016072039,0.027649688,0.063411966,0.04630202,0.034684442,0.060692027,0.05321378,0.027293768,0.032877553,0.058625456,0.0003578154,0.066257864
0.043846797,0.052571394,-0.037602726,0.040670846,0.043809887,0.074540325,0.048762817,0.04699989,0.03902916,-0.015343844,0.062196482,0.0066320146,0.00019587386,0.06800894,0.044604816,0.06897202,0.021714747,0.058700424,0.03899182,0.06913351,-0.018155076,0.021451676,0.02464371,0.036655582,0.06697839
-0.0032690158,0.009335941,0.063113175,0.015121375,0.02400496,0.017980069,0.043315604,0.043632906,0.0021859242,0.06965854,-0.03417632,0.07147079,0.03782207,0.02842725,0.027862314,0.049020454,0.069176935,0.00880026,-0.019042106,0.0370841,-0.038960136,-0.02462339,0.0074279266,-0.04956704,-0.021367885
0.083903104,0.027007572,0.053950265,0.066046745,0.056611095,0.07503108,0.042767715,0.09159577,0.0010339739,0.054067016,-0.018796671,0.070138566,0.037406098,0.06901226,0.08909612,0.044101495,0.05972374,0.059328247,0.064887,0.06553303,0.07292042,0.06658756,0.045289163,0.019305963,0.053193994
-0.079552375,-0.030492373,-0.007806038,-0.039159015,0.02283203,-0.060339443,-0.07075395,-0.069638446,0.036234967,-0.036724076,0.010896734,-0.05313377,-0.036784705,-0.057195608,-0.051012713,-0.05288721,-0.011536591,-0.0016350648,-0.04113072,-0.05863339,-0.053395648,-0.024742957,-0.04437441,0.0043145046,-0.0611618
0.048450693,-0.026412802,0.053446997,-0.050988935,0.022378199,-0.038587917,0.03707425,0.036893852,-0.03375051,0.060252257,-0.055262387,0.00998784,-0.019061692,-0.04422973,0.056224175,0.06625918,-0.01440439,0.02876219,0.0029311157,0.05350321,0.057632204,0.0034936918,0.04497451,-0.050491575,0.080271415
-0.036927756,-0.06231486,-0.055590883,0.019143103,-0.042299427,-0.034440223,-0.07595828,-0.018560642,-0.007989476,-0.07258288,-0.069849476,-0.038829055,-0.07869454,0.015100405,-0.043438815,-0.0680779,-0.015993176,-0.044979874,-0.060745984,-0.029579848,-0.005352675,-0.06944737,-0.082103826,-0.058205653,-0.07279345
0.07380759,0.080865026,-0.04487081,-0.050194897,0.064780064,-0.024569402,0.046300188,0.05250414,-0.000195516,-0.011294638,-0.055314004,0.034555588,0.023400338,0.0571202,0.05971279,0.028164942,0.06352739,-0.012970513,-0.010229906,0.050149433,0.023396688,0.02757764,0.0005890013,0.014062086,0.049677704
0.09285008,0.08606902,0.08216209,0.026691332,0.07651254,0.08659926,0.062626846,0.101854794,0.029894061,0.08226409,0.008522502,0.08708004,0.06135571,0.06414083,0.082510196,0.0752437,-0.002229508,0.03770677,0.087352835,0.0809898,0.08570995,0.08957239,0.08688496,0.08818087,0.08398567
-0.057143487,-0.054681316,-0.0007391562,0.05251385,-0.047255944,-0.014092794,0.011864735,-0.0310528,0.014034873,-0.020703552,-0.05879093,-0.055594172,0.05669967,-0.02867439,-0.022437537,0.063590206,0.0025508178,-0.0014822867,-0.02920003,-0.060986705,-0.01018305,-0.076686256,0.028570332,0.0009750519,-0.02282022
-0.019202635,0.003798206,-0.024456602,0.01911976,-0.01766311,0.013326187,0.010180441,0.0268052,-0.02335963,-0.056124553,0.06251365,-0.017153956,0.030756716,-0.05623048,0.039438996,0.059068743,0.06356115,-0.008477319,0.015418885,0.027285177,0.032349966,0.019699734,-0.009390728,-0.05129559,-0.042192645
0.06549094,0.069559455,0.055252213,0.021060083,0.0703112,0.065861024,0.06181614,0.05395456,0.01842519,0.053078458,0.045813765,0.08055992,0.06673744,0.05379209,0.024257192,0.07389166,0.057808843,0.059705965,0.07513618,0.042948518,0.03534452,0.055826545,0.070473716,0.05704755,0.07700614
0.052965265,0.054280456,0.06270932,-0.0065934127,0.039580505,0.014589142,0.0174377,0.06144501,0.035664763,-0.011121329,0.08853052,0.061201926,0.015923923,0.028913254,0.0633216,-0.037187003,0.01923851,0.07420083,0.046766073,0.042926542,0.048134185,0.05191696,0.031047005,0.07374388,-0.027745457
0.025520382,-0.019536562,0.012009215,0.027274223,-0.031261828,0.012512952,-0.0036243282,0.0010642105,0.032141782,-0.038419012,-0.01822191,-0.011562578,0.00014441431,0.028932687,0.0074712653,0.04838331,-0.05277731,-0.017883413,-0.024617687,0.040370427,0.03429865,-0.020101838,-0.051075004,0.020863814,0.041478157
-0.038743176,-0.057861075,0.05377528,0.06057502,-0.035702165,-0.008766562,-0.05893378,0.016664369,0.03959077,0.03438373,-0.0066960207,0.027731854,0.025367618,-0.0395888,0.024768252,0.007812456,-0.033598345,0.03018985,0.061181553,-0.033955865,0.032395594,0.038164146,-0.050354008,0.026857398,-0.051415578
0.026638389,0.0113608185,-0.015722567,-0.06612894,0.052487776,-0.00039309065,0.017179146,0.030392656,0.06438409,0.01069859,0.005878246,0.009953312,0.024492057,-0.014553003,0.011266145,-0.031627413,0.04585198,0.028275868,-0.013285131,0.011865914,0.051594794,0.038338087,0.030000288,-0.0048024147,0.0677825
0.027254228,-0.023235306,0.014007452,0.05226618,0.041943904,-0.028087957,0.020707734,0.014477038,0.0077018444,0.033582855,0.05708411,0.02071838,-0.065542996,-0.004852052,-0.019702038,0.023294155,0.006017508,0.019060465,-0.038722266,-0.024959438,0.011077001,0.033405285,0.026424674,0.051207323,0.013782307
-0.027499521,0.025411777,-0.031789802,0.016532067,0.030938443,0.031072741,-0.03093912,-0.012388921,0.017558591,-0.0185791,-0.021136766,-0.013726315,0.0817195,0.037697256,0.04043711,-0.057116225,0.0413188,-0.044236444,-0.01612009,0.053164978,0.07584023,0.0659515,-0.015971474,0.023672434,-0.055298664
-0.014793134,-0.02158276,-0.026377322,-0.040897034,-0.040984582,-0.002904273,-0.042613238,-0.027108794,0.08930332,-0.01486397,0.00031324165,-0.05907484,-0.009838402,-0.06299356,-0.028638981,-0.044555523,-0.022370772,0.010607903,-0.0135688875,-0.06351508,-0.027296145,-0.0010332899,0.0075456835,-0.0040968573,-0.0035208364
0.044367317,0.055675,0.08129442,-0.06471102,0.035203103,0.05858156,0.031148516,0.029686872,0.056303337,0.08091705,-0.07124305,0.008210032,0.028420536,0.048062008,0.04417362,0.06001929,0.022691641,0.006229167,0.01346371,0.03507421,0.047464814,0.0846132,0.0511189,0.06372858,0.049464844
0.00016933733,-0.07631315,-0.062102597,-0.07418156,0.014827188,0.043569658,0.038522817,-0.0102795595,-0.018741727,-0.052124087,0.07656485,0.030499417,0.031050297,0.037179794,-0.044400007,0.015731163,-0.009612582,-0.04394592,-0.02895024,-0.06883781,0.052906774,-0.013231775,0.054465022,-0.06150018,-0.037294246
0.0034108807,-0.03876516,-0.007765357,-0.037137512,-0.014841522,-0.08363371,-0.03239207,-0.04071756,-0.044597548,-0.0352854,-0.039966177,-0.04381046,-0.0872483,-0.0721376,-0.076756164,-0.054033022,-0.080835246,-0.024335932,-0.047617875,-0.025745586,-0.07864369,0.040066045,-0.043690618,-0.00865965,-0.03668417
-0.015368093,-0.031098306,0.07799714,0.025054654,-0.046232287,0.010496998,0.0044636526,-0.013716585,0.03846544,-0.04818507,-0.050510556,-0.020476397,-0.00030096405,0.004148999,-0.005263135,-0.04987914,0.02678284,0.022670042,0.01411514,-0.038949817,0.00022888178,-0.0024247486,-0.057585258,0.0021356135,0.02516229
-0.008955573,-0.069304876,0.036489747,0.005048448,0.027123772,0.027631415,0.051006578,0.030694023,-0.019083593,0.021040954,-0.018990813,0.0047354074,-0.0668353,0.03581578,0.013012769,0.07095134,-0.031940233,-0.03483742,-0.010196804,0.07909981,0.08085469,0.036076207,-0.028131265,-0.0060252068,0.0146783665
-0.057237707,-0.060342427,-0.042772174,0.008003672,-0.07542518,-0.04613093,-0.050975505,-0.06043591,-0.093853086,-0.07559913,-0.055326488,-0.04216948,-0.039041426,-0.031537924,-0.06973973,-0.063835375,-0.064972065,-0.010261095,-0.03793752,-0.028786842,-0.028683105,-0.05072273,-0.07609098,-0.052101664,-0.053921178
0.0916176,0.084339194,0.08179586,0.011244325,0.08412106,0.075490646,0.085978985,0.09568422,-0.061845403,0.07703723,0.0020321817,0.08697627,0.07145533,0.04242149,0.0681482,0.0750548,0.082500085,0.03213697,0.0756068,0.07385602,0.034521617,0.08802828,0.08719092,0.08330441,0.07258801
-0.055464495,-0.0831315,0.025473075,-0.0364458,-0.07994306,-0.04855324,-0.04826927,-0.07449645,0.02043507,-0.04387559,-0.05001582,-0.036105126,0.060600836,-0.031349573,-0.04272544,-0.05094952,0.008458562,0.016103866,-0.0741761,0.0044608354,-0.07579856,0.047433876,-0.021011066,-0.05842439,-0.04192718
0.043295614,0.033297643,0.033377364,0.08527282,-0.010406091,0.049720287,0.047589254,0.04764197,0.013270019,0.05656378,0.03994065,0.068589486,0.060209136,0.06537261,0.06957426,0.042221,0.04673068,0.068740815,0.066518165,0.058625605,0.07175351,0.041594718,0.039210748,0.019277122,0.063427664
0.018561412,0.04298876,0.0020093452,0.032025382,-0.02876223,0.045493077,0.01061436,0.044193894,0.0289241,0.029420178,0.036316816,0.05284999,0.055357732,0.058850653,-0.011481377,0.035138518,0.012294227,-0.0012678754,0.04049458,0.06702146,0.07904407,0.03624917,-0.009161391,-0.00031583253,-0.0019349037
-0.07226043,-0.0096028345,0.02801703,-0.017792704,-0.053073082,0.048327703,0.019706512,-0.048296545,0.006272902,-0.051490642,0.022843307,0.014822927,-0.013513278,-0.033820592,-0.0169169,0.044752542,-0.048901793,-0.06161846,-0.04483656,0.017550662,0.057211537,-0.0022694329,-0.011211389,-0.021785425,0.009468836
-0.020979535,0.058965784,-0.081008665,0.0035081282,0.01589646,0.045179952,0.021450713,-0.026246851,0.0139224315,-0.043135673,0.021401083,-0.04104213,0.0130831,0.017380226,0.009351425,-0.060178522,-0.049723,-0.00024972396,0.058015134,0.030293804,0.074215434,-0.029781386,-0.009752597,0.02881424,-0.017872581
0.061507005,0.025950734,0.076959595,0.019485252,0.019614048,0.06739585,-0.042003058,0.040472176,0.03301352,-0.004019745,-0.032410096,0.009691618,-0.013205519,0.007164741,0.04676924,-0.07563627,0.06674993,0.045075852,-0.0060433922,-0.008694852,0.053834617,0.0176289,-0.0003259848,0.056447145,-0.036351997
-0.043650698,0.07975911,0.008910036,-0.04125466,-0.0745292,0.03841013,0.043197945,-0.004743406,0.014543486,0.0044164313,-0.046062067,0.0084808795,-0.059331916,0.02156222,-0.064319655,0.029988583,-0.06477229,-0.07657972,-0.053713787,0.03615274,-0.063264675,-0.052391887,0.0058276295,0.02716042,0.01975875
-0.038805746,0.009006012,0.017345903,-0.0508864,0.02113225,0.0026305765,0.008542818,-0.012658621,0.022961188,-0.0029339683,-0.021467825,-0.059256524,-0.05922451,0.04325464,0.00923125,0.002307937,0.07169281,-0.033469804,-0.060568266,-0.059221383,0.03273448,0.027990619,-0.063392386,-0.031993877,0.053123087
-0.030396352,-0.052738566,-0.015195833,-0.05715727,-0.045936752,-0.059829764,-0.036358107,-0.0009924668,-0.067895636,-0.079363704,0.027649855,0.0069509214,0.05762343,-0.06181379,-0.075493865,-0.045000937,-0.024634862,0.014590722,0.03710075,0.008505038,-0.041064363,-0.075826734,-0.018099923,-0.051912233,-0.014172592
-0.026962498,-0.04158872,-0.010068971,-0.010270843,-0.026273506,-0.025993725,-0.039406594,-0.053295497,-0.09098897,-0.052812267,-0.06457178,-0.043973625,-0.053708266,-0.06616767,-0.035437718,-0.024952063,-0.0040309993,-0.03330509,-0.02445216,-0.028533658,-0.05235855,-0.058207594,-0.012526145,-0.05770122,-0.022492472
-0.003732706,0.018494088,-0.033843685,0.025208367,-0.006468329,-0.02240764,0.049038563,0.006914257,0.04237883,-0.047058966,-0.048747223,-0.023220196,-0.0023494137,-0.022800658,-0.010116023,0.026458839,-0.019236121,0.025313247,0.014493782,-0.0031665368,-0.0515818,0.02396707,0.0074058487,-0.001883627,-0.05715164
0.033031497,0.012489232,0.045056466,0.04060676,0.06295159,-0.057342783,0.059890304,0.01785424,0.0055294167,0.055164568,0.011078994,0.06396154,-0.0046174196,0.03827966,0.05563748,0.06831883,0.077703424,0.06994926,-0.029938057,0.035682265,0.00050469197,-0.0049743005,0.05446272,0.007926429,0.0118043525
0.05722784,0.08345768,0.014823767,0.014796712,0.0733384,-0.05999978,0.017042374,0.05343571,0.041543953,0.04033097,0.046729103,0.07875072,0.042036075,0.04499959,0.06135942,0.003066815,0.05750735,0.041886277,0.07226178,0.07000082,0.07011021,0.06554424,-0.00817227,-0.018037798,-0.04316675
-0.011278637,0.067749396,0.073617876,-0.006731825,-0.008830144,0.05525208,0.0023893265,0.034884904,0.04467733,0.057231978,0.05620258,0.05366813,-0.0010067277,-0.07703485,0.038902186,0.06797548,0.061591182,0.020495376,0.062117767,0.06036647,0.039192036,0.04928284,0.0076123043,0.00437727,0.032609146
0.008626715,0.053114276,0.026009494,0.02081397,-0.029484054,0.030839961,-0.01868702,-0.014631852,-0.055896435,0.03023816,-0.008198023,-0.0022013532,0.08619455,-0.063025855,-0.040895093,0.072898515,0.008841726,0.053614095,-0.025572343,0.038549308,0.05015809,0.05505561,-0.021459615,0.023193091,-0.027364349
-0.019660225,0.01412189,0.036196146,-0.05056936,-0.00097610493,0.03578528,-0.0024817993,0.05354568,0.032513626,0.01674753,-0.08700035,-0.05043669,-0.05571481,0.00012922128,-0.0027648497,-0.051076666,-0.062408585,0.023471639,0.018756002,-0.0077455766,0.007458221,-0.0092871385,-0.04660346,-0.034944955,0.02673634
-0.05614901,-0.0630811,0.0392817,-0.020157186,-0.07396695,-0.062394265,-0.017075108,-0.04833639,-0.027589517,-0.013609503,-0.06922758,-0.06280075,-0.004434204,-0.035118688,-0.07478741,-0.01354132,-0.0081081735,-0.08498059,-0.053528797,0.027128166,-0.0373306,0.0049867895,-0.06405666,-0.050976116,-0.07662669
0.08484004,0.027670354,-0.037596427,0.012753599,0.066536,-0.030276291,0.043048657,0.041394018,-0.009394293,-0.042275142,0.01871549,0.08359775,0.060377587,0.031344377,0.018250199,-0.04814843,-0.02387942,0.025807213,0.05954101,0.07645082,0.008062036,0.03203217,0.07496351,-0.06588605,-0.046576988
-0.021254806,-0.040820286,0.013973831,0.005983327,0.056543022,-0.013317895,0.004435129,-0.05367379,-0.01467332,-0.027884273,0.011114521,-0.05584079,0.03025173,-0.006560283,0.012403008,-0.020864652,-0.034778275,-0.012312919,0.038979128,-0.006089118,0.061573815,0.00087941176,-0.0058051255,0.005949849,-0.048580505
-0.030683251,-0.068157166,-0.053598557,0.06797157,-0.058380455,-0.046891455,0.07045174,0.02853369,-0.029805833,0.018477261,0.03452152,0.008748406,0.0065472373,0.03586881,0.058035046,0.0361528,0.072441496,0.035470344,0.033676937,-0.040551495,0.08225695,-0.031059464,0.0017526095,-0.08414738,0.060828514
0.085238785,-0.010717971,0.044646226,-0.050380707,-0.020045688,-0.036408786,-0.056304608,0.074234225,0.08721021,-0.028240163,0.00081752904,0.052095603,0.007822364,-0.036362477,-0.051184773,0.02460081,0.08074175,-0.019752577,-0.03303169,-0.066643685,-0.07433923,0.040907297,0.048832726,-0.020890135,0.021206329
0.055766918,-0.06996695,0.011623549,-0.071368545,-0.08284365,-0.004604896,-0.0567961,0.006812708,-0.018431593,0.05917603,0.020434316,0.008171694,-0.0042169513,-0.07037801,-0.046436466,-0.060276713,-0.0439183,-0.05757495,-0.05192225,-0.040888015,-0.03877461,-0.049322877,-0.030755594,-0.0012980589,-0.016581176
0.030920547,0.04699913,0.02624908,0.066481985,-0.056190938,0.04235325,-0.055454366,0.023404952,0.048381303,0.054600425,0.02500697,0.056651026,0.04805942,-0.050570652,0.021145519,0.053033598,-0.015376306,0.050242715,-0.0018575328,0.010619349,0.033459105,-0.044627946,0.053887207,-0.04692616,0.038584612
0.032846965,0.03571652,0.03765406,0.024048854,0.015877396,0.037474,-0.032944504,0.060494807,0.023842515,0.06310611,0.07210386,0.054774094,0.035588514,0.015451098,0.011675834,-0.007286604,-0.031192083,0.006268368,-0.031995606,-0.035106245,0.013243434,-2.0945216e-05,0.063458994,-0.009481063,0.008278129
0.007468751,0.035853636,0.077033564,0.026409592,0.06985081,0.024153335,0.057671767,0.037096534,-0.0042975876,0.06347724,0.026736595,0.0041929623,0.07616266,0.0628982,0.07856884,0.020309916,0.0226098,0.02955203,0.036515187,0.018083587,0.07783348,0.05374975,0.042450216,0.06734117,0.06908656
0.060129736,-0.015987137,-0.0016504211,-0.03933021,-0.059522547,-0.061726138,-0.048165716,-0.06545049,-0.06910738,-0.042198844,-3.827089e-05,-0.03892223,-0.018317403,-0.017220765,-0.024961844,-0.063765645,-0.025152273,-0.051502272,-0.054579217,-0.042834915,-0.034735467,-0.06815199,-0.068886444,-0.06097815,-0.047814082
0.043765362,0.03341015,-0.047736306,0.06652378,-0.07182277,0.022724194,0.02853642,-0.008947434,-0.008472983,-0.02094247,-0.03729671,-0.008365619,-0.030845271,0.077351116,0.06351549,0.059070207,-0.06155452,0.0011427962,0.06787302,-0.015869359,-0.07749171,0.050546773,0.002434081,0.026695278,-0.037743356
0.04831532,-0.011259235,0.023988368,-0.033931855,-0.05044929,0.01715942,0.020221805,-0.004344354,0.04163716,0.04794121,0.06476655,0.056119513,-0.022735976,0.059142906,0.023791924,-0.011409604,-0.041184675,0.03260657,-0.07489789,0.06312376,-0.016800806,0.07131906,-0.06940787,-0.0012809826,-0.022272203
-0.03687682,0.016339308,-0.06598776,-0.06687118,-0.04351382,-0.003950282,0.0036752112,0.0072982563,0.04508053,0.0361207,0.033478048,-0.012858113,-0.030001024,0.039871294,0.006415921,0.037340444,-0.079256624,-0.06767152,-0.04429785,0.045186903,-0.043284193,0.021346923,-0.013183424,0.0078516,0.007058807
0.032176323,-0.002543178,0.028462615,-0.022460187,0.014060292,0.06514264,0.04899781,-0.008113337,0.043564618,0.06347632,-0.006443334,-0.06047213,-0.013856804,0.031209925,0.03737376,0.005653544,0.063827835,-0.0013414219,0.022187976,-0.031762563,0.07047934,0.06392623,0.03529367,0.0517764,0.078295335
0.020295655,-0.009662006,-0.023713792,-0.02014986,0.02662491,-0.043396328,-0.022677816,-0.027055785,-0.0044858805,-0.045021333,0.036922988,-0.015476862,-0.009339928,-0.015028928,0.0054298583,0.064093456,-0.024725381,-0.023895262,0.07630442,0.032668885,-0.048613567,0.016837921,0.055361748,-0.059711266,0.014803918
-0.053685736,-0.012201284,0.009646609,0.020988852,-0.03349366,0.0018860598,-0.0029865985,-0.034326274,0.031423267,0.028581189,-0.026681926,-0.020060506,-0.031024052,-0.027636655,-0.046746865,0.016313445,-0.023083994,0.038917553,-0.006964382,-0.053101312,-0.060690355,-0.008052826,-0.054494653,0.025663149,-0.054572478
0.014805966,-0.016779725,0.081023745,-0.00054945436,-0.0798798,0.035935853,-0.06731546,-0.0044551217,0.010290865,-0.06395168,-0.037497524,0.0051829657,-0.029535703,-0.077743284,0.0068427436,-0.041739065,-0.05678722,0.017075641,0.049873587,0.036233887,-0.05328679,-0.009729313,-0.06288329,0.062230237,0.07455144
0.058153458,-0.032442026,0.040898938,-0.061927736,0.039803904,-0.02292234,-0.058376156,0.0006666864,0.047183957,0.042309996,-0.021682927,-0.02345955,-0.021923084,-0.0673234,-0.05897273,-0.03408294,-0.0068228347,0.016881755,-0.0025154166,-0.04573373,0.03768492,-0.020249004,-0.0005062039,-0.019964911,-0.051999617
0.056566324,0.06268165,0.06170252,-0.0020410493,0.038908467,0.022047108,-0.029105267,0.053398162,0.08458279,0.0043199114,0.05521003,0.047914427,0.067381546,-0.012880665,0.0028808406,0.06827742,0.03515282,0.025254482,0.0375929,-0.01222282,0.016410261,0.020101357,0.05921174,0.038987268,0.029248301
-0.06906881,0.011749606,0.019926257,-0.010645656,-0.053316098,-0.013732965,0.039797723,-0.010280729,0.039933387,-0.018048156,0.08378594,-0.032053374,-0.013427151,-0.023686605,0.0039236597,0.010893243,0.041888334,0.0057240743,-0.06762081,-0.017607624,-0.026843822,-0.053959966,-0.01796239,-3.724178e-05,0.021606166
-0.04435213,-0.0069372095,-0.071415745,0.03780554,0.028280089,-0.085365385,0.0575896,-0.028973682,0.053957853,-0.05418878,-0.054433882,0.07002436,-0.039419815,0.043889873,0.060124625,-0.07364607,0.0794159,0.08955844,0.061364856,-0.043054674,-0.08348132,-0.07744072,-0.05583937,-0.057950377,-0.08101719
-0.008360641,0.011794751,0.039193623,-0.06910962,-0.03926768,0.06333771,-0.009563022,-0.013699878,-0.06599984,-0.068429805,-0.0030497576,-0.05840403,-0.033313066,0.03945941,0.054045793,0.0030496318,-0.01801695,0.012151522,0.04196655,0.06584848,-0.015206749,-0.026415667,-0.027786147,0.016407248,0.032809477
-0.0054849354,0.0047071157,0.08191069,-0.04154373,-0.01502944,-0.029911375,-0.073819734,0.005904522,-0.036382157,-0.04893413,-0.04588798,0.04920618,-0.03774422,0.010040401,0.0331464,-0.041628327,0.054819785,0.0032143677,-0.0036611715,-0.075831175,-0.07851781,0.031127201,-0.05600201,0.05995759,-0.081884556
0.015324653,0.0058295187,-0.008744215,-0.033069335,-0.012765768,-0.032241434,-0.024797143,0.046963118,0.016958145,-0.038506184,-0.01115686,0.031505946,-0.04430573,0.02491747,-0.0025411048,0.0077227694,0.0490963,-0.02939027,0.0524417,-0.077149965,0.0035419643,-0.07858366,-0.017033925,-0.045521043,0.023263238
0.067518085,0.061736666,0.052257318,0.083623275,0.021549867,0.052358255,0.08049725,0.012217463,0.051686328,0.05741085,0.08493057,0.053750202,0.069369204,0.069565766,0.07637046,0.06320599,0.07391334,0.051379535,0.0590612,0.07701092,0.070289165,0.025412189,0.07243722,0.030195173,0.058564812
-0.07598291,-0.058900233,0.01939529,-0.06840626,-0.060521066,-0.056307223,-0.08218151,-0.079891294,-0.057082538,-0.073075354,-0.044022456,-0.07884511,-0.086417705,-0.05796585,-0.052881323,-0.017978646,-0.073151045,-0.0598438,-0.07238941,-0.05707055,-0.079500005,-0.05005443,-0.05624766,-0.0076943217,-0.028586
-0.09251122,-0.041280553,-0.05061454,0.057877667,-0.024649601,-0.08350342,0.043460507,-0.099753976,-0.06953909,-0.062019583,0.0085779065,-0.080390126,0.03841283,0.0694396,-0.03377826,-0.022995269,0.0016239397,0.018629104,-0.057781138,-0.040550627,-0.02842408,-0.08866312,-0.07460901,-0.013733998,-0.063438445
-0.0928487,-0.024406737,-0.08735577,-0.06518713,-0.06082952,-0.084875695,0.023688959,-0.10182346,0.024101702,-0.042793192,0.04436162,-0.08705573,0.0035133236,-0.06823549,-0.009500788,-0.072269216,0.011530276,0.007602644,-0.08726035,-0.07909838,-0.04733331,-0.089497454,-0.08577295,-0.08769497,-0.046156295
-0.02623063,0.08608791,0.014010878,0.08861841,0.07804184,0.059388846,0.08049801,0.02048414,0.021270348,0.08106964,-0.030117353,-0.03968216,0.008029071,0.08762656,0.09573505,0.009195955,0.07923397,-0.00889869,-0.026404044,-0.0074234717,0.048887968,0.07154895,-0.0188583,0.07979128,-0.031076236
-0.039960258,-0.033172213,0.003412055,0.04509757,-0.027506923,0.010721092,0.018914372,0.005722906,0.04417894,0.039341025,-0.03304183,0.031167068,0.036448855,-0.0347826,-0.03556693,-0.04607679,-0.016634276,-0.016217137,0.04073536,0.038262047,0.005772212,0.038497392,0.046744287,0.049492087,0.032280922
0.005383725,-0.0009907107,0.054366477,-0.03824513,0.016699858,0.07060502,-0.0013297108,0.008259171,0.035010796,0.015276756,-0.04309857,-0.034387078,-0.016691407,-0.031785913,0.0042247605,-0.04310079,0.058351904,0.03251785,-0.044919122,-0.014716089,0.016493084,0.04032842,0.033632956,0.03926932,-0.02373617
-0.008330315,-0.05556887,-0.040860094,0.0046751313,0.0042096837,0.030579634,0.014306881,0.016916793,-0.042129453,-0.06339765,0.04873354,-0.044016678,-0.03524939,0.052191574,0.013409613,-0.043365713,-0.017976075,-0.020319654,0.0074654934,-0.021651056,0.06250568,-0.02616111,-0.04758482,-0.003443197,-0.004865785
-0.063103594,0.049587302,0.06896838,0.045105416,0.041934196,-0.009871008,0.030989636,-0.012513726,0.011766801,0.024263065,0.034383874,-0.051799055,-0.0031240445,0.0005076085,-0.016309934,-0.02554407,0.027384575,0.050199624,0.01685666,0.07337287,0.025428578,0.03111727,0.023349551,0.028153652,-0.065613285
-0.025210649,0.082057126,0.06682362,-0.06601896,-0.016296268,0.056415834,-0.069420606,0.041211862,0.003790948,0.06069516,0.03094646,0.03301797,-0.014725751,0.06856472,-0.009697244,-0.06316095,0.028149195,0.079462446,0.04632719,0.008380013,0.010982198,-0.023690987,-0.045993403,-0.058450487,0.012765064
-0.016195305,-0.014770588,0.043170504,-0.01701145,0.009862869,0.022582069,0.0119836815,-0.037264496,-0.058663636,-0.0370279,-0.026060471,-0.033949915,-0.029740868,0.032347545,0.025868537,-0.022036375,-0.04794761,-0.053520933,0.029936923,0.035761807,0.0118032675,-0.04186001,-0.01198496,-0.033794496,0.021978743
0.012446305,-0.01670639,0.047562566,-0.016555915,-0.015494179,-0.042087264,-0.04734553,0.01819651,-0.05950906,-0.01609376,-0.02597867,0.01325689,-0.014225203,-0.060119007,-0.018681277,0.007445928,-0.005668778,0.013722308,-0.010739248,0.017989036,-0.011756453,0.006231508,-0.06271877,-0.010126986,0.019643122
-0.013042836,-0.055613,0.019052375,-0.022629973,-0.029244987,0.028521648,-0.081109725,0.041862223,-0.035656724,0.066729434,-0.031294882,0.012195999,-0.042073898,0.011516988,-0.0468706,0.038131554,-0.08009581,-0.09278268,-0.007837519,-0.011154489,-0.0073092747,-0.012484046,0.0645081,-0.03774696,0.04379389
-0.01513695,0.06702432,0.026980493,-0.033110842,0.00077008764,0.024871783,0.047184385,0.052998997,0.015926631,0.07121229,0.015120017,0.030139094,-0.035929255,-0.0075730938,0.020894092,0.043823928,0.044323318,-0.047127083,-0.021317497,0.0105574485,0.03183176,0.0024924113,0.04507899,0.019271135,-0.012194702
-0.017462252,-0.038514026,0.03674398,0.02231333,0.009941456,0.0073560895,0.0058478895,-0.019731594,0.030102663,-0.0019030072,0.028457277,0.008047274,-0.06466289,0.008728806,-0.055706162,0.04316049,-0.033386678,-0.0040999455,0.02134914,-0.007699912,0.0070621995,-0.0647679,0.050772913,0.07304894,0.05722342
-0.02142489,-0.031885333,-0.0080990875,-0.01352001,-0.042524543,-0.06757848,0.014877803,-0.022579689,0.00063173095,0.042279597,-0.036420394,0.012522087,0.064810984,0.015997937,-0.05314634,-0.0075527467,-0.076627925,0.03063332,0.053269796,0.010876847,-0.050119624,0.0034756411,0.024927173,-0.013320966,-0.0041136257
0.018662807,0.033807967,0.021742469,0.019949548,0.028510535,-0.047498304,-0.04251819,-0.022777436,-0.02187404,-0.02865095,-0.028472671,-0.0168633,-0.07869026,0.015619061,0.004586302,0.0038685144,-0.03569432,0.019781517,0.038913887,-0.020032555,0.027642457,-0.0070936214,-0.027363857,0.002288048,-0.033041194
0.071150474,0.046657093,0.047304112,0.0275056,0.032455273,0.059520718,-0.010321859,0.05979306,-0.020469982,0.0440456,0.063389964,0.046275295,0.052733965,0.028574932,0.060586106,0.05966953,0.02233708,0.04377652,0.0517396,0.009143452,0.06007019,0.03989011,0.005791952,-0.049074546,0.0048343814
0.018632079,0.0025537177,-0.016738903,-0.01855608,-0.04723766,-0.021533195,-0.06711641,-0.031860817,0.017735453,0.05456588,0.07853435,0.079520315,0.025331544,-0.03148315,0.055761278,0.043615628,0.02991196,0.023508351,-0.009245284,0.036395945,-0.013299968,0.045111526,0.005901481,0.040797252,-0.03246441
-0.033473764,-0.022198953,-0.076804504,-0.061288554,-0.060002677,0.04427441,-0.089836545,0.037983276,-0.012602022,0.017788535,0.05073953,0.005326225,0.08276449,-0.07470983,-0.093987286,0.051293608,-0.08300316,-0.09284093,-0.0131186545,-0.06122316,-0.009430795,-0.038348954,0.06468608,0.056019034,0.011157772
-0.068793036,-0.046783283,-0.0040025725,0.07320782,0.025638198,0.052203305,0.016679015,-0.010623998,0.018418007,-0.07338393,0.029112078,0.011226068,0.039386764,0.051317576,0.013942385,-0.0025017262,-0.036114417,0.03452756,0.071103744,0.045705143,0.07772929,0.0006359287,-0.06450199,-0.007475765,-0.05158447
-0.016410079,0.0053218137,-0.04101156,0.006207065,-0.0386306,-0.05696237,0.04155162,-0.08617302,-0.013531629,0.012148958,-0.066457935,-0.016424656,0.01652926,-0.019335091,-0.04924887,-0.057199527,0.051226813,0.044796105,-0.016599774,-0.027610743,-0.0004101754,-0.061326604,0.0116349,-0.041822996,0.024557458
0.047781598,0.042066492,-0.0072934534,-0.0036346551,0.07595458,-0.027393568,0.02107818,0.03192784,-0.020207478,0.011690128,-0.04260917,-0.014998406,-0.026828174,-0.012979288,0.068992436,0.06715535,-0.043020554,0.016189355,0.022739915,-0.015282644,1.7163737e-05,-0.010575941,-0.032165702,0.046377372,-0.0044158287
-0.08318739,-0.08136623,-0.08413116,-0.082388036,-0.080292165,-0.07321596,-0.07825046,-0.09173854,-0.119396515,-0.079394095,-0.10091534,-0.0839027,-0.08159605,-0.076299675,-0.078301035,-0.0698,-0.07894099,-0.08456137,-0.076588534,-0.07530278,-0.07804642,-0.08362021,-0.08123188,-0.08400622,-0.073948085
-0.00074003614,-0.037172306,-0.008682011,-0.026040094,0.02632268,0.04122503,0.069445774,-0.013199124,-0.051543158,-0.050249174,0.034443334,-0.07667885,-0.037059605,0.036307592,0.0071849762,0.04222674,-0.0059526023,-0.0028877477,-0.08184275,0.02685177,-0.025557783,0.003911814,0.0007264952,0.048222657,0.02408982
0.04321769,0.052558426,-0.04907055,-0.028214429,-0.0023895223,0.07339617,-0.06874964,-0.010016922,0.003792229,-0.01581177,0.03472815,0.00045073204,-0.063390195,-0.06430693,-0.031148368,0.025424814,0.03454261,-0.012178753,-0.017540094,0.036119673,0.056396186,0.044869114,-0.007817488,0.065380774,-0.0031203781
-0.07133174,-0.044856418,-0.044715054,-0.021212427,-0.00092442526,0.018711315,-0.068257496,-0.05056923,0.030155411,-0.04574588,0.04375287,-0.039665073,-0.042278893,0.053710733,-0.00969381,-0.019946974,-0.051389836,-0.0586819,-0.00076229585,-0.06385553,-0.05418511,-0.035911743,-0.020715358,0.013223464,-0.03944913
-0.003303402,0.025576593,-0.0358186,-0.005307555,-0.0034556729,-0.015364407,0.017823158,-0.018277453,0.045324724,0.0076129367,-0.005183111,-0.020597266,0.012189224,0.046742912,0.037008114,-0.04165259,-0.022876112,0.033242587,0.047594752,0.010610131,0.038159728,-0.013826908,-0.021397423,0.045381363,-0.024911892
0.07376741,-0.041377924,0.06308202,-0.030598674,-0.044566404,-0.045039523,-0.07595515,-0.012713228,-0.04288278,0.03444025,0.008051604,-0.030781098,0.06913354,-0.005097098,-0.037761185,0.011271062,-0.07519307,0.028726907,-0.065415695,-0.010554341,0.008692842,0.04645788,-0.027320841,0.070530504,-0.020443592
0.046840463,0.07959263,0.06742694,0.03985844,0.06931991,0.06470714,0.0533886,0.079920575,-0.0013626915,0.07994229,0.08541354,0.06637018,0.085180074,0.043756757,0.078575134,0.04933179,0.07451814,0.08284923,0.06459606,0.059885554,0.073717475,0.08195441,0.07862924,0.077022895,0.07136076
0.030527499,0.00732262,-0.038313627,0.006009469,0.051647272,0.017288486,0.017058851,0.053587202,-0.014766359,0.043051988,0.004975376,0.037889946,0.015488985,0.017857213,0.035055783,0.035254724,0.03775657,0.042581085,0.049164616,-0.004157845,0.018352866,0.019344995,0.07006468,0.037203945,0.028220654
0.025953434,0.03808421,0.038943972,-0.021903396,0.018408325,-0.0062673814,0.0003712844,-0.0003415436,-0.019016849,0.055609223,-0.021870634,-0.020882221,-0.04885669,-0.03342363,-0.027565237,-0.037278,-0.00069282675,-0.015623287,-0.042568218,-0.045148827,-0.0059657283,0.0015836185,-0.04200443,-0.017133435,0.028797138
-0.07382805,-0.011769216,-0.06154174,-0.06253376,-0.066384055,0.013892216,-0.05722585,-0.05416761,0.0064709703,-0.07949455,-0.006078362,-0.040657412,-0.01950969,-0.028012486,-0.05458964,-0.055792112,-0.07335294,-0.021188378,-0.020635528,-0.022417834,-0.053102635,-0.05404944,-0.08084642,-0.060246233,-0.06474525
0.064251766,0.06631965,0.06502579,0.07818739,0.06335974,0.057403587,0.06584029,0.07414797,0.029753104,0.07033207,0.09583504,0.031313144,0.06595187,0.07121691,0.055795606,0.030975757,0.07003551,0.04459073,0.0394234,0.02928828,0.0691657,0.01187646,0.07281673,0.06435139,0.03537677
-0.0570541,0.03575654,0.004272089,0.05904152,-0.022029473,0.056234445,0.024347281,0.013652364,0.039628405,0.019897602,0.0026889688,0.014770303,-0.045535948,-0.0024982998,-0.038393304,-0.0017615014,0.016140362,-0.009902717,0.002876219,-0.043080688,0.023494136,-0.032999296,0.036822617,0.045207024,-0.017225314
0.054788575,0.054655783,0.009623575,0.06567152,0.054118328,0.051215965,0.02493278,0.083506264,0.07600289,0.053958926,0.082043774,0.03916813,0.04122572,0.07035363,0.07346719,0.012792626,0.0116333375,0.038835615,0.067462385,0.047622554,0.07029726,0.06537862,0.030805212,0.05586796,0.027355025
0.054443866,-0.019935217,0.07945508,0.06718814,0.018701479,0.07017404,0.03743802,0.019984532,-0.043266848,-0.0016032013,-0.04974058,0.06440156,0.07468774,0.04520474,0.04943076,-0.01801729,0.005065876,0.03231585,0.077553205,0.05953967,-0.027054003,0.032428656,0.080014944,0.022557538,0.050554935
0.050688956,0.032426,0.06301448,-0.059906747,0.040879574,0.05030947,-0.010275113,0.05933659,-0.0035841863,-0.048307143,0.06586166,0.00083168666,-0.052784335,-0.038973626,0.009610338,0.03219502,-0.053220835,0.06766686,0.011620669,0.0082270065,-0.020385742,0.05881347,-0.0709065,0.028098678,0.027652385
0.014091972,0.021327242,0.03569052,0.030725298,-0.044927802,-0.041726824,-0.0034743617,0.017724462,-0.020722294,-0.0031662527,-0.00018470244,-0.0034636725,0.050094303,-0.025329322,-0.02075745,-0.028306328,-0.03680153,-0.048893657,-0.03282099,0.015852455,-0.05247618,0.06724968,0.047197267,0.0213367,0.024541412
-0.014126375,0.015942246,0.013088824,0.012477278,0.060048446,-0.08150688,0.028204087,0.022700215,0.029616013,-0.0620804,-0.021027097,0.0020387333,0.0065556727,-0.0067145117,-0.0315141,-0.010514505,0.0037613548,-0.061149195,0.053871598,0.040870283,-0.063914694,-0.04398571,-0.0436737,-0.03666205,-0.052317362
-0.009226925,-0.04138579,0.016705468,-0.028712215,-0.025589308,-0.018923441,0.0019140659,0.019315653,-0.009570317,-0.010189868,0.037152037,-0.009430912,-0.068703376,0.041400217,-0.012792457,0.029097296,-0.027008813,-0.039270148,-0.044129245,-0.043464623,-0.038199354,0.0076674502,0.017241292,0.005945903,0.013743102
-0.057106916,-0.038087443,-0.022819113,-0.060737137,-0.0524592,0.029095687,-0.019919932,-0.08482676,-0.061093073,-0.037417687,-0.071723625,-0.06460174,-0.045800723,-0.024057016,-0.072625525,-0.06358718,-0.064287625,-0.067815594,-0.03472432,0.00920919,-0.031797774,-0.07696985,-0.044586577,0.01512852,-0.03311431
-0.02123534,-0.034029335,-0.05085255,-0.065418,-0.035279796,-0.0338292,-0.035084452,-0.071314424,-0.06496992,-0.05536405,-0.05182679,-0.04874945,-0.016220815,-0.031546883,0.03439915,-0.017213015,-0.04231632,-0.05640127,-0.025226602,-0.05935956,-0.018833056,-0.045321435,-0.0245383,-0.051350083,-0.011485622
0.0448897,0.056323223,0.024844311,0.06831572,0.0545838,0.026608799,-0.0012408403,0.057694778,0.04416942,0.007588209,0.039368294,0.01756776,-0.051843,0.041517418,0.08754004,0.04884629,0.032525968,0.04969538,0.06189171,0.048646495,-0.016631028,0.011813143,0.046336707,0.008802696,0.00362196
0.004289795,-0.011024945,-0.026324745,-0.0568465,-0.05400567,-0.065392494,-0.024813475,-0.060938932,-0.039593097,-0.039951,-0.050282933,-0.016576849,-0.04603424,-0.06054771,0.0037831615,-0.058632437,-0.011507257,-0.026528623,-0.065441586,0.015299153,-0.015146227,0.04294864,-0.07263368,-0.03144593,-0.023472618
-0.026678476,-0.0015419901,-0.06509515,-0.014055108,-0.03684352,-0.033987947,-0.06263209,-0.057604875,-0.011882988,0.03389173,-0.016097212,-0.037579875,-0.0075854994,-0.056581218,-0.050628353,0.0013671359,-0.054301098,-0.06561927,-0.04259439,0.05330078,-0.025019214,0.0014636557,-0.03306707,0.005397087,-0.010587257
-0.08614662,-0.06741192,-0.020860305,-0.014798522,-0.078708746,-0.061812337,-0.06353762,-0.09873177,-0.08772727,-0.07736154,-0.0646791,-0.08611524,-0.04812835,-0.030255344,-0.053209722,-0.0067952964,-0.050420083,-0.041453134,-0.062275503,-0.07836424,-0.061034624,-0.08914353,-0.06534724,-0.08809502,-0.05712778
0.017775938,0.083735816,-0.012891126,0.08799741,0.011709577,0.06604126,0.08746358,-0.048138443,0.03970252,0.082779534,0.033266738,0.08626493,0.038450982,0.07694398,-0.03301061,0.075140215,-0.051737644,-0.06605729,0.086230725,0.07084675,0.07045857,0.051783424,0.08735029,0.057605404,0.085524455
0.026655413,-0.04697709,0.014537703,0.001456654,0.019767802,0.01330582,0.054937635,0.026978783,-0.05328577,-0.028391749,0.026855106,0.0043548224,-0.0057044937,0.0025900456,0.0060183136,-0.052253265,0.06401192,-0.013612665,0.0033631434,0.050090652,0.03762805,0.020979898,-0.03580893,0.053639885,0.076894276
-0.028642986,0.01083729,-0.017641097,0.07129382,0.048957467,0.013009646,0.008107494,0.021689337,0.067778066,0.042510033,0.0706047,-0.010895131,0.019566344,-0.03956949,-0.026606884,0.033202957,0.050055303,0.048852205,0.003173521,0.042874977,0.037589416,0.05908048,0.05645534,0.049527336,0.020116653
0.019919682,-0.01701804,0.01257777,0.022022426,-0.04399513,0.015086534,-0.004036887,-0.045799468,-0.07739662,0.015094696,-0.071173206,0.008030851,-0.0058187665,0.021320887,0.012330142,-0.02127181,0.06778984,0.02585948,-0.0056869253,-0.019548561,0.055891607,-0.004651145,0.033540376,-0.05352438,-0.0004691278
-0.0347496,0.067194566,0.0036019299,0.0127147585,0.016970458,-0.004577551,0.03215195,-0.039661605,0.030937333,-0.03069591,-0.011986346,-0.02618443,-0.017662177,0.00083828386,0.01815716,-0.042474736,0.071271025,-0.017391587,0.0038525215,-0.049176667,0.031585168,-0.078128405,0.053513624,-0.039561547,0.022734758
-0.05609111,-0.053186852,-0.07776411,-0.044860974,-0.045541294,-0.043281585,-0.047018632,-0.023884233,-0.018558597,-0.050922874,-0.0015794749,-0.030808855,-0.036759444,0.0072194138,0.004464106,-0.06300503,-0.048279878,-0.030974085,-0.054569136,-0.018204754,-0.018740544,-0.027454112,-0.04530943,-0.043631364,-0.03784711
-0.015417891,-0.04488054,-0.06860589,0.020665638,-0.032748137,-0.04689999,-0.054497126,0.046780553,-0.039301064,-0.010619792,0.04673466,-0.01763177,-0.02254957,0.003155856,-0.017555607,0.033921782,-0.019412773,-0.015553408,-0.028517166,-0.07027083,-0.0012678312,-0.04211043,-0.07398778,-0.032781474,-0.056538053
-0.04391436,0.054963823,0.0019304956,-0.049543034,0.0645935,-0.010609581,0.05463756,0.031089233,0.011167706,0.00952176,-0.025341732,0.025845824,-0.04358895,0.013084159,-0.041668367,0.0249372,0.042204127,-0.014929616,0.06909776,-0.07876145,-0.024049101,-0.07970696,0.066878185,-0.049684815,0.0382163
-0.05078226,-0.007948673,0.030536471,-0.032918297,-0.052833,0.07114972,-0.05420548,0.02835569,-0.050369952,0.022827229,-0.037156533,-0.0056726737,0.009107907,-0.05836664,-0.014750843,-0.00787274,0.009551427,0.00030493978,-0.022115216,0.018096535,0.043341577,-0.07758405,0.013964942,-0.013162998,-0.017560238
0.00018667163,0.08596942,-0.07453901,0.061422184,0.082417674,-0.0003983368,0.08764279,-0.07025124,0.021494713,0.08181934,0.031216456,-0.072468996,0.048981108,0.089043416,0.096673235,-0.03933774,0.084516294,0.08608711,-0.056888796,-0.07163683,-0.06383636,-0.05674696,-0.054412678,-0.012212962,-0.044619814
-0.056712303,-0.054847322,0.0033018356,-0.052780308,0.016411247,-0.06430736,-0.0410807,-0.08748222,0.022801043,-0.03190541,-0.047478806,-0.037074782,-0.059817977,0.056881633,-0.0842928,-0.0041045137,-0.06728186,-0.07619362,-0.052131962,0.028168013,-0.06672868,-0.05248156,-0.036227,-0.022630487,-0.062934846
0.014509901,0.021784766,0.07960131,-0.01717179,-0.0306621,-0.039243747,-0.058594126,0.0072779693,0.06172848,-0.07166171,0.06605427,0.033930093,-0.024523614,-0.057974633,0.021629209,-0.011095037,0.07286637,0.09119334,-0.022477688,0.005475686,0.01397429,-0.004261137,-0.038586993,0.08650131,-0.013966979
0.061568048,-0.049004436,0.021044957,0.062063802,-0.046197865,0.04985829,0.04534388,0.057094485,0.030392444,0.0114166485,0.017941624,0.04394495,-0.005141847,0.065475665,0.062819846,0.072616324,-0.016879385,0.06132682,-0.049756773,0.018166611,0.03900634,0.061151203,0.034831196,0.0730957,-0.035555977
-0.03325032,-0.07938164,0.028503533,-0.038406543,0.056409013,-0.06948568,-0.01637741,-0.07431803,-0.01900956,-0.054332934,0.01467027,-0.057925448,0.052651163,0.051184252,-0.010202784,0.016355691,-0.035133675,-0.0563769,-0.025346706,-0.06375757,-0.059914287,-0.042626712,-0.039498523,-0.06407533,-0.017078878
0.02134004,0.007257939,-0.02659728,-0.050023664,-0.013411147,0.039702516,-0.00822546,0.0012326548,-0.0657099,-0.032204267,0.0024221817,-0.07869547,-0.042820074,-0.061314676,-0.07452869,-0.035662476,-0.043328807,0.072937876,-0.032234322,-0.052349694,0.07219435,-0.046108752,0.007374468,0.027029982,0.029614262
-0.0543326,0.008611283,-0.030294802,-0.041855317,0.049179085,-0.051306788,-0.004568087,0.011991946,-0.044544708,0.07243135,0.058435142,0.003953886,-0.00525191,0.04886229,0.023429746,0.073659874,0.011918685,-0.027442032,-0.031243166,0.034989968,-0.015701393,-0.016887527,0.0059254155,0.056332108,-0.06099914
-0.045263853,-0.04487602,-0.038111288,-0.034544032,-0.06909111,-0.06237653,-0.055555232,-0.006377217,0.02071724,-0.021934971,0.1098256,-0.048905067,-0.063800074,-0.030163739,0.027531656,0.024804851,-0.051575597,-0.08493762,-0.03809662,-0.037780505,-0.038938526,-0.056498997,-0.061495416,-0.06566261,-0.010515948
0.015086345,0.017052319,-0.031455126,-0.025465274,0.022679519,0.044059455,0.044547644,0.017474258,0.018588673,-0.034708694,0.020624986,-0.013839625,-0.01695207,-0.069640934,0.030365963,0.028203689,-0.012031279,-0.048807368,-0.019578943,0.029595131,0.036545843,0.036407266,0.066229016,-0.026687652,0.05676997
0.011753046,-0.05817654,-0.04358905,-0.08861895,-0.023891488,0.022305623,-0.06455182,-0.0021786287,-0.053013913,-0.008898883,-0.10444895,-0.007898683,0.030005949,0.0133732995,-0.02931477,0.008995283,-0.063987054,-0.0042432416,-0.080274224,-0.05270479,-0.0655485,-0.023748707,-0.004904178,-0.008482453,-0.06251188
-0.014671341,0.04370665,-0.023416372,-0.046254307,-0.022585789,-0.01853362,-0.026845003,-0.0010275025,-0.000581098,-0.013447083,0.014292055,-0.0005993806,0.017551946,-0.04067438,-0.026169926,-0.03845465,-0.04593118,-0.022994956,0.02270347,-0.02220821,-0.021406291,-0.02491555,0.038548518,-0.009361963,-0.0024522308
-0.043496333,0.009024044,-0.069037065,-0.062467884,-0.015754767,-0.011371946,-0.045782305,0.01910729,0.04507763,-0.066809386,0.026961217,-0.006937538,-0.030965725,-0.06550679,-0.017757697,-0.028905554,-0.037409943,-0.046627253,-0.043623693,-0.06751069,0.01993361,-0.038040943,-0.008825976,0.03306439,-0.012514061
-0.0050016753,0.06452397,-0.011050902,-0.030423015,0.036226932,0.06690107,-0.013730259,0.033735745,-0.01366152,-0.054424364,0.04330197,-0.0015295679,0.07254769,0.008764406,0.033137865,0.038843334,-0.024296314,0.009142582,-0.031694032,0.055264432,0.009411868,0.030766262,-0.06830635,0.07964208,0.021466391
0.02003017,-0.06221879,0.0028722933,-0.041120384,0.05437799,-0.0819659,0.030292852,0.0027610813,-0.01976192,-0.023351086,-0.087669544,-0.023139529,-0.063941255,-0.0069065955,-0.048343383,-0.024323652,-0.051035345,0.05512301,-0.036555383,0.011259829,-0.08596824,-0.049026072,0.015023682,-0.039311286,-0.0032694458
0.0014582461,-0.0517499,0.023273658,0.05070441,-0.015830437,-0.05318353,0.04455509,0.004748903,-0.038548738,-0.039691165,0.030061679,-0.008993386,-0.03390887,-0.004115996,0.044078674,0.060230188,0.073143505,-0.06779536,-0.048393976,-0.031721357,-0.0042064106,0.027768569,-0.019152576,-0.040645055,0.015258975
-0.069631435,0.05529098,0.03962883,0.015237385,0.06077323,-0.010752208,6.3346095e-05,-0.028991377,-0.011387543,0.008208846,-0.009640692,-0.06504835,-0.051428836,0.068916224,-0.041417122,-0.046034716,0.011628099,-0.022351513,0.050980866,-0.052691456,-0.014213156,-0.047008365,0.004808563,-0.005951642,0.009335858
0.0006446121,0.04271705,-0.01801399,0.0077603315,0.07982012,-0.052585155,-0.069619976,0.022049235,-0.02822446,0.06559675,0.015848693,-0.085973434,-0.069642626,-0.04392611,-0.07941743,0.002441736,0.037808288,-0.038408924,-0.062452886,-0.0029415542,0.003667883,-0.00028678388,-0.043450754,-0.06658102,-0.06118025
-0.04743195,0.055394802,-0.033362802,0.034382004,0.019756507,0.00011754179,-0.029137272,-0.04436914,-0.01032197,-0.024759628,0.09817764,-0.04444466,0.028145935,-0.011273234,0.016435003,-0.046006765,-0.0059506414,-0.009106935,-0.05307378,-0.037421994,0.023523122,-0.05084305,-0.07300681,0.072345406,0.015714081
0.014429682,0.011347507,-0.029142754,0.04992667,-0.057531152,0.07379056,-0.025211776,0.052444868,0.00142212,-0.052738015,0.026901465,-0.009265277,0.03253991,-0.02914956,0.05606451,0.042458307,0.03764465,0.04838072,0.0715011,0.041920368,0.036854822,0.027176121,-0.059435148,-0.038789473,-0.058088902
-0.016218266,0.00806609,-0.04737872,-0.035574656,-0.015115553,-0.028615732,-0.037130028,-0.035571273,0.05068576,-0.025474746,-0.020077685,-0.06410299,-0.01480663,-0.010605074,-0.019842377,-0.048516277,-0.017099341,-0.0035530373,0.006112846,-0.0127964495,-0.009711943,-0.006294413,-0.041319255,0.0031033522,-0.05430372
-0.011269389,0.029255962,-0.029862536,0.015133266,-0.054529175,-0.028906623,-0.002698924,0.027289761,-0.055071663,0.015984528,-0.033223376,-0.0044165426,-0.020003619,0.014278772,-0.007171801,-0.06067314,0.050439615,-0.04847602,0.00795616,-0.027880233,-0.01634008,-0.022850359,-0.052777506,-0.049560387,-0.06982756
0.00075400947,-0.077311106,0.02779031,0.029101957,-0.04214405,-0.045758136,-0.047488373,-0.07181105,-0.08462388,-0.039768633,-0.087107055,-0.053226802,-0.037248738,-0.039253317,-0.054881833,-0.055147294,-0.014510935,-0.055408757,-0.06709985,-0.05151964,-0.038830455,-0.059840724,-0.059076395,-0.07020421,-0.07078949
-0.048920423,0.0028306097,-0.039695546,-0.041331723,-0.035089735,-0.023217093,0.009482757,-0.08138293,-0.006798563,-0.013560654,-0.016147772,-0.012381012,0.02126756,-0.020350678,-0.0111898715,-0.047148153,-0.012520511,-0.06460124,0.022617672,0.04978276,-0.061414383,0.039002556,-0.0017793155,-0.07564518,-8.236065e-06
-0.008502625,0.026741378,-0.022585748,0.06452735,0.027236395,0.030047383,0.05109624,0.0005234032,-0.043111037,0.029586937,-0.010290625,-0.013431917,0.018524699,0.017621834,-0.047437947,-0.005777312,-0.0016564053,0.012022993,-0.024889935,0.018727077,-0.005219484,-0.0035348942,0.058583066,0.08168258,0.02464212
0.025038548,-0.040141862,-0.04718523,-0.039832264,0.075778544,-0.04332186,0.018658863,-0.023314657,-0.010774765,0.03813123,-0.034002278,0.050828494,0.06721291,-0.035504844,-0.020545209,0.023154309,-0.03797897,0.024703348,0.03778906,-0.0056506465,-0.045406654,0.03924201,0.047769584,-0.043346338,0.02070348
-0.07521287,0.08235676,0.044906724,-0.020291679,0.025148088,-0.07087387,-0.0528338,-0.08364297,-0.054177407,-0.03454821,-0.037812375,0.0372712,-0.008622896,-0.030560745,-0.037681825,-0.04176106,0.046926297,0.00731315,-0.06855344,-0.067984596,-0.054886863,-0.078042,-0.077539824,-0.022895683,-0.03467164
-0.026891017,-0.03562267,0.025840316,0.040560804,0.007020749,0.067678675,0.06463534,-0.020601884,0.017785575,0.0663544,-0.008877123,-0.043779053,0.013145676,0.04499499,0.0191959,0.07574464,0.026720267,-0.0008289614,-0.012080663,0.06764884,-0.0016315846,0.07661019,0.004352265,0.057799857,0.008541432
0.059665628,-0.02106404,0.015868183,-0.014402295,-0.07888291,0.016065948,-0.010208412,0.021244846,0.026851635,-0.026865182,-0.07302796,0.07698465,0.0133299,0.016519856,-0.06243935,-0.053878896,-0.053342108,0.07686432,-0.020682035,-0.010283078,0.03007565,0.039747648,-0.0015436799,-0.018998466,0.010195447
0.0420528,0.04559235,0.047694813,-0.030697983,0.052490864,0.06633564,-0.009317348,0.02082349,-0.0053998283,0.074034974,-0.021167237,0.06659403,-0.012574679,0.028084392,0.029397788,-0.008809501,-0.016166687,-0.0064581516,0.026752284,0.05296051,0.05302015,0.047701713,0.030902408,0.016059887,0.057360485
-0.02226628,-0.061941322,-0.053120434,-0.0082540065,0.015576734,-0.05293869,-0.0508148,0.02065575,-0.008043724,0.06366669,-0.035692222,-0.026566535,-0.04364147,-0.018378502,-0.04163997,-0.036912054,0.006039368,0.018507984,-0.030435933,-0.007375384,-0.016436,-0.014335351,-0.017668722,-0.05042949,-0.058297154
0.026808653,-0.023833796,-0.06583279,-0.0771969,0.019657627,-0.047622956,-0.075504094,-0.06759781,-0.08074331,-0.0043568895,0.049395103,-0.047774203,0.08398538,-0.05963127,0.009702039,0.04123145,-0.0051973155,-0.041122183,-0.05489683,-0.025904877,-0.06913226,-0.062179085,-0.025607068,-0.082747824,-0.032548133
0.038682755,-0.04882705,-0.03621042,-0.068408124,0.029867062,-0.054043263,0.029000068,0.055592038,-0.0132368095,0.01366358,0.032907743,-0.030065855,0.01644268,0.06504589,0.0372352,0.05214447,0.075220056,-0.024505043,0.07480972,0.036642913,0.07812634,0.03491986,-0.0045957793,-0.06666324,-0.040160272
-0.06475132,0.051308736,-0.023974365,0.029434059,0.06030013,-0.08155624,-0.031424154,-0.020222932,-0.049758162,0.047615718,0.043424074,0.018981304,0.048142996,0.010176919,0.0005361391,0.062351227,0.059303135,-0.032520108,0.018274745,-0.013751842,-0.042510517,0.016699987,-0.05582356,-0.029413871,0.0060088965
-0.05101168,-0.033040702,-0.029333979,-0.009694736,0.018419677,-0.050695777,-0.03715841,0.009348577,0.01402555,-0.026562834,0.0024222666,0.002034443,-0.034425605,-0.06476716,-0.01057783,0.007595341,-0.022799257,0.017745573,0.00609953,0.03150534,-0.07181064,-0.03101205,0.018419577,-0.006497227,-0.011506113
-0.09275008,-0.008433089,-0.054889172,-0.0009076875,-0.030618832,-0.0863499,0.022976791,-0.10174479,0.010064855,-0.050475914,-0.039842468,-0.08704767,-0.05406622,0.06206684,0.04096592,-0.07262043,0.021247562,-0.044906285,-0.087978326,-0.079598784,-0.079490475,-0.089442365,-0.08666501,-0.08696303,-0.07512356
0.053553972,-0.042208835,0.019354837,0.00066922384,0.053682234,0.031724863,0.065926425,0.015905533,-0.029282171,0.027433347,0.04706033,0.00020705303,0.060863715,-0.0108198775,0.034208436,0.0617091,-0.018650375,-0.027073964,0.058529846,0.040317383,-0.01131866,0.061140433,0.033785045,0.047724195,0.041071445
-0.050473005,0.06709142,-0.035574257,0.029345024,0.023050552,0.059141934,0.058223896,0.017621621,-0.004680409,0.06491735,-0.014447315,0.016570345,0.04167728,0.008857226,0.03486784,0.022694163,0.03987499,0.060634576,-0.01834215,-0.005954104,0.042901225,0.038148265,0.0029828718,0.009089569,-0.017022058
0.016108884,-0.009757894,-0.0002627106,0.039704833,-0.016913502,0.023365347,-0.0024365047,0.07825313,0.03296258,0.01803931,0.00071972766,0.04929079,-0.027797507,-0.0025832865,0.015351935,0.063891426,-0.010014015,0.04963064,0.048517134,0.012324595,-0.006136289,0.008686815,0.043164924,0.016081456,0.018685268
0.050258897,0.07337219,0.013968367,0.040268715,0.03475598,0.07292543,0.012326061,0.08185686,0.032094494,0.053275,0.05171016,0.076899596,0.051692102,0.013374532,0.082497515,0.02221308,0.04123721,0.07706501,0.06857292,0.0512775,0.07986237,0.06633178,0.023494095,0.047996257,0.043694958
-0.0062109428,0.022074372,0.06972254,0.06163128,-0.0278877,0.027666911,-0.04778235,0.036400266,-0.084724806,0.014246492,-0.027222047,-0.014711554,-0.008932801,0.05751463,0.057939276,-0.07091703,0.06780963,-0.013847611,-0.008671746,-0.056122713,0.05697924,-0.071637884,-0.042105727,0.0259133,-0.03668637
-0.03254871,0.05780465,0.007750302,0.0025529815,0.061618872,0.06285391,0.06852645,0.016997745,0.047267653,0.039286517,-0.027756652,0.026507381,0.029342493,0.04498994,0.07181272,-0.058042694,-0.03226009,-0.009076053,0.06078183,-0.019179,0.04438198,0.052831747,-0.0039153723,0.06521031,-0.042310297
-0.00032261573,-7.5243704e-05,-0.049636576,0.024021015,-0.063203074,0.028239291,0.006532684,0.016378365,0.049572203,-0.07151905,0.043692037,0.057828482,-0.0014366951,0.006479715,-0.025862373,0.044417705,-0.078555025,0.054001722,0.054675497,-0.03981581,-0.04676996,-0.02229074,-0.006015808,-0.030628784,0.045363102
0.011402385,-0.04604049,0.08087348,0.05638969,0.07227849,-0.0041840244,0.041411087,0.02330571,0.019848824,0.08099408,-0.04759557,0.02097098,0.0110583585,0.07073784,0.05598882,-0.06125651,0.03870256,0.040144432,-0.011435342,-0.024461752,0.05180278,-0.07277689,0.0032173488,0.047426276,0.015998265
0.043500144,-0.038152616,0.058055043,0.022631295,0.024138806,-0.0326666,-0.0429729,-0.079271585,-0.032903492,-0.005815709,-0.028617973,0.0042739394,-0.04530158,0.04501904,-0.069397375,-0.017157108,-0.020901838,-0.030366773,-0.025194585,-0.016829554,-0.047997832,-0.044627808,-0.013714892,-0.0015413726,0.03560395
-0.045997184,-0.0051317746,-0.05942332,-0.06486908,-0.0421319,-0.009918729,-0.023148708,-0.018639982,-0.05632794,0.056278184,-0.03719034,0.0032748906,0.05699051,0.036354538,-0.036841623,-0.049061395,-0.0014231025,-0.037540156,0.008361368,-0.0446679,0.060868725,-0.043641552,-0.045504432,-0.04835275,-0.03788969
0.055489402,0.052767333,0.015522367,-0.02783314,0.003713652,0.010718288,0.0031400612,0.03851925,0.016104318,0.0018916484,0.070177644,0.011009916,0.00050579093,0.026146041,0.013078996,-0.03919908,0.042553257,-0.04495751,-0.0034030597,-0.059946008,-0.014269462,-0.019939646,0.01212965,0.010035028,-0.027954096
-0.049368724,-0.040976312,0.011838223,-0.06794494,-0.071012914,-0.04271207,-0.028228465,-0.05327354,0.016235674,-0.056654654,-0.02637238,-0.05927368,-0.019850299,-0.068182796,-0.07031079,-0.06853611,-0.060434654,-0.055822793,-0.05775933,-0.06897936,-0.06641528,-0.032381833,-0.049098484,0.054161265,-0.07121683
-0.0072001996,-0.035832223,-0.006227383,-0.010341861,-0.061030176,-0.035287958,0.0046393047,0.0021690126,0.026932131,-0.04568631,0.02458757,-0.012861367,-0.0019879004,-0.034685586,-0.012977837,0.026720263,0.0038299263,-0.003983505,-0.03691815,-0.03916173,-0.03279852,-0.021544574,-0.010511032,-0.024497043,-0.012822182
0.057445202,0.038617194,-0.060671493,-0.047676176,-0.024474412,0.070002526,0.0146187935,0.038197935,-0.015638243,0.00059166836,0.009952645,0.020539891,-0.04236359,-0.048044056,-0.06396582,0.010918539,-0.059760984,0.029872015,0.031527404,-0.049207315,-0.0040735565,-0.0030010452,0.0069818515,0.045151435,0.06117063
0.034123037,0.04986637,-0.030169219,-0.07762246,-0.008236183,-0.047573894,-0.0638971,-0.036992937,-0.056803506,-0.07356775,0.008734844,-0.039886232,-0.025822306,0.03189362,0.022906497,-0.03666468,-0.01729803,-0.0033646517,-0.07202142,0.0024398477,0.05329117,-0.02650608,-0.05828839,0.0012849565,-0.01471258
0.07848932,0.037352614,-0.076380394,0.063883655,-0.010612222,0.07017224,0.022551088,0.098957,0.06424487,0.008696076,0.051160343,0.02690765,0.026826296,0.07721483,0.072575286,0.06688138,-0.0033151116,0.066813804,0.075437926,0.04539418,0.06744235,0.079311915,0.027485585,0.037146498,0.060151536
0.008737778,0.04324328,0.058703013,0.03155438,-0.006663086,0.07392797,0.059543665,-0.029821048,0.03557691,-0.014825001,0.040143874,0.04238587,0.054690886,0.04188067,-0.006169593,-0.026757926,-0.024650382,0.0013486524,0.011703897,0.03145276,0.005211695,0.045301933,0.025307775,-0.018248906,0.011052556
0.061799895,-0.025988761,-0.008482723,0.011138841,-0.052639734,0.0080472855,0.018337673,0.014762377,0.020151254,-0.002567789,0.018756764,0.024645453,0.02114866,0.02163097,0.00047626425,0.013998576,-0.029363453,0.02444643,0.011776131,-0.02021763,0.016830012,0.015337143,-0.0023020986,-0.026901748,-0.0101800645
0.05633794,0.07689781,0.032058466,0.05088282,-0.017636595,0.035759706,0.009963889,0.06960643,-0.0054172887,0.04350756,0.048531227,0.055512004,0.017629737,-0.045258462,-0.027877448,-0.017427266,0.038028702,0.06653353,-0.0105160745,0.03596783,-0.015544063,0.06817752,-0.021589337,0.060715906,-0.025515683
0.029242171,0.071753226,0.012449044,0.053384665,0.048599914,0.010211105,0.048960157,0.020308275,-0.008938032,0.012542047,0.0038417336,-0.0058197174,0.004435747,0.030603873,0.0030861557,-0.014973614,0.053687926,-0.030754423,0.012698084,0.008108367,0.030560356,0.046262152,0.055158917,0.029297259,0.006076568
0.030179864,-0.07588369,-0.06203435,-0.07599722,0.033900607,-0.059653867,-0.07092415,0.018069461,-0.0021479465,-0.044120915,-0.016034758,-0.06021289,0.0024672356,-0.05024711,-0.04435282,0.011362406,-0.07533295,-0.032184824,-0.04219602,-0.067093246,0.024835173,-0.045051984,0.05330781,0.028265415,-0.05774501
0.03521537,0.025261953,-0.07529888,0.05099683,-0.036955073,-0.04116803,0.02872876,0.021545496,0.005354573,-0.080110066,0.029900296,0.02086918,0.03681598,-0.065985225,0.037848562,0.017223334,0.02927454,0.0797116,0.076501384,0.04864742,-0.03596476,-0.007086507,0.019473247,-0.024744382,0.06333556
-0.02202635,0.0052901735,0.01488524,-0.02955996,-0.058995955,0.01962815,0.0071659423,-0.008442542,-0.006356055,-0.01197087,0.02826095,0.016372858,-0.018516272,-0.009443032,-0.06171347,0.029028479,-0.00076681736,0.00020663107,-0.027189622,0.022148764,0.017604653,-0.03484201,-0.03982737,-0.03407205,0.010089311
0.037888233,0.07585541,-0.039685473,0.04327213,0.057118952,0.009024161,0.0200812,0.026189934,-0.04743235,-0.025048437,0.051689424,0.03804478,0.05685071,0.065295674,0.047990788,0.039876387,0.06609248,0.029014789,0.031854864,0.021831796,-0.06276118,0.06634866,-0.033052523,-0.008261559,-0.07961423
0.030181421,-0.043028392,-0.03083257,0.08943077,-0.0052348725,-0.080076344,-4.432955e-05,-0.02523903,0.05128873,-0.059067048,0.020178478,0.006523125,-0.064199924,0.060086593,0.0069259116,0.008996979,-0.03526458,-0.013940596,0.06926616,-0.04557023,-0.034845613,0.034382302,-0.036891054,0.027313363,-0.057366315
0.0054049995,-0.0065280763,0.07925571,0.018171636,0.059909042,-0.052184995,0.040480837,-0.050157078,-0.04628685,0.025736801,0.022030331,0.050432485,0.049543135,0.040129263,-0.029217182,-0.01097569,-0.028473869,0.024884265,0.032072745,0.0641168,-0.05053963,0.022004351,-0.051228173,-0.0028686987,0.037734624
0.07747844,0.05551651,-0.0048223124,-0.028460696,-0.0049140644,0.021454778,0.019155368,-0.0022570335,-0.033782754,0.045271706,-0.06460128,-0.024608754,0.053018898,0.052506573,-0.07004314,0.038230225,-0.06495198,0.027949654,-0.027549654,0.03108208,-0.0370168,0.023702802,0.080629796,-0.016062371,0.028105687
-0.0014806476,-0.048466675,-0.06576774,-0.05649008,0.020074839,-0.017707687,-0.049471956,-0.008225677,0.042596094,-0.07562441,0.009336166,-0.035477296,0.07988015,-0.0832496,-0.049969852,-0.0051820637,-0.010736963,0.0655633,0.06431183,-0.0129275955,-0.012430795,0.010835584,0.027097372,0.003489656,0.0065407134
-0.037810426,0.011332408,0.030805921,0.047471143,0.03255365,0.00042992327,0.022007668,-0.02674623,-0.07737564,0.030508019,-0.10194628,0.003434626,-0.0007715633,-0.045105718,-0.01701023,0.037908863,0.019302286,-0.026113484,-0.013582974,-0.04361166,0.04721292,-0.035810474,-0.00067731773,-0.0408903,0.0045809327
0.029502995,-0.018211834,0.035924535,-0.041275512,-0.05692573,0.054720826,-0.04285644,0.0038646208,-0.030798128,-0.061006967,-0.013650388,-0.036348093,-0.075835526,-0.060583394,-0.04087099,0.068951614,-0.039754406,0.024362162,-0.03522605,-0.040228836,-0.010160312,0.012338773,0.07155484,-0.009096128,0.03693229
0.037935074,-0.028312927,0.06413615,0.063742556,-0.011882741,0.031660255,0.05818193,-0.023262406,-0.0012850194,-0.06886801,-0.02191656,0.039654788,0.031787492,0.045858864,-0.011374496,0.0708029,-0.02790669,0.043483544,0.053437207,-0.012902328,-0.038686786,0.010238219,0.055448048,0.024435885,0.05130596
0.062106706,-0.0054920735,0.005910938,0.027815789,0.021048874,0.034795195,-0.011820661,0.047382995,0.0035952064,-0.050756168,-0.030683696,-0.0017124816,-0.022001265,0.011145126,0.07366077,-0.03478755,0.018782789,0.022239624,0.01319317,-0.016080225,0.052360877,-0.008029086,-0.015478189,0.027747922,0.00050159753
-0.024554824,0.045080625,0.009887878,0.027038336,-0.0013498254,0.005276134,0.00077058835,-0.018531436,0.023861678,-0.0048445757,-0.03329971,-0.04667056,0.024569001,0.0029705542,0.020351067,-0.009141709,0.04079321,-0.0037105207,0.03868528,0.009965398,-0.03995941,-0.034107354,-0.010746277,-0.075268224,-0.063964084
-0.020036718,-0.068153635,0.016461706,-0.06331695,-0.021818798,-0.06707036,-0.0002138775,-0.09221801,-0.026396582,-0.0615184,-0.06325766,-0.068352096,-0.052241,0.03668854,-0.06462045,-0.02797391,-0.044977333,-0.05334224,-0.033741243,-0.057735946,-0.0789018,-0.07583633,-0.031507507,-0.036649507,0.0059101516
-0.033342086,0.03994564,-0.034194354,-0.07045883,0.045329537,0.0071601286,0.021520188,-0.0433495,-0.045467228,0.01369915,-0.054120626,-0.02803649,0.04777011,0.02942294,0.011167081,-0.0006944786,0.014740188,-0.050184894,-0.045841947,-0.02672513,0.05878521,-0.02056309,0.01266197,0.00433877,0.03199684
-0.020861942,0.02510112,0.057637747,0.019455716,0.0453742,0.040585913,0.018961929,-0.013255935,0.04757739,0.057973053,0.060135875,0.0018630979,0.0198166,0.02328953,0.039408207,0.04687881,0.03319976,0.03802956,0.010650109,0.0138336,0.049900904,0.04127418,0.02516995,0.06206268,0.029261898
-0.047213502,0.019171618,0.015184972,-0.02566133,0.06708278,-0.07593431,-0.044890862,-0.02225648,0.015443746,-0.001778267,0.0017405413,0.03669162,-0.04509175,-0.010435003,0.027163249,-0.072314285,0.01347998,0.017366301,0.04655884,-0.075403765,-0.029805198,-0.027259918,0.054226592,-0.056094516,-0.020874612
0.07293585,0.06990558,-0.0135822985,0.022326464,0.05032985,0.03336782,0.053998746,0.05670683,0.016615339,0.058293536,0.0260416,0.04683749,0.050638203,0.0502383,0.05197435,0.032342203,0.018395158,0.060624607,0.047230907,0.022275737,0.05686867,0.066551305,0.05283636,0.07363115,0.04795057
-0.005647259,-0.039754268,0.044445276,-0.06403796,-0.0013537937,0.018217832,0.040425386,0.022224301,-0.0074683563,0.050774064,0.0132746305,0.008844605,-0.0066771796,0.06413758,0.0013026949,-0.012626567,0.024599954,-0.04625018,0.014960928,0.0131068565,0.009547694,-0.059625547,-0.006828691,-0.07734934,-0.040503144
0.07086308,-0.013518175,-0.02221032,-0.010829975,0.031967387,0.026578423,-0.027361967,-0.006328557,0.05653745,0.03874754,0.089107305,-0.05020153,0.06136559,0.026195426,0.0581437,-0.0084495405,0.048344012,0.061236206,-0.0053659095,-0.047169596,0.021500116,0.040998586,-0.0145359365,0.05854957,0.05161424
-0.046032384,-0.018911446,-0.011067791,-0.010803668,-0.043163914,0.04406992,-0.0038773597,0.038708035,0.049846996,-0.013683328,0.08906096,-0.007953454,-0.06640717,0.029294806,0.04631549,0.07172594,-0.0035053387,-0.0038146237,-0.010803098,0.012730997,-0.03648643,0.01180652,-0.022853548,-0.011061617,0.00806449
-0.030598542,-0.03293457,-0.01050793,-0.032915473,-0.0625318,-0.032925144,-0.024373725,0.01786889,0.0041528917,-0.061469328,0.016597375,-0.042515434,-0.063148215,-0.04585896,-0.042523142,0.007981215,-0.050175186,-0.016233368,-0.07257118,-0.010146793,-0.06653004,-0.024094466,-0.027595717,-0.025310513,-0.013995336
-0.081035934,-0.055858757,0.021739643,-0.046090756,-0.048192877,-0.06819332,-0.05793164,-0.07596146,0.034965433,-0.039997354,0.020126443,-0.058268834,-0.056584504,-0.074970044,-0.084283255,-0.051146846,-0.052295778,-0.018563116,-0.0049765203,-0.053115267,-0.067332305,-0.060745057,-0.05749504,-0.072879575,-0.033331424
0.012277398,-0.029756146,0.055266604,0.02725447,0.07360596,-0.038417697,0.053605597,-0.018989041,-0.0863452,-0.016709678,-0.015226393,0.0011331125,0.06457601,-0.011570812,0.050184984,0.037725314,0.07569458,0.073626235,0.056215655,0.061705098,0.023529317,0.018321516,0.053906918,0.05830087,0.026969383
-0.06119071,-0.0238704,-0.028975414,0.03826122,-0.07426801,0.032310247,0.07854831,-0.024585394,-0.008273867,-0.07449423,-0.0041958764,-0.065100014,-0.08021942,-0.048719514,0.026795166,0.06326746,0.03982702,-0.0782508,-0.028480144,-0.060483813,-0.040192015,-0.05291515,-0.03389174,0.08092848,0.07704195
-0.059406664,0.0399867,-0.0140880775,0.0611419,0.023138447,0.0513974,0.062415097,0.0077469745,0.034089223,-0.028759675,-0.013933861,-0.0035392588,0.04373343,0.05666514,0.058941856,0.015935827,0.07058802,0.014451172,-0.033241462,0.001096172,0.04139695,0.028949939,0.0070997807,0.04723168,-0.04880094
-0.009286696,0.015966417,-0.062473748,-0.07958303,-0.067289256,0.0047252723,-0.088272594,0.016657231,0.05129747,-0.058596466,0.024384437,-0.051902205,-0.02887942,-0.07328055,-0.06289389,-0.013206471,-0.08358786,-0.08902604,0.00021987315,0.010566052,0.059079,-0.022803757,-0.047198683,-0.023017284,0.022321988
-0.036490656,0.02179285,-0.0028064956,-0.008390746,0.04167505,-0.067755744,-0.04620736,-0.019704686,-0.01398767,-0.056153055,-0.06520269,-0.0415422,0.0029759025,0.030470189,-0.016378155,-0.068802826,0.013103675,-0.0070321043,0.04938936,0.048106473,-0.022969192,0.0019503218,-0.06383685,-0.07648056,-0.011439069
-0.002956299,0.0046238685,-0.07317195,-0.012410657,0.014766182,0.03007128,-0.008441669,0.022354351,-0.06351009,0.04249795,-0.08185083,0.028886978,0.06629373,-0.029643897,0.06392086,-0.0675236,0.044817246,0.08850639,0.021111008,0.00462756,0.057481643,0.062305067,0.036090665,0.0473554,-0.059590556
0.04815823,0.04922247,0.037399527,0.061520178,0.006985622,-0.017048266,0.022302939,0.07043618,0.029841049,0.07859555,0.048531413,0.074834324,0.038260907,0.05042385,0.058294084,0.0047743553,0.07051112,0.053269245,0.0122989565,0.060383387,0.058896948,0.073000826,0.062104303,0.048625205,-0.016212348
0.005548979,-0.010109577,0.018733954,0.013351278,-0.001463699,0.03821803,-0.037861083,-0.010201959,0.06456932,-0.007650561,0.028864734,-0.03559293,-0.0071904473,0.061058506,0.01533841,-0.05332389,-0.01776942,-0.0156022385,-0.032142296,-0.016363157,-0.035313077,0.00852279,-0.04071671,-0.028306505,-0.0013692443
-0.014551159,0.010564257,-0.010566649,-0.015833667,0.02776467,-0.010033797,-0.020967556,-0.011093184,-0.049707532,-0.0046402193,0.02032863,0.02410816,-0.032710582,-0.013023769,0.027539972,0.0039293556,-0.035255305,0.008414589,0.045866672,-0.0038813336,-0.03300497,-0.023523163,0.052460127,0.07872584,-0.009906669
-0.03111503,-0.021379204,-0.055203564,-0.036648717,0.020068213,-0.0646006,0.02707237,-0.06712328,0.031190727,0.04920513,-0.022012966,-0.034429103,-0.08213289,-0.08074618,-0.06562625,-0.027409296,-0.054779362,-0.058802538,-0.059301358,-0.060827795,-0.05363753,-0.041366037,0.027664227,-0.05590892,-0.07161486
0.06305976,0.041817583,0.014041005,0.028376756,0.018487439,-0.056529067,0.049546517,-0.022771157,0.06961574,0.029126797,0.097051,-0.003502322,0.08094264,0.047845688,-0.041269876,0.07099387,-0.041503984,0.008135436,0.013296427,0.04889714,-0.02799458,0.02577013,0.062444896,-0.054060623,-0.03372524
-0.0021520734,0.0062669506,-0.007290332,0.015972909,0.047853258,0.047693748,0.0027593074,0.032212652,0.05539659,0.03585281,0.014681169,0.010102283,0.03344107,0.061954852,-0.00232008,0.038390588,0.025311213,0.05742745,0.00555081,0.041185863,0.021611406,0.032061715,-0.017403176,0.042798944,0.024396965
-0.07028524,-0.051308468,-0.06341961,-0.036389615,-0.073094375,-0.033489604,-0.062633984,-0.09008097,0.10399077,-0.07823936,0.03141999,-0.08593749,-0.015256618,-0.02526809,-0.024700882,-0.07457187,-0.06627745,-0.06637843,-0.08702473,-0.06954777,-0.039106388,-0.081936724,-0.08210222,-0.04861616,-0.08438958
0.02654173,-0.0053621405,0.030000338,-0.014806238,0.046889592,0.07145798,0.03852303,-0.0015466529,0.04260151,0.06432635,0.04476792,0.06451212,-0.0016170653,-0.030970475,-0.048291504,0.062036395,0.00041563675,-0.005775094,0.0328039,0.006811295,-0.048207514,0.014410707,0.026125165,0.021692349,0.027890079
-0.07176744,-0.03265529,-0.06174168,-0.06641088,-0.040418066,-0.07457167,-0.029765092,-0.03346954,-0.094415694,-0.061742324,-0.056527298,-0.013631948,0.016176298,-0.07721158,-0.030493015,0.023054138,-0.031002924,-0.038348403,-0.057345897,-0.015119838,-0.064560495,-0.038397398,0.02247973,-0.00964496,-0.059942316
-0.030838173,0.010428736,-0.0054238243,0.035425942,0.055920325,0.02166367,0.017364277,0.003692952,0.019736137,0.004248092,0.026683843,0.021979913,0.056796018,0.069261916,0.024797047,-0.01337623,-0.040446077,0.04904859,0.048667338,0.037139557,0.032890193,0.035716623,-0.02098237,0.0023123967,0.051215906
0.028583668,0.0592563,0.027558675,0.043146994,0.048094444,0.034936465,0.06476296,0.043676097,0.06612823,0.05652142,0.08632344,0.011747053,0.03511704,0.0014151803,0.028124737,0.019405866,0.05956701,0.056246854,0.04787074,0.047178183,0.043593224,0.040619988,0.06840444,0.071689814,0.06166207
-0.008488201,0.03854482,-0.033541784,-0.06441433,0.07666171,-0.037697632,-0.083747365,-0.0013899789,-0.021974301,-0.007331961,0.03149509,0.037252255,0.05788818,0.01658959,0.011027271,0.053786803,0.020019228,0.02714812,-0.072775975,-0.071963735,-0.02137969,-0.027282758,-0.080275625,-0.052031294,-0.0806263
0.0063220547,-0.081925385,-0.056784857,-0.0430761,-0.053117994,-0.07743242,-0.060443603,-0.009908678,0.034381267,-0.015424765,-0.024344638,0.0077083856,-0.031671956,-0.0091085825,-0.064704314,-0.0680477,-0.026378501,-0.03538096,0.056589294,-0.00448505,-0.0507227,-0.008028197,-0.018425567,-0.001309467,0.00437655
0.027350863,-0.054202933,0.011298567,-0.07283192,-0.017030258,-0.034430943,-0.03574726,0.010475156,-0.044834524,-0.060551148,-0.06284288,-0.002827583,-0.050661657,-0.037747685,-0.02330879,0.013241531,-0.030794423,-0.045803726,-0.07295148,-0.0588416,-0.032782007,-0.018588455,-0.06558032,-0.049566463,0.0046034474
0.06256235,0.07755638,-0.029042376,0.029665051,0.07449775,-0.07222685,0.034259718,-0.034390446,0.055818684,0.06712627,0.03461572,0.06031671,0.05007431,-0.026860127,-0.023697158,0.07031863,0.054628465,0.0319265,0.053979103,-0.020545302,-0.029606376,-0.018640498,-0.02709725,-0.027970914,0.06980485
-0.016574193,-0.0019008382,0.07423491,0.082970664,0.06182403,-0.027619632,0.023098677,-0.01603748,0.08092928,0.059899464,0.04374793,0.00770083,0.056637652,0.022086756,-0.027736919,0.050000083,0.073710434,0.05047318,-0.024457693,-0.027765855,0.01013786,-0.045955516,0.011714323,0.03417838,-0.045399383
0.004499519,0.06779315,0.024400897,-0.02052399,0.050069217,0.08377328,-0.05099457,0.033193152,0.0084998775,0.072011225,-0.011623235,0.07319271,0.07291923,-0.066949576,-0.021999419,0.036014307,-0.06718024,0.027857658,-0.0049205706,0.022173496,0.08215737,0.06653961,0.07851919,0.051039807,0.042659365
-0.03372746,-0.021047192,-0.06529857,-0.028460484,-0.021629184,-0.02113601,0.012886753,-0.011317741,-0.026202263,-0.007965758,-0.014031196,-0.036025036,-0.0012316813,-0.02396316,0.004705894,-8.373625e-05,-0.034780227,-0.034131225,-0.032619774,-0.07002732,0.00303426,-0.02754779,0.037400413,-0.013761685,-0.04789002
0.0036766203,0.04493645,0.020220034,0.038643353,0.009342945,0.07674169,0.07195942,0.018219562,0.06417164,-0.0380379,-0.0025591052,0.037252452,0.04268902,0.04463632,0.04540218,0.057340555,0.028506078,0.032866754,0.04828539,0.07003406,0.056184825,0.018755382,-0.026684146,-0.011999319,0.048759382
-0.053022638,-0.05455631,-0.0015936978,-0.023094688,-0.051294174,0.024884501,-0.022366045,-0.014549178,-0.029932292,-0.06250143,-0.040860176,-0.024293598,0.0011813747,-0.07594463,-0.024527213,-0.055367492,-0.07264807,-0.032382283,-0.045084275,-0.025913805,-0.038182475,0.014972648,0.001457657,-0.0019571732,-0.048971914
0.013479427,-0.031514794,-0.015592431,-0.06451638,-0.00664132,-0.05023596,-0.049565602,-0.037158415,-0.0061896066,-0.0074774865,-0.026664862,-0.041602865,-0.012496186,0.029023789,-0.05284731,-0.059842877,-0.025471503,-0.05877589,0.050676394,-0.048928887,-0.020462845,-0.012163972,-0.034704994,-0.014283909,-0.050008167
-0.037626024,-0.031520113,0.027691867,0.018698603,0.056076378,-0.038686387,-0.0054905065,0.0035570099,-0.057247017,0.027148135,0.016988158,0.02918384,0.04781931,0.009765316,-0.00077533,0.037086308,0.049971737,0.01680574,0.038734373,-0.0103745395,0.0405778,-0.026877725,0.051392518,-0.022638984,0.034263257
0.003565547,-0.02599881,-0.030762281,-0.053116813,0.008125712,0.008461672,-0.039228965,0.03909709,0.0052700625,-0.04466578,-0.014060153,-0.05369721,-0.029816756,-0.03344297,-0.00027469356,0.01738731,0.014221766,-0.024340937,-0.0047483305,0.019941544,0.05522877,0.013990874,-0.04671933,-0.08767152,-0.013160857
0.050233364,0.052535687,-0.015728172,0.06728226,-0.024158206,0.056897,-0.030973155,0.0035988633,0.07498489,0.0060386313,0.023333138,-0.004021081,0.0027995296,0.042604715,0.021358907,0.030282812,-0.013800061,0.050479196,0.027351607,0.024377054,0.02646246,0.03984285,-0.017580068,0.052152004,0.03098976
-0.080351286,0.0029252039,-0.067817114,-0.0047520217,0.024582459,-0.024887092,-0.05788927,-0.048168026,-0.03697478,-0.073985405,0.014116559,-0.010105752,-0.033021335,0.021536151,-0.057192042,-0.07084432,0.010669787,-0.03608117,-0.057306573,-0.05259043,0.030645194,-0.07731838,-0.04656273,-0.049143706,-0.05949992
-0.027673231,0.06799248,-0.012417919,0.05267818,-0.0027594871,0.05991757,0.020577535,0.07968923,0.038608532,0.07267216,0.030246533,0.078701414,0.05600769,0.025950912,0.07253024,-0.025331756,0.054195065,0.05894416,0.064424664,0.06571898,0.07638028,0.025318474,0.016877335,0.041693244,0.005368942
-0.00774862,-0.06347901,-0.042932194,-0.07819372,-0.053813066,0.002468036,0.06822312,-0.026224805,-0.02653517,-0.046234135,-0.0039152135,-0.055789642,-0.035438262,0.004092029,-0.012430849,-0.03912688,0.051988516,0.06412167,-0.003541813,-0.07114557,0.07054005,-0.07362427,0.0340234,-0.06870677,0.046387304
0.017015584,0.05205346,0.040863916,0.057961613,-0.0036141467,0.023148512,0.06053573,0.028287562,-0.05291751,-0.06646929,-0.051701047,-0.0457097,0.04817227,0.015418592,0.08107989,0.051589713,0.05578351,0.025307287,0.044213586,0.0019868237,-0.014036707,-0.0046630427,0.04782524,-0.021075588,0.047263086
-0.018257735,-0.06731034,-0.032967538,0.0012300882,0.0320835,-0.020198004,-0.04136111,-0.042910844,0.018604742,0.005825494,-0.02654898,-0.027957084,-0.02036509,0.004054107,-0.020065576,0.0305417,-0.073749185,-0.04491703,-0.040754408,-0.044280186,-0.045685202,0.005793907,-0.038535345,0.023301434,-0.017314058
0.06440519,0.01245958,0.042761948,0.0044690706,-0.0005530097,0.061885633,-0.025004106,0.039749846,0.04178122,0.068925664,0.011914524,0.057311308,0.028852,0.0362131,0.024433423,0.025749095,-0.05044304,0.02202384,0.05433528,0.03153632,0.037390906,0.042764705,0.0010510574,0.036740005,0.00013520116
-0.09237611,-0.08498529,-0.08433486,-0.09048249,-0.083629265,-0.08575827,-0.08949479,-0.101299755,-0.14088944,-0.08315675,-0.1262389,-0.08584936,-0.08942507,-0.089725845,-0.09605373,-0.07509937,-0.08183963,-0.09014467,-0.08671009,-0.07981835,-0.08581304,-0.08858901,-0.08685719,-0.08857883,-0.08482983
-0.049512096,-0.03837638,-0.013703238,0.05519169,0.008442216,-0.0029171845,0.068501465,-0.001755372,0.10207411,0.033179436,0.008119225,0.017999463,0.03411598,0.06650933,0.010793657,0.020717893,0.04245911,0.021173092,0.006240078,0.07044762,0.015163298,-0.005246765,0.026291931,-0.021006322,0.044961777
-0.059000496,-0.0016029058,-0.08827102,0.04134003,0.052368216,0.02451074,0.08295098,-0.040824417,-0.0106252115,0.06863519,0.023472145,-0.07002703,0.049254492,0.031703435,0.038838334,0.059501868,0.023002233,0.055097673,-0.053764623,0.062214933,0.06570107,-0.0060466216,0.0019483634,-0.01305268,-0.07720525
-0.05492708,0.050118867,-0.05618298,0.013516784,0.022794379,0.049426097,-0.0639779,-0.00848347,-0.016662197,0.025303483,-0.07491054,0.024707662,-0.029336346,-0.0067188283,0.06312313,-0.030462539,0.0016216483,0.0054116575,-0.051482104,-0.06684724,0.074328534,0.042776756,-0.06611509,-0.073891744,-0.072105885
-0.027166715,-0.049881034,-0.022673277,0.044532485,0.027073072,-0.07605026,-0.077922754,-0.016749566,0.041176125,-0.013741717,0.00799404,-0.0858698,-0.07659175,0.012855404,-0.019674705,-0.06523448,0.02437744,-0.023942115,0.03871392,-0.015258143,-0.037242964,-0.02649778,-0.07484314,0.057962757,-0.04525499
-0.006147832,-0.020661766,-0.025082363,-0.013958785,-0.06658564,-0.034166258,-0.047420003,-0.032645155,-0.003999458,-0.050658308,-0.0154511565,-0.047439095,-0.04423358,-0.055046044,-0.06992992,-0.044434294,-0.031496845,-0.05225706,-0.01904386,-0.0050636185,-0.0034418472,-0.043508254,-0.062996194,-0.050290093,-0.041062366
-0.05319601,-0.04294071,-0.063085906,-0.051957987,-0.07198527,0.055245936,-0.010145384,-0.025693838,-0.06852512,-0.07204389,-0.051102046,0.02835676,-0.033061758,-0.004580202,-0.06350322,0.024016652,-0.06909966,-0.039807633,-0.04986507,-0.050378438,-0.011258774,-0.05144962,-0.01042844,0.03495061,-0.016272986
0.08170063,0.06743151,0.017965004,0.0044197426,0.070993155,0.03921951,0.01122139,0.084732495,0.044061806,0.040559813,-0.04065381,0.0646896,0.0291592,0.06372594,0.07842147,0.020470293,0.050942335,0.050459784,0.03387224,0.037750877,0.050961982,0.056861002,0.017408969,0.051382996,0.067186296
0.039600693,-0.0039452845,-0.052528393,-0.047512602,0.013820322,-0.012009635,-0.013355005,-0.023464235,-0.07446379,-0.028891785,0.0128009105,-0.048939466,-0.007809716,0.010776698,-0.026287023,-0.028962592,-0.041099314,-0.015526311,-0.032931387,-0.007964155,-0.056771707,-0.00014488085,-0.044996433,-0.07541731,-0.02338056
